; ============================================================================
; ROM resource 'PACK' 8 AevtMgr at FFCE5120
; ============================================================================
; data at ROM 0E5120 (5DDC bytes), entry at 0EAEF0, attributes 58, combo 7800000000000000
; data header: 4b757274 c0a00000 00005ddc 0000026c
; 68k code resource, disassembled from its start (entry points: offset 0, driver
; header entries for DRVR, and executed addresses).
;
; Columns: address, flag, raw bytes, instruction, ; comment.
;   flag '*' executed in the coverage run, ' ' reached by control flow,
;   '?' decodes as code but neither executed nor reached, 'd' data.

FFCE5120  A9FF                 _Debugger                                 ; A-line trap A9FF
FFCE5122  5041                 addq.w  #8, D1
FFCE5124d 434B000800010000     dc.b    $43,$4B,$00,$08,$00,$01,$00,$00,$00,$3E,$12,$46,$12,$A6,$16,$96 ; |CK.......>.F....|
FFCE5134d 17F6261609E61136     dc.b    $17,$F6,$26,$16,$09,$E6,$11,$36,$25,$16,$42,$A6,$42,$C6,$42,$F6 ; |..&....6%.B.B.B.|
FFCE5144d 4306269629764266     dc.b    $43,$06,$26,$96,$29,$76,$42,$66,$42,$96,$42,$E6,$29,$36,$29,$06 ; |C.&.)vBfB.B.)6).|
FFCE5154d 427E256643162BC6     dc.b    $42,$7E,$25,$66,$43,$16,$2B,$C6,$49,$56,$47,$C6,$59,$96,$0A,$96 ; |B~%fC.+.IVG.Y...|
FFCE5164d 44C657360A560AE6     dc.b    $44,$C6,$57,$36,$0A,$56,$0A,$E6,$15,$26,$15,$46,$11,$B6,$15,$36 ; |D.W6.V...&.F...6|
FFCE5174d 1556156609264326     dc.b    $15,$56,$15,$66,$09,$26,$43,$26,$2B,$76,$43,$46,$2D,$16,$2D,$46 ; |.V.f.&C&+vCF-.-F|
FFCE5184d 0B660B1611E60444     dc.b    $0B,$66,$0B,$16,$11,$E6,$04,$44,$05,$60,$07,$4A,$07,$46,$06,$20 ; |.f.....D.`.J.F. |
FFCE5194d 059206CA             dc.b    $05,$92,$06,$CA                   ; |....|
FFCE5198? 008200820082         ori.l   #$820082, D2
FFCE519E? 008200820082         ori.l   #$820082, D2
FFCE51A4? 008200820082         ori.l   #$820082, D2
FFCE51AA? 0082207802B6         ori.l   #$207802b6, D2
FFCE51B0? 22280154             move.l  ($154,A0), D1
FFCE51B4? 670A                 beq     $ffce51c0
FFCE51B6? 2241                 movea.l D1, A1
FFCE51B8? 2251                 movea.l (A1), A1
FFCE51BA? 22290010             move.l  ($10,A1), D1
FFCE51BE? 6610                 bne     $ffce51d0
FFCE51C0? 2228017C             move.l  ($17c,A0), D1
FFCE51C4? 6712                 beq     $ffce51d8
FFCE51C6? 2241                 movea.l D1, A1
FFCE51C8? 2251                 movea.l (A1), A1
FFCE51CA? 22290010             move.l  ($10,A1), D1
FFCE51CE? 6708                 beq     $ffce51d8
FFCE51D0? 2041                 movea.l D1, A0
FFCE51D2? 43FA0004             lea     ($ffce51d8,PC), A1
FFCE51D6? 4ED0                 jmp     (A0)
FFCE51D8? 205F                 movea.l (A7)+, A0
FFCE51DA? E048                 lsr.w   #8, D0
FFCE51DC? D040                 add.w   D0, D0
FFCE51DE? DEC0                 adda.w  D0, A7
FFCE51E0? 3EBCFFCE             move.w  #$ffce, (A7)
FFCE51E4? 4ED0                 jmp     (A0)
FFCE51E6? 00000000             ori.b   #$0, D0
FFCE51EA? 00000000             ori.b   #$0, D0
FFCE51EE? 00002040             ori.b   #$40, D0
FFCE51F2? 08800000             bclr    #$0, D0
FFCE51F6? 6606                 bne     $ffce51fe
FFCE51F8? 41FAFFF6             lea     ($ffce51f0,PC), A0
FFCE51FC? 91C0                 suba.l  D0, A0
FFCE51FE? 4ED0                 jmp     (A0)
FFCE5200d E7804E75             dc.b    $E7,$80,$4E,$75                   ; |..Nu|
FFCE5204? E580                 asl.l   #2, D0
FFCE5206? 2200                 move.l  D0, D1
FFCE5208? D281                 add.l   D1, D1
FFCE520A? D081                 add.l   D1, D0
FFCE520C? 4E75                 rts
FFCE520Ed E9804E75             dc.b    $E9,$80,$4E,$75                   ; |..Nu|
FFCE5212? E780                 asl.l   #3, D0
FFCE5214? 2200                 move.l  D0, D1
FFCE5216? D281                 add.l   D1, D1
FFCE5218? D081                 add.l   D1, D0
FFCE521A? 4E75                 rts
FFCE521C? 2F00                 move.l  D0, -(A7)
FFCE521E? C0C5                 mulu.w  D5, D0
FFCE5220? 4A57                 tst.w   (A7)
FFCE5222? 670C                 beq     $ffce5230
FFCE5224? 2F00                 move.l  D0, -(A7)
FFCE5226? 302F0004             move.w  ($4,A7), D0
FFCE522A? C0C5                 mulu.w  D5, D0
FFCE522C? 4840                 swap    D0
FFCE522E? D09F                 add.l   (A7)+, D0
FFCE5230? 584F                 addq.w  #4, A7
FFCE5232? 4E75                 rts
FFCE5234? 2044                 movea.l D4, A0
FFCE5236? 2810                 move.l  (A0), D4
FFCE5238? 28680004             movea.l ($4,A0), A4
FFCE523C? 2010                 move.l  (A0), D0
FFCE523E? EB98                 rol.l   #5, D0
FFCE5240? D090                 add.l   (A0), D0
FFCE5242? EB98                 rol.l   #5, D0
FFCE5244? D090                 add.l   (A0), D0
FFCE5246? EB98                 rol.l   #5, D0
FFCE5248? D098                 add.l   (A0)+, D0
FFCE524A? D090                 add.l   (A0), D0
FFCE524C? EA98                 ror.l   #5, D0
FFCE524E? D090                 add.l   (A0), D0
FFCE5250? EA98                 ror.l   #5, D0
FFCE5252? D090                 add.l   (A0), D0
FFCE5254? EA98                 ror.l   #5, D0
FFCE5256? D090                 add.l   (A0), D0
FFCE5258? C0FCB33D             mulu.w  #$b33d, D0
FFCE525C? 08C0001E             bset    #$1e, D0
FFCE5260? 0F80                 bclr    D7, D0
FFCE5262? 2600                 move.l  D0, D3
FFCE5264? C086                 and.l   D6, D0
FFCE5266? E780                 asl.l   #3, D0
FFCE5268? 2200                 move.l  D0, D1
FFCE526A? D281                 add.l   D1, D1
FFCE526C? D081                 add.l   D1, D0
FFCE526E? 204A                 movea.l A2, A0
FFCE5270? D1C0                 adda.l  D0, A0
FFCE5272? 2248                 movea.l A0, A1
FFCE5274? B690                 cmp.l   (A0), D3
FFCE5276? 673E                 beq     $ffce52b6
FFCE5278? 0FC3                 bset    D7, D3
FFCE527A? D1C5                 adda.l  D5, A0
FFCE527C? B690                 cmp.l   (A0), D3
FFCE527E? 6736                 beq     $ffce52b6
FFCE5280? D1C5                 adda.l  D5, A0
FFCE5282? B690                 cmp.l   (A0), D3
FFCE5284? 6730                 beq     $ffce52b6
FFCE5286? D1C5                 adda.l  D5, A0
FFCE5288? B690                 cmp.l   (A0), D3
FFCE528A? 672A                 beq     $ffce52b6
FFCE528C? D1C5                 adda.l  D5, A0
FFCE528E? B690                 cmp.l   (A0), D3
FFCE5290? 6724                 beq     $ffce52b6
FFCE5292? D1C5                 adda.l  D5, A0
FFCE5294? B690                 cmp.l   (A0), D3
FFCE5296? 671E                 beq     $ffce52b6
FFCE5298? D1C5                 adda.l  D5, A0
FFCE529A? B690                 cmp.l   (A0), D3
FFCE529C? 6718                 beq     $ffce52b6
FFCE529E? 2049                 movea.l A1, A0
FFCE52A0? 0F83                 bclr    D7, D3
FFCE52A2? 2210                 move.l  (A0), D1
FFCE52A4? 6720                 beq     $ffce52c6
FFCE52A6? B681                 cmp.l   D1, D3
FFCE52A8? 670C                 beq     $ffce52b6
FFCE52AA? 0FC3                 bset    D7, D3
FFCE52AC? D1C5                 adda.l  D5, A0
FFCE52AE? 2210                 move.l  (A0), D1
FFCE52B0? 6714                 beq     $ffce52c6
FFCE52B2? B681                 cmp.l   D1, D3
FFCE52B4? 66F6                 bne     $ffce52ac
FFCE52B6? B8A80004             cmp.l   ($4,A0), D4
FFCE52BA? 66EE                 bne     $ffce52aa
FFCE52BC? B9E80008             cmpa.l  ($8,A0), A4
FFCE52C0? 66E8                 bne     $ffce52aa
FFCE52C2? 7000                 moveq   #$0, D0
FFCE52C4? 4E75                 rts
FFCE52C6d 70FF60FA             dc.b    $70,$FF,$60,$FA                   ; |p.`.|
FFCE52CA? 2044                 movea.l D4, A0
FFCE52CC? 302AFFFC             move.w  (-$4,A2), D0
FFCE52D0? 5940                 subq.w  #4, D0
FFCE52D2? 6D0C                 blt     $ffce52e0
FFCE52D4? 6E04                 bgt     $ffce52da
FFCE52D6? 2810                 move.l  (A0), D4
FFCE52D8? 6006                 bra     $ffce52e0
FFCE52DA? 2810                 move.l  (A0), D4
FFCE52DC? 28680004             movea.l ($4,A0), A4
FFCE52E0? 6100021C             bsr     $ffce54fe
FFCE52E4? 594F                 subq.w  #4, A7
FFCE52E6? 2F08                 move.l  A0, -(A7)
FFCE52E8? 202AFFEC             move.l  (-$14,A2), D0
FFCE52EC? 6100FF02             bsr     $ffce51f0
FFCE52F0? 201F                 move.l  (A7)+, D0
FFCE52F2? 0F80                 bclr    D7, D0
FFCE52F4? 2600                 move.l  D0, D3
FFCE52F6? C086                 and.l   D6, D0
FFCE52F8? 2F08                 move.l  A0, -(A7)
FFCE52FA? 41FAFEF4             lea     ($ffce51f0,PC), A0
FFCE52FE? 91EAFFE0             suba.l  (-$20,A2), A0
FFCE5302? 4E90                 jsr     (A0)
FFCE5304? 205F                 movea.l (A7)+, A0
FFCE5306? 204A                 movea.l A2, A0
FFCE5308? D1C0                 adda.l  D0, A0
FFCE530A? 2248                 movea.l A0, A1
FFCE530C? B690                 cmp.l   (A0), D3
FFCE530E? 673E                 beq     $ffce534e
FFCE5310? 0FC3                 bset    D7, D3
FFCE5312? D1C5                 adda.l  D5, A0
FFCE5314? B690                 cmp.l   (A0), D3
FFCE5316? 6736                 beq     $ffce534e
FFCE5318? D1C5                 adda.l  D5, A0
FFCE531A? B690                 cmp.l   (A0), D3
FFCE531C? 6730                 beq     $ffce534e
FFCE531E? D1C5                 adda.l  D5, A0
FFCE5320? B690                 cmp.l   (A0), D3
FFCE5322? 672A                 beq     $ffce534e
FFCE5324? D1C5                 adda.l  D5, A0
FFCE5326? B690                 cmp.l   (A0), D3
FFCE5328? 6724                 beq     $ffce534e
FFCE532A? D1C5                 adda.l  D5, A0
FFCE532C? B690                 cmp.l   (A0), D3
FFCE532E? 671E                 beq     $ffce534e
FFCE5330? D1C5                 adda.l  D5, A0
FFCE5332? B690                 cmp.l   (A0), D3
FFCE5334? 6718                 beq     $ffce534e
FFCE5336? 2049                 movea.l A1, A0
FFCE5338? 0F83                 bclr    D7, D3
FFCE533A? 2210                 move.l  (A0), D1
FFCE533C? 674C                 beq     $ffce538a
FFCE533E? B681                 cmp.l   D1, D3
FFCE5340? 670C                 beq     $ffce534e
FFCE5342? 0FC3                 bset    D7, D3
FFCE5344? D1C5                 adda.l  D5, A0
FFCE5346? 2210                 move.l  (A0), D1
FFCE5348? 6740                 beq     $ffce538a
FFCE534A? B681                 cmp.l   D1, D3
FFCE534C? 66F6                 bne     $ffce5344
FFCE534E? 322AFFFC             move.w  (-$4,A2), D1
FFCE5352? 5941                 subq.w  #4, D1
FFCE5354? 6D0A                 blt     $ffce5360
FFCE5356? 6E22                 bgt     $ffce537a
FFCE5358? B8A80004             cmp.l   ($4,A0), D4
FFCE535C? 66E4                 bne     $ffce5342
FFCE535E? 6026                 bra     $ffce5386
FFCE5360? 2254                 movea.l (A4), A1
FFCE5362? D3E80004             adda.l  ($4,A0), A1
FFCE5366? 7200                 moveq   #$0, D1
FFCE5368? 1211                 move.b  (A1), D1
FFCE536A? 2F08                 move.l  A0, -(A7)
FFCE536C? 2044                 movea.l D4, A0
FFCE536E? B109                 cmpm.b  (A1)+, (A0)+
FFCE5370? 56C9FFFC             dbne    D1, $ffce536e
FFCE5374? 205F                 movea.l (A7)+, A0
FFCE5376? 66CA                 bne     $ffce5342
FFCE5378? 600C                 bra     $ffce5386
FFCE537A? B8A80004             cmp.l   ($4,A0), D4
FFCE537E? 66C2                 bne     $ffce5342
FFCE5380? B9E80008             cmpa.l  ($8,A0), A4
FFCE5384? 66BC                 bne     $ffce5342
FFCE5386? 7000                 moveq   #$0, D0
FFCE5388? 4E75                 rts
FFCE538Ad 70FF60FA             dc.b    $70,$FF,$60,$FA                   ; |p.`.|
FFCE538E? 204A                 movea.l A2, A0
FFCE5390? 2010                 move.l  (A0), D0
FFCE5392? 6744                 beq     $ffce53d8
FFCE5394? 6B1A                 bmi     $ffce53b0
FFCE5396? 0700                 btst    D3, D0
FFCE5398? 673E                 beq     $ffce53d8
FFCE539A? 2248                 movea.l A0, A1
FFCE539C? D3CC                 adda.l  A4, A1
FFCE539E? 2208                 move.l  A0, D1
FFCE53A0? 22C0                 move.l  D0, (A1)+
FFCE53A2? 4298                 clr.l   (A0)+
FFCE53A4? 22D8                 move.l  (A0)+, (A1)+
FFCE53A6? 22D8                 move.l  (A0)+, (A1)+
FFCE53A8? 22D8                 move.l  (A0)+, (A1)+
FFCE53AA? 22D8                 move.l  (A0)+, (A1)+
FFCE53AC? 2041                 movea.l D1, A0
FFCE53AE? 6028                 bra     $ffce53d8
FFCE53B0? 2C40                 movea.l D0, A6
FFCE53B2? 4290                 clr.l   (A0)
FFCE53B4? C086                 and.l   D6, D0
FFCE53B6? E780                 asl.l   #3, D0
FFCE53B8? 2200                 move.l  D0, D1
FFCE53BA? D281                 add.l   D1, D1
FFCE53BC? D081                 add.l   D1, D0
FFCE53BE? 43F20800             lea     (A2,D0.l), A1
FFCE53C2? 200E                 move.l  A6, D0
FFCE53C4? 0F80                 bclr    D7, D0
FFCE53C6? 4A91                 tst.l   (A1)
FFCE53C8? 6708                 beq     $ffce53d2
FFCE53CA? D3C5                 adda.l  D5, A1
FFCE53CC? 4A91                 tst.l   (A1)
FFCE53CE? 66FA                 bne     $ffce53ca
FFCE53D0? 0FC0                 bset    D7, D0
FFCE53D2? 208E                 move.l  A6, (A0)
FFCE53D4? B3C8                 cmpa.l  A0, A1
FFCE53D6? 66C6                 bne     $ffce539e
FFCE53D8? D1C5                 adda.l  D5, A0
FFCE53DA? 5382                 subq.l  #1, D2
FFCE53DC? 6AB2                 bpl     $ffce5390
FFCE53DE? 4E75                 rts
FFCE53E0? 204A                 movea.l A2, A0
FFCE53E2? 2010                 move.l  (A0), D0
FFCE53E4? 674E                 beq     $ffce5434
FFCE53E6? 6B1E                 bmi     $ffce5406
FFCE53E8? 0700                 btst    D3, D0
FFCE53EA? 6748                 beq     $ffce5434
FFCE53EC? 2248                 movea.l A0, A1
FFCE53EE? D3CC                 adda.l  A4, A1
FFCE53F0? 2208                 move.l  A0, D1
FFCE53F2? 22C0                 move.l  D0, (A1)+
FFCE53F4? 4298                 clr.l   (A0)+
FFCE53F6? 2005                 move.l  D5, D0
FFCE53F8? E448                 lsr.w   #2, D0
FFCE53FA? 5540                 subq.w  #2, D0
FFCE53FC? 22D8                 move.l  (A0)+, (A1)+
FFCE53FE? 51C8FFFC             dbra    D0, $ffce53fc
FFCE5402? 2041                 movea.l D1, A0
FFCE5404? 602E                 bra     $ffce5434
FFCE5406? 2C40                 movea.l D0, A6
FFCE5408? 4290                 clr.l   (A0)
FFCE540A? C086                 and.l   D6, D0
FFCE540C? 2F08                 move.l  A0, -(A7)
FFCE540E? 41FAFDE0             lea     ($ffce51f0,PC), A0
FFCE5412? 91EAFFE0             suba.l  (-$20,A2), A0
FFCE5416? 4E90                 jsr     (A0)
FFCE5418? 205F                 movea.l (A7)+, A0
FFCE541A? 43F20800             lea     (A2,D0.l), A1
FFCE541E? 200E                 move.l  A6, D0
FFCE5420? 0F80                 bclr    D7, D0
FFCE5422? 4A91                 tst.l   (A1)
FFCE5424? 6708                 beq     $ffce542e
FFCE5426? D3C5                 adda.l  D5, A1
FFCE5428? 4A91                 tst.l   (A1)
FFCE542A? 66FA                 bne     $ffce5426
FFCE542C? 0FC0                 bset    D7, D0
FFCE542E? 208E                 move.l  A6, (A0)
FFCE5430? B3C8                 cmpa.l  A0, A1
FFCE5432? 66BC                 bne     $ffce53f0
FFCE5434? D1C5                 adda.l  D5, A0
FFCE5436? 5382                 subq.l  #1, D2
FFCE5438? 6AA8                 bpl     $ffce53e2
FFCE543A? 4E75                 rts
FFCE543C? 225F                 movea.l (A7)+, A1
FFCE543E? 205F                 movea.l (A7)+, A0
FFCE5440? 2010                 move.l  (A0), D0
FFCE5442? EA98                 ror.l   #5, D0
FFCE5444? D090                 add.l   (A0), D0
FFCE5446? EA98                 ror.l   #5, D0
FFCE5448? D090                 add.l   (A0), D0
FFCE544A? EA98                 ror.l   #5, D0
FFCE544C? D090                 add.l   (A0), D0
FFCE544E? C0FCB33D             mulu.w  #$b33d, D0
FFCE5452? 08C0001E             bset    #$1e, D0
FFCE5456? 0F80                 bclr    D7, D0
FFCE5458? 2E80                 move.l  D0, (A7)
FFCE545A? 4ED1                 jmp     (A1)
FFCE545C? 225F                 movea.l (A7)+, A1
FFCE545E? 205F                 movea.l (A7)+, A0
FFCE5460? 1210                 move.b  (A0), D1
FFCE5462? 7064                 moveq   #$64, D0
FFCE5464? D001                 add.b   D1, D0
FFCE5466? E798                 rol.l   #3, D0
FFCE5468? D018                 add.b   (A0)+, D0
FFCE546A? 51C9FFFA             dbra    D1, $ffce5466
FFCE546E? C0FCB33C             mulu.w  #$b33c, D0
FFCE5472? 08C0001E             bset    #$1e, D0
FFCE5476? 0F80                 bclr    D7, D0
FFCE5478? 2E80                 move.l  D0, (A7)
FFCE547A? 4ED1                 jmp     (A1)
FFCE547C? 225F                 movea.l (A7)+, A1
FFCE547E? 205F                 movea.l (A7)+, A0
FFCE5480? 2010                 move.l  (A0), D0
FFCE5482? EB98                 rol.l   #5, D0
FFCE5484? D090                 add.l   (A0), D0
FFCE5486? EB98                 rol.l   #5, D0
FFCE5488? D090                 add.l   (A0), D0
FFCE548A? EB98                 rol.l   #5, D0
FFCE548C? D098                 add.l   (A0)+, D0
FFCE548E? D090                 add.l   (A0), D0
FFCE5490? EA98                 ror.l   #5, D0
FFCE5492? D090                 add.l   (A0), D0
FFCE5494? EA98                 ror.l   #5, D0
FFCE5496? D090                 add.l   (A0), D0
FFCE5498? EA98                 ror.l   #5, D0
FFCE549A? D090                 add.l   (A0), D0
FFCE549C? C0FCB33D             mulu.w  #$b33d, D0
FFCE54A0? 08C0001E             bset    #$1e, D0
FFCE54A4? 0F80                 bclr    D7, D0
FFCE54A6? 2E80                 move.l  D0, (A7)
FFCE54A8? 4ED1                 jmp     (A1)
FFCE54AA? 202F000A             move.l  ($a,A7), D0
FFCE54AE? 4A2F0008             tst.b   ($8,A7)
FFCE54B2? 6704                 beq     $ffce54b8
FFCE54B4? A522                 _NewHandleSys                             ; A-line trap A522
FFCE54B6? 6002                 bra     $ffce54ba
FFCE54B8? A122                 _NewHandle                                ; A-line trap A122
FFCE54BA? 3F40000E             move.w  D0, ($e,A7)
FFCE54BE? 226F0004             movea.l ($4,A7), A1
FFCE54C2? 2288                 move.l  A0, (A1)
FFCE54C4? 205F                 movea.l (A7)+, A0
FFCE54C6? 4FEF000A             lea     ($a,A7), A7
FFCE54CA? 4ED0                 jmp     (A0)
FFCE54CC? 206F0004             movea.l ($4,A7), A0
FFCE54D0? A023                 _DisposeHandle                            ; A-line trap A023
FFCE54D2? 3F400008             move.w  D0, ($8,A7)
FFCE54D6? 205F                 movea.l (A7)+, A0
FFCE54D8? 584F                 addq.w  #4, A7
FFCE54DA? 4ED0                 jmp     (A0)
FFCE54DC? 206F0008             movea.l ($8,A7), A0
FFCE54E0? 202F0004             move.l  ($4,A7), D0
FFCE54E4? A024                 _SetHandleSize                            ; A-line trap A024
FFCE54E6? 3F40000C             move.w  D0, ($c,A7)
FFCE54EA? 205F                 movea.l (A7)+, A0
FFCE54EC? 504F                 addq.w  #8, A7
FFCE54EE? 4ED0                 jmp     (A0)
FFCE54F0? 206F0004             movea.l ($4,A7), A0
FFCE54F4? 2F500008             move.l  (A0), ($8,A7)
FFCE54F8? 205F                 movea.l (A7)+, A0
FFCE54FA? 584F                 addq.w  #4, A7
FFCE54FC? 4ED0                 jmp     (A0)
FFCE54FE? 4AAAFFEC             tst.l   (-$14,A2)
FFCE5502? 6620                 bne     $ffce5524
FFCE5504? 70FF                 moveq   #-$1, D0
FFCE5506? 302AFFFC             move.w  (-$4,A2), D0
FFCE550A? 5940                 subq.w  #4, D0
FFCE550C? 6508                 bcs     $ffce5516
FFCE550E? 620C                 bhi     $ffce551c
FFCE5510? 303CFDB4             move.w  #$fdb4, D0
FFCE5514? 600A                 bra     $ffce5520
FFCE5516d 303CFD946004         dc.b    $30,$3C,$FD,$94,$60,$04           ; |0<..`.|
FFCE551C? 303CFD74             move.w  #$fd74, D0
FFCE5520? 2540FFEC             move.l  D0, (-$14,A2)
FFCE5524? 4E75                 rts
FFCE5526d 0C08FFECFF26FE10     dc.b    $0C,$08,$FF,$EC,$FF,$26,$FE,$10,$10,$08,$FF,$E2,$FF,$26,$FE,$10 ; |.....&.......&..|
FFCE5536d 0008FFD4FF26FE10     dc.b    $00,$08,$FF,$D4,$FF,$26,$FE,$10,$08,$04,$FF,$F0,$FF,$26,$FE,$10 ; |.....&.......&..|
FFCE5546d 1008FFE2FF26FE10     dc.b    $10,$08,$FF,$E2,$FF,$26,$FE,$10,$00,$08,$FF,$D4,$FF,$26,$FE,$10 ; |.....&.......&..|
FFCE5556d 100CFFE2FF26FE10     dc.b    $10,$0C,$FF,$E2,$FF,$26,$FE,$10,$18,$0C,$FF,$DE,$FF,$BC,$FE,$62 ; |.....&.........b|
FFCE5566d 000CFFD4FF26FE10     dc.b    $00,$0C,$FF,$D4,$FF,$26,$FE,$10   ; |.....&..|
FFCE556E? 4E560000             link    A6, #$0
FFCE5572? 48E73F78             movem.l D2-D7/A1-A4, -(A7)
FFCE5576? 202E000E             move.l  ($e,A6), D0
FFCE557A? 74FC                 moveq   #-$4, D2
FFCE557C? 302E0014             move.w  ($14,A6), D0
FFCE5580? C042                 and.w   D2, D0
FFCE5582? 3D400014             move.w  D0, ($14,A6)
FFCE5586? 2200                 move.l  D0, D1
FFCE5588? D281                 add.l   D1, D1
FFCE558A? D081                 add.l   D1, D0
FFCE558C? 322E0012             move.w  ($12,A6), D1
FFCE5590? 5641                 addq.w  #3, D1
FFCE5592? C242                 and.w   D2, D1
FFCE5594? 740C                 moveq   #$c, D2
FFCE5596? B242                 cmp.w   D2, D1
FFCE5598? 6F02                 ble     $ffce559c
FFCE559A? 3202                 move.w  D2, D1
FFCE559C? D041                 add.w   D1, D0
FFCE559E? D080                 add.l   D0, D0
FFCE55A0? 3C00                 move.w  D0, D6
FFCE55A2? 7A00                 moveq   #$0, D5
FFCE55A4? 41FAFF80             lea     ($ffce5526,PC), A0
FFCE55A8? 1E3060F9             move.b  (-$7,A0,D6.w), D7
FFCE55AC? 4847                 swap    D7
FFCE55AE? 3E06                 move.w  D6, D7
FFCE55B0? 1A3060F8             move.b  (-$8,A0,D6.w), D5
FFCE55B4? 660E                 bne     $ffce55c4
FFCE55B6? 3A2E0014             move.w  ($14,A6), D5
FFCE55BA? 6E02                 bgt     $ffce55be
FFCE55BC? 7A04                 moveq   #$4, D5
FFCE55BE? 5845                 addq.w  #4, D5
FFCE55C0? DA6E0012             add.w   ($12,A6), D5
FFCE55C4? 99CC                 suba.l  A4, A4
FFCE55C6? 202E0016             move.l  ($16,A6), D0
FFCE55CA? 6702                 beq     $ffce55ce
FFCE55CC? 5380                 subq.l  #1, D0
FFCE55CE? 721F                 moveq   #$1f, D1
FFCE55D0? E398                 rol.l   #1, D0
FFCE55D2? 55C9FFFC             dbcs    D1, $ffce55d0
FFCE55D6? 5241                 addq.w  #1, D1
FFCE55D8? 3001                 move.w  D1, D0
FFCE55DA? 7603                 moveq   #$3, D3
FFCE55DC? B043                 cmp.w   D3, D0
FFCE55DE? 6D02                 blt     $ffce55e2
FFCE55E0? 3600                 move.w  D0, D3
FFCE55E2? 7001                 moveq   #$1, D0
FFCE55E4? E7A0                 asl.l   D3, D0
FFCE55E6? 2200                 move.l  D0, D1
FFCE55E8? 5381                 subq.l  #1, D1
FFCE55EA? 2C01                 move.l  D1, D6
FFCE55EC? 5C40                 addq.w  #6, D0
FFCE55EE? 6100FC2C             bsr     $ffce521c
FFCE55F2? 2800                 move.l  D0, D4
FFCE55F4? 7034                 moveq   #$34, D0
FFCE55F6? D880                 add.l   D0, D4
FFCE55F8? 246E0008             movea.l ($8,A6), A2
FFCE55FC? 4292                 clr.l   (A2)
FFCE55FE? 594F                 subq.w  #4, A7
FFCE5600? 204F                 movea.l A7, A0
FFCE5602? 554F                 subq.w  #2, A7
FFCE5604? 2F04                 move.l  D4, -(A7)
FFCE5606? 3F2E000C             move.w  ($c,A6), -(A7)
FFCE560A? 2F08                 move.l  A0, -(A7)
FFCE560C? 6100FE9C             bsr     $ffce54aa
FFCE5610? 301F                 move.w  (A7)+, D0
FFCE5612? 205F                 movea.l (A7)+, A0
FFCE5614? 6662                 bne     $ffce5678
FFCE5616? 2488                 move.l  A0, (A2)
FFCE5618? 594F                 subq.w  #4, A7
FFCE561A? 2F08                 move.l  A0, -(A7)
FFCE561C? 6100FED2             bsr     $ffce54f0
FFCE5620? 245F                 movea.l (A7)+, A2
FFCE5622? 204A                 movea.l A2, A0
FFCE5624? 20C6                 move.l  D6, (A0)+
FFCE5626? 20C4                 move.l  D4, (A0)+
FFCE5628? 4298                 clr.l   (A0)+
FFCE562A? 20CC                 move.l  A4, (A0)+
FFCE562C? 20C5                 move.l  D5, (A0)+
FFCE562E? 43FAFEF6             lea     ($ffce5526,PC), A1
FFCE5632? 70FF                 moveq   #-$1, D0
FFCE5634? 303170FA             move.w  (-$6,A1,D7.w), D0
FFCE5638? 20C0                 move.l  D0, (A0)+
FFCE563A? 303170FC             move.w  (-$4,A1,D7.w), D0
FFCE563E? 20C0                 move.l  D0, (A0)+
FFCE5640? 303170FE             move.w  (-$2,A1,D7.w), D0
FFCE5644? 20C0                 move.l  D0, (A0)+
FFCE5646? 4298                 clr.l   (A0)+
FFCE5648? 7006                 moveq   #$6, D0
FFCE564A? 20C0                 move.l  D0, (A0)+
FFCE564C? 30C3                 move.w  D3, (A0)+
FFCE564E? 30FC0050             move.w  #$50, (A0)+
FFCE5652? 4258                 clr.w   (A0)+
FFCE5654? 4847                 swap    D7
FFCE5656? 4887                 ext.w   D7
FFCE5658? 30C7                 move.w  D7, (A0)+
FFCE565A? 30EE0014             move.w  ($14,A6), (A0)+
FFCE565E? 30EE0012             move.w  ($12,A6), (A0)+
FFCE5662? 204A                 movea.l A2, A0
FFCE5664? 41E80034             lea     ($34,A0), A0
FFCE5668? 7001                 moveq   #$1, D0
FFCE566A? E7A0                 asl.l   D3, D0
FFCE566C? 5C80                 addq.l  #6, D0
FFCE566E? 4290                 clr.l   (A0)
FFCE5670? D1C5                 adda.l  D5, A0
FFCE5672? 5380                 subq.l  #1, D0
FFCE5674? 66F8                 bne     $ffce566e
FFCE5676? 7000                 moveq   #$0, D0
FFCE5678? 3D40001A             move.w  D0, ($1a,A6)
FFCE567C? 4CDF1EFC             movem.l (A7)+, D2-D7/A1-A4
FFCE5680? 4E5E                 unlk    A6
FFCE5682? 205F                 movea.l (A7)+, A0
FFCE5684? 4FEF0012             lea     ($12,A7), A7
FFCE5688? 4ED0                 jmp     (A0)
FFCE568A? 4E560000             link    A6, #$0
FFCE568E? 48E71010             movem.l D3/A3, -(A7)
FFCE5692? 202E0008             move.l  ($8,A6), D0
FFCE5696? 206E000C             movea.l ($c,A6), A0
FFCE569A? 2010                 move.l  (A0), D0
FFCE569C? 4290                 clr.l   (A0)
FFCE569E? 4A80                 tst.l   D0
FFCE56A0? 670A                 beq     $ffce56ac
FFCE56A2? 554F                 subq.w  #2, A7
FFCE56A4? 2F00                 move.l  D0, -(A7)
FFCE56A6? 6100FE24             bsr     $ffce54cc
FFCE56AA? 301F                 move.w  (A7)+, D0
FFCE56AC? 3D400010             move.w  D0, ($10,A6)
FFCE56B0? 4CDF0808             movem.l (A7)+, D3/A3
FFCE56B4? 4E5E                 unlk    A6
FFCE56B6? 205F                 movea.l (A7)+, A0
FFCE56B8? 504F                 addq.w  #8, A7
FFCE56BA? 4ED0                 jmp     (A0)
FFCE56BC? 4E560000             link    A6, #$0
FFCE56C0? 48E71F38             movem.l D3-D7/A2-A4, -(A7)
FFCE56C4? 246E0014             movea.l ($14,A6), A2
FFCE56C8? 282E000C             move.l  ($c,A6), D4
FFCE56CC? 202E0010             move.l  ($10,A6), D0
FFCE56D0? 6120                 bsr     $ffce56f2
FFCE56D2? 3D400018             move.w  D0, ($18,A6)
FFCE56D6? 660C                 bne     $ffce56e4
FFCE56D8? D0EAFFFA             adda.w  (-$6,A2), A0
FFCE56DC? 226E0008             movea.l ($8,A6), A1
FFCE56E0? 22D8                 move.l  (A0)+, (A1)+
FFCE56E2? 2290                 move.l  (A0), (A1)
FFCE56E4? 4CDF1CF8             movem.l (A7)+, D3-D7/A2-A4
FFCE56E8? 4E5E                 unlk    A6
FFCE56EA? 205F                 movea.l (A7)+, A0
FFCE56EC? 4FEF0010             lea     ($10,A7), A7
FFCE56F0? 4ED0                 jmp     (A0)
FFCE56F2? 594F                 subq.w  #4, A7
FFCE56F4? 2F0A                 move.l  A2, -(A7)
FFCE56F6? 6100FDF8             bsr     $ffce54f0
FFCE56FA? 245F                 movea.l (A7)+, A2
FFCE56FC? 2A2A0010             move.l  ($10,A2), D5
FFCE5700? 2C12                 move.l  (A2), D6
FFCE5702? 286A000C             movea.l ($c,A2), A4
FFCE5706? 7E1F                 moveq   #$1f, D7
FFCE5708? 45EA0034             lea     ($34,A2), A2
FFCE570C? 41FAFAE2             lea     ($ffce51f0,PC), A0
FFCE5710? 91EAFFE4             suba.l  (-$1c,A2), A0
FFCE5714? 4E90                 jsr     (A0)
FFCE5716? 6704                 beq     $ffce571c
FFCE5718? 303CF945             move.w  #$f945, D0
FFCE571C? 4E75                 rts
FFCE571E? 4E560000             link    A6, #$0
FFCE5722? 48E71F38             movem.l D3-D7/A2-A4, -(A7)
FFCE5726? 246E0010             movea.l ($10,A6), A2
FFCE572A? 282E0008             move.l  ($8,A6), D4
FFCE572E? 202E000C             move.l  ($c,A6), D0
FFCE5732? 61BE                 bsr     $ffce56f2
FFCE5734? 57C0                 seq     D0
FFCE5736? 4400                 neg.b   D0
FFCE5738? 1D400014             move.b  D0, ($14,A6)
FFCE573C? 4CDF1CF8             movem.l (A7)+, D3-D7/A2-A4
FFCE5740? 4E5E                 unlk    A6
FFCE5742? 205F                 movea.l (A7)+, A0
FFCE5744? 4FEF000C             lea     ($c,A7), A7
FFCE5748? 4ED0                 jmp     (A0)
FFCE574A? 4E560000             link    A6, #$0
FFCE574E? 48E71F38             movem.l D3-D7/A2-A4, -(A7)
FFCE5752? 246E0010             movea.l ($10,A6), A2
FFCE5756? 282E0008             move.l  ($8,A6), D4
FFCE575A? 202E000C             move.l  ($c,A6), D0
FFCE575E? 6192                 bsr     $ffce56f2
FFCE5760? 6608                 bne     $ffce576a
FFCE5762? 53AAFFD4             subq.l  #1, (-$2c,A2)
FFCE5766? 4290                 clr.l   (A0)
FFCE5768? 6112                 bsr     $ffce577c
FFCE576A? 426E0014             clr.w   ($14,A6)
FFCE576E? 4CDF1CF8             movem.l (A7)+, D3-D7/A2-A4
FFCE5772? 4E5E                 unlk    A6
FFCE5774? 205F                 movea.l (A7)+, A0
FFCE5776? 4FEF000C             lea     ($c,A7), A7
FFCE577A? 4ED0                 jmp     (A0)
FFCE577C? 2F0E                 move.l  A6, -(A7)
FFCE577E? 202AFFDC             move.l  (-$24,A2), D0
FFCE5782? 5140                 subq.w  #8, D0
FFCE5784? 57C2                 seq     D2
FFCE5786? D1C5                 adda.l  D5, A0
FFCE5788? 2010                 move.l  (A0), D0
FFCE578A? 6764                 beq     $ffce57f0
FFCE578C? 2C40                 movea.l D0, A6
FFCE578E? 4A02                 tst.b   D2
FFCE5790? 6716                 beq     $ffce57a8
FFCE5792? 2010                 move.l  (A0), D0
FFCE5794? EA98                 ror.l   #5, D0
FFCE5796? D090                 add.l   (A0), D0
FFCE5798? EA98                 ror.l   #5, D0
FFCE579A? D090                 add.l   (A0), D0
FFCE579C? EA98                 ror.l   #5, D0
FFCE579E? D090                 add.l   (A0), D0
FFCE57A0? C0FCB33D             mulu.w  #$b33d, D0
FFCE57A4? 08C0001E             bset    #$1e, D0
FFCE57A8? 4290                 clr.l   (A0)
FFCE57AA? C086                 and.l   D6, D0
FFCE57AC? 2F08                 move.l  A0, -(A7)
FFCE57AE? 41FAFA40             lea     ($ffce51f0,PC), A0
FFCE57B2? 91EAFFE0             suba.l  (-$20,A2), A0
FFCE57B6? 4E90                 jsr     (A0)
FFCE57B8? 205F                 movea.l (A7)+, A0
FFCE57BA? 43F20800             lea     (A2,D0.l), A1
FFCE57BE? 200E                 move.l  A6, D0
FFCE57C0? 0F80                 bclr    D7, D0
FFCE57C2? 4A91                 tst.l   (A1)
FFCE57C4? 6708                 beq     $ffce57ce
FFCE57C6? D3C5                 adda.l  D5, A1
FFCE57C8? 4A91                 tst.l   (A1)
FFCE57CA? 66FA                 bne     $ffce57c6
FFCE57CC? 0FC0                 bset    D7, D0
FFCE57CE? 208E                 move.l  A6, (A0)
FFCE57D0? B3C8                 cmpa.l  A0, A1
FFCE57D2? 67B2                 beq     $ffce5786
FFCE57D4? 4A02                 tst.b   D2
FFCE57D6? 6702                 beq     $ffce57da
FFCE57D8? 200E                 move.l  A6, D0
FFCE57DA? 2208                 move.l  A0, D1
FFCE57DC? 22C0                 move.l  D0, (A1)+
FFCE57DE? 4298                 clr.l   (A0)+
FFCE57E0? 2005                 move.l  D5, D0
FFCE57E2? E448                 lsr.w   #2, D0
FFCE57E4? 5540                 subq.w  #2, D0
FFCE57E6? 22D8                 move.l  (A0)+, (A1)+
FFCE57E8? 51C8FFFC             dbra    D0, $ffce57e6
FFCE57EC? 2041                 movea.l D1, A0
FFCE57EE? 6096                 bra     $ffce5786
FFCE57F0d 2C5F4E75             dc.b    $2C,$5F,$4E,$75                   ; |,_Nu|
FFCE57F4? 4E560000             link    A6, #$0
FFCE57F8? 48E70C30             movem.l D4-D5/A2-A3, -(A7)
FFCE57FC? 202E0010             move.l  ($10,A6), D0
FFCE5800? 594F                 subq.w  #4, A7
FFCE5802? 2F2E0014             move.l  ($14,A6), -(A7)
FFCE5806? 6100FCE8             bsr     $ffce54f0
FFCE580A? 245F                 movea.l (A7)+, A2
FFCE580C? 382A0030             move.w  ($30,A2), D4
FFCE5810? 342A002E             move.w  ($2e,A2), D2
FFCE5814? 9444                 sub.w   D4, D2
FFCE5816? 2A2A0010             move.l  ($10,A2), D5
FFCE581A? 202E000C             move.l  ($c,A6), D0
FFCE581E? 41FAF9D0             lea     ($ffce51f0,PC), A0
FFCE5822? 91EA0014             suba.l  ($14,A2), A0
FFCE5826? 4E90                 jsr     (A0)
FFCE5828? 7234                 moveq   #$34, D1
FFCE582A? D081                 add.l   D1, D0
FFCE582C? B0AA0004             cmp.l   ($4,A2), D0
FFCE5830? 6C1C                 bge     $ffce584e
FFCE5832? D5C0                 adda.l  D0, A2
FFCE5834? 4A92                 tst.l   (A2)
FFCE5836? 671C                 beq     $ffce5854
FFCE5838? D4C2                 adda.w  D2, A2
FFCE583A? 226E0008             movea.l ($8,A6), A1
FFCE583E? 48C4                 ext.l   D4
FFCE5840? 5344                 subq.w  #1, D4
FFCE5842? E44C                 lsr.w   #2, D4
FFCE5844? 22DA                 move.l  (A2)+, (A1)+
FFCE5846? 51CCFFFC             dbra    D4, $ffce5844
FFCE584A? 7000                 moveq   #$0, D0
FFCE584C? 6010                 bra     $ffce585e
FFCE584Ed 303CF944600A         dc.b    $30,$3C,$F9,$44,$60,$0A           ; |0<.D`.|
FFCE5854? 303CF945             move.w  #$f945, D0
FFCE5858? 226E0008             movea.l ($8,A6), A1
FFCE585C? 4291                 clr.l   (A1)
FFCE585E? 3D400018             move.w  D0, ($18,A6)
FFCE5862? 4CDF0C30             movem.l (A7)+, D4-D5/A2-A3
FFCE5866? 4E5E                 unlk    A6
FFCE5868? 205F                 movea.l (A7)+, A0
FFCE586A? 4FEF0010             lea     ($10,A7), A7
FFCE586E? 4ED0                 jmp     (A0)
FFCE5870d 70FF6002             dc.b    $70,$FF,$60,$02                   ; |p.`.|
FFCE5874? 7000                 moveq   #$0, D0
FFCE5876? 4E560000             link    A6, #$0
FFCE587A? 48E71F38             movem.l D3-D7/A2-A4, -(A7)
FFCE587E? 3F00                 move.w  D0, -(A7)
FFCE5880? 246E0014             movea.l ($14,A6), A2
FFCE5884? 282E000C             move.l  ($c,A6), D4
FFCE5888? 202E0010             move.l  ($10,A6), D0
FFCE588C? 6100FE64             bsr     $ffce56f2
FFCE5890? 3E00                 move.w  D0, D7
FFCE5892? 805F                 or.w    (A7)+, D0
FFCE5894? 670000CA             beq     $ffce5960
FFCE5898? 7034                 moveq   #$34, D0
FFCE589A? 95C0                 suba.l  D0, A2
FFCE589C? 0C450008             cmpi.w  #$8, D5
FFCE58A0? 6702                 beq     $ffce58a4
FFCE58A2? 20C3                 move.l  D3, (A0)+
FFCE58A4? 302A0030             move.w  ($30,A2), D0
FFCE58A8? 2248                 movea.l A0, A1
FFCE58AA? 206E000C             movea.l ($c,A6), A0
FFCE58AE? 5340                 subq.w  #1, D0
FFCE58B0? E448                 lsr.w   #2, D0
FFCE58B2? 22D8                 move.l  (A0)+, (A1)+
FFCE58B4? 51C8FFFC             dbra    D0, $ffce58b2
FFCE58B8? 206E0008             movea.l ($8,A6), A0
FFCE58BC? 302A0032             move.w  ($32,A2), D0
FFCE58C0? 5340                 subq.w  #1, D0
FFCE58C2? E448                 lsr.w   #2, D0
FFCE58C4? 22D8                 move.l  (A0)+, (A1)+
FFCE58C6? 51C8FFFC             dbra    D0, $ffce58c4
FFCE58CA? 426E0018             clr.w   ($18,A6)
FFCE58CE? 204A                 movea.l A2, A0
FFCE58D0? D1EA0004             adda.l  ($4,A2), A0
FFCE58D4? 91C5                 suba.l  D5, A0
FFCE58D6? 5949                 subq.w  #4, A1
FFCE58D8? B3C8                 cmpa.l  A0, A1
FFCE58DA? 6D44                 blt     $ffce5920
FFCE58DC? 7006                 moveq   #$6, D0
FFCE58DE? 41FAF910             lea     ($ffce51f0,PC), A0
FFCE58E2? 91EA0014             suba.l  ($14,A2), A0
FFCE58E6? 4E90                 jsr     (A0)
FFCE58E8? D0AA0004             add.l   ($4,A2), D0
FFCE58EC? 2840                 movea.l D0, A4
FFCE58EE? 554F                 subq.w  #2, A7
FFCE58F0? 2F2E0014             move.l  ($14,A6), -(A7)
FFCE58F4? 2F0C                 move.l  A4, -(A7)
FFCE58F6? 6100FBE4             bsr     $ffce54dc
FFCE58FA? 301F                 move.w  (A7)+, D0
FFCE58FC? 666C                 bne     $ffce596a
FFCE58FE? 594F                 subq.w  #4, A7
FFCE5900? 2F2E0014             move.l  ($14,A6), -(A7)
FFCE5904? 6100FBEA             bsr     $ffce54f0
FFCE5908? 245F                 movea.l (A7)+, A2
FFCE590A? 254C0004             move.l  A4, ($4,A2)
FFCE590E? 5CAA0024             addq.l  #6, ($24,A2)
FFCE5912? 200C                 move.l  A4, D0
FFCE5914? 7205                 moveq   #$5, D1
FFCE5916? 9085                 sub.l   D5, D0
FFCE5918? 42B20800             clr.l   (A2,D0.l)
FFCE591C? 51C9FFF8             dbra    D1, $ffce5916
FFCE5920? 3007                 move.w  D7, D0
FFCE5922? 672A                 beq     $ffce594e
FFCE5924? 52AA0008             addq.l  #1, ($8,A2)
FFCE5928? 202A0008             move.l  ($8,A2), D0
FFCE592C? 2200                 move.l  D0, D1
FFCE592E? E781                 asl.l   #3, D1
FFCE5930? D081                 add.l   D1, D0
FFCE5932? D081                 add.l   D1, D0
FFCE5934? D081                 add.l   D1, D0
FFCE5936? 322A0028             move.w  ($28,A2), D1
FFCE593A? 5541                 subq.w  #2, D1
FFCE593C? E2A8                 lsr.l   D1, D0
FFCE593E? 3540002C             move.w  D0, ($2c,A2)
FFCE5942? 3200                 move.w  D0, D1
FFCE5944? 7000                 moveq   #$0, D0
FFCE5946? B26A002A             cmp.w   ($2a,A2), D1
FFCE594A? 6F02                 ble     $ffce594e
FFCE594C? 6128                 bsr     $ffce5976
FFCE594E? 3D400018             move.w  D0, ($18,A6)
FFCE5952? 4CDF1CF8             movem.l (A7)+, D3-D7/A2-A4
FFCE5956? 4E5E                 unlk    A6
FFCE5958? 205F                 movea.l (A7)+, A0
FFCE595A? 4FEF0010             lea     ($10,A7), A7
FFCE595E? 4ED0                 jmp     (A0)
FFCE5960d 303CF94660E842A1     dc.b    $30,$3C,$F9,$46,$60,$E8,$42,$A1,$60,$E4 ; |0<.F`.B.`.|
FFCE596A? 222A0004             move.l  ($4,A2), D1
FFCE596E? 9285                 sub.l   D5, D1
FFCE5970? 42B21800             clr.l   (A2,D1.l)
FFCE5974? 60D8                 bra     $ffce594e
FFCE5976? 2806                 move.l  D6, D4
FFCE5978? E386                 asl.l   #1, D6
FFCE597A? 5286                 addq.l  #1, D6
FFCE597C? 2606                 move.l  D6, D3
FFCE597E? EA83                 asr.l   #5, D3
FFCE5980? 222A0024             move.l  ($24,A2), D1
FFCE5984? B283                 cmp.l   D3, D1
FFCE5986? 6D02                 blt     $ffce598a
FFCE5988? 2601                 move.l  D1, D3
FFCE598A? 2003                 move.l  D3, D0
FFCE598C? D086                 add.l   D6, D0
FFCE598E? 5280                 addq.l  #1, D0
FFCE5990? 41FAF85E             lea     ($ffce51f0,PC), A0
FFCE5994? 91EA0014             suba.l  ($14,A2), A0
FFCE5998? 4E90                 jsr     (A0)
FFCE599A? 7234                 moveq   #$34, D1
FFCE599C? D081                 add.l   D1, D0
FFCE599E? 2840                 movea.l D0, A4
FFCE59A0? 554F                 subq.w  #2, A7
FFCE59A2? 2F2E0014             move.l  ($14,A6), -(A7)
FFCE59A6? 2F0C                 move.l  A4, -(A7)
FFCE59A8? 6100FB32             bsr     $ffce54dc
FFCE59AC? 301F                 move.w  (A7)+, D0
FFCE59AE? 66000098             bne     $ffce5a48
FFCE59B2? 594F                 subq.w  #4, A7
FFCE59B4? 2F2E0014             move.l  ($14,A6), -(A7)
FFCE59B8? 6100FB36             bsr     $ffce54f0
FFCE59BC? 245F                 movea.l (A7)+, A2
FFCE59BE? 240C                 move.l  A4, D2
FFCE59C0? 94AA0004             sub.l   ($4,A2), D2
FFCE59C4? 204A                 movea.l A2, A0
FFCE59C6? D1EA0004             adda.l  ($4,A2), A0
FFCE59CA? 4290                 clr.l   (A0)
FFCE59CC? D1C5                 adda.l  D5, A0
FFCE59CE? 9485                 sub.l   D5, D2
FFCE59D0? 62F8                 bhi     $ffce59ca
FFCE59D2? 224A                 movea.l A2, A1
FFCE59D4? D3EA0004             adda.l  ($4,A2), A1
FFCE59D8? 254C0004             move.l  A4, ($4,A2)
FFCE59DC? 2006                 move.l  D6, D0
FFCE59DE? E288                 lsr.l   #1, D0
FFCE59E0? 5280                 addq.l  #1, D0
FFCE59E2? 41FAF80C             lea     ($ffce51f0,PC), A0
FFCE59E6? 91EA0014             suba.l  ($14,A2), A0
FFCE59EA? 4E90                 jsr     (A0)
FFCE59EC? 2840                 movea.l D0, A4
FFCE59EE? 2049                 movea.l A1, A0
FFCE59F0? 242A0024             move.l  ($24,A2), D2
FFCE59F4? 91C5                 suba.l  D5, A0
FFCE59F6? 2248                 movea.l A0, A1
FFCE59F8? D3CC                 adda.l  A4, A1
FFCE59FA? 2010                 move.l  (A0), D0
FFCE59FC? 2208                 move.l  A0, D1
FFCE59FE? 22C0                 move.l  D0, (A1)+
FFCE5A00? 4298                 clr.l   (A0)+
FFCE5A02? 2005                 move.l  D5, D0
FFCE5A04? E448                 lsr.w   #2, D0
FFCE5A06? 5540                 subq.w  #2, D0
FFCE5A08? 22D8                 move.l  (A0)+, (A1)+
FFCE5A0A? 51C8FFFC             dbra    D0, $ffce5a08
FFCE5A0E? 2041                 movea.l D1, A0
FFCE5A10? 5382                 subq.l  #1, D2
FFCE5A12? 66E0                 bne     $ffce59f4
FFCE5A14? 4870C800             pea     (A0,A4.l)
FFCE5A18? 2486                 move.l  D6, (A2)
FFCE5A1A? 25430024             move.l  D3, ($24,A2)
FFCE5A1E? 362A0028             move.w  ($28,A2), D3
FFCE5A22? 526A0028             addq.w  #1, ($28,A2)
FFCE5A26? 7E1F                 moveq   #$1f, D7
FFCE5A28? 7234                 moveq   #$34, D1
FFCE5A2A? D5C1                 adda.l  D1, A2
FFCE5A2C? 2406                 move.l  D6, D2
FFCE5A2E? E28A                 lsr.l   #1, D2
FFCE5A30? 2F0E                 move.l  A6, -(A7)
FFCE5A32? 41FAF7BC             lea     ($ffce51f0,PC), A0
FFCE5A36? 91EAFFE8             suba.l  (-$18,A2), A0
FFCE5A3A? 4E90                 jsr     (A0)
FFCE5A3C? 2C5F                 movea.l (A7)+, A6
FFCE5A3E? 205F                 movea.l (A7)+, A0
FFCE5A40? 91C5                 suba.l  D5, A0
FFCE5A42? 6100FD38             bsr     $ffce577c
FFCE5A46? 7000                 moveq   #$0, D0
FFCE5A48? 4E75                 rts
FFCE5A4Ad 0000000000004E56     dc.b    $00,$00,$00,$00,$00,$00,$4E,$56,$FF,$FA ; |......NV..|
FFCE5A54? 48E70118             movem.l D7/A3-A4, -(A7)
FFCE5A58? 4247                 clr.w   D7
FFCE5A5A? 286E0008             movea.l ($8,A6), A4
FFCE5A5E? 28AE0014             move.l  ($14,A6), (A4)
FFCE5A62? 7000                 moveq   #$0, D0
FFCE5A64? 29400004             move.l  D0, ($4,A4)
FFCE5A68? 203C6C697374         move.l  #$6c697374, D0
FFCE5A6E? B0AE0014             cmp.l   ($14,A6), D0
FFCE5A72? 57C0                 seq     D0
FFCE5A74? 223C7265636F         move.l  #$7265636f, D1
FFCE5A7A? B2AE0014             cmp.l   ($14,A6), D1
FFCE5A7E? 57C1                 seq     D1
FFCE5A80? 8001                 or.b    D1, D0
FFCE5A82? 6752                 beq     $ffce5ad6
FFCE5A84? 4267                 clr.w   -(A7)
FFCE5A86? 202E0010             move.l  ($10,A6), D0
FFCE5A8A? 7210                 moveq   #$10, D1
FFCE5A8C? 9081                 sub.l   D1, D0
FFCE5A8E? 2F00                 move.l  D0, -(A7)
FFCE5A90? 486C0004             pea     ($4,A4)
FFCE5A94? 202E000C             move.l  ($c,A6), D0
FFCE5A98? 7210                 moveq   #$10, D1
FFCE5A9A? D081                 add.l   D1, D0
FFCE5A9C? 2F00                 move.l  D0, -(A7)
FFCE5A9E? 4EBA5150             jsr     ($ffceabf0,PC)
FFCE5AA2? 3E1F                 move.w  (A7)+, D7
FFCE5AA4? 6650                 bne     $ffce5af6
FFCE5AA6? 206C0004             movea.l ($4,A4), A0
FFCE5AAA? 2050                 movea.l (A0), A0
FFCE5AAC? 2D48FFFA             move.l  A0, (-$6,A6)
FFCE5AB0? 47D0                 lea     (A0), A3
FFCE5AB2? 7000                 moveq   #$0, D0
FFCE5AB4? 2680                 move.l  D0, (A3)
FFCE5AB6? 206EFFFA             movea.l (-$6,A6), A0
FFCE5ABA? 20280014             move.l  ($14,A0), D0
FFCE5ABE? 7218                 moveq   #$18, D1
FFCE5AC0? D081                 add.l   D1, D0
FFCE5AC2? 5280                 addq.l  #1, D0
FFCE5AC4? C0BCFFFFFFFE         and.l   #$fffffffe, D0
FFCE5ACA? 27400008             move.l  D0, ($8,A3)
FFCE5ACE? 276E0014000C         move.l  ($14,A6), ($c,A3)
FFCE5AD4? 6020                 bra     $ffce5af6
FFCE5AD6? 203C6E756C6C         move.l  #$6e756c6c, D0
FFCE5ADC? B0AE0014             cmp.l   ($14,A6), D0
FFCE5AE0? 6714                 beq     $ffce5af6
FFCE5AE2? 4267                 clr.w   -(A7)
FFCE5AE4? 2F2E0010             move.l  ($10,A6), -(A7)
FFCE5AE8? 486C0004             pea     ($4,A4)
FFCE5AEC? 2F2E000C             move.l  ($c,A6), -(A7)
FFCE5AF0? 4EBA50FE             jsr     ($ffceabf0,PC)
FFCE5AF4? 3E1F                 move.w  (A7)+, D7
FFCE5AF6? 4AAC0004             tst.l   ($4,A4)
FFCE5AFA? 6606                 bne     $ffce5b02
FFCE5AFC? 28BC6E756C6C         move.l  #$6e756c6c, (A4)
FFCE5B02? 3D470018             move.w  D7, ($18,A6)
FFCE5B06? 4CDF1880             movem.l (A7)+, D7/A3-A4
FFCE5B0A? 4E5E                 unlk    A6
FFCE5B0C? 4E740010             rtd     #$10; (1+)
FFCE5B10? 4E56FFFE             link    A6, #-$2
FFCE5B14? 48E70118             movem.l D7/A3-A4, -(A7)
FFCE5B18? 206E000C             movea.l ($c,A6), A0
FFCE5B1C? 226E0008             movea.l ($8,A6), A1
FFCE5B20? 22D8                 move.l  (A0)+, (A1)+
FFCE5B22? 22D8                 move.l  (A0)+, (A1)+
FFCE5B24? 286E0008             movea.l ($8,A6), A4
FFCE5B28? 4AAC0004             tst.l   ($4,A4)
FFCE5B2C? 6604                 bne     $ffce5b32
FFCE5B2E? 4247                 clr.w   D7
FFCE5B30? 6032                 bra     $ffce5b64
FFCE5B32? 4267                 clr.w   -(A7)
FFCE5B34? 486C0004             pea     ($4,A4)
FFCE5B38? 4EBA5096             jsr     ($ffceabd0,PC)
FFCE5B3C? 3E1F                 move.w  (A7)+, D7
FFCE5B3E? 661C                 bne     $ffce5b5c
FFCE5B40? 203C61657674         move.l  #$61657674, D0
FFCE5B46? B094                 cmp.l   (A4), D0
FFCE5B48? 661A                 bne     $ffce5b64
FFCE5B4A? 206C0004             movea.l ($4,A4), A0
FFCE5B4E? 2650                 movea.l (A0), A3
FFCE5B50? 422B0014             clr.b   ($14,A3)
FFCE5B54? 7000                 moveq   #$0, D0
FFCE5B56? 2740001A             move.l  D0, ($1a,A3)
FFCE5B5A? 6008                 bra     $ffce5b64
FFCE5B5C? 2F2E0008             move.l  ($8,A6), -(A7)
FFCE5B60? 4EBA05EE             jsr     ($ffce6150,PC)
FFCE5B64? 3D470010             move.w  D7, ($10,A6)
FFCE5B68? 4CDF1880             movem.l (A7)+, D7/A3-A4
FFCE5B6C? 4E5E                 unlk    A6
FFCE5B6E? 4E740008             rtd     #$8; (1+)
FFCE5B72d 0000000000000000     dc.b    $00,$00,$00,$00,$00,$00,$00,$00,$00,$00,$00,$00,$00,$00,$4E,$56 ; |..............NV|
FFCE5B82d FFFC                 dc.b    $FF,$FC                           ; |..|
FFCE5B84? 2F0C                 move.l  A4, -(A7)
FFCE5B86? 426E000C             clr.w   ($c,A6)
FFCE5B8A? 42A7                 clr.l   -(A7)
FFCE5B8C? 207802B6             movea.l $2b6.w, A0                        ; BasicGlob
FFCE5B90? 2EA80154             move.l  ($154,A0), (A7)
FFCE5B94? 285F                 movea.l (A7)+, A4
FFCE5B96? 200C                 move.l  A4, D0
FFCE5B98? 670C                 beq     $ffce5ba6
FFCE5B9A? 2054                 movea.l (A4), A0
FFCE5B9C? 226E0008             movea.l ($8,A6), A1
FFCE5BA0? 12A80048             move.b  ($48,A0), (A1)
FFCE5BA4? 6008                 bra     $ffce5bae
FFCE5BA6? 206E0008             movea.l ($8,A6), A0
FFCE5BAA? 10BC0001             move.b  #$1, (A0)
FFCE5BAE? 285F                 movea.l (A7)+, A4
FFCE5BB0? 4E5E                 unlk    A6
FFCE5BB2? 4E740004             rtd     #$4; (1+)
FFCE5BB6d 0000000000000000     dc.b    $00,$00,$00,$00,$00,$00,$00,$00,$00,$00,$4E,$56,$FF,$FC ; |..........NV..|
FFCE5BC4? 48E70018             movem.l A3-A4, -(A7)
FFCE5BC8? 286E0008             movea.l ($8,A6), A4
FFCE5BCC? 28BC61657674         move.l  #$61657674, (A4)
FFCE5BD2? 7000                 moveq   #$0, D0
FFCE5BD4? 29400004             move.l  D0, ($4,A4)
FFCE5BD8? 42A7                 clr.l   -(A7)
FFCE5BDA? 207802B6             movea.l $2b6.w, A0                        ; BasicGlob
FFCE5BDE? 2EA80154             move.l  ($154,A0), (A7)
FFCE5BE2? 265F                 movea.l (A7)+, A3
FFCE5BE4? 200B                 move.l  A3, D0
FFCE5BE6? 6708                 beq     $ffce5bf0
FFCE5BE8? 2053                 movea.l (A3), A0
FFCE5BEA? 296800440004         move.l  ($44,A0), ($4,A4)
FFCE5BF0? 4AAC0004             tst.l   ($4,A4)
FFCE5BF4? 6606                 bne     $ffce5bfc
FFCE5BF6? 28BC6E756C6C         move.l  #$6e756c6c, (A4)
FFCE5BFC? 426E000C             clr.w   ($c,A6)
FFCE5C00? 4CDF1800             movem.l (A7)+, A3-A4
FFCE5C04? 4E5E                 unlk    A6
FFCE5C06? 4E740004             rtd     #$4; (1+)
FFCE5C0Ad 0000000000004E56     dc.b    $00,$00,$00,$00,$00,$00,$4E,$56,$FF,$FC ; |......NV..|
FFCE5C14? 42A7                 clr.l   -(A7)
FFCE5C16? 486EFFFC             pea     (-$4,A6)
FFCE5C1A? 4EBA0494             jsr     ($ffce60b0,PC)
FFCE5C1E? 3D5F000A             move.w  (A7)+, ($a,A6)
FFCE5C22? 4AAEFFFC             tst.l   (-$4,A6)
FFCE5C26? 670C                 beq     $ffce5c34
FFCE5C28? 206EFFFC             movea.l (-$4,A6), A0
FFCE5C2C? 2050                 movea.l (A0), A0
FFCE5C2E? 116E00080048         move.b  ($8,A6), ($48,A0)
FFCE5C34? 4E5E                 unlk    A6
FFCE5C36? 4E740002             rtd     #$2; (1+)
FFCE5C3Ad 0000000000004E56     dc.b    $00,$00,$00,$00,$00,$00,$4E,$56,$FF,$F8 ; |......NV..|
FFCE5C44? 48E70118             movem.l D7/A3-A4, -(A7)
FFCE5C48? 426E000C             clr.w   ($c,A6)
FFCE5C4C? 42A7                 clr.l   -(A7)
FFCE5C4E? 207802B6             movea.l $2b6.w, A0                        ; BasicGlob
FFCE5C52? 2EA80154             move.l  ($154,A0), (A7)
FFCE5C56? 2E1F                 move.l  (A7)+, D7
FFCE5C58? 206E0008             movea.l ($8,A6), A0
FFCE5C5C? 26680004             movea.l ($4,A0), A3
FFCE5C60? 4A87                 tst.l   D7
FFCE5C62? 56C0                 sne     D0
FFCE5C64? 220B                 move.l  A3, D1
FFCE5C66? 56C1                 sne     D1
FFCE5C68? C001                 and.b   D1, D0
FFCE5C6A? 6716                 beq     $ffce5c82
FFCE5C6C? 2047                 movea.l D7, A0
FFCE5C6E? 2850                 movea.l (A0), A4
FFCE5C70? B7EC0044             cmpa.l  ($44,A4), A3
FFCE5C74? 670C                 beq     $ffce5c82
FFCE5C76? 2053                 movea.l (A3), A0
FFCE5C78? 216C0044002A         move.l  ($44,A4), ($2a,A0)
FFCE5C7E? 294B0044             move.l  A3, ($44,A4)
FFCE5C82? 4CDF1880             movem.l (A7)+, D7/A3-A4
FFCE5C86? 4E5E                 unlk    A6
FFCE5C88? 4E740004             rtd     #$4; (1+)
FFCE5C8C? 00000000             ori.b   #$0, D0
FFCE5C90? 4E56FFFC             link    A6, #-$4
FFCE5C94? 48E70018             movem.l A3-A4, -(A7)
FFCE5C98? 426E000C             clr.w   ($c,A6)
FFCE5C9C? 42A7                 clr.l   -(A7)
FFCE5C9E? 207802B6             movea.l $2b6.w, A0                        ; BasicGlob
FFCE5CA2? 2EA80154             move.l  ($154,A0), (A7)
FFCE5CA6? 265F                 movea.l (A7)+, A3
FFCE5CA8? 200B                 move.l  A3, D0
FFCE5CAA? 671C                 beq     $ffce5cc8
FFCE5CAC? 2853                 movea.l (A3), A4
FFCE5CAE? 206E0008             movea.l ($8,A6), A0
FFCE5CB2? 202C0044             move.l  ($44,A4), D0
FFCE5CB6? B0A80004             cmp.l   ($4,A0), D0
FFCE5CBA? 660C                 bne     $ffce5cc8
FFCE5CBC? 206C0044             movea.l ($44,A4), A0
FFCE5CC0? 2050                 movea.l (A0), A0
FFCE5CC2? 2968002A0044         move.l  ($2a,A0), ($44,A4)
FFCE5CC8? 4CDF1800             movem.l (A7)+, A3-A4
FFCE5CCC? 4E5E                 unlk    A6
FFCE5CCE? 4E740004             rtd     #$4; (1+)
FFCE5CD2? 00000000             ori.b   #$0, D0
FFCE5CD6? 00000000             ori.b   #$0, D0
FFCE5CDA? 00000000             ori.b   #$0, D0
FFCE5CDE? 00004E56             ori.b   #$56, D0
FFCE5CE2? 00002F0C             ori.b   #$c, D0
FFCE5CE6? 286E0008             movea.l ($8,A6), A4
FFCE5CEA? 70FF                 moveq   #-$1, D0
FFCE5CEC? B094                 cmp.l   (A4), D0
FFCE5CEE? 6608                 bne     $ffce5cf8
FFCE5CF0? 28BC00000E10         move.l  #$e10, (A4)
FFCE5CF6? 6016                 bra     $ffce5d0e
FFCE5CF8? 70FE                 moveq   #-$2, D0
FFCE5CFA? B094                 cmp.l   (A4), D0
FFCE5CFC? 6608                 bne     $ffce5d06
FFCE5CFE? 28BC7FFFFFFF         move.l  #$7fffffff, (A4)
FFCE5D04? 6008                 bra     $ffce5d0e
FFCE5D06? 4A94                 tst.l   (A4)
FFCE5D08? 6C04                 bge     $ffce5d0e
FFCE5D0A? 7000                 moveq   #$0, D0
FFCE5D0C? 2880                 move.l  D0, (A4)
FFCE5D0E? 285F                 movea.l (A7)+, A4
FFCE5D10? 4E5E                 unlk    A6
FFCE5D12? 4E740004             rtd     #$4; (1+)
FFCE5D16d 0000000000000000     dc.b    $00,$00,$00,$00,$00,$00,$00,$00,$00,$00,$4E,$56,$FF,$F6 ; |..........NV..|
FFCE5D24? 48E70718             movem.l D5-D7/A3-A4, -(A7)
FFCE5D28? 2E2E0012             move.l  ($12,A6), D7
FFCE5D2C? 7C00                 moveq   #$0, D6
FFCE5D2E? 4AAE0016             tst.l   ($16,A6)
FFCE5D32? 6602                 bne     $ffce5d36
FFCE5D34? 7E00                 moveq   #$0, D7
FFCE5D36? 4A87                 tst.l   D7
FFCE5D38? 57C0                 seq     D0
FFCE5D3A? 7204                 moveq   #$4, D1
FFCE5D3C? B287                 cmp.l   D7, D1
FFCE5D3E? 57C1                 seq     D1
FFCE5D40? 8001                 or.b    D1, D0
FFCE5D42? 7208                 moveq   #$8, D1
FFCE5D44? B287                 cmp.l   D7, D1
FFCE5D46? 5FC1                 sle     D1
FFCE5D48? 8001                 or.b    D1, D0
FFCE5D4A? 670000A0             beq     $ffce5dec
FFCE5D4E? 42A7                 clr.l   -(A7)
FFCE5D50? 2007                 move.l  D7, D0
FFCE5D52? 5280                 addq.l  #1, D0
FFCE5D54? C0BCFFFFFFFE         and.l   #$fffffffe, D0
FFCE5D5A? 7218                 moveq   #$18, D1
FFCE5D5C? D081                 add.l   D1, D0
FFCE5D5E? 2F00                 move.l  D0, -(A7)
FFCE5D60? 4EBA4DEE             jsr     ($ffceab50,PC)
FFCE5D64? 2C1F                 move.l  (A7)+, D6
FFCE5D66? 677A                 beq     $ffce5de2
FFCE5D68? 2046                 movea.l D6, A0
FFCE5D6A? 2850                 movea.l (A0), A4
FFCE5D6C? 47D4                 lea     (A4), A3
FFCE5D6E? 2007                 move.l  D7, D0
FFCE5D70? 5280                 addq.l  #1, D0
FFCE5D72? C0BCFFFFFFFE         and.l   #$fffffffe, D0
FFCE5D78? 7218                 moveq   #$18, D1
FFCE5D7A? D081                 add.l   D1, D0
FFCE5D7C? 27400008             move.l  D0, ($8,A3)
FFCE5D80? 206E000C             movea.l ($c,A6), A0
FFCE5D84? 2D48FFF6             move.l  A0, (-$a,A6)
FFCE5D88? 102E0010             move.b  ($10,A6), D0
FFCE5D8C? 6722                 beq     $ffce5db0
FFCE5D8E? 206EFFF6             movea.l (-$a,A6), A0
FFCE5D92? 20BC7265636F         move.l  #$7265636f, (A0)
FFCE5D98? 4AAE0008             tst.l   ($8,A6)
FFCE5D9C? 660A                 bne     $ffce5da8
FFCE5D9E? 206EFFF6             movea.l (-$a,A6), A0
FFCE5DA2? 2750000C             move.l  (A0), ($c,A3)
FFCE5DA6? 601A                 bra     $ffce5dc2
FFCE5DA8d 276E0008000C6012     dc.b    $27,$6E,$00,$08,$00,$0C,$60,$12   ; |'n....`.|
FFCE5DB0? 206EFFF6             movea.l (-$a,A6), A0
FFCE5DB4? 20BC6C697374         move.l  #$6c697374, (A0)
FFCE5DBA? 206EFFF6             movea.l (-$a,A6), A0
FFCE5DBE? 2750000C             move.l  (A0), ($c,A3)
FFCE5DC2? 4A87                 tst.l   D7
FFCE5DC4? 6718                 beq     $ffce5dde
FFCE5DC6? 29470014             move.l  D7, ($14,A4)
FFCE5DCA? 2F2E0016             move.l  ($16,A6), -(A7)
FFCE5DCE? 2046                 movea.l D6, A0
FFCE5DD0? 2010                 move.l  (A0), D0
FFCE5DD2? 7218                 moveq   #$18, D1
FFCE5DD4? D081                 add.l   D1, D0
FFCE5DD6? 2F00                 move.l  D0, -(A7)
FFCE5DD8? 2F07                 move.l  D7, -(A7)
FFCE5DDA? 4EBA4DB4             jsr     ($ffceab90,PC)
FFCE5DDE? 4245                 clr.w   D5
FFCE5DE0? 600C                 bra     $ffce5dee
FFCE5DE2? 4267                 clr.w   -(A7)
FFCE5DE4? 3EB80220             move.w  $220.w, (A7)                      ; CurIOTrap
FFCE5DE8? 3A1F                 move.w  (A7)+, D5
FFCE5DEA? 6002                 bra     $ffce5dee
FFCE5DEC? 7ACE                 moveq   #-$32, D5
FFCE5DEE? 286E000C             movea.l ($c,A6), A4
FFCE5DF2? 29460004             move.l  D6, ($4,A4)
FFCE5DF6? 4A45                 tst.w   D5
FFCE5DF8? 6706                 beq     $ffce5e00
FFCE5DFA? 28BC6E756C6C         move.l  #$6e756c6c, (A4)
FFCE5E00? 3D45001A             move.w  D5, ($1a,A6)
FFCE5E04? 4CDF18E0             movem.l (A7)+, D5-D7/A3-A4
FFCE5E08? 4E5E                 unlk    A6
FFCE5E0A? 4E740012             rtd     #$12; (1+)
FFCE5E0Ed 00004E56FFF6         dc.b    $00,$00,$4E,$56,$FF,$F6           ; |..NV..|
FFCE5E14? 48E70118             movem.l D7/A3-A4, -(A7)
FFCE5E18? 2E2E000C             move.l  ($c,A6), D7
FFCE5E1C? 2047                 movea.l D7, A0
FFCE5E1E? 4210                 clr.b   (A0)
FFCE5E20? 4AAE0010             tst.l   ($10,A6)
FFCE5E24? 67000094             beq     $ffce5eba
FFCE5E28? 206E0010             movea.l ($10,A6), A0
FFCE5E2C? 2850                 movea.l (A0), A4
FFCE5E2E? 203C74617267         move.l  #$74617267, D0
FFCE5E34? B0AC003E             cmp.l   ($3e,A4), D0
FFCE5E38? 665E                 bne     $ffce5e98
FFCE5E3A? 4A6C0092             tst.w   ($92,A4)
FFCE5E3E? 6650                 bne     $ffce5e90
FFCE5E40? 7000                 moveq   #$0, D0
FFCE5E42? 2D40FFF8             move.l  D0, (-$8,A6)
FFCE5E46? 7002                 moveq   #$2, D0
FFCE5E48? 2D40FFFC             move.l  D0, (-$4,A6)
FFCE5E4C? 422EFFF7             clr.b   (-$9,A6)
FFCE5E50? 4267                 clr.w   -(A7)
FFCE5E52? 486C004A             pea     ($4a,A4)
FFCE5E56? 2F2E0008             move.l  ($8,A6), -(A7)
FFCE5E5A? 3F3C0035             move.w  #$35, -(A7)
FFCE5E5E? A88F                 _OSDispatch                               ; A-line trap A88F
FFCE5E60? 4A5F                 tst.w   (A7)+
FFCE5E62? 6616                 bne     $ffce5e7a
FFCE5E64? 4267                 clr.w   -(A7)
FFCE5E66? 2F2E0008             move.l  ($8,A6), -(A7)
FFCE5E6A? 486EFFF8             pea     (-$8,A6)
FFCE5E6E? 486EFFF7             pea     (-$9,A6)
FFCE5E72? 3F3C003D             move.w  #$3d, -(A7)
FFCE5E76? A88F                 _OSDispatch                               ; A-line trap A88F
FFCE5E78? 548F                 addq.l  #2, A7
FFCE5E7A? 102EFFF7             move.b  (-$9,A6), D0
FFCE5E7E? 6708                 beq     $ffce5e88
FFCE5E80? 2047                 movea.l D7, A0
FFCE5E82? 10BC0002             move.b  #$2, (A0)
FFCE5E86? 6032                 bra     $ffce5eba
FFCE5E88? 2047                 movea.l D7, A0
FFCE5E8A? 10BC0003             move.b  #$3, (A0)
FFCE5E8E? 602A                 bra     $ffce5eba
FFCE5E90? 2047                 movea.l D7, A0
FFCE5E92? 10BC0004             move.b  #$4, (A0)
FFCE5E96? 6022                 bra     $ffce5eba
FFCE5E98? 203C70736E20         move.l  #$70736e20, D0
FFCE5E9E? B0AC003E             cmp.l   ($3e,A4), D0
FFCE5EA2? 6616                 bne     $ffce5eba
FFCE5EA4? 47EC0046             lea     ($46,A4), A3
FFCE5EA8? 7002                 moveq   #$2, D0
FFCE5EAA? B0AB0004             cmp.l   ($4,A3), D0
FFCE5EAE? 660A                 bne     $ffce5eba
FFCE5EB0? 4A93                 tst.l   (A3)
FFCE5EB2? 6606                 bne     $ffce5eba
FFCE5EB4? 2047                 movea.l D7, A0
FFCE5EB6? 10BC0001             move.b  #$1, (A0)
FFCE5EBA? 4CDF1880             movem.l (A7)+, D7/A3-A4
FFCE5EBE? 4E5E                 unlk    A6
FFCE5EC0? 4E74000C             rtd     #$c; (1+)
FFCE5EC4? 00000000             ori.b   #$0, D0
FFCE5EC8? 00000000             ori.b   #$0, D0
FFCE5ECC? 00000000             ori.b   #$0, D0
FFCE5ED0? 4E560000             link    A6, #$0
FFCE5ED4? 2F0C                 move.l  A4, -(A7)
FFCE5ED6? 286E0008             movea.l ($8,A6), A4
FFCE5EDA? 422E000C             clr.b   ($c,A6)
FFCE5EDE? 4AAC0010             tst.l   ($10,A4)
FFCE5EE2? 6734                 beq     $ffce5f18
FFCE5EE4? 7000                 moveq   #$0, D0
FFCE5EE6? 302CFFDE             move.w  (-$22,A4), D0
FFCE5EEA? 7240                 moveq   #$40, D1
FFCE5EEC? B380                 eor.l   D1, D0
FFCE5EEE? 3940FFDE             move.w  D0, (-$22,A4)
FFCE5EF2? 4267                 clr.w   -(A7)
FFCE5EF4? 486CFFEC             pea     (-$14,A4)
FFCE5EF8? 486CFFE8             pea     (-$18,A4)
FFCE5EFC? 486CFFE4             pea     (-$1c,A4)
FFCE5F00? 2F2C0010             move.l  ($10,A4), -(A7)
FFCE5F04? 205F                 movea.l (A7)+, A0
FFCE5F06? 4E90                 jsr     (A0)
FFCE5F08? 101F                 move.b  (A7)+, D0
FFCE5F0A? 670C                 beq     $ffce5f18
FFCE5F0C? 397CF951FFFE         move.w  #$f951, (-$2,A4)
FFCE5F12? 1D7C0001000C         move.b  #$1, ($c,A6)
FFCE5F18? 285F                 movea.l (A7)+, A4
FFCE5F1A? 4E5E                 unlk    A6
FFCE5F1C? 4E740004             rtd     #$4; (1+)
FFCE5F20? 4E56FFCE             link    A6, #-$32
FFCE5F24? 48E70108             movem.l D7/A4, -(A7)
FFCE5F28? 422EFFFD             clr.b   (-$3,A6)
FFCE5F2C? 426EFFFE             clr.w   (-$2,A6)
FFCE5F30? 2F2E0014             move.l  ($14,A6), -(A7)
FFCE5F34? 4EBAFDAA             jsr     ($ffce5ce0,PC)
FFCE5F38? 42A7                 clr.l   -(A7)
FFCE5F3A? A975                 _TickCount                                ; A-line trap A975
FFCE5F3C? 206E0014             movea.l ($14,A6), A0
FFCE5F40? 2E10                 move.l  (A0), D7
FFCE5F42? DE9F                 add.l   (A7)+, D7
FFCE5F44? 426EFFDE             clr.w   (-$22,A6)
FFCE5F48? 7001                 moveq   #$1, D0
FFCE5F4A? 2D40FFE8             move.l  D0, (-$18,A6)
FFCE5F4E? 7000                 moveq   #$0, D0
FFCE5F50? 2D40FFE4             move.l  D0, (-$1c,A6)
FFCE5F54? 4AAE0010             tst.l   ($10,A6)
FFCE5F58? 671E                 beq     $ffce5f78
FFCE5F5A? 3D7C8100FFDE         move.w  #$8100, (-$22,A6)
FFCE5F60? 42A7                 clr.l   -(A7)
FFCE5F62? 486EFFEC             pea     (-$14,A6)
FFCE5F66? 4EBA4C38             jsr     ($ffceaba0,PC)
FFCE5F6A? 101F                 move.b  (A7)+, D0
FFCE5F6C? 4267                 clr.w   -(A7)
FFCE5F6E? 2F0E                 move.l  A6, -(A7)
FFCE5F70? 4EBAFF5E             jsr     ($ffce5ed0,PC)
FFCE5F74? 1D5FFFFD             move.b  (A7)+, (-$3,A6)
FFCE5F78? 102EFFFD             move.b  (-$3,A6), D0
FFCE5F7C? 660000E2             bne     $ffce6060
FFCE5F80? 4AAE000C             tst.l   ($c,A6)
FFCE5F84? 6748                 beq     $ffce5fce
FFCE5F86? 4267                 clr.w   -(A7)
FFCE5F88? 2F2E000C             move.l  ($c,A6), -(A7)
FFCE5F8C? 2F2E0008             move.l  ($8,A6), -(A7)
FFCE5F90? 486EFFFE             pea     (-$2,A6)
FFCE5F94? 3F3C0045             move.w  #$45, -(A7)
FFCE5F98? A88F                 _OSDispatch                               ; A-line trap A88F
FFCE5F9A? 101F                 move.b  (A7)+, D0
FFCE5F9C? 6766                 beq     $ffce6004
FFCE5F9E? 286E0008             movea.l ($8,A6), A4
FFCE5FA2? 0C5407C6             cmpi.w  #$7c6, (A4)
FFCE5FA6? 660E                 bne     $ffce5fb6
FFCE5FA8? 42A7                 clr.l   -(A7)
FFCE5FAA? A975                 _TickCount                                ; A-line trap A975
FFCE5FAC? 206E0014             movea.l ($14,A6), A0
FFCE5FB0? 2E10                 move.l  (A0), D7
FFCE5FB2? DE9F                 add.l   (A7)+, D7
FFCE5FB4? 604E                 bra     $ffce6004
FFCE5FB6? 0C5407C7             cmpi.w  #$7c7, (A4)
FFCE5FBA? 6748                 beq     $ffce6004
FFCE5FBC? 1D7C0001FFFD         move.b  #$1, (-$3,A6)
FFCE5FC2? 4A6EFFFE             tst.w   (-$2,A6)
FFCE5FC6? 663C                 bne     $ffce6004
FFCE5FC8? 3D54FFFE             move.w  (A4), (-$2,A6)
FFCE5FCC? 6036                 bra     $ffce6004
FFCE5FCE? 4267                 clr.w   -(A7)
FFCE5FD0? 486EFFD6             pea     (-$2a,A6)
FFCE5FD4? 3F3C0037             move.w  #$37, -(A7)
FFCE5FD8? A88F                 _OSDispatch                               ; A-line trap A88F
FFCE5FDA? 548F                 addq.l  #2, A7
FFCE5FDC? 4267                 clr.w   -(A7)
FFCE5FDE? 486EFFCE             pea     (-$32,A6)
FFCE5FE2? 70FF                 moveq   #-$1, D0
FFCE5FE4? 2F00                 move.l  D0, -(A7)
FFCE5FE6? 3F3C0039             move.w  #$39, -(A7)
FFCE5FEA? A88F                 _OSDispatch                               ; A-line trap A88F
FFCE5FEC? 548F                 addq.l  #2, A7
FFCE5FEE? 4267                 clr.w   -(A7)
FFCE5FF0? 486EFFD6             pea     (-$2a,A6)
FFCE5FF4? 486EFFCE             pea     (-$32,A6)
FFCE5FF8? 486EFFFD             pea     (-$3,A6)
FFCE5FFC? 3F3C003D             move.w  #$3d, -(A7)
FFCE6000? A88F                 _OSDispatch                               ; A-line trap A88F
FFCE6002? 548F                 addq.l  #2, A7
FFCE6004? 102EFFFD             move.b  (-$3,A6), D0
FFCE6008? 6600FF6E             bne     $ffce5f78
FFCE600C? 206E0014             movea.l ($14,A6), A0
FFCE6010? 2F08                 move.l  A0, -(A7)
FFCE6012? 42A7                 clr.l   -(A7)
FFCE6014? A975                 _TickCount                                ; A-line trap A975
FFCE6016? 201F                 move.l  (A7)+, D0
FFCE6018? 205F                 movea.l (A7)+, A0
FFCE601A? 2207                 move.l  D7, D1
FFCE601C? 9280                 sub.l   D0, D1
FFCE601E? 2081                 move.l  D1, (A0)
FFCE6020? 206E0014             movea.l ($14,A6), A0
FFCE6024? 4A90                 tst.l   (A0)
FFCE6026? 6F32                 ble     $ffce605a
FFCE6028? 202EFFE8             move.l  (-$18,A6), D0
FFCE602C? B090                 cmp.l   (A0), D0
FFCE602E? 6F04                 ble     $ffce6034
FFCE6030? 2D50FFE8             move.l  (A0), (-$18,A6)
FFCE6034? 4267                 clr.w   -(A7)
FFCE6036? 3F2EFFDE             move.w  (-$22,A6), -(A7)
FFCE603A? 486EFFEC             pea     (-$14,A6)
FFCE603E? 2F2EFFE8             move.l  (-$18,A6), -(A7)
FFCE6042? 2F2EFFE4             move.l  (-$1c,A6), -(A7)
FFCE6046? A860                 _WaitNextEvent                            ; A-line trap A860
FFCE6048? 101F                 move.b  (A7)+, D0
FFCE604A? 4267                 clr.w   -(A7)
FFCE604C? 2F0E                 move.l  A6, -(A7)
FFCE604E? 4EBAFE80             jsr     ($ffce5ed0,PC)
FFCE6052? 101F                 move.b  (A7)+, D0
FFCE6054? 6700FF22             beq     $ffce5f78
FFCE6058? 6006                 bra     $ffce6060
FFCE605A? 3D7CF950FFFE         move.w  #$f950, (-$2,A6)
FFCE6060? 206E0014             movea.l ($14,A6), A0
FFCE6064? 4A90                 tst.l   (A0)
FFCE6066? 6C04                 bge     $ffce606c
FFCE6068? 7000                 moveq   #$0, D0
FFCE606A? 2080                 move.l  D0, (A0)
FFCE606C? 3D6EFFFE0018         move.w  (-$2,A6), ($18,A6)
FFCE6072? 4CDF1080             movem.l (A7)+, D7/A4
FFCE6076? 4E5E                 unlk    A6
FFCE6078? 4E740010             rtd     #$10; (1+)
FFCE607C? 00000000             ori.b   #$0, D0
FFCE6080? 4E560000             link    A6, #$0
FFCE6084? 206E0008             movea.l ($8,A6), A0
FFCE6088? 226E000C             movea.l ($c,A6), A1
FFCE608C? 236800040004         move.l  ($4,A0), ($4,A1)
FFCE6092? 206E000C             movea.l ($c,A6), A0
FFCE6096? 20BC6D657461         move.l  #$6d657461, (A0)
FFCE609C? 4E5E                 unlk    A6
FFCE609E? 4E740004             rtd     #$4; (1+)
FFCE60A2d 0000000000000000     dc.b    $00,$00,$00,$00,$00,$00,$00,$00,$00,$00,$00,$00,$00,$00,$4E,$56 ; |..............NV|
FFCE60B2d FFF6                 dc.b    $FF,$F6                           ; |..|
FFCE60B4? 48E70F18             movem.l D4-D7/A3-A4, -(A7)
FFCE60B8? 182E000C             move.b  ($c,A6), D4
FFCE60BC? 2A2E0008             move.l  ($8,A6), D5
FFCE60C0? 4246                 clr.w   D6
FFCE60C2? 1004                 move.b  D4, D0
FFCE60C4? 6710                 beq     $ffce60d6
FFCE60C6? 207C000002B6         movea.l #$2b6, A0
FFCE60CC? 2E10                 move.l  (A0), D7
FFCE60CE? DEBC0000017C         add.l   #$17c, D7
FFCE60D4? 600E                 bra     $ffce60e4
FFCE60D6? 207C000002B6         movea.l #$2b6, A0
FFCE60DC? 2E10                 move.l  (A0), D7
FFCE60DE? DEBC00000154         add.l   #$154, D7
FFCE60E4? 2047                 movea.l D7, A0
FFCE60E6? 2245                 movea.l D5, A1
FFCE60E8? 2290                 move.l  (A0), (A1)
FFCE60EA? 2045                 movea.l D5, A0
FFCE60EC? 4A90                 tst.l   (A0)
FFCE60EE? 6652                 bne     $ffce6142
FFCE60F0? 1004                 move.b  D4, D0
FFCE60F2? 670E                 beq     $ffce6102
FFCE60F4? 42A7                 clr.l   -(A7)
FFCE60F6? 703C                 moveq   #$3c, D0
FFCE60F8? 2F00                 move.l  D0, -(A7)
FFCE60FA? 4EBA4A64             jsr     ($ffceab60,PC)
FFCE60FE? 265F                 movea.l (A7)+, A3
FFCE6100? 600C                 bra     $ffce610e
FFCE6102? 42A7                 clr.l   -(A7)
FFCE6104? 704A                 moveq   #$4a, D0
FFCE6106? 2F00                 move.l  D0, -(A7)
FFCE6108? 4EBA4A46             jsr     ($ffceab50,PC)
FFCE610C? 265F                 movea.l (A7)+, A3
FFCE610E? 200B                 move.l  A3, D0
FFCE6110? 660A                 bne     $ffce611c
FFCE6112? 4267                 clr.w   -(A7)
FFCE6114? 3EB80220             move.w  $220.w, (A7)                      ; CurIOTrap
FFCE6118? 3C1F                 move.w  (A7)+, D6
FFCE611A? 6026                 bra     $ffce6142
FFCE611C? 1004                 move.b  D4, D0
FFCE611E? 661A                 bne     $ffce613a
FFCE6120? 2853                 movea.l (A3), A4
FFCE6122? 42A7                 clr.l   -(A7)
FFCE6124? A975                 _TickCount                                ; A-line trap A975
FFCE6126? 201F                 move.l  (A7)+, D0
FFCE6128? 48C0                 ext.l   D0
FFCE612A? D0BC00010000         add.l   #$10000, D0
FFCE6130? 29400040             move.l  D0, ($40,A4)
FFCE6134? 197C00010048         move.b  #$1, ($48,A4)
FFCE613A? 2047                 movea.l D7, A0
FFCE613C? 208B                 move.l  A3, (A0)
FFCE613E? 2045                 movea.l D5, A0
FFCE6140? 208B                 move.l  A3, (A0)
FFCE6142? 3D46000E             move.w  D6, ($e,A6)
FFCE6146? 4CDF18F0             movem.l (A7)+, D4-D7/A3-A4
FFCE614A? 4E5E                 unlk    A6
FFCE614C? 4E740006             rtd     #$6; (1+)
FFCE6150? 4E560000             link    A6, #$0
FFCE6154? 2F0C                 move.l  A4, -(A7)
FFCE6156? 286E0008             movea.l ($8,A6), A4
FFCE615A? 28BC6E756C6C         move.l  #$6e756c6c, (A4)
FFCE6160? 7000                 moveq   #$0, D0
FFCE6162? 29400004             move.l  D0, ($4,A4)
FFCE6166? 285F                 movea.l (A7)+, A4
FFCE6168? 4E5E                 unlk    A6
FFCE616A? 4E740004             rtd     #$4; (1+)
FFCE616Ed 00004E56FFF4         dc.b    $00,$00,$4E,$56,$FF,$F4           ; |..NV..|
FFCE6174? 48E70318             movem.l D6-D7/A3-A4, -(A7)
FFCE6178? 42A7                 clr.l   -(A7)
FFCE617A? 207802B6             movea.l $2b6.w, A0                        ; BasicGlob
FFCE617E? 2EA80154             move.l  ($154,A0), (A7)
FFCE6182? 2C1F                 move.l  (A7)+, D6
FFCE6184? 673A                 beq     $ffce61c0
FFCE6186? 2046                 movea.l D6, A0
FFCE6188? 2850                 movea.l (A0), A4
FFCE618A? 266C003C             movea.l ($3c,A4), A3
FFCE618E? B7EE0008             cmpa.l  ($8,A6), A3
FFCE6192? 660A                 bne     $ffce619e
FFCE6194? 2053                 movea.l (A3), A0
FFCE6196? 29680016003C         move.l  ($16,A0), ($3c,A4)
FFCE619C? 6022                 bra     $ffce61c0
FFCE619E? 200B                 move.l  A3, D0
FFCE61A0? 671E                 beq     $ffce61c0
FFCE61A2? 2053                 movea.l (A3), A0
FFCE61A4? 2E280016             move.l  ($16,A0), D7
FFCE61A8? BEAE0008             cmp.l   ($8,A6), D7
FFCE61AC? 660E                 bne     $ffce61bc
FFCE61AE? 2047                 movea.l D7, A0
FFCE61B0? 2050                 movea.l (A0), A0
FFCE61B2? 2253                 movea.l (A3), A1
FFCE61B4? 236800160016         move.l  ($16,A0), ($16,A1)
FFCE61BA? 6004                 bra     $ffce61c0
FFCE61BCd 264760DE             dc.b    $26,$47,$60,$DE                   ; |&G`.|
FFCE61C0? 4CDF18C0             movem.l (A7)+, D6-D7/A3-A4
FFCE61C4? 4E5E                 unlk    A6
FFCE61C6? 4E740004             rtd     #$4; (1+)
FFCE61CAd 0000000000004E56     dc.b    $00,$00,$00,$00,$00,$00,$4E,$56,$FF,$FC ; |......NV..|
FFCE61D4? 48E70018             movem.l A3-A4, -(A7)
FFCE61D8? 286E0008             movea.l ($8,A6), A4
FFCE61DC? 3D7CF9540010         move.w  #$f954, ($10,A6)
FFCE61E2? 4AAE000C             tst.l   ($c,A6)
FFCE61E6? 6722                 beq     $ffce620a
FFCE61E8? 206E000C             movea.l ($c,A6), A0
FFCE61EC? 202C0008             move.l  ($8,A4), D0
FFCE61F0? D090                 add.l   (A0), D0
FFCE61F2? 2040                 movea.l D0, A0
FFCE61F4? 2650                 movea.l (A0), A3
FFCE61F6? 200B                 move.l  A3, D0
FFCE61F8? 6710                 beq     $ffce620a
FFCE61FA? 4267                 clr.w   -(A7)
FFCE61FC? 2F2C000C             move.l  ($c,A4), -(A7)
FFCE6200? 2F0B                 move.l  A3, -(A7)
FFCE6202? 205F                 movea.l (A7)+, A0
FFCE6204? 4E90                 jsr     (A0)
FFCE6206? 3D5F0010             move.w  (A7)+, ($10,A6)
FFCE620A? 4CDF1800             movem.l (A7)+, A3-A4
FFCE620E? 4E5E                 unlk    A6
FFCE6210? 4E740008             rtd     #$8; (1+)
FFCE6214? 00000000             ori.b   #$0, D0
FFCE6218? 00000000             ori.b   #$0, D0
FFCE621C? 00000000             ori.b   #$0, D0
FFCE6220? 4E56FFFE             link    A6, #-$2
FFCE6224? 2F07                 move.l  D7, -(A7)
FFCE6226? 4267                 clr.w   -(A7)
FFCE6228? 42A7                 clr.l   -(A7)
FFCE622A? 207802B6             movea.l $2b6.w, A0                        ; BasicGlob
FFCE622E? 2EA80154             move.l  ($154,A0), (A7)
FFCE6232? 2F0E                 move.l  A6, -(A7)
FFCE6234? 4EBAFF9A             jsr     ($ffce61d0,PC)
FFCE6238? 3E1F                 move.w  (A7)+, D7
FFCE623A? 0C47F954             cmpi.w  #-$6ac, D7
FFCE623E? 6614                 bne     $ffce6254
FFCE6240? 4267                 clr.w   -(A7)
FFCE6242? 42A7                 clr.l   -(A7)
FFCE6244? 207802B6             movea.l $2b6.w, A0                        ; BasicGlob
FFCE6248? 2EA8017C             move.l  ($17c,A0), (A7)
FFCE624C? 2F0E                 move.l  A6, -(A7)
FFCE624E? 4EBAFF80             jsr     ($ffce61d0,PC)
FFCE6252? 3E1F                 move.w  (A7)+, D7
FFCE6254? 3D470010             move.w  D7, ($10,A6)
FFCE6258? 2E1F                 move.l  (A7)+, D7
FFCE625A? 4E5E                 unlk    A6
FFCE625C? 4E740008             rtd     #$8; (1+)
FFCE6260? 0C400706             cmpi.w  #$706, D0
FFCE6264? 6606                 bne     $ffce626c
FFCE6266? 205F                 movea.l (A7)+, A0
FFCE6268? 42A7                 clr.l   -(A7)
FFCE626A? 2F08                 move.l  A0, -(A7)
FFCE626C? 4EFAFAB2             jmp     ($ffce5d20,PC)
FFCE6270? 4E56FFEE             link    A6, #-$12
FFCE6274? 48E70108             movem.l D7/A4, -(A7)
FFCE6278? 286E0012             movea.l ($12,A6), A4
FFCE627C? 200C                 move.l  A4, D0
FFCE627E? 57C0                 seq     D0
FFCE6280? 220C                 move.l  A4, D1
FFCE6282? 08010000             btst    #$0, D1
FFCE6286? 56C1                 sne     D1
FFCE6288? 8001                 or.b    D1, D0
FFCE628A? 6704                 beq     $ffce6290
FFCE628C? 7ECE                 moveq   #-$32, D7
FFCE628E? 6040                 bra     $ffce62d0
FFCE6290? 2D6E000EFFEE         move.l  ($e,A6), (-$12,A6)
FFCE6296? 2D4CFFF2             move.l  A4, (-$e,A6)
FFCE629A? 102E000A             move.b  ($a,A6), D0
FFCE629E? 6704                 beq     $ffce62a4
FFCE62A0? 52AEFFF2             addq.l  #1, (-$e,A6)
FFCE62A4? 4267                 clr.w   -(A7)
FFCE62A6? 1F2E0008             move.b  ($8,A6), -(A7)
FFCE62AA? 1F2E000C             move.b  ($c,A6), -(A7)
FFCE62AE? 486EFFF6             pea     (-$a,A6)
FFCE62B2? 4EBA01EC             jsr     ($ffce64a0,PC)
FFCE62B6? 3E1F                 move.w  (A7)+, D7
FFCE62B8? 6616                 bne     $ffce62d0
FFCE62BA? 4267                 clr.w   -(A7)
FFCE62BC? 2F2EFFF6             move.l  (-$a,A6), -(A7)
FFCE62C0? 42A7                 clr.l   -(A7)
FFCE62C2? 486E0016             pea     ($16,A6)
FFCE62C6? 486EFFEE             pea     (-$12,A6)
FFCE62CA? 4EBAF5A4             jsr     ($ffce5870,PC)
FFCE62CE? 3E1F                 move.w  (A7)+, D7
FFCE62D0? 3D47001E             move.w  D7, ($1e,A6)
FFCE62D4? 4CDF1080             movem.l (A7)+, D7/A4
FFCE62D8? 4E5E                 unlk    A6
FFCE62DA? 4E740016             rtd     #$16; (1+)
FFCE62DEd 00004E56FFFE         dc.b    $00,$00,$4E,$56,$FF,$FE           ; |..NV..|
FFCE62E4? 4267                 clr.w   -(A7)
FFCE62E6? 2F2E0016             move.l  ($16,A6), -(A7)
FFCE62EA? 2F2E0012             move.l  ($12,A6), -(A7)
FFCE62EE? 2F2E000E             move.l  ($e,A6), -(A7)
FFCE62F2? 2F2E000A             move.l  ($a,A6), -(A7)
FFCE62F6? 486EFFFF             pea     (-$1,A6)
FFCE62FA? 1F2E0008             move.b  ($8,A6), -(A7)
FFCE62FE? 1F3C0001             move.b  #$1, -(A7)
FFCE6302? 4EBA012C             jsr     ($ffce6430,PC)
FFCE6306? 3D5F001A             move.w  (A7)+, ($1a,A6)
FFCE630A? 4E5E                 unlk    A6
FFCE630C? 4E740012             rtd     #$12; (1+)
FFCE6310? 4E56FFF8             link    A6, #-$8
FFCE6314? 48E70108             movem.l D7/A4, -(A7)
FFCE6318? 286E000A             movea.l ($a,A6), A4
FFCE631C? 7000                 moveq   #$0, D0
FFCE631E? 2880                 move.l  D0, (A4)
FFCE6320? 42A7                 clr.l   -(A7)
FFCE6322? 2F2E000E             move.l  ($e,A6), -(A7)
FFCE6326? 4EBA03A8             jsr     ($ffce66d0,PC)
FFCE632A? 2E1F                 move.l  (A7)+, D7
FFCE632C? 6F24                 ble     $ffce6352
FFCE632E? 4267                 clr.w   -(A7)
FFCE6330? 1F2E0008             move.b  ($8,A6), -(A7)
FFCE6334? 486EFFF8             pea     (-$8,A6)
FFCE6338? 4EBAFD76             jsr     ($ffce60b0,PC)
FFCE633C? 3D5F0012             move.w  (A7)+, ($12,A6)
FFCE6340? 4AAEFFF8             tst.l   (-$8,A6)
FFCE6344? 670C                 beq     $ffce6352
FFCE6346? 206EFFF8             movea.l (-$8,A6), A0
FFCE634A? 2007                 move.l  D7, D0
FFCE634C? D090                 add.l   (A0), D0
FFCE634E? 2040                 movea.l D0, A0
FFCE6350? 2890                 move.l  (A0), (A4)
FFCE6352? 4A94                 tst.l   (A4)
FFCE6354? 6608                 bne     $ffce635e
FFCE6356? 3D7CF94E0012         move.w  #$f94e, ($12,A6)
FFCE635C? 6004                 bra     $ffce6362
FFCE635E? 426E0012             clr.w   ($12,A6)
FFCE6362? 4CDF1080             movem.l (A7)+, D7/A4
FFCE6366? 4E5E                 unlk    A6
FFCE6368? 4E74000A             rtd     #$a; (1+)
FFCE636C? 00000000             ori.b   #$0, D0
FFCE6370? 4E56FFF2             link    A6, #-$e
FFCE6374? 48E70318             movem.l D6-D7/A3-A4, -(A7)
FFCE6378? 266E000A             movea.l ($a,A6), A3
FFCE637C? 42A7                 clr.l   -(A7)
FFCE637E? 2F2E000E             move.l  ($e,A6), -(A7)
FFCE6382? 4EBA034C             jsr     ($ffce66d0,PC)
FFCE6386? 2C1F                 move.l  (A7)+, D6
FFCE6388? 6F32                 ble     $ffce63bc
FFCE638A? 4267                 clr.w   -(A7)
FFCE638C? 1F2E0008             move.b  ($8,A6), -(A7)
FFCE6390? 486EFFF8             pea     (-$8,A6)
FFCE6394? 4EBAFD1A             jsr     ($ffce60b0,PC)
FFCE6398? 3E1F                 move.w  (A7)+, D7
FFCE639A? 6624                 bne     $ffce63c0
FFCE639C? 200B                 move.l  A3, D0
FFCE639E? 57C0                 seq     D0
FFCE63A0? 220B                 move.l  A3, D1
FFCE63A2? 08010000             btst    #$0, D1
FFCE63A6? 56C1                 sne     D1
FFCE63A8? 8001                 or.b    D1, D0
FFCE63AA? 6704                 beq     $ffce63b0
FFCE63AC? 7ECE                 moveq   #-$32, D7
FFCE63AE? 6010                 bra     $ffce63c0
FFCE63B0? 206EFFF8             movea.l (-$8,A6), A0
FFCE63B4? 2846                 movea.l D6, A4
FFCE63B6? D9D0                 adda.l  (A0), A4
FFCE63B8? 288B                 move.l  A3, (A4)
FFCE63BA? 6004                 bra     $ffce63c0
FFCE63BC? 3E3CF94E             move.w  #$f94e, D7
FFCE63C0? 3D470012             move.w  D7, ($12,A6)
FFCE63C4? 4CDF18C0             movem.l (A7)+, D6-D7/A3-A4
FFCE63C8? 4E5E                 unlk    A6
FFCE63CA? 4E74000A             rtd     #$a; (1+)
FFCE63CEd 00004E56FFF4         dc.b    $00,$00,$4E,$56,$FF,$F4           ; |..NV..|
FFCE63D4? 48E70108             movem.l D7/A4, -(A7)
FFCE63D8? 42A7                 clr.l   -(A7)
FFCE63DA? 2F2E000E             move.l  ($e,A6), -(A7)
FFCE63DE? 4EBA02F0             jsr     ($ffce66d0,PC)
FFCE63E2? 2E1F                 move.l  (A7)+, D7
FFCE63E4? 6F38                 ble     $ffce641e
FFCE63E6? 4267                 clr.w   -(A7)
FFCE63E8? 1F2E0008             move.b  ($8,A6), -(A7)
FFCE63EC? 486EFFF8             pea     (-$8,A6)
FFCE63F0? 4EBAFCBE             jsr     ($ffce60b0,PC)
FFCE63F4? 3D5F0012             move.w  (A7)+, ($12,A6)
FFCE63F8? 4AAEFFF8             tst.l   (-$8,A6)
FFCE63FC? 6726                 beq     $ffce6424
FFCE63FE? 206EFFF8             movea.l (-$8,A6), A0
FFCE6402? 2847                 movea.l D7, A4
FFCE6404? D9D0                 adda.l  (A0), A4
FFCE6406? 2014                 move.l  (A4), D0
FFCE6408? B0AE000A             cmp.l   ($a,A6), D0
FFCE640C? 57C0                 seq     D0
FFCE640E? 4AAE000A             tst.l   ($a,A6)
FFCE6412? 57C1                 seq     D1
FFCE6414? 8001                 or.b    D1, D0
FFCE6416? 670C                 beq     $ffce6424
FFCE6418? 7000                 moveq   #$0, D0
FFCE641A? 2880                 move.l  D0, (A4)
FFCE641C? 6006                 bra     $ffce6424
FFCE641E? 3D7CF94E0012         move.w  #$f94e, ($12,A6)
FFCE6424? 4CDF1080             movem.l (A7)+, D7/A4
FFCE6428? 4E5E                 unlk    A6
FFCE642A? 4E74000A             rtd     #$a; (1+)
FFCE642Ed 00004E56FFF4         dc.b    $00,$00,$4E,$56,$FF,$F4           ; |..NV..|
FFCE6434? 3D7CF94B0020         move.w  #$f94b, ($20,A6)
FFCE643A? 4267                 clr.w   -(A7)
FFCE643C? 1F2E0008             move.b  ($8,A6), -(A7)
FFCE6440? 1F2E000A             move.b  ($a,A6), -(A7)
FFCE6444? 486EFFFC             pea     (-$4,A6)
FFCE6448? 4EBA0056             jsr     ($ffce64a0,PC)
FFCE644C? 4A5F                 tst.w   (A7)+
FFCE644E? 664A                 bne     $ffce649a
FFCE6450? 4267                 clr.w   -(A7)
FFCE6452? 2F2EFFFC             move.l  (-$4,A6), -(A7)
FFCE6456? 42A7                 clr.l   -(A7)
FFCE6458? 486E0018             pea     ($18,A6)
FFCE645C? 486EFFF4             pea     (-$c,A6)
FFCE6460? 4EBAF25A             jsr     ($ffce56bc,PC)
FFCE6464? 4A5F                 tst.w   (A7)+
FFCE6466? 6632                 bne     $ffce649a
FFCE6468? 206E0014             movea.l ($14,A6), A0
FFCE646C? 20AEFFF8             move.l  (-$8,A6), (A0)
FFCE6470? 206E0010             movea.l ($10,A6), A0
FFCE6474? 20AEFFF4             move.l  (-$c,A6), (A0)
FFCE6478? 206E0014             movea.l ($14,A6), A0
FFCE647C? 082800000003         btst    #$0, ($3,A0)
FFCE6482? 670C                 beq     $ffce6490
FFCE6484? 5390                 subq.l  #1, (A0)
FFCE6486? 206E000C             movea.l ($c,A6), A0
FFCE648A? 10BC0001             move.b  #$1, (A0)
FFCE648E? 6006                 bra     $ffce6496
FFCE6490? 206E000C             movea.l ($c,A6), A0
FFCE6494? 4210                 clr.b   (A0)
FFCE6496? 426E0020             clr.w   ($20,A6)
FFCE649A? 4E5E                 unlk    A6
FFCE649C? 4E740018             rtd     #$18; (1+)
FFCE64A0? 4E56FFFA             link    A6, #-$6
FFCE64A4? 48E70108             movem.l D7/A4, -(A7)
FFCE64A8? 4267                 clr.w   -(A7)
FFCE64AA? 1F2E000C             move.b  ($c,A6), -(A7)
FFCE64AE? 486EFFFA             pea     (-$6,A6)
FFCE64B2? 4EBAFBFC             jsr     ($ffce60b0,PC)
FFCE64B6? 3E1F                 move.w  (A7)+, D7
FFCE64B8? 665E                 bne     $ffce6518
FFCE64BA? 206EFFFA             movea.l (-$6,A6), A0
FFCE64BE? 2850                 movea.l (A0), A4
FFCE64C0? 102E000E             move.b  ($e,A6), D0
FFCE64C4? 6708                 beq     $ffce64ce
FFCE64C6? 206E0008             movea.l ($8,A6), A0
FFCE64CA? 2094                 move.l  (A4), (A0)
FFCE64CC? 6008                 bra     $ffce64d6
FFCE64CE? 206E0008             movea.l ($8,A6), A0
FFCE64D2? 20AC0004             move.l  ($4,A4), (A0)
FFCE64D6? 206E0008             movea.l ($8,A6), A0
FFCE64DA? 4A90                 tst.l   (A0)
FFCE64DC? 663A                 bne     $ffce6518
FFCE64DE? 4267                 clr.w   -(A7)
FFCE64E0? 7008                 moveq   #$8, D0
FFCE64E2? 2F00                 move.l  D0, -(A7)
FFCE64E4? 2F3C00080008         move.l  #$80008, -(A7)
FFCE64EA? 42A7                 clr.l   -(A7)
FFCE64EC? 1F2E000C             move.b  ($c,A6), -(A7)
FFCE64F0? 2F2E0008             move.l  ($8,A6), -(A7)
FFCE64F4? 4EBAF078             jsr     ($ffce556e,PC)
FFCE64F8? 3E1F                 move.w  (A7)+, D7
FFCE64FA? 661C                 bne     $ffce6518
FFCE64FC? 206EFFFA             movea.l (-$6,A6), A0
FFCE6500? 2850                 movea.l (A0), A4
FFCE6502? 102E000E             move.b  ($e,A6), D0
FFCE6506? 6708                 beq     $ffce6510
FFCE6508? 206E0008             movea.l ($8,A6), A0
FFCE650C? 2890                 move.l  (A0), (A4)
FFCE650E? 6008                 bra     $ffce6518
FFCE6510? 206E0008             movea.l ($8,A6), A0
FFCE6514? 29500004             move.l  (A0), ($4,A4)
FFCE6518? 3D470010             move.w  D7, ($10,A6)
FFCE651C? 4CDF1080             movem.l (A7)+, D7/A4
FFCE6520? 4E5E                 unlk    A6
FFCE6522? 4E740008             rtd     #$8; (1+)
FFCE6526d 0000000000000000     dc.b    $00,$00,$00,$00,$00,$00,$00,$00,$00,$00,$4E,$56,$FF,$F8 ; |..........NV..|
FFCE6534? 1D7C00010018         move.b  #$1, ($18,A6)
FFCE653A? 2D6E0010FFFC         move.l  ($10,A6), (-$4,A6)
FFCE6540? 2D6E000CFFF8         move.l  ($c,A6), (-$8,A6)
FFCE6546? 4267                 clr.w   -(A7)
FFCE6548? 2F2E0014             move.l  ($14,A6), -(A7)
FFCE654C? 42A7                 clr.l   -(A7)
FFCE654E? 486EFFF8             pea     (-$8,A6)
FFCE6552? 2F2E0008             move.l  ($8,A6), -(A7)
FFCE6556? 4EBAF164             jsr     ($ffce56bc,PC)
FFCE655A? 4A5F                 tst.w   (A7)+
FFCE655C? 676A                 beq     $ffce65c8
FFCE655E? 2D7C2A2A2A2AFFFC     move.l  #$2a2a2a2a, (-$4,A6)
FFCE6566? 4267                 clr.w   -(A7)
FFCE6568? 2F2E0014             move.l  ($14,A6), -(A7)
FFCE656C? 42A7                 clr.l   -(A7)
FFCE656E? 486EFFF8             pea     (-$8,A6)
FFCE6572? 2F2E0008             move.l  ($8,A6), -(A7)
FFCE6576? 4EBAF144             jsr     ($ffce56bc,PC)
FFCE657A? 4A5F                 tst.w   (A7)+
FFCE657C? 674A                 beq     $ffce65c8
FFCE657E? 2D6E0010FFFC         move.l  ($10,A6), (-$4,A6)
FFCE6584? 2D7C2A2A2A2AFFF8     move.l  #$2a2a2a2a, (-$8,A6)
FFCE658C? 4267                 clr.w   -(A7)
FFCE658E? 2F2E0014             move.l  ($14,A6), -(A7)
FFCE6592? 42A7                 clr.l   -(A7)
FFCE6594? 486EFFF8             pea     (-$8,A6)
FFCE6598? 2F2E0008             move.l  ($8,A6), -(A7)
FFCE659C? 4EBAF11E             jsr     ($ffce56bc,PC)
FFCE65A0? 4A5F                 tst.w   (A7)+
FFCE65A2? 6724                 beq     $ffce65c8
FFCE65A4? 2D7C2A2A2A2AFFFC     move.l  #$2a2a2a2a, (-$4,A6)
FFCE65AC? 4267                 clr.w   -(A7)
FFCE65AE? 2F2E0014             move.l  ($14,A6), -(A7)
FFCE65B2? 42A7                 clr.l   -(A7)
FFCE65B4? 486EFFF8             pea     (-$8,A6)
FFCE65B8? 2F2E0008             move.l  ($8,A6), -(A7)
FFCE65BC? 4EBAF0FE             jsr     ($ffce56bc,PC)
FFCE65C0? 4A5F                 tst.w   (A7)+
FFCE65C2? 6704                 beq     $ffce65c8
FFCE65C4? 422E0018             clr.b   ($18,A6)
FFCE65C8? 4E5E                 unlk    A6
FFCE65CA? 4E740010             rtd     #$10; (1+)
FFCE65CEd 00004E56FFF0         dc.b    $00,$00,$4E,$56,$FF,$F0           ; |..NV..|
FFCE65D4? 2F07                 move.l  D7, -(A7)
FFCE65D6? 3E3CF94B             move.w  #$f94b, D7
FFCE65DA? 4267                 clr.w   -(A7)
FFCE65DC? 1F2E0008             move.b  ($8,A6), -(A7)
FFCE65E0? 1F2E000A             move.b  ($a,A6), -(A7)
FFCE65E4? 486EFFF0             pea     (-$10,A6)
FFCE65E8? 4EBAFEB6             jsr     ($ffce64a0,PC)
FFCE65EC? 4A5F                 tst.w   (A7)+
FFCE65EE? 664C                 bne     $ffce663c
FFCE65F0? 4267                 clr.w   -(A7)
FFCE65F2? 2F2E0014             move.l  ($14,A6), -(A7)
FFCE65F6? 2F2E0010             move.l  ($10,A6), -(A7)
FFCE65FA? 486EFFFC             pea     (-$4,A6)
FFCE65FE? 486EFFF8             pea     (-$8,A6)
FFCE6602? 486EFFF7             pea     (-$9,A6)
FFCE6606? 1F2E000A             move.b  ($a,A6), -(A7)
FFCE660A? 1F2E0008             move.b  ($8,A6), -(A7)
FFCE660E? 4EBAFE20             jsr     ($ffce6430,PC)
FFCE6612? 3E1F                 move.w  (A7)+, D7
FFCE6614? 6626                 bne     $ffce663c
FFCE6616? 202EFFFC             move.l  (-$4,A6), D0
FFCE661A? B0AE000C             cmp.l   ($c,A6), D0
FFCE661E? 57C0                 seq     D0
FFCE6620? 4AAE000C             tst.l   ($c,A6)
FFCE6624? 57C1                 seq     D1
FFCE6626? 8001                 or.b    D1, D0
FFCE6628? 6712                 beq     $ffce663c
FFCE662A? 4267                 clr.w   -(A7)
FFCE662C? 2F2EFFF0             move.l  (-$10,A6), -(A7)
FFCE6630? 42A7                 clr.l   -(A7)
FFCE6632? 486E0010             pea     ($10,A6)
FFCE6636? 4EBAF112             jsr     ($ffce574a,PC)
FFCE663A? 3E1F                 move.w  (A7)+, D7
FFCE663C? 3D470018             move.w  D7, ($18,A6)
FFCE6640? 2E1F                 move.l  (A7)+, D7
FFCE6642? 4E5E                 unlk    A6
FFCE6644? 4E740010             rtd     #$10; (1+)
FFCE6648? 00000000             ori.b   #$0, D0
FFCE664C? 00000000             ori.b   #$0, D0
FFCE6650? 205F                 movea.l (A7)+, A0
FFCE6652? 4267                 clr.w   -(A7)
FFCE6654? 1F3C0001             move.b  #$1, -(A7)
FFCE6658? 2F08                 move.l  A0, -(A7)
FFCE665A? 4EFAFC14             jmp     ($ffce6270,PC)
FFCE665E? 0000205F             ori.b   #$5f, D0
FFCE6662? 2017                 move.l  (A7), D0
FFCE6664? 4840                 swap    D0
FFCE6666? 2E80                 move.l  D0, (A7)
FFCE6668? 4267                 clr.w   -(A7)
FFCE666A? 2F08                 move.l  A0, -(A7)
FFCE666C? 4EFAFC02             jmp     ($ffce6270,PC)
FFCE6670? 205F                 movea.l (A7)+, A0
FFCE6672? 1F3C0001             move.b  #$1, -(A7)
FFCE6676? 2F08                 move.l  A0, -(A7)
FFCE6678? 4EFAFF56             jmp     ($ffce65d0,PC)
FFCE667C? 00000000             ori.b   #$0, D0
FFCE6680? 205F                 movea.l (A7)+, A0
FFCE6682? 4267                 clr.w   -(A7)
FFCE6684? 2F08                 move.l  A0, -(A7)
FFCE6686? 4EFAFF48             jmp     ($ffce65d0,PC)
FFCE668A? 00000000             ori.b   #$0, D0
FFCE668E? 0000205F             ori.b   #$5f, D0
FFCE6692? 4267                 clr.w   -(A7)
FFCE6694? 2F08                 move.l  A0, -(A7)
FFCE6696? 4EFAFD98             jmp     ($ffce6430,PC)
FFCE669Ad 0000000000007068     dc.b    $00,$00,$00,$00,$00,$00,$70,$68,$61,$63,$73,$65,$6C,$68,$62,$6C ; |......phacselhbl|
FFCE66AAd 636B756E             dc.b    $63,$6B,$75,$6E                   ; |ckun|
FFCE66AE? 626B                 bhi     $ffce671b
FFCE66B0? 7874                 moveq   #$74, D4
FFCE66B2? 6F6B                 ble     $ffce671f
FFCE66B4? 636D                 bls     $ffce6723
FFCE66B6? 7072                 moveq   #$72, D0
FFCE66B8? 636F                 bls     $ffce6729
FFCE66BA? 6E74                 bgt     $ffce6730
FFCE66BC? 6D6B                 blt     $ffce6729
FFCE66BE? 6964                 bvs     $ffce6724
FFCE66C0? 6D61                 blt     $ffce6723
FFCE66C2? 726B                 moveq   #$6b, D1
FFCE66C4? 6164                 bsr     $ffce672a
FFCE66C6? 6A6D                 bpl     $ffce6735
FFCE66C8? 6E61                 bgt     $ffce672b
FFCE66CA? 7674                 moveq   #$74, D3
FFCE66CC? 696E                 bvs     $ffce673c
FFCE66CE? 6463                 bcc     $ffce6733
FFCE66D0? 205F                 movea.l (A7)+, A0
FFCE66D2? 201F                 move.l  (A7)+, D0
FFCE66D4? 43FAFFCA             lea     ($ffce66a0,PC), A1
FFCE66D8? 7208                 moveq   #$8, D1
FFCE66DA? 343C000B             move.w  #$b, D2
FFCE66DE? 5881                 addq.l  #4, D1
FFCE66E0? B099                 cmp.l   (A1)+, D0
FFCE66E2? 57CAFFFA             dbeq    D2, $ffce66de
FFCE66E6? 6702                 beq     $ffce66ea
FFCE66E8? 7200                 moveq   #$0, D1
FFCE66EA? 2E81                 move.l  D1, (A7)
FFCE66EC? 4ED0                 jmp     (A0)
FFCE66EEd 00004E56FFF4         dc.b    $00,$00,$4E,$56,$FF,$F4           ; |..NV..|
FFCE66F4? 48E70118             movem.l D7/A3-A4, -(A7)
FFCE66F8? 286E0008             movea.l ($8,A6), A4
FFCE66FC? 3E3CF95C             move.w  #$f95c, D7
FFCE6700? 4AAE000C             tst.l   ($c,A6)
FFCE6704? 6700009E             beq     $ffce67a4
FFCE6708? 206E000C             movea.l ($c,A6), A0
FFCE670C? 2650                 movea.l (A0), A3
FFCE670E? 4AAB0004             tst.l   ($4,A3)
FFCE6712? 67000090             beq     $ffce67a4
FFCE6716? 4267                 clr.w   -(A7)
FFCE6718? 2F2B0004             move.l  ($4,A3), -(A7)
FFCE671C? 2F2C0018             move.l  ($18,A4), -(A7)
FFCE6720? 2F2C000C             move.l  ($c,A4), -(A7)
FFCE6724? 486EFFF8             pea     (-$8,A6)
FFCE6728? 4EBAFE06             jsr     ($ffce6530,PC)
FFCE672C? 101F                 move.b  (A7)+, D0
FFCE672E? 6774                 beq     $ffce67a4
FFCE6730? 082E0000FFFF         btst    #$0, (-$1,A6)
FFCE6736? 6748                 beq     $ffce6780
FFCE6738? 4267                 clr.w   -(A7)
FFCE673A? 2F2C0018             move.l  ($18,A4), -(A7)
FFCE673E? 2F2C0014             move.l  ($14,A4), -(A7)
FFCE6742? 2F2C0010             move.l  ($10,A4), -(A7)
FFCE6746? 486CFFF6             pea     (-$a,A4)
FFCE674A? 4EBAF304             jsr     ($ffce5a50,PC)
FFCE674E? 3E1F                 move.w  (A7)+, D7
FFCE6750? 6652                 bne     $ffce67a4
FFCE6752? 4267                 clr.w   -(A7)
FFCE6754? 486CFFF6             pea     (-$a,A4)
FFCE6758? 2F2C000C             move.l  ($c,A4), -(A7)
FFCE675C? 2F2EFFF8             move.l  (-$8,A6), -(A7)
FFCE6760? 2F2C0008             move.l  ($8,A4), -(A7)
FFCE6764? 202EFFFC             move.l  (-$4,A6), D0
FFCE6768? 5380                 subq.l  #1, D0
FFCE676A? 2F00                 move.l  D0, -(A7)
FFCE676C? 205F                 movea.l (A7)+, A0
FFCE676E? 4E90                 jsr     (A0)
FFCE6770? 3E1F                 move.w  (A7)+, D7
FFCE6772? 4267                 clr.w   -(A7)
FFCE6774? 486CFFF6             pea     (-$a,A4)
FFCE6778? 4EBA0FC6             jsr     ($ffce7740,PC)
FFCE677C? 548F                 addq.l  #2, A7
FFCE677E? 6024                 bra     $ffce67a4
FFCE6780? 4267                 clr.w   -(A7)
FFCE6782? 2F2C0018             move.l  ($18,A4), -(A7)
FFCE6786? 2F2C0014             move.l  ($14,A4), -(A7)
FFCE678A? 2F2C0010             move.l  ($10,A4), -(A7)
FFCE678E? 2F2C000C             move.l  ($c,A4), -(A7)
FFCE6792? 2F2EFFF8             move.l  (-$8,A6), -(A7)
FFCE6796? 2F2C0008             move.l  ($8,A4), -(A7)
FFCE679A? 2F2EFFFC             move.l  (-$4,A6), -(A7)
FFCE679E? 205F                 movea.l (A7)+, A0
FFCE67A0? 4E90                 jsr     (A0)
FFCE67A2? 3E1F                 move.w  (A7)+, D7
FFCE67A4? 3D470010             move.w  D7, ($10,A6)
FFCE67A8? 4CDF1880             movem.l (A7)+, D7/A3-A4
FFCE67AC? 4E5E                 unlk    A6
FFCE67AE? 4E740008             rtd     #$8; (1+)
FFCE67B2d 0000000000000000     dc.b    $00,$00,$00,$00,$00,$00,$00,$00,$00,$00,$00,$00,$00,$00,$4E,$56 ; |..............NV|
FFCE67C2d FFF6                 dc.b    $FF,$F6                           ; |..|
FFCE67C4? 2F07                 move.l  D7, -(A7)
FFCE67C6? 4267                 clr.w   -(A7)
FFCE67C8? 42A7                 clr.l   -(A7)
FFCE67CA? 207802B6             movea.l $2b6.w, A0                        ; BasicGlob
FFCE67CE? 2EA80154             move.l  ($154,A0), (A7)
FFCE67D2? 2F0E                 move.l  A6, -(A7)
FFCE67D4? 4EBAFF1A             jsr     ($ffce66f0,PC)
FFCE67D8? 3E1F                 move.w  (A7)+, D7
FFCE67DA? 0C47F95C             cmpi.w  #-$6a4, D7
FFCE67DE? 6614                 bne     $ffce67f4
FFCE67E0? 4267                 clr.w   -(A7)
FFCE67E2? 42A7                 clr.l   -(A7)
FFCE67E4? 207802B6             movea.l $2b6.w, A0                        ; BasicGlob
FFCE67E8? 2EA8017C             move.l  ($17c,A0), (A7)
FFCE67EC? 2F0E                 move.l  A6, -(A7)
FFCE67EE? 4EBAFF00             jsr     ($ffce66f0,PC)
FFCE67F2? 3E1F                 move.w  (A7)+, D7
FFCE67F4? 0C47F95C             cmpi.w  #-$6a4, D7
FFCE67F8? 661C                 bne     $ffce6816
FFCE67FA? 4267                 clr.w   -(A7)
FFCE67FC? 2F2E0018             move.l  ($18,A6), -(A7)
FFCE6800? 2F2E0014             move.l  ($14,A6), -(A7)
FFCE6804? 2F2E0010             move.l  ($10,A6), -(A7)
FFCE6808? 2F2E000C             move.l  ($c,A6), -(A7)
FFCE680C? 2F2E0008             move.l  ($8,A6), -(A7)
FFCE6810? 4EBA09DE             jsr     ($ffce71f0,PC)
FFCE6814? 3E1F                 move.w  (A7)+, D7
FFCE6816? 4A47                 tst.w   D7
FFCE6818? 6708                 beq     $ffce6822
FFCE681A? 2F2E0008             move.l  ($8,A6), -(A7)
FFCE681E? 4EBAF930             jsr     ($ffce6150,PC)
FFCE6822? 3D47001C             move.w  D7, ($1c,A6)
FFCE6826? 2E1F                 move.l  (A7)+, D7
FFCE6828? 4E5E                 unlk    A6
FFCE682A? 4E740014             rtd     #$14; (1+)
FFCE682Ed 00004E56FFF0         dc.b    $00,$00,$4E,$56,$FF,$F0           ; |..NV..|
FFCE6834? 48E70118             movem.l D7/A3-A4, -(A7)
FFCE6838? 286E0008             movea.l ($8,A6), A4
FFCE683C? 3E3CF95C             move.w  #$f95c, D7
FFCE6840? 4AAE000C             tst.l   ($c,A6)
FFCE6844? 670000C6             beq     $ffce690c
FFCE6848? 206E000C             movea.l ($c,A6), A0
FFCE684C? 2050                 movea.l (A0), A0
FFCE684E? 2D48FFF0             move.l  A0, (-$10,A6)
FFCE6852? 4AA80004             tst.l   ($4,A0)
FFCE6856? 670000B4             beq     $ffce690c
FFCE685A? 4267                 clr.w   -(A7)
FFCE685C? 206EFFF0             movea.l (-$10,A6), A0
FFCE6860? 2F280004             move.l  ($4,A0), -(A7)
FFCE6864? 206C0010             movea.l ($10,A4), A0
FFCE6868? 2F10                 move.l  (A0), -(A7)
FFCE686A? 2F2C000C             move.l  ($c,A4), -(A7)
FFCE686E? 486EFFF8             pea     (-$8,A6)
FFCE6872? 4EBAFCBC             jsr     ($ffce6530,PC)
FFCE6876? 101F                 move.b  (A7)+, D0
FFCE6878? 67000092             beq     $ffce690c
FFCE687C? 082E0000FFFF         btst    #$0, (-$1,A6)
FFCE6882? 6722                 beq     $ffce68a6
FFCE6884? 4267                 clr.w   -(A7)
FFCE6886? 2F2C0010             move.l  ($10,A4), -(A7)
FFCE688A? 2F2C000C             move.l  ($c,A4), -(A7)
FFCE688E? 2F2EFFF8             move.l  (-$8,A6), -(A7)
FFCE6892? 2F2C0008             move.l  ($8,A4), -(A7)
FFCE6896? 202EFFFC             move.l  (-$4,A6), D0
FFCE689A? 5380                 subq.l  #1, D0
FFCE689C? 2F00                 move.l  D0, -(A7)
FFCE689E? 205F                 movea.l (A7)+, A0
FFCE68A0? 4E90                 jsr     (A0)
FFCE68A2? 3E1F                 move.w  (A7)+, D7
FFCE68A4? 6066                 bra     $ffce690c
FFCE68A6? 266C0010             movea.l ($10,A4), A3
FFCE68AA? 4AAB0004             tst.l   ($4,A3)
FFCE68AE? 6726                 beq     $ffce68d6
FFCE68B0? 4267                 clr.w   -(A7)
FFCE68B2? 2F2B0004             move.l  ($4,A3), -(A7)
FFCE68B6? 4EBA42F8             jsr     ($ffceabb0,PC)
FFCE68BA? 195FFFFD             move.b  (A7)+, (-$3,A4)
FFCE68BE? 2F2B0004             move.l  ($4,A3), -(A7)
FFCE68C2? 205F                 movea.l (A7)+, A0
FFCE68C4? A029                 _HLock                                    ; A-line trap A029
FFCE68C6? 42A7                 clr.l   -(A7)
FFCE68C8? 2F2B0004             move.l  ($4,A3), -(A7)
FFCE68CC? 4EBA42A2             jsr     ($ffceab70,PC)
FFCE68D0? 295FFFF0             move.l  (A7)+, (-$10,A4)
FFCE68D4? 6006                 bra     $ffce68dc
FFCE68D6? 7000                 moveq   #$0, D0
FFCE68D8? 2940FFF0             move.l  D0, (-$10,A4)
FFCE68DC? 4267                 clr.w   -(A7)
FFCE68DE? 2F13                 move.l  (A3), -(A7)
FFCE68E0? 206B0004             movea.l ($4,A3), A0
FFCE68E4? 2F10                 move.l  (A0), -(A7)
FFCE68E6? 2F2CFFF0             move.l  (-$10,A4), -(A7)
FFCE68EA? 2F2C000C             move.l  ($c,A4), -(A7)
FFCE68EE? 2F2EFFF8             move.l  (-$8,A6), -(A7)
FFCE68F2? 2F2C0008             move.l  ($8,A4), -(A7)
FFCE68F6? 2F2EFFFC             move.l  (-$4,A6), -(A7)
FFCE68FA? 205F                 movea.l (A7)+, A0
FFCE68FC? 4E90                 jsr     (A0)
FFCE68FE? 3E1F                 move.w  (A7)+, D7
FFCE6900? 2F2B0004             move.l  ($4,A3), -(A7)
FFCE6904? 1F2CFFFD             move.b  (-$3,A4), -(A7)
FFCE6908? 4EBA42B6             jsr     ($ffceabc0,PC)
FFCE690C? 3D470010             move.w  D7, ($10,A6)
FFCE6910? 4CDF1880             movem.l (A7)+, D7/A3-A4
FFCE6914? 4E5E                 unlk    A6
FFCE6916? 4E740008             rtd     #$8; (1+)
FFCE691Ad 0000000000004E56     dc.b    $00,$00,$00,$00,$00,$00,$4E,$56,$FF,$92 ; |......NV..|
FFCE6924? 48E70318             movem.l D6-D7/A3-A4, -(A7)
FFCE6928? 4267                 clr.w   -(A7)
FFCE692A? 42A7                 clr.l   -(A7)
FFCE692C? 207802B6             movea.l $2b6.w, A0                        ; BasicGlob
FFCE6930? 2EA80154             move.l  ($154,A0), (A7)
FFCE6934? 2F0E                 move.l  A6, -(A7)
FFCE6936? 4EBAFEF8             jsr     ($ffce6830,PC)
FFCE693A? 3E1F                 move.w  (A7)+, D7
FFCE693C? 0C47F95C             cmpi.w  #-$6a4, D7
FFCE6940? 6614                 bne     $ffce6956
FFCE6942? 4267                 clr.w   -(A7)
FFCE6944? 42A7                 clr.l   -(A7)
FFCE6946? 207802B6             movea.l $2b6.w, A0                        ; BasicGlob
FFCE694A? 2EA8017C             move.l  ($17c,A0), (A7)
FFCE694E? 2F0E                 move.l  A6, -(A7)
FFCE6950? 4EBAFEDE             jsr     ($ffce6830,PC)
FFCE6954? 3E1F                 move.w  (A7)+, D7
FFCE6956? 0C47F95C             cmpi.w  #-$6a4, D7
FFCE695A? 660002E0             bne     $ffce6c3c
FFCE695E? 286E0010             movea.l ($10,A6), A4
FFCE6962? 2014                 move.l  (A4), D0
FFCE6964? B0AE000C             cmp.l   ($c,A6), D0
FFCE6968? 6614                 bne     $ffce697e
FFCE696A? 4267                 clr.w   -(A7)
FFCE696C? 2F2E0010             move.l  ($10,A6), -(A7)
FFCE6970? 2F2E0008             move.l  ($8,A6), -(A7)
FFCE6974? 4EBAF19A             jsr     ($ffce5b10,PC)
FFCE6978? 3E1F                 move.w  (A7)+, D7
FFCE697A? 600002C0             bra     $ffce6c3c
FFCE697E? 203C6C697374         move.l  #$6c697374, D0
FFCE6984? B094                 cmp.l   (A4), D0
FFCE6986? 57C0                 seq     D0
FFCE6988? 223C2A2A2A2A         move.l  #$2a2a2a2a, D1
FFCE698E? B2AE000C             cmp.l   ($c,A6), D1
FFCE6992? 56C1                 sne     D1
FFCE6994? C001                 and.b   D1, D0
FFCE6996? 673E                 beq     $ffce69d6
FFCE6998? 4267                 clr.w   -(A7)
FFCE699A? 2F2E0010             move.l  ($10,A6), -(A7)
FFCE699E? 486EFFF8             pea     (-$8,A6)
FFCE69A2? 4EBA0C9C             jsr     ($ffce7640,PC)
FFCE69A6? 4A5F                 tst.w   (A7)+
FFCE69A8? 66000292             bne     $ffce6c3c
FFCE69AC? 7001                 moveq   #$1, D0
FFCE69AE? B0AEFFF8             cmp.l   (-$8,A6), D0
FFCE69B2? 66000288             bne     $ffce6c3c
FFCE69B6? 4267                 clr.w   -(A7)
FFCE69B8? 2F2E0010             move.l  ($10,A6), -(A7)
FFCE69BC? 7001                 moveq   #$1, D0
FFCE69BE? 2F00                 move.l  D0, -(A7)
FFCE69C0? 2F2E000C             move.l  ($c,A6), -(A7)
FFCE69C4? 486EFFF4             pea     (-$c,A6)
FFCE69C8? 2F2E0008             move.l  ($8,A6), -(A7)
FFCE69CC? 4EBA2A62             jsr     ($ffce9430,PC)
FFCE69D0? 3E1F                 move.w  (A7)+, D7
FFCE69D2? 60000268             bra     $ffce6c3c
FFCE69D6? 203C7265636F         move.l  #$7265636f, D0
FFCE69DC? B094                 cmp.l   (A4), D0
FFCE69DE? 57C0                 seq     D0
FFCE69E0? 223C2A2A2A2A         move.l  #$2a2a2a2a, D1
FFCE69E6? B2AE000C             cmp.l   ($c,A6), D1
FFCE69EA? 56C1                 sne     D1
FFCE69EC? C001                 and.b   D1, D0
FFCE69EE? 676A                 beq     $ffce6a5a
FFCE69F0? 266E0010             movea.l ($10,A6), A3
FFCE69F4? 4267                 clr.w   -(A7)
FFCE69F6? 2F2B0004             move.l  ($4,A3), -(A7)
FFCE69FA? 4EBA41B4             jsr     ($ffceabb0,PC)
FFCE69FE? 1D5FFFFD             move.b  (A7)+, (-$3,A6)
FFCE6A02? 2F2B0004             move.l  ($4,A3), -(A7)
FFCE6A06? 205F                 movea.l (A7)+, A0
FFCE6A08? A029                 _HLock                                    ; A-line trap A029
FFCE6A0A? 206B0004             movea.l ($4,A3), A0
FFCE6A0E? 2050                 movea.l (A0), A0
FFCE6A10? 2D48FF9A             move.l  A0, (-$66,A6)
FFCE6A14? 4267                 clr.w   -(A7)
FFCE6A16? 206B0004             movea.l ($4,A3), A0
FFCE6A1A? 2010                 move.l  (A0), D0
FFCE6A1C? 7210                 moveq   #$10, D1
FFCE6A1E? D081                 add.l   D1, D0
FFCE6A20? 2F00                 move.l  D0, -(A7)
FFCE6A22? 206E0008             movea.l ($8,A6), A0
FFCE6A26? 48680004             pea     ($4,A0)
FFCE6A2A? 42A7                 clr.l   -(A7)
FFCE6A2C? 2F2B0004             move.l  ($4,A3), -(A7)
FFCE6A30? 4EBA413E             jsr     ($ffceab70,PC)
FFCE6A34? 201F                 move.l  (A7)+, D0
FFCE6A36? 7210                 moveq   #$10, D1
FFCE6A38? 9081                 sub.l   D1, D0
FFCE6A3A? 2F00                 move.l  D0, -(A7)
FFCE6A3C? 4EBA41B2             jsr     ($ffceabf0,PC)
FFCE6A40? 3E1F                 move.w  (A7)+, D7
FFCE6A42? 206E0008             movea.l ($8,A6), A0
FFCE6A46? 20AE000C             move.l  ($c,A6), (A0)
FFCE6A4A? 2F2B0004             move.l  ($4,A3), -(A7)
FFCE6A4E? 1F2EFFFD             move.b  (-$3,A6), -(A7)
FFCE6A52? 4EBA416C             jsr     ($ffceabc0,PC)
FFCE6A56? 600001E4             bra     $ffce6c3c
FFCE6A5A? 203C61657674         move.l  #$61657674, D0
FFCE6A60? B094                 cmp.l   (A4), D0
FFCE6A62? 57C0                 seq     D0
FFCE6A64? 223C61707061         move.l  #$61707061, D1
FFCE6A6A? B2AE000C             cmp.l   ($c,A6), D1
FFCE6A6E? 57C1                 seq     D1
FFCE6A70? C001                 and.b   D1, D0
FFCE6A72? 670000CC             beq     $ffce6b40
FFCE6A76? 206E0010             movea.l ($10,A6), A0
FFCE6A7A? 20680004             movea.l ($4,A0), A0
FFCE6A7E? 2050                 movea.l (A0), A0
FFCE6A80? 20280042             move.l  ($42,A0), D0
FFCE6A84? 7246                 moveq   #$46, D1
FFCE6A86? D081                 add.l   D1, D0
FFCE6A88? 2D40FFF8             move.l  D0, (-$8,A6)
FFCE6A8C? 42A7                 clr.l   -(A7)
FFCE6A8E? 2F2C0004             move.l  ($4,A4), -(A7)
FFCE6A92? 4EBA40DC             jsr     ($ffceab70,PC)
FFCE6A96? 201F                 move.l  (A7)+, D0
FFCE6A98? 90AEFFF8             sub.l   (-$8,A6), D0
FFCE6A9C? 2D40FFF0             move.l  D0, (-$10,A6)
FFCE6AA0? 42A7                 clr.l   -(A7)
FFCE6AA2? 202EFFF0             move.l  (-$10,A6), D0
FFCE6AA6? 7210                 moveq   #$10, D1
FFCE6AA8? D081                 add.l   D1, D0
FFCE6AAA? 5080                 addq.l  #8, D0
FFCE6AAC? 2F00                 move.l  D0, -(A7)
FFCE6AAE? 4EBA4090             jsr     ($ffceab40,PC)
FFCE6AB2? 2C1F                 move.l  (A7)+, D6
FFCE6AB4? 4267                 clr.w   -(A7)
FFCE6AB6? 3EB80220             move.w  $220.w, (A7)                      ; CurIOTrap
FFCE6ABA? 3E1F                 move.w  (A7)+, D7
FFCE6ABC? 4A86                 tst.l   D6
FFCE6ABE? 6700017C             beq     $ffce6c3c
FFCE6AC2? 206E0010             movea.l ($10,A6), A0
FFCE6AC6? 20680004             movea.l ($4,A0), A0
FFCE6ACA? 2650                 movea.l (A0), A3
FFCE6ACC? 2046                 movea.l D6, A0
FFCE6ACE? 2050                 movea.l (A0), A0
FFCE6AD0? 2D48FF96             move.l  A0, (-$6a,A6)
FFCE6AD4? 2D48FF92             move.l  A0, (-$6e,A6)
FFCE6AD8? 30BC0017             move.w  #$17, (A0)
FFCE6ADC? 206EFF92             movea.l (-$6e,A6), A0
FFCE6AE0? 216B00320002         move.l  ($32,A3), ($2,A0)
FFCE6AE6? 206EFF92             movea.l (-$6e,A6), A0
FFCE6AEA? 216B0036000A         move.l  ($36,A3), ($a,A0)
FFCE6AF0? 206EFF92             movea.l (-$6e,A6), A0
FFCE6AF4? 4268000E             clr.w   ($e,A0)
FFCE6AF8? 206EFF96             movea.l (-$6a,A6), A0
FFCE6AFC? 216B003A0010         move.l  ($3a,A3), ($10,A0)
FFCE6B02? 206EFF96             movea.l (-$6a,A6), A0
FFCE6B06? 216EFFF00014         move.l  (-$10,A6), ($14,A0)
FFCE6B0C? 206E0010             movea.l ($10,A6), A0
FFCE6B10? 20680004             movea.l ($4,A0), A0
FFCE6B14? 202EFFF8             move.l  (-$8,A6), D0
FFCE6B18? D090                 add.l   (A0), D0
FFCE6B1A? 2F00                 move.l  D0, -(A7)
FFCE6B1C? 2046                 movea.l D6, A0
FFCE6B1E? 2010                 move.l  (A0), D0
FFCE6B20? 7210                 moveq   #$10, D1
FFCE6B22? D081                 add.l   D1, D0
FFCE6B24? 5080                 addq.l  #8, D0
FFCE6B26? 2F00                 move.l  D0, -(A7)
FFCE6B28? 2F2EFFF0             move.l  (-$10,A6), -(A7)
FFCE6B2C? 4EBA4062             jsr     ($ffceab90,PC)
FFCE6B30? 266E0008             movea.l ($8,A6), A3
FFCE6B34? 26AE000C             move.l  ($c,A6), (A3)
FFCE6B38? 27460004             move.l  D6, ($4,A3)
FFCE6B3C? 600000FE             bra     $ffce6c3c
FFCE6B40? 203C616C6973         move.l  #$616c6973, D0
FFCE6B46? B094                 cmp.l   (A4), D0
FFCE6B48? 57C0                 seq     D0
FFCE6B4A? 223C66737320         move.l  #$66737320, D1
FFCE6B50? B2AE000C             cmp.l   ($c,A6), D1
FFCE6B54? 57C1                 seq     D1
FFCE6B56? C001                 and.b   D1, D0
FFCE6B58? 6700009E             beq     $ffce6bf8
FFCE6B5C? 3D7C0001FF9E         move.w  #$1, (-$62,A6)
FFCE6B62? 4267                 clr.w   -(A7)
FFCE6B64? 42A7                 clr.l   -(A7)
FFCE6B66? 2F3C00000103         move.l  #$103, -(A7)
FFCE6B6C? 206E0010             movea.l ($10,A6), A0
FFCE6B70? 2F280004             move.l  ($4,A0), -(A7)
FFCE6B74? 486EFF9E             pea     (-$62,A6)
FFCE6B78? 486EFFA6             pea     (-$5a,A6)
FFCE6B7C? 486EFFA5             pea     (-$5b,A6)
FFCE6B80? 42A7                 clr.l   -(A7)
FFCE6B82? 42A7                 clr.l   -(A7)
FFCE6B84? 7005                 moveq   #$5, D0
FFCE6B86? A823                 _AliasDispatch                            ; A-line trap A823
FFCE6B88? 3E1F                 move.w  (A7)+, D7
FFCE6B8A? 70DD                 moveq   #-$23, D0
FFCE6B8C? B047                 cmp.w   D7, D0
FFCE6B8E? 6640                 bne     $ffce6bd0
FFCE6B90? 4267                 clr.w   -(A7)
FFCE6B92? 70FF                 moveq   #-$1, D0
FFCE6B94? 2F00                 move.l  D0, -(A7)
FFCE6B96? 42A7                 clr.l   -(A7)
FFCE6B98? 42A7                 clr.l   -(A7)
FFCE6B9A? 4EBA3CC4             jsr     ($ffcea860,PC)
FFCE6B9E? 4A5F                 tst.w   (A7)+
FFCE6BA0? 662E                 bne     $ffce6bd0
FFCE6BA2? 3D7C0001FF9E         move.w  #$1, (-$62,A6)
FFCE6BA8? 4267                 clr.w   -(A7)
FFCE6BAA? 42A7                 clr.l   -(A7)
FFCE6BAC? 2F3C00000101         move.l  #$101, -(A7)
FFCE6BB2? 206E0010             movea.l ($10,A6), A0
FFCE6BB6? 2F280004             move.l  ($4,A0), -(A7)
FFCE6BBA? 486EFF9E             pea     (-$62,A6)
FFCE6BBE? 486EFFA6             pea     (-$5a,A6)
FFCE6BC2? 486EFFA5             pea     (-$5b,A6)
FFCE6BC6? 42A7                 clr.l   -(A7)
FFCE6BC8? 42A7                 clr.l   -(A7)
FFCE6BCA? 7005                 moveq   #$5, D0
FFCE6BCC? A823                 _AliasDispatch                            ; A-line trap A823
FFCE6BCE? 3E1F                 move.w  (A7)+, D7
FFCE6BD0? 4A47                 tst.w   D7
FFCE6BD2? 6668                 bne     $ffce6c3c
FFCE6BD4? 4267                 clr.w   -(A7)
FFCE6BD6? 486EFFA6             pea     (-$5a,A6)
FFCE6BDA? 206E0008             movea.l ($8,A6), A0
FFCE6BDE? 48680004             pea     ($4,A0)
FFCE6BE2? 7046                 moveq   #$46, D0
FFCE6BE4? 2F00                 move.l  D0, -(A7)
FFCE6BE6? 4EBA4008             jsr     ($ffceabf0,PC)
FFCE6BEA? 3E1F                 move.w  (A7)+, D7
FFCE6BEC? 206E0008             movea.l ($8,A6), A0
FFCE6BF0? 20BC66737320         move.l  #$66737320, (A0)
FFCE6BF6? 6044                 bra     $ffce6c3c
FFCE6BF8? 4267                 clr.w   -(A7)
FFCE6BFA? 2F2C0004             move.l  ($4,A4), -(A7)
FFCE6BFE? 4EBA3FB0             jsr     ($ffceabb0,PC)
FFCE6C02? 1D5FFFFD             move.b  (A7)+, (-$3,A6)
FFCE6C06? 2F2C0004             move.l  ($4,A4), -(A7)
FFCE6C0A? 205F                 movea.l (A7)+, A0
FFCE6C0C? A029                 _HLock                                    ; A-line trap A029
FFCE6C0E? 4267                 clr.w   -(A7)
FFCE6C10? 2F14                 move.l  (A4), -(A7)
FFCE6C12? 206C0004             movea.l ($4,A4), A0
FFCE6C16? 2F10                 move.l  (A0), -(A7)
FFCE6C18? 42A7                 clr.l   -(A7)
FFCE6C1A? 2F2C0004             move.l  ($4,A4), -(A7)
FFCE6C1E? 4EBA3F50             jsr     ($ffceab70,PC)
FFCE6C22? 2F2E000C             move.l  ($c,A6), -(A7)
FFCE6C26? 2F2E0008             move.l  ($8,A6), -(A7)
FFCE6C2A? 4EBA05C4             jsr     ($ffce71f0,PC)
FFCE6C2E? 3E1F                 move.w  (A7)+, D7
FFCE6C30? 2F2C0004             move.l  ($4,A4), -(A7)
FFCE6C34? 1F2EFFFD             move.b  (-$3,A6), -(A7)
FFCE6C38? 4EBA3F86             jsr     ($ffceabc0,PC)
FFCE6C3C? 4A47                 tst.w   D7
FFCE6C3E? 6708                 beq     $ffce6c48
FFCE6C40? 2F2E0008             move.l  ($8,A6), -(A7)
FFCE6C44? 4EBAF50A             jsr     ($ffce6150,PC)
FFCE6C48? 3D470014             move.w  D7, ($14,A6)
FFCE6C4C? 4CDF18C0             movem.l (A7)+, D6-D7/A3-A4
FFCE6C50? 4E5E                 unlk    A6
FFCE6C52? 4E74000C             rtd     #$c; (1+)
FFCE6C56d 0000000000000000     dc.b    $00,$00,$00,$00,$00,$00,$00,$00,$00,$00,$4E,$56,$FF,$FE ; |..........NV..|
FFCE6C64? 48E70108             movem.l D7/A4, -(A7)
FFCE6C68? 286E000C             movea.l ($c,A6), A4
FFCE6C6C? 7EFF                 moveq   #-$1, D7
FFCE6C6E? 203C626F6F6C         move.l  #$626f6f6c, D0
FFCE6C74? B0AE0010             cmp.l   ($10,A6), D0
FFCE6C78? 6608                 bne     $ffce6c82
FFCE6C7A? 1014                 move.b  (A4), D0
FFCE6C7C? 4880                 ext.w   D0
FFCE6C7E? 3E00                 move.w  D0, D7
FFCE6C80? 6056                 bra     $ffce6cd8
FFCE6C82? 203C74727565         move.l  #$74727565, D0
FFCE6C88? B0AE0010             cmp.l   ($10,A6), D0
FFCE6C8C? 6604                 bne     $ffce6c92
FFCE6C8E? 7E01                 moveq   #$1, D7
FFCE6C90? 6046                 bra     $ffce6cd8
FFCE6C92? 203C66616C73         move.l  #$66616c73, D0
FFCE6C98? B0AE0010             cmp.l   ($10,A6), D0
FFCE6C9C? 6604                 bne     $ffce6ca2
FFCE6C9E? 4247                 clr.w   D7
FFCE6CA0? 6036                 bra     $ffce6cd8
FFCE6CA2? 203C656E756D         move.l  #$656e756d, D0
FFCE6CA8? B0AE0010             cmp.l   ($10,A6), D0
FFCE6CAC? 661C                 bne     $ffce6cca
FFCE6CAE? 203C74727565         move.l  #$74727565, D0
FFCE6CB4? B094                 cmp.l   (A4), D0
FFCE6CB6? 6604                 bne     $ffce6cbc
FFCE6CB8? 7E01                 moveq   #$1, D7
FFCE6CBA? 601C                 bra     $ffce6cd8
FFCE6CBC? 203C66616C73         move.l  #$66616c73, D0
FFCE6CC2? B094                 cmp.l   (A4), D0
FFCE6CC4? 6612                 bne     $ffce6cd8
FFCE6CC6? 4247                 clr.w   D7
FFCE6CC8? 600E                 bra     $ffce6cd8
FFCE6CCA? 203C73686F72         move.l  #$73686f72, D0
FFCE6CD0? B0AE0010             cmp.l   ($10,A6), D0
FFCE6CD4? 6602                 bne     $ffce6cd8
FFCE6CD6? 3E14                 move.w  (A4), D7
FFCE6CD8? 4A47                 tst.w   D7
FFCE6CDA? 57C0                 seq     D0
FFCE6CDC? 7201                 moveq   #$1, D1
FFCE6CDE? B247                 cmp.w   D7, D1
FFCE6CE0? 57C1                 seq     D1
FFCE6CE2? 8001                 or.b    D1, D0
FFCE6CE4? 4400                 neg.b   D0
FFCE6CE6? 1D400014             move.b  D0, ($14,A6)
FFCE6CEA? 206E0008             movea.l ($8,A6), A0
FFCE6CEE? 3087                 move.w  D7, (A0)
FFCE6CF0? 4CDF1080             movem.l (A7)+, D7/A4
FFCE6CF4? 4E5E                 unlk    A6
FFCE6CF6? 4E74000C             rtd     #$c; (1+)
FFCE6CFAd 0000000000004E56     dc.b    $00,$00,$00,$00,$00,$00,$4E,$56,$FF,$E8 ; |......NV..|
FFCE6D04? 48E70F18             movem.l D4-D7/A3-A4, -(A7)
FFCE6D08? 422E0010             clr.b   ($10,A6)
FFCE6D0C? 202E0008             move.l  ($8,A6), D0
FFCE6D10? 5280                 addq.l  #1, D0
FFCE6D12? C0BCFFFFFFFE         and.l   #$fffffffe, D0
FFCE6D18? 2A00                 move.l  D0, D5
FFCE6D1A? DAAE000C             add.l   ($c,A6), D5
FFCE6D1E? 286E000C             movea.l ($c,A6), A4
FFCE6D22? 2C14                 move.l  (A4), D6
FFCE6D24? 2E2C0004             move.l  ($4,A4), D7
FFCE6D28? 4A86                 tst.l   D6
FFCE6D2A? 6C04                 bge     $ffce6d30
FFCE6D2C? 60000088             bra     $ffce6db6
FFCE6D30? 2007                 move.l  D7, D0
FFCE6D32? 5080                 addq.l  #8, D0
FFCE6D34? 5280                 addq.l  #1, D0
FFCE6D36? C0BCFFFFFFFE         and.l   #$fffffffe, D0
FFCE6D3C? 2640                 movea.l D0, A3
FFCE6D3E? D7EE000C             adda.l  ($c,A6), A3
FFCE6D42? 7008                 moveq   #$8, D0
FFCE6D44? B087                 cmp.l   D7, D0
FFCE6D46? 6E26                 bgt     $ffce6d6e
FFCE6D48? 2007                 move.l  D7, D0
FFCE6D4A? 5080                 addq.l  #8, D0
FFCE6D4C? 5280                 addq.l  #1, D0
FFCE6D4E? C0BCFFFFFFFE         and.l   #$fffffffe, D0
FFCE6D54? 222C000C             move.l  ($c,A4), D1
FFCE6D58? 9280                 sub.l   D0, D1
FFCE6D5A? 5881                 addq.l  #4, D1
FFCE6D5C? 5281                 addq.l  #1, D1
FFCE6D5E? C2BCFFFFFFFE         and.l   #$fffffffe, D1
FFCE6D64? 2006                 move.l  D6, D0
FFCE6D66? 4C010800             muls.l  D1, D0; (2+)
FFCE6D6A? D7C0                 adda.l  D0, A3
FFCE6D6C? 603E                 bra     $ffce6dac
FFCE6D6E? 4A87                 tst.l   D7
FFCE6D70? 6708                 beq     $ffce6d7a
FFCE6D72? 7004                 moveq   #$4, D0
FFCE6D74? B087                 cmp.l   D7, D0
FFCE6D76? 6702                 beq     $ffce6d7a
FFCE6D78? 603C                 bra     $ffce6db6
FFCE6D7A? 2D46FFE8             move.l  D6, (-$18,A6)
FFCE6D7E? 282EFFE8             move.l  (-$18,A6), D4
FFCE6D82? 6022                 bra     $ffce6da6
FFCE6D84? 200B                 move.l  A3, D0
FFCE6D86? 5080                 addq.l  #8, D0
FFCE6D88? 9087                 sub.l   D7, D0
FFCE6D8A? 2040                 movea.l D0, A0
FFCE6D8C? 2010                 move.l  (A0), D0
FFCE6D8E? 720C                 moveq   #$c, D1
FFCE6D90? D081                 add.l   D1, D0
FFCE6D92? 5280                 addq.l  #1, D0
FFCE6D94? 9087                 sub.l   D7, D0
FFCE6D96? C0BCFFFFFFFE         and.l   #$fffffffe, D0
FFCE6D9C? D7C0                 adda.l  D0, A3
FFCE6D9E? BA8B                 cmp.l   A3, D5
FFCE6DA0? 6C02                 bge     $ffce6da4
FFCE6DA2? 6012                 bra     $ffce6db6
FFCE6DA4? 5384                 subq.l  #1, D4
FFCE6DA6? 7001                 moveq   #$1, D0
FFCE6DA8? B084                 cmp.l   D4, D0
FFCE6DAA? 6FD8                 ble     $ffce6d84
FFCE6DAC? BA8B                 cmp.l   A3, D5
FFCE6DAE? 6606                 bne     $ffce6db6
FFCE6DB0? 1D7C00010010         move.b  #$1, ($10,A6)
FFCE6DB6? 4CDF18F0             movem.l (A7)+, D4-D7/A3-A4
FFCE6DBA? 4E5E                 unlk    A6
FFCE6DBC? 4E740008             rtd     #$8; (1+)
FFCE6DC0? 4E56FECA             link    A6, #-$136
FFCE6DC4? 48E70318             movem.l D6-D7/A3-A4, -(A7)
FFCE6DC8? 266E000C             movea.l ($c,A6), A3
FFCE6DCC? 286E0014             movea.l ($14,A6), A4
FFCE6DD0? 2E2E0010             move.l  ($10,A6), D7
FFCE6DD4? 7C01                 moveq   #$1, D6
FFCE6DD6? 203C54455854         move.l  #$54455854, D0
FFCE6DDC? B0AE0018             cmp.l   ($18,A6), D0
FFCE6DE0? 666E                 bne     $ffce6e50
FFCE6DE2? 4206                 clr.b   D6
FFCE6DE4? 0C87000000FF         cmpi.l  #$ff, D7
FFCE6DEA? 6E0001DE             bgt     $ffce6fca
FFCE6DEE? 1D47FEF4             move.b  D7, (-$10c,A6)
FFCE6DF2? 2F0C                 move.l  A4, -(A7)
FFCE6DF4? 486EFEF5             pea     (-$10b,A6)
FFCE6DF8? 2F07                 move.l  D7, -(A7)
FFCE6DFA? 4EBA3D94             jsr     ($ffceab90,PC)
FFCE6DFE? 3D7C0001FED4         move.w  #$1, (-$12c,A6)
FFCE6E04? 486EFEF4             pea     (-$10c,A6)
FFCE6E08? 486EFED4             pea     (-$12c,A6)
FFCE6E0C? 486EFED8             pea     (-$128,A6)
FFCE6E10? 486EFED7             pea     (-$129,A6)
FFCE6E14? 4EBA4076             jsr     ($ffceae8c,PC)
FFCE6E18? 302EFED4             move.w  (-$12c,A6), D0
FFCE6E1C? 48C0                 ext.l   D0
FFCE6E1E? BE80                 cmp.l   D0, D7
FFCE6E20? 5DC0                 slt     D0
FFCE6E22? C02EFED7             and.b   (-$129,A6), D0
FFCE6E26? 670001A2             beq     $ffce6fca
FFCE6E2A? 206E0008             movea.l ($8,A6), A0
FFCE6E2E? 2F08                 move.l  A0, -(A7)
FFCE6E30? 486EFECA             pea     (-$136,A6)
FFCE6E34? 486EFED8             pea     (-$128,A6)
FFCE6E38? 4EBA3F16             jsr     ($ffcead50,PC)
FFCE6E3C? 588F                 addq.l  #4, A7
FFCE6E3E? 205F                 movea.l (A7)+, A0
FFCE6E40? 43EEFECA             lea     (-$136,A6), A1
FFCE6E44? 20D9                 move.l  (A1)+, (A0)+
FFCE6E46? 20D9                 move.l  (A1)+, (A0)+
FFCE6E48? 3091                 move.w  (A1), (A0)
FFCE6E4A? 7C01                 moveq   #$1, D6
FFCE6E4C? 6000017C             bra     $ffce6fca
FFCE6E50? 203C6C6F6E67         move.l  #$6c6f6e67, D0
FFCE6E56? B0AE0018             cmp.l   ($18,A6), D0
FFCE6E5A? 57C0                 seq     D0
FFCE6E5C? 7204                 moveq   #$4, D1
FFCE6E5E? B287                 cmp.l   D7, D1
FFCE6E60? 57C1                 seq     D1
FFCE6E62? C001                 and.b   D1, D0
FFCE6E64? 671E                 beq     $ffce6e84
FFCE6E66? 2F0C                 move.l  A4, -(A7)
FFCE6E68? 486EFECA             pea     (-$136,A6)
FFCE6E6C? 3F3C280E             move.w  #$280e, -(A7)
FFCE6E70? A9EB                 _FP68K                                    ; A-line trap A9EB
FFCE6E72? 206E0008             movea.l ($8,A6), A0
FFCE6E76? 43EEFECA             lea     (-$136,A6), A1
FFCE6E7A? 20D9                 move.l  (A1)+, (A0)+
FFCE6E7C? 20D9                 move.l  (A1)+, (A0)+
FFCE6E7E? 3091                 move.w  (A1), (A0)
FFCE6E80? 60000148             bra     $ffce6fca
FFCE6E84? 203C73686F72         move.l  #$73686f72, D0
FFCE6E8A? B0AE0018             cmp.l   ($18,A6), D0
FFCE6E8E? 57C0                 seq     D0
FFCE6E90? 7202                 moveq   #$2, D1
FFCE6E92? B287                 cmp.l   D7, D1
FFCE6E94? 57C1                 seq     D1
FFCE6E96? C001                 and.b   D1, D0
FFCE6E98? 671E                 beq     $ffce6eb8
FFCE6E9A? 2F0C                 move.l  A4, -(A7)
FFCE6E9C? 486EFECA             pea     (-$136,A6)
FFCE6EA0? 3F3C200E             move.w  #$200e, -(A7)
FFCE6EA4? A9EB                 _FP68K                                    ; A-line trap A9EB
FFCE6EA6? 206E0008             movea.l ($8,A6), A0
FFCE6EAA? 43EEFECA             lea     (-$136,A6), A1
FFCE6EAE? 20D9                 move.l  (A1)+, (A0)+
FFCE6EB0? 20D9                 move.l  (A1)+, (A0)+
FFCE6EB2? 3091                 move.w  (A1), (A0)
FFCE6EB4? 60000114             bra     $ffce6fca
FFCE6EB8? 203C636F6D70         move.l  #$636f6d70, D0
FFCE6EBE? B0AE0018             cmp.l   ($18,A6), D0
FFCE6EC2? 57C0                 seq     D0
FFCE6EC4? 7208                 moveq   #$8, D1
FFCE6EC6? B287                 cmp.l   D7, D1
FFCE6EC8? 57C1                 seq     D1
FFCE6ECA? C001                 and.b   D1, D0
FFCE6ECC? 6722                 beq     $ffce6ef0
FFCE6ECE? 2F0C                 move.l  A4, -(A7)
FFCE6ED0? 486EFECA             pea     (-$136,A6)
FFCE6ED4? 3F3C300E             move.w  #$300e, -(A7)
FFCE6ED8? A9EB                 _FP68K                                    ; A-line trap A9EB
FFCE6EDA? 206E0008             movea.l ($8,A6), A0
FFCE6EDE? 43EEFECA             lea     (-$136,A6), A1
FFCE6EE2? 20D9                 move.l  (A1)+, (A0)+
FFCE6EE4? 20D9                 move.l  (A1)+, (A0)+
FFCE6EE6? 3091                 move.w  (A1), (A0)
FFCE6EE8? 36BC0013             move.w  #$13, (A3)
FFCE6EEC? 600000DC             bra     $ffce6fca
FFCE6EF0? 203C73696E67         move.l  #$73696e67, D0
FFCE6EF6? B0AE0018             cmp.l   ($18,A6), D0
FFCE6EFA? 57C0                 seq     D0
FFCE6EFC? 7204                 moveq   #$4, D1
FFCE6EFE? B287                 cmp.l   D7, D1
FFCE6F00? 57C1                 seq     D1
FFCE6F02? C001                 and.b   D1, D0
FFCE6F04? 6722                 beq     $ffce6f28
FFCE6F06? 2F0C                 move.l  A4, -(A7)
FFCE6F08? 486EFECA             pea     (-$136,A6)
FFCE6F0C? 3F3C100E             move.w  #$100e, -(A7)
FFCE6F10? A9EB                 _FP68K                                    ; A-line trap A9EB
FFCE6F12? 206E0008             movea.l ($8,A6), A0
FFCE6F16? 43EEFECA             lea     (-$136,A6), A1
FFCE6F1A? 20D9                 move.l  (A1)+, (A0)+
FFCE6F1C? 20D9                 move.l  (A1)+, (A0)+
FFCE6F1E? 3091                 move.w  (A1), (A0)
FFCE6F20? 36BC0008             move.w  #$8, (A3)
FFCE6F24? 600000A4             bra     $ffce6fca
FFCE6F28? 203C646F7562         move.l  #$646f7562, D0
FFCE6F2E? B0AE0018             cmp.l   ($18,A6), D0
FFCE6F32? 57C0                 seq     D0
FFCE6F34? 7208                 moveq   #$8, D1
FFCE6F36? B287                 cmp.l   D7, D1
FFCE6F38? 57C1                 seq     D1
FFCE6F3A? C001                 and.b   D1, D0
FFCE6F3C? 6720                 beq     $ffce6f5e
FFCE6F3E? 2F0C                 move.l  A4, -(A7)
FFCE6F40? 486EFECA             pea     (-$136,A6)
FFCE6F44? 3F3C080E             move.w  #$80e, -(A7)
FFCE6F48? A9EB                 _FP68K                                    ; A-line trap A9EB
FFCE6F4A? 206E0008             movea.l ($8,A6), A0
FFCE6F4E? 43EEFECA             lea     (-$136,A6), A1
FFCE6F52? 20D9                 move.l  (A1)+, (A0)+
FFCE6F54? 20D9                 move.l  (A1)+, (A0)+
FFCE6F56? 3091                 move.w  (A1), (A0)
FFCE6F58? 36BC0010             move.w  #$10, (A3)
FFCE6F5C? 606C                 bra     $ffce6fca
FFCE6F5E? 203C65787465         move.l  #$65787465, D0
FFCE6F64? B0AE0018             cmp.l   ($18,A6), D0
FFCE6F68? 57C0                 seq     D0
FFCE6F6A? 720A                 moveq   #$a, D1
FFCE6F6C? B287                 cmp.l   D7, D1
FFCE6F6E? 57C1                 seq     D1
FFCE6F70? C001                 and.b   D1, D0
FFCE6F72? 6712                 beq     $ffce6f86
FFCE6F74? 206E0008             movea.l ($8,A6), A0
FFCE6F78? 224C                 movea.l A4, A1
FFCE6F7A? 20D9                 move.l  (A1)+, (A0)+
FFCE6F7C? 20D9                 move.l  (A1)+, (A0)+
FFCE6F7E? 3091                 move.w  (A1), (A0)
FFCE6F80? 36BC0014             move.w  #$14, (A3)
FFCE6F84? 6044                 bra     $ffce6fca
FFCE6F86? 203C6D61676E         move.l  #$6d61676e, D0
FFCE6F8C? B0AE0018             cmp.l   ($18,A6), D0
FFCE6F90? 57C0                 seq     D0
FFCE6F92? 7204                 moveq   #$4, D1
FFCE6F94? B287                 cmp.l   D7, D1
FFCE6F96? 57C1                 seq     D1
FFCE6F98? C001                 and.b   D1, D0
FFCE6F9A? 672C                 beq     $ffce6fc8
FFCE6F9C? 7000                 moveq   #$0, D0
FFCE6F9E? 2D40FFF8             move.l  D0, (-$8,A6)
FFCE6FA2? 2D54FFFC             move.l  (A4), (-$4,A6)
FFCE6FA6? 486EFFF8             pea     (-$8,A6)
FFCE6FAA? 486EFECA             pea     (-$136,A6)
FFCE6FAE? 3F3C300E             move.w  #$300e, -(A7)
FFCE6FB2? A9EB                 _FP68K                                    ; A-line trap A9EB
FFCE6FB4? 206E0008             movea.l ($8,A6), A0
FFCE6FB8? 43EEFECA             lea     (-$136,A6), A1
FFCE6FBC? 20D9                 move.l  (A1)+, (A0)+
FFCE6FBE? 20D9                 move.l  (A1)+, (A0)+
FFCE6FC0? 3091                 move.w  (A1), (A0)
FFCE6FC2? 36BC000A             move.w  #$a, (A3)
FFCE6FC6? 6002                 bra     $ffce6fca
FFCE6FC8? 4206                 clr.b   D6
FFCE6FCA? 1006                 move.b  D6, D0
FFCE6FCC? 6712                 beq     $ffce6fe0
FFCE6FCE? 4267                 clr.w   -(A7)
FFCE6FD0? 2F2E0008             move.l  ($8,A6), -(A7)
FFCE6FD4? 4EBA3E3E             jsr     ($ffceae14,PC)
FFCE6FD8? 7003                 moveq   #$3, D0
FFCE6FDA? B01F                 cmp.b   (A7)+, D0
FFCE6FDC? 5FC6                 sle     D6
FFCE6FDE? 4406                 neg.b   D6
FFCE6FE0? 1D46001C             move.b  D6, ($1c,A6)
FFCE6FE4? 4CDF18C0             movem.l (A7)+, D6-D7/A3-A4
FFCE6FE8? 4E5E                 unlk    A6
FFCE6FEA? 4E740014             rtd     #$14; (1+)
FFCE6FEEd 00004E56FFEC         dc.b    $00,$00,$4E,$56,$FF,$EC           ; |..NV..|
FFCE6FF4? 48E70108             movem.l D7/A4, -(A7)
FFCE6FF8? 286E0008             movea.l ($8,A6), A4
FFCE6FFC? 486EFFFE             pea     (-$2,A6)
FFCE7000? 4EBA3D0E             jsr     ($ffcead10,PC)
FFCE7004? 7000                 moveq   #$0, D0
FFCE7006? 302EFFFE             move.w  (-$2,A6), D0
FFCE700A? C0BC00006060         and.l   #$6060, D0
FFCE7010? 3F00                 move.w  D0, -(A7)
FFCE7012? 4EBA3CEC             jsr     ($ffcead00,PC)
FFCE7016? 7E01                 moveq   #$1, D7
FFCE7018? 203C73686F72         move.l  #$73686f72, D0
FFCE701E? B0AE000C             cmp.l   ($c,A6), D0
FFCE7022? 6610                 bne     $ffce7034
FFCE7024? 4267                 clr.w   -(A7)
FFCE7026? 2F2E0010             move.l  ($10,A6), -(A7)
FFCE702A? 4EBA3D44             jsr     ($ffcead70,PC)
FFCE702E? 389F                 move.w  (A7)+, (A4)
FFCE7030? 600000BC             bra     $ffce70ee
FFCE7034? 203C6C6F6E67         move.l  #$6c6f6e67, D0
FFCE703A? B0AE000C             cmp.l   ($c,A6), D0
FFCE703E? 6610                 bne     $ffce7050
FFCE7040? 42A7                 clr.l   -(A7)
FFCE7042? 2F2E0010             move.l  ($10,A6), -(A7)
FFCE7046? 4EBA3D38             jsr     ($ffcead80,PC)
FFCE704A? 289F                 move.l  (A7)+, (A4)
FFCE704C? 600000A0             bra     $ffce70ee
FFCE7050? 203C73696E67         move.l  #$73696e67, D0
FFCE7056? B0AE000C             cmp.l   ($c,A6), D0
FFCE705A? 6610                 bne     $ffce706c
FFCE705C? 42A7                 clr.l   -(A7)
FFCE705E? 2F2E0010             move.l  ($10,A6), -(A7)
FFCE7062? 4EBA3DCC             jsr     ($ffceae30,PC)
FFCE7066? 289F                 move.l  (A7)+, (A4)
FFCE7068? 60000084             bra     $ffce70ee
FFCE706C? 203C646F7562         move.l  #$646f7562, D0
FFCE7072? B0AE000C             cmp.l   ($c,A6), D0
FFCE7076? 661A                 bne     $ffce7092
FFCE7078? 486EFFEC             pea     (-$14,A6)
FFCE707C? 2F2E0010             move.l  ($10,A6), -(A7)
FFCE7080? 4EBA3DBE             jsr     ($ffceae40,PC)
FFCE7084? 588F                 addq.l  #4, A7
FFCE7086? 41EEFFEC             lea     (-$14,A6), A0
FFCE708A? 224C                 movea.l A4, A1
FFCE708C? 22D8                 move.l  (A0)+, (A1)+
FFCE708E? 22D8                 move.l  (A0)+, (A1)+
FFCE7090? 605C                 bra     $ffce70ee
FFCE7092? 203C636F6D70         move.l  #$636f6d70, D0
FFCE7098? B0AE000C             cmp.l   ($c,A6), D0
FFCE709C? 661A                 bne     $ffce70b8
FFCE709E? 486EFFEC             pea     (-$14,A6)
FFCE70A2? 2F2E0010             move.l  ($10,A6), -(A7)
FFCE70A6? 4EBA3DA8             jsr     ($ffceae50,PC)
FFCE70AA? 588F                 addq.l  #4, A7
FFCE70AC? 41EEFFEC             lea     (-$14,A6), A0
FFCE70B0? 224C                 movea.l A4, A1
FFCE70B2? 22D8                 move.l  (A0)+, (A1)+
FFCE70B4? 22D8                 move.l  (A0)+, (A1)+
FFCE70B6? 6036                 bra     $ffce70ee
FFCE70B8? 203C6D61676E         move.l  #$6d61676e, D0
FFCE70BE? B0AE000C             cmp.l   ($c,A6), D0
FFCE70C2? 6628                 bne     $ffce70ec
FFCE70C4? 486EFFEC             pea     (-$14,A6)
FFCE70C8? 2F2E0010             move.l  ($10,A6), -(A7)
FFCE70CC? 4EBA3D82             jsr     ($ffceae50,PC)
FFCE70D0? 588F                 addq.l  #4, A7
FFCE70D2? 41EEFFF4             lea     (-$c,A6), A0
FFCE70D6? 43EEFFEC             lea     (-$14,A6), A1
FFCE70DA? 20D9                 move.l  (A1)+, (A0)+
FFCE70DC? 20D9                 move.l  (A1)+, (A0)+
FFCE70DE? 4AAEFFF4             tst.l   (-$c,A6)
FFCE70E2? 57C7                 seq     D7
FFCE70E4? 4407                 neg.b   D7
FFCE70E6? 28AEFFF8             move.l  (-$8,A6), (A4)
FFCE70EA? 6002                 bra     $ffce70ee
FFCE70EC? 4207                 clr.b   D7
FFCE70EE? 2F3C00050000         move.l  #$50000, -(A7)
FFCE70F4? 4EBA3B62             jsr     ($ffceac58,PC)
FFCE70F8? 101F                 move.b  (A7)+, D0
FFCE70FA? 0A000001             eori.b  #$1, D0
FFCE70FE? 2207                 move.l  D7, D1
FFCE7100? C200                 and.b   D0, D1
FFCE7102? 1D410014             move.b  D1, ($14,A6)
FFCE7106? 3F2EFFFE             move.w  (-$2,A6), -(A7)
FFCE710A? 4EBA3BF4             jsr     ($ffcead00,PC)
FFCE710E? 4CDF1080             movem.l (A7)+, D7/A4
FFCE7112? 4E5E                 unlk    A6
FFCE7114? 4E74000C             rtd     #$c; (1+)
FFCE7118? 00000000             ori.b   #$0, D0
FFCE711C? 00000000             ori.b   #$0, D0
FFCE7120? 4E56FFDA             link    A6, #-$26
FFCE7124? 48E70108             movem.l D7/A4, -(A7)
FFCE7128? 486EFFDC             pea     (-$24,A6)
FFCE712C? 4EBA3BE2             jsr     ($ffcead10,PC)
FFCE7130? 7000                 moveq   #$0, D0
FFCE7132? 302EFFDC             move.w  (-$24,A6), D0
FFCE7136? C0BC00006060         and.l   #$6060, D0
FFCE713C? 3F00                 move.w  D0, -(A7)
FFCE713E? 4EBA3BC0             jsr     ($ffcead00,PC)
FFCE7142? 422EFFFC             clr.b   (-$4,A6)
FFCE7146? 3D6E0010FFFE         move.w  ($10,A6), (-$2,A6)
FFCE714C? 2F2EFFFC             move.l  (-$4,A6), -(A7)
FFCE7150? 2F2E000C             move.l  ($c,A6), -(A7)
FFCE7154? 486EFFDE             pea     (-$22,A6)
FFCE7158? 4EBA3BD6             jsr     ($ffcead30,PC)
FFCE715C? 41EEFFE2             lea     (-$1e,A6), A0
FFCE7160? 4240                 clr.w   D0
FFCE7162? 102EFFE2             move.b  (-$1e,A6), D0
FFCE7166? 48C0                 ext.l   D0
FFCE7168? 2840                 movea.l D0, A4
FFCE716A? D9C8                 adda.l  A0, A4
FFCE716C? 1014                 move.b  (A4), D0
FFCE716E? 4880                 ext.w   D0
FFCE7170? 7230                 moveq   #$30, D1
FFCE7172? B240                 cmp.w   D0, D1
FFCE7174? 6608                 bne     $ffce717e
FFCE7176? 526EFFE0             addq.w  #1, (-$20,A6)
FFCE717A? 538C                 subq.l  #1, A4
FFCE717C? 60EE                 bra     $ffce716c
FFCE717E? 41EEFFE2             lea     (-$1e,A6), A0
FFCE7182? 200C                 move.l  A4, D0
FFCE7184? 9088                 sub.l   A0, D0
FFCE7186? 3D40FFFE             move.w  D0, (-$2,A6)
FFCE718A? 3E2EFFFE             move.w  (-$2,A6), D7
FFCE718E? DE6EFFE0             add.w   (-$20,A6), D7
FFCE7192? 4A6EFFE0             tst.w   (-$20,A6)
FFCE7196? 6C18                 bge     $ffce71b0
FFCE7198? 70FB                 moveq   #-$5, D0
FFCE719A? B047                 cmp.w   D7, D0
FFCE719C? 6E22                 bgt     $ffce71c0
FFCE719E? 1D7C0001FFFC         move.b  #$1, (-$4,A6)
FFCE71A4? 302EFFE0             move.w  (-$20,A6), D0
FFCE71A8? 4440                 neg.w   D0
FFCE71AA? 3D40FFFE             move.w  D0, (-$2,A6)
FFCE71AE? 6010                 bra     $ffce71c0
FFCE71B0? BE6E0010             cmp.w   ($10,A6), D7
FFCE71B4? 6E0A                 bgt     $ffce71c0
FFCE71B6? 1D7C0001FFFC         move.b  #$1, (-$4,A6)
FFCE71BC? 426EFFFE             clr.w   (-$2,A6)
FFCE71C0? 2F2EFFFC             move.l  (-$4,A6), -(A7)
FFCE71C4? 2F2E000C             move.l  ($c,A6), -(A7)
FFCE71C8? 2F2E0008             move.l  ($8,A6), -(A7)
FFCE71CC? 4EBA3C92             jsr     ($ffceae60,PC)
FFCE71D0? 3F2EFFDC             move.w  (-$24,A6), -(A7)
FFCE71D4? 4EBA3B2A             jsr     ($ffcead00,PC)
FFCE71D8? 4CDF1080             movem.l (A7)+, D7/A4
FFCE71DC? 4E5E                 unlk    A6
FFCE71DE? 4E74000A             rtd     #$a; (1+)
FFCE71E2d 0000000000000000     dc.b    $00,$00,$00,$00,$00,$00,$00,$00,$00,$00,$00,$00,$00,$00,$4E,$56 ; |..............NV|
FFCE71F2d FEE0                 dc.b    $FE,$E0                           ; |..|
FFCE71F4? 48E70F18             movem.l D4-D7/A3-A4, -(A7)
FFCE71F8? 286E0014             movea.l ($14,A6), A4
FFCE71FC? 282E0010             move.l  ($10,A6), D4
FFCE7200? 3C3CF95C             move.w  #$f95c, D6
FFCE7204? 206E0008             movea.l ($8,A6), A0
FFCE7208? 20AE000C             move.l  ($c,A6), (A0)
FFCE720C? 202E000C             move.l  ($c,A6), D0
FFCE7210? B0AE0018             cmp.l   ($18,A6), D0
FFCE7214? 6618                 bne     $ffce722e
FFCE7216? 4267                 clr.w   -(A7)
FFCE7218? 2F2E000C             move.l  ($c,A6), -(A7)
FFCE721C? 2F0C                 move.l  A4, -(A7)
FFCE721E? 2F04                 move.l  D4, -(A7)
FFCE7220? 2F2E0008             move.l  ($8,A6), -(A7)
FFCE7224? 4EBAE82A             jsr     ($ffce5a50,PC)
FFCE7228? 3C1F                 move.w  (A7)+, D6
FFCE722A? 60000398             bra     $ffce75c4
FFCE722E? 203C6C697374         move.l  #$6c697374, D0
FFCE7234? B0AE000C             cmp.l   ($c,A6), D0
FFCE7238? 6642                 bne     $ffce727c
FFCE723A? 4267                 clr.w   -(A7)
FFCE723C? 42A7                 clr.l   -(A7)
FFCE723E? 42A7                 clr.l   -(A7)
FFCE7240? 4267                 clr.w   -(A7)
FFCE7242? 2F2E0008             move.l  ($8,A6), -(A7)
FFCE7246? 42A7                 clr.l   -(A7)
FFCE7248? 4EBAEAD6             jsr     ($ffce5d20,PC)
FFCE724C? 3C1F                 move.w  (A7)+, D6
FFCE724E? 66000374             bne     $ffce75c4
FFCE7252? 4267                 clr.w   -(A7)
FFCE7254? 2F2E0008             move.l  ($8,A6), -(A7)
FFCE7258? 42A7                 clr.l   -(A7)
FFCE725A? 2F2E0018             move.l  ($18,A6), -(A7)
FFCE725E? 2F0C                 move.l  A4, -(A7)
FFCE7260? 2F04                 move.l  D4, -(A7)
FFCE7262? 4EBA216C             jsr     ($ffce93d0,PC)
FFCE7266? 3C1F                 move.w  (A7)+, D6
FFCE7268? 6700035A             beq     $ffce75c4
FFCE726C? 4267                 clr.w   -(A7)
FFCE726E? 2F2E0008             move.l  ($8,A6), -(A7)
FFCE7272? 4EBA04CC             jsr     ($ffce7740,PC)
FFCE7276? 548F                 addq.l  #2, A7
FFCE7278? 6000034A             bra     $ffce75c4
FFCE727C? 203C7265636F         move.l  #$7265636f, D0
FFCE7282? B0AE000C             cmp.l   ($c,A6), D0
FFCE7286? 663C                 bne     $ffce72c4
FFCE7288? 4267                 clr.w   -(A7)
FFCE728A? 2F0C                 move.l  A4, -(A7)
FFCE728C? 2F04                 move.l  D4, -(A7)
FFCE728E? 4EBAFA70             jsr     ($ffce6d00,PC)
FFCE7292? 101F                 move.b  (A7)+, D0
FFCE7294? 6700032E             beq     $ffce75c4
FFCE7298? 4267                 clr.w   -(A7)
FFCE729A? 2F2E000C             move.l  ($c,A6), -(A7)
FFCE729E? 2F0C                 move.l  A4, -(A7)
FFCE72A0? 2F04                 move.l  D4, -(A7)
FFCE72A2? 2F2E0008             move.l  ($8,A6), -(A7)
FFCE72A6? 4EBAE7A8             jsr     ($ffce5a50,PC)
FFCE72AA? 3C1F                 move.w  (A7)+, D6
FFCE72AC? 66000316             bne     $ffce75c4
FFCE72B0? 206E0008             movea.l ($8,A6), A0
FFCE72B4? 20680004             movea.l ($4,A0), A0
FFCE72B8? 2050                 movea.l (A0), A0
FFCE72BA? 216E0018000C         move.l  ($18,A6), ($c,A0)
FFCE72C0? 60000302             bra     $ffce75c4
FFCE72C4? 4207                 clr.b   D7
FFCE72C6? 47EEFFF4             lea     (-$c,A6), A3
FFCE72CA? 7A04                 moveq   #$4, D5
FFCE72CC? 203C54455854         move.l  #$54455854, D0
FFCE72D2? B0AE000C             cmp.l   ($c,A6), D0
FFCE72D6? 6678                 bne     $ffce7350
FFCE72D8? 422EFEE2             clr.b   (-$11e,A6)
FFCE72DC? 203C73686F72         move.l  #$73686f72, D0
FFCE72E2? B0AE0018             cmp.l   ($18,A6), D0
FFCE72E6? 6610                 bne     $ffce72f8
FFCE72E8? 3014                 move.w  (A4), D0
FFCE72EA? 48C0                 ext.l   D0
FFCE72EC? 2F00                 move.l  D0, -(A7)
FFCE72EE? 486EFEE2             pea     (-$11e,A6)
FFCE72F2? 4EBA393C             jsr     ($ffceac30,PC)
FFCE72F6? 6042                 bra     $ffce733a
FFCE72F8? 203C6C6F6E67         move.l  #$6c6f6e67, D0
FFCE72FE? B0AE0018             cmp.l   ($18,A6), D0
FFCE7302? 660C                 bne     $ffce7310
FFCE7304? 2F14                 move.l  (A4), -(A7)
FFCE7306? 486EFEE2             pea     (-$11e,A6)
FFCE730A? 4EBA3924             jsr     ($ffceac30,PC)
FFCE730E? 602A                 bra     $ffce733a
FFCE7310? 4267                 clr.w   -(A7)
FFCE7312? 2F2E0018             move.l  ($18,A6), -(A7)
FFCE7316? 2F0C                 move.l  A4, -(A7)
FFCE7318? 2F04                 move.l  D4, -(A7)
FFCE731A? 486EFEE0             pea     (-$120,A6)
FFCE731E? 486EFFE8             pea     (-$18,A6)
FFCE7322? 4EBAFA9C             jsr     ($ffce6dc0,PC)
FFCE7326? 101F                 move.b  (A7)+, D0
FFCE7328? 6710                 beq     $ffce733a
FFCE732A? 3F2EFEE0             move.w  (-$120,A6), -(A7)
FFCE732E? 486EFFE8             pea     (-$18,A6)
FFCE7332? 486EFEE2             pea     (-$11e,A6)
FFCE7336? 4EBAFDE8             jsr     ($ffce7120,PC)
FFCE733A? 4245                 clr.w   D5
FFCE733C? 1A2EFEE2             move.b  (-$11e,A6), D5
FFCE7340? 4A45                 tst.w   D5
FFCE7342? 6F000264             ble     $ffce75a8
FFCE7346? 7E01                 moveq   #$1, D7
FFCE7348? 47EEFEE3             lea     (-$11d,A6), A3
FFCE734C? 6000025A             bra     $ffce75a8
FFCE7350? 203C626F6F6C         move.l  #$626f6f6c, D0
FFCE7356? B0AE000C             cmp.l   ($c,A6), D0
FFCE735A? 6626                 bne     $ffce7382
FFCE735C? 4267                 clr.w   -(A7)
FFCE735E? 2F2E0018             move.l  ($18,A6), -(A7)
FFCE7362? 2F0C                 move.l  A4, -(A7)
FFCE7364? 486EFFF4             pea     (-$c,A6)
FFCE7368? 4EBAF8F6             jsr     ($ffce6c60,PC)
FFCE736C? 101F                 move.b  (A7)+, D0
FFCE736E? 67000238             beq     $ffce75a8
FFCE7372? 7E01                 moveq   #$1, D7
FFCE7374? 41EEFFF4             lea     (-$c,A6), A0
FFCE7378? 2648                 movea.l A0, A3
FFCE737A? 528B                 addq.l  #1, A3
FFCE737C? 7A01                 moveq   #$1, D5
FFCE737E? 60000228             bra     $ffce75a8
FFCE7382? 203C73686F72         move.l  #$73686f72, D0
FFCE7388? B0AE000C             cmp.l   ($c,A6), D0
FFCE738C? 66000082             bne     $ffce7410
FFCE7390? 7A02                 moveq   #$2, D5
FFCE7392? 203C6C6F6E67         move.l  #$6c6f6e67, D0
FFCE7398? B0AE0018             cmp.l   ($18,A6), D0
FFCE739C? 6624                 bne     $ffce73c2
FFCE739E? 303C8000             move.w  #$8000, D0
FFCE73A2? 4440                 neg.w   D0
FFCE73A4? 48C0                 ext.l   D0
FFCE73A6? B094                 cmp.l   (A4), D0
FFCE73A8? 6E0001FE             bgt     $ffce75a8
FFCE73AC? 0C9400007FFF         cmpi.l  #$7fff, (A4)
FFCE73B2? 6E0001F4             bgt     $ffce75a8
FFCE73B6? 3D6C0002FFF4         move.w  ($2,A4), (-$c,A6)
FFCE73BC? 7E01                 moveq   #$1, D7
FFCE73BE? 600001E8             bra     $ffce75a8
FFCE73C2? 4267                 clr.w   -(A7)
FFCE73C4? 2F2E0018             move.l  ($18,A6), -(A7)
FFCE73C8? 2F0C                 move.l  A4, -(A7)
FFCE73CA? 486EFFF4             pea     (-$c,A6)
FFCE73CE? 4EBAF890             jsr     ($ffce6c60,PC)
FFCE73D2? 101F                 move.b  (A7)+, D0
FFCE73D4? 6706                 beq     $ffce73dc
FFCE73D6? 7E01                 moveq   #$1, D7
FFCE73D8? 600001CE             bra     $ffce75a8
FFCE73DC? 4267                 clr.w   -(A7)
FFCE73DE? 2F2E0018             move.l  ($18,A6), -(A7)
FFCE73E2? 2F0C                 move.l  A4, -(A7)
FFCE73E4? 2F04                 move.l  D4, -(A7)
FFCE73E6? 486EFEE0             pea     (-$120,A6)
FFCE73EA? 486EFFE8             pea     (-$18,A6)
FFCE73EE? 4EBAF9D0             jsr     ($ffce6dc0,PC)
FFCE73F2? 101F                 move.b  (A7)+, D0
FFCE73F4? 670001B2             beq     $ffce75a8
FFCE73F8? 4267                 clr.w   -(A7)
FFCE73FA? 486EFFE8             pea     (-$18,A6)
FFCE73FE? 2F2E000C             move.l  ($c,A6), -(A7)
FFCE7402? 486EFFF4             pea     (-$c,A6)
FFCE7406? 4EBAFBE8             jsr     ($ffce6ff0,PC)
FFCE740A? 1E1F                 move.b  (A7)+, D7
FFCE740C? 6000019A             bra     $ffce75a8
FFCE7410? 203C6C6F6E67         move.l  #$6c6f6e67, D0
FFCE7416? B0AE000C             cmp.l   ($c,A6), D0
FFCE741A? 6668                 bne     $ffce7484
FFCE741C? 203C6D61676E         move.l  #$6d61676e, D0
FFCE7422? B0AE0018             cmp.l   ($18,A6), D0
FFCE7426? 660E                 bne     $ffce7436
FFCE7428? 2D54FFF4             move.l  (A4), (-$c,A6)
FFCE742C? 6D00017A             blt     $ffce75a8
FFCE7430? 7E01                 moveq   #$1, D7
FFCE7432? 60000174             bra     $ffce75a8
FFCE7436? 203C73686F72         move.l  #$73686f72, D0
FFCE743C? B0AE0018             cmp.l   ($18,A6), D0
FFCE7440? 660E                 bne     $ffce7450
FFCE7442? 3014                 move.w  (A4), D0
FFCE7444? 48C0                 ext.l   D0
FFCE7446? 2D40FFF4             move.l  D0, (-$c,A6)
FFCE744A? 7E01                 moveq   #$1, D7
FFCE744C? 6000015A             bra     $ffce75a8
FFCE7450? 4267                 clr.w   -(A7)
FFCE7452? 2F2E0018             move.l  ($18,A6), -(A7)
FFCE7456? 2F0C                 move.l  A4, -(A7)
FFCE7458? 2F04                 move.l  D4, -(A7)
FFCE745A? 486EFEE0             pea     (-$120,A6)
FFCE745E? 486EFFE8             pea     (-$18,A6)
FFCE7462? 4EBAF95C             jsr     ($ffce6dc0,PC)
FFCE7466? 101F                 move.b  (A7)+, D0
FFCE7468? 6700013E             beq     $ffce75a8
FFCE746C? 4267                 clr.w   -(A7)
FFCE746E? 486EFFE8             pea     (-$18,A6)
FFCE7472? 2F2E000C             move.l  ($c,A6), -(A7)
FFCE7476? 486EFFF4             pea     (-$c,A6)
FFCE747A? 4EBAFB74             jsr     ($ffce6ff0,PC)
FFCE747E? 1E1F                 move.b  (A7)+, D7
FFCE7480? 60000126             bra     $ffce75a8
FFCE7484? 203C6D61676E         move.l  #$6d61676e, D0
FFCE748A? B0AE000C             cmp.l   ($c,A6), D0
FFCE748E? 57C0                 seq     D0
FFCE7490? 223C636F6D70         move.l  #$636f6d70, D1
FFCE7496? B2AE000C             cmp.l   ($c,A6), D1
FFCE749A? 57C1                 seq     D1
FFCE749C? 8001                 or.b    D1, D0
FFCE749E? 223C73696E67         move.l  #$73696e67, D1
FFCE74A4? B2AE000C             cmp.l   ($c,A6), D1
FFCE74A8? 57C1                 seq     D1
FFCE74AA? 8001                 or.b    D1, D0
FFCE74AC? 223C646F7562         move.l  #$646f7562, D1
FFCE74B2? B2AE000C             cmp.l   ($c,A6), D1
FFCE74B6? 57C1                 seq     D1
FFCE74B8? 8001                 or.b    D1, D0
FFCE74BA? 6756                 beq     $ffce7512
FFCE74BC? 4267                 clr.w   -(A7)
FFCE74BE? 2F2E0018             move.l  ($18,A6), -(A7)
FFCE74C2? 2F0C                 move.l  A4, -(A7)
FFCE74C4? 2F04                 move.l  D4, -(A7)
FFCE74C6? 486EFEE0             pea     (-$120,A6)
FFCE74CA? 486EFFE8             pea     (-$18,A6)
FFCE74CE? 4EBAF8F0             jsr     ($ffce6dc0,PC)
FFCE74D2? 101F                 move.b  (A7)+, D0
FFCE74D4? 670000D2             beq     $ffce75a8
FFCE74D8? 4267                 clr.w   -(A7)
FFCE74DA? 486EFFE8             pea     (-$18,A6)
FFCE74DE? 2F2E000C             move.l  ($c,A6), -(A7)
FFCE74E2? 486EFFF4             pea     (-$c,A6)
FFCE74E6? 4EBAFB08             jsr     ($ffce6ff0,PC)
FFCE74EA? 1E1F                 move.b  (A7)+, D7
FFCE74EC? 203C636F6D70         move.l  #$636f6d70, D0
FFCE74F2? B0AE000C             cmp.l   ($c,A6), D0
FFCE74F6? 6606                 bne     $ffce74fe
FFCE74F8? 7A08                 moveq   #$8, D5
FFCE74FA? 600000AC             bra     $ffce75a8
FFCE74FE? 203C646F7562         move.l  #$646f7562, D0
FFCE7504? B0AE000C             cmp.l   ($c,A6), D0
FFCE7508? 6600009E             bne     $ffce75a8
FFCE750C? 7A08                 moveq   #$8, D5
FFCE750E? 60000098             bra     $ffce75a8
FFCE7512? 203C65787465         move.l  #$65787465, D0
FFCE7518? B0AE000C             cmp.l   ($c,A6), D0
FFCE751C? 6620                 bne     $ffce753e
FFCE751E? 4267                 clr.w   -(A7)
FFCE7520? 2F2E0018             move.l  ($18,A6), -(A7)
FFCE7524? 2F0C                 move.l  A4, -(A7)
FFCE7526? 2F04                 move.l  D4, -(A7)
FFCE7528? 486EFEE0             pea     (-$120,A6)
FFCE752C? 486EFFF4             pea     (-$c,A6)
FFCE7530? 4EBAF88E             jsr     ($ffce6dc0,PC)
FFCE7534? 101F                 move.b  (A7)+, D0
FFCE7536? 6770                 beq     $ffce75a8
FFCE7538? 7E01                 moveq   #$1, D7
FFCE753A? 7A0A                 moveq   #$a, D5
FFCE753C? 606A                 bra     $ffce75a8
FFCE753E? 203C656E756D         move.l  #$656e756d, D0
FFCE7544? B0AE000C             cmp.l   ($c,A6), D0
FFCE7548? 6630                 bne     $ffce757a
FFCE754A? 4267                 clr.w   -(A7)
FFCE754C? 2F2E0018             move.l  ($18,A6), -(A7)
FFCE7550? 2F0C                 move.l  A4, -(A7)
FFCE7552? 486EFFF4             pea     (-$c,A6)
FFCE7556? 4EBAF708             jsr     ($ffce6c60,PC)
FFCE755A? 101F                 move.b  (A7)+, D0
FFCE755C? 674A                 beq     $ffce75a8
FFCE755E? 7E01                 moveq   #$1, D7
FFCE7560? 4A6EFFF4             tst.w   (-$c,A6)
FFCE7564? 660A                 bne     $ffce7570
FFCE7566? 2D7C66616C73FFF4     move.l  #$66616c73, (-$c,A6)
FFCE756E? 6038                 bra     $ffce75a8
FFCE7570d 2D7C74727565FFF4     dc.b    $2D,$7C,$74,$72,$75,$65,$FF,$F4,$60,$2E ; |-|true..`.|
FFCE757A? 203C73656374         move.l  #$73656374, D0
FFCE7580? B0AE000C             cmp.l   ($c,A6), D0
FFCE7584? 6622                 bne     $ffce75a8
FFCE7586? 203C74696420         move.l  #$74696420, D0
FFCE758C? B0AE0018             cmp.l   ($18,A6), D0
FFCE7590? 6616                 bne     $ffce75a8
FFCE7592? 7008                 moveq   #$8, D0
FFCE7594? B084                 cmp.l   D4, D0
FFCE7596? 6610                 bne     $ffce75a8
FFCE7598? 203C73656374         move.l  #$73656374, D0
FFCE759E? B094                 cmp.l   (A4), D0
FFCE75A0? 6606                 bne     $ffce75a8
FFCE75A2? 7E01                 moveq   #$1, D7
FFCE75A4? 264C                 movea.l A4, A3
FFCE75A6? 588B                 addq.l  #4, A3
FFCE75A8? 1007                 move.b  D7, D0
FFCE75AA? 6718                 beq     $ffce75c4
FFCE75AC? 4267                 clr.w   -(A7)
FFCE75AE? 2F0B                 move.l  A3, -(A7)
FFCE75B0? 206E0008             movea.l ($8,A6), A0
FFCE75B4? 48680004             pea     ($4,A0)
FFCE75B8? 3005                 move.w  D5, D0
FFCE75BA? 48C0                 ext.l   D0
FFCE75BC? 2F00                 move.l  D0, -(A7)
FFCE75BE? 4EBA3630             jsr     ($ffceabf0,PC)
FFCE75C2? 3C1F                 move.w  (A7)+, D6
FFCE75C4? 3D46001C             move.w  D6, ($1c,A6)
FFCE75C8? 4CDF18F0             movem.l (A7)+, D4-D7/A3-A4
FFCE75CC? 4E5E                 unlk    A6
FFCE75CE? 4E740014             rtd     #$14; (1+)
FFCE75D2d 0000000000000000     dc.b    $00,$00,$00,$00,$00,$00,$00,$00,$00,$00,$00,$00,$00,$00,$4E,$56 ; |..............NV|
FFCE75E2d FFF0                 dc.b    $FF,$F0                           ; |..|
FFCE75E4? 2F07                 move.l  D7, -(A7)
FFCE75E6? 4267                 clr.w   -(A7)
FFCE75E8? 2F2E000C             move.l  ($c,A6), -(A7)
FFCE75EC? 486EFFF0             pea     (-$10,A6)
FFCE75F0? 4EBA155E             jsr     ($ffce8b50,PC)
FFCE75F4? 3E1F                 move.w  (A7)+, D7
FFCE75F6? 6634                 bne     $ffce762c
FFCE75F8? 4267                 clr.w   -(A7)
FFCE75FA? 2F2E0014             move.l  ($14,A6), -(A7)
FFCE75FE? 2F2E0010             move.l  ($10,A6), -(A7)
FFCE7602? 2F2EFFF0             move.l  (-$10,A6), -(A7)
FFCE7606? 2F2EFFF4             move.l  (-$c,A6), -(A7)
FFCE760A? 2F2EFFF8             move.l  (-$8,A6), -(A7)
FFCE760E? 2F2E0008             move.l  ($8,A6), -(A7)
FFCE7612? 7001                 moveq   #$1, D0
FFCE7614? 2F00                 move.l  D0, -(A7)
FFCE7616? 4EBA1A68             jsr     ($ffce9080,PC)
FFCE761A? 3E1F                 move.w  (A7)+, D7
FFCE761C? 206E000C             movea.l ($c,A6), A0
FFCE7620? 2F280004             move.l  ($4,A0), -(A7)
FFCE7624? 1F2EFFFC             move.b  (-$4,A6), -(A7)
FFCE7628? 4EBA3596             jsr     ($ffceabc0,PC)
FFCE762C? 3D470018             move.w  D7, ($18,A6)
FFCE7630? 2E1F                 move.l  (A7)+, D7
FFCE7632? 4E5E                 unlk    A6
FFCE7634? 4E740010             rtd     #$10; (1+)
FFCE7638? 00000000             ori.b   #$0, D0
FFCE763C? 00000000             ori.b   #$0, D0
FFCE7640? 4E56FFFC             link    A6, #-$4
FFCE7644? 48E70118             movem.l D7/A3-A4, -(A7)
FFCE7648? 266E0008             movea.l ($8,A6), A3
FFCE764C? 7000                 moveq   #$0, D0
FFCE764E? 2680                 move.l  D0, (A3)
FFCE7650? 4267                 clr.w   -(A7)
FFCE7652? 2F2E000C             move.l  ($c,A6), -(A7)
FFCE7656? 486EFFFF             pea     (-$1,A6)
FFCE765A? 1F3C0001             move.b  #$1, -(A7)
FFCE765E? 4EBA1610             jsr     ($ffce8c70,PC)
FFCE7662? 3E1F                 move.w  (A7)+, D7
FFCE7664? 661A                 bne     $ffce7680
FFCE7666? 206E000C             movea.l ($c,A6), A0
FFCE766A? 20680004             movea.l ($4,A0), A0
FFCE766E? 2850                 movea.l (A0), A4
FFCE7670? 4A2EFFFF             tst.b   (-$1,A6)
FFCE7674? 6606                 bne     $ffce767c
FFCE7676? 26AC000C             move.l  ($c,A4), (A3)
FFCE767A? 6004                 bra     $ffce7680
FFCE767C? 26AC0010             move.l  ($10,A4), (A3)
FFCE7680? 3D470010             move.w  D7, ($10,A6)
FFCE7684? 4CDF1880             movem.l (A7)+, D7/A3-A4
FFCE7688? 4E5E                 unlk    A6
FFCE768A? 4E740008             rtd     #$8; (1+)
FFCE768Ed 00004E56FFF0         dc.b    $00,$00,$4E,$56,$FF,$F0           ; |..NV..|
FFCE7694? 2F07                 move.l  D7, -(A7)
FFCE7696? 4267                 clr.w   -(A7)
FFCE7698? 2F2E0012             move.l  ($12,A6), -(A7)
FFCE769C? 486EFFF0             pea     (-$10,A6)
FFCE76A0? 4EBA14AE             jsr     ($ffce8b50,PC)
FFCE76A4? 3E1F                 move.w  (A7)+, D7
FFCE76A6? 6672                 bne     $ffce771a
FFCE76A8? 4267                 clr.w   -(A7)
FFCE76AA? 2F2EFFF8             move.l  (-$8,A6), -(A7)
FFCE76AE? 2F2E001A             move.l  ($1a,A6), -(A7)
FFCE76B2? 2F2E0016             move.l  ($16,A6), -(A7)
FFCE76B6? 302E0010             move.w  ($10,A6), D0
FFCE76BA? 48C0                 ext.l   D0
FFCE76BC? 2F00                 move.l  D0, -(A7)
FFCE76BE? 2F2E000C             move.l  ($c,A6), -(A7)
FFCE76C2? 2F2E0008             move.l  ($8,A6), -(A7)
FFCE76C6? 4EBA0908             jsr     ($ffce7fd0,PC)
FFCE76CA? 3E1F                 move.w  (A7)+, D7
FFCE76CC? 663C                 bne     $ffce770a
FFCE76CE? 4267                 clr.w   -(A7)
FFCE76D0? 206E0008             movea.l ($8,A6), A0
FFCE76D4? 2F280004             move.l  ($4,A0), -(A7)
FFCE76D8? 2F2EFFF0             move.l  (-$10,A6), -(A7)
FFCE76DC? 2F2EFFF4             move.l  (-$c,A6), -(A7)
FFCE76E0? 2F2EFFF8             move.l  (-$8,A6), -(A7)
FFCE76E4? 4EBA191A             jsr     ($ffce9000,PC)
FFCE76E8? 3E1F                 move.w  (A7)+, D7
FFCE76EA? 670E                 beq     $ffce76fa
FFCE76EC? 206E0008             movea.l ($8,A6), A0
FFCE76F0? 2F280004             move.l  ($4,A0), -(A7)
FFCE76F4? 205F                 movea.l (A7)+, A0
FFCE76F6? A023                 _DisposeHandle                            ; A-line trap A023
FFCE76F8? 6010                 bra     $ffce770a
FFCE76FA? 4267                 clr.w   -(A7)
FFCE76FC? 206E0008             movea.l ($8,A6), A0
FFCE7700? 2F280004             move.l  ($4,A0), -(A7)
FFCE7704? 4EBA07AA             jsr     ($ffce7eb0,PC)
FFCE7708? 548F                 addq.l  #2, A7
FFCE770A? 206E0012             movea.l ($12,A6), A0
FFCE770E? 2F280004             move.l  ($4,A0), -(A7)
FFCE7712? 1F2EFFFC             move.b  (-$4,A6), -(A7)
FFCE7716? 4EBA34A8             jsr     ($ffceabc0,PC)
FFCE771A? 4A47                 tst.w   D7
FFCE771C? 6708                 beq     $ffce7726
FFCE771E? 2F2E0008             move.l  ($8,A6), -(A7)
FFCE7722? 4EBAEA2C             jsr     ($ffce6150,PC)
FFCE7726? 3D47001E             move.w  D7, ($1e,A6)
FFCE772A? 2E1F                 move.l  (A7)+, D7
FFCE772C? 4E5E                 unlk    A6
FFCE772E? 4E740016             rtd     #$16; (1+)
FFCE7732d 0000000000000000     dc.b    $00,$00,$00,$00,$00,$00,$00,$00,$00,$00,$00,$00,$00,$00,$4E,$56 ; |..............NV|
FFCE7742d FFFC                 dc.b    $FF,$FC                           ; |..|
FFCE7744? 48E70318             movem.l D6-D7/A3-A4, -(A7)
FFCE7748? 4246                 clr.w   D6
FFCE774A? 286E0008             movea.l ($8,A6), A4
FFCE774E? 4AAC0004             tst.l   ($4,A4)
FFCE7752? 675C                 beq     $ffce77b0
FFCE7754? 7E01                 moveq   #$1, D7
FFCE7756? 203C61657674         move.l  #$61657674, D0
FFCE775C? B094                 cmp.l   (A4), D0
FFCE775E? 6632                 bne     $ffce7792
FFCE7760? 206C0004             movea.l ($4,A4), A0
FFCE7764? 2650                 movea.l (A0), A3
FFCE7766? 102B0014             move.b  ($14,A3), D0
FFCE776A? 6708                 beq     $ffce7774
FFCE776C? 4207                 clr.b   D7
FFCE776E? 422B0014             clr.b   ($14,A3)
FFCE7772? 6010                 bra     $ffce7784
FFCE7774? 7020                 moveq   #$20, D0
FFCE7776? B0AB0010             cmp.l   ($10,A3), D0
FFCE777A? 6C08                 bge     $ffce7784
FFCE777C? 2F2B001A             move.l  ($1a,A3), -(A7)
FFCE7780? 205F                 movea.l (A7)+, A0
FFCE7782? A023                 _DisposeHandle                            ; A-line trap A023
FFCE7784? 102B0015             move.b  ($15,A3), D0
FFCE7788? 6708                 beq     $ffce7792
FFCE778A? 2F2C0004             move.l  ($4,A4), -(A7)
FFCE778E? 4EBAE9E0             jsr     ($ffce6170,PC)
FFCE7792? 1007                 move.b  D7, D0
FFCE7794? 670E                 beq     $ffce77a4
FFCE7796? 2F2C0004             move.l  ($4,A4), -(A7)
FFCE779A? 205F                 movea.l (A7)+, A0
FFCE779C? A023                 _DisposeHandle                            ; A-line trap A023
FFCE779E? 7000                 moveq   #$0, D0
FFCE77A0? 29400004             move.l  D0, ($4,A4)
FFCE77A4? 4AAC0004             tst.l   ($4,A4)
FFCE77A8? 6606                 bne     $ffce77b0
FFCE77AA? 28BC6E756C6C         move.l  #$6e756c6c, (A4)
FFCE77B0? 3D46000C             move.w  D6, ($c,A6)
FFCE77B4? 4CDF18C0             movem.l (A7)+, D6-D7/A3-A4
FFCE77B8? 4E5E                 unlk    A6
FFCE77BA? 4E740004             rtd     #$4; (1+)
FFCE77BEd 00004E56FFB8         dc.b    $00,$00,$4E,$56,$FF,$B8           ; |..NV..|
FFCE77C4? 48E70F18             movem.l D4-D7/A3-A4, -(A7)
FFCE77C8? 266E0018             movea.l ($18,A6), A3
FFCE77CC? 286E0008             movea.l ($8,A6), A4
FFCE77D0? 282E000C             move.l  ($c,A6), D4
FFCE77D4? 1A2E001C             move.b  ($1c,A6), D5
FFCE77D8? 4267                 clr.w   -(A7)
FFCE77DA? 2F2E001E             move.l  ($1e,A6), -(A7)
FFCE77DE? 486EFFC1             pea     (-$3f,A6)
FFCE77E2? 4267                 clr.w   -(A7)
FFCE77E4? 4EBA148A             jsr     ($ffce8c70,PC)
FFCE77E8? 3C1F                 move.w  (A7)+, D6
FFCE77EA? 66000234             bne     $ffce7a20
FFCE77EE? 4267                 clr.w   -(A7)
FFCE77F0? 2F2E001E             move.l  ($1e,A6), -(A7)
FFCE77F4? 486EFFCE             pea     (-$32,A6)
FFCE77F8? 4EBAFE46             jsr     ($ffce7640,PC)
FFCE77FC? 548F                 addq.l  #2, A7
FFCE77FE? 7000                 moveq   #$0, D0
FFCE7800? 2880                 move.l  D0, (A4)
FFCE7802? 422EFFD9             clr.b   (-$27,A6)
FFCE7806? 70FF                 moveq   #-$1, D0
FFCE7808? 2D40FFCA             move.l  D0, (-$36,A6)
FFCE780C? 1F2EFFC1             move.b  (-$3f,A6), -(A7)
FFCE7810? 206E001E             movea.l ($1e,A6), A0
FFCE7814? 2F280004             move.l  ($4,A0), -(A7)
FFCE7818? 486EFFCA             pea     (-$36,A6)
FFCE781C? 486EFFC2             pea     (-$3e,A6)
FFCE7820? 486EFFFC             pea     (-$4,A6)
FFCE7824? 486EFFDA             pea     (-$26,A6)
FFCE7828? 4EBA0B56             jsr     ($ffce8380,PC)
FFCE782C? 7004                 moveq   #$4, D0
FFCE782E? B0AEFFEA             cmp.l   (-$16,A6), D0
FFCE7832? 6F0C                 ble     $ffce7840
FFCE7834? 206E0010             movea.l ($10,A6), A0
FFCE7838? 20BC2A2A2A2A         move.l  #$2a2a2a2a, (A0)
FFCE783E? 6008                 bra     $ffce7848
FFCE7840? 206E0010             movea.l ($10,A6), A0
FFCE7844? 20AEFFDE             move.l  (-$22,A6), (A0)
FFCE7848? 7008                 moveq   #$8, D0
FFCE784A? B0AEFFEA             cmp.l   (-$16,A6), D0
FFCE784E? 6F08                 ble     $ffce7858
FFCE7850? 2044                 movea.l D4, A0
FFCE7852? 70FF                 moveq   #-$1, D0
FFCE7854? 2080                 move.l  D0, (A0)
FFCE7856? 6006                 bra     $ffce785e
FFCE7858? 2044                 movea.l D4, A0
FFCE785A? 20AEFFE2             move.l  (-$1e,A6), (A0)
FFCE785E? 7001                 moveq   #$1, D0
FFCE7860? B005                 cmp.b   D5, D0
FFCE7862? 6D0000CE             blt     $ffce7932
FFCE7866? 7008                 moveq   #$8, D0
FFCE7868? B0AEFFEA             cmp.l   (-$16,A6), D0
FFCE786C? 6F08                 ble     $ffce7876
FFCE786E? 3C3CF959             move.w  #$f959, D6
FFCE7872? 600001AC             bra     $ffce7a20
FFCE7876? 2E2EFFE2             move.l  (-$1e,A6), D7
FFCE787A? 6F0001A4             ble     $ffce7a20
FFCE787E? 4A05                 tst.b   D5
FFCE7880? 660C                 bne     $ffce788e
FFCE7882? 2007                 move.l  D7, D0
FFCE7884? 5280                 addq.l  #1, D0
FFCE7886? C0BCFFFFFFFE         and.l   #$fffffffe, D0
FFCE788C? 2E00                 move.l  D0, D7
FFCE788E? 4AAEFFEE             tst.l   (-$12,A6)
FFCE7892? 660000C8             bne     $ffce795c
FFCE7896? 102EFFF2             move.b  (-$e,A6), D0
FFCE789A? 660000C0             bne     $ffce795c
FFCE789E? 2044                 movea.l D4, A0
FFCE78A0? 7001                 moveq   #$1, D0
FFCE78A2? B090                 cmp.l   (A0), D0
FFCE78A4? 57C0                 seq     D0
FFCE78A6? 4400                 neg.b   D0
FFCE78A8? 7201                 moveq   #$1, D1
FFCE78AA? B205                 cmp.b   D5, D1
FFCE78AC? 57C1                 seq     D1
FFCE78AE? 4401                 neg.b   D1
FFCE78B0? B200                 cmp.b   D0, D1
FFCE78B2? 57C0                 seq     D0
FFCE78B4? 2044                 movea.l D4, A0
FFCE78B6? 082800000003         btst    #$0, ($3,A0)
FFCE78BC? 57C1                 seq     D1
FFCE78BE? 8001                 or.b    D1, D0
FFCE78C0? 6700009A             beq     $ffce795c
FFCE78C4? 0C8700007FFF         cmpi.l  #$7fff, D7
FFCE78CA? 6C000090             bge     $ffce795c
FFCE78CE? 4267                 clr.w   -(A7)
FFCE78D0? 3F2E0016             move.w  ($16,A6), -(A7)
FFCE78D4? 2F07                 move.l  D7, -(A7)
FFCE78D6? 201F                 move.l  (A7)+, D0
FFCE78D8? 81DF                 divs.w  (A7)+, D0
FFCE78DA? 6802                 bvc     $ffce78de
FFCE78DC? 4240                 clr.w   D0
FFCE78DE? 3E80                 move.w  D0, (A7)
FFCE78E0? 301F                 move.w  (A7)+, D0
FFCE78E2? 48C0                 ext.l   D0
FFCE78E4? 2880                 move.l  D0, (A4)
FFCE78E6? 6F74                 ble     $ffce795c
FFCE78E8? 2014                 move.l  (A4), D0
FFCE78EA? B0AEFFCE             cmp.l   (-$32,A6), D0
FFCE78EE? 6F04                 ble     $ffce78f4
FFCE78F0? 28AEFFCE             move.l  (-$32,A6), (A4)
FFCE78F4? 206E001E             movea.l ($1e,A6), A0
FFCE78F8? 20680004             movea.l ($4,A0), A0
FFCE78FC? 2050                 movea.l (A0), A0
FFCE78FE? 2D48FFBC             move.l  A0, (-$44,A6)
FFCE7902? 206E001E             movea.l ($1e,A6), A0
FFCE7906? 20680004             movea.l ($4,A0), A0
FFCE790A? 226EFFBC             movea.l (-$44,A6), A1
FFCE790E? 20290008             move.l  ($8,A1), D0
FFCE7912? D090                 add.l   (A0), D0
FFCE7914? 2F00                 move.l  D0, -(A7)
FFCE7916? 2F0B                 move.l  A3, -(A7)
FFCE7918? 42A7                 clr.l   -(A7)
FFCE791A? 3F2C0002             move.w  ($2,A4), -(A7)
FFCE791E? 3F07                 move.w  D7, -(A7)
FFCE7920? 301F                 move.w  (A7)+, D0
FFCE7922? C1DF                 muls.w  (A7)+, D0
FFCE7924? 2E80                 move.l  D0, (A7)
FFCE7926? 4EBA3268             jsr     ($ffceab90,PC)
FFCE792A? 1D7C0001FFD9         move.b  #$1, (-$27,A6)
FFCE7930? 602A                 bra     $ffce795c
FFCE7932? 7000                 moveq   #$0, D0
FFCE7934? 1205                 move.b  D5, D1
FFCE7936? 4881                 ext.w   D1
FFCE7938? 5341                 subq.w  #1, D1
FFCE793A? 3001                 move.w  D1, D0
FFCE793C? 2E00                 move.l  D0, D7
FFCE793E? E58F                 lsl.l   #2, D7
FFCE7940? 7002                 moveq   #$2, D0
FFCE7942? B005                 cmp.b   D5, D0
FFCE7944? 6616                 bne     $ffce795c
FFCE7946? 7004                 moveq   #$4, D0
FFCE7948? B0AEFFEA             cmp.l   (-$16,A6), D0
FFCE794C? 6F08                 ble     $ffce7956
FFCE794E? 3C3CF959             move.w  #$f959, D6
FFCE7952? 600000CC             bra     $ffce7a20
FFCE7956? 2D6EFFDEFFF4         move.l  (-$22,A6), (-$c,A6)
FFCE795C? 102EFFD9             move.b  (-$27,A6), D0
FFCE7960? 660000BE             bne     $ffce7a20
FFCE7964? 202E0014             move.l  ($14,A6), D0
FFCE7968? D08B                 add.l   A3, D0
FFCE796A? 9087                 sub.l   D7, D0
FFCE796C? 2D40FFFC             move.l  D0, (-$4,A6)
FFCE7970? B7EEFFFC             cmpa.l  (-$4,A6), A3
FFCE7974? 5FC0                 sle     D0
FFCE7976? 2214                 move.l  (A4), D1
FFCE7978? B2AEFFCE             cmp.l   (-$32,A6), D1
FFCE797C? 5DC1                 slt     D1
FFCE797E? C001                 and.b   D1, D0
FFCE7980? 6700009E             beq     $ffce7a20
FFCE7984? 7001                 moveq   #$1, D0
FFCE7986? B005                 cmp.b   D5, D0
FFCE7988? 6D2C                 blt     $ffce79b6
FFCE798A? 4267                 clr.w   -(A7)
FFCE798C? 2F2E001E             move.l  ($1e,A6), -(A7)
FFCE7990? 2014                 move.l  (A4), D0
FFCE7992? 5280                 addq.l  #1, D0
FFCE7994? 2F00                 move.l  D0, -(A7)
FFCE7996? 2F3C2A2A2A2A         move.l  #$2a2a2a2a, -(A7)
FFCE799C? 486EFFC2             pea     (-$3e,A6)
FFCE79A0? 486EFFC6             pea     (-$3a,A6)
FFCE79A4? 2F0B                 move.l  A3, -(A7)
FFCE79A6? 2044                 movea.l D4, A0
FFCE79A8? 2F10                 move.l  (A0), -(A7)
FFCE79AA? 486EFFCA             pea     (-$36,A6)
FFCE79AE? 4EBA13A0             jsr     ($ffce8d50,PC)
FFCE79B2? 3C1F                 move.w  (A7)+, D6
FFCE79B4? 6020                 bra     $ffce79d6
FFCE79B6? 4267                 clr.w   -(A7)
FFCE79B8? 2F2E001E             move.l  ($1e,A6), -(A7)
FFCE79BC? 2014                 move.l  (A4), D0
FFCE79BE? 5280                 addq.l  #1, D0
FFCE79C0? 2F00                 move.l  D0, -(A7)
FFCE79C2? 2F3C2A2A2A2A         move.l  #$2a2a2a2a, -(A7)
FFCE79C8? 486EFFC2             pea     (-$3e,A6)
FFCE79CC? 486EFFF4             pea     (-$c,A6)
FFCE79D0? 4EBA1A5E             jsr     ($ffce9430,PC)
FFCE79D4? 3C1F                 move.w  (A7)+, D6
FFCE79D6? 4A46                 tst.w   D6
FFCE79D8? 6646                 bne     $ffce7a20
FFCE79DA? 5294                 addq.l  #1, (A4)
FFCE79DC? 1005                 move.b  D5, D0
FFCE79DE? 4880                 ext.w   D0
FFCE79E0? 5540                 subq.w  #2, D0
FFCE79E2? 670A                 beq     $ffce79ee
FFCE79E4? 5340                 subq.w  #1, D0
FFCE79E6? 670C                 beq     $ffce79f4
FFCE79E8? 5340                 subq.w  #1, D0
FFCE79EA? 6714                 beq     $ffce7a00
FFCE79EC? 602C                 bra     $ffce7a1a
FFCE79EEd 26AEFFF86026         dc.b    $26,$AE,$FF,$F8,$60,$26           ; |&...`&|
FFCE79F4? 41EEFFF4             lea     (-$c,A6), A0
FFCE79F8? 224B                 movea.l A3, A1
FFCE79FA? 22D8                 move.l  (A0)+, (A1)+
FFCE79FC? 22D8                 move.l  (A0)+, (A1)+
FFCE79FE? 601A                 bra     $ffce7a1a
FFCE7A00? 2D4BFFB8             move.l  A3, (-$48,A6)
FFCE7A04? 206EFFB8             movea.l (-$48,A6), A0
FFCE7A08? 20AEFFC2             move.l  (-$3e,A6), (A0)
FFCE7A0C? 206EFFB8             movea.l (-$48,A6), A0
FFCE7A10? 5888                 addq.l  #4, A0
FFCE7A12? 43EEFFF4             lea     (-$c,A6), A1
FFCE7A16? 20D9                 move.l  (A1)+, (A0)+
FFCE7A18? 20D9                 move.l  (A1)+, (A0)+
FFCE7A1A? D7C7                 adda.l  D7, A3
FFCE7A1C? 6000FF52             bra     $ffce7970
FFCE7A20? 3D460022             move.w  D6, ($22,A6)
FFCE7A24? 4CDF18F0             movem.l (A7)+, D4-D7/A3-A4
FFCE7A28? 4E5E                 unlk    A6
FFCE7A2A? 4E74001A             rtd     #$1a; (1+)
FFCE7A2E? 00004E56             ori.b   #$56, D0
FFCE7A32? 00004267             ori.b   #$67, D0
FFCE7A36? 2F2E0014             move.l  ($14,A6), -(A7)
FFCE7A3A? 42A7                 clr.l   -(A7)
FFCE7A3C? 2F2E000C             move.l  ($c,A6), -(A7)
FFCE7A40? 486E0010             pea     ($10,A6)
FFCE7A44? 2F2E0008             move.l  ($8,A6), -(A7)
FFCE7A48? 4EBA0826             jsr     ($ffce8270,PC)
FFCE7A4C? 3D5F0018             move.w  (A7)+, ($18,A6)
FFCE7A50? 4E5E                 unlk    A6
FFCE7A52? 4E740010             rtd     #$10; (1+)
FFCE7A56? 00000000             ori.b   #$0, D0
FFCE7A5A? 00000000             ori.b   #$0, D0
FFCE7A5E? 00004E56             ori.b   #$56, D0
FFCE7A62? 00004267             ori.b   #$67, D0
FFCE7A66? 2F2E0020             move.l  ($20,A6), -(A7)
FFCE7A6A? 42A7                 clr.l   -(A7)
FFCE7A6C? 2F2E0018             move.l  ($18,A6), -(A7)
FFCE7A70? 486E001C             pea     ($1c,A6)
FFCE7A74? 2F2E0014             move.l  ($14,A6), -(A7)
FFCE7A78? 2F2E0010             move.l  ($10,A6), -(A7)
FFCE7A7C? 2F2E000C             move.l  ($c,A6), -(A7)
FFCE7A80? 2F2E0008             move.l  ($8,A6), -(A7)
FFCE7A84? 4EBA12CA             jsr     ($ffce8d50,PC)
FFCE7A88? 3D5F0024             move.w  (A7)+, ($24,A6)
FFCE7A8C? 4E5E                 unlk    A6
FFCE7A8E? 4E74001C             rtd     #$1c; (1+)
FFCE7A92d 0000000000000000     dc.b    $00,$00,$00,$00,$00,$00,$00,$00,$00,$00,$00,$00,$00,$00,$4E,$56 ; |..............NV|
FFCE7AA2d FFC8                 dc.b    $FF,$C8                           ; |..|
FFCE7AA4? 48E70F18             movem.l D4-D7/A3-A4, -(A7)
FFCE7AA8? 266E0014             movea.l ($14,A6), A3
FFCE7AAC? 282E000C             move.l  ($c,A6), D4
FFCE7AB0? 1C2E0018             move.b  ($18,A6), D6
FFCE7AB4? 422EFFD0             clr.b   (-$30,A6)
FFCE7AB8? 4267                 clr.w   -(A7)
FFCE7ABA? 2F2E001A             move.l  ($1a,A6), -(A7)
FFCE7ABE? 486EFFFF             pea     (-$1,A6)
FFCE7AC2? 4267                 clr.w   -(A7)
FFCE7AC4? 4EBA11AA             jsr     ($ffce8c70,PC)
FFCE7AC8? 3E1F                 move.w  (A7)+, D7
FFCE7ACA? 660001C2             bne     $ffce7c8e
FFCE7ACE? 70FF                 moveq   #-$1, D0
FFCE7AD0? 2D40FFFA             move.l  D0, (-$6,A6)
FFCE7AD4? 1F2EFFFF             move.b  (-$1,A6), -(A7)
FFCE7AD8? 206E001A             movea.l ($1a,A6), A0
FFCE7ADC? 2F280004             move.l  ($4,A0), -(A7)
FFCE7AE0? 486EFFFA             pea     (-$6,A6)
FFCE7AE4? 486EFFF6             pea     (-$a,A6)
FFCE7AE8? 486EFFF6             pea     (-$a,A6)
FFCE7AEC? 486EFFD2             pea     (-$2e,A6)
FFCE7AF0? 4EBA088E             jsr     ($ffce8380,PC)
FFCE7AF4? 102EFFEA             move.b  (-$16,A6), D0
FFCE7AF8? 670E                 beq     $ffce7b08
FFCE7AFA? 7004                 moveq   #$4, D0
FFCE7AFC? B006                 cmp.b   D6, D0
FFCE7AFE? 6708                 beq     $ffce7b08
FFCE7B00? 3E3CF959             move.w  #$f959, D7
FFCE7B04? 60000188             bra     $ffce7c8e
FFCE7B08? 7001                 moveq   #$1, D0
FFCE7B0A? B006                 cmp.b   D6, D0
FFCE7B0C? 6D0000BE             blt     $ffce7bcc
FFCE7B10? 49EEFFD2             lea     (-$2e,A6), A4
FFCE7B14? 4205                 clr.b   D5
FFCE7B16? 7004                 moveq   #$4, D0
FFCE7B18? B0AEFFE2             cmp.l   (-$1e,A6), D0
FFCE7B1C? 6F06                 ble     $ffce7b24
FFCE7B1E? 296E00100004         move.l  ($10,A6), ($4,A4)
FFCE7B24? 7008                 moveq   #$8, D0
FFCE7B26? B0AEFFE2             cmp.l   (-$1e,A6), D0
FFCE7B2A? 6F06                 ble     $ffce7b32
FFCE7B2C? 29440008             move.l  D4, ($8,A4)
FFCE7B30? 6002                 bra     $ffce7b34
FFCE7B32? 7A01                 moveq   #$1, D5
FFCE7B34? 202C0004             move.l  ($4,A4), D0
FFCE7B38? B0AE0010             cmp.l   ($10,A6), D0
FFCE7B3C? 56C0                 sne     D0
FFCE7B3E? B8AC0008             cmp.l   ($8,A4), D4
FFCE7B42? 56C1                 sne     D1
FFCE7B44? 8001                 or.b    D1, D0
FFCE7B46? 6708                 beq     $ffce7b50
FFCE7B48? 3E3CF959             move.w  #$f959, D7
FFCE7B4C? 60000140             bra     $ffce7c8e
FFCE7B50? 4A06                 tst.b   D6
FFCE7B52? 6610                 bne     $ffce7b64
FFCE7B54? 202C0008             move.l  ($8,A4), D0
FFCE7B58? 5280                 addq.l  #1, D0
FFCE7B5A? C0BCFFFFFFFE         and.l   #$fffffffe, D0
FFCE7B60? 29400008             move.l  D0, ($8,A4)
FFCE7B64? 1005                 move.b  D5, D0
FFCE7B66? 6764                 beq     $ffce7bcc
FFCE7B68? 4AAEFFE6             tst.l   (-$1a,A6)
FFCE7B6C? 665E                 bne     $ffce7bcc
FFCE7B6E? 7001                 moveq   #$1, D0
FFCE7B70? B084                 cmp.l   D4, D0
FFCE7B72? 57C0                 seq     D0
FFCE7B74? 4400                 neg.b   D0
FFCE7B76? 7201                 moveq   #$1, D1
FFCE7B78? B206                 cmp.b   D6, D1
FFCE7B7A? 57C1                 seq     D1
FFCE7B7C? 4401                 neg.b   D1
FFCE7B7E? B200                 cmp.b   D0, D1
FFCE7B80? 57C0                 seq     D0
FFCE7B82? 2204                 move.l  D4, D1
FFCE7B84? 08010000             btst    #$0, D1
FFCE7B88? 57C1                 seq     D1
FFCE7B8A? 8001                 or.b    D1, D0
FFCE7B8C? 673E                 beq     $ffce7bcc
FFCE7B8E? 4267                 clr.w   -(A7)
FFCE7B90? 2F0B                 move.l  A3, -(A7)
FFCE7B92? 206E001A             movea.l ($1a,A6), A0
FFCE7B96? 2F280004             move.l  ($4,A0), -(A7)
FFCE7B9A? 202C0008             move.l  ($8,A4), D0
FFCE7B9E? 4C2E08000008         muls.l  ($8,A6), D0; (2+)
FFCE7BA4? 2F00                 move.l  D0, -(A7)
FFCE7BA6? 4EBA3068             jsr     ($ffceac10,PC)
FFCE7BAA? 3E1F                 move.w  (A7)+, D7
FFCE7BAC? 660000E0             bne     $ffce7c8e
FFCE7BB0? 206E001A             movea.l ($1a,A6), A0
FFCE7BB4? 20680004             movea.l ($4,A0), A0
FFCE7BB8? 2050                 movea.l (A0), A0
FFCE7BBA? 2D48FFCC             move.l  A0, (-$34,A6)
FFCE7BBE? 202E0008             move.l  ($8,A6), D0
FFCE7BC2? D1A80010             add.l   D0, ($10,A0)
FFCE7BC6? 1D7C0001FFD0         move.b  #$1, (-$30,A6)
FFCE7BCC? 102EFFD0             move.b  (-$30,A6), D0
FFCE7BD0? 660000BC             bne     $ffce7c8e
FFCE7BD4? 7002                 moveq   #$2, D0
FFCE7BD6? B006                 cmp.b   D6, D0
FFCE7BD8? 6620                 bne     $ffce7bfa
FFCE7BDA? 7004                 moveq   #$4, D0
FFCE7BDC? B0AEFFE2             cmp.l   (-$1e,A6), D0
FFCE7BE0? 6E12                 bgt     $ffce7bf4
FFCE7BE2? 202EFFD6             move.l  (-$2a,A6), D0
FFCE7BE6? B0AE0010             cmp.l   ($10,A6), D0
FFCE7BEA? 6708                 beq     $ffce7bf4
FFCE7BEC? 3E3CF959             move.w  #$f959, D7
FFCE7BF0? 6000009C             bra     $ffce7c8e
FFCE7BF4? 2D6E0010FFEE         move.l  ($10,A6), (-$12,A6)
FFCE7BFA? 2D6E0008FFC8         move.l  ($8,A6), (-$38,A6)
FFCE7C00? 2D6EFFC8FFFA         move.l  (-$38,A6), (-$6,A6)
FFCE7C06? 607C                 bra     $ffce7c84
FFCE7C08d 100648805540670A     dc.b    $10,$06,$48,$80,$55,$40,$67,$0A,$53,$40,$67,$20,$53,$40,$67,$30 ; |..H.U@g.S@g S@g0|
FFCE7C18d 6048                 dc.b    $60,$48                           ; |`H|
FFCE7C1A? 2D53FFF2             move.l  (A3), (-$e,A6)
FFCE7C1E? 4267                 clr.w   -(A7)
FFCE7C20? 2F2E001A             move.l  ($1a,A6), -(A7)
FFCE7C24? 42A7                 clr.l   -(A7)
FFCE7C26? 486EFFEE             pea     (-$12,A6)
FFCE7C2A? 4EBA17C4             jsr     ($ffce93f0,PC)
FFCE7C2E? 3E1F                 move.w  (A7)+, D7
FFCE7C30? 588B                 addq.l  #4, A3
FFCE7C32? 6048                 bra     $ffce7c7c
FFCE7C34? 4267                 clr.w   -(A7)
FFCE7C36? 2F2E001A             move.l  ($1a,A6), -(A7)
FFCE7C3A? 42A7                 clr.l   -(A7)
FFCE7C3C? 2F0B                 move.l  A3, -(A7)
FFCE7C3E? 4EBA17B0             jsr     ($ffce93f0,PC)
FFCE7C42? 3E1F                 move.w  (A7)+, D7
FFCE7C44? 508B                 addq.l  #8, A3
FFCE7C46? 6034                 bra     $ffce7c7c
FFCE7C48? 284B                 movea.l A3, A4
FFCE7C4A? 4267                 clr.w   -(A7)
FFCE7C4C? 2F2E001A             move.l  ($1a,A6), -(A7)
FFCE7C50? 2F14                 move.l  (A4), -(A7)
FFCE7C52? 486C0004             pea     ($4,A4)
FFCE7C56? 4EBA17B8             jsr     ($ffce9410,PC)
FFCE7C5A? 3E1F                 move.w  (A7)+, D7
FFCE7C5C? 700C                 moveq   #$c, D0
FFCE7C5E? D7C0                 adda.l  D0, A3
FFCE7C60? 601A                 bra     $ffce7c7c
FFCE7C62? 4267                 clr.w   -(A7)
FFCE7C64? 2F2E001A             move.l  ($1a,A6), -(A7)
FFCE7C68? 42A7                 clr.l   -(A7)
FFCE7C6A? 2F2E0010             move.l  ($10,A6), -(A7)
FFCE7C6E? 2F0B                 move.l  A3, -(A7)
FFCE7C70? 2F04                 move.l  D4, -(A7)
FFCE7C72? 4EBA175C             jsr     ($ffce93d0,PC)
FFCE7C76? 3E1F                 move.w  (A7)+, D7
FFCE7C78? D7EEFFDA             adda.l  (-$26,A6), A3
FFCE7C7C? 4A47                 tst.w   D7
FFCE7C7E? 660E                 bne     $ffce7c8e
FFCE7C80? 53AEFFFA             subq.l  #1, (-$6,A6)
FFCE7C84? 7001                 moveq   #$1, D0
FFCE7C86? B0AEFFFA             cmp.l   (-$6,A6), D0
FFCE7C8A? 6F00FF7C             ble     $ffce7c08
FFCE7C8E? 3D47001E             move.w  D7, ($1e,A6)
FFCE7C92? 4CDF18F0             movem.l (A7)+, D4-D7/A3-A4
FFCE7C96? 4E5E                 unlk    A6
FFCE7C98? 4E740016             rtd     #$16; (1+)
FFCE7C9C? 00000000             ori.b   #$0, D0
FFCE7CA0? 4E56FFF0             link    A6, #-$10
FFCE7CA4? 2F07                 move.l  D7, -(A7)
FFCE7CA6? 4267                 clr.w   -(A7)
FFCE7CA8? 2F2E0008             move.l  ($8,A6), -(A7)
FFCE7CAC? 486EFFF0             pea     (-$10,A6)
FFCE7CB0? 4EBA0E9E             jsr     ($ffce8b50,PC)
FFCE7CB4? 3E1F                 move.w  (A7)+, D7
FFCE7CB6? 662C                 bne     $ffce7ce4
FFCE7CB8? 4267                 clr.w   -(A7)
FFCE7CBA? 2F2E0010             move.l  ($10,A6), -(A7)
FFCE7CBE? 2F2E000C             move.l  ($c,A6), -(A7)
FFCE7CC2? 2F2EFFF0             move.l  (-$10,A6), -(A7)
FFCE7CC6? 2F2EFFF4             move.l  (-$c,A6), -(A7)
FFCE7CCA? 2F2EFFF8             move.l  (-$8,A6), -(A7)
FFCE7CCE? 4EBA0020             jsr     ($ffce7cf0,PC)
FFCE7CD2? 3E1F                 move.w  (A7)+, D7
FFCE7CD4? 206E0008             movea.l ($8,A6), A0
FFCE7CD8? 2F280004             move.l  ($4,A0), -(A7)
FFCE7CDC? 1F2EFFFC             move.b  (-$4,A6), -(A7)
FFCE7CE0? 4EBA2EDE             jsr     ($ffceabc0,PC)
FFCE7CE4? 3D470014             move.w  D7, ($14,A6)
FFCE7CE8? 2E1F                 move.l  (A7)+, D7
FFCE7CEA? 4E5E                 unlk    A6
FFCE7CEC? 4E74000C             rtd     #$c; (1+)
FFCE7CF0? 4E56FFDE             link    A6, #-$22
FFCE7CF4? 48E70718             movem.l D5-D7/A3-A4, -(A7)
FFCE7CF8? 266E000C             movea.l ($c,A6), A3
FFCE7CFC? 2A2E0008             move.l  ($8,A6), D5
FFCE7D00? 3E3CF958             move.w  #$f958, D7
FFCE7D04? 206E0018             movea.l ($18,A6), A0
FFCE7D08? 203C61657674         move.l  #$61657674, D0
FFCE7D0E? B090                 cmp.l   (A0), D0
FFCE7D10? 57C0                 seq     D0
FFCE7D12? 4AA80004             tst.l   ($4,A0)
FFCE7D16? 56C1                 sne     D1
FFCE7D18? C001                 and.b   D1, D0
FFCE7D1A? 67000108             beq     $ffce7e24
FFCE7D1E? 4247                 clr.w   D7
FFCE7D20? 7000                 moveq   #$0, D0
FFCE7D22? 2D40FFF6             move.l  D0, (-$a,A6)
FFCE7D26? 7C04                 moveq   #$4, D6
FFCE7D28? 2F2E0014             move.l  ($14,A6), -(A7)
FFCE7D2C? 486EFFFA             pea     (-$6,A6)
FFCE7D30? 486EFFEA             pea     (-$16,A6)
FFCE7D34? 4EBA0DAA             jsr     ($ffce8ae0,PC)
FFCE7D38? 4AAEFFFA             tst.l   (-$6,A6)
FFCE7D3C? 6F00009A             ble     $ffce7dd8
FFCE7D40? 202E0010             move.l  ($10,A6), D0
FFCE7D44? B0AEFFEA             cmp.l   (-$16,A6), D0
FFCE7D48? 6718                 beq     $ffce7d62
FFCE7D4A? 4267                 clr.w   -(A7)
FFCE7D4C? 2F2E0010             move.l  ($10,A6), -(A7)
FFCE7D50? 2F0B                 move.l  A3, -(A7)
FFCE7D52? 2F05                 move.l  D5, -(A7)
FFCE7D54? 2F2EFFEA             move.l  (-$16,A6), -(A7)
FFCE7D58? 486EFFF2             pea     (-$e,A6)
FFCE7D5C? 4EBAEA62             jsr     ($ffce67c0,PC)
FFCE7D60? 3E1F                 move.w  (A7)+, D7
FFCE7D62? 4A47                 tst.w   D7
FFCE7D64? 660000BE             bne     $ffce7e24
FFCE7D68? 4AAEFFF6             tst.l   (-$a,A6)
FFCE7D6C? 6712                 beq     $ffce7d80
FFCE7D6E? 206EFFF6             movea.l (-$a,A6), A0
FFCE7D72? 2650                 movea.l (A0), A3
FFCE7D74? 42A7                 clr.l   -(A7)
FFCE7D76? 2F2EFFF6             move.l  (-$a,A6), -(A7)
FFCE7D7A? 4EBA2DF4             jsr     ($ffceab70,PC)
FFCE7D7E? 2A1F                 move.l  (A7)+, D5
FFCE7D80? BA86                 cmp.l   D6, D5
FFCE7D82? 6646                 bne     $ffce7dca
FFCE7D84? 2F0B                 move.l  A3, -(A7)
FFCE7D86? 206E0018             movea.l ($18,A6), A0
FFCE7D8A? 20680004             movea.l ($4,A0), A0
FFCE7D8E? 202EFFFA             move.l  (-$6,A6), D0
FFCE7D92? D090                 add.l   (A0), D0
FFCE7D94? 2F00                 move.l  D0, -(A7)
FFCE7D96? 2F06                 move.l  D6, -(A7)
FFCE7D98? 4EBA2DF6             jsr     ($ffceab90,PC)
FFCE7D9C? 203C72746964         move.l  #$72746964, D0
FFCE7DA2? B0AE0014             cmp.l   ($14,A6), D0
FFCE7DA6? 6626                 bne     $ffce7dce
FFCE7DA8? 206E0018             movea.l ($18,A6), A0
FFCE7DAC? 20680004             movea.l ($4,A0), A0
FFCE7DB0? 2850                 movea.l (A0), A4
FFCE7DB2? 70FF                 moveq   #-$1, D0
FFCE7DB4? B0AC003A             cmp.l   ($3a,A4), D0
FFCE7DB8? 6614                 bne     $ffce7dce
FFCE7DBA? 42A7                 clr.l   -(A7)
FFCE7DBC? 70FF                 moveq   #-$1, D0
FFCE7DBE? 2F00                 move.l  D0, -(A7)
FFCE7DC0? 4EBA0E3E             jsr     ($ffce8c00,PC)
FFCE7DC4? 295F003A             move.l  (A7)+, ($3a,A4)
FFCE7DC8? 6004                 bra     $ffce7dce
FFCE7DCA? 3E3CF95C             move.w  #$f95c, D7
FFCE7DCE? 2F2EFFF6             move.l  (-$a,A6), -(A7)
FFCE7DD2? 205F                 movea.l (A7)+, A0
FFCE7DD4? A023                 _DisposeHandle                            ; A-line trap A023
FFCE7DD6? 604C                 bra     $ffce7e24
FFCE7DD8? 203C61646472         move.l  #$61646472, D0
FFCE7DDE? B0AE0014             cmp.l   ($14,A6), D0
FFCE7DE2? 661A                 bne     $ffce7dfe
FFCE7DE4? 4267                 clr.w   -(A7)
FFCE7DE6? 206E0018             movea.l ($18,A6), A0
FFCE7DEA? 2F280004             move.l  ($4,A0), -(A7)
FFCE7DEE? 2F2E0010             move.l  ($10,A6), -(A7)
FFCE7DF2? 2F0B                 move.l  A3, -(A7)
FFCE7DF4? 2F05                 move.l  D5, -(A7)
FFCE7DF6? 4EBA1208             jsr     ($ffce9000,PC)
FFCE7DFA? 3E1F                 move.w  (A7)+, D7
FFCE7DFC? 6026                 bra     $ffce7e24
FFCE7DFE? 4267                 clr.w   -(A7)
FFCE7E00? 486EFFDE             pea     (-$22,A6)
FFCE7E04? 2F2E0018             move.l  ($18,A6), -(A7)
FFCE7E08? 4EBAE276             jsr     ($ffce6080,PC)
FFCE7E0C? 2F2E0014             move.l  ($14,A6), -(A7)
FFCE7E10? 2F2E0010             move.l  ($10,A6), -(A7)
FFCE7E14? 2F0B                 move.l  A3, -(A7)
FFCE7E16? 2F05                 move.l  D5, -(A7)
FFCE7E18? 42A7                 clr.l   -(A7)
FFCE7E1A? 7001                 moveq   #$1, D0
FFCE7E1C? 2F00                 move.l  D0, -(A7)
FFCE7E1E? 4EBA1260             jsr     ($ffce9080,PC)
FFCE7E22? 3E1F                 move.w  (A7)+, D7
FFCE7E24? 3D47001C             move.w  D7, ($1c,A6)
FFCE7E28? 4CDF18E0             movem.l (A7)+, D5-D7/A3-A4
FFCE7E2C? 4E5E                 unlk    A6
FFCE7E2E? 4E740014             rtd     #$14; (1+)
FFCE7E32? 00000000             ori.b   #$0, D0
FFCE7E36? 00000000             ori.b   #$0, D0
FFCE7E3A? 00000000             ori.b   #$0, D0
FFCE7E3E? 00004E56             ori.b   #$56, D0
FFCE7E42? 00004267             ori.b   #$67, D0
FFCE7E46? 2F2E0014             move.l  ($14,A6), -(A7)
FFCE7E4A? 42A7                 clr.l   -(A7)
FFCE7E4C? 2F3C2A2A2A2A         move.l  #$2a2a2a2a, -(A7)
FFCE7E52? 486E0010             pea     ($10,A6)
FFCE7E56? 2F2E000C             move.l  ($c,A6), -(A7)
FFCE7E5A? 42A7                 clr.l   -(A7)
FFCE7E5C? 42A7                 clr.l   -(A7)
FFCE7E5E? 2F2E0008             move.l  ($8,A6), -(A7)
FFCE7E62? 4EBA0EEC             jsr     ($ffce8d50,PC)
FFCE7E66? 3D5F0018             move.w  (A7)+, ($18,A6)
FFCE7E6A? 4E5E                 unlk    A6
FFCE7E6C? 4E740010             rtd     #$10; (1+)
FFCE7E70? 4E56FFFC             link    A6, #-$4
FFCE7E74? 4267                 clr.w   -(A7)
FFCE7E76? 2F2E0014             move.l  ($14,A6), -(A7)
FFCE7E7A? 2F2E0010             move.l  ($10,A6), -(A7)
FFCE7E7E? 2F3C2A2A2A2A         move.l  #$2a2a2a2a, -(A7)
FFCE7E84? 486EFFFC             pea     (-$4,A6)
FFCE7E88? 2F2E000C             move.l  ($c,A6), -(A7)
FFCE7E8C? 42A7                 clr.l   -(A7)
FFCE7E8E? 42A7                 clr.l   -(A7)
FFCE7E90? 2F2E0008             move.l  ($8,A6), -(A7)
FFCE7E94? 4EBA0EBA             jsr     ($ffce8d50,PC)
FFCE7E98? 3D5F0018             move.w  (A7)+, ($18,A6)
FFCE7E9C? 4E5E                 unlk    A6
FFCE7E9E? 4E740010             rtd     #$10; (1+)
FFCE7EA2d 0000000000000000     dc.b    $00,$00,$00,$00,$00,$00,$00,$00,$00,$00,$00,$00,$00,$00,$4E,$56 ; |..............NV|
FFCE7EB2d FFEA                 dc.b    $FF,$EA                           ; |..|
FFCE7EB4? 48E70F18             movem.l D4-D7/A3-A4, -(A7)
FFCE7EB8? 282E0008             move.l  ($8,A6), D4
FFCE7EBC? 2044                 movea.l D4, A0
FFCE7EBE? 2850                 movea.l (A0), A4
FFCE7EC0? 7000                 moveq   #$0, D0
FFCE7EC2? 2880                 move.l  D0, (A4)
FFCE7EC4? 2044                 movea.l D4, A0
FFCE7EC6? 2244                 movea.l D4, A1
FFCE7EC8? 2251                 movea.l (A1), A1
FFCE7ECA? 20290042             move.l  ($42,A1), D0
FFCE7ECE? 7246                 moveq   #$46, D1
FFCE7ED0? D081                 add.l   D1, D0
FFCE7ED2? 5280                 addq.l  #1, D0
FFCE7ED4? C0BCFFFFFFFE         and.l   #$fffffffe, D0
FFCE7EDA? D090                 add.l   (A0), D0
FFCE7EDC? 2D40FFFA             move.l  D0, (-$6,A6)
FFCE7EE0? 286EFFFA             movea.l (-$6,A6), A4
FFCE7EE4? 203C61657674         move.l  #$61657674, D0
FFCE7EEA? B094                 cmp.l   (A4), D0
FFCE7EEC? 6708                 beq     $ffce7ef6
FFCE7EEE? 3C3CF955             move.w  #$f955, D6
FFCE7EF2? 600000CC             bra     $ffce7fc0
FFCE7EF6? 0CAC000100010004     cmpi.l  #$10001, ($4,A4)
FFCE7EFE? 6708                 beq     $ffce7f08
FFCE7F00? 3C3CF956             move.w  #$f956, D6
FFCE7F04? 600000BA             bra     $ffce7fc0
FFCE7F08? 2044                 movea.l D4, A0
FFCE7F0A? 2F08                 move.l  A0, -(A7)
FFCE7F0C? 42A7                 clr.l   -(A7)
FFCE7F0E? 2F04                 move.l  D4, -(A7)
FFCE7F10? 4EBA2C5E             jsr     ($ffceab70,PC)
FFCE7F14? 201F                 move.l  (A7)+, D0
FFCE7F16? 205F                 movea.l (A7)+, A0
FFCE7F18? 2A00                 move.l  D0, D5
FFCE7F1A? DA90                 add.l   (A0), D5
FFCE7F1C? 266EFFFA             movea.l (-$6,A6), A3
FFCE7F20? 508B                 addq.l  #8, A3
FFCE7F22? 7E00                 moveq   #$0, D7
FFCE7F24? BA8B                 cmp.l   A3, D5
FFCE7F26? 5EC0                 sgt     D0
FFCE7F28? 223C3B3B3B3B         move.l  #$3b3b3b3b, D1
FFCE7F2E? B293                 cmp.l   (A3), D1
FFCE7F30? 56C1                 sne     D1
FFCE7F32? C001                 and.b   D1, D0
FFCE7F34? 671C                 beq     $ffce7f52
FFCE7F36? 5287                 addq.l  #1, D7
FFCE7F38? 4AAB0008             tst.l   ($8,A3)
FFCE7F3C? 6D7E                 blt     $ffce7fbc
FFCE7F3E? 202B0008             move.l  ($8,A3), D0
FFCE7F42? 720C                 moveq   #$c, D1
FFCE7F44? D081                 add.l   D1, D0
FFCE7F46? 5280                 addq.l  #1, D0
FFCE7F48? C0BCFFFFFFFE         and.l   #$fffffffe, D0
FFCE7F4E? D7C0                 adda.l  D0, A3
FFCE7F50? 60D2                 bra     $ffce7f24
FFCE7F52? BA8B                 cmp.l   A3, D5
FFCE7F54? 5EC0                 sgt     D0
FFCE7F56? 223C3B3B3B3B         move.l  #$3b3b3b3b, D1
FFCE7F5C? B293                 cmp.l   (A3), D1
FFCE7F5E? 57C1                 seq     D1
FFCE7F60? C001                 and.b   D1, D0
FFCE7F62? 6758                 beq     $ffce7fbc
FFCE7F64? 2044                 movea.l D4, A0
FFCE7F66? 2850                 movea.l (A0), A4
FFCE7F68? 2D4CFFEA             move.l  A4, (-$16,A6)
FFCE7F6C? 2044                 movea.l D4, A0
FFCE7F6E? 200B                 move.l  A3, D0
FFCE7F70? 9090                 sub.l   (A0), D0
FFCE7F72? 5880                 addq.l  #4, D0
FFCE7F74? 206EFFEA             movea.l (-$16,A6), A0
FFCE7F78? 21400008             move.l  D0, ($8,A0)
FFCE7F7C? 206EFFEA             movea.l (-$16,A6), A0
FFCE7F80? 2147000C             move.l  D7, ($c,A0)
FFCE7F84? 588B                 addq.l  #4, A3
FFCE7F86? 7E00                 moveq   #$0, D7
FFCE7F88? BA8B                 cmp.l   A3, D5
FFCE7F8A? 6F1C                 ble     $ffce7fa8
FFCE7F8C? 5287                 addq.l  #1, D7
FFCE7F8E? 4AAB0008             tst.l   ($8,A3)
FFCE7F92? 6D28                 blt     $ffce7fbc
FFCE7F94? 202B0008             move.l  ($8,A3), D0
FFCE7F98? 720C                 moveq   #$c, D1
FFCE7F9A? D081                 add.l   D1, D0
FFCE7F9C? 5280                 addq.l  #1, D0
FFCE7F9E? C0BCFFFFFFFE         and.l   #$fffffffe, D0
FFCE7FA4? D7C0                 adda.l  D0, A3
FFCE7FA6? 60E0                 bra     $ffce7f88
FFCE7FA8? BA8B                 cmp.l   A3, D5
FFCE7FAA? 6610                 bne     $ffce7fbc
FFCE7FAC? 29470010             move.l  D7, ($10,A4)
FFCE7FB0? 422C0015             clr.b   ($15,A4)
FFCE7FB4? 426E000C             clr.w   ($c,A6)
FFCE7FB8? 4246                 clr.w   D6
FFCE7FBA? 6004                 bra     $ffce7fc0
FFCE7FBC? 3C3CF95A             move.w  #$f95a, D6
FFCE7FC0? 3D46000C             move.w  D6, ($c,A6)
FFCE7FC4? 4CDF18F0             movem.l (A7)+, D4-D7/A3-A4
FFCE7FC8? 4E5E                 unlk    A6
FFCE7FCA? 4E740004             rtd     #$4; (1+)
FFCE7FCEd 00004E56FFF6         dc.b    $00,$00,$4E,$56,$FF,$F6           ; |..NV..|
FFCE7FD4? 48E70718             movem.l D5-D7/A3-A4, -(A7)
FFCE7FD8? 2A2E000C             move.l  ($c,A6), D5
FFCE7FDC? 6604                 bne     $ffce7fe2
FFCE7FDE? 7E00                 moveq   #$0, D7
FFCE7FE0? 6002                 bra     $ffce7fe4
FFCE7FE2? 7E10                 moveq   #$10, D7
FFCE7FE4? 4267                 clr.w   -(A7)
FFCE7FE6? 2F07                 move.l  D7, -(A7)
FFCE7FE8? 2F2E001C             move.l  ($1c,A6), -(A7)
FFCE7FEC? 2F2E0018             move.l  ($18,A6), -(A7)
FFCE7FF0? 2F2E0014             move.l  ($14,A6), -(A7)
FFCE7FF4? 2F2E0008             move.l  ($8,A6), -(A7)
FFCE7FF8? 4EBA0096             jsr     ($ffce8090,PC)
FFCE7FFC? 3C1F                 move.w  (A7)+, D6
FFCE7FFE? 6674                 bne     $ffce8074
FFCE8000? 206E0008             movea.l ($8,A6), A0
FFCE8004? 20680004             movea.l ($4,A0), A0
FFCE8008? 2850                 movea.l (A0), A4
FFCE800A? 42A7                 clr.l   -(A7)
FFCE800C? 2F2E0010             move.l  ($10,A6), -(A7)
FFCE8010? 4EBA0BEE             jsr     ($ffce8c00,PC)
FFCE8014? 295F003A             move.l  (A7)+, ($3a,A4)
FFCE8018? 206E0008             movea.l ($8,A6), A0
FFCE801C? 20680004             movea.l ($4,A0), A0
FFCE8020? 202E001C             move.l  ($1c,A6), D0
FFCE8024? 7246                 moveq   #$46, D1
FFCE8026? D081                 add.l   D1, D0
FFCE8028? 5280                 addq.l  #1, D0
FFCE802A? C0BCFFFFFFFE         and.l   #$fffffffe, D0
FFCE8030? 2640                 movea.l D0, A3
FFCE8032? D7D0                 adda.l  (A0), A3
FFCE8034? 284B                 movea.l A3, A4
FFCE8036? 28BC61657674         move.l  #$61657674, (A4)
FFCE803C? 297C000100010004     move.l  #$10001, ($4,A4)
FFCE8044? 297C3B3B3B3B0008     move.l  #$3b3b3b3b, ($8,A4)
FFCE804C? 4A85                 tst.l   D5
FFCE804E? 6724                 beq     $ffce8074
FFCE8050? 284B                 movea.l A3, A4
FFCE8052? 297C7472616E0008     move.l  #$7472616e, ($8,A4)
FFCE805A? 297C6C6F6E67000C     move.l  #$6c6f6e67, ($c,A4)
FFCE8062? 7004                 moveq   #$4, D0
FFCE8064? 29400010             move.l  D0, ($10,A4)
FFCE8068? 29450014             move.l  D5, ($14,A4)
FFCE806C? 297C3B3B3B3B0018     move.l  #$3b3b3b3b, ($18,A4)
FFCE8074? 3D460020             move.w  D6, ($20,A6)
FFCE8078? 4CDF18E0             movem.l (A7)+, D5-D7/A3-A4
FFCE807C? 4E5E                 unlk    A6
FFCE807E? 4E740018             rtd     #$18; (1+)
FFCE8082d 0000000000000000     dc.b    $00,$00,$00,$00,$00,$00,$00,$00,$00,$00,$00,$00,$00,$00,$4E,$56 ; |..............NV|
FFCE8092d FFF8                 dc.b    $FF,$F8                           ; |..|
FFCE8094? 48E70118             movem.l D7/A3-A4, -(A7)
FFCE8098? 42A7                 clr.l   -(A7)
FFCE809A? 202E0018             move.l  ($18,A6), D0
FFCE809E? 7252                 moveq   #$52, D1
FFCE80A0? D081                 add.l   D1, D0
FFCE80A2? 222E0014             move.l  ($14,A6), D1
FFCE80A6? 5281                 addq.l  #1, D1
FFCE80A8? C2BCFFFFFFFE         and.l   #$fffffffe, D1
FFCE80AE? D280                 add.l   D0, D1
FFCE80B0? 2F01                 move.l  D1, -(A7)
FFCE80B2? 4EBA2A8C             jsr     ($ffceab40,PC)
FFCE80B6? 2E1F                 move.l  (A7)+, D7
FFCE80B8? 286E0008             movea.l ($8,A6), A4
FFCE80BC? 28BC61657674         move.l  #$61657674, (A4)
FFCE80C2? 29470004             move.l  D7, ($4,A4)
FFCE80C6? 6756                 beq     $ffce811e
FFCE80C8? 2047                 movea.l D7, A0
FFCE80CA? 2850                 movea.l (A0), A4
FFCE80CC? 296E00140042         move.l  ($14,A6), ($42,A4)
FFCE80D2? 7000                 moveq   #$0, D0
FFCE80D4? 2880                 move.l  D0, (A4)
FFCE80D6? 426C0014             clr.w   ($14,A4)
FFCE80DA? 7000                 moveq   #$0, D0
FFCE80DC? 29400016             move.l  D0, ($16,A4)
FFCE80E0? 7000                 moveq   #$0, D0
FFCE80E2? 2940002E             move.l  D0, ($2e,A4)
FFCE80E6? 296E00100032         move.l  ($10,A6), ($32,A4)
FFCE80EC? 296E000C0036         move.l  ($c,A6), ($36,A4)
FFCE80F2? 47EC001E             lea     ($1e,A4), A3
FFCE80F6? 7000                 moveq   #$0, D0
FFCE80F8? 2680                 move.l  D0, (A3)
FFCE80FA? 7000                 moveq   #$0, D0
FFCE80FC? 27400004             move.l  D0, ($4,A3)
FFCE8100? 7000                 moveq   #$0, D0
FFCE8102? 2940002A             move.l  D0, ($2a,A4)
FFCE8106? 7000                 moveq   #$0, D0
FFCE8108? 29400026             move.l  D0, ($26,A4)
FFCE810C? 7000                 moveq   #$0, D0
FFCE810E? 2940001A             move.l  D0, ($1a,A4)
FFCE8112? 7000                 moveq   #$0, D0
FFCE8114? 29400010             move.l  D0, ($10,A4)
FFCE8118? 426E001C             clr.w   ($1c,A6)
FFCE811C? 600A                 bra     $ffce8128
FFCE811E? 4267                 clr.w   -(A7)
FFCE8120? 3EB80220             move.w  $220.w, (A7)                      ; CurIOTrap
FFCE8124? 3D5F001C             move.w  (A7)+, ($1c,A6)
FFCE8128? 4CDF1880             movem.l (A7)+, D7/A3-A4
FFCE812C? 4E5E                 unlk    A6
FFCE812E? 4E740014             rtd     #$14; (1+)
FFCE8132d 0000000000000000     dc.b    $00,$00,$00,$00,$00,$00,$00,$00,$00,$00,$00,$00,$00,$00,$4E,$56 ; |..............NV|
FFCE8142d FFF0                 dc.b    $FF,$F0                           ; |..|
FFCE8144? 48E70F18             movem.l D4-D7/A3-A4, -(A7)
FFCE8148? 2A2E000C             move.l  ($c,A6), D5
FFCE814C? 2E2E001C             move.l  ($1c,A6), D7
FFCE8150? 4267                 clr.w   -(A7)
FFCE8152? 2F07                 move.l  D7, -(A7)
FFCE8154? 4EBA2A5A             jsr     ($ffceabb0,PC)
FFCE8158? 181F                 move.b  (A7)+, D4
FFCE815A? 2F07                 move.l  D7, -(A7)
FFCE815C? 205F                 movea.l (A7)+, A0
FFCE815E? A029                 _HLock                                    ; A-line trap A029
FFCE8160? 2047                 movea.l D7, A0
FFCE8162? 202E0010             move.l  ($10,A6), D0
FFCE8166? D090                 add.l   (A0), D0
FFCE8168? 2D40FFF4             move.l  D0, (-$c,A6)
FFCE816C? 203C7265636F         move.l  #$7265636f, D0
FFCE8172? B0AE0018             cmp.l   ($18,A6), D0
FFCE8176? 57C0                 seq     D0
FFCE8178? 223C6C697374         move.l  #$6c697374, D1
FFCE817E? B2AE0018             cmp.l   ($18,A6), D1
FFCE8182? 57C1                 seq     D1
FFCE8184? 8001                 or.b    D1, D0
FFCE8186? 677C                 beq     $ffce8204
FFCE8188? 4267                 clr.w   -(A7)
FFCE818A? 2047                 movea.l D7, A0
FFCE818C? 202E0010             move.l  ($10,A6), D0
FFCE8190? D090                 add.l   (A0), D0
FFCE8192? 7210                 moveq   #$10, D1
FFCE8194? 9081                 sub.l   D1, D0
FFCE8196? 9085                 sub.l   D5, D0
FFCE8198? 2F00                 move.l  D0, -(A7)
FFCE819A? 486EFFF8             pea     (-$8,A6)
FFCE819E? 202E0014             move.l  ($14,A6), D0
FFCE81A2? 7210                 moveq   #$10, D1
FFCE81A4? D081                 add.l   D1, D0
FFCE81A6? 5280                 addq.l  #1, D0
FFCE81A8? C0BCFFFFFFFE         and.l   #$fffffffe, D0
FFCE81AE? 2F00                 move.l  D0, -(A7)
FFCE81B0? 4EBA2A3E             jsr     ($ffceabf0,PC)
FFCE81B4? 3C1F                 move.w  (A7)+, D6
FFCE81B6? 6600008A             bne     $ffce8242
FFCE81BA? 4A85                 tst.l   D5
FFCE81BC? 6F1E                 ble     $ffce81dc
FFCE81BE? 2047                 movea.l D7, A0
FFCE81C0? 2010                 move.l  (A0), D0
FFCE81C2? 7218                 moveq   #$18, D1
FFCE81C4? D081                 add.l   D1, D0
FFCE81C6? 5080                 addq.l  #8, D0
FFCE81C8? 2F00                 move.l  D0, -(A7)
FFCE81CA? 206EFFF8             movea.l (-$8,A6), A0
FFCE81CE? 2010                 move.l  (A0), D0
FFCE81D0? 7210                 moveq   #$10, D1
FFCE81D2? D081                 add.l   D1, D0
FFCE81D4? 2F00                 move.l  D0, -(A7)
FFCE81D6? 2F05                 move.l  D5, -(A7)
FFCE81D8? 4EBA29B6             jsr     ($ffceab90,PC)
FFCE81DC? 206EFFF8             movea.l (-$8,A6), A0
FFCE81E0? 2850                 movea.l (A0), A4
FFCE81E2? 47D4                 lea     (A4), A3
FFCE81E4? 7000                 moveq   #$0, D0
FFCE81E6? 2680                 move.l  D0, (A3)
FFCE81E8? 202C0014             move.l  ($14,A4), D0
FFCE81EC? 7218                 moveq   #$18, D1
FFCE81EE? D081                 add.l   D1, D0
FFCE81F0? 5280                 addq.l  #1, D0
FFCE81F2? C0BCFFFFFFFE         and.l   #$fffffffe, D0
FFCE81F8? 27400008             move.l  D0, ($8,A3)
FFCE81FC? 276E0018000C         move.l  ($18,A6), ($c,A3)
FFCE8202? 603E                 bra     $ffce8242
FFCE8204? 4267                 clr.w   -(A7)
FFCE8206? 2047                 movea.l D7, A0
FFCE8208? 202E0010             move.l  ($10,A6), D0
FFCE820C? D090                 add.l   (A0), D0
FFCE820E? 9085                 sub.l   D5, D0
FFCE8210? 2F00                 move.l  D0, -(A7)
FFCE8212? 486EFFF8             pea     (-$8,A6)
FFCE8216? 2F2E0014             move.l  ($14,A6), -(A7)
FFCE821A? 4EBA29D4             jsr     ($ffceabf0,PC)
FFCE821E? 3C1F                 move.w  (A7)+, D6
FFCE8220? 57C0                 seq     D0
FFCE8222? 4A85                 tst.l   D5
FFCE8224? 5EC1                 sgt     D1
FFCE8226? C001                 and.b   D1, D0
FFCE8228? 6718                 beq     $ffce8242
FFCE822A? 2047                 movea.l D7, A0
FFCE822C? 2010                 move.l  (A0), D0
FFCE822E? 7218                 moveq   #$18, D1
FFCE8230? D081                 add.l   D1, D0
FFCE8232? 5080                 addq.l  #8, D0
FFCE8234? 2F00                 move.l  D0, -(A7)
FFCE8236? 206EFFF8             movea.l (-$8,A6), A0
FFCE823A? 2F10                 move.l  (A0), -(A7)
FFCE823C? 2F05                 move.l  D5, -(A7)
FFCE823E? 4EBA2950             jsr     ($ffceab90,PC)
FFCE8242? 2F07                 move.l  D7, -(A7)
FFCE8244? 1F04                 move.b  D4, -(A7)
FFCE8246? 4EBA2978             jsr     ($ffceabc0,PC)
FFCE824A? 286E0008             movea.l ($8,A6), A4
FFCE824E? 28AE0018             move.l  ($18,A6), (A4)
FFCE8252? 296EFFF80004         move.l  (-$8,A6), ($4,A4)
FFCE8258? 3D460020             move.w  D6, ($20,A6)
FFCE825C? 4CDF18F0             movem.l (A7)+, D4-D7/A3-A4
FFCE8260? 4E5E                 unlk    A6
FFCE8262? 4E740018             rtd     #$18; (1+)
FFCE8266d 0000000000000000     dc.b    $00,$00,$00,$00,$00,$00,$00,$00,$00,$00,$4E,$56,$FF,$CE ; |..........NV..|
FFCE8274? 48E70108             movem.l D7/A4, -(A7)
FFCE8278? 4267                 clr.w   -(A7)
FFCE827A? 2F2E0018             move.l  ($18,A6), -(A7)
FFCE827E? 486EFFFF             pea     (-$1,A6)
FFCE8282? 1F3C0001             move.b  #$1, -(A7)
FFCE8286? 4EBA09E8             jsr     ($ffce8c70,PC)
FFCE828A? 3E1F                 move.w  (A7)+, D7
FFCE828C? 206E0018             movea.l ($18,A6), A0
FFCE8290? 28680004             movea.l ($4,A0), A4
FFCE8294? 4A47                 tst.w   D7
FFCE8296? 660000CC             bne     $ffce8364
FFCE829A? 3E3CF95B             move.w  #$f95b, D7
FFCE829E? 1F2EFFFF             move.b  (-$1,A6), -(A7)
FFCE82A2? 2F0C                 move.l  A4, -(A7)
FFCE82A4? 486E0014             pea     ($14,A6)
FFCE82A8? 2F2E000C             move.l  ($c,A6), -(A7)
FFCE82AC? 486EFFF2             pea     (-$e,A6)
FFCE82B0? 486EFFD6             pea     (-$2a,A6)
FFCE82B4? 4EBA00CA             jsr     ($ffce8380,PC)
FFCE82B8? 4AAEFFF2             tst.l   (-$e,A6)
FFCE82BC? 6F0000A6             ble     $ffce8364
FFCE82C0? 7001                 moveq   #$1, D0
FFCE82C2? B02EFFFF             cmp.b   (-$1,A6), D0
FFCE82C6? 660A                 bne     $ffce82d2
FFCE82C8? 2F0C                 move.l  A4, -(A7)
FFCE82CA? 2F2E0014             move.l  ($14,A6), -(A7)
FFCE82CE? 4EBA0CC0             jsr     ($ffce8f90,PC)
FFCE82D2? 4267                 clr.w   -(A7)
FFCE82D4? 2F0C                 move.l  A4, -(A7)
FFCE82D6? 2F2EFFDA             move.l  (-$26,A6), -(A7)
FFCE82DA? 2F2EFFDE             move.l  (-$22,A6), -(A7)
FFCE82DE? 202EFFE2             move.l  (-$1e,A6), D0
FFCE82E2? D0AEFFF2             add.l   (-$e,A6), D0
FFCE82E6? 2F00                 move.l  D0, -(A7)
FFCE82E8? 2F2EFFEA             move.l  (-$16,A6), -(A7)
FFCE82EC? 2F2E0008             move.l  ($8,A6), -(A7)
FFCE82F0? 4EBAFE4E             jsr     ($ffce8140,PC)
FFCE82F4? 3E1F                 move.w  (A7)+, D7
FFCE82F6? 202E0010             move.l  ($10,A6), D0
FFCE82FA? B0AEFFDA             cmp.l   (-$26,A6), D0
FFCE82FE? 56C0                 sne     D0
FFCE8300? 223C2A2A2A2A         move.l  #$2a2a2a2a, D1
FFCE8306? B2AE0010             cmp.l   ($10,A6), D1
FFCE830A? 56C1                 sne     D1
FFCE830C? C001                 and.b   D1, D0
FFCE830E? 6754                 beq     $ffce8364
FFCE8310? 203C7265636F         move.l  #$7265636f, D0
FFCE8316? B0AEFFDA             cmp.l   (-$26,A6), D0
FFCE831A? 6606                 bne     $ffce8322
FFCE831C? 3E3CF95C             move.w  #$f95c, D7
FFCE8320? 6014                 bra     $ffce8336
FFCE8322? 4267                 clr.w   -(A7)
FFCE8324? 2F2E0008             move.l  ($8,A6), -(A7)
FFCE8328? 2F2E0010             move.l  ($10,A6), -(A7)
FFCE832C? 486EFFCE             pea     (-$32,A6)
FFCE8330? 4EBAE5EE             jsr     ($ffce6920,PC)
FFCE8334? 3E1F                 move.w  (A7)+, D7
FFCE8336? 4A47                 tst.w   D7
FFCE8338? 56C0                 sne     D0
FFCE833A? 206E0008             movea.l ($8,A6), A0
FFCE833E? 22280004             move.l  ($4,A0), D1
FFCE8342? B2AEFFD2             cmp.l   (-$2e,A6), D1
FFCE8346? 56C1                 sne     D1
FFCE8348? 8001                 or.b    D1, D0
FFCE834A? 670C                 beq     $ffce8358
FFCE834C? 4267                 clr.w   -(A7)
FFCE834E? 2F2E0008             move.l  ($8,A6), -(A7)
FFCE8352? 4EBAF3EC             jsr     ($ffce7740,PC)
FFCE8356? 548F                 addq.l  #2, A7
FFCE8358? 206E0008             movea.l ($8,A6), A0
FFCE835C? 43EEFFCE             lea     (-$32,A6), A1
FFCE8360? 20D9                 move.l  (A1)+, (A0)+
FFCE8362? 20D9                 move.l  (A1)+, (A0)+
FFCE8364? 4A47                 tst.w   D7
FFCE8366? 6708                 beq     $ffce8370
FFCE8368? 2F2E0008             move.l  ($8,A6), -(A7)
FFCE836C? 4EBADDE2             jsr     ($ffce6150,PC)
FFCE8370? 3D47001C             move.w  D7, ($1c,A6)
FFCE8374? 4CDF1080             movem.l (A7)+, D7/A4
FFCE8378? 4E5E                 unlk    A6
FFCE837A? 4E740014             rtd     #$14; (1+)
FFCE837Ed 00004E56FFE0         dc.b    $00,$00,$4E,$56,$FF,$E0           ; |..NV..|
FFCE8384? 48E70F18             movem.l D4-D7/A3-A4, -(A7)
FFCE8388? 266E0018             movea.l ($18,A6), A3
FFCE838C? 282E0014             move.l  ($14,A6), D4
FFCE8390? 286E0008             movea.l ($8,A6), A4
FFCE8394? 206E000C             movea.l ($c,A6), A0
FFCE8398? 7000                 moveq   #$0, D0
FFCE839A? 2080                 move.l  D0, (A0)
FFCE839C? 2044                 movea.l D4, A0
FFCE839E? 4A90                 tst.l   (A0)
FFCE83A0? 57C0                 seq     D0
FFCE83A2? 4400                 neg.b   D0
FFCE83A4? 1D40FFF1             move.b  D0, (-$f,A6)
FFCE83A8? 7002                 moveq   #$2, D0
FFCE83AA? B02E001C             cmp.b   ($1c,A6), D0
FFCE83AE? 6E0000F2             bgt     $ffce84a2
FFCE83B2? 7003                 moveq   #$3, D0
FFCE83B4? B02E001C             cmp.b   ($1c,A6), D0
FFCE83B8? 57C0                 seq     D0
FFCE83BA? 4400                 neg.b   D0
FFCE83BC? 19400018             move.b  D0, ($18,A4)
FFCE83C0? 2053                 movea.l (A3), A0
FFCE83C2? 296800140010         move.l  ($14,A0), ($10,A4)
FFCE83C8? 2013                 move.l  (A3), D0
FFCE83CA? 7218                 moveq   #$18, D1
FFCE83CC? D081                 add.l   D1, D0
FFCE83CE? 5980                 subq.l  #4, D0
FFCE83D0? 2040                 movea.l D0, A0
FFCE83D2? 224C                 movea.l A4, A1
FFCE83D4? 22D8                 move.l  (A0)+, (A1)+
FFCE83D6? 22D8                 move.l  (A0)+, (A1)+
FFCE83D8? 22D8                 move.l  (A0)+, (A1)+
FFCE83DA? 7004                 moveq   #$4, D0
FFCE83DC? B0AC0010             cmp.l   ($10,A4), D0
FFCE83E0? 5CC0                 sge     D0
FFCE83E2? 4400                 neg.b   D0
FFCE83E4? 1D40FFF7             move.b  D0, (-$9,A6)
FFCE83E8? 6712                 beq     $ffce83fc
FFCE83EA? 7000                 moveq   #$0, D0
FFCE83EC? 29400014             move.l  D0, ($14,A4)
FFCE83F0? 7008                 moveq   #$8, D0
FFCE83F2? 90AC0010             sub.l   ($10,A4), D0
FFCE83F6? 2940000C             move.l  D0, ($c,A4)
FFCE83FA? 6010                 bra     $ffce840c
FFCE83FC? 202C0010             move.l  ($10,A4), D0
FFCE8400? 5180                 subq.l  #8, D0
FFCE8402? 29400014             move.l  D0, ($14,A4)
FFCE8406? 7000                 moveq   #$0, D0
FFCE8408? 2940000C             move.l  D0, ($c,A4)
FFCE840C? 102C0018             move.b  ($18,A4), D0
FFCE8410? 6704                 beq     $ffce8416
FFCE8412? 58AC000C             addq.l  #4, ($c,A4)
FFCE8416? 102EFFF7             move.b  (-$9,A6), D0
FFCE841A? 670A                 beq     $ffce8426
FFCE841C? 2A2C000C             move.l  ($c,A4), D5
FFCE8420? 5985                 subq.l  #4, D5
FFCE8422? 6000009E             bra     $ffce84c2
FFCE8426? 2053                 movea.l (A3), A0
FFCE8428? 2D48FFE4             move.l  A0, (-$1c,A6)
FFCE842C? 202C0008             move.l  ($8,A4), D0
FFCE8430? 90AC0014             sub.l   ($14,A4), D0
FFCE8434? 2A2C000C             move.l  ($c,A4), D5
FFCE8438? DA80                 add.l   D0, D5
FFCE843A? 7001                 moveq   #$1, D0
FFCE843C? B085                 cmp.l   D5, D0
FFCE843E? 670C                 beq     $ffce844c
FFCE8440? 2005                 move.l  D5, D0
FFCE8442? 5280                 addq.l  #1, D0
FFCE8444? C0BCFFFFFFFE         and.l   #$fffffffe, D0
FFCE844A? 2A00                 move.l  D0, D5
FFCE844C? 102EFFF1             move.b  (-$f,A6), D0
FFCE8450? 6670                 bne     $ffce84c2
FFCE8452? 2044                 movea.l D4, A0
FFCE8454? 4A90                 tst.l   (A0)
FFCE8456? 6F000162             ble     $ffce85ba
FFCE845A? 2044                 movea.l D4, A0
FFCE845C? 226EFFE4             movea.l (-$1c,A6), A1
FFCE8460? 2010                 move.l  (A0), D0
FFCE8462? B0A90010             cmp.l   ($10,A1), D0
FFCE8466? 6E000152             bgt     $ffce85ba
FFCE846A? 2044                 movea.l D4, A0
FFCE846C? 2010                 move.l  (A0), D0
FFCE846E? 5380                 subq.l  #1, D0
FFCE8470? 2205                 move.l  D5, D1
FFCE8472? 4C001800             muls.l  D0, D1; (2+)
FFCE8476? 206EFFE4             movea.l (-$1c,A6), A0
FFCE847A? 20280008             move.l  ($8,A0), D0
FFCE847E? D081                 add.l   D1, D0
FFCE8480? 206E000C             movea.l ($c,A6), A0
FFCE8484? 2080                 move.l  D0, (A0)
FFCE8486? 102C0018             move.b  ($18,A4), D0
FFCE848A? 6700012E             beq     $ffce85ba
FFCE848E? 206E0010             movea.l ($10,A6), A0
FFCE8492? 226E000C             movea.l ($c,A6), A1
FFCE8496? 2011                 move.l  (A1), D0
FFCE8498? D093                 add.l   (A3), D0
FFCE849A? 2240                 movea.l D0, A1
FFCE849C? 2091                 move.l  (A1), (A0)
FFCE849E? 6000011A             bra     $ffce85ba
FFCE84A2? 197C00010018         move.b  #$1, ($18,A4)
FFCE84A8? 1D7C0001FFF7         move.b  #$1, (-$9,A6)
FFCE84AE? 7000                 moveq   #$0, D0
FFCE84B0? 29400014             move.l  D0, ($14,A4)
FFCE84B4? 7000                 moveq   #$0, D0
FFCE84B6? 29400010             move.l  D0, ($10,A4)
FFCE84BA? 700C                 moveq   #$c, D0
FFCE84BC? 2940000C             move.l  D0, ($c,A4)
FFCE84C0? 7A08                 moveq   #$8, D5
FFCE84C2? 2044                 movea.l D4, A0
FFCE84C4? 4A90                 tst.l   (A0)
FFCE84C6? 6C04                 bge     $ffce84cc
FFCE84C8? 60000136             bra     $ffce8600
FFCE84CC? 4A2E001C             tst.b   ($1c,A6)
FFCE84D0? 6628                 bne     $ffce84fa
FFCE84D2? 7C01                 moveq   #$1, D6
FFCE84D4? 2053                 movea.l (A3), A0
FFCE84D6? 20280042             move.l  ($42,A0), D0
FFCE84DA? 7246                 moveq   #$46, D1
FFCE84DC? D081                 add.l   D1, D0
FFCE84DE? 5080                 addq.l  #8, D0
FFCE84E0? 5280                 addq.l  #1, D0
FFCE84E2? C0BCFFFFFFFE         and.l   #$fffffffe, D0
FFCE84E8? 2E00                 move.l  D0, D7
FFCE84EA? DE93                 add.l   (A3), D7
FFCE84EC? 20280008             move.l  ($8,A0), D0
FFCE84F0? D093                 add.l   (A3), D0
FFCE84F2? 5980                 subq.l  #4, D0
FFCE84F4? 2D40FFF8             move.l  D0, (-$8,A6)
FFCE84F8? 603C                 bra     $ffce8536
FFCE84FA? 2053                 movea.l (A3), A0
FFCE84FC? 2C10                 move.l  (A0), D6
FFCE84FE? 5EC0                 sgt     D0
FFCE8500? 2044                 movea.l D4, A0
FFCE8502? 4A90                 tst.l   (A0)
FFCE8504? 5EC1                 sgt     D1
FFCE8506? C001                 and.b   D1, D0
FFCE8508? 2044                 movea.l D4, A0
FFCE850A? BC90                 cmp.l   (A0), D6
FFCE850C? 5FC1                 sle     D1
FFCE850E? C001                 and.b   D1, D0
FFCE8510? 670A                 beq     $ffce851c
FFCE8512? 2053                 movea.l (A3), A0
FFCE8514? 2E280004             move.l  ($4,A0), D7
FFCE8518? DE93                 add.l   (A3), D7
FFCE851A? 600A                 bra     $ffce8526
FFCE851C? 7C01                 moveq   #$1, D6
FFCE851E? 2053                 movea.l (A3), A0
FFCE8520? 2E280008             move.l  ($8,A0), D7
FFCE8524? DE93                 add.l   (A3), D7
FFCE8526? 42A7                 clr.l   -(A7)
FFCE8528? 2F0B                 move.l  A3, -(A7)
FFCE852A? 4EBA2644             jsr     ($ffceab70,PC)
FFCE852E? 201F                 move.l  (A7)+, D0
FFCE8530? D093                 add.l   (A3), D0
FFCE8532? 2D40FFF8             move.l  D0, (-$8,A6)
FFCE8536? BEAEFFF8             cmp.l   (-$8,A6), D7
FFCE853A? 6C7E                 bge     $ffce85ba
FFCE853C? 2044                 movea.l D4, A0
FFCE853E? BC90                 cmp.l   (A0), D6
FFCE8540? 57C0                 seq     D0
FFCE8542? 2047                 movea.l D7, A0
FFCE8544? 226E0010             movea.l ($10,A6), A1
FFCE8548? 2210                 move.l  (A0), D1
FFCE854A? B291                 cmp.l   (A1), D1
FFCE854C? 57C1                 seq     D1
FFCE854E? C22EFFF1             and.b   (-$f,A6), D1
FFCE8552? 8001                 or.b    D1, D0
FFCE8554? 02400001             andi.w  #$1, D0
FFCE8558? 6742                 beq     $ffce859c
FFCE855A? 2007                 move.l  D7, D0
FFCE855C? 9093                 sub.l   (A3), D0
FFCE855E? 206E000C             movea.l ($c,A6), A0
FFCE8562? 2080                 move.l  D0, (A0)
FFCE8564? 102C0018             move.b  ($18,A4), D0
FFCE8568? 6708                 beq     $ffce8572
FFCE856A? 206E0010             movea.l ($10,A6), A0
FFCE856E? 2247                 movea.l D7, A1
FFCE8570? 2091                 move.l  (A1), (A0)
FFCE8572? 4A2E001C             tst.b   ($1c,A6)
FFCE8576? 57C0                 seq     D0
FFCE8578? 802EFFF1             or.b    (-$f,A6), D0
FFCE857C? 02400001             andi.w  #$1, D0
FFCE8580? 6614                 bne     $ffce8596
FFCE8582? 2053                 movea.l (A3), A0
FFCE8584? 2D48FFE0             move.l  A0, (-$20,A6)
FFCE8588? 2086                 move.l  D6, (A0)
FFCE858A? 206E000C             movea.l ($c,A6), A0
FFCE858E? 226EFFE0             movea.l (-$20,A6), A1
FFCE8592? 23500004             move.l  (A0), ($4,A1)
FFCE8596? 2044                 movea.l D4, A0
FFCE8598? 2086                 move.l  D6, (A0)
FFCE859A? 601E                 bra     $ffce85ba
FFCE859C? DE85                 add.l   D5, D7
FFCE859E? 102EFFF7             move.b  (-$9,A6), D0
FFCE85A2? 6710                 beq     $ffce85b4
FFCE85A4? 2047                 movea.l D7, A0
FFCE85A6? 2010                 move.l  (A0), D0
FFCE85A8? 5880                 addq.l  #4, D0
FFCE85AA? 5280                 addq.l  #1, D0
FFCE85AC? C0BCFFFFFFFE         and.l   #$fffffffe, D0
FFCE85B2? DE80                 add.l   D0, D7
FFCE85B4? 5286                 addq.l  #1, D6
FFCE85B6? 6000FF7E             bra     $ffce8536
FFCE85BA? 206E000C             movea.l ($c,A6), A0
FFCE85BE? 4A90                 tst.l   (A0)
FFCE85C0? 6F3E                 ble     $ffce8600
FFCE85C2? 286E0008             movea.l ($8,A6), A4
FFCE85C6? 2010                 move.l  (A0), D0
FFCE85C8? D093                 add.l   (A3), D0
FFCE85CA? 2D40FFE8             move.l  D0, (-$18,A6)
FFCE85CE? 102C0018             move.b  ($18,A4), D0
FFCE85D2? 670A                 beq     $ffce85de
FFCE85D4? 206EFFE8             movea.l (-$18,A6), A0
FFCE85D8? 2890                 move.l  (A0), (A4)
FFCE85DA? 58AEFFE8             addq.l  #4, (-$18,A6)
FFCE85DE? 4AAC0010             tst.l   ($10,A4)
FFCE85E2? 660C                 bne     $ffce85f0
FFCE85E4? 206EFFE8             movea.l (-$18,A6), A0
FFCE85E8? 29500004             move.l  (A0), ($4,A4)
FFCE85EC? 58AEFFE8             addq.l  #4, (-$18,A6)
FFCE85F0? 7004                 moveq   #$4, D0
FFCE85F2? B0AC0010             cmp.l   ($10,A4), D0
FFCE85F6? 6D08                 blt     $ffce8600
FFCE85F8? 206EFFE8             movea.l (-$18,A6), A0
FFCE85FC? 29500008             move.l  (A0), ($8,A4)
FFCE8600? 4CDF18F0             movem.l (A7)+, D4-D7/A3-A4
FFCE8604? 4E5E                 unlk    A6
FFCE8606? 4E740016             rtd     #$16; (1+)
FFCE860Ad 0000000000004E56     dc.b    $00,$00,$00,$00,$00,$00,$4E,$56,$FF,$BA ; |......NV..|
FFCE8614? 48E70F18             movem.l D4-D7/A3-A4, -(A7)
FFCE8618? 4207                 clr.b   D7
FFCE861A? 206E0008             movea.l ($8,A6), A0
FFCE861E? 20BC6F70746B         move.l  #$6f70746b, (A0)
FFCE8624? 4267                 clr.w   -(A7)
FFCE8626? 486EFFCA             pea     (-$36,A6)
FFCE862A? 2F2E000C             move.l  ($c,A6), -(A7)
FFCE862E? 4EBADA50             jsr     ($ffce6080,PC)
FFCE8632? 42A7                 clr.l   -(A7)
FFCE8634? 2F3C6C697374         move.l  #$6c697374, -(A7)
FFCE863A? 2F2E0008             move.l  ($8,A6), -(A7)
FFCE863E? 486EFFD2             pea     (-$2e,A6)
FFCE8642? 4EBAFC2C             jsr     ($ffce8270,PC)
FFCE8646? 4A5F                 tst.w   (A7)+
FFCE8648? 57C0                 seq     D0
FFCE864A? 4400                 neg.b   D0
FFCE864C? 1D40FFDD             move.b  D0, (-$23,A6)
FFCE8650? 7000                 moveq   #$0, D0
FFCE8652? 2D40FFE8             move.l  D0, (-$18,A6)
FFCE8656? 102EFFDD             move.b  (-$23,A6), D0
FFCE865A? 6712                 beq     $ffce866e
FFCE865C? 4267                 clr.w   -(A7)
FFCE865E? 486EFFD2             pea     (-$2e,A6)
FFCE8662? 486EFFE8             pea     (-$18,A6)
FFCE8666? 4EBAEFD8             jsr     ($ffce7640,PC)
FFCE866A? 3D5FFFDA             move.w  (A7)+, (-$26,A6)
FFCE866E? 206E000C             movea.l ($c,A6), A0
FFCE8672? 20680004             movea.l ($4,A0), A0
FFCE8676? 2850                 movea.l (A0), A4
FFCE8678? 4AAC001A             tst.l   ($1a,A4)
FFCE867C? 57C0                 seq     D0
FFCE867E? 4400                 neg.b   D0
FFCE8680? 1D40FFDF             move.b  D0, (-$21,A6)
FFCE8684? 41EC001A             lea     ($1a,A4), A0
FFCE8688? 2808                 move.l  A0, D4
FFCE868A? 7020                 moveq   #$20, D0
FFCE868C? B0AC0010             cmp.l   ($10,A4), D0
FFCE8690? 6C0C                 bge     $ffce869e
FFCE8692? 4AAC001A             tst.l   ($1a,A4)
FFCE8696? 6706                 beq     $ffce869e
FFCE8698? 206C001A             movea.l ($1a,A4), A0
FFCE869C? 2810                 move.l  (A0), D4
FFCE869E? 206E000C             movea.l ($c,A6), A0
FFCE86A2? 20680004             movea.l ($4,A0), A0
FFCE86A6? 266C0008             movea.l ($8,A4), A3
FFCE86AA? D7D0                 adda.l  (A0), A3
FFCE86AC? 7000                 moveq   #$0, D0
FFCE86AE? 2D40FFC6             move.l  D0, (-$3a,A6)
FFCE86B2? 202C0010             move.l  ($10,A4), D0
FFCE86B6? 5380                 subq.l  #1, D0
FFCE86B8? 2D40FFC2             move.l  D0, (-$3e,A6)
FFCE86BC? 2C2EFFC6             move.l  (-$3a,A6), D6
FFCE86C0? 60000090             bra     $ffce8752
FFCE86C4? 4267                 clr.w   -(A7)
FFCE86C6? 2F04                 move.l  D4, -(A7)
FFCE86C8? 2F06                 move.l  D6, -(A7)
FFCE86CA? A85D                 _BitTst                                   ; A-line trap A85D
FFCE86CC? 101F                 move.b  (A7)+, D0
FFCE86CE? 0A000001             eori.b  #$1, D0
FFCE86D2? 802EFFDF             or.b    (-$21,A6), D0
FFCE86D6? 6764                 beq     $ffce873c
FFCE86D8? 206E0008             movea.l ($8,A6), A0
FFCE86DC? 2093                 move.l  (A3), (A0)
FFCE86DE? 7E01                 moveq   #$1, D7
FFCE86E0? 7001                 moveq   #$1, D0
FFCE86E2? 2D40FFBE             move.l  D0, (-$42,A6)
FFCE86E6? 2D6EFFE8FFBA         move.l  (-$18,A6), (-$46,A6)
FFCE86EC? 2A2EFFBE             move.l  (-$42,A6), D5
FFCE86F0? 603E                 bra     $ffce8730
FFCE86F2? 4267                 clr.w   -(A7)
FFCE86F4? 486EFFD2             pea     (-$2e,A6)
FFCE86F8? 2F05                 move.l  D5, -(A7)
FFCE86FA? 2F3C6B657977         move.l  #$6b657977, -(A7)
FFCE8700? 2F2E0008             move.l  ($8,A6), -(A7)
FFCE8704? 486EFFE0             pea     (-$20,A6)
FFCE8708? 486EFFE4             pea     (-$1c,A6)
FFCE870C? 7004                 moveq   #$4, D0
FFCE870E? 2F00                 move.l  D0, -(A7)
FFCE8710? 486EFFEC             pea     (-$14,A6)
FFCE8714? 4EBA063A             jsr     ($ffce8d50,PC)
FFCE8718? 4A5F                 tst.w   (A7)+
FFCE871A? 6610                 bne     $ffce872c
FFCE871C? 206E0008             movea.l ($8,A6), A0
FFCE8720? 202EFFE4             move.l  (-$1c,A6), D0
FFCE8724? B090                 cmp.l   (A0), D0
FFCE8726? 6604                 bne     $ffce872c
FFCE8728? 4207                 clr.b   D7
FFCE872A? 600A                 bra     $ffce8736
FFCE872C? 5285                 addq.l  #1, D5
FFCE872E? 6906                 bvs     $ffce8736
FFCE8730? BAAEFFBA             cmp.l   (-$46,A6), D5
FFCE8734? 6FBC                 ble     $ffce86f2
FFCE8736? 1007                 move.b  D7, D0
FFCE8738? 6702                 beq     $ffce873c
FFCE873A? 601E                 bra     $ffce875a
FFCE873C? 202B0008             move.l  ($8,A3), D0
FFCE8740? 720C                 moveq   #$c, D1
FFCE8742? D081                 add.l   D1, D0
FFCE8744? 5280                 addq.l  #1, D0
FFCE8746? C0BCFFFFFFFE         and.l   #$fffffffe, D0
FFCE874C? D7C0                 adda.l  D0, A3
FFCE874E? 5286                 addq.l  #1, D6
FFCE8750? 6908                 bvs     $ffce875a
FFCE8752? BCAEFFC2             cmp.l   (-$3e,A6), D6
FFCE8756? 6F00FF6C             ble     $ffce86c4
FFCE875A? 102EFFDD             move.b  (-$23,A6), D0
FFCE875E? 670E                 beq     $ffce876e
FFCE8760? 4267                 clr.w   -(A7)
FFCE8762? 486EFFD2             pea     (-$2e,A6)
FFCE8766? 4EBAEFD8             jsr     ($ffce7740,PC)
FFCE876A? 3D5FFFDA             move.w  (A7)+, (-$26,A6)
FFCE876E? 1D470010             move.b  D7, ($10,A6)
FFCE8772? 4CDF18F0             movem.l (A7)+, D4-D7/A3-A4
FFCE8776? 4E5E                 unlk    A6
FFCE8778? 4E740008             rtd     #$8; (1+)
FFCE877C? 00000000             ori.b   #$0, D0
FFCE8780? 4E56FFD0             link    A6, #-$30
FFCE8784? 48E70F18             movem.l D4-D7/A3-A4, -(A7)
FFCE8788? 182E0008             move.b  ($8,A6), D4
FFCE878C? 2A2E000E             move.l  ($e,A6), D5
FFCE8790? 3E3CF958             move.w  #$f958, D7
FFCE8794? 206E0022             movea.l ($22,A6), A0
FFCE8798? 203C61657674         move.l  #$61657674, D0
FFCE879E? B090                 cmp.l   (A0), D0
FFCE87A0? 57C0                 seq     D0
FFCE87A2? 4AA80004             tst.l   ($4,A0)
FFCE87A6? 56C1                 sne     D1
FFCE87A8? C001                 and.b   D1, D0
FFCE87AA? 6700030C             beq     $ffce8ab8
FFCE87AE? 20680004             movea.l ($4,A0), A0
FFCE87B2? 2850                 movea.l (A0), A4
FFCE87B4? 4247                 clr.w   D7
FFCE87B6? 7000                 moveq   #$0, D0
FFCE87B8? 2640                 movea.l D0, A3
FFCE87BA? 7000                 moveq   #$0, D0
FFCE87BC? 2D40FFFA             move.l  D0, (-$6,A6)
FFCE87C0? 206E000A             movea.l ($a,A6), A0
FFCE87C4? 7004                 moveq   #$4, D0
FFCE87C6? 2080                 move.l  D0, (A0)
FFCE87C8? 2F2E001E             move.l  ($1e,A6), -(A7)
FFCE87CC? 486EFFF0             pea     (-$10,A6)
FFCE87D0? 2F2E0016             move.l  ($16,A6), -(A7)
FFCE87D4? 4EBA030A             jsr     ($ffce8ae0,PC)
FFCE87D8? 4AAEFFF0             tst.l   (-$10,A6)
FFCE87DC? 6F12                 ble     $ffce87f0
FFCE87DE? 206E0022             movea.l ($22,A6), A0
FFCE87E2? 20680004             movea.l ($4,A0), A0
FFCE87E6? 266EFFF0             movea.l (-$10,A6), A3
FFCE87EA? D7D0                 adda.l  (A0), A3
FFCE87EC? 600001C0             bra     $ffce89ae
FFCE87F0? 203C61646472         move.l  #$61646472, D0
FFCE87F6? B0AE001E             cmp.l   ($1e,A6), D0
FFCE87FA? 6618                 bne     $ffce8814
FFCE87FC? 47EC0046             lea     ($46,A4), A3
FFCE8800? 206E000A             movea.l ($a,A6), A0
FFCE8804? 20AC0042             move.l  ($42,A4), (A0)
FFCE8808? 206E0016             movea.l ($16,A6), A0
FFCE880C? 20AC003E             move.l  ($3e,A4), (A0)
FFCE8810? 6000019C             bra     $ffce89ae
FFCE8814? 203C65737263         move.l  #$65737263, D0
FFCE881A? B0AE001E             cmp.l   ($1e,A6), D0
FFCE881E? 6638                 bne     $ffce8858
FFCE8820? 206E0022             movea.l ($22,A6), A0
FFCE8824? 2F280004             move.l  ($4,A0), -(A7)
FFCE8828? 486EFFE3             pea     (-$1d,A6)
FFCE882C? 486EFFDA             pea     (-$26,A6)
FFCE8830? 4EBAD5DE             jsr     ($ffce5e10,PC)
FFCE8834? 102EFFE3             move.b  (-$1d,A6), D0
FFCE8838? 4880                 ext.w   D0
FFCE883A? 3D40FFE8             move.w  D0, (-$18,A6)
FFCE883E? 47EEFFE8             lea     (-$18,A6), A3
FFCE8842? 206E000A             movea.l ($a,A6), A0
FFCE8846? 7002                 moveq   #$2, D0
FFCE8848? 2080                 move.l  D0, (A0)
FFCE884A? 206E0016             movea.l ($16,A6), A0
FFCE884E? 20BC73686F72         move.l  #$73686f72, (A0)
FFCE8854? 60000158             bra     $ffce89ae
FFCE8858? 203C696E7465         move.l  #$696e7465, D0
FFCE885E? B0AE001E             cmp.l   ($1e,A6), D0
FFCE8862? 57C0                 seq     D0
FFCE8864? 223C656E756D         move.l  #$656e756d, D1
FFCE886A? B2AE001A             cmp.l   ($1a,A6), D1
FFCE886E? 56C1                 sne     D1
FFCE8870? C001                 and.b   D1, D0
FFCE8872? 6700008A             beq     $ffce88fe
FFCE8876? 3D7C0020FFE8         move.w  #$20, (-$18,A6)
FFCE887C? 4267                 clr.w   -(A7)
FFCE887E? 486EFFD0             pea     (-$30,A6)
FFCE8882? 2F2E0022             move.l  ($22,A6), -(A7)
FFCE8886? 4EBAD7F8             jsr     ($ffce6080,PC)
FFCE888A? 42A7                 clr.l   -(A7)
FFCE888C? 2F3C656E756D         move.l  #$656e756d, -(A7)
FFCE8892? 486E001E             pea     ($1e,A6)
FFCE8896? 2F2E0016             move.l  ($16,A6), -(A7)
FFCE889A? 486EFFE4             pea     (-$1c,A6)
FFCE889E? 7004                 moveq   #$4, D0
FFCE88A0? 2F00                 move.l  D0, -(A7)
FFCE88A2? 2F2E000A             move.l  ($a,A6), -(A7)
FFCE88A6? 4EBA04A8             jsr     ($ffce8d50,PC)
FFCE88AA? 4A5F                 tst.w   (A7)+
FFCE88AC? 6636                 bne     $ffce88e4
FFCE88AE? 203C616C7769         move.l  #$616c7769, D0
FFCE88B4? B0AEFFE4             cmp.l   (-$1c,A6), D0
FFCE88B8? 57C0                 seq     D0
FFCE88BA? 223C616C7773         move.l  #$616c7773, D1
FFCE88C0? B2AEFFE4             cmp.l   (-$1c,A6), D1
FFCE88C4? 57C1                 seq     D1
FFCE88C6? 8001                 or.b    D1, D0
FFCE88C8? 6708                 beq     $ffce88d2
FFCE88CA? 3D7C0030FFE8         move.w  #$30, (-$18,A6)
FFCE88D0? 6012                 bra     $ffce88e4
FFCE88D2? 203C6E657669         move.l  #$6e657669, D0
FFCE88D8? B0AEFFE4             cmp.l   (-$1c,A6), D0
FFCE88DC? 6606                 bne     $ffce88e4
FFCE88DE? 3D7C0010FFE8         move.w  #$10, (-$18,A6)
FFCE88E4? 47EEFFE8             lea     (-$18,A6), A3
FFCE88E8? 206E000A             movea.l ($a,A6), A0
FFCE88EC? 7002                 moveq   #$2, D0
FFCE88EE? 2080                 move.l  D0, (A0)
FFCE88F0? 206E0016             movea.l ($16,A6), A0
FFCE88F4? 20BC73686F72         move.l  #$73686f72, (A0)
FFCE88FA? 600000B2             bra     $ffce89ae
FFCE88FE? 4267                 clr.w   -(A7)
FFCE8900? 2F2E0022             move.l  ($22,A6), -(A7)
FFCE8904? 486EFFF5             pea     (-$b,A6)
FFCE8908? 1F3C0001             move.b  #$1, -(A7)
FFCE890C? 4EBA0362             jsr     ($ffce8c70,PC)
FFCE8910? 3E1F                 move.w  (A7)+, D7
FFCE8912? 6600009A             bne     $ffce89ae
FFCE8916? 203C6D697373         move.l  #$6d697373, D0
FFCE891C? B0AE001E             cmp.l   ($1e,A6), D0
FFCE8920? 6630                 bne     $ffce8952
FFCE8922? 4267                 clr.w   -(A7)
FFCE8924? 2F2E0022             move.l  ($22,A6), -(A7)
FFCE8928? 486EFFE4             pea     (-$1c,A6)
FFCE892C? 4EBAFCE2             jsr     ($ffce8610,PC)
FFCE8930? 101F                 move.b  (A7)+, D0
FFCE8932? 6718                 beq     $ffce894c
FFCE8934? 47EEFFE4             lea     (-$1c,A6), A3
FFCE8938? 206E000A             movea.l ($a,A6), A0
FFCE893C? 7004                 moveq   #$4, D0
FFCE893E? 2080                 move.l  D0, (A0)
FFCE8940? 206E0016             movea.l ($16,A6), A0
FFCE8944? 20BC6B657977         move.l  #$6b657977, (A0)
FFCE894A? 6062                 bra     $ffce89ae
FFCE894Cd 3E3CF95B605C         dc.b    $3E,$3C,$F9,$5B,$60,$5C           ; |><.[`\|
FFCE8952? 1004                 move.b  D4, D0
FFCE8954? 672C                 beq     $ffce8982
FFCE8956? 4267                 clr.w   -(A7)
FFCE8958? 486EFFD0             pea     (-$30,A6)
FFCE895C? 2F2E0022             move.l  ($22,A6), -(A7)
FFCE8960? 4EBAD71E             jsr     ($ffce6080,PC)
FFCE8964? 42A7                 clr.l   -(A7)
FFCE8966? 2F2E001A             move.l  ($1a,A6), -(A7)
FFCE896A? 486E001E             pea     ($1e,A6)
FFCE896E? 486EFFF6             pea     (-$a,A6)
FFCE8972? 4EBAF8FC             jsr     ($ffce8270,PC)
FFCE8976? 3E1F                 move.w  (A7)+, D7
FFCE8978? 206E0016             movea.l ($16,A6), A0
FFCE897C? 20AEFFF6             move.l  (-$a,A6), (A0)
FFCE8980? 602C                 bra     $ffce89ae
FFCE8982? 4267                 clr.w   -(A7)
FFCE8984? 486EFFD0             pea     (-$30,A6)
FFCE8988? 2F2E0022             move.l  ($22,A6), -(A7)
FFCE898C? 4EBAD6F2             jsr     ($ffce6080,PC)
FFCE8990? 42A7                 clr.l   -(A7)
FFCE8992? 2F2E001A             move.l  ($1a,A6), -(A7)
FFCE8996? 486E001E             pea     ($1e,A6)
FFCE899A? 2F2E0016             move.l  ($16,A6), -(A7)
FFCE899E? 2F2E0012             move.l  ($12,A6), -(A7)
FFCE89A2? 2F05                 move.l  D5, -(A7)
FFCE89A4? 2F2E000A             move.l  ($a,A6), -(A7)
FFCE89A8? 4EBA03A6             jsr     ($ffce8d50,PC)
FFCE89AC? 3E1F                 move.w  (A7)+, D7
FFCE89AE? 200B                 move.l  A3, D0
FFCE89B0? 670000F6             beq     $ffce8aa8
FFCE89B4? 206E0016             movea.l ($16,A6), A0
FFCE89B8? 202E001A             move.l  ($1a,A6), D0
FFCE89BC? B090                 cmp.l   (A0), D0
FFCE89BE? 56C0                 sne     D0
FFCE89C0? 223C2A2A2A2A         move.l  #$2a2a2a2a, D1
FFCE89C6? B2AE001A             cmp.l   ($1a,A6), D1
FFCE89CA? 56C1                 sne     D1
FFCE89CC? C001                 and.b   D1, D0
FFCE89CE? 4400                 neg.b   D0
FFCE89D0? 1C00                 move.b  D0, D6
FFCE89D2? 2006                 move.l  D6, D0
FFCE89D4? 8004                 or.b    D4, D0
FFCE89D6? 677C                 beq     $ffce8a54
FFCE89D8? 4267                 clr.w   -(A7)
FFCE89DA? 206E0022             movea.l ($22,A6), A0
FFCE89DE? 2F280004             move.l  ($4,A0), -(A7)
FFCE89E2? 4EBA21CC             jsr     ($ffceabb0,PC)
FFCE89E6? 1D5FFFEB             move.b  (A7)+, (-$15,A6)
FFCE89EA? 206E0022             movea.l ($22,A6), A0
FFCE89EE? 2F280004             move.l  ($4,A0), -(A7)
FFCE89F2? 205F                 movea.l (A7)+, A0
FFCE89F4? A029                 _HLock                                    ; A-line trap A029
FFCE89F6? 1006                 move.b  D6, D0
FFCE89F8? 6730                 beq     $ffce8a2a
FFCE89FA? 4267                 clr.w   -(A7)
FFCE89FC? 206E0016             movea.l ($16,A6), A0
FFCE8A00? 2F10                 move.l  (A0), -(A7)
FFCE8A02? 2F0B                 move.l  A3, -(A7)
FFCE8A04? 206E000A             movea.l ($a,A6), A0
FFCE8A08? 2F10                 move.l  (A0), -(A7)
FFCE8A0A? 2F2E001A             move.l  ($1a,A6), -(A7)
FFCE8A0E? 486EFFF6             pea     (-$a,A6)
FFCE8A12? 4EBADDAC             jsr     ($ffce67c0,PC)
FFCE8A16? 3E1F                 move.w  (A7)+, D7
FFCE8A18? 206E000A             movea.l ($a,A6), A0
FFCE8A1C? 7000                 moveq   #$0, D0
FFCE8A1E? 2080                 move.l  D0, (A0)
FFCE8A20? 206E0016             movea.l ($16,A6), A0
FFCE8A24? 20AE001A             move.l  ($1a,A6), (A0)
FFCE8A28? 601A                 bra     $ffce8a44
FFCE8A2A? 4267                 clr.w   -(A7)
FFCE8A2C? 206E0016             movea.l ($16,A6), A0
FFCE8A30? 2F10                 move.l  (A0), -(A7)
FFCE8A32? 2F0B                 move.l  A3, -(A7)
FFCE8A34? 206E000A             movea.l ($a,A6), A0
FFCE8A38? 2F10                 move.l  (A0), -(A7)
FFCE8A3A? 486EFFF6             pea     (-$a,A6)
FFCE8A3E? 4EBAD010             jsr     ($ffce5a50,PC)
FFCE8A42? 3E1F                 move.w  (A7)+, D7
FFCE8A44? 206E0022             movea.l ($22,A6), A0
FFCE8A48? 2F280004             move.l  ($4,A0), -(A7)
FFCE8A4C? 1F2EFFEB             move.b  (-$15,A6), -(A7)
FFCE8A50? 4EBA216E             jsr     ($ffceabc0,PC)
FFCE8A54? 4A47                 tst.w   D7
FFCE8A56? 57C0                 seq     D0
FFCE8A58? 1204                 move.b  D4, D1
FFCE8A5A? 0A010001             eori.b  #$1, D1
FFCE8A5E? C001                 and.b   D1, D0
FFCE8A60? 6746                 beq     $ffce8aa8
FFCE8A62? 4AAEFFFA             tst.l   (-$6,A6)
FFCE8A66? 671C                 beq     $ffce8a84
FFCE8A68? 206EFFFA             movea.l (-$6,A6), A0
FFCE8A6C? 2650                 movea.l (A0), A3
FFCE8A6E? 206E000A             movea.l ($a,A6), A0
FFCE8A72? 2F08                 move.l  A0, -(A7)
FFCE8A74? 42A7                 clr.l   -(A7)
FFCE8A76? 2F2EFFFA             move.l  (-$6,A6), -(A7)
FFCE8A7A? 4EBA20F4             jsr     ($ffceab70,PC)
FFCE8A7E? 201F                 move.l  (A7)+, D0
FFCE8A80? 205F                 movea.l (A7)+, A0
FFCE8A82? 2080                 move.l  D0, (A0)
FFCE8A84? 4AAE0012             tst.l   ($12,A6)
FFCE8A88? 6716                 beq     $ffce8aa0
FFCE8A8A? 206E000A             movea.l ($a,A6), A0
FFCE8A8E? BA90                 cmp.l   (A0), D5
FFCE8A90? 6F02                 ble     $ffce8a94
FFCE8A92? 2A10                 move.l  (A0), D5
FFCE8A94? 2F0B                 move.l  A3, -(A7)
FFCE8A96? 2F2E0012             move.l  ($12,A6), -(A7)
FFCE8A9A? 2F05                 move.l  D5, -(A7)
FFCE8A9C? 4EBA20F2             jsr     ($ffceab90,PC)
FFCE8AA0? 2F2EFFFA             move.l  (-$6,A6), -(A7)
FFCE8AA4? 205F                 movea.l (A7)+, A0
FFCE8AA6? A023                 _DisposeHandle                            ; A-line trap A023
FFCE8AA8? 4A47                 tst.w   D7
FFCE8AAA? 57C0                 seq     D0
FFCE8AAC? C004                 and.b   D4, D0
FFCE8AAE? 6708                 beq     $ffce8ab8
FFCE8AB0? 206E000A             movea.l ($a,A6), A0
FFCE8AB4? 20AEFFFA             move.l  (-$6,A6), (A0)
FFCE8AB8? 4A47                 tst.w   D7
FFCE8ABA? 6712                 beq     $ffce8ace
FFCE8ABC? 206E000A             movea.l ($a,A6), A0
FFCE8AC0? 7000                 moveq   #$0, D0
FFCE8AC2? 2080                 move.l  D0, (A0)
FFCE8AC4? 206E0016             movea.l ($16,A6), A0
FFCE8AC8? 20BC6E756C6C         move.l  #$6e756c6c, (A0)
FFCE8ACE? 3D470026             move.w  D7, ($26,A6)
FFCE8AD2? 4CDF18F0             movem.l (A7)+, D4-D7/A3-A4
FFCE8AD6? 4E5E                 unlk    A6
FFCE8AD8? 4E74001E             rtd     #$1e; (1+)
FFCE8ADC? 00000000             ori.b   #$0, D0
FFCE8AE0? 4E56FFFE             link    A6, #-$2
FFCE8AE4? 2F07                 move.l  D7, -(A7)
FFCE8AE6? 4247                 clr.w   D7
FFCE8AE8? 206E0008             movea.l ($8,A6), A0
FFCE8AEC? 20BC74797065         move.l  #$74797065, (A0)
FFCE8AF2? 203C6576636C         move.l  #$6576636c, D0
FFCE8AF8? B0AE0010             cmp.l   ($10,A6), D0
FFCE8AFC? 6604                 bne     $ffce8b02
FFCE8AFE? 7E32                 moveq   #$32, D7
FFCE8B00? 6038                 bra     $ffce8b3a
FFCE8B02? 203C65766964         move.l  #$65766964, D0
FFCE8B08? B0AE0010             cmp.l   ($10,A6), D0
FFCE8B0C? 6604                 bne     $ffce8b12
FFCE8B0E? 7E36                 moveq   #$36, D7
FFCE8B10? 6028                 bra     $ffce8b3a
FFCE8B12? 206E0008             movea.l ($8,A6), A0
FFCE8B16? 20BC6C6F6E67         move.l  #$6c6f6e67, (A0)
FFCE8B1C? 203C72746964         move.l  #$72746964, D0
FFCE8B22? B0AE0010             cmp.l   ($10,A6), D0
FFCE8B26? 6604                 bne     $ffce8b2c
FFCE8B28? 7E3A                 moveq   #$3a, D7
FFCE8B2A? 600E                 bra     $ffce8b3a
FFCE8B2C? 203C72656663         move.l  #$72656663, D0
FFCE8B32? B0AE0010             cmp.l   ($10,A6), D0
FFCE8B36? 6602                 bne     $ffce8b3a
FFCE8B38? 7E2E                 moveq   #$2e, D7
FFCE8B3A? 3007                 move.w  D7, D0
FFCE8B3C? 48C0                 ext.l   D0
FFCE8B3E? 206E000C             movea.l ($c,A6), A0
FFCE8B42? 2080                 move.l  D0, (A0)
FFCE8B44? 2E1F                 move.l  (A7)+, D7
FFCE8B46? 4E5E                 unlk    A6
FFCE8B48? 4E74000C             rtd     #$c; (1+)
FFCE8B4C? 00000000             ori.b   #$0, D0
FFCE8B50? 4E56FFFE             link    A6, #-$2
FFCE8B54? 48E70118             movem.l D7/A3-A4, -(A7)
FFCE8B58? 266E000C             movea.l ($c,A6), A3
FFCE8B5C? 286E0008             movea.l ($8,A6), A4
FFCE8B60? 4247                 clr.w   D7
FFCE8B62? 4AAB0004             tst.l   ($4,A3)
FFCE8B66? 6608                 bne     $ffce8b70
FFCE8B68? 7000                 moveq   #$0, D0
FFCE8B6A? 29400004             move.l  D0, ($4,A4)
FFCE8B6E? 6008                 bra     $ffce8b78
FFCE8B70? 206B0004             movea.l ($4,A3), A0
FFCE8B74? 29500004             move.l  (A0), ($4,A4)
FFCE8B78? 42A7                 clr.l   -(A7)
FFCE8B7A? 2F2B0004             move.l  ($4,A3), -(A7)
FFCE8B7E? 4EBA1FF0             jsr     ($ffceab70,PC)
FFCE8B82? 295F0008             move.l  (A7)+, ($8,A4)
FFCE8B86? 2893                 move.l  (A3), (A4)
FFCE8B88? 203C6C697374         move.l  #$6c697374, D0
FFCE8B8E? B093                 cmp.l   (A3), D0
FFCE8B90? 57C0                 seq     D0
FFCE8B92? 223C7265636F         move.l  #$7265636f, D1
FFCE8B98? B293                 cmp.l   (A3), D1
FFCE8B9A? 57C1                 seq     D1
FFCE8B9C? 8001                 or.b    D1, D0
FFCE8B9E? 6720                 beq     $ffce8bc0
FFCE8BA0? 4AAC0004             tst.l   ($4,A4)
FFCE8BA4? 6604                 bne     $ffce8baa
FFCE8BA6? 3E3CF958             move.w  #$f958, D7
FFCE8BAA? 206C0004             movea.l ($4,A4), A0
FFCE8BAE? 28A8000C             move.l  ($c,A0), (A4)
FFCE8BB2? 7010                 moveq   #$10, D0
FFCE8BB4? D1AC0004             add.l   D0, ($4,A4)
FFCE8BB8? 7010                 moveq   #$10, D0
FFCE8BBA? 91AC0008             sub.l   D0, ($8,A4)
FFCE8BBE? 600E                 bra     $ffce8bce
FFCE8BC0? 203C61657674         move.l  #$61657674, D0
FFCE8BC6? B094                 cmp.l   (A4), D0
FFCE8BC8? 6604                 bne     $ffce8bce
FFCE8BCA? 3E3CF959             move.w  #$f959, D7
FFCE8BCE? 4A47                 tst.w   D7
FFCE8BD0? 6616                 bne     $ffce8be8
FFCE8BD2? 4267                 clr.w   -(A7)
FFCE8BD4? 2F2B0004             move.l  ($4,A3), -(A7)
FFCE8BD8? 4EBA1FD6             jsr     ($ffceabb0,PC)
FFCE8BDC? 195F000C             move.b  (A7)+, ($c,A4)
FFCE8BE0? 2F2B0004             move.l  ($4,A3), -(A7)
FFCE8BE4? 205F                 movea.l (A7)+, A0
FFCE8BE6? A029                 _HLock                                    ; A-line trap A029
FFCE8BE8? 3D470010             move.w  D7, ($10,A6)
FFCE8BEC? 4CDF1880             movem.l (A7)+, D7/A3-A4
FFCE8BF0? 4E5E                 unlk    A6
FFCE8BF2? 4E740008             rtd     #$8; (1+)
FFCE8BF6d 0000000000000000     dc.b    $00,$00,$00,$00,$00,$00,$00,$00,$00,$00,$4E,$56,$FF,$FA ; |..........NV..|
FFCE8C04? 48E70118             movem.l D7/A3-A4, -(A7)
FFCE8C08? 42A7                 clr.l   -(A7)
FFCE8C0A? 207802B6             movea.l $2b6.w, A0                        ; BasicGlob
FFCE8C0E? 2EA80154             move.l  ($154,A0), (A7)
FFCE8C12? 265F                 movea.l (A7)+, A3
FFCE8C14? 70FF                 moveq   #-$1, D0
FFCE8C16? B0AE0008             cmp.l   ($8,A6), D0
FFCE8C1A? 663C                 bne     $ffce8c58
FFCE8C1C? 200B                 move.l  A3, D0
FFCE8C1E? 6618                 bne     $ffce8c38
FFCE8C20? 4267                 clr.w   -(A7)
FFCE8C22? A861                 _Random                                   ; A-line trap A861
FFCE8C24? 301F                 move.w  (A7)+, D0
FFCE8C26? 48C0                 ext.l   D0
FFCE8C28? D0BC00020000         add.l   #$20000, D0
FFCE8C2E? 3E00                 move.w  D0, D7
FFCE8C30? 48C0                 ext.l   D0
FFCE8C32? 2D40000C             move.l  D0, ($c,A6)
FFCE8C36? 6026                 bra     $ffce8c5e
FFCE8C38? 2853                 movea.l (A3), A4
FFCE8C3A? 52AC0040             addq.l  #1, ($40,A4)
FFCE8C3E? 0CACFFFF00000040     cmpi.l  #-$10000, ($40,A4)
FFCE8C46? 6608                 bne     $ffce8c50
FFCE8C48? 297C000100000040     move.l  #$10000, ($40,A4)
FFCE8C50? 2D6C0040000C         move.l  ($40,A4), ($c,A6)
FFCE8C56? 6006                 bra     $ffce8c5e
FFCE8C58? 2D6E0008000C         move.l  ($8,A6), ($c,A6)
FFCE8C5E? 4CDF1880             movem.l (A7)+, D7/A3-A4
FFCE8C62? 4E5E                 unlk    A6
FFCE8C64? 4E740004             rtd     #$4; (1+)
FFCE8C68? 00000000             ori.b   #$0, D0
FFCE8C6C? 00000000             ori.b   #$0, D0
FFCE8C70? 4E56FFF0             link    A6, #-$10
FFCE8C74? 48E70318             movem.l D6-D7/A3-A4, -(A7)
FFCE8C78? 4246                 clr.w   D6
FFCE8C7A? 286E000E             movea.l ($e,A6), A4
FFCE8C7E? 4AAC0004             tst.l   ($4,A4)
FFCE8C82? 6608                 bne     $ffce8c8c
FFCE8C84? 3C3CF958             move.w  #$f958, D6
FFCE8C88? 7E04                 moveq   #$4, D7
FFCE8C8A? 603E                 bra     $ffce8cca
FFCE8C8C? 203C61657674         move.l  #$61657674, D0
FFCE8C92? B094                 cmp.l   (A4), D0
FFCE8C94? 6604                 bne     $ffce8c9a
FFCE8C96? 7E01                 moveq   #$1, D7
FFCE8C98? 6030                 bra     $ffce8cca
FFCE8C9A? 203C6C697374         move.l  #$6c697374, D0
FFCE8CA0? B094                 cmp.l   (A4), D0
FFCE8CA2? 6604                 bne     $ffce8ca8
FFCE8CA4? 7E02                 moveq   #$2, D7
FFCE8CA6? 6022                 bra     $ffce8cca
FFCE8CA8? 203C7265636F         move.l  #$7265636f, D0
FFCE8CAE? B094                 cmp.l   (A4), D0
FFCE8CB0? 6604                 bne     $ffce8cb6
FFCE8CB2? 7E03                 moveq   #$3, D7
FFCE8CB4? 6014                 bra     $ffce8cca
FFCE8CB6? 203C6D657461         move.l  #$6d657461, D0
FFCE8CBC? B094                 cmp.l   (A4), D0
FFCE8CBE? 6604                 bne     $ffce8cc4
FFCE8CC0? 4207                 clr.b   D7
FFCE8CC2? 6006                 bra     $ffce8cca
FFCE8CC4? 3C3CF958             move.w  #$f958, D6
FFCE8CC8? 7E05                 moveq   #$5, D7
FFCE8CCA? 206E000A             movea.l ($a,A6), A0
FFCE8CCE? 1087                 move.b  D7, (A0)
FFCE8CD0? 7001                 moveq   #$1, D0
FFCE8CD2? B007                 cmp.b   D7, D0
FFCE8CD4? 6D66                 blt     $ffce8d3c
FFCE8CD6? 206C0004             movea.l ($4,A4), A0
FFCE8CDA? 2650                 movea.l (A0), A3
FFCE8CDC? 4AAB0010             tst.l   ($10,A3)
FFCE8CE0? 6C06                 bge     $ffce8ce8
FFCE8CE2? 3C3CF95A             move.w  #$f95a, D6
FFCE8CE6? 6054                 bra     $ffce8d3c
FFCE8CE8? 102E0008             move.b  ($8,A6), D0
FFCE8CEC? 674E                 beq     $ffce8d3c
FFCE8CEE? 102B0015             move.b  ($15,A3), D0
FFCE8CF2? 6748                 beq     $ffce8d3c
FFCE8CF4? 206E000E             movea.l ($e,A6), A0
FFCE8CF8? 43EEFFF4             lea     (-$c,A6), A1
FFCE8CFC? 22D8                 move.l  (A0)+, (A1)+
FFCE8CFE? 22D8                 move.l  (A0)+, (A1)+
FFCE8D00? 2D7C61657674FFF4     move.l  #$61657674, (-$c,A6)
FFCE8D08? 4267                 clr.w   -(A7)
FFCE8D0A? 486EFFF4             pea     (-$c,A6)
FFCE8D0E? 7014                 moveq   #$14, D0
FFCE8D10? 2F00                 move.l  D0, -(A7)
FFCE8D12? 4EBAD50C             jsr     ($ffce6220,PC)
FFCE8D16? 548F                 addq.l  #2, A7
FFCE8D18? 206C0004             movea.l ($4,A4), A0
FFCE8D1C? 2050                 movea.l (A0), A0
FFCE8D1E? 2D48FFF0             move.l  A0, (-$10,A6)
FFCE8D22? 4AA80010             tst.l   ($10,A0)
FFCE8D26? 6C06                 bge     $ffce8d2e
FFCE8D28? 3C3CF95A             move.w  #$f95a, D6
FFCE8D2C? 600E                 bra     $ffce8d3c
FFCE8D2E? 206EFFF0             movea.l (-$10,A6), A0
FFCE8D32? 10280015             move.b  ($15,A0), D0
FFCE8D36? 6704                 beq     $ffce8d3c
FFCE8D38? 3C3CF94A             move.w  #$f94a, D6
FFCE8D3C? 3D460012             move.w  D6, ($12,A6)
FFCE8D40? 4CDF18C0             movem.l (A7)+, D6-D7/A3-A4
FFCE8D44? 4E5E                 unlk    A6
FFCE8D46? 4E74000A             rtd     #$a; (1+)
FFCE8D4Ad 0000000000004E56     dc.b    $00,$00,$00,$00,$00,$00,$4E,$56,$FF,$BA ; |......NV..|
FFCE8D54? 48E70F18             movem.l D4-D7/A3-A4, -(A7)
FFCE8D58? 282E000C             move.l  ($c,A6), D4
FFCE8D5C? 4267                 clr.w   -(A7)
FFCE8D5E? 2F2E0024             move.l  ($24,A6), -(A7)
FFCE8D62? 486EFFF1             pea     (-$f,A6)
FFCE8D66? 1F3C0001             move.b  #$1, -(A7)
FFCE8D6A? 4EBAFF04             jsr     ($ffce8c70,PC)
FFCE8D6E? 3E1F                 move.w  (A7)+, D7
FFCE8D70? 206E0024             movea.l ($24,A6), A0
FFCE8D74? 26680004             movea.l ($4,A0), A3
FFCE8D78? 4A47                 tst.w   D7
FFCE8D7A? 660001F8             bne     $ffce8f74
FFCE8D7E? 1F2EFFF1             move.b  (-$f,A6), -(A7)
FFCE8D82? 2F0B                 move.l  A3, -(A7)
FFCE8D84? 486E0020             pea     ($20,A6)
FFCE8D88? 2F2E0018             move.l  ($18,A6), -(A7)
FFCE8D8C? 486EFFF8             pea     (-$8,A6)
FFCE8D90? 486EFFC2             pea     (-$3e,A6)
FFCE8D94? 4EBAF5EA             jsr     ($ffce8380,PC)
FFCE8D98? 4AAEFFF8             tst.l   (-$8,A6)
FFCE8D9C? 6F000172             ble     $ffce8f10
FFCE8DA0? 206E0014             movea.l ($14,A6), A0
FFCE8DA4? 20AE001C             move.l  ($1c,A6), (A0)
FFCE8DA8? 202EFFCE             move.l  (-$32,A6), D0
FFCE8DAC? D1AEFFF8             add.l   D0, (-$8,A6)
FFCE8DB0? 202EFFF8             move.l  (-$8,A6), D0
FFCE8DB4? D093                 add.l   (A3), D0
FFCE8DB6? 2D40FFEC             move.l  D0, (-$14,A6)
FFCE8DBA? 2A2EFFCA             move.l  (-$36,A6), D5
FFCE8DBE? 9AAEFFD6             sub.l   (-$2a,A6), D5
FFCE8DC2? 7000                 moveq   #$0, D0
FFCE8DC4? 2D40FFE0             move.l  D0, (-$20,A6)
FFCE8DC8? 7000                 moveq   #$0, D0
FFCE8DCA? 2D40FFE8             move.l  D0, (-$18,A6)
FFCE8DCE? 202EFFC6             move.l  (-$3a,A6), D0
FFCE8DD2? B0AE001C             cmp.l   ($1c,A6), D0
FFCE8DD6? 56C0                 sne     D0
FFCE8DD8? 223C2A2A2A2A         move.l  #$2a2a2a2a, D1
FFCE8DDE? B2AE001C             cmp.l   ($1c,A6), D1
FFCE8DE2? 56C1                 sne     D1
FFCE8DE4? C001                 and.b   D1, D0
FFCE8DE6? 670000A6             beq     $ffce8e8e
FFCE8DEA? 49EEFFC2             lea     (-$3e,A6), A4
FFCE8DEE? 4267                 clr.w   -(A7)
FFCE8DF0? 2F0B                 move.l  A3, -(A7)
FFCE8DF2? 2F2C0004             move.l  ($4,A4), -(A7)
FFCE8DF6? 2F2C0008             move.l  ($8,A4), -(A7)
FFCE8DFA? 2F2EFFF8             move.l  (-$8,A6), -(A7)
FFCE8DFE? 2F2EFFD6             move.l  (-$2a,A6), -(A7)
FFCE8E02? 486EFFDC             pea     (-$24,A6)
FFCE8E06? 4EBAF338             jsr     ($ffce8140,PC)
FFCE8E0A? 3E1F                 move.w  (A7)+, D7
FFCE8E0C? 66000088             bne     $ffce8e96
FFCE8E10? 4267                 clr.w   -(A7)
FFCE8E12? 486EFFDC             pea     (-$24,A6)
FFCE8E16? 2F2E001C             move.l  ($1c,A6), -(A7)
FFCE8E1A? 486EFFE4             pea     (-$1c,A6)
FFCE8E1E? 4EBADB00             jsr     ($ffce6920,PC)
FFCE8E22? 3E1F                 move.w  (A7)+, D7
FFCE8E24? 202EFFE0             move.l  (-$20,A6), D0
FFCE8E28? B0AEFFE8             cmp.l   (-$18,A6), D0
FFCE8E2C? 670C                 beq     $ffce8e3a
FFCE8E2E? 4267                 clr.w   -(A7)
FFCE8E30? 486EFFDC             pea     (-$24,A6)
FFCE8E34? 4EBAE90A             jsr     ($ffce7740,PC)
FFCE8E38? 548F                 addq.l  #2, A7
FFCE8E3A? 4A47                 tst.w   D7
FFCE8E3C? 6658                 bne     $ffce8e96
FFCE8E3E? 203C6C697374         move.l  #$6c697374, D0
FFCE8E44? B0AEFFE4             cmp.l   (-$1c,A6), D0
FFCE8E48? 57C0                 seq     D0
FFCE8E4A? 223C7265636F         move.l  #$7265636f, D1
FFCE8E50? B2AEFFE4             cmp.l   (-$1c,A6), D1
FFCE8E54? 57C1                 seq     D1
FFCE8E56? 8001                 or.b    D1, D0
FFCE8E58? 6706                 beq     $ffce8e60
FFCE8E5A? 3E3CF959             move.w  #$f959, D7
FFCE8E5E? 6026                 bra     $ffce8e86
FFCE8E60? 4AAEFFE8             tst.l   (-$18,A6)
FFCE8E64? 671E                 beq     $ffce8e84
FFCE8E66? 42A7                 clr.l   -(A7)
FFCE8E68? 2F2EFFE8             move.l  (-$18,A6), -(A7)
FFCE8E6C? 4EBA1D02             jsr     ($ffceab70,PC)
FFCE8E70? 2A1F                 move.l  (A7)+, D5
FFCE8E72? 206EFFE8             movea.l (-$18,A6), A0
FFCE8E76? 2D50FFEC             move.l  (A0), (-$14,A6)
FFCE8E7A? 2F2EFFE8             move.l  (-$18,A6), -(A7)
FFCE8E7E? 205F                 movea.l (A7)+, A0
FFCE8E80? A029                 _HLock                                    ; A-line trap A029
FFCE8E82? 6002                 bra     $ffce8e86
FFCE8E84? 7A00                 moveq   #$0, D5
FFCE8E86? 7000                 moveq   #$0, D0
FFCE8E88? 2D40FFD6             move.l  D0, (-$2a,A6)
FFCE8E8C? 6008                 bra     $ffce8e96
FFCE8E8E? 206E0014             movea.l ($14,A6), A0
FFCE8E92? 20AEFFC6             move.l  (-$3a,A6), (A0)
FFCE8E96? 4A47                 tst.w   D7
FFCE8E98? 57C0                 seq     D0
FFCE8E9A? 4AAE0010             tst.l   ($10,A6)
FFCE8E9E? 56C1                 sne     D1
FFCE8EA0? C001                 and.b   D1, D0
FFCE8EA2? 6740                 beq     $ffce8ee4
FFCE8EA4? 7C00                 moveq   #$0, D6
FFCE8EA6? 4AAEFFD6             tst.l   (-$2a,A6)
FFCE8EAA? 6F20                 ble     $ffce8ecc
FFCE8EAC? 2C2EFFD6             move.l  (-$2a,A6), D6
FFCE8EB0? B886                 cmp.l   D6, D4
FFCE8EB2? 6C02                 bge     $ffce8eb6
FFCE8EB4? 2C04                 move.l  D4, D6
FFCE8EB6? 2013                 move.l  (A3), D0
FFCE8EB8? 7218                 moveq   #$18, D1
FFCE8EBA? D081                 add.l   D1, D0
FFCE8EBC? 5080                 addq.l  #8, D0
FFCE8EBE? 2F00                 move.l  D0, -(A7)
FFCE8EC0? 2F2E0010             move.l  ($10,A6), -(A7)
FFCE8EC4? 2F06                 move.l  D6, -(A7)
FFCE8EC6? 4EBA1CC8             jsr     ($ffceab90,PC)
FFCE8ECA? 9886                 sub.l   D6, D4
FFCE8ECC? BA84                 cmp.l   D4, D5
FFCE8ECE? 6C02                 bge     $ffce8ed2
FFCE8ED0? 2805                 move.l  D5, D4
FFCE8ED2? 2F2EFFEC             move.l  (-$14,A6), -(A7)
FFCE8ED6? 2006                 move.l  D6, D0
FFCE8ED8? D0AE0010             add.l   ($10,A6), D0
FFCE8EDC? 2F00                 move.l  D0, -(A7)
FFCE8EDE? 2F04                 move.l  D4, -(A7)
FFCE8EE0? 4EBA1CAE             jsr     ($ffceab90,PC)
FFCE8EE4? 202EFFD6             move.l  (-$2a,A6), D0
FFCE8EE8? D085                 add.l   D5, D0
FFCE8EEA? 206E0008             movea.l ($8,A6), A0
FFCE8EEE? 2080                 move.l  D0, (A0)
FFCE8EF0? 4267                 clr.w   -(A7)
FFCE8EF2? 486EFFE4             pea     (-$1c,A6)
FFCE8EF6? 4EBAE848             jsr     ($ffce7740,PC)
FFCE8EFA? 548F                 addq.l  #2, A7
FFCE8EFC? 7001                 moveq   #$1, D0
FFCE8EFE? B02EFFF1             cmp.b   (-$f,A6), D0
FFCE8F02? 6670                 bne     $ffce8f74
FFCE8F04? 2F0B                 move.l  A3, -(A7)
FFCE8F06? 2F2E0020             move.l  ($20,A6), -(A7)
FFCE8F0A? 4EBA0084             jsr     ($ffce8f90,PC)
FFCE8F0E? 6064                 bra     $ffce8f74
FFCE8F10? 3E3CF95B             move.w  #$f95b, D7
FFCE8F14? 206E0018             movea.l ($18,A6), A0
FFCE8F18? 203C74797065         move.l  #$74797065, D0
FFCE8F1E? B090                 cmp.l   (A0), D0
FFCE8F20? 6652                 bne     $ffce8f74
FFCE8F22? 4AAE0020             tst.l   ($20,A6)
FFCE8F26? 57C0                 seq     D0
FFCE8F28? 7203                 moveq   #$3, D1
FFCE8F2A? B22EFFF1             cmp.b   (-$f,A6), D1
FFCE8F2E? 57C1                 seq     D1
FFCE8F30? C001                 and.b   D1, D0
FFCE8F32? 6740                 beq     $ffce8f74
FFCE8F34? 203C74797065         move.l  #$74797065, D0
FFCE8F3A? B0AE001C             cmp.l   ($1c,A6), D0
FFCE8F3E? 57C0                 seq     D0
FFCE8F40? 223C2A2A2A2A         move.l  #$2a2a2a2a, D1
FFCE8F46? B2AE001C             cmp.l   ($1c,A6), D1
FFCE8F4A? 57C1                 seq     D1
FFCE8F4C? 8001                 or.b    D1, D0
FFCE8F4E? 6724                 beq     $ffce8f74
FFCE8F50? 206E0014             movea.l ($14,A6), A0
FFCE8F54? 20BC74797065         move.l  #$74797065, (A0)
FFCE8F5A? 206E0008             movea.l ($8,A6), A0
FFCE8F5E? 7004                 moveq   #$4, D0
FFCE8F60? 2080                 move.l  D0, (A0)
FFCE8F62? 7004                 moveq   #$4, D0
FFCE8F64? B084                 cmp.l   D4, D0
FFCE8F66? 6E0C                 bgt     $ffce8f74
FFCE8F68? 2053                 movea.l (A3), A0
FFCE8F6A? 226E0010             movea.l ($10,A6), A1
FFCE8F6E? 22A8000C             move.l  ($c,A0), (A1)
FFCE8F72? 4247                 clr.w   D7
FFCE8F74? 3D470028             move.w  D7, ($28,A6)
FFCE8F78? 4CDF18F0             movem.l (A7)+, D4-D7/A3-A4
FFCE8F7C? 4E5E                 unlk    A6
FFCE8F7E? 4E740020             rtd     #$20; (1+)
FFCE8F82d 0000000000000000     dc.b    $00,$00,$00,$00,$00,$00,$00,$00,$00,$00,$00,$00,$00,$00,$4E,$56 ; |..............NV|
FFCE8F92d FFFC                 dc.b    $FF,$FC                           ; |..|
FFCE8F94? 48E70018             movem.l A3-A4, -(A7)
FFCE8F98? 286E000C             movea.l ($c,A6), A4
FFCE8F9C? 2054                 movea.l (A4), A0
FFCE8F9E? 7020                 moveq   #$20, D0
FFCE8FA0? B0A80010             cmp.l   ($10,A0), D0
FFCE8FA4? 6C3A                 bge     $ffce8fe0
FFCE8FA6? 4AA8001A             tst.l   ($1a,A0)
FFCE8FAA? 661A                 bne     $ffce8fc6
FFCE8FAC? 42A7                 clr.l   -(A7)
FFCE8FAE? 2054                 movea.l (A4), A0
FFCE8FB0? 20280010             move.l  ($10,A0), D0
FFCE8FB4? 5E80                 addq.l  #7, D0
FFCE8FB6? E688                 lsr.l   #3, D0
FFCE8FB8? 2F00                 move.l  D0, -(A7)
FFCE8FBA? 4EBA1B94             jsr     ($ffceab50,PC)
FFCE8FBE? 265F                 movea.l (A7)+, A3
FFCE8FC0? 2054                 movea.l (A4), A0
FFCE8FC2? 214B001A             move.l  A3, ($1a,A0)
FFCE8FC6? 2054                 movea.l (A4), A0
FFCE8FC8? 4AA8001A             tst.l   ($1a,A0)
FFCE8FCC? 6722                 beq     $ffce8ff0
FFCE8FCE? 2068001A             movea.l ($1a,A0), A0
FFCE8FD2? 2F10                 move.l  (A0), -(A7)
FFCE8FD4? 202E0008             move.l  ($8,A6), D0
FFCE8FD8? 5380                 subq.l  #1, D0
FFCE8FDA? 2F00                 move.l  D0, -(A7)
FFCE8FDC? A85E                 _BitSet                                   ; A-line trap A85E
FFCE8FDE? 6010                 bra     $ffce8ff0
FFCE8FE0? 2054                 movea.l (A4), A0
FFCE8FE2? 4868001A             pea     ($1a,A0)
FFCE8FE6? 202E0008             move.l  ($8,A6), D0
FFCE8FEA? 5380                 subq.l  #1, D0
FFCE8FEC? 2F00                 move.l  D0, -(A7)
FFCE8FEE? A85E                 _BitSet                                   ; A-line trap A85E
FFCE8FF0? 4CDF1800             movem.l (A7)+, A3-A4
FFCE8FF4? 4E5E                 unlk    A6
FFCE8FF6? 4E740008             rtd     #$8; (1+)
FFCE8FFAd 0000000000004E56     dc.b    $00,$00,$00,$00,$00,$00,$4E,$56,$FF,$F2 ; |......NV..|
FFCE9004? 48E70F18             movem.l D4-D7/A3-A4, -(A7)
FFCE9008? 206E0014             movea.l ($14,A6), A0
FFCE900C? 2050                 movea.l (A0), A0
FFCE900E? 20280042             move.l  ($42,A0), D0
FFCE9012? 5280                 addq.l  #1, D0
FFCE9014? C0BCFFFFFFFE         and.l   #$fffffffe, D0
FFCE901A? 2A00                 move.l  D0, D5
FFCE901C? 202E0008             move.l  ($8,A6), D0
FFCE9020? 5280                 addq.l  #1, D0
FFCE9022? C0BCFFFFFFFE         and.l   #$fffffffe, D0
FFCE9028? 2C00                 move.l  D0, D6
FFCE902A? 42A7                 clr.l   -(A7)
FFCE902C? 2F2E0014             move.l  ($14,A6), -(A7)
FFCE9030? 7046                 moveq   #$46, D0
FFCE9032? 2F00                 move.l  D0, -(A7)
FFCE9034? 42A7                 clr.l   -(A7)
FFCE9036? 2F05                 move.l  D5, -(A7)
FFCE9038? 2F2E000C             move.l  ($c,A6), -(A7)
FFCE903C? 2F06                 move.l  D6, -(A7)
FFCE903E? A9E0                 _Munger                                   ; A-line trap A9E0
FFCE9040? 2E1F                 move.l  (A7)+, D7
FFCE9042? 4267                 clr.w   -(A7)
FFCE9044? 3EB80220             move.w  $220.w, (A7)                      ; CurIOTrap
FFCE9048? 381F                 move.w  (A7)+, D4
FFCE904A? 6626                 bne     $ffce9072
FFCE904C? 206E0014             movea.l ($14,A6), A0
FFCE9050? 2850                 movea.l (A0), A4
FFCE9052? 2E06                 move.l  D6, D7
FFCE9054? 9E85                 sub.l   D5, D7
FFCE9056? 296E00080042         move.l  ($8,A6), ($42,A4)
FFCE905C? 296E0010003E         move.l  ($10,A6), ($3e,A4)
FFCE9062? 47D4                 lea     (A4), A3
FFCE9064? 7000                 moveq   #$0, D0
FFCE9066? 2680                 move.l  D0, (A3)
FFCE9068? 4A87                 tst.l   D7
FFCE906A? 6706                 beq     $ffce9072
FFCE906C? 2007                 move.l  D7, D0
FFCE906E? D1AB0008             add.l   D0, ($8,A3)
FFCE9072? 3D440018             move.w  D4, ($18,A6)
FFCE9076? 4CDF18F0             movem.l (A7)+, D4-D7/A3-A4
FFCE907A? 4E5E                 unlk    A6
FFCE907C? 4E740010             rtd     #$10; (1+)
FFCE9080? 4E56FF94             link    A6, #-$6c
FFCE9084? 48E70F18             movem.l D4-D7/A3-A4, -(A7)
FFCE9088? 4267                 clr.w   -(A7)
FFCE908A? 2F2E0020             move.l  ($20,A6), -(A7)
FFCE908E? 486EFFFF             pea     (-$1,A6)
FFCE9092? 4267                 clr.w   -(A7)
FFCE9094? 4EBAFBDA             jsr     ($ffce8c70,PC)
FFCE9098? 381F                 move.w  (A7)+, D4
FFCE909A? 206E0020             movea.l ($20,A6), A0
FFCE909E? 2E280004             move.l  ($4,A0), D7
FFCE90A2? 4A44                 tst.w   D4
FFCE90A4? 660002DA             bne     $ffce9380
FFCE90A8? 7001                 moveq   #$1, D0
FFCE90AA? B02EFFFF             cmp.b   (-$1,A6), D0
FFCE90AE? 661A                 bne     $ffce90ca
FFCE90B0? 2047                 movea.l D7, A0
FFCE90B2? 2850                 movea.l (A0), A4
FFCE90B4? 7020                 moveq   #$20, D0
FFCE90B6? B0AC0010             cmp.l   ($10,A4), D0
FFCE90BA? 6C08                 bge     $ffce90c4
FFCE90BC? 2F2C001A             move.l  ($1a,A4), -(A7)
FFCE90C0? 205F                 movea.l (A7)+, A0
FFCE90C2? A023                 _DisposeHandle                            ; A-line trap A023
FFCE90C4? 7000                 moveq   #$0, D0
FFCE90C6? 2940001A             move.l  D0, ($1a,A4)
FFCE90CA? 2D6E001CFFF6         move.l  ($1c,A6), (-$a,A6)
FFCE90D0? 4267                 clr.w   -(A7)
FFCE90D2? 2F2E0020             move.l  ($20,A6), -(A7)
FFCE90D6? 486EFF9C             pea     (-$64,A6)
FFCE90DA? 4EBAE564             jsr     ($ffce7640,PC)
FFCE90DE? 548F                 addq.l  #2, A7
FFCE90E0? 1F2EFFFF             move.b  (-$1,A6), -(A7)
FFCE90E4? 2F07                 move.l  D7, -(A7)
FFCE90E6? 486E000C             pea     ($c,A6)
FFCE90EA? 486EFFF6             pea     (-$a,A6)
FFCE90EE? 486EFFE2             pea     (-$1e,A6)
FFCE90F2? 486EFFC4             pea     (-$3c,A6)
FFCE90F6? 4EBAF288             jsr     ($ffce8380,PC)
FFCE90FA? 4AAE0014             tst.l   ($14,A6)
FFCE90FE? 660E                 bne     $ffce910e
FFCE9100? 41EE0010             lea     ($10,A6), A0
FFCE9104? 2D480014             move.l  A0, ($14,A6)
FFCE9108? 7000                 moveq   #$0, D0
FFCE910A? 2D400010             move.l  D0, ($10,A6)
FFCE910E? 47EEFFC4             lea     (-$3c,A6), A3
FFCE9112? 4AAEFFD0             tst.l   (-$30,A6)
FFCE9116? 57C0                 seq     D0
FFCE9118? 222B0008             move.l  ($8,A3), D1
FFCE911C? 92AEFFD8             sub.l   (-$28,A6), D1
FFCE9120? 7401                 moveq   #$1, D2
FFCE9122? B481                 cmp.l   D1, D2
FFCE9124? 57C1                 seq     D1
FFCE9126? C001                 and.b   D1, D0
FFCE9128? 4400                 neg.b   D0
FFCE912A? 1D40FFA5             move.b  D0, (-$5b,A6)
FFCE912E? 4AAEFFE2             tst.l   (-$1e,A6)
FFCE9132? 6E000090             bgt     $ffce91c4
FFCE9136? 203C2A2A2A2A         move.l  #$2a2a2a2a, D0
FFCE913C? B0AE001C             cmp.l   ($1c,A6), D0
FFCE9140? 57C0                 seq     D0
FFCE9142? 4400                 neg.b   D0
FFCE9144? B02EFFDC             cmp.b   (-$24,A6), D0
FFCE9148? 660A                 bne     $ffce9154
FFCE914A? 3D7CF9590024         move.w  #$f959, ($24,A6)
FFCE9150? 60000232             bra     $ffce9384
FFCE9154? 4AAE000C             tst.l   ($c,A6)
FFCE9158? 6716                 beq     $ffce9170
FFCE915A? 202EFF9C             move.l  (-$64,A6), D0
FFCE915E? 5280                 addq.l  #1, D0
FFCE9160? B0AE000C             cmp.l   ($c,A6), D0
FFCE9164? 670A                 beq     $ffce9170
FFCE9166? 3D7CF9490024         move.w  #$f949, ($24,A6)
FFCE916C? 60000216             bra     $ffce9384
FFCE9170? 7C00                 moveq   #$0, D6
FFCE9172? 4A2EFFFF             tst.b   (-$1,A6)
FFCE9176? 6610                 bne     $ffce9188
FFCE9178? 2047                 movea.l D7, A0
FFCE917A? 2050                 movea.l (A0), A0
FFCE917C? 20280008             move.l  ($8,A0), D0
FFCE9180? 5980                 subq.l  #4, D0
FFCE9182? 2D40FFE2             move.l  D0, (-$1e,A6)
FFCE9186? 6036                 bra     $ffce91be
FFCE9188? 203C2D2D2D2D         move.l  #$2d2d2d2d, D0
FFCE918E? B0AE001C             cmp.l   ($1c,A6), D0
FFCE9192? 57C0                 seq     D0
FFCE9194? 206E0020             movea.l ($20,A6), A0
FFCE9198? 223C61657674         move.l  #$61657674, D1
FFCE919E? B290                 cmp.l   (A0), D1
FFCE91A0? 57C1                 seq     D1
FFCE91A2? C001                 and.b   D1, D0
FFCE91A4? 670C                 beq     $ffce91b2
FFCE91A6? 2047                 movea.l D7, A0
FFCE91A8? 2050                 movea.l (A0), A0
FFCE91AA? 2D680008FFE2         move.l  ($8,A0), (-$1e,A6)
FFCE91B0? 600C                 bra     $ffce91be
FFCE91B2? 42A7                 clr.l   -(A7)
FFCE91B4? 2F07                 move.l  D7, -(A7)
FFCE91B6? 4EBA19B8             jsr     ($ffceab70,PC)
FFCE91BA? 2D5FFFE2             move.l  (A7)+, (-$1e,A6)
FFCE91BE? 4245                 clr.w   D5
FFCE91C0? 60000096             bra     $ffce9258
FFCE91C4? 203C2A2A2A2A         move.l  #$2a2a2a2a, D0
FFCE91CA? B0AE001C             cmp.l   ($1c,A6), D0
FFCE91CE? 6606                 bne     $ffce91d6
FFCE91D0? 2D6EFFC4001C         move.l  (-$3c,A6), ($1c,A6)
FFCE91D6? 202E0008             move.l  ($8,A6), D0
FFCE91DA? 4480                 neg.l   D0
FFCE91DC? 3A00                 move.w  D0, D5
FFCE91DE? 7001                 moveq   #$1, D0
FFCE91E0? B0AE0008             cmp.l   ($8,A6), D0
FFCE91E4? 6C52                 bge     $ffce9238
FFCE91E6? 202E0008             move.l  ($8,A6), D0
FFCE91EA? D0AE000C             add.l   ($c,A6), D0
FFCE91EE? 2D40FF98             move.l  D0, (-$68,A6)
FFCE91F2? B0AEFF9C             cmp.l   (-$64,A6), D0
FFCE91F6? 6F1C                 ble     $ffce9214
FFCE91F8? 42A7                 clr.l   -(A7)
FFCE91FA? 2F07                 move.l  D7, -(A7)
FFCE91FC? 4EBA1972             jsr     ($ffceab70,PC)
FFCE9200? 2C1F                 move.l  (A7)+, D6
FFCE9202? 9CAEFFE2             sub.l   (-$1e,A6), D6
FFCE9206? 202E000C             move.l  ($c,A6), D0
FFCE920A? 90AEFF9C             sub.l   (-$64,A6), D0
FFCE920E? 5380                 subq.l  #1, D0
FFCE9210? 3A00                 move.w  D0, D5
FFCE9212? 6044                 bra     $ffce9258
FFCE9214? 1F2EFFFF             move.b  (-$1,A6), -(A7)
FFCE9218? 2F07                 move.l  D7, -(A7)
FFCE921A? 486EFF98             pea     (-$68,A6)
FFCE921E? 486EFFA6             pea     (-$5a,A6)
FFCE9222? 486EFF94             pea     (-$6c,A6)
FFCE9226? 486EFFAA             pea     (-$56,A6)
FFCE922A? 4EBAF154             jsr     ($ffce8380,PC)
FFCE922E? 2C2EFF94             move.l  (-$6c,A6), D6
FFCE9232? 9CAEFFE2             sub.l   (-$1e,A6), D6
FFCE9236? 6020                 bra     $ffce9258
FFCE9238? 102EFFA5             move.b  (-$5b,A6), D0
FFCE923C? 6704                 beq     $ffce9242
FFCE923E? 7C01                 moveq   #$1, D6
FFCE9240? 6016                 bra     $ffce9258
FFCE9242? 202EFFD0             move.l  (-$30,A6), D0
FFCE9246? D0AEFFCC             add.l   (-$34,A6), D0
FFCE924A? 90AEFFD8             sub.l   (-$28,A6), D0
FFCE924E? 5280                 addq.l  #1, D0
FFCE9250? C0BCFFFFFFFE         and.l   #$fffffffe, D0
FFCE9256? 2C00                 move.l  D0, D6
FFCE9258? 70FF                 moveq   #-$1, D0
FFCE925A? B0AE0014             cmp.l   ($14,A6), D0
FFCE925E? 6610                 bne     $ffce9270
FFCE9260? 41EE0010             lea     ($10,A6), A0
FFCE9264? 2D480014             move.l  A0, ($14,A6)
FFCE9268? 7000                 moveq   #$0, D0
FFCE926A? 2D40FFEE             move.l  D0, (-$12,A6)
FFCE926E? 6062                 bra     $ffce92d2
FFCE9270? 47EEFFC4             lea     (-$3c,A6), A3
FFCE9274? 7008                 moveq   #$8, D0
FFCE9276? B0AEFFD4             cmp.l   (-$2c,A6), D0
FFCE927A? 5FC0                 sle     D0
FFCE927C? 222B0008             move.l  ($8,A3), D1
FFCE9280? B2AE0010             cmp.l   ($10,A6), D1
FFCE9284? 56C1                 sne     D1
FFCE9286? C001                 and.b   D1, D0
FFCE9288? 7204                 moveq   #$4, D1
FFCE928A? B2AEFFD4             cmp.l   (-$2c,A6), D1
FFCE928E? 5FC1                 sle     D1
FFCE9290? 242E0018             move.l  ($18,A6), D2
FFCE9294? B4AB0004             cmp.l   ($4,A3), D2
FFCE9298? 56C2                 sne     D2
FFCE929A? C202                 and.b   D2, D1
FFCE929C? 8001                 or.b    D1, D0
FFCE929E? 670A                 beq     $ffce92aa
FFCE92A0? 3D7CF9570024         move.w  #$f957, ($24,A6)
FFCE92A6? 600000DC             bra     $ffce9384
FFCE92AA? 5245                 addq.w  #1, D5
FFCE92AC? 102EFFA5             move.b  (-$5b,A6), D0
FFCE92B0? 6708                 beq     $ffce92ba
FFCE92B2? 7001                 moveq   #$1, D0
FFCE92B4? 2D40FFEE             move.l  D0, (-$12,A6)
FFCE92B8? 6018                 bra     $ffce92d2
FFCE92BA? 202EFFD0             move.l  (-$30,A6), D0
FFCE92BE? D0AE0010             add.l   ($10,A6), D0
FFCE92C2? 90AEFFD8             sub.l   (-$28,A6), D0
FFCE92C6? 5280                 addq.l  #1, D0
FFCE92C8? C0BCFFFFFFFE         and.l   #$fffffffe, D0
FFCE92CE? 2D40FFEE             move.l  D0, (-$12,A6)
FFCE92D2? 42A7                 clr.l   -(A7)
FFCE92D4? 2F07                 move.l  D7, -(A7)
FFCE92D6? 2F2EFFE2             move.l  (-$1e,A6), -(A7)
FFCE92DA? 42A7                 clr.l   -(A7)
FFCE92DC? 2F06                 move.l  D6, -(A7)
FFCE92DE? 202E0014             move.l  ($14,A6), D0
FFCE92E2? 90AEFFD0             sub.l   (-$30,A6), D0
FFCE92E6? 222EFFD8             move.l  (-$28,A6), D1
FFCE92EA? D280                 add.l   D0, D1
FFCE92EC? 2F01                 move.l  D1, -(A7)
FFCE92EE? 2F2EFFEE             move.l  (-$12,A6), -(A7)
FFCE92F2? A9E0                 _Munger                                   ; A-line trap A9E0
FFCE92F4? 2D5FFFE6             move.l  (A7)+, (-$1a,A6)
FFCE92F8? 4267                 clr.w   -(A7)
FFCE92FA? 3EB80220             move.w  $220.w, (A7)                      ; CurIOTrap
FFCE92FE? 381F                 move.w  (A7)+, D4
FFCE9300? 4A45                 tst.w   D5
FFCE9302? 5CC0                 sge     D0
FFCE9304? 4A44                 tst.w   D4
FFCE9306? 57C1                 seq     D1
FFCE9308? C001                 and.b   D1, D0
FFCE930A? 6740                 beq     $ffce934c
FFCE930C? 2047                 movea.l D7, A0
FFCE930E? 202EFFE2             move.l  (-$1e,A6), D0
FFCE9312? D090                 add.l   (A0), D0
FFCE9314? 2D40FFA0             move.l  D0, (-$60,A6)
FFCE9318? 102EFFDC             move.b  (-$24,A6), D0
FFCE931C? 670C                 beq     $ffce932a
FFCE931E? 206EFFA0             movea.l (-$60,A6), A0
FFCE9322? 20AE001C             move.l  ($1c,A6), (A0)
FFCE9326? 58AEFFA0             addq.l  #4, (-$60,A6)
FFCE932A? 4AAEFFD4             tst.l   (-$2c,A6)
FFCE932E? 660C                 bne     $ffce933c
FFCE9330? 206EFFA0             movea.l (-$60,A6), A0
FFCE9334? 20AE0018             move.l  ($18,A6), (A0)
FFCE9338? 58AEFFA0             addq.l  #4, (-$60,A6)
FFCE933C? 7004                 moveq   #$4, D0
FFCE933E? B0AEFFD4             cmp.l   (-$2c,A6), D0
FFCE9342? 6D08                 blt     $ffce934c
FFCE9344? 206EFFA0             movea.l (-$60,A6), A0
FFCE9348? 20AE0010             move.l  ($10,A6), (A0)
FFCE934C? 4A44                 tst.w   D4
FFCE934E? 6630                 bne     $ffce9380
FFCE9350? 2047                 movea.l D7, A0
FFCE9352? 2850                 movea.l (A0), A4
FFCE9354? 7000                 moveq   #$0, D0
FFCE9356? 2880                 move.l  D0, (A4)
FFCE9358? 4A2EFFFF             tst.b   (-$1,A6)
FFCE935C? 661A                 bne     $ffce9378
FFCE935E? 47D4                 lea     (A4), A3
FFCE9360? 202EFFEE             move.l  (-$12,A6), D0
FFCE9364? D0AB0008             add.l   ($8,A3), D0
FFCE9368? 9086                 sub.l   D6, D0
FFCE936A? 27400008             move.l  D0, ($8,A3)
FFCE936E? 3005                 move.w  D5, D0
FFCE9370? 48C0                 ext.l   D0
FFCE9372? D1AB000C             add.l   D0, ($c,A3)
FFCE9376? 6008                 bra     $ffce9380
FFCE9378? 3005                 move.w  D5, D0
FFCE937A? 48C0                 ext.l   D0
FFCE937C? D1AC0010             add.l   D0, ($10,A4)
FFCE9380? 3D440024             move.w  D4, ($24,A6)
FFCE9384? 4CDF18F0             movem.l (A7)+, D4-D7/A3-A4
FFCE9388? 4E5E                 unlk    A6
FFCE938A? 4E74001C             rtd     #$1c; (1+)
FFCE938E? 0000205F             ori.b   #$5f, D0
FFCE9392? 0C40040E             cmpi.w  #$40e, D0
FFCE9396? 6708                 beq     $ffce93a0
FFCE9398? 221F                 move.l  (A7)+, D1
FFCE939A? 201F                 move.l  (A7)+, D0
FFCE939C? 42A7                 clr.l   -(A7)
FFCE939E? 600E                 bra     $ffce93ae
FFCE93A0? 201F                 move.l  (A7)+, D0
FFCE93A2? 42A7                 clr.l   -(A7)
FFCE93A4? 7201                 moveq   #$1, D1
FFCE93A6? 6006                 bra     $ffce93ae
FFCE93A8? 205F                 movea.l (A7)+, A0
FFCE93AA? 7000                 moveq   #$0, D0
FFCE93AC? 7201                 moveq   #$1, D1
FFCE93AE? 42A7                 clr.l   -(A7)
FFCE93B0? 74FF                 moveq   #-$1, D2
FFCE93B2? 2F02                 move.l  D2, -(A7)
FFCE93B4? 42A7                 clr.l   -(A7)
FFCE93B6? 2F00                 move.l  D0, -(A7)
FFCE93B8? 2F01                 move.l  D1, -(A7)
FFCE93BA? 2F08                 move.l  A0, -(A7)
FFCE93BC? 4EFAFCC2             jmp     ($ffce9080,PC)
FFCE93C0? 205F                 movea.l (A7)+, A0
FFCE93C2? 42A7                 clr.l   -(A7)
FFCE93C4? 7201                 moveq   #$1, D1
FFCE93C6? 2F01                 move.l  D1, -(A7)
FFCE93C8? 2F08                 move.l  A0, -(A7)
FFCE93CA? 4EFAFCB4             jmp     ($ffce9080,PC)
FFCE93CE? 0000205F             ori.b   #$5f, D0
FFCE93D2? 202F000C             move.l  ($c,A7), D0
FFCE93D6? 2F7C2A2A2A2A000C     move.l  #$2a2a2a2a, ($c,A7)
FFCE93DE? 2F00                 move.l  D0, -(A7)
FFCE93E0? 7201                 moveq   #$1, D1
FFCE93E2? 2F01                 move.l  D1, -(A7)
FFCE93E4? 2F08                 move.l  A0, -(A7)
FFCE93E6? 4EFAFC98             jmp     ($ffce9080,PC)
FFCE93EA? 00000000             ori.b   #$0, D0
FFCE93EE? 0000205F             ori.b   #$5f, D0
FFCE93F2? 202F0004             move.l  ($4,A7), D0
FFCE93F6? 2F7C2A2A2A2A0004     move.l  #$2a2a2a2a, ($4,A7)
FFCE93FE? 2F00                 move.l  D0, -(A7)
FFCE9400? 2F08                 move.l  A0, -(A7)
FFCE9402? 4EFAE1DC             jmp     ($ffce75e0,PC)
FFCE9406? 00000000             ori.b   #$0, D0
FFCE940A? 00000000             ori.b   #$0, D0
FFCE940E? 0000205F             ori.b   #$5f, D0
FFCE9412? 42A7                 clr.l   -(A7)
FFCE9414? 2F08                 move.l  A0, -(A7)
FFCE9416? 4EFAE1C8             jmp     ($ffce75e0,PC)
FFCE941A? 00000000             ori.b   #$0, D0
FFCE941E? 0000206F             ori.b   #$6f, D0
FFCE9422? 001420BC             ori.b   #$bc, (A4)
FFCE9426? 2A2A2A2A             move.l  ($2a2a,A2), D5
FFCE942A? 4EFAF924             jmp     ($ffce8d50,PC)
FFCE942Ed 0000206F000820BC     dc.b    $00,$00,$20,$6F,$00,$08,$20,$BC,$2A,$2A,$2A,$2A,$4E,$FA,$EE,$34 ; |.. o.. .****N..4|
FFCE943E? 0000205F             ori.b   #$5f, D0
FFCE9442? 4267                 clr.w   -(A7)
FFCE9444? 2F08                 move.l  A0, -(A7)
FFCE9446? 4EFAF338             jmp     ($ffce8780,PC)
FFCE944A? 00000000             ori.b   #$0, D0
FFCE944E? 0000205F             ori.b   #$5f, D0
FFCE9452? 2257                 movea.l (A7), A1
FFCE9454? 42A7                 clr.l   -(A7)
FFCE9456? 42A7                 clr.l   -(A7)
FFCE9458? 5889                 addq.l  #4, A1
FFCE945A? 2F09                 move.l  A1, -(A7)
FFCE945C? 1F3C0001             move.b  #$1, -(A7)
FFCE9460? 2F08                 move.l  A0, -(A7)
FFCE9462? 4EFAF31C             jmp     ($ffce8780,PC)
FFCE9466? 00000000             ori.b   #$0, D0
FFCE946A? 00000000             ori.b   #$0, D0
FFCE946E? 0000205F             ori.b   #$5f, D0
FFCE9472? 201F                 move.l  (A7)+, D0
FFCE9474? 221F                 move.l  (A7)+, D1
FFCE9476? 2F3C2A2A2A2A         move.l  #$2a2a2a2a, -(A7)
FFCE947C? 2F01                 move.l  D1, -(A7)
FFCE947E? 42A7                 clr.l   -(A7)
FFCE9480? 42A7                 clr.l   -(A7)
FFCE9482? 2F00                 move.l  D0, -(A7)
FFCE9484? 4267                 clr.w   -(A7)
FFCE9486? 2F08                 move.l  A0, -(A7)
FFCE9488? 4EFAF2F6             jmp     ($ffce8780,PC)
FFCE948C? 00000000             ori.b   #$0, D0
FFCE9490? 4E560000             link    A6, #$0
FFCE9494? 48E70118             movem.l D7/A3-A4, -(A7)
FFCE9498? 266E000C             movea.l ($c,A6), A3
FFCE949C? 2E2E0010             move.l  ($10,A6), D7
FFCE94A0? 286E0008             movea.l ($8,A6), A4
FFCE94A4? 203C73736964         move.l  #$73736964, D0
FFCE94AA? B087                 cmp.l   D7, D0
FFCE94AC? 660C                 bne     $ffce94ba
FFCE94AE? 28BC00006000         move.l  #$6000, (A4)
FFCE94B4? 29530004             move.l  (A3), ($4,A4)
FFCE94B8? 6046                 bra     $ffce9500
FFCE94BA? 203C74617267         move.l  #$74617267, D0
FFCE94C0? B087                 cmp.l   D7, D0
FFCE94C2? 660C                 bne     $ffce94d0
FFCE94C4? 28BC00005000         move.l  #$5000, (A4)
FFCE94CA? 294B0004             move.l  A3, ($4,A4)
FFCE94CE? 6030                 bra     $ffce9500
FFCE94D0? 203C70736E20         move.l  #$70736e20, D0
FFCE94D6? B087                 cmp.l   D7, D0
FFCE94D8? 660C                 bne     $ffce94e6
FFCE94DA? 28BC00008000         move.l  #$8000, (A4)
FFCE94E0? 294B0004             move.l  A3, ($4,A4)
FFCE94E4? 601A                 bra     $ffce9500
FFCE94E6? 203C7369676E         move.l  #$7369676e, D0
FFCE94EC? B087                 cmp.l   D7, D0
FFCE94EE? 660C                 bne     $ffce94fc
FFCE94F0? 28BC00007000         move.l  #$7000, (A4)
FFCE94F6? 29530004             move.l  (A3), ($4,A4)
FFCE94FA? 6004                 bra     $ffce9500
FFCE94FC? 7000                 moveq   #$0, D0
FFCE94FE? 2880                 move.l  D0, (A4)
FFCE9500? 4CDF1880             movem.l (A7)+, D7/A3-A4
FFCE9504? 4E5E                 unlk    A6
FFCE9506? 4E74000C             rtd     #$c; (1+)
FFCE950Ad 0000000000004E56     dc.b    $00,$00,$00,$00,$00,$00,$4E,$56,$FF,$F2 ; |......NV..|
FFCE9514? 48E70318             movem.l D6-D7/A3-A4, -(A7)
FFCE9518? 2C2E000C             move.l  ($c,A6), D6
FFCE951C? 266E0008             movea.l ($8,A6), A3
FFCE9520? 3E3CF954             move.w  #$f954, D7
FFCE9524? 4A86                 tst.l   D6
FFCE9526? 6776                 beq     $ffce959e
FFCE9528? 2046                 movea.l D6, A0
FFCE952A? 2850                 movea.l (A0), A4
FFCE952C? 4AAC000C             tst.l   ($c,A4)
FFCE9530? 6716                 beq     $ffce9548
FFCE9532? 4267                 clr.w   -(A7)
FFCE9534? 2F2B0010             move.l  ($10,A3), -(A7)
FFCE9538? 2F2B000C             move.l  ($c,A3), -(A7)
FFCE953C? 42A7                 clr.l   -(A7)
FFCE953E? 2F2C000C             move.l  ($c,A4), -(A7)
FFCE9542? 205F                 movea.l (A7)+, A0
FFCE9544? 4E90                 jsr     (A0)
FFCE9546? 3E1F                 move.w  (A7)+, D7
FFCE9548? 0C47F954             cmpi.w  #-$6ac, D7
FFCE954C? 6650                 bne     $ffce959e
FFCE954E? 206B0010             movea.l ($10,A3), A0
FFCE9552? 20680004             movea.l ($4,A0), A0
FFCE9556? 2850                 movea.l (A0), A4
FFCE9558? 2046                 movea.l D6, A0
FFCE955A? 2050                 movea.l (A0), A0
FFCE955C? 2D48FFF2             move.l  A0, (-$e,A6)
FFCE9560? 4A90                 tst.l   (A0)
FFCE9562? 673A                 beq     $ffce959e
FFCE9564? 4267                 clr.w   -(A7)
FFCE9566? 206EFFF2             movea.l (-$e,A6), A0
FFCE956A? 2F10                 move.l  (A0), -(A7)
FFCE956C? 2F2C0032             move.l  ($32,A4), -(A7)
FFCE9570? 2F2C0036             move.l  ($36,A4), -(A7)
FFCE9574? 486EFFF8             pea     (-$8,A6)
FFCE9578? 4EBACFB6             jsr     ($ffce6530,PC)
FFCE957C? 101F                 move.b  (A7)+, D0
FFCE957E? 671E                 beq     $ffce959e
FFCE9580? 4AAEFFFC             tst.l   (-$4,A6)
FFCE9584? 6718                 beq     $ffce959e
FFCE9586? 4267                 clr.w   -(A7)
FFCE9588? 2F2B0010             move.l  ($10,A3), -(A7)
FFCE958C? 2F2B000C             move.l  ($c,A3), -(A7)
FFCE9590? 2F2EFFF8             move.l  (-$8,A6), -(A7)
FFCE9594? 2F2EFFFC             move.l  (-$4,A6), -(A7)
FFCE9598? 205F                 movea.l (A7)+, A0
FFCE959A? 4E90                 jsr     (A0)
FFCE959C? 3E1F                 move.w  (A7)+, D7
FFCE959E? 3D470010             move.w  D7, ($10,A6)
FFCE95A2? 4CDF18C0             movem.l (A7)+, D6-D7/A3-A4
FFCE95A6? 4E5E                 unlk    A6
FFCE95A8? 4E740008             rtd     #$8; (1+)
FFCE95AC? 00000000             ori.b   #$0, D0
FFCE95B0? 4E56FFF2             link    A6, #-$e
FFCE95B4? 2F07                 move.l  D7, -(A7)
FFCE95B6? 4267                 clr.w   -(A7)
FFCE95B8? 42A7                 clr.l   -(A7)
FFCE95BA? 207802B6             movea.l $2b6.w, A0                        ; BasicGlob
FFCE95BE? 2EA80154             move.l  ($154,A0), (A7)
FFCE95C2? 2F0E                 move.l  A6, -(A7)
FFCE95C4? 4EBAFF4A             jsr     ($ffce9510,PC)
FFCE95C8? 3E1F                 move.w  (A7)+, D7
FFCE95CA? 0C47F954             cmpi.w  #-$6ac, D7
FFCE95CE? 6614                 bne     $ffce95e4
FFCE95D0? 4267                 clr.w   -(A7)
FFCE95D2? 42A7                 clr.l   -(A7)
FFCE95D4? 207802B6             movea.l $2b6.w, A0                        ; BasicGlob
FFCE95D8? 2EA8017C             move.l  ($17c,A0), (A7)
FFCE95DC? 2F0E                 move.l  A6, -(A7)
FFCE95DE? 4EBAFF30             jsr     ($ffce9510,PC)
FFCE95E2? 3E1F                 move.w  (A7)+, D7
FFCE95E4? 3D470014             move.w  D7, ($14,A6)
FFCE95E8? 2E1F                 move.l  (A7)+, D7
FFCE95EA? 4E5E                 unlk    A6
FFCE95EC? 4E74000C             rtd     #$c; (1+)
FFCE95F0? 4E56FE8E             link    A6, #-$172
FFCE95F4? 48E70F18             movem.l D4-D7/A3-A4, -(A7)
FFCE95F8? 42A7                 clr.l   -(A7)
FFCE95FA? 486EFED8             pea     (-$128,A6)
FFCE95FE? 4EBACAB0             jsr     ($ffce60b0,PC)
FFCE9602? 548F                 addq.l  #2, A7
FFCE9604? 286E0008             movea.l ($8,A6), A4
FFCE9608? 2D6C0002FFFC         move.l  ($2,A4), (-$4,A6)
FFCE960E? 2D6C000AFFF8         move.l  ($a,A4), (-$8,A6)
FFCE9614? 7000                 moveq   #$0, D0
FFCE9616? 2D40FFEC             move.l  D0, (-$14,A6)
FFCE961A? 486EFFF0             pea     (-$10,A6)
FFCE961E? 4EBACB30             jsr     ($ffce6150,PC)
FFCE9622? 4206                 clr.b   D6
FFCE9624? 7000                 moveq   #$0, D0
FFCE9626? 2D40FFE4             move.l  D0, (-$1c,A6)
FFCE962A? 4267                 clr.w   -(A7)
FFCE962C? 486EFEE0             pea     (-$120,A6)
FFCE9630? 486EFFE0             pea     (-$20,A6)
FFCE9634? 42A7                 clr.l   -(A7)
FFCE9636? 486EFFE4             pea     (-$1c,A6)
FFCE963A? 3F3C0033             move.w  #$33, -(A7)
FFCE963E? A88F                 _OSDispatch                               ; A-line trap A88F
FFCE9640? 3E1F                 move.w  (A7)+, D7
FFCE9642? 203C616E7372         move.l  #$616e7372, D0
FFCE9648? B0AEFFF8             cmp.l   (-$8,A6), D0
FFCE964C? 57C0                 seq     D0
FFCE964E? 223C61657674         move.l  #$61657674, D1
FFCE9654? B2AEFFFC             cmp.l   (-$4,A6), D1
FFCE9658? 57C1                 seq     D1
FFCE965A? C001                 and.b   D1, D0
FFCE965C? 4AAEFED8             tst.l   (-$128,A6)
FFCE9660? 56C1                 sne     D1
FFCE9662? C001                 and.b   D1, D0
FFCE9664? 6730                 beq     $ffce9696
FFCE9666? 206EFED8             movea.l (-$128,A6), A0
FFCE966A? 2050                 movea.l (A0), A0
FFCE966C? 2668003C             movea.l ($3c,A0), A3
FFCE9670? 200B                 move.l  A3, D0
FFCE9672? 6722                 beq     $ffce9696
FFCE9674? 2853                 movea.l (A3), A4
FFCE9676? 202C003A             move.l  ($3a,A4), D0
FFCE967A? B0AEFFE0             cmp.l   (-$20,A6), D0
FFCE967E? 6610                 bne     $ffce9690
FFCE9680? 2D7C61657674FFE8     move.l  #$61657674, (-$18,A6)
FFCE9688? 2D4BFFEC             move.l  A3, (-$14,A6)
FFCE968C? 7C01                 moveq   #$1, D6
FFCE968E? 6006                 bra     $ffce9696
FFCE9690d 266C001660DA         dc.b    $26,$6C,$00,$16,$60,$DA           ; |&l..`.|
FFCE9696? 0C47FDA1             cmpi.w  #-$25f, D7
FFCE969A? 660000B8             bne     $ffce9754
FFCE969E? 1006                 move.b  D6, D0
FFCE96A0? 6728                 beq     $ffce96ca
FFCE96A2? 206EFFEC             movea.l (-$14,A6), A0
FFCE96A6? 2850                 movea.l (A0), A4
FFCE96A8? 2F2EFFEC             move.l  (-$14,A6), -(A7)
FFCE96AC? 202C0042             move.l  ($42,A4), D0
FFCE96B0? 7246                 moveq   #$46, D1
FFCE96B2? D081                 add.l   D1, D0
FFCE96B4? 222EFFE4             move.l  (-$1c,A6), D1
FFCE96B8? D280                 add.l   D0, D1
FFCE96BA? 2F01                 move.l  D1, -(A7)
FFCE96BC? 4EBA14C2             jsr     ($ffceab80,PC)
FFCE96C0? 4267                 clr.w   -(A7)
FFCE96C2? 3EB80220             move.w  $220.w, (A7)                      ; CurIOTrap
FFCE96C6? 3E1F                 move.w  (A7)+, D7
FFCE96C8? 602C                 bra     $ffce96f6
FFCE96CA? 4267                 clr.w   -(A7)
FFCE96CC? 202EFFE4             move.l  (-$1c,A6), D0
FFCE96D0? 720C                 moveq   #$c, D1
FFCE96D2? 9081                 sub.l   D1, D0
FFCE96D4? 5280                 addq.l  #1, D0
FFCE96D6? C0BCFFFFFFFE         and.l   #$fffffffe, D0
FFCE96DC? 2F00                 move.l  D0, -(A7)
FFCE96DE? 2F3C000000FC         move.l  #$fc, -(A7)
FFCE96E4? 2F2EFFFC             move.l  (-$4,A6), -(A7)
FFCE96E8? 2F2EFFF8             move.l  (-$8,A6), -(A7)
FFCE96EC? 486EFFE8             pea     (-$18,A6)
FFCE96F0? 4EBAE99E             jsr     ($ffce8090,PC)
FFCE96F4? 3E1F                 move.w  (A7)+, D7
FFCE96F6? 4A47                 tst.w   D7
FFCE96F8? 660001A0             bne     $ffce989a
FFCE96FC? 2F2EFFEC             move.l  (-$14,A6), -(A7)
FFCE9700? 205F                 movea.l (A7)+, A0
FFCE9702? A029                 _HLock                                    ; A-line trap A029
FFCE9704? 206EFFEC             movea.l (-$14,A6), A0
FFCE9708? 2850                 movea.l (A0), A4
FFCE970A? 297C74617267003E     move.l  #$74617267, ($3e,A4)
FFCE9712? 297C000000FC0042     move.l  #$fc, ($42,A4)
FFCE971A? 206EFFEC             movea.l (-$14,A6), A0
FFCE971E? 2010                 move.l  (A0), D0
FFCE9720? D0BC00000142         add.l   #$142, D0
FFCE9726? 90BC000000FC         sub.l   #$fc, D0
FFCE972C? 2A2C0042             move.l  ($42,A4), D5
FFCE9730? DA80                 add.l   D0, D5
FFCE9732? 4267                 clr.w   -(A7)
FFCE9734? 486C0046             pea     ($46,A4)
FFCE9738? 486C003A             pea     ($3a,A4)
FFCE973C? 2F05                 move.l  D5, -(A7)
FFCE973E? 486EFFE4             pea     (-$1c,A6)
FFCE9742? 3F3C0033             move.w  #$33, -(A7)
FFCE9746? A88F                 _OSDispatch                               ; A-line trap A88F
FFCE9748? 3E1F                 move.w  (A7)+, D7
FFCE974A? 2F2EFFEC             move.l  (-$14,A6), -(A7)
FFCE974E? 205F                 movea.l (A7)+, A0
FFCE9750? A02A                 _HUnlock                                  ; A-line trap A02A
FFCE9752? 6058                 bra     $ffce97ac
FFCE9754? 4A47                 tst.w   D7
FFCE9756? 6654                 bne     $ffce97ac
FFCE9758? 1006                 move.b  D6, D0
FFCE975A? 6626                 bne     $ffce9782
FFCE975C? 206EFFEC             movea.l (-$14,A6), A0
FFCE9760? 2850                 movea.l (A0), A4
FFCE9762? 4267                 clr.w   -(A7)
FFCE9764? 2F3C000000FC         move.l  #$fc, -(A7)
FFCE976A? 2F2EFFFC             move.l  (-$4,A6), -(A7)
FFCE976E? 2F2EFFF8             move.l  (-$8,A6), -(A7)
FFCE9772? 2F2EFFE0             move.l  (-$20,A6), -(A7)
FFCE9776? 42A7                 clr.l   -(A7)
FFCE9778? 486EFFE8             pea     (-$18,A6)
FFCE977C? 4EBAE852             jsr     ($ffce7fd0,PC)
FFCE9780? 3E1F                 move.w  (A7)+, D7
FFCE9782? 4A47                 tst.w   D7
FFCE9784? 6626                 bne     $ffce97ac
FFCE9786? 206EFFEC             movea.l (-$14,A6), A0
FFCE978A? 2850                 movea.l (A0), A4
FFCE978C? 297C74617267003E     move.l  #$74617267, ($3e,A4)
FFCE9794? 297C000000FC0042     move.l  #$fc, ($42,A4)
FFCE979C? 41EC0046             lea     ($46,A4), A0
FFCE97A0? 43EEFEE0             lea     (-$120,A6), A1
FFCE97A4? 703E                 moveq   #$3e, D0
FFCE97A6? 20D9                 move.l  (A1)+, (A0)+
FFCE97A8? 51C8FFFC             dbra    D0, $ffce97a6
FFCE97AC? 4A47                 tst.w   D7
FFCE97AE? 660000EA             bne     $ffce989a
FFCE97B2? 4267                 clr.w   -(A7)
FFCE97B4? 2F2EFFEC             move.l  (-$14,A6), -(A7)
FFCE97B8? 4EBAE6F6             jsr     ($ffce7eb0,PC)
FFCE97BC? 3E1F                 move.w  (A7)+, D7
FFCE97BE? 66000090             bne     $ffce9850
FFCE97C2? 1006                 move.b  D6, D0
FFCE97C4? 660000D4             bne     $ffce989a
FFCE97C8? 486EFE8E             pea     (-$172,A6)
FFCE97CC? 486EFFE8             pea     (-$18,A6)
FFCE97D0? 4EBAC8AE             jsr     ($ffce6080,PC)
FFCE97D4? 205F                 movea.l (A7)+, A0
FFCE97D6? 43EEFE9A             lea     (-$166,A6), A1
FFCE97DA? 22D8                 move.l  (A0)+, (A1)+
FFCE97DC? 22D8                 move.l  (A0)+, (A1)+
FFCE97DE? 4267                 clr.w   -(A7)
FFCE97E0? 486EFE9A             pea     (-$166,A6)
FFCE97E4? 2F3C74696D6F         move.l  #$74696d6f, -(A7)
FFCE97EA? 486EFED4             pea     (-$12c,A6)
FFCE97EE? 486EFED0             pea     (-$130,A6)
FFCE97F2? 4EBAE64C             jsr     ($ffce7e40,PC)
FFCE97F6? 4A5F                 tst.w   (A7)+
FFCE97F8? 57C0                 seq     D0
FFCE97FA? 4A00                 tst.b   D0
FFCE97FC? 6626                 bne     $ffce9824
FFCE97FE? 2F00                 move.l  D0, -(A7)
FFCE9800? 4267                 clr.w   -(A7)
FFCE9802? 486EFE9A             pea     (-$166,A6)
FFCE9806? 2F3C72657071         move.l  #$72657071, -(A7)
FFCE980C? 486EFED4             pea     (-$12c,A6)
FFCE9810? 486EFED0             pea     (-$130,A6)
FFCE9814? 4EBAE62A             jsr     ($ffce7e40,PC)
FFCE9818? 321F                 move.w  (A7)+, D1
FFCE981A? 201F                 move.l  (A7)+, D0
FFCE981C? 4A41                 tst.w   D1
FFCE981E? 57C1                 seq     D1
FFCE9820? 8001                 or.b    D1, D0
FFCE9822? 6712                 beq     $ffce9836
FFCE9824? 4267                 clr.w   -(A7)
FFCE9826? 486EFFE8             pea     (-$18,A6)
FFCE982A? 486EFFF0             pea     (-$10,A6)
FFCE982E? 4EBA05B0             jsr     ($ffce9de0,PC)
FFCE9832? 3E1F                 move.w  (A7)+, D7
FFCE9834? 6664                 bne     $ffce989a
FFCE9836? 4267                 clr.w   -(A7)
FFCE9838? 486EFFE8             pea     (-$18,A6)
FFCE983C? 486EFFF0             pea     (-$10,A6)
FFCE9840? 487AFD6E             pea     ($ffce95b0,PC)
FFCE9844? 42A7                 clr.l   -(A7)
FFCE9846? 4EBA00A8             jsr     ($ffce98f0,PC)
FFCE984A? 3E1F                 move.w  (A7)+, D7
FFCE984C? 6000008A             bra     $ffce98d8
FFCE9850? 4AAEFED8             tst.l   (-$128,A6)
FFCE9854? 6744                 beq     $ffce989a
FFCE9856? 206EFED8             movea.l (-$128,A6), A0
FFCE985A? 2850                 movea.l (A0), A4
FFCE985C? 4AAC0034             tst.l   ($34,A4)
FFCE9860? 6738                 beq     $ffce989a
FFCE9862? 2F2EFFEC             move.l  (-$14,A6), -(A7)
FFCE9866? 205F                 movea.l (A7)+, A0
FFCE9868? A029                 _HLock                                    ; A-line trap A029
FFCE986A? 4267                 clr.w   -(A7)
FFCE986C? 486EFEE0             pea     (-$120,A6)
FFCE9870? 2F2EFFE0             move.l  (-$20,A6), -(A7)
FFCE9874? 2F2EFFFC             move.l  (-$4,A6), -(A7)
FFCE9878? 2F2EFFF8             move.l  (-$8,A6), -(A7)
FFCE987C? 2F05                 move.l  D5, -(A7)
FFCE987E? 2F2EFFE4             move.l  (-$1c,A6), -(A7)
FFCE9882? 2F2C0034             move.l  ($34,A4), -(A7)
FFCE9886? 205F                 movea.l (A7)+, A0
FFCE9888? 4E90                 jsr     (A0)
FFCE988A? 381F                 move.w  (A7)+, D4
FFCE988C? 2F2EFFEC             move.l  (-$14,A6), -(A7)
FFCE9890? 205F                 movea.l (A7)+, A0
FFCE9892? A02A                 _HUnlock                                  ; A-line trap A02A
FFCE9894? 4A44                 tst.w   D4
FFCE9896? 6702                 beq     $ffce989a
FFCE9898? 3E04                 move.w  D4, D7
FFCE989A? 1006                 move.b  D6, D0
FFCE989C? 672E                 beq     $ffce98cc
FFCE989E? 2F2EFFEC             move.l  (-$14,A6), -(A7)
FFCE98A2? 4EBAC8CC             jsr     ($ffce6170,PC)
FFCE98A6? 206EFFEC             movea.l (-$14,A6), A0
FFCE98AA? 2850                 movea.l (A0), A4
FFCE98AC? 422C0015             clr.b   ($15,A4)
FFCE98B0? 4A47                 tst.w   D7
FFCE98B2? 6706                 beq     $ffce98ba
FFCE98B4? 70FF                 moveq   #-$1, D0
FFCE98B6? 29400010             move.l  D0, ($10,A4)
FFCE98BA? 4267                 clr.w   -(A7)
FFCE98BC? 486EFFE8             pea     (-$18,A6)
FFCE98C0? 7018                 moveq   #$18, D0
FFCE98C2? 2F00                 move.l  D0, -(A7)
FFCE98C4? 4EBAC95A             jsr     ($ffce6220,PC)
FFCE98C8? 548F                 addq.l  #2, A7
FFCE98CA? 600C                 bra     $ffce98d8
FFCE98CC? 4A47                 tst.w   D7
FFCE98CE? 6708                 beq     $ffce98d8
FFCE98D0? 2F2EFFEC             move.l  (-$14,A6), -(A7)
FFCE98D4? 205F                 movea.l (A7)+, A0
FFCE98D6? A023                 _DisposeHandle                            ; A-line trap A023
FFCE98D8? 3D47000C             move.w  D7, ($c,A6)
FFCE98DC? 4CDF18F0             movem.l (A7)+, D4-D7/A3-A4
FFCE98E0? 4E5E                 unlk    A6
FFCE98E2? 4E740004             rtd     #$4; (1+)
FFCE98E6d 0000000000000000     dc.b    $00,$00,$00,$00,$00,$00,$00,$00,$00,$00,$4E,$56,$FF,$DE ; |..........NV..|
FFCE98F4? 48E70F18             movem.l D4-D7/A3-A4, -(A7)
FFCE98F8? 282E000C             move.l  ($c,A6), D4
FFCE98FC? 4267                 clr.w   -(A7)
FFCE98FE? 2F2E0014             move.l  ($14,A6), -(A7)
FFCE9902? 4EBA049C             jsr     ($ffce9da0,PC)
FFCE9906? 3E1F                 move.w  (A7)+, D7
FFCE9908? 6600015A             bne     $ffce9a64
FFCE990C? 42A7                 clr.l   -(A7)
FFCE990E? 207802B6             movea.l $2b6.w, A0                        ; BasicGlob
FFCE9912? 2EA80154             move.l  ($154,A0), (A7)
FFCE9916? 265F                 movea.l (A7)+, A3
FFCE9918? 4267                 clr.w   -(A7)
FFCE991A? 2F2E0014             move.l  ($14,A6), -(A7)
FFCE991E? 4EBAC320             jsr     ($ffce5c40,PC)
FFCE9922? 548F                 addq.l  #2, A7
FFCE9924? 206E0014             movea.l ($14,A6), A0
FFCE9928? 20680004             movea.l ($4,A0), A0
FFCE992C? 2050                 movea.l (A0), A0
FFCE992E? 203C70736E20         move.l  #$70736e20, D0
FFCE9934? B0A8003E             cmp.l   ($3e,A0), D0
FFCE9938? 57C6                 seq     D6
FFCE993A? 4406                 neg.b   D6
FFCE993C? 70FF                 moveq   #-$1, D0
FFCE993E? B084                 cmp.l   D4, D0
FFCE9940? 6606                 bne     $ffce9948
FFCE9942? 41FAFC6C             lea     ($ffce95b0,PC), A0
FFCE9946? 2808                 move.l  A0, D4
FFCE9948? 4A84                 tst.l   D4
FFCE994A? 6716                 beq     $ffce9962
FFCE994C? 4267                 clr.w   -(A7)
FFCE994E? 2F2E0014             move.l  ($14,A6), -(A7)
FFCE9952? 2F2E0010             move.l  ($10,A6), -(A7)
FFCE9956? 2F2E0008             move.l  ($8,A6), -(A7)
FFCE995A? 2F04                 move.l  D4, -(A7)
FFCE995C? 205F                 movea.l (A7)+, A0
FFCE995E? 4E90                 jsr     (A0)
FFCE9960? 3E1F                 move.w  (A7)+, D7
FFCE9962? 206E0014             movea.l ($14,A6), A0
FFCE9966? 20680004             movea.l ($4,A0), A0
FFCE996A? 2850                 movea.l (A0), A4
FFCE996C? 41EEFFEC             lea     (-$14,A6), A0
FFCE9970? 43EC001E             lea     ($1e,A4), A1
FFCE9974? 20D9                 move.l  (A1)+, (A0)+
FFCE9976? 20D9                 move.l  (A1)+, (A0)+
FFCE9978? 7000                 moveq   #$0, D0
FFCE997A? 29400026             move.l  D0, ($26,A4)
FFCE997E? 4245                 clr.w   D5
FFCE9980? 200B                 move.l  A3, D0
FFCE9982? 56C0                 sne     D0
FFCE9984? 2053                 movea.l (A3), A0
FFCE9986? 226E0014             movea.l ($14,A6), A1
FFCE998A? 22280044             move.l  ($44,A0), D1
FFCE998E? B2A90004             cmp.l   ($4,A1), D1
FFCE9992? 57C1                 seq     D1
FFCE9994? C001                 and.b   D1, D0
FFCE9996? 670000AA             beq     $ffce9a42
FFCE999A? 206E0010             movea.l ($10,A6), A0
FFCE999E? 4AA80004             tst.l   ($4,A0)
FFCE99A2? 67000084             beq     $ffce9a28
FFCE99A6? 4A47                 tst.w   D7
FFCE99A8? 674E                 beq     $ffce99f8
FFCE99AA? 4267                 clr.w   -(A7)
FFCE99AC? 2F2E0010             move.l  ($10,A6), -(A7)
FFCE99B0? 2F3C6572726E         move.l  #$6572726e, -(A7)
FFCE99B6? 2F3C6C6F6E67         move.l  #$6c6f6e67, -(A7)
FFCE99BC? 486EFFE4             pea     (-$1c,A6)
FFCE99C0? 42A7                 clr.l   -(A7)
FFCE99C2? 42A7                 clr.l   -(A7)
FFCE99C4? 486EFFE0             pea     (-$20,A6)
FFCE99C8? 4EBAE096             jsr     ($ffce7a60,PC)
FFCE99CC? 4A5F                 tst.w   (A7)+
FFCE99CE? 6728                 beq     $ffce99f8
FFCE99D0? 3007                 move.w  D7, D0
FFCE99D2? 48C0                 ext.l   D0
FFCE99D4? 2D40FFF4             move.l  D0, (-$c,A6)
FFCE99D8? 4267                 clr.w   -(A7)
FFCE99DA? 2F2E0010             move.l  ($10,A6), -(A7)
FFCE99DE? 2F3C6572726E         move.l  #$6572726e, -(A7)
FFCE99E4? 2F3C6C6F6E67         move.l  #$6c6f6e67, -(A7)
FFCE99EA? 486EFFF4             pea     (-$c,A6)
FFCE99EE? 7004                 moveq   #$4, D0
FFCE99F0? 2F00                 move.l  D0, -(A7)
FFCE99F2? 4EBAF9CC             jsr     ($ffce93c0,PC)
FFCE99F6? 548F                 addq.l  #2, A7
FFCE99F8? 1006                 move.b  D6, D0
FFCE99FA? 661A                 bne     $ffce9a16
FFCE99FC? 4267                 clr.w   -(A7)
FFCE99FE? 206E0010             movea.l ($10,A6), A0
FFCE9A02? 2F280004             move.l  ($4,A0), -(A7)
FFCE9A06? 42A7                 clr.l   -(A7)
FFCE9A08? 4267                 clr.w   -(A7)
FFCE9A0A? 42A7                 clr.l   -(A7)
FFCE9A0C? 42A7                 clr.l   -(A7)
FFCE9A0E? 42A7                 clr.l   -(A7)
FFCE9A10? 4EBA080E             jsr     ($ffcea220,PC)
FFCE9A14? 3A1F                 move.w  (A7)+, D5
FFCE9A16? 4A47                 tst.w   D7
FFCE9A18? 6602                 bne     $ffce9a1c
FFCE9A1A? 3E05                 move.w  D5, D7
FFCE9A1C? 4267                 clr.w   -(A7)
FFCE9A1E? 2F2E0010             move.l  ($10,A6), -(A7)
FFCE9A22? 4EBADD1C             jsr     ($ffce7740,PC)
FFCE9A26? 548F                 addq.l  #2, A7
FFCE9A28? 4267                 clr.w   -(A7)
FFCE9A2A? 2F2E0014             move.l  ($14,A6), -(A7)
FFCE9A2E? 4EBAC260             jsr     ($ffce5c90,PC)
FFCE9A32? 548F                 addq.l  #2, A7
FFCE9A34? 4267                 clr.w   -(A7)
FFCE9A36? 2F2E0014             move.l  ($14,A6), -(A7)
FFCE9A3A? 4EBADD04             jsr     ($ffce7740,PC)
FFCE9A3E? 548F                 addq.l  #2, A7
FFCE9A40? 6008                 bra     $ffce9a4a
FFCE9A42? 1006                 move.b  D6, D0
FFCE9A44? 6704                 beq     $ffce9a4a
FFCE9A46? 3E3CF950             move.w  #$f950, D7
FFCE9A4A? 202EFFEC             move.l  (-$14,A6), D0
FFCE9A4E? 80AEFFF0             or.l    (-$10,A6), D0
FFCE9A52? 4A80                 tst.l   D0
FFCE9A54? 670E                 beq     $ffce9a64
FFCE9A56? 4267                 clr.w   -(A7)
FFCE9A58? 486EFFEC             pea     (-$14,A6)
FFCE9A5C? 3F3C003B             move.w  #$3b, -(A7)
FFCE9A60? A88F                 _OSDispatch                               ; A-line trap A88F
FFCE9A62? 548F                 addq.l  #2, A7
FFCE9A64? 3D470018             move.w  D7, ($18,A6)
FFCE9A68? 4CDF18F0             movem.l (A7)+, D4-D7/A3-A4
FFCE9A6C? 4E5E                 unlk    A6
FFCE9A6E? 4E740010             rtd     #$10; (1+)
FFCE9A72d 0000000000000000     dc.b    $00,$00,$00,$00,$00,$00,$00,$00,$00,$00,$00,$00,$00,$00,$4E,$56 ; |..............NV|
FFCE9A82d FFD2                 dc.b    $FF,$D2                           ; |..|
FFCE9A84? 48E70F18             movem.l D4-D7/A3-A4, -(A7)
FFCE9A88? 282E0016             move.l  ($16,A6), D4
FFCE9A8C? 486EFFE2             pea     (-$1e,A6)
FFCE9A90? 4EBAC6BE             jsr     ($ffce6150,PC)
FFCE9A94? 4267                 clr.w   -(A7)
FFCE9A96? 2F2E001E             move.l  ($1e,A6), -(A7)
FFCE9A9A? 4EBA0304             jsr     ($ffce9da0,PC)
FFCE9A9E? 3E1F                 move.w  (A7)+, D7
FFCE9AA0? 660002AE             bne     $ffce9d50
FFCE9AA4? 206E001E             movea.l ($1e,A6), A0
FFCE9AA8? 20680004             movea.l ($4,A0), A0
FFCE9AAC? 2850                 movea.l (A0), A4
FFCE9AAE? 2D6C0032FFFC         move.l  ($32,A4), (-$4,A6)
FFCE9AB4? 2D6C0036FFF8         move.l  ($36,A4), (-$8,A6)
FFCE9ABA? 4205                 clr.b   D5
FFCE9ABC? 203C70736E20         move.l  #$70736e20, D0
FFCE9AC2? B0AC003E             cmp.l   ($3e,A4), D0
FFCE9AC6? 6612                 bne     $ffce9ada
FFCE9AC8? 47EC0046             lea     ($46,A4), A3
FFCE9ACC? 7002                 moveq   #$2, D0
FFCE9ACE? B0AB0004             cmp.l   ($4,A3), D0
FFCE9AD2? 6606                 bne     $ffce9ada
FFCE9AD4? 4A93                 tst.l   (A3)
FFCE9AD6? 6602                 bne     $ffce9ada
FFCE9AD8? 7A01                 moveq   #$1, D5
FFCE9ADA? 2004                 move.l  D4, D0
FFCE9ADC? C0BC0000000F         and.l   #$f, D0
FFCE9AE2? 3C00                 move.w  D0, D6
FFCE9AE4? 2004                 move.l  D4, D0
FFCE9AE6? C0BC00000070         and.l   #$70, D0
FFCE9AEC? 048000000000         subi.l  #$0, D0
FFCE9AF2? 673A                 beq     $ffce9b2e
FFCE9AF4? 048000000010         subi.l  #$10, D0
FFCE9AFA? 6776                 beq     $ffce9b72
FFCE9AFC? 048000000010         subi.l  #$10, D0
FFCE9B02? 6778                 beq     $ffce9b7c
FFCE9B04? 048000000010         subi.l  #$10, D0
FFCE9B0A? 677A                 beq     $ffce9b86
FFCE9B0C? 048000000010         subi.l  #$10, D0
FFCE9B12? 671A                 beq     $ffce9b2e
FFCE9B14? 048000000010         subi.l  #$10, D0
FFCE9B1A? 6756                 beq     $ffce9b72
FFCE9B1C? 048000000010         subi.l  #$10, D0
FFCE9B22? 676C                 beq     $ffce9b90
FFCE9B24? 048000000010         subi.l  #$10, D0
FFCE9B2A? 676E                 beq     $ffce9b9a
FFCE9B2C? 6074                 bra     $ffce9ba2
FFCE9B2E? 206E001E             movea.l ($1e,A6), A0
FFCE9B32? 20680004             movea.l ($4,A0), A0
FFCE9B36? 2850                 movea.l (A0), A4
FFCE9B38? 203C74617267         move.l  #$74617267, D0
FFCE9B3E? B0AC003E             cmp.l   ($3e,A4), D0
FFCE9B42? 57C0                 seq     D0
FFCE9B44? 4A6C0092             tst.w   ($92,A4)
FFCE9B48? 56C1                 sne     D1
FFCE9B4A? C001                 and.b   D1, D0
FFCE9B4C? 670A                 beq     $ffce9b58
FFCE9B4E? 2D7C6E657669FFEE     move.l  #$6e657669, (-$12,A6)
FFCE9B56? 604A                 bra     $ffce9ba2
FFCE9B58? 7003                 moveq   #$3, D0
FFCE9B5A? B046                 cmp.w   D6, D0
FFCE9B5C? 660A                 bne     $ffce9b68
FFCE9B5E? 2D7C63616E73FFEE     move.l  #$63616e73, (-$12,A6)
FFCE9B66? 603A                 bra     $ffce9ba2
FFCE9B68d 2D7C63616E69FFEE     dc.b    $2D,$7C,$63,$61,$6E,$69,$FF,$EE,$60,$30,$2D,$7C,$6E,$65,$76,$69 ; |-|cani..`0-|nevi|
FFCE9B78d FFEE60262D7C6361     dc.b    $FF,$EE,$60,$26,$2D,$7C,$63,$61,$6E,$69,$FF,$EE,$60,$1C,$2D,$7C ; |..`&-|cani..`.-||
FFCE9B88d 616C7769FFEE6012     dc.b    $61,$6C,$77,$69,$FF,$EE,$60,$12,$2D,$7C,$63,$61,$6E,$73,$FF,$EE ; |alwi..`.-|cans..|
FFCE9B98d 6008                 dc.b    $60,$08                           ; |`.|
FFCE9B9A? 2D7C616C7773FFEE     move.l  #$616c7773, (-$12,A6)
FFCE9BA2? 203C63616E69         move.l  #$63616e69, D0
FFCE9BA8? B0AEFFEE             cmp.l   (-$12,A6), D0
FFCE9BAC? 56C0                 sne     D0
FFCE9BAE? 4A00                 tst.b   D0
FFCE9BB0? 6642                 bne     $ffce9bf4
FFCE9BB2? 2F00                 move.l  D0, -(A7)
FFCE9BB4? 4267                 clr.w   -(A7)
FFCE9BB6? 2F00                 move.l  D0, -(A7)
FFCE9BB8? 486EFFD2             pea     (-$2e,A6)
FFCE9BBC? 2F2E001E             move.l  ($1e,A6), -(A7)
FFCE9BC0? 4EBAC4BE             jsr     ($ffce6080,PC)
FFCE9BC4? 221F                 move.l  (A7)+, D1
FFCE9BC6? 201F                 move.l  (A7)+, D0
FFCE9BC8? 2F01                 move.l  D1, -(A7)
FFCE9BCA? 2F3C696E7465         move.l  #$696e7465, -(A7)
FFCE9BD0? 2F3C656E756D         move.l  #$656e756d, -(A7)
FFCE9BD6? 486EFFF2             pea     (-$e,A6)
FFCE9BDA? 42A7                 clr.l   -(A7)
FFCE9BDC? 7204                 moveq   #$4, D1
FFCE9BDE? 2F01                 move.l  D1, -(A7)
FFCE9BE0? 486EFFEA             pea     (-$16,A6)
FFCE9BE4? 4EBADE7A             jsr     ($ffce7a60,PC)
FFCE9BE8? 321F                 move.w  (A7)+, D1
FFCE9BEA? 201F                 move.l  (A7)+, D0
FFCE9BEC? 4A41                 tst.w   D1
FFCE9BEE? 57C1                 seq     D1
FFCE9BF0? 8001                 or.b    D1, D0
FFCE9BF2? 6732                 beq     $ffce9c26
FFCE9BF4? 4267                 clr.w   -(A7)
FFCE9BF6? 486EFFD2             pea     (-$2e,A6)
FFCE9BFA? 2F2E001E             move.l  ($1e,A6), -(A7)
FFCE9BFE? 4EBAC480             jsr     ($ffce6080,PC)
FFCE9C02? 2F3C696E7465         move.l  #$696e7465, -(A7)
FFCE9C08? 2F3C656E756D         move.l  #$656e756d, -(A7)
FFCE9C0E? 486EFFEE             pea     (-$12,A6)
FFCE9C12? 7004                 moveq   #$4, D0
FFCE9C14? 2F00                 move.l  D0, -(A7)
FFCE9C16? 42A7                 clr.l   -(A7)
FFCE9C18? 7001                 moveq   #$1, D0
FFCE9C1A? 2F00                 move.l  D0, -(A7)
FFCE9C1C? 4EBAF462             jsr     ($ffce9080,PC)
FFCE9C20? 3E1F                 move.w  (A7)+, D7
FFCE9C22? 6600012C             bne     $ffce9d50
FFCE9C26? 7001                 moveq   #$1, D0
FFCE9C28? B046                 cmp.w   D6, D0
FFCE9C2A? 5EC0                 sgt     D0
FFCE9C2C? 7203                 moveq   #$3, D1
FFCE9C2E? B246                 cmp.w   D6, D1
FFCE9C30? 5DC1                 slt     D1
FFCE9C32? 8001                 or.b    D1, D0
FFCE9C34? 6708                 beq     $ffce9c3e
FFCE9C36? 3E3CF952             move.w  #$f952, D7
FFCE9C3A? 600000C0             bra     $ffce9cfc
FFCE9C3E? 1005                 move.b  D5, D0
FFCE9C40? 6764                 beq     $ffce9ca6
FFCE9C42? 7001                 moveq   #$1, D0
FFCE9C44? B046                 cmp.w   D6, D0
FFCE9C46? 6720                 beq     $ffce9c68
FFCE9C48? 4267                 clr.w   -(A7)
FFCE9C4A? 2F2E001E             move.l  ($1e,A6), -(A7)
FFCE9C4E? 486EFFE2             pea     (-$1e,A6)
FFCE9C52? 4EBA018C             jsr     ($ffce9de0,PC)
FFCE9C56? 3E1F                 move.w  (A7)+, D7
FFCE9C58? 660000F6             bne     $ffce9d50
FFCE9C5C? 206EFFE6             movea.l (-$1a,A6), A0
FFCE9C60? 2050                 movea.l (A0), A0
FFCE9C62? 117C00010014         move.b  #$1, ($14,A0)
FFCE9C68? 206E001E             movea.l ($1e,A6), A0
FFCE9C6C? 20680004             movea.l ($4,A0), A0
FFCE9C70? 2850                 movea.l (A0), A4
FFCE9C72? 197C00010014         move.b  #$1, ($14,A4)
FFCE9C78? 7020                 moveq   #$20, D0
FFCE9C7A? B0AC0010             cmp.l   ($10,A4), D0
FFCE9C7E? 6C08                 bge     $ffce9c88
FFCE9C80? 2F2C001A             move.l  ($1a,A4), -(A7)
FFCE9C84? 205F                 movea.l (A7)+, A0
FFCE9C86? A023                 _DisposeHandle                            ; A-line trap A023
FFCE9C88? 7000                 moveq   #$0, D0
FFCE9C8A? 2940001A             move.l  D0, ($1a,A4)
FFCE9C8E? 4267                 clr.w   -(A7)
FFCE9C90? 2F2E001E             move.l  ($1e,A6), -(A7)
FFCE9C94? 486EFFE2             pea     (-$1e,A6)
FFCE9C98? 487AF916             pea     ($ffce95b0,PC)
FFCE9C9C? 42A7                 clr.l   -(A7)
FFCE9C9E? 4EBAFC50             jsr     ($ffce98f0,PC)
FFCE9CA2? 3E1F                 move.w  (A7)+, D7
FFCE9CA4? 6056                 bra     $ffce9cfc
FFCE9CA6? 7001                 moveq   #$1, D0
FFCE9CA8? B046                 cmp.w   D6, D0
FFCE9CAA? 6624                 bne     $ffce9cd0
FFCE9CAC? 4267                 clr.w   -(A7)
FFCE9CAE? 206E001E             movea.l ($1e,A6), A0
FFCE9CB2? 2F280004             move.l  ($4,A0), -(A7)
FFCE9CB6? 2F04                 move.l  D4, -(A7)
FFCE9CB8? 3F2E0014             move.w  ($14,A6), -(A7)
FFCE9CBC? 2F2E0010             move.l  ($10,A6), -(A7)
FFCE9CC0? 2F2E000C             move.l  ($c,A6), -(A7)
FFCE9CC4? 2F2E0008             move.l  ($8,A6), -(A7)
FFCE9CC8? 4EBA0556             jsr     ($ffcea220,PC)
FFCE9CCC? 3E1F                 move.w  (A7)+, D7
FFCE9CCE? 602C                 bra     $ffce9cfc
FFCE9CD0? 4267                 clr.w   -(A7)
FFCE9CD2? 2F2E001E             move.l  ($1e,A6), -(A7)
FFCE9CD6? 486EFFE2             pea     (-$1e,A6)
FFCE9CDA? 7003                 moveq   #$3, D0
FFCE9CDC? B046                 cmp.w   D6, D0
FFCE9CDE? 57C0                 seq     D0
FFCE9CE0? 4400                 neg.b   D0
FFCE9CE2? 1F00                 move.b  D0, -(A7)
FFCE9CE4? 3F2E0014             move.w  ($14,A6), -(A7)
FFCE9CE8? 2F04                 move.l  D4, -(A7)
FFCE9CEA? 2F2E0010             move.l  ($10,A6), -(A7)
FFCE9CEE? 2F2E000C             move.l  ($c,A6), -(A7)
FFCE9CF2? 2F2E0008             move.l  ($8,A6), -(A7)
FFCE9CF6? 4EBA06E8             jsr     ($ffcea3e0,PC)
FFCE9CFA? 3E1F                 move.w  (A7)+, D7
FFCE9CFC? 4AAEFFE6             tst.l   (-$1a,A6)
FFCE9D00? 674E                 beq     $ffce9d50
FFCE9D02? 0C47F950             cmpi.w  #-$6b0, D7
FFCE9D06? 663E                 bne     $ffce9d46
FFCE9D08? 1005                 move.b  D5, D0
FFCE9D0A? 670E                 beq     $ffce9d1a
FFCE9D0C? 206EFFE6             movea.l (-$1a,A6), A0
FFCE9D10? 2050                 movea.l (A0), A0
FFCE9D12? 117C00010015         move.b  #$1, ($15,A0)
FFCE9D18? 6036                 bra     $ffce9d50
FFCE9D1A? 42A7                 clr.l   -(A7)
FFCE9D1C? 486EFFDC             pea     (-$24,A6)
FFCE9D20? 4EBAC38E             jsr     ($ffce60b0,PC)
FFCE9D24? 3E1F                 move.w  (A7)+, D7
FFCE9D26? 6628                 bne     $ffce9d50
FFCE9D28? 206EFFDC             movea.l (-$24,A6), A0
FFCE9D2C? 2850                 movea.l (A0), A4
FFCE9D2E? 206EFFE6             movea.l (-$1a,A6), A0
FFCE9D32? 2050                 movea.l (A0), A0
FFCE9D34? 216C003C0016         move.l  ($3c,A4), ($16,A0)
FFCE9D3A? 296EFFE6003C         move.l  (-$1a,A6), ($3c,A4)
FFCE9D40? 3E3CF950             move.w  #$f950, D7
FFCE9D44? 600A                 bra     $ffce9d50
FFCE9D46? 206EFFE6             movea.l (-$1a,A6), A0
FFCE9D4A? 2050                 movea.l (A0), A0
FFCE9D4C? 42280015             clr.b   ($15,A0)
FFCE9D50? 4AAEFFE6             tst.l   (-$1a,A6)
FFCE9D54? 6718                 beq     $ffce9d6e
FFCE9D56? 4A47                 tst.w   D7
FFCE9D58? 671C                 beq     $ffce9d76
FFCE9D5A? 0C47F950             cmpi.w  #-$6b0, D7
FFCE9D5E? 6716                 beq     $ffce9d76
FFCE9D60? 4267                 clr.w   -(A7)
FFCE9D62? 486EFFE2             pea     (-$1e,A6)
FFCE9D66? 4EBAD9D8             jsr     ($ffce7740,PC)
FFCE9D6A? 548F                 addq.l  #2, A7
FFCE9D6C? 6008                 bra     $ffce9d76
FFCE9D6E? 2D7C6E756C6CFFE2     move.l  #$6e756c6c, (-$1e,A6)
FFCE9D76? 4AAE001A             tst.l   ($1a,A6)
FFCE9D7A? 670C                 beq     $ffce9d88
FFCE9D7C? 206E001A             movea.l ($1a,A6), A0
FFCE9D80? 43EEFFE2             lea     (-$1e,A6), A1
FFCE9D84? 20D9                 move.l  (A1)+, (A0)+
FFCE9D86? 20D9                 move.l  (A1)+, (A0)+
FFCE9D88? 3D470022             move.w  D7, ($22,A6)
FFCE9D8C? 4CDF18F0             movem.l (A7)+, D4-D7/A3-A4
FFCE9D90? 4E5E                 unlk    A6
FFCE9D92? 4E74001A             rtd     #$1a; (1+)
FFCE9D96d 0000000000000000     dc.b    $00,$00,$00,$00,$00,$00,$00,$00,$00,$00,$4E,$56,$FF,$FE ; |..........NV..|
FFCE9DA4? 48E70108             movem.l D7/A4, -(A7)
FFCE9DA8? 4247                 clr.w   D7
FFCE9DAA? 286E0008             movea.l ($8,A6), A4
FFCE9DAE? 4AAC0004             tst.l   ($4,A4)
FFCE9DB2? 6606                 bne     $ffce9dba
FFCE9DB4? 3E3CF958             move.w  #$f958, D7
FFCE9DB8? 600C                 bra     $ffce9dc6
FFCE9DBA? 203C61657674         move.l  #$61657674, D0
FFCE9DC0? B094                 cmp.l   (A4), D0
FFCE9DC2? 6702                 beq     $ffce9dc6
FFCE9DC4? 7ECE                 moveq   #-$32, D7
FFCE9DC6? 3D47000C             move.w  D7, ($c,A6)
FFCE9DCA? 4CDF1080             movem.l (A7)+, D7/A4
FFCE9DCE? 4E5E                 unlk    A6
FFCE9DD0? 4E740004             rtd     #$4; (1+)
FFCE9DD4? 00000000             ori.b   #$0, D0
FFCE9DD8? 00000000             ori.b   #$0, D0
FFCE9DDC? 00000000             ori.b   #$0, D0
FFCE9DE0? 4E56FFDE             link    A6, #-$22
FFCE9DE4? 48E70308             movem.l D6-D7/A4, -(A7)
FFCE9DE8? 206E000C             movea.l ($c,A6), A0
FFCE9DEC? 20680004             movea.l ($4,A0), A0
FFCE9DF0? 2850                 movea.l (A0), A4
FFCE9DF2? 203C74617267         move.l  #$74617267, D0
FFCE9DF8? B0AC003E             cmp.l   ($3e,A4), D0
FFCE9DFC? 660C                 bne     $ffce9e0a
FFCE9DFE? 2D7C73736964FFFA     move.l  #$73736964, (-$6,A6)
FFCE9E06? 7E04                 moveq   #$4, D7
FFCE9E08? 600A                 bra     $ffce9e14
FFCE9E0A? 2D6C003EFFFA         move.l  ($3e,A4), (-$6,A6)
FFCE9E10? 2E2C0042             move.l  ($42,A4), D7
FFCE9E14? 7000                 moveq   #$0, D0
FFCE9E16? 2D40FFF2             move.l  D0, (-$e,A6)
FFCE9E1A? 2D7C7472616EFFEE     move.l  #$7472616e, (-$12,A6)
FFCE9E22? 4267                 clr.w   -(A7)
FFCE9E24? 486EFFDE             pea     (-$22,A6)
FFCE9E28? 2F2E000C             move.l  ($c,A6), -(A7)
FFCE9E2C? 4EBAC252             jsr     ($ffce6080,PC)
FFCE9E30? 42A7                 clr.l   -(A7)
FFCE9E32? 2F3C6C6F6E67         move.l  #$6c6f6e67, -(A7)
FFCE9E38? 486EFFEE             pea     (-$12,A6)
FFCE9E3C? 486EFFEA             pea     (-$16,A6)
FFCE9E40? 486EFFF2             pea     (-$e,A6)
FFCE9E44? 7004                 moveq   #$4, D0
FFCE9E46? 2F00                 move.l  D0, -(A7)
FFCE9E48? 486EFFE6             pea     (-$1a,A6)
FFCE9E4C? 4EBAEF02             jsr     ($ffce8d50,PC)
FFCE9E50? 548F                 addq.l  #2, A7
FFCE9E52? 206E000C             movea.l ($c,A6), A0
FFCE9E56? 20680004             movea.l ($4,A0), A0
FFCE9E5A? 2850                 movea.l (A0), A4
FFCE9E5C? 4267                 clr.w   -(A7)
FFCE9E5E? 2F07                 move.l  D7, -(A7)
FFCE9E60? 2F3C61657674         move.l  #$61657674, -(A7)
FFCE9E66? 2F3C616E7372         move.l  #$616e7372, -(A7)
FFCE9E6C? 2F2C003A             move.l  ($3a,A4), -(A7)
FFCE9E70? 2F2EFFF2             move.l  (-$e,A6), -(A7)
FFCE9E74? 2F2E0008             move.l  ($8,A6), -(A7)
FFCE9E78? 4EBAE156             jsr     ($ffce7fd0,PC)
FFCE9E7C? 3C1F                 move.w  (A7)+, D6
FFCE9E7E? 666A                 bne     $ffce9eea
FFCE9E80? 206E000C             movea.l ($c,A6), A0
FFCE9E84? 20680004             movea.l ($4,A0), A0
FFCE9E88? 2010                 move.l  (A0), D0
FFCE9E8A? D0BC00000142         add.l   #$142, D0
FFCE9E90? 90BC000000FC         sub.l   #$fc, D0
FFCE9E96? 2F00                 move.l  D0, -(A7)
FFCE9E98? 206E0008             movea.l ($8,A6), A0
FFCE9E9C? 20680004             movea.l ($4,A0), A0
FFCE9EA0? 2010                 move.l  (A0), D0
FFCE9EA2? D0BC00000142         add.l   #$142, D0
FFCE9EA8? 90BC000000FC         sub.l   #$fc, D0
FFCE9EAE? 2F00                 move.l  D0, -(A7)
FFCE9EB0? 2F07                 move.l  D7, -(A7)
FFCE9EB2? 4EBA0CDC             jsr     ($ffceab90,PC)
FFCE9EB6? 206E0008             movea.l ($8,A6), A0
FFCE9EBA? 20680004             movea.l ($4,A0), A0
FFCE9EBE? 2850                 movea.l (A0), A4
FFCE9EC0? 29470042             move.l  D7, ($42,A4)
FFCE9EC4? 296EFFFA003E         move.l  (-$6,A6), ($3e,A4)
FFCE9ECA? 206E000C             movea.l ($c,A6), A0
FFCE9ECE? 20680004             movea.l ($4,A0), A0
FFCE9ED2? 2050                 movea.l (A0), A0
FFCE9ED4? 2968002E002E         move.l  ($2e,A0), ($2e,A4)
FFCE9EDA? 4267                 clr.w   -(A7)
FFCE9EDC? 206E0008             movea.l ($8,A6), A0
FFCE9EE0? 2F280004             move.l  ($4,A0), -(A7)
FFCE9EE4? 4EBADFCA             jsr     ($ffce7eb0,PC)
FFCE9EE8? 3C1F                 move.w  (A7)+, D6
FFCE9EEA? 3D460010             move.w  D6, ($10,A6)
FFCE9EEE? 4CDF10C0             movem.l (A7)+, D6-D7/A4
FFCE9EF2? 4E5E                 unlk    A6
FFCE9EF4? 4E740008             rtd     #$8; (1+)
FFCE9EF8? 00000000             ori.b   #$0, D0
FFCE9EFC? 00000000             ori.b   #$0, D0
FFCE9F00? 4E56FFD8             link    A6, #-$28
FFCE9F04? 48E70718             movem.l D5-D7/A3-A4, -(A7)
FFCE9F08? 2A2E000C             move.l  ($c,A6), D5
FFCE9F0C? 4207                 clr.b   D7
FFCE9F0E? 4206                 clr.b   D6
FFCE9F10? 286E0010             movea.l ($10,A6), A4
FFCE9F14? 2645                 movea.l D5, A3
FFCE9F16? 4254                 clr.w   (A4)
FFCE9F18? 202B0018             move.l  ($18,A3), D0
FFCE9F1C? B0AC0006             cmp.l   ($6,A4), D0
FFCE9F20? 66000168             bne     $ffcea08a
FFCE9F24? 4AAC000A             tst.l   ($a,A4)
FFCE9F28? 6632                 bne     $ffce9f5c
FFCE9F2A? 203C6A61796D         move.l  #$6a61796d, D0
FFCE9F30? B0AB000A             cmp.l   ($a,A3), D0
FFCE9F34? 66000154             bne     $ffcea08a
FFCE9F38? 203C7274726E         move.l  #$7274726e, D0
FFCE9F3E? B0AB0012             cmp.l   ($12,A3), D0
FFCE9F42? 66000146             bne     $ffcea08a
FFCE9F46? 7E01                 moveq   #$1, D7
FFCE9F48? 7001                 moveq   #$1, D0
FFCE9F4A? B06B0016             cmp.w   ($16,A3), D0
FFCE9F4E? 6704                 beq     $ffce9f54
FFCE9F50? 38BCF954             move.w  #$f954, (A4)
FFCE9F54? 4EBA029A             jsr     ($ffcea1f0,PC)
FFCE9F58? 60000130             bra     $ffcea08a
FFCE9F5C? 203C61657674         move.l  #$61657674, D0
FFCE9F62? B0AB000A             cmp.l   ($a,A3), D0
FFCE9F66? 66000118             bne     $ffcea080
FFCE9F6A? 203C616E7372         move.l  #$616e7372, D0
FFCE9F70? B0AB0012             cmp.l   ($12,A3), D0
FFCE9F74? 66000086             bne     $ffce9ffc
FFCE9F78? 7E01                 moveq   #$1, D7
FFCE9F7A? 2D6B0020FFFC         move.l  ($20,A3), (-$4,A6)
FFCE9F80? 6606                 bne     $ffce9f88
FFCE9F82? 700C                 moveq   #$c, D0
FFCE9F84? 2D40FFFC             move.l  D0, (-$4,A6)
FFCE9F88? 2F2C000A             move.l  ($a,A4), -(A7)
FFCE9F8C? 202EFFFC             move.l  (-$4,A6), D0
FFCE9F90? D0BC00000142         add.l   #$142, D0
FFCE9F96? 2F00                 move.l  D0, -(A7)
FFCE9F98? 4EBA0BE6             jsr     ($ffceab80,PC)
FFCE9F9C? 4267                 clr.w   -(A7)
FFCE9F9E? 3EB80220             move.w  $220.w, (A7)                      ; CurIOTrap
FFCE9FA2? 389F                 move.w  (A7)+, (A4)
FFCE9FA4? 660000DA             bne     $ffcea080
FFCE9FA8? 2F2C000A             move.l  ($a,A4), -(A7)
FFCE9FAC? 205F                 movea.l (A7)+, A0
FFCE9FAE? A029                 _HLock                                    ; A-line trap A029
FFCE9FB0? 206C000A             movea.l ($a,A4), A0
FFCE9FB4? 2050                 movea.l (A0), A0
FFCE9FB6? 2D48FFD8             move.l  A0, (-$28,A6)
FFCE9FBA? 4267                 clr.w   -(A7)
FFCE9FBC? 206EFFD8             movea.l (-$28,A6), A0
FFCE9FC0? 48680046             pea     ($46,A0)
FFCE9FC4? 486EFFEC             pea     (-$14,A6)
FFCE9FC8? 206C000A             movea.l ($a,A4), A0
FFCE9FCC? 2010                 move.l  (A0), D0
FFCE9FCE? D0BC00000142         add.l   #$142, D0
FFCE9FD4? 2F00                 move.l  D0, -(A7)
FFCE9FD6? 486EFFFC             pea     (-$4,A6)
FFCE9FDA? 3F3C0033             move.w  #$33, -(A7)
FFCE9FDE? A88F                 _OSDispatch                               ; A-line trap A88F
FFCE9FE0? 389F                 move.w  (A7)+, (A4)
FFCE9FE2? 660C                 bne     $ffce9ff0
FFCE9FE4? 4267                 clr.w   -(A7)
FFCE9FE6? 2F2C000A             move.l  ($a,A4), -(A7)
FFCE9FEA? 4EBADEC4             jsr     ($ffce7eb0,PC)
FFCE9FEE? 389F                 move.w  (A7)+, (A4)
FFCE9FF0? 2F2C000A             move.l  ($a,A4), -(A7)
FFCE9FF4? 205F                 movea.l (A7)+, A0
FFCE9FF6? A02A                 _HUnlock                                  ; A-line trap A02A
FFCE9FF8? 60000086             bra     $ffcea080
FFCE9FFC? 203C63616E73         move.l  #$63616e73, D0
FFCEA002? B0AB0012             cmp.l   ($12,A3), D0
FFCEA006? 6662                 bne     $ffcea06a
FFCEA008? 4267                 clr.w   -(A7)
FFCEA00A? 2F05                 move.l  D5, -(A7)
FFCEA00C? 2F3C6265666F         move.l  #$6265666f, -(A7)
FFCEA012? 486EFFF9             pea     (-$7,A6)
FFCEA016? 486EFFE4             pea     (-$1c,A6)
FFCEA01A? 4EBA0114             jsr     ($ffcea130,PC)
FFCEA01E? 101F                 move.b  (A7)+, D0
FFCEA020? 673C                 beq     $ffcea05e
FFCEA022? 102EFFF9             move.b  (-$7,A6), D0
FFCEA026? 6736                 beq     $ffcea05e
FFCEA028? 4267                 clr.w   -(A7)
FFCEA02A? 206E0008             movea.l ($8,A6), A0
FFCEA02E? 48680004             pea     ($4,A0)
FFCEA032? 486EFFDC             pea     (-$24,A6)
FFCEA036? 3F3C0035             move.w  #$35, -(A7)
FFCEA03A? A88F                 _OSDispatch                               ; A-line trap A88F
FFCEA03C? 4A5F                 tst.w   (A7)+
FFCEA03E? 661E                 bne     $ffcea05e
FFCEA040? 42A7                 clr.l   -(A7)
FFCEA042? A975                 _TickCount                                ; A-line trap A975
FFCEA044? 202EFFE4             move.l  (-$1c,A6), D0
FFCEA048? 909F                 sub.l   (A7)+, D0
FFCEA04A? 7201                 moveq   #$1, D1
FFCEA04C? B280                 cmp.l   D0, D1
FFCEA04E? 6C0E                 bge     $ffcea05e
FFCEA050? 4267                 clr.w   -(A7)
FFCEA052? 486EFFDC             pea     (-$24,A6)
FFCEA056? 3F3C003B             move.w  #$3b, -(A7)
FFCEA05A? A88F                 _OSDispatch                               ; A-line trap A88F
FFCEA05C? 548F                 addq.l  #2, A7
FFCEA05E? 4EBA0190             jsr     ($ffcea1f0,PC)
FFCEA062? 7E01                 moveq   #$1, D7
FFCEA064? 38BC07C7             move.w  #$7c7, (A4)
FFCEA068? 6016                 bra     $ffcea080
FFCEA06A? 203C77616974         move.l  #$77616974, D0
FFCEA070? B0AB0012             cmp.l   ($12,A3), D0
FFCEA074? 660A                 bne     $ffcea080
FFCEA076? 4EBA0178             jsr     ($ffcea1f0,PC)
FFCEA07A? 7E01                 moveq   #$1, D7
FFCEA07C? 38BC07C6             move.w  #$7c6, (A4)
FFCEA080? 082B00000017         btst    #$0, ($17,A3)
FFCEA086? 6702                 beq     $ffcea08a
FFCEA088? 7C01                 moveq   #$1, D6
FFCEA08A? 1007                 move.b  D7, D0
FFCEA08C? 66000088             bne     $ffcea116
FFCEA090? 4AAC0002             tst.l   ($2,A4)
FFCEA094? 676C                 beq     $ffcea102
FFCEA096? 4267                 clr.w   -(A7)
FFCEA098? 2F3C74617267         move.l  #$74617267, -(A7)
FFCEA09E? 2F2E0008             move.l  ($8,A6), -(A7)
FFCEA0A2? 2F3C000000FC         move.l  #$fc, -(A7)
FFCEA0A8? 486EFFF0             pea     (-$10,A6)
FFCEA0AC? 4EBAB9A2             jsr     ($ffce5a50,PC)
FFCEA0B0? 4A5F                 tst.w   (A7)+
FFCEA0B2? 664E                 bne     $ffcea102
FFCEA0B4? 4267                 clr.w   -(A7)
FFCEA0B6? 2F05                 move.l  D5, -(A7)
FFCEA0B8? 2F3C7472616E         move.l  #$7472616e, -(A7)
FFCEA0BE? 486EFFF9             pea     (-$7,A6)
FFCEA0C2? 486EFFE8             pea     (-$18,A6)
FFCEA0C6? 4EBA0068             jsr     ($ffcea130,PC)
FFCEA0CA? 101F                 move.b  (A7)+, D0
FFCEA0CC? 6606                 bne     $ffcea0d4
FFCEA0CE? 7000                 moveq   #$0, D0
FFCEA0D0? 2D40FFE8             move.l  D0, (-$18,A6)
FFCEA0D4? 102EFFF9             move.b  (-$7,A6), D0
FFCEA0D8? 671C                 beq     $ffcea0f6
FFCEA0DA? 4267                 clr.w   -(A7)
FFCEA0DC? 486B0008             pea     ($8,A3)
FFCEA0E0? 2F2B0018             move.l  ($18,A3), -(A7)
FFCEA0E4? 2F2EFFE8             move.l  (-$18,A6), -(A7)
FFCEA0E8? 486EFFF0             pea     (-$10,A6)
FFCEA0EC? 2F2C0002             move.l  ($2,A4), -(A7)
FFCEA0F0? 205F                 movea.l (A7)+, A0
FFCEA0F2? 4E90                 jsr     (A0)
FFCEA0F4? 1C1F                 move.b  (A7)+, D6
FFCEA0F6? 4267                 clr.w   -(A7)
FFCEA0F8? 486EFFF0             pea     (-$10,A6)
FFCEA0FC? 4EBAD642             jsr     ($ffce7740,PC)
FFCEA100? 548F                 addq.l  #2, A7
FFCEA102? 1006                 move.b  D6, D0
FFCEA104? 670C                 beq     $ffcea112
FFCEA106? 4267                 clr.w   -(A7)
FFCEA108? 486B0008             pea     ($8,A3)
FFCEA10C? 4EBAF4E2             jsr     ($ffce95f0,PC)
FFCEA110? 548F                 addq.l  #2, A7
FFCEA112? 38BC07C7             move.w  #$7c7, (A4)
FFCEA116? 2007                 move.l  D7, D0
FFCEA118? 8006                 or.b    D6, D0
FFCEA11A? 1D400014             move.b  D0, ($14,A6)
FFCEA11E? 4CDF18E0             movem.l (A7)+, D5-D7/A3-A4
FFCEA122? 4E5E                 unlk    A6
FFCEA124? 4E74000C             rtd     #$c; (1+)
FFCEA128? 00000000             ori.b   #$0, D0
FFCEA12C? 00000000             ori.b   #$0, D0
FFCEA130? 4E56FFF8             link    A6, #-$8
FFCEA134? 48E70718             movem.l D5-D7/A3-A4, -(A7)
FFCEA138? 2A2E000C             move.l  ($c,A6), D5
FFCEA13C? 422E0018             clr.b   ($18,A6)
FFCEA140? 266E0014             movea.l ($14,A6), A3
FFCEA144? 700C                 moveq   #$c, D0
FFCEA146? B0AB0020             cmp.l   ($20,A3), D0
FFCEA14A? 6E000088             bgt     $ffcea1d4
FFCEA14E? 3013                 move.w  (A3), D0
FFCEA150? 48C0                 ext.l   D0
FFCEA152? 2E00                 move.l  D0, D7
FFCEA154? DEAE0014             add.l   ($14,A6), D7
FFCEA158? 2847                 movea.l D7, A4
FFCEA15A? 2045                 movea.l D5, A0
FFCEA15C? 203C61657674         move.l  #$61657674, D0
FFCEA162? B094                 cmp.l   (A4), D0
FFCEA164? 57C0                 seq     D0
FFCEA166? 0CAC000100010004     cmpi.l  #$10001, ($4,A4)
FFCEA16E? 57C1                 seq     D1
FFCEA170? C001                 and.b   D1, D0
FFCEA172? 4400                 neg.b   D0
FFCEA174? 1080                 move.b  D0, (A0)
FFCEA176? 2045                 movea.l D5, A0
FFCEA178? 1010                 move.b  (A0), D0
FFCEA17A? 6764                 beq     $ffcea1e0
FFCEA17C? 2C2B0020             move.l  ($20,A3), D6
FFCEA180? DC87                 add.l   D7, D6
FFCEA182? 5087                 addq.l  #8, D7
FFCEA184? BC87                 cmp.l   D7, D6
FFCEA186? 6F58                 ble     $ffcea1e0
FFCEA188? 2847                 movea.l D7, A4
FFCEA18A? 203C3B3B3B3B         move.l  #$3b3b3b3b, D0
FFCEA190? B094                 cmp.l   (A4), D0
FFCEA192? 6602                 bne     $ffcea196
FFCEA194? 604A                 bra     $ffcea1e0
FFCEA196? 2014                 move.l  (A4), D0
FFCEA198? B0AE0010             cmp.l   ($10,A6), D0
FFCEA19C? 6622                 bne     $ffcea1c0
FFCEA19E? 203C6C6F6E67         move.l  #$6c6f6e67, D0
FFCEA1A4? B0AC0004             cmp.l   ($4,A4), D0
FFCEA1A8? 6636                 bne     $ffcea1e0
FFCEA1AA? 2007                 move.l  D7, D0
FFCEA1AC? 720C                 moveq   #$c, D1
FFCEA1AE? D081                 add.l   D1, D0
FFCEA1B0? 2040                 movea.l D0, A0
FFCEA1B2? 226E0008             movea.l ($8,A6), A1
FFCEA1B6? 2290                 move.l  (A0), (A1)
FFCEA1B8? 1D7C00010018         move.b  #$1, ($18,A6)
FFCEA1BE? 6020                 bra     $ffcea1e0
FFCEA1C0? 202C0008             move.l  ($8,A4), D0
FFCEA1C4? 720C                 moveq   #$c, D1
FFCEA1C6? D081                 add.l   D1, D0
FFCEA1C8? 5280                 addq.l  #1, D0
FFCEA1CA? C0BCFFFFFFFE         and.l   #$fffffffe, D0
FFCEA1D0? DE80                 add.l   D0, D7
FFCEA1D2? 60B0                 bra     $ffcea184
FFCEA1D4? 4AAB0020             tst.l   ($20,A3)
FFCEA1D8? 6606                 bne     $ffcea1e0
FFCEA1DA? 2045                 movea.l D5, A0
FFCEA1DC? 10BC0001             move.b  #$1, (A0)
FFCEA1E0? 4CDF18E0             movem.l (A7)+, D5-D7/A3-A4
FFCEA1E4? 4E5E                 unlk    A6
FFCEA1E6? 4E740010             rtd     #$10; (1+)
FFCEA1EAd 0000000000004E56     dc.b    $00,$00,$00,$00,$00,$00,$4E,$56,$FE,$FC ; |......NV..|
FFCEA1F4? 7000                 moveq   #$0, D0
FFCEA1F6? 2D40FEFC             move.l  D0, (-$104,A6)
FFCEA1FA? 4267                 clr.w   -(A7)
FFCEA1FC? 486EFF04             pea     (-$fc,A6)
FFCEA200? 486EFF00             pea     (-$100,A6)
FFCEA204? 42A7                 clr.l   -(A7)
FFCEA206? 486EFEFC             pea     (-$104,A6)
FFCEA20A? 3F3C0033             move.w  #$33, -(A7)
FFCEA20E? A88F                 _OSDispatch                               ; A-line trap A88F
FFCEA210? 548F                 addq.l  #2, A7
FFCEA212? 4E5E                 unlk    A6
FFCEA214? 4E75                 rts
FFCEA216d 0000000000000000     dc.b    $00,$00,$00,$00,$00,$00,$00,$00,$00,$00,$4E,$56,$FF,$C0 ; |..........NV..|
FFCEA224? 48E70F18             movem.l D4-D7/A3-A4, -(A7)
FFCEA228? 266E001A             movea.l ($1a,A6), A3
FFCEA22C? 7000                 moveq   #$0, D0
FFCEA22E? 2D40FFC4             move.l  D0, (-$3c,A6)
FFCEA232? 2F0B                 move.l  A3, -(A7)
FFCEA234? 205F                 movea.l (A7)+, A0
FFCEA236? A029                 _HLock                                    ; A-line trap A029
FFCEA238? 2853                 movea.l (A3), A4
FFCEA23A? 2F2C003E             move.l  ($3e,A4), -(A7)
FFCEA23E? 486C0046             pea     ($46,A4)
FFCEA242? 486EFFE8             pea     (-$18,A6)
FFCEA246? 4EBAF248             jsr     ($ffce9490,PC)
FFCEA24A? 4AAEFFE8             tst.l   (-$18,A6)
FFCEA24E? 667A                 bne     $ffcea2ca
FFCEA250? 4267                 clr.w   -(A7)
FFCEA252? 2F0B                 move.l  A3, -(A7)
FFCEA254? 2F3C70736E20         move.l  #$70736e20, -(A7)
FFCEA25A? 486EFFC0             pea     (-$40,A6)
FFCEA25E? 4EBA02D0             jsr     ($ffcea530,PC)
FFCEA262? 101F                 move.b  (A7)+, D0
FFCEA264? 674A                 beq     $ffcea2b0
FFCEA266? 4267                 clr.w   -(A7)
FFCEA268? 2F0B                 move.l  A3, -(A7)
FFCEA26A? 2F3C74617267         move.l  #$74617267, -(A7)
FFCEA270? 486EFFC0             pea     (-$40,A6)
FFCEA274? 4EBA02BA             jsr     ($ffcea530,PC)
FFCEA278? 101F                 move.b  (A7)+, D0
FFCEA27A? 6734                 beq     $ffcea2b0
FFCEA27C? 4267                 clr.w   -(A7)
FFCEA27E? 2F0B                 move.l  A3, -(A7)
FFCEA280? 2F3C73736964         move.l  #$73736964, -(A7)
FFCEA286? 486EFFC0             pea     (-$40,A6)
FFCEA28A? 4EBA02A4             jsr     ($ffcea530,PC)
FFCEA28E? 101F                 move.b  (A7)+, D0
FFCEA290? 671E                 beq     $ffcea2b0
FFCEA292? 4267                 clr.w   -(A7)
FFCEA294? 2F0B                 move.l  A3, -(A7)
FFCEA296? 2F3C7369676E         move.l  #$7369676e, -(A7)
FFCEA29C? 486EFFC0             pea     (-$40,A6)
FFCEA2A0? 4EBA028E             jsr     ($ffcea530,PC)
FFCEA2A4? 101F                 move.b  (A7)+, D0
FFCEA2A6? 6708                 beq     $ffcea2b0
FFCEA2A8? 3E3CF94C             move.w  #$f94c, D7
FFCEA2AC? 60000118             bra     $ffcea3c6
FFCEA2B0? 2F2EFFC4             move.l  (-$3c,A6), -(A7)
FFCEA2B4? 205F                 movea.l (A7)+, A0
FFCEA2B6? A029                 _HLock                                    ; A-line trap A029
FFCEA2B8? 2F2EFFC0             move.l  (-$40,A6), -(A7)
FFCEA2BC? 206EFFC4             movea.l (-$3c,A6), A0
FFCEA2C0? 2F10                 move.l  (A0), -(A7)
FFCEA2C2? 486EFFE8             pea     (-$18,A6)
FFCEA2C6? 4EBAF1C8             jsr     ($ffce9490,PC)
FFCEA2CA? 2853                 movea.l (A3), A4
FFCEA2CC? 2D6C0032FFF2         move.l  ($32,A4), (-$e,A6)
FFCEA2D2? 2D6C0036FFFA         move.l  ($36,A4), (-$6,A6)
FFCEA2D8? 082E00000018         btst    #$0, ($18,A6)
FFCEA2DE? 6708                 beq     $ffcea2e8
FFCEA2E0? 3D7C0001FFFE         move.w  #$1, (-$2,A6)
FFCEA2E6? 6004                 bra     $ffcea2ec
FFCEA2E8? 426EFFFE             clr.w   (-$2,A6)
FFCEA2EC? 2A2C003A             move.l  ($3a,A4), D5
FFCEA2F0? 082E00010018         btst    #$1, ($18,A6)
FFCEA2F6? 56C4                 sne     D4
FFCEA2F8? 4404                 neg.b   D4
FFCEA2FA? 082E00070019         btst    #$7, ($19,A6)
FFCEA300? 57C0                 seq     D0
FFCEA302? 4400                 neg.b   D0
FFCEA304? 1D40FFD6             move.b  D0, (-$2a,A6)
FFCEA308? 1004                 move.b  D4, D0
FFCEA30A? 6706                 beq     $ffcea312
FFCEA30C? 08EE0001FFEA         bset    #$1, (-$16,A6)
FFCEA312? 7001                 moveq   #$1, D0
FFCEA314? B06E0014             cmp.w   ($14,A6), D0
FFCEA318? 6606                 bne     $ffcea320
FFCEA31A? 08EE0000FFEB         bset    #$0, (-$15,A6)
FFCEA320? 2053                 movea.l (A3), A0
FFCEA322? 20280042             move.l  ($42,A0), D0
FFCEA326? 7246                 moveq   #$46, D1
FFCEA328? D081                 add.l   D1, D0
FFCEA32A? 2D40FFC8             move.l  D0, (-$38,A6)
FFCEA32E? 42A7                 clr.l   -(A7)
FFCEA330? 2F0B                 move.l  A3, -(A7)
FFCEA332? 4EBA083C             jsr     ($ffceab70,PC)
FFCEA336? 2C1F                 move.l  (A7)+, D6
FFCEA338? 9CAEFFC8             sub.l   (-$38,A6), D6
FFCEA33C? 700C                 moveq   #$c, D0
FFCEA33E? B086                 cmp.l   D6, D0
FFCEA340? 6D02                 blt     $ffcea344
FFCEA342? 7C00                 moveq   #$0, D6
FFCEA344? 422EFFD9             clr.b   (-$27,A6)
FFCEA348? 4267                 clr.w   -(A7)
FFCEA34A? 486EFFF0             pea     (-$10,A6)
FFCEA34E? 2F2EFFEC             move.l  (-$14,A6), -(A7)
FFCEA352? 2F05                 move.l  D5, -(A7)
FFCEA354? 202EFFC8             move.l  (-$38,A6), D0
FFCEA358? D093                 add.l   (A3), D0
FFCEA35A? 2F00                 move.l  D0, -(A7)
FFCEA35C? 2F06                 move.l  D6, -(A7)
FFCEA35E? 2F2EFFE8             move.l  (-$18,A6), -(A7)
FFCEA362? 3F3C0034             move.w  #$34, -(A7)
FFCEA366? A88F                 _OSDispatch                               ; A-line trap A88F
FFCEA368? 3E1F                 move.w  (A7)+, D7
FFCEA36A? 0C47FC6B             cmpi.w  #-$395, D7
FFCEA36E? 57C0                 seq     D0
FFCEA370? C02EFFD6             and.b   (-$2a,A6), D0
FFCEA374? 6706                 beq     $ffcea37c
FFCEA376? 422EFFD6             clr.b   (-$2a,A6)
FFCEA37A? 6006                 bra     $ffcea382
FFCEA37C? 1D7C0001FFD9         move.b  #$1, (-$27,A6)
FFCEA382? 102EFFD9             move.b  (-$27,A6), D0
FFCEA386? 67C0                 beq     $ffcea348
FFCEA388? 4AAEFFC4             tst.l   (-$3c,A6)
FFCEA38C? 6708                 beq     $ffcea396
FFCEA38E? 2F2EFFC4             move.l  (-$3c,A6), -(A7)
FFCEA392? 205F                 movea.l (A7)+, A0
FFCEA394? A023                 _DisposeHandle                            ; A-line trap A023
FFCEA396? 1004                 move.b  D4, D0
FFCEA398? 672C                 beq     $ffcea3c6
FFCEA39A? 4A47                 tst.w   D7
FFCEA39C? 6628                 bne     $ffcea3c6
FFCEA39E? 2D6E0008FFDC         move.l  ($8,A6), (-$24,A6)
FFCEA3A4? 2D45FFE0             move.l  D5, (-$20,A6)
FFCEA3A8? 7000                 moveq   #$0, D0
FFCEA3AA? 2D40FFE4             move.l  D0, (-$1c,A6)
FFCEA3AE? 4267                 clr.w   -(A7)
FFCEA3B0? 486E0010             pea     ($10,A6)
FFCEA3B4? 2F2E000C             move.l  ($c,A6), -(A7)
FFCEA3B8? 487AFB46             pea     ($ffce9f00,PC)
FFCEA3BC? 486EFFDA             pea     (-$26,A6)
FFCEA3C0? 4EBABB5E             jsr     ($ffce5f20,PC)
FFCEA3C4? 3E1F                 move.w  (A7)+, D7
FFCEA3C6? 2F0B                 move.l  A3, -(A7)
FFCEA3C8? 205F                 movea.l (A7)+, A0
FFCEA3CA? A02A                 _HUnlock                                  ; A-line trap A02A
FFCEA3CC? 3D47001E             move.w  D7, ($1e,A6)
FFCEA3D0? 4CDF18F0             movem.l (A7)+, D4-D7/A3-A4
FFCEA3D4? 4E5E                 unlk    A6
FFCEA3D6? 4E740016             rtd     #$16; (1+)
FFCEA3DAd 0000000000004E56     dc.b    $00,$00,$00,$00,$00,$00,$4E,$56,$FF,$E0 ; |......NV..|
FFCEA3E4? 48E70108             movem.l D7/A4, -(A7)
FFCEA3E8? 4247                 clr.w   D7
FFCEA3EA? 486E0010             pea     ($10,A6)
FFCEA3EE? 4EBAB8F0             jsr     ($ffce5ce0,PC)
FFCEA3F2? 4AAE0010             tst.l   ($10,A6)
FFCEA3F6? 6730                 beq     $ffcea428
FFCEA3F8? 4267                 clr.w   -(A7)
FFCEA3FA? 486EFFE0             pea     (-$20,A6)
FFCEA3FE? 2F2E0020             move.l  ($20,A6), -(A7)
FFCEA402? 4EBABC7C             jsr     ($ffce6080,PC)
FFCEA406? 2F3C74696D6F         move.l  #$74696d6f, -(A7)
FFCEA40C? 2F3C6C6F6E67         move.l  #$6c6f6e67, -(A7)
FFCEA412? 486E0010             pea     ($10,A6)
FFCEA416? 7004                 moveq   #$4, D0
FFCEA418? 2F00                 move.l  D0, -(A7)
FFCEA41A? 42A7                 clr.l   -(A7)
FFCEA41C? 7001                 moveq   #$1, D0
FFCEA41E? 2F00                 move.l  D0, -(A7)
FFCEA420? 4EBAEC5E             jsr     ($ffce9080,PC)
FFCEA424? 3E1F                 move.w  (A7)+, D7
FFCEA426? 602A                 bra     $ffcea452
FFCEA428? 4267                 clr.w   -(A7)
FFCEA42A? 486EFFE0             pea     (-$20,A6)
FFCEA42E? 2F2E0020             move.l  ($20,A6), -(A7)
FFCEA432? 4EBABC4C             jsr     ($ffce6080,PC)
FFCEA436? 2F3C72657071         move.l  #$72657071, -(A7)
FFCEA43C? 2F3C74727565         move.l  #$74727565, -(A7)
FFCEA442? 42A7                 clr.l   -(A7)
FFCEA444? 42A7                 clr.l   -(A7)
FFCEA446? 42A7                 clr.l   -(A7)
FFCEA448? 7001                 moveq   #$1, D0
FFCEA44A? 2F00                 move.l  D0, -(A7)
FFCEA44C? 4EBAEC32             jsr     ($ffce9080,PC)
FFCEA450? 3E1F                 move.w  (A7)+, D7
FFCEA452? 4A47                 tst.w   D7
FFCEA454? 6624                 bne     $ffcea47a
FFCEA456? 4267                 clr.w   -(A7)
FFCEA458? 206E0020             movea.l ($20,A6), A0
FFCEA45C? 2F280004             move.l  ($4,A0), -(A7)
FFCEA460? 2F2E0014             move.l  ($14,A6), -(A7)
FFCEA464? 3F2E0018             move.w  ($18,A6), -(A7)
FFCEA468? 2F2E0010             move.l  ($10,A6), -(A7)
FFCEA46C? 2F2E000C             move.l  ($c,A6), -(A7)
FFCEA470? 2F2E0008             move.l  ($8,A6), -(A7)
FFCEA474? 4EBAFDAA             jsr     ($ffcea220,PC)
FFCEA478? 3E1F                 move.w  (A7)+, D7
FFCEA47A? 4A47                 tst.w   D7
FFCEA47C? 66000098             bne     $ffcea516
FFCEA480? 102E001A             move.b  ($1a,A6), D0
FFCEA484? 67000090             beq     $ffcea516
FFCEA488? 206E0020             movea.l ($20,A6), A0
FFCEA48C? 20680004             movea.l ($4,A0), A0
FFCEA490? 2850                 movea.l (A0), A4
FFCEA492? 4267                 clr.w   -(A7)
FFCEA494? 2F3C000000FC         move.l  #$fc, -(A7)
FFCEA49A? 2F3C61657674         move.l  #$61657674, -(A7)
FFCEA4A0? 2F3C616E7372         move.l  #$616e7372, -(A7)
FFCEA4A6? 2F2C003A             move.l  ($3a,A4), -(A7)
FFCEA4AA? 42A7                 clr.l   -(A7)
FFCEA4AC? 2F2E001C             move.l  ($1c,A6), -(A7)
FFCEA4B0? 4EBADB1E             jsr     ($ffce7fd0,PC)
FFCEA4B4? 3E1F                 move.w  (A7)+, D7
FFCEA4B6? 665E                 bne     $ffcea516
FFCEA4B8? 206E001C             movea.l ($1c,A6), A0
FFCEA4BC? 20680004             movea.l ($4,A0), A0
FFCEA4C0? 2850                 movea.l (A0), A4
FFCEA4C2? 297C74617267003E     move.l  #$74617267, ($3e,A4)
FFCEA4CA? 297C000000FC0042     move.l  #$fc, ($42,A4)
FFCEA4D2? 206E0020             movea.l ($20,A6), A0
FFCEA4D6? 20680004             movea.l ($4,A0), A0
FFCEA4DA? 2050                 movea.l (A0), A0
FFCEA4DC? 2968002E002E         move.l  ($2e,A0), ($2e,A4)
FFCEA4E2? 197C00010015         move.b  #$1, ($15,A4)
FFCEA4E8? 2D6E0008FFF2         move.l  ($8,A6), (-$e,A6)
FFCEA4EE? 206E001C             movea.l ($1c,A6), A0
FFCEA4F2? 2D680004FFFA         move.l  ($4,A0), (-$6,A6)
FFCEA4F8? 2D6C003AFFF6         move.l  ($3a,A4), (-$a,A6)
FFCEA4FE? 4267                 clr.w   -(A7)
FFCEA500? 486E0010             pea     ($10,A6)
FFCEA504? 2F2E000C             move.l  ($c,A6), -(A7)
FFCEA508? 487AF9F6             pea     ($ffce9f00,PC)
FFCEA50C? 486EFFF0             pea     (-$10,A6)
FFCEA510? 4EBABA0E             jsr     ($ffce5f20,PC)
FFCEA514? 3E1F                 move.w  (A7)+, D7
FFCEA516? 3D470024             move.w  D7, ($24,A6)
FFCEA51A? 4CDF1080             movem.l (A7)+, D7/A4
FFCEA51E? 4E5E                 unlk    A6
FFCEA520? 4E74001C             rtd     #$1c; (1+)
FFCEA524? 00000000             ori.b   #$0, D0
FFCEA528? 00000000             ori.b   #$0, D0
FFCEA52C? 00000000             ori.b   #$0, D0
FFCEA530? 4E560000             link    A6, #$0
FFCEA534? 2F0C                 move.l  A4, -(A7)
FFCEA536? 206E0010             movea.l ($10,A6), A0
FFCEA53A? 2850                 movea.l (A0), A4
FFCEA53C? 4267                 clr.w   -(A7)
FFCEA53E? 2F2C003E             move.l  ($3e,A4), -(A7)
FFCEA542? 486C0046             pea     ($46,A4)
FFCEA546? 2F2C0042             move.l  ($42,A4), -(A7)
FFCEA54A? 2F2E000C             move.l  ($c,A6), -(A7)
FFCEA54E? 2F2E0008             move.l  ($8,A6), -(A7)
FFCEA552? 4EBAC26C             jsr     ($ffce67c0,PC)
FFCEA556? 4A5F                 tst.w   (A7)+
FFCEA558? 56C0                 sne     D0
FFCEA55A? 4400                 neg.b   D0
FFCEA55C? 1D400014             move.b  D0, ($14,A6)
FFCEA560? 285F                 movea.l (A7)+, A4
FFCEA562? 4E5E                 unlk    A6
FFCEA564? 4E74000C             rtd     #$c; (1+)
FFCEA568? 00000000             ori.b   #$0, D0
FFCEA56C? 00000000             ori.b   #$0, D0
FFCEA570? 4E56FFD4             link    A6, #-$2c
FFCEA574? 2F0C                 move.l  A4, -(A7)
FFCEA576? 2D7C61657674FFF2     move.l  #$61657674, (-$e,A6)
FFCEA57E? 2D7C63616E73FFFA     move.l  #$63616e73, (-$6,A6)
FFCEA586? 426EFFFE             clr.w   (-$2,A6)
FFCEA58A? 2D7C61657674FFD4     move.l  #$61657674, (-$2c,A6)
FFCEA592? 2D7C00010001FFD8     move.l  #$10001, (-$28,A6)
FFCEA59A? 2D7C3B3B3B3BFFEC     move.l  #$3b3b3b3b, (-$14,A6)
FFCEA5A2? 2D7C6265666FFFDC     move.l  #$6265666f, (-$24,A6)
FFCEA5AA? 2D7C6C6F6E67FFE0     move.l  #$6c6f6e67, (-$20,A6)
FFCEA5B2? 7004                 moveq   #$4, D0
FFCEA5B4? 2D40FFE4             move.l  D0, (-$1c,A6)
FFCEA5B8? 2D6E0008FFE8         move.l  ($8,A6), (-$18,A6)
FFCEA5BE? 206E000C             movea.l ($c,A6), A0
FFCEA5C2? 2850                 movea.l (A0), A4
FFCEA5C4? 4267                 clr.w   -(A7)
FFCEA5C6? 486EFFF0             pea     (-$10,A6)
FFCEA5CA? 2F2C0046             move.l  ($46,A4), -(A7)
FFCEA5CE? 2F2C003A             move.l  ($3a,A4), -(A7)
FFCEA5D2? 486EFFD4             pea     (-$2c,A6)
FFCEA5D6? 701C                 moveq   #$1c, D0
FFCEA5D8? 2F00                 move.l  D0, -(A7)
FFCEA5DA? 2F3C00006000         move.l  #$6000, -(A7)
FFCEA5E0? 3F3C0034             move.w  #$34, -(A7)
FFCEA5E4? A88F                 _OSDispatch                               ; A-line trap A88F
FFCEA5E6? 548F                 addq.l  #2, A7
FFCEA5E8? 285F                 movea.l (A7)+, A4
FFCEA5EA? 4E5E                 unlk    A6
FFCEA5EC? 4E740008             rtd     #$8; (1+)
FFCEA5F0? 4E56FF9A             link    A6, #-$66
FFCEA5F4? 48E70F18             movem.l D4-D7/A3-A4, -(A7)
FFCEA5F8? 422E0010             clr.b   ($10,A6)
FFCEA5FC? 703C                 moveq   #$3c, D0
FFCEA5FE? 2D40FFAA             move.l  D0, (-$56,A6)
FFCEA602? 7000                 moveq   #$0, D0
FFCEA604? 2D40FFAE             move.l  D0, (-$52,A6)
FFCEA608? 7000                 moveq   #$0, D0
FFCEA60A? 2D40FFE2             move.l  D0, (-$1e,A6)
FFCEA60E? 4267                 clr.w   -(A7)
FFCEA610? 206E0008             movea.l ($8,A6), A0
FFCEA614? 4868FFE8             pea     (-$18,A0)
FFCEA618? 486EFFAA             pea     (-$56,A6)
FFCEA61C? 3F3C003A             move.w  #$3a, -(A7)
FFCEA620? A88F                 _OSDispatch                               ; A-line trap A88F
FFCEA622? 4A5F                 tst.w   (A7)+
FFCEA624? 66000130             bne     $ffcea756
FFCEA628? 4267                 clr.w   -(A7)
FFCEA62A? 2F3C46524546         move.l  #$46524546, -(A7)
FFCEA630? A99C                 _CountResources                           ; A-line trap A99C
FFCEA632? 3D5FFFEE             move.w  (A7)+, (-$12,A6)
FFCEA636? 3D7C0001FFA8         move.w  #$1, (-$58,A6)
FFCEA63C? 3D6EFFEEFFA6         move.w  (-$12,A6), (-$5a,A6)
FFCEA642? 3C2EFFA8             move.w  (-$58,A6), D6
FFCEA646? 60000106             bra     $ffcea74e
FFCEA64A? 42A7                 clr.l   -(A7)
FFCEA64C? 2F3C46524546         move.l  #$46524546, -(A7)
FFCEA652? 3F06                 move.w  D6, -(A7)
FFCEA654? A99D                 _GetIndResource                           ; A-line trap A99D
FFCEA656? 265F                 movea.l (A7)+, A3
FFCEA658? 200B                 move.l  A3, D0
FFCEA65A? 56C0                 sne     D0
FFCEA65C? 4A00                 tst.b   D0
FFCEA65E? 670000EA             beq     $ffcea74a
FFCEA662? 2053                 movea.l (A3), A0
FFCEA664? 223C4150504C         move.l  #$4150504c, D1
FFCEA66A? B290                 cmp.l   (A0), D1
FFCEA66C? 57C1                 seq     D1
FFCEA66E? C001                 and.b   D1, D0
FFCEA670? 670000D8             beq     $ffcea74a
FFCEA674? 2013                 move.l  (A3), D0
FFCEA676? 5880                 addq.l  #4, D0
FFCEA678? 2040                 movea.l D0, A0
FFCEA67A? 3810                 move.w  (A0), D4
FFCEA67C? 4267                 clr.w   -(A7)
FFCEA67E? 2F3C424E444C         move.l  #$424e444c, -(A7)
FFCEA684? A99C                 _CountResources                           ; A-line trap A99C
FFCEA686? 3D5FFFEC             move.w  (A7)+, (-$14,A6)
FFCEA68A? 3D7C0001FFA4         move.w  #$1, (-$5c,A6)
FFCEA690? 3D6EFFECFFA2         move.w  (-$14,A6), (-$5e,A6)
FFCEA696? 3E2EFFA4             move.w  (-$5c,A6), D7
FFCEA69A? 600000A6             bra     $ffcea742
FFCEA69E? 42A7                 clr.l   -(A7)
FFCEA6A0? 2F3C424E444C         move.l  #$424e444c, -(A7)
FFCEA6A6? 3F07                 move.w  D7, -(A7)
FFCEA6A8? A99D                 _GetIndResource                           ; A-line trap A99D
FFCEA6AA? 265F                 movea.l (A7)+, A3
FFCEA6AC? 200B                 move.l  A3, D0
FFCEA6AE? 56C0                 sne     D0
FFCEA6B0? 4A00                 tst.b   D0
FFCEA6B2? 6700008A             beq     $ffcea73e
FFCEA6B6? 2053                 movea.l (A3), A0
FFCEA6B8? 2210                 move.l  (A0), D1
FFCEA6BA? B2AEFFBE             cmp.l   (-$42,A6), D1
FFCEA6BE? 57C1                 seq     D1
FFCEA6C0? C001                 and.b   D1, D0
FFCEA6C2? 677A                 beq     $ffcea73e
FFCEA6C4? 2848                 movea.l A0, A4
FFCEA6C6? 5C8C                 addq.l  #6, A4
FFCEA6C8? 3D54FFF2             move.w  (A4), (-$e,A6)
FFCEA6CC? 548C                 addq.l  #2, A4
FFCEA6CE? 426EFFA0             clr.w   (-$60,A6)
FFCEA6D2? 3D6EFFF2FF9E         move.w  (-$e,A6), (-$62,A6)
FFCEA6D8? 3E2EFFA0             move.w  (-$60,A6), D7
FFCEA6DC? 605A                 bra     $ffcea738
FFCEA6DE? 203C46524546         move.l  #$46524546, D0
FFCEA6E4? B094                 cmp.l   (A4), D0
FFCEA6E6? 663E                 bne     $ffcea726
FFCEA6E8? 588C                 addq.l  #4, A4
FFCEA6EA? 3D54FFF0             move.w  (A4), (-$10,A6)
FFCEA6EE? 548C                 addq.l  #2, A4
FFCEA6F0? 426EFF9C             clr.w   (-$64,A6)
FFCEA6F4? 3D6EFFF0FF9A         move.w  (-$10,A6), (-$66,A6)
FFCEA6FA? 3A2EFF9C             move.w  (-$64,A6), D5
FFCEA6FE? 601E                 bra     $ffcea71e
FFCEA700? B854                 cmp.w   (A4), D4
FFCEA702? 6614                 bne     $ffcea718
FFCEA704? 1D7C00010010         move.b  #$1, ($10,A6)
FFCEA70A? 200C                 move.l  A4, D0
FFCEA70C? 5480                 addq.l  #2, D0
FFCEA70E? 2040                 movea.l D0, A0
FFCEA710? 226E000C             movea.l ($c,A6), A1
FFCEA714? 3290                 move.w  (A0), (A1)
FFCEA716? 603E                 bra     $ffcea756
FFCEA718? 588C                 addq.l  #4, A4
FFCEA71A? 5245                 addq.w  #1, D5
FFCEA71C? 6938                 bvs     $ffcea756
FFCEA71E? BA6EFF9A             cmp.w   (-$66,A6), D5
FFCEA722? 6FDC                 ble     $ffcea700
FFCEA724? 6030                 bra     $ffcea756
FFCEA726? 588C                 addq.l  #4, A4
FFCEA728? 3014                 move.w  (A4), D0
FFCEA72A? E540                 asl.w   #2, D0
FFCEA72C? 48C0                 ext.l   D0
FFCEA72E? D08C                 add.l   A4, D0
FFCEA730? 2840                 movea.l D0, A4
FFCEA732? 5C8C                 addq.l  #6, A4
FFCEA734? 5247                 addq.w  #1, D7
FFCEA736? 6906                 bvs     $ffcea73e
FFCEA738? BE6EFF9E             cmp.w   (-$62,A6), D7
FFCEA73C? 6FA0                 ble     $ffcea6de
FFCEA73E? 5247                 addq.w  #1, D7
FFCEA740? 6908                 bvs     $ffcea74a
FFCEA742? BE6EFFA2             cmp.w   (-$5e,A6), D7
FFCEA746? 6F00FF56             ble     $ffcea69e
FFCEA74A? 5246                 addq.w  #1, D6
FFCEA74C? 6908                 bvs     $ffcea756
FFCEA74E? BC6EFFA6             cmp.w   (-$5a,A6), D6
FFCEA752? 6F00FEF6             ble     $ffcea64a
FFCEA756? 4CDF18F0             movem.l (A7)+, D4-D7/A3-A4
FFCEA75A? 4E5E                 unlk    A6
FFCEA75C? 4E740008             rtd     #$8; (1+)
FFCEA760? 4E56FFDA             link    A6, #-$26
FFCEA764? 48E70118             movem.l D7/A3-A4, -(A7)
FFCEA768? 286E0008             movea.l ($8,A6), A4
FFCEA76C? 7000                 moveq   #$0, D0
FFCEA76E? 2640                 movea.l D0, A3
FFCEA770? 4267                 clr.w   -(A7)
FFCEA772? 486EFFDA             pea     (-$26,A6)
FFCEA776? 2F2E0008             move.l  ($8,A6), -(A7)
FFCEA77A? 4EBAFE74             jsr     ($ffcea5f0,PC)
FFCEA77E? 101F                 move.b  (A7)+, D0
FFCEA780? 670000CA             beq     $ffcea84c
FFCEA784? 42A7                 clr.l   -(A7)
FFCEA786? 2F3C5349434E         move.l  #$5349434e, -(A7)
FFCEA78C? 3F2EFFDA             move.w  (-$26,A6), -(A7)
FFCEA790? A9A0                 _GetResource                              ; A-line trap A9A0
FFCEA792? 265F                 movea.l (A7)+, A3
FFCEA794? 200B                 move.l  A3, D0
FFCEA796? 671A                 beq     $ffcea7b2
FFCEA798? 4267                 clr.w   -(A7)
FFCEA79A? 2F0B                 move.l  A3, -(A7)
FFCEA79C? 4EBA0412             jsr     ($ffceabb0,PC)
FFCEA7A0? 195FFFAC             move.b  (A7)+, (-$54,A4)
FFCEA7A4? 2F0B                 move.l  A3, -(A7)
FFCEA7A6? 205F                 movea.l (A7)+, A0
FFCEA7A8? A04A                 _HNoPurge                                 ; A-line trap A04A
FFCEA7AA? 422CFFAB             clr.b   (-$55,A4)
FFCEA7AE? 6000009C             bra     $ffcea84c
FFCEA7B2? 42A7                 clr.l   -(A7)
FFCEA7B4? 2F3C49434E23         move.l  #$49434e23, -(A7)
FFCEA7BA? 3F2EFFDA             move.w  (-$26,A6), -(A7)
FFCEA7BE? A9A0                 _GetResource                              ; A-line trap A9A0
FFCEA7C0? 2E1F                 move.l  (A7)+, D7
FFCEA7C2? 67000088             beq     $ffcea84c
FFCEA7C6? 4267                 clr.w   -(A7)
FFCEA7C8? 2F07                 move.l  D7, -(A7)
FFCEA7CA? 4EBA03E4             jsr     ($ffceabb0,PC)
FFCEA7CE? 195FFFAC             move.b  (A7)+, (-$54,A4)
FFCEA7D2? 2F07                 move.l  D7, -(A7)
FFCEA7D4? 205F                 movea.l (A7)+, A0
FFCEA7D6? A029                 _HLock                                    ; A-line trap A029
FFCEA7D8? 42A7                 clr.l   -(A7)
FFCEA7DA? 7020                 moveq   #$20, D0
FFCEA7DC? 2F00                 move.l  D0, -(A7)
FFCEA7DE? 4EBA0360             jsr     ($ffceab40,PC)
FFCEA7E2? 265F                 movea.l (A7)+, A3
FFCEA7E4? 200B                 move.l  A3, D0
FFCEA7E6? 675A                 beq     $ffcea842
FFCEA7E8? 2F0B                 move.l  A3, -(A7)
FFCEA7EA? 205F                 movea.l (A7)+, A0
FFCEA7EC? A029                 _HLock                                    ; A-line trap A029
FFCEA7EE? 486EFFE2             pea     (-$1e,A6)
FFCEA7F2? 42A7                 clr.l   -(A7)
FFCEA7F4? 2F3C00200020         move.l  #$200020, -(A7)
FFCEA7FA? A8A7                 _SetRect                                  ; A-line trap A8A7
FFCEA7FC? 3D7C0004FFE0         move.w  #$4, (-$20,A6)
FFCEA802? 2047                 movea.l D7, A0
FFCEA804? 2D50FFDC             move.l  (A0), (-$24,A6)
FFCEA808? 486EFFF0             pea     (-$10,A6)
FFCEA80C? 42A7                 clr.l   -(A7)
FFCEA80E? 2F3C00100010         move.l  #$100010, -(A7)
FFCEA814? A8A7                 _SetRect                                  ; A-line trap A8A7
FFCEA816? 3D7C0002FFEE         move.w  #$2, (-$12,A6)
FFCEA81C? 2D53FFEA             move.l  (A3), (-$16,A6)
FFCEA820? 486EFFDC             pea     (-$24,A6)
FFCEA824? 486EFFEA             pea     (-$16,A6)
FFCEA828? 486EFFE2             pea     (-$1e,A6)
FFCEA82C? 486EFFF0             pea     (-$10,A6)
FFCEA830? 4267                 clr.w   -(A7)
FFCEA832? 42A7                 clr.l   -(A7)
FFCEA834? A8EC                 _CopyBits                                 ; A-line trap A8EC
FFCEA836? 2F0B                 move.l  A3, -(A7)
FFCEA838? 205F                 movea.l (A7)+, A0
FFCEA83A? A02A                 _HUnlock                                  ; A-line trap A02A
FFCEA83C? 197C0001FFAB         move.b  #$1, (-$55,A4)
FFCEA842? 2F07                 move.l  D7, -(A7)
FFCEA844? 1F2CFFAC             move.b  (-$54,A4), -(A7)
FFCEA848? 4EBA0376             jsr     ($ffceabc0,PC)
FFCEA84C? 2D4B000C             move.l  A3, ($c,A6)
FFCEA850? 4CDF1880             movem.l (A7)+, D7/A3-A4
FFCEA854? 4E5E                 unlk    A6
FFCEA856? 4E740004             rtd     #$4; (1+)
FFCEA85Ad 0000000000004E56     dc.b    $00,$00,$00,$00,$00,$00,$4E,$56,$FF,$96 ; |......NV..|
FFCEA864? 48E70108             movem.l D7/A4, -(A7)
FFCEA868? 286E000C             movea.l ($c,A6), A4
FFCEA86C? 4247                 clr.w   D7
FFCEA86E? 486E0010             pea     ($10,A6)
FFCEA872? 4EBAB46C             jsr     ($ffce5ce0,PC)
FFCEA876? 4267                 clr.w   -(A7)
FFCEA878? 486EFFF0             pea     (-$10,A6)
FFCEA87C? 70FF                 moveq   #-$1, D0
FFCEA87E? 2F00                 move.l  D0, -(A7)
FFCEA880? 3F3C0039             move.w  #$39, -(A7)
FFCEA884? A88F                 _OSDispatch                               ; A-line trap A88F
FFCEA886? 548F                 addq.l  #2, A7
FFCEA888? 4267                 clr.w   -(A7)
FFCEA88A? 486EFFE8             pea     (-$18,A6)
FFCEA88E? 3F3C0037             move.w  #$37, -(A7)
FFCEA892? A88F                 _OSDispatch                               ; A-line trap A88F
FFCEA894? 548F                 addq.l  #2, A7
FFCEA896? 4267                 clr.w   -(A7)
FFCEA898? 486EFFF0             pea     (-$10,A6)
FFCEA89C? 486EFFE8             pea     (-$18,A6)
FFCEA8A0? 486EFFBF             pea     (-$41,A6)
FFCEA8A4? 3F3C003D             move.w  #$3d, -(A7)
FFCEA8A8? A88F                 _OSDispatch                               ; A-line trap A88F
FFCEA8AA? 548F                 addq.l  #2, A7
FFCEA8AC? 2D7C63616E69FFBA     move.l  #$63616e69, (-$46,A6)
FFCEA8B4? 422EFFC1             clr.b   (-$3f,A6)
FFCEA8B8? 4267                 clr.w   -(A7)
FFCEA8BA? 486EFFA2             pea     (-$5e,A6)
FFCEA8BE? 4EBAB300             jsr     ($ffce5bc0,PC)
FFCEA8C2? 548F                 addq.l  #2, A7
FFCEA8C4? 2F2EFFA6             move.l  (-$5a,A6), -(A7)
FFCEA8C8? 486EFFAA             pea     (-$56,A6)
FFCEA8CC? 486EFFF8             pea     (-$8,A6)
FFCEA8D0? 4EBAB53E             jsr     ($ffce5e10,PC)
FFCEA8D4? 4A2EFFAA             tst.b   (-$56,A6)
FFCEA8D8? 670000A8             beq     $ffcea982
FFCEA8DC? 4267                 clr.w   -(A7)
FFCEA8DE? 486EFFAD             pea     (-$53,A6)
FFCEA8E2? 4EBAB29C             jsr     ($ffce5b80,PC)
FFCEA8E6? 548F                 addq.l  #2, A7
FFCEA8E8? 4267                 clr.w   -(A7)
FFCEA8EA? 486EFF9A             pea     (-$66,A6)
FFCEA8EE? 486EFFA2             pea     (-$5e,A6)
FFCEA8F2? 4EBAB78C             jsr     ($ffce6080,PC)
FFCEA8F6? 2F3C696E7465         move.l  #$696e7465, -(A7)
FFCEA8FC? 2F3C656E756D         move.l  #$656e756d, -(A7)
FFCEA902? 486EFFB6             pea     (-$4a,A6)
FFCEA906? 486EFFBA             pea     (-$46,A6)
FFCEA90A? 7004                 moveq   #$4, D0
FFCEA90C? 2F00                 move.l  D0, -(A7)
FFCEA90E? 486EFFB2             pea     (-$4e,A6)
FFCEA912? 4EBAD14C             jsr     ($ffce7a60,PC)
FFCEA916? 548F                 addq.l  #2, A7
FFCEA918? 203C6E657669         move.l  #$6e657669, D0
FFCEA91E? B0AEFFBA             cmp.l   (-$46,A6), D0
FFCEA922? 67000184             beq     $ffceaaa8
FFCEA926? 206EFFA6             movea.l (-$5a,A6), A0
FFCEA92A? 2050                 movea.l (A0), A0
FFCEA92C? 2D48FF96             move.l  A0, (-$6a,A6)
FFCEA930? 7003                 moveq   #$3, D0
FFCEA932? B02EFFAA             cmp.b   (-$56,A6), D0
FFCEA936? 57C0                 seq     D0
FFCEA938? 7204                 moveq   #$4, D1
FFCEA93A? B22EFFAA             cmp.b   (-$56,A6), D1
FFCEA93E? 57C1                 seq     D1
FFCEA940? 8001                 or.b    D1, D0
FFCEA942? 673E                 beq     $ffcea982
FFCEA944? 4A2EFFAD             tst.b   (-$53,A6)
FFCEA948? 6700015E             beq     $ffceaaa8
FFCEA94C? 7003                 moveq   #$3, D0
FFCEA94E? B02EFFAA             cmp.b   (-$56,A6), D0
FFCEA952? 6624                 bne     $ffcea978
FFCEA954? 4240                 clr.w   D0
FFCEA956? 102EFFBD             move.b  (-$43,A6), D0
FFCEA95A? 7273                 moveq   #$73, D1
FFCEA95C? B240                 cmp.w   D0, D1
FFCEA95E? 6622                 bne     $ffcea982
FFCEA960? 4267                 clr.w   -(A7)
FFCEA962? 486EFFF0             pea     (-$10,A6)
FFCEA966? 486EFFF8             pea     (-$8,A6)
FFCEA96A? 486EFFC1             pea     (-$3f,A6)
FFCEA96E? 3F3C003D             move.w  #$3d, -(A7)
FFCEA972? A88F                 _OSDispatch                               ; A-line trap A88F
FFCEA974? 548F                 addq.l  #2, A7
FFCEA976? 600A                 bra     $ffcea982
FFCEA978? 7002                 moveq   #$2, D0
FFCEA97A? B02EFFAD             cmp.b   (-$53,A6), D0
FFCEA97E? 66000128             bne     $ffceaaa8
FFCEA982? 102EFFBF             move.b  (-$41,A6), D0
FFCEA986? 66000124             bne     $ffceaaac
FFCEA98A? 4AAE0010             tst.l   ($10,A6)
FFCEA98E? 6608                 bne     $ffcea998
FFCEA990? 3E3CF950             move.w  #$f950, D7
FFCEA994? 60000116             bra     $ffceaaac
FFCEA998? 102EFFC1             move.b  (-$3f,A6), D0
FFCEA99C? 675A                 beq     $ffcea9f8
FFCEA99E? 700F                 moveq   #$f, D0
FFCEA9A0? 2D40FFAE             move.l  D0, (-$52,A6)
FFCEA9A4? 202E0010             move.l  ($10,A6), D0
FFCEA9A8? B0AEFFAE             cmp.l   (-$52,A6), D0
FFCEA9AC? 6C06                 bge     $ffcea9b4
FFCEA9AE? 2D6E0010FFAE         move.l  ($10,A6), (-$52,A6)
FFCEA9B4? 202EFFAE             move.l  (-$52,A6), D0
FFCEA9B8? 91AE0010             sub.l   D0, ($10,A6)
FFCEA9BC? 2F2EFFA6             move.l  (-$5a,A6), -(A7)
FFCEA9C0? 42A7                 clr.l   -(A7)
FFCEA9C2? A975                 _TickCount                                ; A-line trap A975
FFCEA9C4? 202EFFAE             move.l  (-$52,A6), D0
FFCEA9C8? D09F                 add.l   (A7)+, D0
FFCEA9CA? 2F00                 move.l  D0, -(A7)
FFCEA9CC? 4EBAFBA2             jsr     ($ffcea570,PC)
FFCEA9D0? 4267                 clr.w   -(A7)
FFCEA9D2? 486EFFAE             pea     (-$52,A6)
FFCEA9D6? 2F2E0008             move.l  ($8,A6), -(A7)
FFCEA9DA? 42A7                 clr.l   -(A7)
FFCEA9DC? 42A7                 clr.l   -(A7)
FFCEA9DE? 4EBAB540             jsr     ($ffce5f20,PC)
FFCEA9E2? 3E1F                 move.w  (A7)+, D7
FFCEA9E4? 0C47F950             cmpi.w  #-$6b0, D7
FFCEA9E8? 6606                 bne     $ffcea9f0
FFCEA9EA? 422EFFC1             clr.b   (-$3f,A6)
FFCEA9EE? 6008                 bra     $ffcea9f8
FFCEA9F0? 202EFFAE             move.l  (-$52,A6), D0
FFCEA9F4? D1AE0010             add.l   D0, ($10,A6)
FFCEA9F8? 102EFFC1             move.b  (-$3f,A6), D0
FFCEA9FC? 6716                 beq     $ffceaa14
FFCEA9FE? 206EFFA6             movea.l (-$5a,A6), A0
FFCEAA02? 2050                 movea.l (A0), A0
FFCEAA04? 41E8001E             lea     ($1e,A0), A0
FFCEAA08? 43EEFFF8             lea     (-$8,A6), A1
FFCEAA0C? 20D9                 move.l  (A1)+, (A0)+
FFCEAA0E? 20D9                 move.l  (A1)+, (A0)+
FFCEAA10? 6000009A             bra     $ffceaaac
FFCEAA14? 200C                 move.l  A4, D0
FFCEAA16? 6638                 bne     $ffceaa50
FFCEAA18? 3D7C0008FFC6         move.w  #$8, (-$3a,A6)
FFCEAA1E? 3D7C0001FFD0         move.w  #$1, (-$30,A6)
FFCEAA24? 42A7                 clr.l   -(A7)
FFCEAA26? 2F0E                 move.l  A6, -(A7)
FFCEAA28? 4EBAFD36             jsr     ($ffcea760,PC)
FFCEAA2C? 2D5FFFD2             move.l  (A7)+, (-$2e,A6)
FFCEAA30? 6608                 bne     $ffceaa3a
FFCEAA32? 70FF                 moveq   #-$1, D0
FFCEAA34? 2D40FFD6             move.l  D0, (-$2a,A6)
FFCEAA38? 6006                 bra     $ffceaa40
FFCEAA3A? 7000                 moveq   #$0, D0
FFCEAA3C? 2D40FFD6             move.l  D0, (-$2a,A6)
FFCEAA40? 7000                 moveq   #$0, D0
FFCEAA42? 2D40FFDA             move.l  D0, (-$26,A6)
FFCEAA46? 7000                 moveq   #$0, D0
FFCEAA48? 2D40FFDE             move.l  D0, (-$22,A6)
FFCEAA4C? 49EEFFC2             lea     (-$3e,A6), A4
FFCEAA50? 4267                 clr.w   -(A7)
FFCEAA52? 2F0C                 move.l  A4, -(A7)
FFCEAA54? 205F                 movea.l (A7)+, A0
FFCEAA56? A05E                 _NMInstall                                ; A-line trap A05E
FFCEAA58? 3E80                 move.w  D0, (A7)
FFCEAA5A? 548F                 addq.l  #2, A7
FFCEAA5C? 4267                 clr.w   -(A7)
FFCEAA5E? 486E0010             pea     ($10,A6)
FFCEAA62? 2F2E0008             move.l  ($8,A6), -(A7)
FFCEAA66? 42A7                 clr.l   -(A7)
FFCEAA68? 42A7                 clr.l   -(A7)
FFCEAA6A? 4EBAB4B4             jsr     ($ffce5f20,PC)
FFCEAA6E? 3E1F                 move.w  (A7)+, D7
FFCEAA70? 4267                 clr.w   -(A7)
FFCEAA72? 2F0C                 move.l  A4, -(A7)
FFCEAA74? 205F                 movea.l (A7)+, A0
FFCEAA76? A05F                 _NMRemove                                 ; A-line trap A05F
FFCEAA78? 3E80                 move.w  D0, (A7)
FFCEAA7A? 548F                 addq.l  #2, A7
FFCEAA7C? 41EEFFC2             lea     (-$3e,A6), A0
FFCEAA80? B1CC                 cmpa.l  A4, A0
FFCEAA82? 6628                 bne     $ffceaaac
FFCEAA84? 4AAEFFD2             tst.l   (-$2e,A6)
FFCEAA88? 6722                 beq     $ffceaaac
FFCEAA8A? 102EFFAB             move.b  (-$55,A6), D0
FFCEAA8E? 670A                 beq     $ffceaa9a
FFCEAA90? 2F2EFFD2             move.l  (-$2e,A6), -(A7)
FFCEAA94? 205F                 movea.l (A7)+, A0
FFCEAA96? A023                 _DisposeHandle                            ; A-line trap A023
FFCEAA98? 6012                 bra     $ffceaaac
FFCEAA9A? 2F2EFFD2             move.l  (-$2e,A6), -(A7)
FFCEAA9E? 1F2EFFAC             move.b  (-$54,A6), -(A7)
FFCEAAA2? 4EBA011C             jsr     ($ffceabc0,PC)
FFCEAAA6? 6004                 bra     $ffceaaac
FFCEAAA8? 3E3CF94F             move.w  #$f94f, D7
FFCEAAAC? 3D470014             move.w  D7, ($14,A6)
FFCEAAB0? 4CDF1080             movem.l (A7)+, D7/A4
FFCEAAB4? 4E5E                 unlk    A6
FFCEAAB6? 4E74000C             rtd     #$c; (1+)
FFCEAABAd 0000000000004E56     dc.b    $00,$00,$00,$00,$00,$00,$4E,$56,$FF,$F0 ; |......NV..|
FFCEAAC4? 2F0C                 move.l  A4, -(A7)
FFCEAAC6? 3D7CF953000C         move.w  #$f953, ($c,A6)
FFCEAACC? 206E0008             movea.l ($8,A6), A0
FFCEAAD0? 4AA80004             tst.l   ($4,A0)
FFCEAAD4? 6760                 beq     $ffceab36
FFCEAAD6? 20680004             movea.l ($4,A0), A0
FFCEAADA? 2850                 movea.l (A0), A4
FFCEAADC? 203C61657674         move.l  #$61657674, D0
FFCEAAE2? B0AC0032             cmp.l   ($32,A4), D0
FFCEAAE6? 664E                 bne     $ffceab36
FFCEAAE8? 203C616E7372         move.l  #$616e7372, D0
FFCEAAEE? B0AC0036             cmp.l   ($36,A4), D0
FFCEAAF2? 6642                 bne     $ffceab36
FFCEAAF4? 203C73736964         move.l  #$73736964, D0
FFCEAAFA? B0AC003E             cmp.l   ($3e,A4), D0
FFCEAAFE? 6636                 bne     $ffceab36
FFCEAB00? 2D7C61657674FFF2     move.l  #$61657674, (-$e,A6)
FFCEAB08? 2D7C77616974FFFA     move.l  #$77616974, (-$6,A6)
FFCEAB10? 426EFFFE             clr.w   (-$2,A6)
FFCEAB14? 4267                 clr.w   -(A7)
FFCEAB16? 486EFFF0             pea     (-$10,A6)
FFCEAB1A? 2F2C0046             move.l  ($46,A4), -(A7)
FFCEAB1E? 2F2C003A             move.l  ($3a,A4), -(A7)
FFCEAB22? 42A7                 clr.l   -(A7)
FFCEAB24? 42A7                 clr.l   -(A7)
FFCEAB26? 2F3C00006000         move.l  #$6000, -(A7)
FFCEAB2C? 3F3C0034             move.w  #$34, -(A7)
FFCEAB30? A88F                 _OSDispatch                               ; A-line trap A88F
FFCEAB32? 3D5F000C             move.w  (A7)+, ($c,A6)
FFCEAB36? 285F                 movea.l (A7)+, A4
FFCEAB38? 4E5E                 unlk    A6
FFCEAB3A? 4E740004             rtd     #$4; (1+)
FFCEAB3E? 0000225F             ori.b   #$5f, D0
FFCEAB42? 201F                 move.l  (A7)+, D0
FFCEAB44? A122                 _NewHandle                                ; A-line trap A122
FFCEAB46? 2E88                 move.l  A0, (A7)
FFCEAB48? 4ED1                 jmp     (A1)
FFCEAB4A? 00000000             ori.b   #$0, D0
FFCEAB4E? 0000225F             ori.b   #$5f, D0
FFCEAB52? 201F                 move.l  (A7)+, D0
FFCEAB54? A322                 _NewHandleClear                           ; A-line trap A322
FFCEAB56? 2E88                 move.l  A0, (A7)
FFCEAB58? 4ED1                 jmp     (A1)
FFCEAB5A? 00000000             ori.b   #$0, D0
FFCEAB5E? 0000225F             ori.b   #$5f, D0
FFCEAB62? 201F                 move.l  (A7)+, D0
FFCEAB64? A722                 _NewHandleSysClear                        ; A-line trap A722
FFCEAB66? 2E88                 move.l  A0, (A7)
FFCEAB68? 4ED1                 jmp     (A1)
FFCEAB6A? 00000000             ori.b   #$0, D0
FFCEAB6E? 0000225F             ori.b   #$5f, D0
FFCEAB72? 205F                 movea.l (A7)+, A0
FFCEAB74? A025                 _GetHandleSize                            ; A-line trap A025
FFCEAB76? 2E80                 move.l  D0, (A7)
FFCEAB78? 6A02                 bpl     $ffceab7c
FFCEAB7A? 4297                 clr.l   (A7)
FFCEAB7C? 4ED1                 jmp     (A1)
FFCEAB7E? 0000225F             ori.b   #$5f, D0
FFCEAB82? 201F                 move.l  (A7)+, D0
FFCEAB84? 205F                 movea.l (A7)+, A0
FFCEAB86? A024                 _SetHandleSize                            ; A-line trap A024
FFCEAB88? 4ED1                 jmp     (A1)
FFCEAB8A? 00000000             ori.b   #$0, D0
FFCEAB8E? 0000221F             ori.b   #$1f, D0
FFCEAB92? 201F                 move.l  (A7)+, D0
FFCEAB94? 225F                 movea.l (A7)+, A1
FFCEAB96? 205F                 movea.l (A7)+, A0
FFCEAB98? A02E                 _BlockMove                                ; A-line trap A02E
FFCEAB9A? 2241                 movea.l D1, A1
FFCEAB9C? 4ED1                 jmp     (A1)
FFCEAB9E? 0000225F             ori.b   #$5f, D0
FFCEABA2? 205F                 movea.l (A7)+, A0
FFCEABA4? 301F                 move.w  (A7)+, D0
FFCEABA6? A030                 _OSEventAvail                             ; A-line trap A030
FFCEABA8? 5240                 addq.w  #1, D0
FFCEABAA? 1E80                 move.b  D0, (A7)
FFCEABAC? 4ED1                 jmp     (A1)
FFCEABAE? 0000225F             ori.b   #$5f, D0
FFCEABB2? 205F                 movea.l (A7)+, A0
FFCEABB4? A069                 _HGetState                                ; A-line trap A069
FFCEABB6? 1E80                 move.b  D0, (A7)
FFCEABB8? 4ED1                 jmp     (A1)
FFCEABBA? 00000000             ori.b   #$0, D0
FFCEABBE? 0000225F             ori.b   #$5f, D0
FFCEABC2? 101F                 move.b  (A7)+, D0
FFCEABC4? 205F                 movea.l (A7)+, A0
FFCEABC6? A06A                 _HSetState                                ; A-line trap A06A
FFCEABC8? 4ED1                 jmp     (A1)
FFCEABCA? 00000000             ori.b   #$0, D0
FFCEABCE? 0000206F             ori.b   #$6f, D0
FFCEABD2? 00042050             ori.b   #$50, D4
FFCEABD6? A9E1                 _HandToHand                               ; A-line trap A9E1
FFCEABD8? 226F0004             movea.l ($4,A7), A1
FFCEABDC? 2288                 move.l  A0, (A1)
FFCEABDE? 3F400008             move.w  D0, ($8,A7)
FFCEABE2? 2E9F                 move.l  (A7)+, (A7)
FFCEABE4? 4E75                 rts
FFCEABE6d 0000000000000000     dc.b    $00,$00,$00,$00,$00,$00,$00,$00,$00,$00,$20,$6F,$00,$0C ; |.......... o..|
FFCEABF4? 202F0004             move.l  ($4,A7), D0
FFCEABF8? A9E3                 _PtrToHand                                ; A-line trap A9E3
FFCEABFA? 3F400010             move.w  D0, ($10,A7)
FFCEABFE? 226F0008             movea.l ($8,A7), A1
FFCEAC02? 2288                 move.l  A0, (A1)
FFCEAC04? 205F                 movea.l (A7)+, A0
FFCEAC06? 4FEF000C             lea     ($c,A7), A7
FFCEAC0A? 4ED0                 jmp     (A0)
FFCEAC0C? 00000000             ori.b   #$0, D0
FFCEAC10? 202F0004             move.l  ($4,A7), D0
FFCEAC14? 226F0008             movea.l ($8,A7), A1
FFCEAC18? 206F000C             movea.l ($c,A7), A0
FFCEAC1C? A9EF                 _PtrAndHand                               ; A-line trap A9EF
FFCEAC1E? 3F400010             move.w  D0, ($10,A7)
FFCEAC22? 205F                 movea.l (A7)+, A0
FFCEAC24? 4FEF000C             lea     ($c,A7), A7
FFCEAC28? 4ED0                 jmp     (A0)
FFCEAC2Ad 000000000000206F     dc.b    $00,$00,$00,$00,$00,$00,$20,$6F,$00,$04,$20,$2F,$00,$08 ; |...... o.. /..|
FFCEAC38? 4267                 clr.w   -(A7)
FFCEAC3A? A9EE                 _DecStr68K                                ; A-line trap A9EE
FFCEAC3C? 205F                 movea.l (A7)+, A0
FFCEAC3E? 504F                 addq.w  #8, A7
FFCEAC40? 4ED0                 jmp     (A0)
FFCEAC42d 0000000000000000     dc.b    $00,$00,$00,$00,$00,$00,$00,$00,$00,$00,$00,$00,$00,$00,$20,$5F ; |.............. _|
FFCEAC52d 741FC45F6008         dc.b    $74,$1F,$C4,$5F,$60,$08           ; |t.._`.|
FFCEAC58? 205F                 movea.l (A7)+, A0
FFCEAC5A? 741F                 moveq   #$1f, D2
FFCEAC5C? C45F                 and.w   (A7)+, D2
FFCEAC5E? E14A                 lsl.w   #8, D2
FFCEAC60? 6132                 bsr     $ffceac94
FFCEAC62? 4257                 clr.w   (A7)
FFCEAC64? C042                 and.w   D2, D0
FFCEAC66? 6702                 beq     $ffceac6a
FFCEAC68? 5217                 addq.b  #1, (A7)
FFCEAC6A? 4ED0                 jmp     (A0)
FFCEAC6C? 611A                 bsr     $ffceac88
FFCEAC6E? E209                 lsr.b   #1, D1
FFCEAC70? 6506                 bcs     $ffceac78
FFCEAC72? 4642                 not.w   D2
FFCEAC74? C042                 and.w   D2, D0
FFCEAC76? 3400                 move.w  D0, D2
FFCEAC78? 8042                 or.w    D2, D0
FFCEAC7A? 3F00                 move.w  D0, -(A7)
FFCEAC7C? 4857                 pea     (A7)
FFCEAC7E? 3F3C0001             move.w  #$1, -(A7)
FFCEAC82? A9EB                 _FP68K                                    ; A-line trap A9EB
FFCEAC84? 548F                 addq.l  #2, A7
FFCEAC86? 4ED0                 jmp     (A0)
FFCEAC88? 225F                 movea.l (A7)+, A1
FFCEAC8A? 205F                 movea.l (A7)+, A0
FFCEAC8C? 121F                 move.b  (A7)+, D1
FFCEAC8E? 741F                 moveq   #$1f, D2
FFCEAC90? C45F                 and.w   (A7)+, D2
FFCEAC92? 2F09                 move.l  A1, -(A7)
FFCEAC94? 558F                 subq.l  #2, A7
FFCEAC96? 4857                 pea     (A7)
FFCEAC98? 3F3C0003             move.w  #$3, -(A7)
FFCEAC9C? A9EB                 _FP68K                                    ; A-line trap A9EB
FFCEAC9E? 301F                 move.w  (A7)+, D0
FFCEACA0? 4E75                 rts
FFCEACA2? 205F                 movea.l (A7)+, A0
FFCEACA4? 61EE                 bsr     $ffceac94
FFCEACA6? 02409FFF             andi.w  #$9fff, D0
FFCEACAA? 341F                 move.w  (A7)+, D2
FFCEACAC? EB4A                 lsl.w   #5, D2
FFCEACAE? 02426000             andi.w  #$6000, D2
FFCEACB2? 60C4                 bra     $ffceac78
FFCEACB4? 61D2                 bsr     $ffceac88
FFCEACB6? E14A                 lsl.w   #8, D2
FFCEACB8? E209                 lsr.b   #1, D1
FFCEACBA? 64B6                 bcc     $ffceac72
FFCEACBC? 3200                 move.w  D0, D1
FFCEACBE? 0241E0FF             andi.w  #$e0ff, D1
FFCEACC2? 8242                 or.w    D2, D1
FFCEACC4? 3F01                 move.w  D1, -(A7)
FFCEACC6? 4857                 pea     (A7)
FFCEACC8? 3F3C0001             move.w  #$1, -(A7)
FFCEACCC? A9EB                 _FP68K                                    ; A-line trap A9EB
FFCEACCE? 548F                 addq.l  #2, A7
FFCEACD0? 3F00                 move.w  D0, -(A7)
FFCEACD2? 2F08                 move.l  A0, -(A7)
FFCEACD4? 4EFA004A             jmp     ($ffcead20,PC)
FFCEACD8? 205F                 movea.l (A7)+, A0
FFCEACDA? 61B8                 bsr     $ffceac94
FFCEACDC? E758                 rol.w   #3, D0
FFCEACDE? 6016                 bra     $ffceacf6
FFCEACE0? 205F                 movea.l (A7)+, A0
FFCEACE2? 61B0                 bsr     $ffceac94
FFCEACE4? 0200009F             andi.b  #$9f, D0
FFCEACE8? 7400                 moveq   #$0, D2
FFCEACEA? 141F                 move.b  (A7)+, D2
FFCEACEC? EB4A                 lsl.w   #5, D2
FFCEACEE? 6088                 bra     $ffceac78
FFCEACF0? 205F                 movea.l (A7)+, A0
FFCEACF2? 61A0                 bsr     $ffceac94
FFCEACF4? EA08                 lsr.b   #5, D0
FFCEACF6? 02000003             andi.b  #$3, D0
FFCEACFA? 1E80                 move.b  D0, (A7)
FFCEACFC? 4ED0                 jmp     (A0)
FFCEACFE? 0000205F             ori.b   #$5f, D0
FFCEAD02? 4857                 pea     (A7)
FFCEAD04? 3F3C0001             move.w  #$1, -(A7)
FFCEAD08? A9EB                 _FP68K                                    ; A-line trap A9EB
FFCEAD0A? 548F                 addq.l  #2, A7
FFCEAD0C? 4ED0                 jmp     (A0)
FFCEAD0E? 0000205F             ori.b   #$5f, D0
FFCEAD12? 3F3C0003             move.w  #$3, -(A7)
FFCEAD16? A9EB                 _FP68K                                    ; A-line trap A9EB
FFCEAD18? 4ED0                 jmp     (A0)
FFCEAD1A? 00000000             ori.b   #$0, D0
FFCEAD1E? 0000205F             ori.b   #$5f, D0
FFCEAD22? 4857                 pea     (A7)
FFCEAD24? 3F3C0019             move.w  #$19, -(A7)
FFCEAD28? A9EB                 _FP68K                                    ; A-line trap A9EB
FFCEAD2A? 548F                 addq.l  #2, A7
FFCEAD2C? 4ED0                 jmp     (A0)
FFCEAD2E? 00004CDF             ori.b   #$df, D0
FFCEAD32? 0301                 btst    D1, D1
FFCEAD34? 4857                 pea     (A7)
FFCEAD36? 48E700C0             movem.l A0-A1, -(A7)
FFCEAD3A? 3F3C000B             move.w  #$b, -(A7)
FFCEAD3E? A9EB                 _FP68K                                    ; A-line trap A9EB
FFCEAD40? 588F                 addq.l  #4, A7
FFCEAD42? 2040                 movea.l D0, A0
FFCEAD44? 4ED0                 jmp     (A0)
FFCEAD46? 00000000             ori.b   #$0, D0
FFCEAD4A? 00000000             ori.b   #$0, D0
FFCEAD4E? 0000205F             ori.b   #$5f, D0
FFCEAD52? 241F                 move.l  (A7)+, D2
FFCEAD54? 2217                 move.l  (A7), D1
FFCEAD56? 48E76000             movem.l D1-D2, -(A7)
FFCEAD5A? 3F3C0009             move.w  #$9, -(A7)
FFCEAD5E? A9EB                 _FP68K                                    ; A-line trap A9EB
FFCEAD60? 4ED0                 jmp     (A0)
FFCEAD62? 00000000             ori.b   #$0, D0
FFCEAD66? 00000000             ori.b   #$0, D0
FFCEAD6A? 00000000             ori.b   #$0, D0
FFCEAD6E? 0000205F             ori.b   #$5f, D0
FFCEAD72? 486F0004             pea     ($4,A7)
FFCEAD76? 3F3C2010             move.w  #$2010, -(A7)
FFCEAD7A? A9EB                 _FP68K                                    ; A-line trap A9EB
FFCEAD7C? 4ED0                 jmp     (A0)
FFCEAD7E? 0000205F             ori.b   #$5f, D0
FFCEAD82? 486F0004             pea     ($4,A7)
FFCEAD86? 3F3C2810             move.w  #$2810, -(A7)
FFCEAD8A? A9EB                 _FP68K                                    ; A-line trap A9EB
FFCEAD8C? 4ED0                 jmp     (A0)
FFCEAD8E? 00004CDF             ori.b   #$df, D0
FFCEAD92? 0300                 btst    D1, D0
FFCEAD94? 240F                 move.l  A7, D2
FFCEAD96? 594F                 subq.w  #4, A7
FFCEAD98? 2F09                 move.l  A1, -(A7)
FFCEAD9A? 486F0004             pea     ($4,A7)
FFCEAD9E? 3F3C1010             move.w  #$1010, -(A7)
FFCEADA2? A9EB                 _FP68K                                    ; A-line trap A9EB
FFCEADA4? 4857                 pea     (A7)
FFCEADA6? 2F02                 move.l  D2, -(A7)
FFCEADA8? 3F3C101C             move.w  #$101c, -(A7)
FFCEADAC? A9EB                 _FP68K                                    ; A-line trap A9EB
FFCEADAE? 584F                 addq.w  #4, A7
FFCEADB0? 6020                 bra     $ffceadd2
FFCEADB2? 4CDF0300             movem.l (A7)+, A0-A1
FFCEADB6? 240F                 move.l  A7, D2
FFCEADB8? 514F                 subq.w  #8, A7
FFCEADBA? 2F09                 move.l  A1, -(A7)
FFCEADBC? 486F0004             pea     ($4,A7)
FFCEADC0? 3F3C0810             move.w  #$810, -(A7)
FFCEADC4? A9EB                 _FP68K                                    ; A-line trap A9EB
FFCEADC6? 4857                 pea     (A7)
FFCEADC8? 2F02                 move.l  D2, -(A7)
FFCEADCA? 3F3C081C             move.w  #$81c, -(A7)
FFCEADCE? A9EB                 _FP68K                                    ; A-line trap A9EB
FFCEADD0? 504F                 addq.w  #8, A7
FFCEADD2? 3017                 move.w  (A7), D0
FFCEADD4? 48C0                 ext.l   D0
FFCEADD6? 6B04                 bmi     $ffceaddc
FFCEADD8? 5300                 subq.b  #1, D0
FFCEADDA? 6002                 bra     $ffceadde
FFCEADDC? 4600                 not.b   D0
FFCEADDE? 1E80                 move.b  D0, (A7)
FFCEADE0? 4ED0                 jmp     (A0)
FFCEADE2? 4CDF0300             movem.l (A7)+, A0-A1
FFCEADE6? 240F                 move.l  A7, D2
FFCEADE8? 9EFC000A             suba.w  #$a, A7
FFCEADEC? 2F09                 move.l  A1, -(A7)
FFCEADEE? 486F0004             pea     ($4,A7)
FFCEADF2? 3F3C3010             move.w  #$3010, -(A7)
FFCEADF6? A9EB                 _FP68K                                    ; A-line trap A9EB
FFCEADF8? 4857                 pea     (A7)
FFCEADFA? 486F0004             pea     ($4,A7)
FFCEADFE? 3F3C300E             move.w  #$300e, -(A7)
FFCEAE02? A9EB                 _FP68K                                    ; A-line trap A9EB
FFCEAE04? 4857                 pea     (A7)
FFCEAE06? 2F02                 move.l  D2, -(A7)
FFCEAE08? 3F3C001C             move.w  #$1c, -(A7)
FFCEAE0C? A9EB                 _FP68K                                    ; A-line trap A9EB
FFCEAE0E? 4FEF000A             lea     ($a,A7), A7
FFCEAE12? 60BE                 bra     $ffceadd2
FFCEAE14? 205F                 movea.l (A7)+, A0
FFCEAE16? 486F0004             pea     ($4,A7)
FFCEAE1A? 3F3C001C             move.w  #$1c, -(A7)
FFCEAE1E? A9EB                 _FP68K                                    ; A-line trap A9EB
FFCEAE20? 60B0                 bra     $ffceadd2
FFCEAE22? 00000000             ori.b   #$0, D0
FFCEAE26? 00000000             ori.b   #$0, D0
FFCEAE2A? 00000000             ori.b   #$0, D0
FFCEAE2E? 0000205F             ori.b   #$5f, D0
FFCEAE32? 486F0004             pea     ($4,A7)
FFCEAE36? 3F3C1010             move.w  #$1010, -(A7)
FFCEAE3A? A9EB                 _FP68K                                    ; A-line trap A9EB
FFCEAE3C? 4ED0                 jmp     (A0)
FFCEAE3E? 0000205F             ori.b   #$5f, D0
FFCEAE42? 2F2F0004             move.l  ($4,A7), -(A7)
FFCEAE46? 3F3C0810             move.w  #$810, -(A7)
FFCEAE4A? A9EB                 _FP68K                                    ; A-line trap A9EB
FFCEAE4C? 4ED0                 jmp     (A0)
FFCEAE4E? 0000205F             ori.b   #$5f, D0
FFCEAE52? 2F2F0004             move.l  ($4,A7), -(A7)
FFCEAE56? 3F3C3010             move.w  #$3010, -(A7)
FFCEAE5A? A9EB                 _FP68K                                    ; A-line trap A9EB
FFCEAE5C? 4ED0                 jmp     (A0)
FFCEAE5Ed 00004EFA004E         dc.b    $00,$00,$4E,$FA,$00,$4E           ; |..N..N|
FFCEAE64? 00000000             ori.b   #$0, D0
FFCEAE68? 00000000             ori.b   #$0, D0
FFCEAE6C? 00000000             ori.b   #$0, D0
FFCEAE70? 4CD70301             movem.l (A7), D0/A0-A1
FFCEAE74? 2F00                 move.l  D0, -(A7)
FFCEAE76? 486F0010             pea     ($10,A7)
FFCEAE7A? 48E700C0             movem.l A0-A1, -(A7)
FFCEAE7E? 7003                 moveq   #$3, D0
FFCEAE80? 3F00                 move.w  D0, -(A7)
FFCEAE82? A9EE                 _DecStr68K                                ; A-line trap A9EE
FFCEAE84? 2057                 movea.l (A7), A0
FFCEAE86? DEFC0014             adda.w  #$14, A7
FFCEAE8A? 4ED0                 jmp     (A0)
FFCEAE8C? 4CEF03030004         movem.l ($4,A7), D0-D1/A0-A1
FFCEAE92? 48E7C0C0             movem.l D0-D1/A0-A1, -(A7)
FFCEAE96? 7002                 moveq   #$2, D0
FFCEAE98? 60E6                 bra     $ffceae80
FFCEAE9A? 4CEF03030004         movem.l ($4,A7), D0-D1/A0-A1
FFCEAEA0? 48E7C0C0             movem.l D0-D1/A0-A1, -(A7)
FFCEAEA4? 7004                 moveq   #$4, D0
FFCEAEA6? 60D8                 bra     $ffceae80
FFCEAEA8? 00000000             ori.b   #$0, D0
FFCEAEAC? 00000000             ori.b   #$0, D0
FFCEAEB0? 4CDF0303             movem.l (A7)+, D0-D1/A0-A1
FFCEAEB4? 2F00                 move.l  D0, -(A7)
FFCEAEB6? 4E56FFE2             link    A6, #-$1e
FFCEAEBA? 2D49FFFC             move.l  A1, (-$4,A6)
FFCEAEBE? 486EFFFC             pea     (-$4,A6)
FFCEAEC2? 2F08                 move.l  A0, -(A7)
FFCEAEC4? 486EFFE2             pea     (-$1e,A6)
FFCEAEC8? 3F3C000B             move.w  #$b, -(A7)
FFCEAECC? A9EB                 _FP68K                                    ; A-line trap A9EB
FFCEAECE? 0C6E013FFFE6         cmpi.w  #$13f, (-$1a,A6)
FFCEAED4? 6608                 bne     $ffceaede
FFCEAED6? 7013                 moveq   #$13, D0
FFCEAED8? 2D40FFFC             move.l  D0, (-$4,A6)
FFCEAEDC? 60E0                 bra     $ffceaebe
FFCEAEDE? 2F09                 move.l  A1, -(A7)
FFCEAEE0? 486EFFE2             pea     (-$1e,A6)
FFCEAEE4? 2F01                 move.l  D1, -(A7)
FFCEAEE6? 6100FF88             bsr     $ffceae70
FFCEAEEA? 4E5E                 unlk    A6
FFCEAEEC? 4E75                 rts
FFCEAEEEd 0000780000000000     dc.b    $00,$00,$78,$00,$00,$00,$00,$00,$00,$00,$00,$0E,$50,$F0 ; |..x.........P.|
