; ============================================================================
; ROM resource 'sift' -16561  at FFD053F0
; ============================================================================
; data at ROM 1053F0 (2BD2 bytes), entry at 107FC0, attributes 58, combo 7800000000000000
; data header: 4b757274 c0a00000 00002bd2 00000304
; 68k code resource, disassembled from its start (entry points: offset 0, driver
; header entries for DRVR, and executed addresses).
;
; Columns: address, flag, raw bytes, instruction, ; comment.
;   flag '*' executed in the coverage run, ' ' reached by control flow,
;   '?' decodes as code but neither executed nor reached, 'd' data.

FFD053F0  4E56FFFC             link    A6, #-$4
FFD053F4  48E71718             movem.l D3/D5-D7/A3-A4, -(A7)
FFD053F8  266E000C             movea.l ($c,A6), A3
FFD053FC  3E2B0002             move.w  ($2,A3), D7
FFD05400  4205                 clr.b   D5
FFD05402  4A47                 tst.w   D7
FFD05404  6C5A                 bge     loc_FFD05460
FFD05406  48C7                 ext.l   D7
FFD05408  2007                 move.l  D7, D0
FFD0540A  72FB                 moveq   #-$5, D1
FFD0540C  9081                 sub.l   D1, D0
FFD0540E  6B48                 bmi     loc_FFD05458
FFD05410  0C8000000004         cmpi.l  #$4, D0
FFD05416  6E40                 bgt     loc_FFD05458
FFD05418  D080                 add.l   D0, D0
FFD0541A  303B0806             move.w  ($6,PC,D0.l), D0
FFD0541E  4EFB0000             jmp     (PC,D0.w)
FFD05422d 000C                 dc.b    $00,$0C                           ; |..|
FFD05424? 00140020             ori.b   #$20, (A4)
FFD05428? 002800307000         ori.b   #$30, ($7000,A0)
FFD0542E? 2840                 movea.l D0, A4
FFD05430? 600000D4             bra     loc_FFD05506
FFD05434d 2D7C000200000010     dc.b    $2D,$7C,$00,$02,$00,$00,$00,$10,$60,$00,$01,$3A ; |-|......`..:|
FFD05440? 3E2B0004             move.w  ($4,A3), D7
FFD05444? 7A01                 moveq   #$1, D5
FFD05446? 60BA                 bra     $ffd05402
FFD05448d 49FA039C600000B8     dc.b    $49,$FA,$03,$9C,$60,$00,$00,$B8,$49,$FA,$02,$A6,$60,$00,$00,$B0 ; |I...`...I...`...|
loc_FFD05458:
FFD05458  7000                 moveq   #$0, D0
FFD0545A  2840                 movea.l D0, A4
FFD0545C  600000A8             bra     loc_FFD05506
loc_FFD05460:
FFD05460  0C470100             cmpi.w  #$100, D7
FFD05464  6C44                 bge     loc_FFD054AA
FFD05466  3007                 move.w  D7, D0
FFD05468  5340                 subq.w  #1, D0
FFD0546A  6B38                 bmi     loc_FFD054A4
FFD0546C  0C400004             cmpi.w  #$4, D0
FFD05470  6E32                 bgt     loc_FFD054A4
FFD05472  D040                 add.w   D0, D0
FFD05474  303B0006             move.w  ($6,PC,D0.w), D0
FFD05478  4EFB0000             jmp     (PC,D0.w)
FFD0547Cd 000C                 dc.b    $00,$0C                           ; |..|
FFD0547E? 00120018             ori.b   #$18, (A2)
FFD05482? 001E0024             ori.b   #$24, (A6)+
FFD05486? 7000                 moveq   #$0, D0
FFD05488? 2840                 movea.l D0, A4
FFD0548A? 607A                 bra     loc_FFD05506
FFD0548Cd 70002840607449FA     dc.b    $70,$00,$28,$40,$60,$74,$49,$FA,$04,$D0,$60,$6E,$49,$FA,$11,$3A ; |p.(@`tI...`nI..:|
FFD0549Cd 606849FA03AC6062     dc.b    $60,$68,$49,$FA,$03,$AC,$60,$62   ; |`hI...`b|
loc_FFD054A4:
FFD054A4  7000                 moveq   #$0, D0
FFD054A6  2840                 movea.l D0, A4
FFD054A8  605C                 bra     loc_FFD05506
loc_FFD054AA:
FFD054AA  3007                 move.w  D7, D0
FFD054AC  04400101             subi.w  #$101, D0
FFD054B0  6B50                 bmi     loc_FFD05502
FFD054B2  0C400007             cmpi.w  #$7, D0
FFD054B6  6E4A                 bgt     loc_FFD05502
FFD054B8  D040                 add.w   D0, D0
FFD054BA  303B0006             move.w  ($6,PC,D0.w), D0
FFD054BE  4EFB0000             jmp     (PC,D0.w)
FFD054C2d 00120018001E0024     dc.b    $00,$12,$00,$18,$00,$1E,$00,$24,$00,$2A,$00,$30,$00,$36,$00,$3C ; |.......$.*.0.6.<|
FFD054D2d 49FA08BE602E49FA     dc.b    $49,$FA,$08,$BE,$60,$2E,$49,$FA,$09,$E6,$60,$28,$49,$FA,$04,$A4 ; |I...`.I...`(I...|
FFD054E2d 602249FA0516601C     dc.b    $60,$22,$49,$FA,$05,$16,$60,$1C,$49,$FA,$06,$02,$60,$16,$49,$FA ; |`"I...`.I...`.I.|
FFD054F2d 0650601049FA0700     dc.b    $06,$50,$60,$10,$49,$FA,$07,$00,$60,$0A,$49,$FA,$07,$4E,$60,$04 ; |.P`.I...`.I..N`.|
loc_FFD05502:
FFD05502  387CFFFF             movea.w #$ffff, A4
loc_FFD05506:
FFD05506  4A05                 tst.b   D5
FFD05508  6720                 beq     loc_FFD0552A
FFD0550A  7601                 moveq   #$1, D3
FFD0550C  200C                 move.l  A4, D0
FFD0550E  670A                 beq     loc_FFD0551A
FFD05510  B9FCFFFFFFFF         cmpa.l  #$ffffffff, A4
FFD05516  6702                 beq     loc_FFD0551A
FFD05518  7600                 moveq   #$0, D3
loc_FFD0551A:
FFD0551A  4A03                 tst.b   D3
FFD0551C  6704                 beq     loc_FFD05522
FFD0551E  7000                 moveq   #$0, D0
FFD05520  6002                 bra     loc_FFD05524
loc_FFD05522:
FFD05522  7001                 moveq   #$1, D0
loc_FFD05524:
FFD05524  49C0                 extb.l  D0; (2+)
FFD05526  2C00                 move.l  D0, D6
FFD05528  604A                 bra     loc_FFD05574
loc_FFD0552A:
FFD0552A  200C                 move.l  A4, D0
FFD0552C  6608                 bne     loc_FFD05536
FFD0552E  2C3C80008002         move.l  #$80008002, D6
FFD05534  603E                 bra     loc_FFD05574
loc_FFD05536:
FFD05536  B9FCFFFFFFFF         cmpa.l  #$ffffffff, A4
FFD0553C  6626                 bne     loc_FFD05564
FFD0553E  598F                 subq.l  #4, A7
FFD05540  2F2E0008             move.l  ($8,A6), -(A7)
FFD05544  7000                 moveq   #$0, D0
FFD05546  2F00                 move.l  D0, -(A7)
FFD05548  486EFFFC             pea     (-$4,A6)
FFD0554C  4EBA0416             jsr     (sub_FFD05964,PC)
FFD05550  2C1F                 move.l  (A7)+, D6
FFD05552  6620                 bne     loc_FFD05574
FFD05554  598F                 subq.l  #4, A7
FFD05556  2F0B                 move.l  A3, -(A7)
FFD05558  2F2EFFFC             move.l  (-$4,A6), -(A7)
FFD0555C  7024                 moveq   #$24, D0
FFD0555E  A82A                 _ComponentDispatch                        ; A-line trap A82A
FFD05560  2C1F                 move.l  (A7)+, D6
FFD05562  6010                 bra     loc_FFD05574
loc_FFD05564:
FFD05564  598F                 subq.l  #4, A7
FFD05566  2F2E0008             move.l  ($8,A6), -(A7)
FFD0556A  2F0B                 move.l  A3, -(A7)
FFD0556C  2F0C                 move.l  A4, -(A7)
FFD0556E  70FF                 moveq   #-$1, D0
FFD05570  A82A                 _ComponentDispatch                        ; A-line trap A82A
FFD05572  2C1F                 move.l  (A7)+, D6
loc_FFD05574:
FFD05574  2D460010             move.l  D6, ($10,A6)
FFD05578  4CEE18E8FFE4         movem.l (-$1c,A6), D3/D5-D7/A3-A4
FFD0557E  4E5E                 unlk    A6
FFD05580  4E740008             rtd     #$8; (1+)
FFD05584? 4E560000             link    A6, #$0
FFD05588? 48E70108             movem.l D7/A4, -(A7)
FFD0558C? 202E000C             move.l  ($c,A6), D0
FFD05590? A122                 _NewHandle                                ; A-line trap A122
FFD05592? 2848                 movea.l A0, A4
FFD05594? 200C                 move.l  A4, D0
FFD05596? 6716                 beq     $ffd055ae
FFD05598? 4247                 clr.w   D7
FFD0559A? A162                 _PurgeSpace                               ; A-line trap A162
FFD0559C? 2008                 move.l  A0, D0
FFD0559E? 0C8000008000         cmpi.l  #$8000, D0
FFD055A4? 6C10                 bge     $ffd055b6
FFD055A6? 204C                 movea.l A4, A0
FFD055A8? A023                 _DisposeHandle                            ; A-line trap A023
FFD055AA? 7E94                 moveq   #-$6c, D7
FFD055AC? 6008                 bra     $ffd055b6
FFD055AE? 558F                 subq.l  #2, A7
FFD055B0? 3EB80220             move.w  $220.w, (A7)                      ; CurIOTrap
FFD055B4? 3E1F                 move.w  (A7)+, D7
FFD055B6? 4A47                 tst.w   D7
FFD055B8? 660C                 bne     $ffd055c6
FFD055BA? 204C                 movea.l A4, A0
FFD055BC? A064                 _MoveHHi                                  ; A-line trap A064
FFD055BE? A029                 _HLock                                    ; A-line trap A029
FFD055C0? 206E0008             movea.l ($8,A6), A0
FFD055C4? 208C                 move.l  A4, (A0)
FFD055C6? 3007                 move.w  D7, D0
FFD055C8? 4CEE1080FFF8         movem.l (-$8,A6), D7/A4
FFD055CE? 4E5E                 unlk    A6
FFD055D0? 4E75                 rts
FFD055D2? 4E56FFF8             link    A6, #-$8
FFD055D6? 48E70318             movem.l D6-D7/A3-A4, -(A7)
FFD055DA? 2E2E000C             move.l  ($c,A6), D7
FFD055DE? 2007                 move.l  D7, D0
FFD055E0? A440                 _ResrvMemSys                              ; A-line trap A440
FFD055E2? 2007                 move.l  D7, D0
FFD055E4? A522                 _NewHandleSys                             ; A-line trap A522
FFD055E6? 2848                 movea.l A0, A4
FFD055E8? 200C                 move.l  A4, D0
FFD055EA? 67000084             beq     $ffd05670
FFD055EE? 4247                 clr.w   D7
FFD055F0? 207802B6             movea.l $2b6.w, A0                        ; BasicGlob
FFD055F4? 2C2801AE             move.l  ($1ae,A0), D6
FFD055F8? 207802B6             movea.l $2b6.w, A0                        ; BasicGlob
FFD055FC? 4A680128             tst.w   ($128,A0)
FFD05600? 674E                 beq     $ffd05650
FFD05602? 558F                 subq.l  #2, A7
FFD05604? 7000                 moveq   #$0, D0
FFD05606? 2F00                 move.l  D0, -(A7)
FFD05608? 486EFFFC             pea     (-$4,A6)
FFD0560C? 3F3C0047             move.w  #$47, -(A7)
FFD05610? A88F                 _OSDispatch                               ; A-line trap A88F
FFD05612? 4A5F                 tst.w   (A7)+
FFD05614? 6706                 beq     $ffd0561c
FFD05616? 7000                 moveq   #$0, D0
FFD05618? 2D40FFFC             move.l  D0, (-$4,A6)
FFD0561C? BCAEFFFC             cmp.l   (-$4,A6), D6
FFD05620? 6356                 bls     $ffd05678
FFD05622? 558F                 subq.l  #2, A7
FFD05624? 486EFFF8             pea     (-$8,A6)
FFD05628? 7000                 moveq   #$0, D0
FFD0562A? 2F00                 move.l  D0, -(A7)
FFD0562C? 3F3C0047             move.w  #$47, -(A7)
FFD05630? A88F                 _OSDispatch                               ; A-line trap A88F
FFD05632? 4A5F                 tst.w   (A7)+
FFD05634? 6706                 beq     $ffd0563c
FFD05636? 7000                 moveq   #$0, D0
FFD05638? 2D40FFF8             move.l  D0, (-$8,A6)
FFD0563C? 202EFFFC             move.l  (-$4,A6), D0
FFD05640? D0AEFFF8             add.l   (-$8,A6), D0
FFD05644? BC80                 cmp.l   D0, D6
FFD05646? 6F30                 ble     $ffd05678
FFD05648? 204C                 movea.l A4, A0
FFD0564A? A023                 _DisposeHandle                            ; A-line trap A023
FFD0564C? 7E94                 moveq   #-$6c, D7
FFD0564E? 6028                 bra     $ffd05678
FFD05650? A562                 _PurgeSpaceSys                            ; A-line trap A562
FFD05652? 2008                 move.l  A0, D0
FFD05654? BC80                 cmp.l   D0, D6
FFD05656? 6F20                 ble     $ffd05678
FFD05658? 2006                 move.l  D6, D0
FFD0565A? A522                 _NewHandleSys                             ; A-line trap A522
FFD0565C? 2648                 movea.l A0, A3
FFD0565E? 200B                 move.l  A3, D0
FFD05660? 6706                 beq     $ffd05668
FFD05662? 204B                 movea.l A3, A0
FFD05664? A023                 _DisposeHandle                            ; A-line trap A023
FFD05666? 6010                 bra     $ffd05678
FFD05668? 204C                 movea.l A4, A0
FFD0566A? A023                 _DisposeHandle                            ; A-line trap A023
FFD0566C? 7E94                 moveq   #-$6c, D7
FFD0566E? 6008                 bra     $ffd05678
FFD05670? 558F                 subq.l  #2, A7
FFD05672? 3EB80220             move.w  $220.w, (A7)                      ; CurIOTrap
FFD05676? 3E1F                 move.w  (A7)+, D7
FFD05678? 4A47                 tst.w   D7
FFD0567A? 660A                 bne     $ffd05686
FFD0567C? 204C                 movea.l A4, A0
FFD0567E? A029                 _HLock                                    ; A-line trap A029
FFD05680? 206E0008             movea.l ($8,A6), A0
FFD05684? 208C                 move.l  A4, (A0)
FFD05686? 3007                 move.w  D7, D0
FFD05688? 4CEE18C0FFE8         movem.l (-$18,A6), D6-D7/A3-A4
FFD0568E? 4E5E                 unlk    A6
FFD05690? 4E75                 rts
FFD05692? 4E56FFFC             link    A6, #-$4
FFD05696? 48E70308             movem.l D6-D7/A4, -(A7)
FFD0569A? 286E0014             movea.l ($14,A6), A4
FFD0569E? 2C2E0008             move.l  ($8,A6), D6
FFD056A2? 7E94                 moveq   #-$6c, D7
FFD056A4? 4A14                 tst.b   (A4)
FFD056A6? 660E                 bne     $ffd056b6
FFD056A8? 2F06                 move.l  D6, -(A7)
FFD056AA? 486EFFFC             pea     (-$4,A6)
FFD056AE? 4EBAFF22             jsr     ($ffd055d2,PC)
FFD056B2? 3E00                 move.w  D0, D7
FFD056B4? 504F                 addq.w  #8, A7
FFD056B6? 4A47                 tst.w   D7
FFD056B8? 6714                 beq     $ffd056ce
FFD056BA? 2F06                 move.l  D6, -(A7)
FFD056BC? 486EFFFC             pea     (-$4,A6)
FFD056C0? 4EBAFEC2             jsr     ($ffd05584,PC)
FFD056C4? 3E00                 move.w  D0, D7
FFD056C6? 504F                 addq.w  #8, A7
FFD056C8? 6604                 bne     $ffd056ce
FFD056CA? 18BC0001             move.b  #$1, (A4)
FFD056CE? 4A47                 tst.w   D7
FFD056D0? 661A                 bne     $ffd056ec
FFD056D2? 206E000C             movea.l ($c,A6), A0
FFD056D6? 20AEFFFC             move.l  (-$4,A6), (A0)
FFD056DA? 206EFFFC             movea.l (-$4,A6), A0
FFD056DE? 2010                 move.l  (A0), D0
FFD056E0? A055                 _StripAddress                             ; A-line trap A055
FFD056E2? 206E0010             movea.l ($10,A6), A0
FFD056E6? 2080                 move.l  D0, (A0)
FFD056E8? 7000                 moveq   #$0, D0
FFD056EA? 6002                 bra     $ffd056ee
FFD056EC? 3007                 move.w  D7, D0
FFD056EE? 4CEE10C0FFF0         movem.l (-$10,A6), D6-D7/A4
FFD056F4? 4E5E                 unlk    A6
FFD056F6? 4E75                 rts
FFD056F8? 4E56FFF6             link    A6, #-$a
FFD056FC? 48E70308             movem.l D6-D7/A4, -(A7)
FFD05700? 286E0008             movea.l ($8,A6), A4
FFD05704? 4247                 clr.w   D7
FFD05706? 598F                 subq.l  #4, A7
FFD05708? 2F0C                 move.l  A4, -(A7)
FFD0570A? 700E                 moveq   #$e, D0
FFD0570C? A82A                 _ComponentDispatch                        ; A-line trap A82A
FFD0570E? 2C1F                 move.l  (A7)+, D6
FFD05710? 6606                 bne     $ffd05718
FFD05712? 422EFFFF             clr.b   (-$1,A6)
FFD05716? 6006                 bra     $ffd0571e
FFD05718? 1D7C0001FFFF         move.b  #$1, (-$1,A6)
FFD0571E? 486EFFFF             pea     (-$1,A6)
FFD05722? 486EFFF6             pea     (-$a,A6)
FFD05726? 486EFFFA             pea     (-$6,A6)
FFD0572A? 4878063A             pea     $63a.w
FFD0572E? 4EBAFF62             jsr     ($ffd05692,PC)
FFD05732? 3E00                 move.w  D0, D7
FFD05734? 4FEF0010             lea     ($10,A7), A7
FFD05738? 6600009A             bne     $ffd057d4
FFD0573C? 4A2EFFFF             tst.b   (-$1,A6)
FFD05740? 6708                 beq     $ffd0574a
FFD05742? 598F                 subq.l  #4, A7
FFD05744? 2EB80904             move.l  $904.w, (A7)                      ; CurrentA5
FFD05748? 2C1F                 move.l  (A7)+, D6
FFD0574A? 206EFFF6             movea.l (-$a,A6), A0
FFD0574E? 303C063A             move.w  #$63a, D0
FFD05752? 6002                 bra     $ffd05756
FFD05754? 4218                 clr.b   (A0)+
FFD05756? 51C8FFFC             dbra    D0, $ffd05754
FFD0575A? 206EFFF6             movea.l (-$a,A6), A0
FFD0575E? 216EFFFA061C         move.l  (-$6,A6), ($61c,A0)
FFD05764? 206EFFF6             movea.l (-$a,A6), A0
FFD05768? 21460620             move.l  D6, ($620,A0)
FFD0576C? 206EFFF6             movea.l (-$a,A6), A0
FFD05770? 41E80020             lea     ($20,A0), A0
FFD05774? 2008                 move.l  A0, D0
FFD05776? A055                 _StripAddress                             ; A-line trap A055
FFD05778? 206EFFF6             movea.l (-$a,A6), A0
FFD0577C? 21400520             move.l  D0, ($520,A0)
FFD05780? 206EFFF6             movea.l (-$a,A6), A0
FFD05784? 41E80494             lea     ($494,A0), A0
FFD05788? 2008                 move.l  A0, D0
FFD0578A? A055                 _StripAddress                             ; A-line trap A055
FFD0578C? 206EFFF6             movea.l (-$a,A6), A0
FFD05790? 21400524             move.l  D0, ($524,A0)
FFD05794? 206EFFF6             movea.l (-$a,A6), A0
FFD05798? 41E804D0             lea     ($4d0,A0), A0
FFD0579C? 226EFFF6             movea.l (-$a,A6), A1
FFD057A0? 234805DC             move.l  A0, ($5dc,A1)
FFD057A4? 2F2EFFF6             move.l  (-$a,A6), -(A7)
FFD057A8? 4EBA0774             jsr     ($ffd05f1e,PC)
FFD057AC? 3E00                 move.w  D0, D7
FFD057AE? 584F                 addq.w  #4, A7
FFD057B0? 661C                 bne     $ffd057ce
FFD057B2? 206EFFF6             movea.l (-$a,A6), A0
FFD057B6? 317C00010626         move.w  #$1, ($626,A0)
FFD057BC? 2F0C                 move.l  A4, -(A7)
FFD057BE? 2F2EFFF6             move.l  (-$a,A6), -(A7)
FFD057C2? 700D                 moveq   #$d, D0
FFD057C4? A82A                 _ComponentDispatch                        ; A-line trap A82A
FFD057C6? 7000                 moveq   #$0, D0
FFD057C8? 2D400010             move.l  D0, ($10,A6)
FFD057CC? 600C                 bra     $ffd057da
FFD057CE? 206EFFFA             movea.l (-$6,A6), A0
FFD057D2? A023                 _DisposeHandle                            ; A-line trap A023
FFD057D4? 48C7                 ext.l   D7
FFD057D6? 2D470010             move.l  D7, ($10,A6)
FFD057DA? 4CEE10C0FFEA         movem.l (-$16,A6), D6-D7/A4
FFD057E0? 4E5E                 unlk    A6
FFD057E2? 4E740008             rtd     #$8; (1+)
FFD057E6? 4E560000             link    A6, #$0
FFD057EA? 48E70118             movem.l D7/A3-A4, -(A7)
FFD057EE? 266E000C             movea.l ($c,A6), A3
FFD057F2? 200B                 move.l  A3, D0
FFD057F4? 6744                 beq     $ffd0583a
FFD057F6? 49EB0020             lea     ($20,A3), A4
FFD057FA? 3E2B0626             move.w  ($626,A3), D7
FFD057FE? 5347                 subq.w  #1, D7
FFD05800? 4A47                 tst.w   D7
FFD05802? 6D18                 blt     $ffd0581c
FFD05804? 4A6C0038             tst.w   ($38,A4)
FFD05808? 670A                 beq     $ffd05814
FFD0580A? 558F                 subq.l  #2, A7
FFD0580C? 2F14                 move.l  (A4), -(A7)
FFD0580E? 7008                 moveq   #$8, D0
FFD05810? A82A                 _ComponentDispatch                        ; A-line trap A82A
FFD05812? 544F                 addq.w  #2, A7
FFD05814? 49EC003C             lea     ($3c,A4), A4
FFD05818? 51CFFFEA             dbra    D7, $ffd05804
FFD0581C? 4AAB0632             tst.l   ($632,A3)
FFD05820? 6706                 beq     $ffd05828
FFD05822? 206B0632             movea.l ($632,A3), A0
FFD05826? A023                 _DisposeHandle                            ; A-line trap A023
FFD05828? 206B062A             movea.l ($62a,A3), A0
FFD0582C? A023                 _DisposeHandle                            ; A-line trap A023
FFD0582E? 7000                 moveq   #$0, D0
FFD05830? 27400014             move.l  D0, ($14,A3)
FFD05834? 206B061C             movea.l ($61c,A3), A0
FFD05838? A023                 _DisposeHandle                            ; A-line trap A023
FFD0583A? 7000                 moveq   #$0, D0
FFD0583C? 2D400010             move.l  D0, ($10,A6)
FFD05840? 4CEE1880FFF4         movem.l (-$c,A6), D7/A3-A4
FFD05846? 4E5E                 unlk    A6
FFD05848? 4E740008             rtd     #$8; (1+)
FFD0584C? 4E56FFFE             link    A6, #-$2
FFD05850? 48E71718             movem.l D3/D5-D7/A3-A4, -(A7)
FFD05854? 266E000C             movea.l ($c,A6), A3
FFD05858? 286E0010             movea.l ($10,A6), A4
FFD0585C? 4AAC0620             tst.l   ($620,A4)
FFD05860? 6716                 beq     $ffd05878
FFD05862? 598F                 subq.l  #4, A7
FFD05864? 2EB80904             move.l  $904.w, (A7)                      ; CurrentA5
FFD05868? 202C0620             move.l  ($620,A4), D0
FFD0586C? B09F                 cmp.l   (A7)+, D0
FFD0586E? 6708                 beq     $ffd05878
FFD05870? 3E3CFF1D             move.w  #$ff1d, D7
FFD05874? 600000DC             bra     $ffd05952
FFD05878? 203C00000080         move.l  #$80, D0
FFD0587E? C093                 and.l   (A3), D0
FFD05880? 6708                 beq     $ffd0588a
FFD05882? 1D7C0001FFFF         move.b  #$1, (-$1,A6)
FFD05888? 600C                 bra     $ffd05896
FFD0588A? 4AAC0620             tst.l   ($620,A4)
FFD0588E? 56C3                 sne     D3
FFD05890? 4403                 neg.b   D3
FFD05892? 1D43FFFF             move.b  D3, (-$1,A6)
FFD05896? 2C2B0010             move.l  ($10,A3), D6
FFD0589A? 0C8600007FFC         cmpi.l  #$7ffc, D6
FFD058A0? 6306                 bls     $ffd058a8
FFD058A2? 2C3C00007FFC         move.l  #$7ffc, D6
FFD058A8? 7008                 moveq   #$8, D0
FFD058AA? B06B000A             cmp.w   ($a,A3), D0
FFD058AE? 6618                 bne     $ffd058c8
FFD058B0? 0CAB726177200004     cmpi.l  #$72617720, ($4,A3)
FFD058B8? 6708                 beq     $ffd058c2
FFD058BA? 3E3CFF32             move.w  #$ff32, D7
FFD058BE? 60000092             bra     $ffd05952
FFD058C2? 2A06                 move.l  D6, D5
FFD058C4? E38D                 lsl.l   #1, D5
FFD058C6? 6024                 bra     $ffd058ec
FFD058C8? 7010                 moveq   #$10, D0
FFD058CA? B06B000A             cmp.w   ($a,A3), D0
FFD058CE? 6616                 bne     $ffd058e6
FFD058D0? 0CAB74776F730004     cmpi.l  #$74776f73, ($4,A3)
FFD058D8? 6706                 beq     $ffd058e0
FFD058DA? 3E3CFF32             move.w  #$ff32, D7
FFD058DE? 6072                 bra     $ffd05952
FFD058E0? 2A06                 move.l  D6, D5
FFD058E2? E78D                 lsl.l   #3, D5
FFD058E4? 6006                 bra     $ffd058ec
FFD058E6d 3E3CFF1E6066         dc.b    $3E,$3C,$FF,$1E,$60,$66           ; |><..`f|
FFD058EC? 4AAC0632             tst.l   ($632,A4)
FFD058F0? 6706                 beq     $ffd058f8
FFD058F2? 206C0632             movea.l ($632,A4), A0
FFD058F6? A023                 _DisposeHandle                            ; A-line trap A023
FFD058F8? 486EFFFF             pea     (-$1,A6)
FFD058FC? 486C0636             pea     ($636,A4)
FFD05900? 486C0632             pea     ($632,A4)
FFD05904? 2F05                 move.l  D5, -(A7)
FFD05906? 4EBAFD8A             jsr     ($ffd05692,PC)
FFD0590A? 3E00                 move.w  D0, D7
FFD0590C? 4FEF0010             lea     ($10,A7), A7
FFD05910? 6640                 bne     $ffd05952
FFD05912? 4A2EFFFF             tst.b   (-$1,A6)
FFD05916? 670A                 beq     $ffd05922
FFD05918? 598F                 subq.l  #4, A7
FFD0591A? 2EB80904             move.l  $904.w, (A7)                      ; CurrentA5
FFD0591E? 295F0620             move.l  (A7)+, ($620,A4)
FFD05922? 41EC0600             lea     ($600,A4), A0
FFD05926? 224B                 movea.l A3, A1
FFD05928? 7006                 moveq   #$6, D0
FFD0592A? 20D9                 move.l  (A1)+, (A0)+
FFD0592C? 51C8FFFC             dbra    D0, $ffd0592a
FFD05930? 29460610             move.l  D6, ($610,A4)
FFD05934? 204C                 movea.l A4, A0
FFD05936? 5888                 addq.l  #4, A0
FFD05938? 224B                 movea.l A3, A1
FFD0593A? 7006                 moveq   #$6, D0
FFD0593C? 20D9                 move.l  (A1)+, (A0)+
FFD0593E? 51C8FFFC             dbra    D0, $ffd0593c
FFD05942? 7000                 moveq   #$0, D0
FFD05944? 29400014             move.l  D0, ($14,A4)
FFD05948? 29400004             move.l  D0, ($4,A4)
FFD0594C? 2D400014             move.l  D0, ($14,A6)
FFD05950? 6006                 bra     $ffd05958
FFD05952? 48C7                 ext.l   D7
FFD05954? 2D470014             move.l  D7, ($14,A6)
FFD05958? 4CEE18E8FFE6         movem.l (-$1a,A6), D3/D5-D7/A3-A4
FFD0595E? 4E5E                 unlk    A6
FFD05960? 4E74000C             rtd     #$c; (1+)

sub_FFD05964:
FFD05964  4E560000             link    A6, #$0
FFD05968  2F0C                 move.l  A4, -(A7)
FFD0596A  286E000C             movea.l ($c,A6), A4
FFD0596E  206E0008             movea.l ($8,A6), A0
FFD05972  2094                 move.l  (A4), (A0)
FFD05974  7000                 moveq   #$0, D0
FFD05976  2D400014             move.l  D0, ($14,A6)
FFD0597A  286EFFFC             movea.l (-$4,A6), A4
FFD0597E  4E5E                 unlk    A6
FFD05980  4E74000C             rtd     #$c; (1+)
FFD05984? 4E560000             link    A6, #$0
FFD05988? 48E70318             movem.l D6-D7/A3-A4, -(A7)
FFD0598C? 2C2E000C             move.l  ($c,A6), D6
FFD05990? 266E0014             movea.l ($14,A6), A3
FFD05994? 286E0010             movea.l ($10,A6), A4
FFD05998? 7E00                 moveq   #$0, D7
FFD0599A? B9EB0520             cmpa.l  ($520,A3), A4
FFD0599E? 6506                 bcs     $ffd059a6
FFD059A0? B9EB0524             cmpa.l  ($524,A3), A4
FFD059A4? 6308                 bls     $ffd059ae
FFD059A6? 2E3CFFFFFF33         move.l  #$ffffff33, D7
FFD059AC? 603E                 bra     $ffd059ec
FFD059AE? 2006                 move.l  D6, D0
FFD059B0? 0480766F6C75         subi.l  #$766f6c75, D0
FFD059B6? 661A                 bne     $ffd059d2
FFD059B8? 302C0036             move.w  ($36,A4), D0
FFD059BC? 48C0                 ext.l   D0
FFD059BE? 7210                 moveq   #$10, D1
FFD059C0? E3A8                 lsl.l   D1, D0
FFD059C2? 322C0034             move.w  ($34,A4), D1
FFD059C6? 48C1                 ext.l   D1
FFD059C8? 8280                 or.l    D0, D1
FFD059CA? 206E0008             movea.l ($8,A6), A0
FFD059CE? 2081                 move.l  D1, (A0)
FFD059D0? 601A                 bra     $ffd059ec
FFD059D2? 598F                 subq.l  #4, A7
FFD059D4? 2F14                 move.l  (A4), -(A7)
FFD059D6? 2F2E0010             move.l  ($10,A6), -(A7)
FFD059DA? 2F06                 move.l  D6, -(A7)
FFD059DC? 2F2E0008             move.l  ($8,A6), -(A7)
FFD059E0? 2F3C000C0103         move.l  #$c0103, -(A7)
FFD059E6? 7000                 moveq   #$0, D0
FFD059E8? A82A                 _ComponentDispatch                        ; A-line trap A82A
FFD059EA? 2E1F                 move.l  (A7)+, D7
FFD059EC? 2D470018             move.l  D7, ($18,A6)
FFD059F0? 4CEE18C0FFF0         movem.l (-$10,A6), D6-D7/A3-A4
FFD059F6? 4E5E                 unlk    A6
FFD059F8? 4E740010             rtd     #$10; (1+)
FFD059FC? 4E560000             link    A6, #$0
FFD05A00? 48E70738             movem.l D5-D7/A2-A4, -(A7)
FFD05A04? 2A2E000C             move.l  ($c,A6), D5
FFD05A08? 246E0008             movea.l ($8,A6), A2
FFD05A0C? 266E0014             movea.l ($14,A6), A3
FFD05A10? 286E0010             movea.l ($10,A6), A4
FFD05A14? 7C00                 moveq   #$0, D6
FFD05A16? 2005                 move.l  D5, D0
FFD05A18? 048073726174         subi.l  #$73726174, D0
FFD05A1E? 6758                 beq     $ffd05a78
FFD05A20? 048002FD0B01         subi.l  #$2fd0b01, D0
FFD05A26? 660000A0             bne     $ffd05ac8
FFD05A2A? B9EB0520             cmpa.l  ($520,A3), A4
FFD05A2E? 6506                 bcs     $ffd05a36
FFD05A30? B9EB0524             cmpa.l  ($524,A3), A4
FFD05A34? 630A                 bls     $ffd05a40
FFD05A36? 2C3CFFFFFF33         move.l  #$ffffff33, D6
FFD05A3C? 600000A0             bra     $ffd05ade
FFD05A40? 7040                 moveq   #$40, D0
FFD05A42? C0AB0600             and.l   ($600,A3), D0
FFD05A46? 66000096             bne     $ffd05ade
FFD05A4A? 7010                 moveq   #$10, D0
FFD05A4C? 220A                 move.l  A2, D1
FFD05A4E? E0A1                 asr.l   D0, D1
FFD05A50? 39410036             move.w  D1, ($36,A4)
FFD05A54? 200A                 move.l  A2, D0
FFD05A56? 39400034             move.w  D0, ($34,A4)
FFD05A5A? 302C0036             move.w  ($36,A4), D0
FFD05A5E? 48C0                 ext.l   D0
FFD05A60? 2F00                 move.l  D0, -(A7)
FFD05A62? 302C0034             move.w  ($34,A4), D0
FFD05A66? 48C0                 ext.l   D0
FFD05A68? 2F00                 move.l  D0, -(A7)
FFD05A6A? 2F2C000C             move.l  ($c,A4), -(A7)
FFD05A6E? 4EBA05C0             jsr     ($ffd06030,PC)
FFD05A72? 4FEF000C             lea     ($c,A7), A7
FFD05A76? 6066                 bra     $ffd05ade
FFD05A78? B5EB060C             cmpa.l  ($60c,A3), A2
FFD05A7C? 6760                 beq     $ffd05ade
FFD05A7E? 274A060C             move.l  A2, ($60c,A3)
FFD05A82? 274A0010             move.l  A2, ($10,A3)
FFD05A86? 49EB0020             lea     ($20,A3), A4
FFD05A8A? 3E2B0626             move.w  ($626,A3), D7
FFD05A8E? 5347                 subq.w  #1, D7
FFD05A90? 4A47                 tst.w   D7
FFD05A92? 6D30                 blt     $ffd05ac4
FFD05A94? 4A6C0038             tst.w   ($38,A4)
FFD05A98? 6722                 beq     $ffd05abc
FFD05A9A? 598F                 subq.l  #4, A7
FFD05A9C? 2F14                 move.l  (A4), -(A7)
FFD05A9E? 2F0C                 move.l  A4, -(A7)
FFD05AA0? 2F3C73726174         move.l  #$73726174, -(A7)
FFD05AA6? 2F2B060C             move.l  ($60c,A3), -(A7)
FFD05AAA? 2F3C000C0104         move.l  #$c0104, -(A7)
FFD05AB0? 7000                 moveq   #$0, D0
FFD05AB2? A82A                 _ComponentDispatch                        ; A-line trap A82A
FFD05AB4? 2C1F                 move.l  (A7)+, D6
FFD05AB6? 7000                 moveq   #$0, D0
FFD05AB8? 29400004             move.l  D0, ($4,A4)
FFD05ABC? 49EC003C             lea     ($3c,A4), A4
FFD05AC0? 51CFFFD2             dbra    D7, $ffd05a94
FFD05AC4? 7C00                 moveq   #$0, D6
FFD05AC6? 6016                 bra     $ffd05ade
FFD05AC8? 598F                 subq.l  #4, A7
FFD05ACA? 2F14                 move.l  (A4), -(A7)
FFD05ACC? 2F0C                 move.l  A4, -(A7)
FFD05ACE? 2F05                 move.l  D5, -(A7)
FFD05AD0? 2F0A                 move.l  A2, -(A7)
FFD05AD2? 2F3C000C0104         move.l  #$c0104, -(A7)
FFD05AD8? 7000                 moveq   #$0, D0
FFD05ADA? A82A                 _ComponentDispatch                        ; A-line trap A82A
FFD05ADC? 2C1F                 move.l  (A7)+, D6
FFD05ADE? 2D460018             move.l  D6, ($18,A6)
FFD05AE2? 4CEE1CE0FFE8         movem.l (-$18,A6), D5-D7/A2-A4
FFD05AE8? 4E5E                 unlk    A6
FFD05AEA? 4E740010             rtd     #$10; (1+)
FFD05AEE? 4E56FFFC             link    A6, #-$4
FFD05AF2? 48E70438             movem.l D5/A2-A4, -(A7)
FFD05AF6? 3A2E000C             move.w  ($c,A6), D5
FFD05AFA? 266E000E             movea.l ($e,A6), A3
FFD05AFE? 7400                 moveq   #$0, D2
FFD05B00? 246E0008             movea.l ($8,A6), A2
FFD05B04? 3205                 move.w  D5, D1
FFD05B06? 5341                 subq.w  #1, D1
FFD05B08? 4A41                 tst.w   D1
FFD05B0A? 6D20                 blt     $ffd05b2c
FFD05B0C? 285A                 movea.l (A2)+, A4
FFD05B0E? B9EB0520             cmpa.l  ($520,A3), A4
FFD05B12? 6506                 bcs     $ffd05b1a
FFD05B14? B9EB0524             cmpa.l  ($524,A3), A4
FFD05B18? 6308                 bls     $ffd05b22
FFD05B1A? 243CFFFFFF33         move.l  #$ffffff33, D2
FFD05B20? 6010                 bra     $ffd05b32
FFD05B22? 397C0002003A         move.w  #$2, ($3a,A4)
FFD05B28? 51C9FFE2             dbra    D1, $ffd05b0c
FFD05B2C? 177C00010628         move.b  #$1, ($628,A3)
FFD05B32? 2D420012             move.l  D2, ($12,A6)
FFD05B36? 4CEE1C20FFEC         movem.l (-$14,A6), D5/A2-A4
FFD05B3C? 4E5E                 unlk    A6
FFD05B3E? 4E74000A             rtd     #$a; (1+)
FFD05B42? 4E56FFF8             link    A6, #-$8
FFD05B46? 48E70738             movem.l D5-D7/A2-A4, -(A7)
FFD05B4A? 3A2E000C             move.w  ($c,A6), D5
FFD05B4E? 266E000E             movea.l ($e,A6), A3
FFD05B52? 7C00                 moveq   #$0, D6
FFD05B54? 246E0008             movea.l ($8,A6), A2
FFD05B58? 3E05                 move.w  D5, D7
FFD05B5A? 5347                 subq.w  #1, D7
FFD05B5C? 4A47                 tst.w   D7
FFD05B5E? 6D000088             blt     $ffd05be8
FFD05B62? 2852                 movea.l (A2), A4
FFD05B64? B9EB0520             cmpa.l  ($520,A3), A4
FFD05B68? 6506                 bcs     $ffd05b70
FFD05B6A? B9EB0524             cmpa.l  ($524,A3), A4
FFD05B6E? 6308                 bls     $ffd05b78
FFD05B70? 2C3CFFFFFF33         move.l  #$ffffff33, D6
FFD05B76? 6070                 bra     $ffd05be8
FFD05B78? 397C0001003A         move.w  #$1, ($3a,A4)
FFD05B7E? 397C00010038         move.w  #$1, ($38,A4)
FFD05B84? B9EB0528             cmpa.l  ($528,A3), A4
FFD05B88? 6606                 bne     $ffd05b90
FFD05B8A? 7000                 moveq   #$0, D0
FFD05B8C? 27400014             move.l  D0, ($14,A3)
FFD05B90? 7000                 moveq   #$0, D0
FFD05B92? 29400004             move.l  D0, ($4,A4)
FFD05B96? 2D6C0008FFFC         move.l  ($8,A4), (-$4,A6)
FFD05B9C? 29400008             move.l  D0, ($8,A4)
FFD05BA0? 598F                 subq.l  #4, A7
FFD05BA2? 2F14                 move.l  (A4), -(A7)
FFD05BA4? 7001                 moveq   #$1, D0
FFD05BA6? 3F00                 move.w  D0, -(A7)
FFD05BA8? 2F0A                 move.l  A2, -(A7)
FFD05BAA? 2F3C00060106         move.l  #$60106, -(A7)
FFD05BB0? 7000                 moveq   #$0, D0
FFD05BB2? A82A                 _ComponentDispatch                        ; A-line trap A82A
FFD05BB4? 2C1F                 move.l  (A7)+, D6
FFD05BB6? 4AAEFFFC             tst.l   (-$4,A6)
FFD05BBA? 6726                 beq     $ffd05be2
FFD05BBC? 206EFFFC             movea.l (-$4,A6), A0
FFD05BC0? 317CFFE5003C         move.w  #$ffe5, ($3c,A0)
FFD05BC6? 206EFFFC             movea.l (-$4,A6), A0
FFD05BCA? 4AA80034             tst.l   ($34,A0)
FFD05BCE? 6712                 beq     $ffd05be2
FFD05BD0? 558F                 subq.l  #2, A7
FFD05BD2? 486EFFFC             pea     (-$4,A6)
FFD05BD6? 206EFFFC             movea.l (-$4,A6), A0
FFD05BDA? 22680034             movea.l ($34,A0), A1
FFD05BDE? 4E91                 jsr     (A1)
FFD05BE0? 544F                 addq.w  #2, A7
FFD05BE2? 584A                 addq.w  #4, A2
FFD05BE4? 51CFFF7C             dbra    D7, $ffd05b62
FFD05BE8? 2D460012             move.l  D6, ($12,A6)
FFD05BEC? 4CEE1CE0FFE0         movem.l (-$20,A6), D5-D7/A2-A4
FFD05BF2? 4E5E                 unlk    A6
FFD05BF4? 4E74000A             rtd     #$a; (1+)
FFD05BF8? 4E56FFFC             link    A6, #-$4
FFD05BFC? 48E70438             movem.l D5/A2-A4, -(A7)
FFD05C00? 3A2E000C             move.w  ($c,A6), D5
FFD05C04? 266E000E             movea.l ($e,A6), A3
FFD05C08? 7400                 moveq   #$0, D2
FFD05C0A? 246E0008             movea.l ($8,A6), A2
FFD05C0E? 3205                 move.w  D5, D1
FFD05C10? 5341                 subq.w  #1, D1
FFD05C12? 4A41                 tst.w   D1
FFD05C14? 6D20                 blt     $ffd05c36
FFD05C16? 285A                 movea.l (A2)+, A4
FFD05C18? B9EB0520             cmpa.l  ($520,A3), A4
FFD05C1C? 6506                 bcs     $ffd05c24
FFD05C1E? B9EB0524             cmpa.l  ($524,A3), A4
FFD05C22? 6308                 bls     $ffd05c2c
FFD05C24? 243CFFFFFF33         move.l  #$ffffff33, D2
FFD05C2A? 6010                 bra     $ffd05c3c
FFD05C2C? 397C0001003A         move.w  #$1, ($3a,A4)
FFD05C32? 51C9FFE2             dbra    D1, $ffd05c16
FFD05C36? 177C00010628         move.b  #$1, ($628,A3)
FFD05C3C? 2D420012             move.l  D2, ($12,A6)
FFD05C40? 4CEE1C20FFEC         movem.l (-$14,A6), D5/A2-A4
FFD05C46? 4E5E                 unlk    A6
FFD05C48? 4E74000A             rtd     #$a; (1+)
FFD05C4C? 4E56FFE4             link    A6, #-$1c
FFD05C50? 48E70738             movem.l D5-D7/A2-A4, -(A7)
FFD05C54? 2A2E0008             move.l  ($8,A6), D5
FFD05C58? 246E0014             movea.l ($14,A6), A2
FFD05C5C? 266E000C             movea.l ($c,A6), A3
FFD05C60? 286E0010             movea.l ($10,A6), A4
FFD05C64? 7E00                 moveq   #$0, D7
FFD05C66? B9EA0520             cmpa.l  ($520,A2), A4
FFD05C6A? 6506                 bcs     $ffd05c72
FFD05C6C? B9EA0524             cmpa.l  ($524,A2), A4
FFD05C70? 630A                 bls     $ffd05c7c
FFD05C72? 2E3CFFFFFF33         move.l  #$ffffff33, D7
FFD05C78? 60000100             bra     $ffd05d7a
FFD05C7C? 397C0001003A         move.w  #$1, ($3a,A4)
FFD05C82? 397C00010038         move.w  #$1, ($38,A4)
FFD05C88? 294B0008             move.l  A3, ($8,A4)
FFD05C8C? 7000                 moveq   #$0, D0
FFD05C8E? 29400004             move.l  D0, ($4,A4)
FFD05C92? B9EA0528             cmpa.l  ($528,A2), A4
FFD05C96? 6606                 bne     $ffd05c9e
FFD05C98? 7000                 moveq   #$0, D0
FFD05C9A? 25400014             move.l  D0, ($14,A2)
FFD05C9E? 2C3C00040000         move.l  #$40000, D6
FFD05CA4? 7002                 moveq   #$2, D0
FFD05CA6? C0AA0600             and.l   ($600,A2), D0
FFD05CAA? 6606                 bne     $ffd05cb2
FFD05CAC? 008600020000         ori.l   #$20000, D6
FFD05CB2? 41EEFFE4             lea     (-$1c,A6), A0
FFD05CB6? 43EA0600             lea     ($600,A2), A1
FFD05CBA? 7006                 moveq   #$6, D0
FFD05CBC? 20D9                 move.l  (A1)+, (A0)+
FFD05CBE? 51C8FFFC             dbra    D0, $ffd05cbc
FFD05CC2? 7008                 moveq   #$8, D0
FFD05CC4? B06B000E             cmp.w   ($e,A3), D0
FFD05CC8? 6616                 bne     $ffd05ce0
FFD05CCA? 7010                 moveq   #$10, D0
FFD05CCC? B06EFFEE             cmp.w   (-$12,A6), D0
FFD05CD0? 660E                 bne     $ffd05ce0
FFD05CD2? 3D7C0008FFEE         move.w  #$8, (-$12,A6)
FFD05CD8? 2D7C72617720FFE8     move.l  #$72617720, (-$18,A6)
FFD05CE0? 558F                 subq.l  #2, A7
FFD05CE2? 486B0004             pea     ($4,A3)
FFD05CE6? 486EFFE4             pea     (-$1c,A6)
FFD05CEA? 486C0018             pea     ($18,A4)
FFD05CEE? 2F06                 move.l  D6, -(A7)
FFD05CF0? 2F0C                 move.l  A4, -(A7)
FFD05CF2? 486C0014             pea     ($14,A4)
FFD05CF6? 203C0C080018         move.l  #$c080018, D0
FFD05CFC? A800                 _SoundDispatch                            ; A-line trap A800
FFD05CFE? 301F                 move.w  (A7)+, D0
FFD05D00? 48C0                 ext.l   D0
FFD05D02? 2E00                 move.l  D0, D7
FFD05D04? 6674                 bne     $ffd05d7a
FFD05D06? 302C0034             move.w  ($34,A4), D0
FFD05D0A? B06B0024             cmp.w   ($24,A3), D0
FFD05D0E? 660A                 bne     $ffd05d1a
FFD05D10? 302C0036             move.w  ($36,A4), D0
FFD05D14? B06B0026             cmp.w   ($26,A3), D0
FFD05D18? 6728                 beq     $ffd05d42
FFD05D1A? 396B00260036         move.w  ($26,A3), ($36,A4)
FFD05D20? 396B00240034         move.w  ($24,A3), ($34,A4)
FFD05D26? 302C0036             move.w  ($36,A4), D0
FFD05D2A? 48C0                 ext.l   D0
FFD05D2C? 2F00                 move.l  D0, -(A7)
FFD05D2E? 302C0034             move.w  ($34,A4), D0
FFD05D32? 48C0                 ext.l   D0
FFD05D34? 2F00                 move.l  D0, -(A7)
FFD05D36? 2F2C000C             move.l  ($c,A4), -(A7)
FFD05D3A? 4EBA02F4             jsr     ($ffd06030,PC)
FFD05D3E? 4FEF000C             lea     ($c,A7), A7
FFD05D42? 598F                 subq.l  #4, A7
FFD05D44? 2F14                 move.l  (A4), -(A7)
FFD05D46? 2F2E0010             move.l  ($10,A6), -(A7)
FFD05D4A? 2F0B                 move.l  A3, -(A7)
FFD05D4C? 2F05                 move.l  D5, -(A7)
FFD05D4E? 2F3C000C0108         move.l  #$c0108, -(A7)
FFD05D54? 7000                 moveq   #$0, D0
FFD05D56? A82A                 _ComponentDispatch                        ; A-line trap A82A
FFD05D58? 2E1F                 move.l  (A7)+, D7
FFD05D5A? 661E                 bne     $ffd05d7a
FFD05D5C? 7001                 moveq   #$1, D0
FFD05D5E? C085                 and.l   D5, D0
FFD05D60? 6614                 bne     $ffd05d76
FFD05D62? 377C0001003C         move.w  #$1, ($3c,A3)
FFD05D68? 397C0002003A         move.w  #$2, ($3a,A4)
FFD05D6E? 397C00020038         move.w  #$2, ($38,A4)
FFD05D74? 6004                 bra     $ffd05d7a
FFD05D76? 426B003C             clr.w   ($3c,A3)
FFD05D7A? 4A87                 tst.l   D7
FFD05D7C? 6704                 beq     $ffd05d82
FFD05D7E? 3747003C             move.w  D7, ($3c,A3)
FFD05D82? 2D470018             move.l  D7, ($18,A6)
FFD05D86? 4CEE1CE0FFCC         movem.l (-$34,A6), D5-D7/A2-A4
FFD05D8C? 4E5E                 unlk    A6
FFD05D8E? 4E740010             rtd     #$10; (1+)
FFD05D92? 4E56FFE0             link    A6, #-$20
FFD05D96? 48E70338             movem.l D6-D7/A2-A4, -(A7)
FFD05D9A? 266E000C             movea.l ($c,A6), A3
FFD05D9E? 7C00                 moveq   #$0, D6
FFD05DA0? 4AAB0620             tst.l   ($620,A3)
FFD05DA4? 6718                 beq     $ffd05dbe
FFD05DA6? 598F                 subq.l  #4, A7
FFD05DA8? 2EB80904             move.l  $904.w, (A7)                      ; CurrentA5
FFD05DAC? 202B0620             move.l  ($620,A3), D0
FFD05DB0? B09F                 cmp.l   (A7)+, D0
FFD05DB2? 670A                 beq     $ffd05dbe
FFD05DB4? 2C3CFFFFFF1D         move.l  #$ffffff1d, D6
FFD05DBA? 600000F4             bra     $ffd05eb0
FFD05DBE? 49EB0020             lea     ($20,A3), A4
FFD05DC2? 3E2B0626             move.w  ($626,A3), D7
FFD05DC6? 5347                 subq.w  #1, D7
FFD05DC8? 4A47                 tst.w   D7
FFD05DCA? 6D0E                 blt     $ffd05dda
FFD05DCC? 4A6C0038             tst.w   ($38,A4)
FFD05DD0? 6708                 beq     $ffd05dda
FFD05DD2? 49EC003C             lea     ($3c,A4), A4
FFD05DD6? 51CFFFF4             dbra    D7, $ffd05dcc
FFD05DDA? 4A47                 tst.w   D7
FFD05DDC? 6C36                 bge     $ffd05e14
FFD05DDE? 7014                 moveq   #$14, D0
FFD05DE0? B06B0626             cmp.w   ($626,A3), D0
FFD05DE4? 660A                 bne     $ffd05df0
FFD05DE6? 2C3CFFFFFF37         move.l  #$ffffff37, D6
FFD05DEC? 600000C2             bra     $ffd05eb0
FFD05DF0? 2F0B                 move.l  A3, -(A7)
FFD05DF2? 4EBA012A             jsr     ($ffd05f1e,PC)
FFD05DF6? 48C0                 ext.l   D0
FFD05DF8? 2C00                 move.l  D0, D6
FFD05DFA? 584F                 addq.w  #4, A7
FFD05DFC? 660000B2             bne     $ffd05eb0
FFD05E00? 302B0626             move.w  ($626,A3), D0
FFD05E04? 526B0626             addq.w  #1, ($626,A3)
FFD05E08? 48C0                 ext.l   D0
FFD05E0A? 723C                 moveq   #$3c, D1
FFD05E0C? 4C010800             muls.l  D1, D0; (2+)
FFD05E10? 49F30820             lea     ($20,A3,D0.l), A4
FFD05E14? 200C                 move.l  A4, D0
FFD05E16? A055                 _StripAddress                             ; A-line trap A055
FFD05E18? 2840                 movea.l D0, A4
FFD05E1A? 246C000C             movea.l ($c,A4), A2
FFD05E1E? 204C                 movea.l A4, A0
FFD05E20? 703C                 moveq   #$3c, D0
FFD05E22? 6002                 bra     $ffd05e26
FFD05E24? 4218                 clr.b   (A0)+
FFD05E26? 51C8FFFC             dbra    D0, $ffd05e24
FFD05E2A? 294A000C             move.l  A2, ($c,A4)
FFD05E2E? 41EEFFE0             lea     (-$20,A6), A0
FFD05E32? 43EB0600             lea     ($600,A3), A1
FFD05E36? 7006                 moveq   #$6, D0
FFD05E38? 20D9                 move.l  (A1)+, (A0)+
FFD05E3A? 51C8FFFC             dbra    D0, $ffd05e38
FFD05E3E? 3D7C0008FFEA         move.w  #$8, (-$16,A6)
FFD05E44? 2D7C72617720FFE4     move.l  #$72617720, (-$1c,A6)
FFD05E4C? 558F                 subq.l  #2, A7
FFD05E4E? 486EFFE0             pea     (-$20,A6)
FFD05E52? 486EFFE0             pea     (-$20,A6)
FFD05E56? 486C0018             pea     ($18,A4)
FFD05E5A? 2F3C00060000         move.l  #$60000, -(A7)
FFD05E60? 2F0C                 move.l  A4, -(A7)
FFD05E62? 486C0014             pea     ($14,A4)
FFD05E66? 203C0C080018         move.l  #$c080018, D0
FFD05E6C? A800                 _SoundDispatch                            ; A-line trap A800
FFD05E6E? 301F                 move.w  (A7)+, D0
FFD05E70? 48C0                 ext.l   D0
FFD05E72? 2C00                 move.l  D0, D6
FFD05E74? 663A                 bne     $ffd05eb0
FFD05E76? 397C01000034         move.w  #$100, ($34,A4)
FFD05E7C? 397C01000036         move.w  #$100, ($36,A4)
FFD05E82? 48780100             pea     $100.w                            ; MonkeyLives
FFD05E86? 48780100             pea     $100.w                            ; MonkeyLives
FFD05E8A? 2F2C000C             move.l  ($c,A4), -(A7)
FFD05E8E? 4EBA01A0             jsr     ($ffd06030,PC)
FFD05E92? 397C0001003A         move.w  #$1, ($3a,A4)
FFD05E98? 397C00010038         move.w  #$1, ($38,A4)
FFD05E9E? 206E0008             movea.l ($8,A6), A0
FFD05EA2? 208C                 move.l  A4, (A0)
FFD05EA4? 7000                 moveq   #$0, D0
FFD05EA6? 2D400010             move.l  D0, ($10,A6)
FFD05EAA? 4FEF000C             lea     ($c,A7), A7
FFD05EAE? 6004                 bra     $ffd05eb4
FFD05EB0? 2D460010             move.l  D6, ($10,A6)
FFD05EB4? 4CEE1CC0FFCC         movem.l (-$34,A6), D6-D7/A2-A4
FFD05EBA? 4E5E                 unlk    A6
FFD05EBC? 4E740008             rtd     #$8; (1+)
FFD05EC0? 4E560000             link    A6, #$0
FFD05EC4? 48E70118             movem.l D7/A3-A4, -(A7)
FFD05EC8? 266E000C             movea.l ($c,A6), A3
FFD05ECC? 286E0008             movea.l ($8,A6), A4
FFD05ED0? 7E00                 moveq   #$0, D7
FFD05ED2? B9EB0520             cmpa.l  ($520,A3), A4
FFD05ED6? 6506                 bcs     $ffd05ede
FFD05ED8? B9EB0524             cmpa.l  ($524,A3), A4
FFD05EDC? 6308                 bls     $ffd05ee6
FFD05EDE? 2E3CFFFFFF33         move.l  #$ffffff33, D7
FFD05EE4? 6028                 bra     $ffd05f0e
FFD05EE6? 42AC0038             clr.l   ($38,A4)
FFD05EEA? 558F                 subq.l  #2, A7
FFD05EEC? 2F14                 move.l  (A4), -(A7)
FFD05EEE? 7008                 moveq   #$8, D0
FFD05EF0? A82A                 _ComponentDispatch                        ; A-line trap A82A
FFD05EF2? 301F                 move.w  (A7)+, D0
FFD05EF4? 48C0                 ext.l   D0
FFD05EF6? 2E00                 move.l  D0, D7
FFD05EF8? 4AAC0014             tst.l   ($14,A4)
FFD05EFC? 6710                 beq     $ffd05f0e
FFD05EFE? 558F                 subq.l  #2, A7
FFD05F00? 2F2C0014             move.l  ($14,A4), -(A7)
FFD05F04? 7008                 moveq   #$8, D0
FFD05F06? A82A                 _ComponentDispatch                        ; A-line trap A82A
FFD05F08? 301F                 move.w  (A7)+, D0
FFD05F0A? 48C0                 ext.l   D0
FFD05F0C? 2E00                 move.l  D0, D7
FFD05F0E? 2D470010             move.l  D7, ($10,A6)
FFD05F12? 4CEE1880FFF4         movem.l (-$c,A6), D7/A3-A4
FFD05F18? 4E5E                 unlk    A6
FFD05F1A? 4E740008             rtd     #$8; (1+)
FFD05F1E? 4E56FFF2             link    A6, #-$e
FFD05F22? 48E70338             movem.l D6-D7/A2-A4, -(A7)
FFD05F26? 266E0008             movea.l ($8,A6), A3
FFD05F2A? 4AAB0620             tst.l   ($620,A3)
FFD05F2E? 6716                 beq     $ffd05f46
FFD05F30? 598F                 subq.l  #4, A7
FFD05F32? 2EB80904             move.l  $904.w, (A7)                      ; CurrentA5
FFD05F36? 202B0620             move.l  ($620,A3), D0
FFD05F3A? B09F                 cmp.l   (A7)+, D0
FFD05F3C? 6708                 beq     $ffd05f46
FFD05F3E? 3C3CFF1D             move.w  #$ff1d, D6
FFD05F42? 600000E0             bra     $ffd06024
FFD05F46? 4AAB0620             tst.l   ($620,A3)
FFD05F4A? 6606                 bne     $ffd05f52
FFD05F4C? 422EFFFF             clr.b   (-$1,A6)
FFD05F50? 6006                 bra     $ffd05f58
FFD05F52? 1D7C0001FFFF         move.b  #$1, (-$1,A6)
FFD05F58? 486EFFFF             pea     (-$1,A6)
FFD05F5C? 486EFFFA             pea     (-$6,A6)
FFD05F60? 486EFFF6             pea     (-$a,A6)
FFD05F64? 302B0626             move.w  ($626,A3), D0
FFD05F68? 48C0                 ext.l   D0
FFD05F6A? 5480                 addq.l  #2, D0
FFD05F6C? 4C3C080000000200     muls.l  #$200, D0; (2+)
FFD05F74? D0BC00000100         add.l   #$100, D0
FFD05F7A? 2F00                 move.l  D0, -(A7)
FFD05F7C? 4EBAF714             jsr     ($ffd05692,PC)
FFD05F80? 3C00                 move.w  D0, D6
FFD05F82? 4FEF0010             lea     ($10,A7), A7
FFD05F86? 6600009C             bne     $ffd06024
FFD05F8A? 4A2EFFFF             tst.b   (-$1,A6)
FFD05F8E? 670A                 beq     $ffd05f9a
FFD05F90? 598F                 subq.l  #4, A7
FFD05F92? 2EB80904             move.l  $904.w, (A7)                      ; CurrentA5
FFD05F96? 275F0620             move.l  (A7)+, ($620,A3)
FFD05F9A? 202EFFFA             move.l  (-$6,A6), D0
FFD05F9E? D0BC000000FF         add.l   #$ff, D0
FFD05FA4? 223CFFFFFF00         move.l  #$ffffff00, D1
FFD05FAA? C280                 and.l   D0, D1
FFD05FAC? 2441                 movea.l D1, A2
FFD05FAE? 4AAB05EC             tst.l   ($5ec,A3)
FFD05FB2? 670E                 beq     $ffd05fc2
FFD05FB4? 2F0A                 move.l  A2, -(A7)
FFD05FB6? 2F2B05EC             move.l  ($5ec,A3), -(A7)
FFD05FBA? 4EBA00CE             jsr     ($ffd0608a,PC)
FFD05FBE? 504F                 addq.w  #8, A7
FFD05FC0? 6012                 bra     $ffd05fd4
FFD05FC2? 48780100             pea     $100.w                            ; MonkeyLives
FFD05FC6? 48780100             pea     $100.w                            ; MonkeyLives
FFD05FCA? 2F0A                 move.l  A2, -(A7)
FFD05FCC? 4EBA0062             jsr     ($ffd06030,PC)
FFD05FD0? 4FEF000C             lea     ($c,A7), A7
FFD05FD4? 274A05EC             move.l  A2, ($5ec,A3)
FFD05FD8? 45EA0200             lea     ($200,A2), A2
FFD05FDC? 49EB0020             lea     ($20,A3), A4
FFD05FE0? 3E2B0626             move.w  ($626,A3), D7
FFD05FE4? 6D22                 blt     $ffd06008
FFD05FE6? 4A6C0038             tst.w   ($38,A4)
FFD05FEA? 670C                 beq     $ffd05ff8
FFD05FEC? 2F0A                 move.l  A2, -(A7)
FFD05FEE? 2F2C000C             move.l  ($c,A4), -(A7)
FFD05FF2? 4EBA0096             jsr     ($ffd0608a,PC)
FFD05FF6? 504F                 addq.w  #8, A7
FFD05FF8? 294A000C             move.l  A2, ($c,A4)
FFD05FFC? 45EA0200             lea     ($200,A2), A2
FFD06000? 49EC003C             lea     ($3c,A4), A4
FFD06004? 51CFFFE0             dbra    D7, $ffd05fe6
FFD06008? 4AAB062A             tst.l   ($62a,A3)
FFD0600C? 6706                 beq     $ffd06014
FFD0600E? 206B062A             movea.l ($62a,A3), A0
FFD06012? A023                 _DisposeHandle                            ; A-line trap A023
FFD06014? 276EFFF6062A         move.l  (-$a,A6), ($62a,A3)
FFD0601A? 276EFFFA062E         move.l  (-$6,A6), ($62e,A3)
FFD06020? 7000                 moveq   #$0, D0
FFD06022? 6002                 bra     $ffd06026
FFD06024? 3006                 move.w  D6, D0
FFD06026? 4CEE1CC0FFDE         movem.l (-$22,A6), D6-D7/A2-A4
FFD0602C? 4E5E                 unlk    A6
FFD0602E? 4E75                 rts
FFD06030? 4E560000             link    A6, #$0
FFD06034? 48E70308             movem.l D6-D7/A4, -(A7)
FFD06038? 3C2E0012             move.w  ($12,A6), D6
FFD0603C? 3E2E000E             move.w  ($e,A6), D7
FFD06040? 286E0008             movea.l ($8,A6), A4
FFD06044? BC47                 cmp.w   D7, D6
FFD06046? 661E                 bne     $ffd06066
FFD06048? 48C7                 ext.l   D7
FFD0604A? 2F07                 move.l  D7, -(A7)
FFD0604C? 2F0C                 move.l  A4, -(A7)
FFD0604E? 4EBA0056             jsr     ($ffd060a6,PC)
FFD06052? 7001                 moveq   #$1, D0
FFD06054? 2F00                 move.l  D0, -(A7)
FFD06056? 486C0100             pea     ($100,A4)
FFD0605A? 2F0C                 move.l  A4, -(A7)
FFD0605C? 4EBA00D4             jsr     ($ffd06132,PC)
FFD06060? 4FEF0014             lea     ($14,A7), A7
FFD06064? 601A                 bra     $ffd06080
FFD06066? 48C7                 ext.l   D7
FFD06068? 2F07                 move.l  D7, -(A7)
FFD0606A? 2F0C                 move.l  A4, -(A7)
FFD0606C? 4EBA0038             jsr     ($ffd060a6,PC)
FFD06070? 48C6                 ext.l   D6
FFD06072? 2F06                 move.l  D6, -(A7)
FFD06074? 486C0100             pea     ($100,A4)
FFD06078? 4EBA002C             jsr     ($ffd060a6,PC)
FFD0607C? 4FEF0010             lea     ($10,A7), A7
FFD06080? 4CEE10C0FFF4         movem.l (-$c,A6), D6-D7/A4
FFD06086? 4E5E                 unlk    A6
FFD06088? 4E75                 rts
FFD0608A? 4E560000             link    A6, #$0
FFD0608E? 7002                 moveq   #$2, D0
FFD06090? 2F00                 move.l  D0, -(A7)
FFD06092? 206E000C             movea.l ($c,A6), A0
FFD06096? 2F08                 move.l  A0, -(A7)
FFD06098? 206E0008             movea.l ($8,A6), A0
FFD0609C? 2F08                 move.l  A0, -(A7)
FFD0609E? 4EBA0092             jsr     ($ffd06132,PC)
FFD060A2? 4E5E                 unlk    A6
FFD060A4? 4E75                 rts
FFD060A6? 4E56FFF8             link    A6, #-$8
FFD060AA? 48E71F00             movem.l D3-D7, -(A7)
FFD060AE? 3E2E000E             move.w  ($e,A6), D7
FFD060B2? 226E0008             movea.l ($8,A6), A1
FFD060B6? 48C7                 ext.l   D7
FFD060B8? 2007                 move.l  D7, D0
FFD060BA? 4480                 neg.l   D0
FFD060BC? 2C00                 move.l  D0, D6
FFD060BE? EF8E                 lsl.l   #7, D6
FFD060C0? 48C7                 ext.l   D7
FFD060C2? 2607                 move.l  D7, D3
FFD060C4? 243C00000080         move.l  #$80, D2
FFD060CA? 0C8300000100         cmpi.l  #$100, D3
FFD060D0? 6612                 bne     $ffd060e4
FFD060D2? 7C00                 moveq   #$0, D6
FFD060D4? 3E3C00FF             move.w  #$ff, D7
FFD060D8? 6D4E                 blt     $ffd06128
FFD060DA? 12C6                 move.b  D6, (A1)+
FFD060DC? 5286                 addq.l  #1, D6
FFD060DE? 51CFFFFA             dbra    D7, $ffd060da
FFD060E2? 6044                 bra     $ffd06128
FFD060E4? 0C8300000100         cmpi.l  #$100, D3
FFD060EA? 632A                 bls     $ffd06116
FFD060EC? 383C00FF             move.w  #$ff, D4
FFD060F0? 3E3C00FF             move.w  #$ff, D7
FFD060F4? 6D32                 blt     $ffd06128
FFD060F6? 2006                 move.l  D6, D0
FFD060F8? E088                 lsr.l   #8, D0
FFD060FA? 3A00                 move.w  D0, D5
FFD060FC? DA42                 add.w   D2, D5
FFD060FE? B845                 cmp.w   D5, D4
FFD06100? 6C04                 bge     $ffd06106
FFD06102? 3A04                 move.w  D4, D5
FFD06104? 6006                 bra     $ffd0610c
FFD06106? 4A45                 tst.w   D5
FFD06108? 6C02                 bge     $ffd0610c
FFD0610A? 4245                 clr.w   D5
FFD0610C? 12C5                 move.b  D5, (A1)+
FFD0610E? DC83                 add.l   D3, D6
FFD06110? 51CFFFE4             dbra    D7, $ffd060f6
FFD06114? 6012                 bra     $ffd06128
FFD06116? 3E3C00FF             move.w  #$ff, D7
FFD0611A? 2006                 move.l  D6, D0
FFD0611C? E088                 lsr.l   #8, D0
FFD0611E? D002                 add.b   D2, D0
FFD06120? 12C0                 move.b  D0, (A1)+
FFD06122? DC83                 add.l   D3, D6
FFD06124? 51CFFFF4             dbra    D7, $ffd0611a
FFD06128? 4CEE00F8FFE4         movem.l (-$1c,A6), D3-D7
FFD0612E? 4E5E                 unlk    A6
FFD06130? 4E75                 rts
FFD06132? 4E56FFFC             link    A6, #-$4
FFD06136? 48E71F10             movem.l D3-D7/A3, -(A7)
FFD0613A? 342E0012             move.w  ($12,A6), D2
FFD0613E? 266E0008             movea.l ($8,A6), A3
FFD06142? 226E000C             movea.l ($c,A6), A1
FFD06146? 48C2                 ext.l   D2
FFD06148? 2002                 move.l  D2, D0
FFD0614A? E988                 lsl.l   #4, D0
FFD0614C? 3E00                 move.w  D0, D7
FFD0614E? 5347                 subq.w  #1, D7
FFD06150? 4A47                 tst.w   D7
FFD06152? 6D14                 blt     $ffd06168
FFD06154? 261B                 move.l  (A3)+, D3
FFD06156? 281B                 move.l  (A3)+, D4
FFD06158? 2A1B                 move.l  (A3)+, D5
FFD0615A? 2C1B                 move.l  (A3)+, D6
FFD0615C? 22C3                 move.l  D3, (A1)+
FFD0615E? 22C4                 move.l  D4, (A1)+
FFD06160? 22C5                 move.l  D5, (A1)+
FFD06162? 22C6                 move.l  D6, (A1)+
FFD06164? 51CFFFEE             dbra    D7, $ffd06154
FFD06168? 4CEE08F8FFE4         movem.l (-$1c,A6), D3-D7/A3
FFD0616E? 4E5E                 unlk    A6
FFD06170? 4E75                 rts
FFD06172? 4E56FFFC             link    A6, #-$4
FFD06176? 48E70118             movem.l D7/A3-A4, -(A7)
FFD0617A? 286E000C             movea.l ($c,A6), A4
FFD0617E? 200C                 move.l  A4, D0
FFD06180? A055                 _StripAddress                             ; A-line trap A055
FFD06182? 2840                 movea.l D0, A4
FFD06184? 7002                 moveq   #$2, D0
FFD06186? B06C0038             cmp.w   ($38,A4), D0
FFD0618A? 660000A0             bne     $ffd0622c
FFD0618E? 266C0004             movea.l ($4,A4), A3
FFD06192? 200B                 move.l  A3, D0
FFD06194? 6708                 beq     $ffd0619e
FFD06196? 4AAB0010             tst.l   ($10,A3)
FFD0619A? 66000094             bne     $ffd06230
FFD0619E? 598F                 subq.l  #4, A7
FFD061A0? 2F14                 move.l  (A4), -(A7)
FFD061A2? 486C0004             pea     ($4,A4)
FFD061A6? 2F3C00040004         move.l  #$40004, -(A7)
FFD061AC? 7000                 moveq   #$0, D0
FFD061AE? A82A                 _ComponentDispatch                        ; A-line trap A82A
FFD061B0? 2E1F                 move.l  (A7)+, D7
FFD061B2? 6706                 beq     $ffd061ba
FFD061B4? 7000                 moveq   #$0, D0
FFD061B6? 2640                 movea.l D0, A3
FFD061B8? 6076                 bra     $ffd06230
FFD061BA? 266C0004             movea.l ($4,A4), A3
FFD061BE? 200B                 move.l  A3, D0
FFD061C0? 6706                 beq     $ffd061c8
FFD061C2? 4AAB0010             tst.l   ($10,A3)
FFD061C6? 6668                 bne     $ffd06230
FFD061C8? 397C0001003A         move.w  #$1, ($3a,A4)
FFD061CE? 397C00010038         move.w  #$1, ($38,A4)
FFD061D4? 7000                 moveq   #$0, D0
FFD061D6? 2640                 movea.l D0, A3
FFD061D8? 2D6C0008FFFC         move.l  ($8,A4), (-$4,A6)
FFD061DE? 29400008             move.l  D0, ($8,A4)
FFD061E2? 4AAEFFFC             tst.l   (-$4,A6)
FFD061E6? 679C                 beq     $ffd06184
FFD061E8? 206EFFFC             movea.l (-$4,A6), A0
FFD061EC? 4268003C             clr.w   ($3c,A0)
FFD061F0? 206EFFFC             movea.l (-$4,A6), A0
FFD061F4? 4AA80034             tst.l   ($34,A0)
FFD061F8? 678A                 beq     $ffd06184
FFD061FA? 558F                 subq.l  #2, A7
FFD061FC? 486EFFFC             pea     (-$4,A6)
FFD06200? 206EFFFC             movea.l (-$4,A6), A0
FFD06204? 22680034             movea.l ($34,A0), A1
FFD06208? 4E91                 jsr     (A1)
FFD0620A? 4A1F                 tst.b   (A7)+
FFD0620C? 6700FF76             beq     $ffd06184
FFD06210? 598F                 subq.l  #4, A7
FFD06212? 2F2E0008             move.l  ($8,A6), -(A7)
FFD06216? 2F0C                 move.l  A4, -(A7)
FFD06218? 2F2EFFFC             move.l  (-$4,A6), -(A7)
FFD0621C? 7000                 moveq   #$0, D0
FFD0621E? 2F00                 move.l  D0, -(A7)
FFD06220? 4EBAFA2A             jsr     ($ffd05c4c,PC)
FFD06224? 4A9F                 tst.l   (A7)+
FFD06226? 66C8                 bne     $ffd061f0
FFD06228? 6000FF5A             bra     $ffd06184
FFD0622C? 7000                 moveq   #$0, D0
FFD0622E? 2640                 movea.l D0, A3
FFD06230? 200B                 move.l  A3, D0
FFD06232? 4CEE1880FFF0         movem.l (-$10,A6), D7/A3-A4
FFD06238? 4E5E                 unlk    A6
FFD0623A? 4E75                 rts
FFD0623C? 4E56FFF2             link    A6, #-$e
FFD06240? 48E71F38             movem.l D3-D7/A2-A4, -(A7)
FFD06244? 266E0008             movea.l ($8,A6), A3
FFD06248? 4243                 clr.w   D3
FFD0624A? 4245                 clr.w   D5
FFD0624C? 426EFFFC             clr.w   (-$4,A6)
FFD06250? 49EB0020             lea     ($20,A3), A4
FFD06254? 3E2B0626             move.w  ($626,A3), D7
FFD06258? 5347                 subq.w  #1, D7
FFD0625A? 4A47                 tst.w   D7
FFD0625C? 6D66                 blt     $ffd062c4
FFD0625E? 4A2B0628             tst.b   ($628,A3)
FFD06262? 6706                 beq     $ffd0626a
FFD06264? 396C003A0038         move.w  ($3a,A4), ($38,A4)
FFD0626A? 2F0C                 move.l  A4, -(A7)
FFD0626C? 2F0B                 move.l  A3, -(A7)
FFD0626E? 4EBAFF02             jsr     ($ffd06172,PC)
FFD06272? 2440                 movea.l D0, A2
FFD06274? 200A                 move.l  A2, D0
FFD06276? 504F                 addq.w  #8, A7
FFD06278? 6742                 beq     $ffd062bc
FFD0627A? 7008                 moveq   #$8, D0
FFD0627C? B06A000A             cmp.w   ($a,A2), D0
FFD06280? 663A                 bne     $ffd062bc
FFD06282? 4AAA0014             tst.l   ($14,A2)
FFD06286? 660A                 bne     $ffd06292
FFD06288? 302EFFFC             move.w  (-$4,A6), D0
FFD0628C? 526EFFFC             addq.w  #1, (-$4,A6)
FFD06290? 602A                 bra     $ffd062bc
FFD06292? 7001                 moveq   #$1, D0
FFD06294? B06A0008             cmp.w   ($8,A2), D0
FFD06298? 6610                 bne     $ffd062aa
FFD0629A? 3003                 move.w  D3, D0
FFD0629C? 5243                 addq.w  #1, D3
FFD0629E? 48C0                 ext.l   D0
FFD062A0? 41EB04D0             lea     ($4d0,A3), A0
FFD062A4? 218C0C00             move.l  A4, (A0,D0.l*4)
FFD062A8? 6012                 bra     $ffd062bc
FFD062AA? 5245                 addq.w  #1, D5
FFD062AC? 3005                 move.w  D5, D0
FFD062AE? 48C0                 ext.l   D0
FFD062B0? 7214                 moveq   #$14, D1
FFD062B2? 9280                 sub.l   D0, D1
FFD062B4? 41EB04D0             lea     ($4d0,A3), A0
FFD062B8? 218C1C00             move.l  A4, (A0,D1.l*4)
FFD062BC? 49EC003C             lea     ($3c,A4), A4
FFD062C0? 51CFFF9C             dbra    D7, $ffd0625e
FFD062C4? 422B0628             clr.b   ($628,A3)
FFD062C8? 3003                 move.w  D3, D0
FFD062CA? D045                 add.w   D5, D0
FFD062CC? 374005FE             move.w  D0, ($5fe,A3)
FFD062D0? 302EFFFC             move.w  (-$4,A6), D0
FFD062D4? D06B05FE             add.w   ($5fe,A3), D0
FFD062D8? 374005FC             move.w  D0, ($5fc,A3)
FFD062DC? 6606                 bne     $ffd062e4
FFD062DE? 7000                 moveq   #$0, D0
FFD062E0? 60000150             bra     $ffd06432
FFD062E4? 4244                 clr.w   D4
FFD062E6? 2C3C7FFFFFFF         move.l  #$7fffffff, D6
FFD062EC? 422EFFFF             clr.b   (-$1,A6)
FFD062F0? 41EB04D0             lea     ($4d0,A3), A0
FFD062F4? 2D48FFF2             move.l  A0, (-$e,A6)
FFD062F8? 4247                 clr.w   D7
FFD062FA? 6074                 bra     $ffd06370
FFD062FC? B647                 cmp.w   D7, D3
FFD062FE? 6612                 bne     $ffd06312
FFD06300? 48C5                 ext.l   D5
FFD06302? 7014                 moveq   #$14, D0
FFD06304? 9085                 sub.l   D5, D0
FFD06306? 43EB04D0             lea     ($4d0,A3), A1
FFD0630A? 41F10C00             lea     (A1,D0.l*4), A0
FFD0630E? 2D48FFF2             move.l  A0, (-$e,A6)
FFD06312? 206EFFF2             movea.l (-$e,A6), A0
FFD06316? 2850                 movea.l (A0), A4
FFD06318? 246C0004             movea.l ($4,A4), A2
FFD0631C? 48C7                 ext.l   D7
FFD0631E? 41EB052C             lea     ($52c,A3), A0
FFD06322? 21AA00147C00         move.l  ($14,A2), (A0,D7.l*4)
FFD06328? 48C7                 ext.l   D7
FFD0632A? 41EB057C             lea     ($57c,A3), A0
FFD0632E? 21AC000C7C00         move.l  ($c,A4), (A0,D7.l*4)
FFD06334? 48C7                 ext.l   D7
FFD06336? 41EB04D0             lea     ($4d0,A3), A0
FFD0633A? 218C7C00             move.l  A4, (A0,D7.l*4)
FFD0633E? BCAA0010             cmp.l   ($10,A2), D6
FFD06342? 6F04                 ble     $ffd06348
FFD06344? 2C2A0010             move.l  ($10,A2), D6
FFD06348? 302C0034             move.w  ($34,A4), D0
FFD0634C? B06C0036             cmp.w   ($36,A4), D0
FFD06350? 670C                 beq     $ffd0635e
FFD06352? 1D7C0001FFFF         move.b  #$1, (-$1,A6)
FFD06358? 00440010             ori.w   #$10, D4
FFD0635C? 600C                 bra     $ffd0636a
FFD0635E? 0C6C01000034         cmpi.w  #$100, ($34,A4)
FFD06364? 6704                 beq     $ffd0636a
FFD06366? 00440010             ori.w   #$10, D4
FFD0636A? 58AEFFF2             addq.l  #4, (-$e,A6)
FFD0636E? 5247                 addq.w  #1, D7
FFD06370? BE6B05FE             cmp.w   ($5fe,A3), D7
FFD06374? 6D86                 blt     $ffd062fc
FFD06376? 4A6EFFFC             tst.w   (-$4,A6)
FFD0637A? 6764                 beq     $ffd063e0
FFD0637C? 3D6B05FEFFFC         move.w  ($5fe,A3), (-$4,A6)
FFD06382? 49EB0020             lea     ($20,A3), A4
FFD06386? 3E2B0626             move.w  ($626,A3), D7
FFD0638A? 5347                 subq.w  #1, D7
FFD0638C? 4A47                 tst.w   D7
FFD0638E? 6D50                 blt     $ffd063e0
FFD06390? 2F0C                 move.l  A4, -(A7)
FFD06392? 2F0B                 move.l  A3, -(A7)
FFD06394? 4EBAFDDC             jsr     ($ffd06172,PC)
FFD06398? 2440                 movea.l D0, A2
FFD0639A? 200A                 move.l  A2, D0
FFD0639C? 504F                 addq.w  #8, A7
FFD0639E? 6738                 beq     $ffd063d8
FFD063A0? 7008                 moveq   #$8, D0
FFD063A2? B06A000A             cmp.w   ($a,A2), D0
FFD063A6? 6630                 bne     $ffd063d8
FFD063A8? 4AAA0014             tst.l   ($14,A2)
FFD063AC? 662A                 bne     $ffd063d8
FFD063AE? 302EFFFC             move.w  (-$4,A6), D0
FFD063B2? 526EFFFC             addq.w  #1, (-$4,A6)
FFD063B6? 48C0                 ext.l   D0
FFD063B8? 41EB04D0             lea     ($4d0,A3), A0
FFD063BC? 218C0C00             move.l  A4, (A0,D0.l*4)
FFD063C0? BCAA0010             cmp.l   ($10,A2), D6
FFD063C4? 6F04                 ble     $ffd063ca
FFD063C6? 2C2A0010             move.l  ($10,A2), D6
FFD063CA? 7002                 moveq   #$2, D0
FFD063CC? B06A0008             cmp.w   ($8,A2), D0
FFD063D0? 6606                 bne     $ffd063d8
FFD063D2? 1D7C0001FFFF         move.b  #$1, (-$1,A6)
FFD063D8? 49EC003C             lea     ($3c,A4), A4
FFD063DC? 51CFFFB2             dbra    D7, $ffd06390
FFD063E0? 7040                 moveq   #$40, D0
FFD063E2? C0AB0600             and.l   ($600,A3), D0
FFD063E6? 6708                 beq     $ffd063f0
FFD063E8? 422EFFFF             clr.b   (-$1,A6)
FFD063EC? 0244FFEF             andi.w  #$ffef, D4
FFD063F0? 7002                 moveq   #$2, D0
FFD063F2? B06B0608             cmp.w   ($608,A3), D0
FFD063F6? 660E                 bne     $ffd06406
FFD063F8? 4A45                 tst.w   D5
FFD063FA? 6606                 bne     $ffd06402
FFD063FC? 4A2EFFFF             tst.b   (-$1,A6)
FFD06400? 6704                 beq     $ffd06406
FFD06402? 00440020             ori.w   #$20, D4
FFD06406? 0C430003             cmpi.w  #$3, D3
FFD0640A? 6E14                 bgt     $ffd06420
FFD0640C? 0C450003             cmpi.w  #$3, D5
FFD06410? 6E0E                 bgt     $ffd06420
FFD06412? 48C5                 ext.l   D5
FFD06414? 2005                 move.l  D5, D0
FFD06416? E588                 lsl.l   #2, D0
FFD06418? 48C3                 ext.l   D3
FFD0641A? 2203                 move.l  D3, D1
FFD0641C? 8280                 or.l    D0, D1
FFD0641E? 8841                 or.w    D1, D4
FFD06420? 374405D0             move.w  D4, ($5d0,A3)
FFD06424? 374305D4             move.w  D3, ($5d4,A3)
FFD06428? 374505D6             move.w  D5, ($5d6,A3)
FFD0642C? 274605D8             move.l  D6, ($5d8,A3)
FFD06430? 2006                 move.l  D6, D0
FFD06432? 4CEE1CF8FFD2         movem.l (-$2e,A6), D3-D7/A2-A4
FFD06438? 4E5E                 unlk    A6
FFD0643A? 4E75                 rts
FFD0643C? 4E560000             link    A6, #$0
FFD06440? 48E70738             movem.l D5-D7/A2-A4, -(A7)
FFD06444? 266E0008             movea.l ($8,A6), A3
FFD06448? 286E000C             movea.l ($c,A6), A4
FFD0644C? 3A14                 move.w  (A4), D5
FFD0644E? 7002                 moveq   #$2, D0
FFD06450? B06C0004             cmp.w   ($4,A4), D0
FFD06454? 6D08                 blt     $ffd0645e
FFD06456? 4A6C0006             tst.w   ($6,A4)
FFD0645A? 660000D6             bne     $ffd06532
FFD0645E? 3C2C0004             move.w  ($4,A4), D6
FFD06462? 0C460003             cmpi.w  #$3, D6
FFD06466? 6F02                 ble     $ffd0646a
FFD06468? 7C03                 moveq   #$3, D6
FFD0646A? 3006                 move.w  D6, D0
FFD0646C? 807C0030             or.w    #$30, D0
FFD06470? 3880                 move.w  D0, (A4)
FFD06472? 2F0C                 move.l  A4, -(A7)
FFD06474? 4EBA082E             jsr     ($ffd06ca4,PC)
FFD06478? 9D6C0004             sub.w   D6, ($4,A4)
FFD0647C? 3E2C0006             move.w  ($6,A4), D7
FFD06480? DE6C0004             add.w   ($4,A4), D7
FFD06484? 48C6                 ext.l   D6
FFD06486? 45EB052C             lea     ($52c,A3), A2
FFD0648A? 43F26C00             lea     (A2,D6.l*4), A1
FFD0648E? 2049                 movea.l A1, A0
FFD06490? 45EB052C             lea     ($52c,A3), A2
FFD06494? 224A                 movea.l A2, A1
FFD06496? 3207                 move.w  D7, D1
FFD06498? 48C1                 ext.l   D1
FFD0649A? E581                 asl.l   #2, D1
FFD0649C? 2001                 move.l  D1, D0
FFD0649E? A22E                 _BlockMoveData                            ; A-line trap A22E
FFD064A0? 48C6                 ext.l   D6
FFD064A2? 45EB057C             lea     ($57c,A3), A2
FFD064A6? 43F26C00             lea     (A2,D6.l*4), A1
FFD064AA? 2049                 movea.l A1, A0
FFD064AC? 45EB057C             lea     ($57c,A3), A2
FFD064B0? 224A                 movea.l A2, A1
FFD064B2? 3207                 move.w  D7, D1
FFD064B4? 48C1                 ext.l   D1
FFD064B6? E581                 asl.l   #2, D1
FFD064B8? 2001                 move.l  D1, D0
FFD064BA? A22E                 _BlockMoveData                            ; A-line trap A22E
FFD064BC? 48C7                 ext.l   D7
FFD064BE? 41EB052C             lea     ($52c,A3), A0
FFD064C2? 21AC00147C00         move.l  ($14,A4), (A0,D7.l*4)
FFD064C8? 48C7                 ext.l   D7
FFD064CA? 41EB057C             lea     ($57c,A3), A0
FFD064CE? 21AC001C7C00         move.l  ($1c,A4), (A0,D7.l*4)
FFD064D4? 526C0006             addq.w  #1, ($6,A4)
FFD064D8? 584F                 addq.w  #4, A7
FFD064DA? 6056                 bra     $ffd06532
FFD064DC? 302C0004             move.w  ($4,A4), D0
FFD064E0? 48C0                 ext.l   D0
FFD064E2? 322C0006             move.w  ($6,A4), D1
FFD064E6? 48C1                 ext.l   D1
FFD064E8? D280                 add.l   D0, D1
FFD064EA? 3E01                 move.w  D1, D7
FFD064EC? 5747                 subq.w  #3, D7
FFD064EE? 48C7                 ext.l   D7
FFD064F0? 43EB052C             lea     ($52c,A3), A1
FFD064F4? 41F17C00             lea     (A1,D7.l*4), A0
FFD064F8? 29480010             move.l  A0, ($10,A4)
FFD064FC? 48C7                 ext.l   D7
FFD064FE? 43EB057C             lea     ($57c,A3), A1
FFD06502? 41F17C00             lea     (A1,D7.l*4), A0
FFD06506? 29480018             move.l  A0, ($18,A4)
FFD0650A? 38BC003C             move.w  #$3c, (A4)
FFD0650E? 2F0C                 move.l  A4, -(A7)
FFD06510? 4EBA0792             jsr     ($ffd06ca4,PC)
FFD06514? 48C7                 ext.l   D7
FFD06516? 41EB052C             lea     ($52c,A3), A0
FFD0651A? 21AC00147C00         move.l  ($14,A4), (A0,D7.l*4)
FFD06520? 48C7                 ext.l   D7
FFD06522? 41EB057C             lea     ($57c,A3), A0
FFD06526? 21AC001C7C00         move.l  ($1c,A4), (A0,D7.l*4)
FFD0652C? 556C0006             subq.w  #2, ($6,A4)
FFD06530? 584F                 addq.w  #4, A7
FFD06532? 7002                 moveq   #$2, D0
FFD06534? B06C0006             cmp.w   ($6,A4), D0
FFD06538? 6DA2                 blt     $ffd064dc
FFD0653A? 606E                 bra     $ffd065aa
FFD0653C? 3C2C0004             move.w  ($4,A4), D6
FFD06540? 0C460002             cmpi.w  #$2, D6
FFD06544? 6F02                 ble     $ffd06548
FFD06546? 7C02                 moveq   #$2, D6
FFD06548? 3E2C0004             move.w  ($4,A4), D7
FFD0654C? 9E46                 sub.w   D6, D7
FFD0654E? 48C7                 ext.l   D7
FFD06550? 43EB052C             lea     ($52c,A3), A1
FFD06554? 41F17C00             lea     (A1,D7.l*4), A0
FFD06558? 29480010             move.l  A0, ($10,A4)
FFD0655C? 48C7                 ext.l   D7
FFD0655E? 43EB057C             lea     ($57c,A3), A1
FFD06562? 41F17C00             lea     (A1,D7.l*4), A0
FFD06566? 29480018             move.l  A0, ($18,A4)
FFD0656A? 302C0006             move.w  ($6,A4), D0
FFD0656E? 48C0                 ext.l   D0
FFD06570? E588                 lsl.l   #2, D0
FFD06572? 80BC00000030         or.l    #$30, D0
FFD06578? 48C6                 ext.l   D6
FFD0657A? 2206                 move.l  D6, D1
FFD0657C? 8280                 or.l    D0, D1
FFD0657E? 3881                 move.w  D1, (A4)
FFD06580? 2F0C                 move.l  A4, -(A7)
FFD06582? 4EBA0720             jsr     ($ffd06ca4,PC)
FFD06586? 48C7                 ext.l   D7
FFD06588? 41EB052C             lea     ($52c,A3), A0
FFD0658C? 21AC00147C00         move.l  ($14,A4), (A0,D7.l*4)
FFD06592? 48C7                 ext.l   D7
FFD06594? 41EB057C             lea     ($57c,A3), A0
FFD06598? 21AC001C7C00         move.l  ($1c,A4), (A0,D7.l*4)
FFD0659E? 397C00010006         move.w  #$1, ($6,A4)
FFD065A4? 9D6C0004             sub.w   D6, ($4,A4)
FFD065A8? 584F                 addq.w  #4, A7
FFD065AA? 4A6C0004             tst.w   ($4,A4)
FFD065AE? 668C                 bne     $ffd0653c
FFD065B0? 7001                 moveq   #$1, D0
FFD065B2? B06C0006             cmp.w   ($6,A4), D0
FFD065B6? 6684                 bne     $ffd0653c
FFD065B8? 7020                 moveq   #$20, D0
FFD065BA? C045                 and.w   D5, D0
FFD065BC? 660C                 bne     $ffd065ca
FFD065BE? 38BC0004             move.w  #$4, (A4)
FFD065C2? 2F0C                 move.l  A4, -(A7)
FFD065C4? 4EBA06DE             jsr     ($ffd06ca4,PC)
FFD065C8? 584F                 addq.w  #4, A7
FFD065CA? 4CEE1CE0FFE8         movem.l (-$18,A6), D5-D7/A2-A4
FFD065D0? 4E5E                 unlk    A6
FFD065D2? 4E75                 rts
FFD065D4? 4E56FFF4             link    A6, #-$c
FFD065D8? 48E71F38             movem.l D3-D7/A2-A4, -(A7)
FFD065DC? 266E000C             movea.l ($c,A6), A3
FFD065E0? 45EB05D0             lea     ($5d0,A3), A2
FFD065E4? 276B06360018         move.l  ($636,A3), ($18,A3)
FFD065EA? 7000                 moveq   #$0, D0
FFD065EC? 27400014             move.l  D0, ($14,A3)
FFD065F0? 426B000C             clr.w   ($c,A3)
FFD065F4? 27400528             move.l  D0, ($528,A3)
FFD065F8? 262B0610             move.l  ($610,A3), D3
FFD065FC? 2D6B0636FFFC         move.l  ($636,A3), (-$4,A6)
FFD06602? 6000013A             bra     $ffd0673e
FFD06606? 2F0B                 move.l  A3, -(A7)
FFD06608? 4EBAFC32             jsr     ($ffd0623c,PC)
FFD0660C? 2A00                 move.l  D0, D5
FFD0660E? 584F                 addq.w  #4, A7
FFD06610? 67000132             beq     $ffd06744
FFD06614? 7020                 moveq   #$20, D0
FFD06616? C052                 and.w   (A2), D0
FFD06618? 6704                 beq     $ffd0661e
FFD0661A? 7002                 moveq   #$2, D0
FFD0661C? 6002                 bra     $ffd06620
FFD0661E? 7001                 moveq   #$1, D0
FFD06620? 4880                 ext.w   D0
FFD06622? 3800                 move.w  D0, D4
FFD06624? 4A6B000C             tst.w   ($c,A3)
FFD06628? 6604                 bne     $ffd0662e
FFD0662A? 3744000C             move.w  D4, ($c,A3)
FFD0662E? B685                 cmp.l   D5, D3
FFD06630? 6E44                 bgt     $ffd06676
FFD06632? 2A03                 move.l  D3, D5
FFD06634? 25450008             move.l  D5, ($8,A2)
FFD06638? 206B04D0             movea.l ($4d0,A3), A0
FFD0663C? 28680004             movea.l ($4,A0), A4
FFD06640? 7001                 moveq   #$1, D0
FFD06642? B06B05FE             cmp.w   ($5fe,A3), D0
FFD06646? 662E                 bne     $ffd06676
FFD06648? 7010                 moveq   #$10, D0
FFD0664A? C052                 and.w   (A2), D0
FFD0664C? 7200                 moveq   #$0, D1
FFD0664E? 3200                 move.w  D0, D1
FFD06650? 4A81                 tst.l   D1
FFD06652? 6622                 bne     $ffd06676
FFD06654? 302C0008             move.w  ($8,A4), D0
FFD06658? B06B0608             cmp.w   ($608,A3), D0
FFD0665C? 6E18                 bgt     $ffd06676
FFD0665E? 4AAC0014             tst.l   ($14,A4)
FFD06662? 6712                 beq     $ffd06676
FFD06664? 4AAB0014             tst.l   ($14,A3)
FFD06668? 660C                 bne     $ffd06676
FFD0666A? 276B052C0018         move.l  ($52c,A3), ($18,A3)
FFD06670? 27480528             move.l  A0, ($528,A3)
FFD06674? 6064                 bra     $ffd066da
FFD06676? 7001                 moveq   #$1, D0
FFD06678? B06B000C             cmp.w   ($c,A3), D0
FFD0667C? 660E                 bne     $ffd0668c
FFD0667E? 0C440002             cmpi.w  #$2, D4
FFD06682? 6608                 bne     $ffd0668c
FFD06684? 0252FFDF             andi.w  #$ffdf, (A2)
FFD06688? 7801                 moveq   #$1, D4
FFD0668A? 6014                 bra     $ffd066a0
FFD0668C? 7002                 moveq   #$2, D0
FFD0668E? B06B000C             cmp.w   ($c,A3), D0
FFD06692? 660C                 bne     $ffd066a0
FFD06694? 0C440001             cmpi.w  #$1, D4
FFD06698? 6606                 bne     $ffd066a0
FFD0669A? 00520030             ori.w   #$30, (A2)
FFD0669E? 7802                 moveq   #$2, D4
FFD066A0? 7001                 moveq   #$1, D0
FFD066A2? B06B05FE             cmp.w   ($5fe,A3), D0
FFD066A6? 6604                 bne     $ffd066ac
FFD066A8? 00520010             ori.w   #$10, (A2)
FFD066AC? 41EB052C             lea     ($52c,A3), A0
FFD066B0? 25480010             move.l  A0, ($10,A2)
FFD066B4? 256EFFFC0014         move.l  (-$4,A6), ($14,A2)
FFD066BA? 41EB057C             lea     ($57c,A3), A0
FFD066BE? 25480018             move.l  A0, ($18,A2)
FFD066C2? 2F0A                 move.l  A2, -(A7)
FFD066C4? 4EBA05DE             jsr     ($ffd06ca4,PC)
FFD066C8? 4A6A0002             tst.w   ($2,A2)
FFD066CC? 584F                 addq.w  #4, A7
FFD066CE? 670A                 beq     $ffd066da
FFD066D0? 2F0A                 move.l  A2, -(A7)
FFD066D2? 2F0B                 move.l  A3, -(A7)
FFD066D4? 4EBAFD66             jsr     ($ffd0643c,PC)
FFD066D8? 504F                 addq.w  #8, A7
FFD066DA? 7002                 moveq   #$2, D0
FFD066DC? C0AB0600             and.l   ($600,A3), D0
FFD066E0? 6712                 beq     $ffd066f4
FFD066E2? 7002                 moveq   #$2, D0
FFD066E4? B06B0058             cmp.w   ($58,A3), D0
FFD066E8? 660A                 bne     $ffd066f4
FFD066EA? 206B0024             movea.l ($24,A3), A0
FFD066EE? 2768000C0010         move.l  ($c,A0), ($10,A3)
FFD066F4? 3C2B05FC             move.w  ($5fc,A3), D6
FFD066F8? 5346                 subq.w  #1, D6
FFD066FA? 4A46                 tst.w   D6
FFD066FC? 6D2C                 blt     $ffd0672a
FFD066FE? 48C6                 ext.l   D6
FFD06700? 43EB04D0             lea     ($4d0,A3), A1
FFD06704? 20716C00             movea.l (A1,D6.l*4), A0
FFD06708? 28680004             movea.l ($4,A0), A4
FFD0670C? 4AAC0014             tst.l   ($14,A4)
FFD06710? 6710                 beq     $ffd06722
FFD06712? 2E05                 move.l  D5, D7
FFD06714? 7002                 moveq   #$2, D0
FFD06716? B06C0008             cmp.w   ($8,A4), D0
FFD0671A? 6602                 bne     $ffd0671e
FFD0671C? DE87                 add.l   D7, D7
FFD0671E? DFAC0014             add.l   D7, ($14,A4)
FFD06722? 9BAC0010             sub.l   D5, ($10,A4)
FFD06726? 51CEFFD6             dbra    D6, $ffd066fe
FFD0672A? 2E05                 move.l  D5, D7
FFD0672C? 0C440002             cmpi.w  #$2, D4
FFD06730? 6602                 bne     $ffd06734
FFD06732? DE87                 add.l   D7, D7
FFD06734? DBAB0014             add.l   D5, ($14,A3)
FFD06738? 9685                 sub.l   D5, D3
FFD0673A? DFAEFFFC             add.l   D7, (-$4,A6)
FFD0673E? 4A83                 tst.l   D3
FFD06740? 6600FEC4             bne     $ffd06606
FFD06744? 7010                 moveq   #$10, D0
FFD06746? B06B060A             cmp.w   ($60a,A3), D0
FFD0674A? 6608                 bne     $ffd06754
FFD0674C? 2F0B                 move.l  A3, -(A7)
FFD0674E? 4EBA0142             jsr     ($ffd06892,PC)
FFD06752? 584F                 addq.w  #4, A7
FFD06754? 204B                 movea.l A3, A0
FFD06756? 5888                 addq.l  #4, A0
FFD06758? 226E0008             movea.l ($8,A6), A1
FFD0675C? 2288                 move.l  A0, (A1)
FFD0675E? 7000                 moveq   #$0, D0
FFD06760? 2D400010             move.l  D0, ($10,A6)
FFD06764? 4CEE1CF8FFD4         movem.l (-$2c,A6), D3-D7/A2-A4
FFD0676A? 4E5E                 unlk    A6
FFD0676C? 4E740008             rtd     #$8; (1+)
FFD06770? 4E56FFF8             link    A6, #-$8
FFD06774? 48E71F38             movem.l D3-D7/A2-A4, -(A7)
FFD06778? 246E000C             movea.l ($c,A6), A2
FFD0677C? 266E0008             movea.l ($8,A6), A3
FFD06780? 2C2B0610             move.l  ($610,A3), D6
FFD06784? 2D6B0636FFFC         move.l  ($636,A3), (-$4,A6)
FFD0678A? 60000084             bra     $ffd06810
FFD0678E? 2F0A                 move.l  A2, -(A7)
FFD06790? 2F0B                 move.l  A3, -(A7)
FFD06792? 4EBAF9DE             jsr     ($ffd06172,PC)
FFD06796? 2840                 movea.l D0, A4
FFD06798? 200C                 move.l  A4, D0
FFD0679A? 504F                 addq.w  #8, A7
FFD0679C? 6608                 bne     $ffd067a6
FFD0679E? 202B0610             move.l  ($610,A3), D0
FFD067A2? 9086                 sub.l   D6, D0
FFD067A4? 6074                 bra     $ffd0681a
FFD067A6? 2E2C0010             move.l  ($10,A4), D7
FFD067AA? BC87                 cmp.l   D7, D6
FFD067AC? 6C02                 bge     $ffd067b0
FFD067AE? 2E06                 move.l  D6, D7
FFD067B0? 4245                 clr.w   D5
FFD067B2? 7002                 moveq   #$2, D0
FFD067B4? B06C0008             cmp.w   ($8,A4), D0
FFD067B8? 6604                 bne     $ffd067be
FFD067BA? 00450002             ori.w   #$2, D5
FFD067BE? 2F0A                 move.l  A2, -(A7)
FFD067C0? 2F0B                 move.l  A3, -(A7)
FFD067C2? 4EBA009A             jsr     ($ffd0685e,PC)
FFD067C6? 4A00                 tst.b   D0
FFD067C8? 504F                 addq.w  #8, A7
FFD067CA? 6704                 beq     $ffd067d0
FFD067CC? 00450004             ori.w   #$4, D5
FFD067D0? 4AAC0014             tst.l   ($14,A4)
FFD067D4? 672C                 beq     $ffd06802
FFD067D6? 48C5                 ext.l   D5
FFD067D8? 2F05                 move.l  D5, -(A7)
FFD067DA? 2F07                 move.l  D7, -(A7)
FFD067DC? 2F2EFFFC             move.l  (-$4,A6), -(A7)
FFD067E0? 2F2C0014             move.l  ($14,A4), -(A7)
FFD067E4? 2F0A                 move.l  A2, -(A7)
FFD067E6? 4EBA0306             jsr     ($ffd06aee,PC)
FFD067EA? 2607                 move.l  D7, D3
FFD067EC? 2803                 move.l  D3, D4
FFD067EE? D883                 add.l   D3, D4
FFD067F0? 7002                 moveq   #$2, D0
FFD067F2? B06C0008             cmp.w   ($8,A4), D0
FFD067F6? 4FEF0014             lea     ($14,A7), A7
FFD067FA? 6602                 bne     $ffd067fe
FFD067FC? D884                 add.l   D4, D4
FFD067FE? D9AC0014             add.l   D4, ($14,A4)
FFD06802? 9FAC0010             sub.l   D7, ($10,A4)
FFD06806? 9C87                 sub.l   D7, D6
FFD06808? 2007                 move.l  D7, D0
FFD0680A? E788                 lsl.l   #3, D0
FFD0680C? D1AEFFFC             add.l   D0, (-$4,A6)
FFD06810? 4A86                 tst.l   D6
FFD06812? 6600FF7A             bne     $ffd0678e
FFD06816? 202B0610             move.l  ($610,A3), D0
FFD0681A? 4CEE1CF8FFD8         movem.l (-$28,A6), D3-D7/A2-A4
FFD06820? 4E5E                 unlk    A6
FFD06822? 4E75                 rts
FFD06824? 4E560000             link    A6, #$0
FFD06828? 2F0B                 move.l  A3, -(A7)
FFD0682A? 266E000C             movea.l ($c,A6), A3
FFD0682E? 226E0008             movea.l ($8,A6), A1
FFD06832? 203C00000080         move.l  #$80, D0
FFD06838? C0A90600             and.l   ($600,A1), D0
FFD0683C? 6706                 beq     $ffd06844
FFD0683E? 202B0010             move.l  ($10,A3), D0
FFD06842? 6012                 bra     $ffd06856
FFD06844? 202B0010             move.l  ($10,A3), D0
FFD06848? B0A90610             cmp.l   ($610,A1), D0
FFD0684C? 6D06                 blt     $ffd06854
FFD0684E? 20290610             move.l  ($610,A1), D0
FFD06852? 6002                 bra     $ffd06856
FFD06854? 7000                 moveq   #$0, D0
FFD06856? 266EFFFC             movea.l (-$4,A6), A3
FFD0685A? 4E5E                 unlk    A6
FFD0685C? 4E75                 rts
FFD0685E? 4E560000             link    A6, #$0
FFD06862? 2F0C                 move.l  A4, -(A7)
FFD06864? 286E000C             movea.l ($c,A6), A4
FFD06868? 206E0008             movea.l ($8,A6), A0
FFD0686C? 7040                 moveq   #$40, D0
FFD0686E? C0A80600             and.l   ($600,A0), D0
FFD06872? 6614                 bne     $ffd06888
FFD06874? 0C6C01000034         cmpi.w  #$100, ($34,A4)
FFD0687A? 6608                 bne     $ffd06884
FFD0687C? 0C6C01000036         cmpi.w  #$100, ($36,A4)
FFD06882? 6704                 beq     $ffd06888
FFD06884? 7001                 moveq   #$1, D0
FFD06886? 6002                 bra     $ffd0688a
FFD06888? 7000                 moveq   #$0, D0
FFD0688A? 286EFFFC             movea.l (-$4,A6), A4
FFD0688E? 4E5E                 unlk    A6
FFD06890? 4E75                 rts
FFD06892? 4E56FFF6             link    A6, #-$a
FFD06896? 48E71F38             movem.l D3-D7/A2-A4, -(A7)
FFD0689A? 286E0008             movea.l ($8,A6), A4
FFD0689E? 41EC04D0             lea     ($4d0,A4), A0
FFD068A2? 2D48FFFA             move.l  A0, (-$6,A6)
FFD068A6? 47EC0020             lea     ($20,A4), A3
FFD068AA? 4244                 clr.w   D4
FFD068AC? 3E2C0626             move.w  ($626,A4), D7
FFD068B0? 5347                 subq.w  #1, D7
FFD068B2? 4A47                 tst.w   D7
FFD068B4? 6D26                 blt     $ffd068dc
FFD068B6? 246B0004             movea.l ($4,A3), A2
FFD068BA? 200A                 move.l  A2, D0
FFD068BC? 6716                 beq     $ffd068d4
FFD068BE? 7010                 moveq   #$10, D0
FFD068C0? B06A000A             cmp.w   ($a,A2), D0
FFD068C4? 660E                 bne     $ffd068d4
FFD068C6? 206EFFFA             movea.l (-$6,A6), A0
FFD068CA? 58AEFFFA             addq.l  #4, (-$6,A6)
FFD068CE? 208B                 move.l  A3, (A0)
FFD068D0? 3004                 move.w  D4, D0
FFD068D2? 5244                 addq.w  #1, D4
FFD068D4? 47EB003C             lea     ($3c,A3), A3
FFD068D8? 51CFFFDC             dbra    D7, $ffd068b6
FFD068DC? 7A00                 moveq   #$0, D5
FFD068DE? 4AAC0014             tst.l   ($14,A4)
FFD068E2? 6754                 beq     $ffd06938
FFD068E4? 4243                 clr.w   D3
FFD068E6? 7002                 moveq   #$2, D0
FFD068E8? B06C000C             cmp.w   ($c,A4), D0
FFD068EC? 6604                 bne     $ffd068f2
FFD068EE? 00430002             ori.w   #$2, D3
FFD068F2? 7002                 moveq   #$2, D0
FFD068F4? B06C0608             cmp.w   ($608,A4), D0
FFD068F8? 6604                 bne     $ffd068fe
FFD068FA? 00430004             ori.w   #$4, D3
FFD068FE? 4A44                 tst.w   D4
FFD06900? 6704                 beq     $ffd06906
FFD06902? 00430008             ori.w   #$8, D3
FFD06906? 48C3                 ext.l   D3
FFD06908? 2F03                 move.l  D3, -(A7)
FFD0690A? 2F2C0014             move.l  ($14,A4), -(A7)
FFD0690E? 2F2C0636             move.l  ($636,A4), -(A7)
FFD06912? 2F2C0018             move.l  ($18,A4), -(A7)
FFD06916? 4EBA0294             jsr     ($ffd06bac,PC)
FFD0691A? 2A2C0014             move.l  ($14,A4), D5
FFD0691E? 4A44                 tst.w   D4
FFD06920? 4FEF0010             lea     ($10,A7), A7
FFD06924? 6600008E             bne     $ffd069b4
FFD06928? 296C06360018         move.l  ($636,A4), ($18,A4)
FFD0692E? 396C0608000C         move.w  ($608,A4), ($c,A4)
FFD06934? 60000106             bra     $ffd06a3c
FFD06938? 4A44                 tst.w   D4
FFD0693A? 67000100             beq     $ffd06a3c
FFD0693E? 0C440001             cmpi.w  #$1, D4
FFD06942? 6670                 bne     $ffd069b4
FFD06944? 266C04D0             movea.l ($4d0,A4), A3
FFD06948? 246B0004             movea.l ($4,A3), A2
FFD0694C? 200A                 move.l  A2, D0
FFD0694E? 670000EC             beq     $ffd06a3c
FFD06952? 4AAA0010             tst.l   ($10,A2)
FFD06956? 670000E4             beq     $ffd06a3c
FFD0695A? 4AAA0014             tst.l   ($14,A2)
FFD0695E? 6754                 beq     $ffd069b4
FFD06960? 302A0008             move.w  ($8,A2), D0
FFD06964? B06C0608             cmp.w   ($608,A4), D0
FFD06968? 664A                 bne     $ffd069b4
FFD0696A? 2F0A                 move.l  A2, -(A7)
FFD0696C? 2F0C                 move.l  A4, -(A7)
FFD0696E? 4EBAFEB4             jsr     ($ffd06824,PC)
FFD06972? 2C00                 move.l  D0, D6
FFD06974? 504F                 addq.w  #8, A7
FFD06976? 673C                 beq     $ffd069b4
FFD06978? 2F0B                 move.l  A3, -(A7)
FFD0697A? 2F0C                 move.l  A4, -(A7)
FFD0697C? 4EBAFEE0             jsr     ($ffd0685e,PC)
FFD06980? 4A00                 tst.b   D0
FFD06982? 504F                 addq.w  #8, A7
FFD06984? 662E                 bne     $ffd069b4
FFD06986? 204C                 movea.l A4, A0
FFD06988? 5888                 addq.l  #4, A0
FFD0698A? 224A                 movea.l A2, A1
FFD0698C? 7006                 moveq   #$6, D0
FFD0698E? 20D9                 move.l  (A1)+, (A0)+
FFD06990? 51C8FFFC             dbra    D0, $ffd0698e
FFD06994? 29460014             move.l  D6, ($14,A4)
FFD06998? 294B0528             move.l  A3, ($528,A4)
FFD0699C? 9DAA0010             sub.l   D6, ($10,A2)
FFD069A0? DC86                 add.l   D6, D6
FFD069A2? 7002                 moveq   #$2, D0
FFD069A4? B06A0008             cmp.w   ($8,A2), D0
FFD069A8? 6602                 bne     $ffd069ac
FFD069AA? DC86                 add.l   D6, D6
FFD069AC? DDAA0014             add.l   D6, ($14,A2)
FFD069B0? 6000008A             bra     $ffd06a3c
FFD069B4? 202C0610             move.l  ($610,A4), D0
FFD069B8? 9085                 sub.l   D5, D0
FFD069BA? 2F00                 move.l  D0, -(A7)
FFD069BC? 2005                 move.l  D5, D0
FFD069BE? E588                 lsl.l   #2, D0
FFD069C0? D0AC0636             add.l   ($636,A4), D0
FFD069C4? 2F00                 move.l  D0, -(A7)
FFD069C6? 4EBA007E             jsr     ($ffd06a46,PC)
FFD069CA? 41EC04D0             lea     ($4d0,A4), A0
FFD069CE? 2D48FFFA             move.l  A0, (-$6,A6)
FFD069D2? 3E04                 move.w  D4, D7
FFD069D4? 5347                 subq.w  #1, D7
FFD069D6? 4A47                 tst.w   D7
FFD069D8? 504F                 addq.w  #8, A7
FFD069DA? 6D20                 blt     $ffd069fc
FFD069DC? 206EFFFA             movea.l (-$6,A6), A0
FFD069E0? 58AEFFFA             addq.l  #4, (-$6,A6)
FFD069E4? 2650                 movea.l (A0), A3
FFD069E6? 2F0B                 move.l  A3, -(A7)
FFD069E8? 2F0C                 move.l  A4, -(A7)
FFD069EA? 4EBAFD84             jsr     ($ffd06770,PC)
FFD069EE? 2C00                 move.l  D0, D6
FFD069F0? BA86                 cmp.l   D6, D5
FFD069F2? 504F                 addq.w  #8, A7
FFD069F4? 6402                 bcc     $ffd069f8
FFD069F6? 2A06                 move.l  D6, D5
FFD069F8? 51CFFFE2             dbra    D7, $ffd069dc
FFD069FC? 302C0608             move.w  ($608,A4), D0
FFD06A00? 48C0                 ext.l   D0
FFD06A02? 2F00                 move.l  D0, -(A7)
FFD06A04? 2F05                 move.l  D5, -(A7)
FFD06A06? 2F2C0636             move.l  ($636,A4), -(A7)
FFD06A0A? 4EBA005C             jsr     ($ffd06a68,PC)
FFD06A0E? 296C06360018         move.l  ($636,A4), ($18,A4)
FFD06A14? 29450014             move.l  D5, ($14,A4)
FFD06A18? 396C0608000C         move.w  ($608,A4), ($c,A4)
FFD06A1E? 7002                 moveq   #$2, D0
FFD06A20? C0AC0600             and.l   ($600,A4), D0
FFD06A24? 4FEF000C             lea     ($c,A7), A7
FFD06A28? 6712                 beq     $ffd06a3c
FFD06A2A? 7002                 moveq   #$2, D0
FFD06A2C? B06C0058             cmp.w   ($58,A4), D0
FFD06A30? 660A                 bne     $ffd06a3c
FFD06A32? 206C0024             movea.l ($24,A4), A0
FFD06A36? 2968000C0010         move.l  ($c,A0), ($10,A4)
FFD06A3C? 4CEE1CF8FFD6         movem.l (-$2a,A6), D3-D7/A2-A4
FFD06A42? 4E5E                 unlk    A6
FFD06A44? 4E75                 rts
FFD06A46? 4E560000             link    A6, #$0
FFD06A4A? 342E000E             move.w  ($e,A6), D2
FFD06A4E? 226E0008             movea.l ($8,A6), A1
FFD06A52? 7200                 moveq   #$0, D1
FFD06A54? 3002                 move.w  D2, D0
FFD06A56? 5340                 subq.w  #1, D0
FFD06A58? 4A40                 tst.w   D0
FFD06A5A? 6D08                 blt     $ffd06a64
FFD06A5C? 22C1                 move.l  D1, (A1)+
FFD06A5E? 22C1                 move.l  D1, (A1)+
FFD06A60? 51C8FFFA             dbra    D0, $ffd06a5c
FFD06A64? 4E5E                 unlk    A6
FFD06A66? 4E75                 rts
FFD06A68? 4E560000             link    A6, #$0
FFD06A6C? 48E71F10             movem.l D3-D7/A3, -(A7)
FFD06A70? 342E0012             move.w  ($12,A6), D2
FFD06A74? 362E000E             move.w  ($e,A6), D3
FFD06A78? 266E0008             movea.l ($8,A6), A3
FFD06A7C? 224B                 movea.l A3, A1
FFD06A7E? 283CFFFF8000         move.l  #$ffff8000, D4
FFD06A84? 2A3C00007FFF         move.l  #$7fff, D5
FFD06A8A? 0C420002             cmpi.w  #$2, D2
FFD06A8E? 662E                 bne     $ffd06abe
FFD06A90? 3002                 move.w  D2, D0
FFD06A92? 5342                 subq.w  #1, D2
FFD06A94? 4A42                 tst.w   D2
FFD06A96? 6D4C                 blt     $ffd06ae4
FFD06A98? 3C03                 move.w  D3, D6
FFD06A9A? 5346                 subq.w  #1, D6
FFD06A9C? 4A46                 tst.w   D6
FFD06A9E? 6D18                 blt     $ffd06ab8
FFD06AA0? 2E19                 move.l  (A1)+, D7
FFD06AA2? 6C08                 bge     $ffd06aac
FFD06AA4? B887                 cmp.l   D7, D4
FFD06AA6? 6F0A                 ble     $ffd06ab2
FFD06AA8? 2E04                 move.l  D4, D7
FFD06AAA? 6006                 bra     $ffd06ab2
FFD06AAC? BA87                 cmp.l   D7, D5
FFD06AAE? 6C02                 bge     $ffd06ab2
FFD06AB0? 2E05                 move.l  D5, D7
FFD06AB2? 36C7                 move.w  D7, (A3)+
FFD06AB4? 51CEFFEA             dbra    D6, $ffd06aa0
FFD06AB8? 51CAFFDE             dbra    D2, $ffd06a98
FFD06ABC? 6026                 bra     $ffd06ae4
FFD06ABE? 3C03                 move.w  D3, D6
FFD06AC0? 5346                 subq.w  #1, D6
FFD06AC2? 4A46                 tst.w   D6
FFD06AC4? 6D1E                 blt     $ffd06ae4
FFD06AC6? 2E19                 move.l  (A1)+, D7
FFD06AC8? DE99                 add.l   (A1)+, D7
FFD06ACA? E287                 asr.l   #1, D7
FFD06ACC? 4A87                 tst.l   D7
FFD06ACE? 6C08                 bge     $ffd06ad8
FFD06AD0? B887                 cmp.l   D7, D4
FFD06AD2? 6F0A                 ble     $ffd06ade
FFD06AD4? 2E04                 move.l  D4, D7
FFD06AD6? 6006                 bra     $ffd06ade
FFD06AD8? BA87                 cmp.l   D7, D5
FFD06ADA? 6C02                 bge     $ffd06ade
FFD06ADC? 2E05                 move.l  D5, D7
FFD06ADE? 36C7                 move.w  D7, (A3)+
FFD06AE0? 51CEFFE4             dbra    D6, $ffd06ac6
FFD06AE4? 4CEE08F8FFE8         movem.l (-$18,A6), D3-D7/A3
FFD06AEA? 4E5E                 unlk    A6
FFD06AEC? 4E75                 rts
FFD06AEE? 48E71830             movem.l D3-D4/A2-A3, -(A7)
FFD06AF2? 266F0014             movea.l ($14,A7), A3
FFD06AF6? 226F0018             movea.l ($18,A7), A1
FFD06AFA? 246F001C             movea.l ($1c,A7), A2
FFD06AFE? 242F0020             move.l  ($20,A7), D2
FFD06B02? 202F0024             move.l  ($24,A7), D0
FFD06B06? 5382                 subq.l  #1, D2
FFD06B08? 41FA000E             lea     ($ffd06b18,PC), A0
FFD06B0C? D0F00000             adda.w  (A0,D0.w), A0
FFD06B10? 4E90                 jsr     (A0)
FFD06B12? 4CDF0C18             movem.l (A7)+, D3-D4/A2-A3
FFD06B16? 4E75                 rts
FFD06B18d 0008                 dc.b    $00,$08                           ; |..|
FFD06B1A? 00540022             ori.w   #$22, (A4)
FFD06B1E? 0076E28A6408         ori.w   #$e28a, ($8,A6,D6.w*4)
FFD06B24? 3019                 move.w  (A1)+, D0
FFD06B26? 48C0                 ext.l   D0
FFD06B28? D19A                 add.l   D0, (A2)+
FFD06B2A? D19A                 add.l   D0, (A2)+
FFD06B2C? 3019                 move.w  (A1)+, D0
FFD06B2E? 48C0                 ext.l   D0
FFD06B30? D19A                 add.l   D0, (A2)+
FFD06B32? D19A                 add.l   D0, (A2)+
FFD06B34? 51CAFFEE             dbra    D2, $ffd06b24
FFD06B38? 4E75                 rts
FFD06B3A? 362B0034             move.w  ($34,A3), D3
FFD06B3E? 382B0036             move.w  ($36,A3), D4
FFD06B42? B843                 cmp.w   D3, D4
FFD06B44? 6716                 beq     $ffd06b5c
FFD06B46? 3019                 move.w  (A1)+, D0
FFD06B48? 3200                 move.w  D0, D1
FFD06B4A? C3C3                 muls.w  D3, D1
FFD06B4C? E081                 asr.l   #8, D1
FFD06B4E? D39A                 add.l   D1, (A2)+
FFD06B50? C1C4                 muls.w  D4, D0
FFD06B52? E080                 asr.l   #8, D0
FFD06B54? D19A                 add.l   D0, (A2)+
FFD06B56? 51CAFFEE             dbra    D2, $ffd06b46
FFD06B5A? 4E75                 rts
FFD06B5C? 3019                 move.w  (A1)+, D0
FFD06B5E? C1C3                 muls.w  D3, D0
FFD06B60? E080                 asr.l   #8, D0
FFD06B62? D19A                 add.l   D0, (A2)+
FFD06B64? D19A                 add.l   D0, (A2)+
FFD06B66? 51CAFFF4             dbra    D2, $ffd06b5c
FFD06B6A? 4E75                 rts
FFD06B6C? E28A                 lsr.l   #1, D2
FFD06B6E? 640C                 bcc     $ffd06b7c
FFD06B70? 3019                 move.w  (A1)+, D0
FFD06B72? 48C0                 ext.l   D0
FFD06B74? D19A                 add.l   D0, (A2)+
FFD06B76? 3019                 move.w  (A1)+, D0
FFD06B78? 48C0                 ext.l   D0
FFD06B7A? D19A                 add.l   D0, (A2)+
FFD06B7C? 3019                 move.w  (A1)+, D0
FFD06B7E? 48C0                 ext.l   D0
FFD06B80? D19A                 add.l   D0, (A2)+
FFD06B82? 3019                 move.w  (A1)+, D0
FFD06B84? 48C0                 ext.l   D0
FFD06B86? D19A                 add.l   D0, (A2)+
FFD06B88? 51CAFFE6             dbra    D2, $ffd06b70
FFD06B8C? 4E75                 rts
FFD06B8E? 362B0034             move.w  ($34,A3), D3
FFD06B92? 382B0036             move.w  ($36,A3), D4
FFD06B96? 3019                 move.w  (A1)+, D0
FFD06B98? C1C3                 muls.w  D3, D0
FFD06B9A? E080                 asr.l   #8, D0
FFD06B9C? D19A                 add.l   D0, (A2)+
FFD06B9E? 3019                 move.w  (A1)+, D0
FFD06BA0? C1C4                 muls.w  D4, D0
FFD06BA2? E080                 asr.l   #8, D0
FFD06BA4? D19A                 add.l   D0, (A2)+
FFD06BA6? 51CAFFEE             dbra    D2, $ffd06b96
FFD06BAA? 4E75                 rts
FFD06BAC? 48E71830             movem.l D3-D4/A2-A3, -(A7)
FFD06BB0? 226F0014             movea.l ($14,A7), A1
FFD06BB4? 246F0018             movea.l ($18,A7), A2
FFD06BB8? 242F001C             move.l  ($1c,A7), D2
FFD06BBC? 202F0020             move.l  ($20,A7), D0
FFD06BC0? 263C80808080         move.l  #$80808080, D3
FFD06BC6? 41FA000E             lea     ($ffd06bd6,PC), A0
FFD06BCA? D0F00000             adda.w  (A0,D0.w), A0
FFD06BCE? 4E90                 jsr     (A0)
FFD06BD0? 4CDF0C18             movem.l (A7)+, D3-D4/A2-A3
FFD06BD4? 4E75                 rts
FFD06BD6? 00120050             ori.b   #$50, (A2)
FFD06BDA? 00640010             ori.w   #$10, -(A4)
FFD06BDE? 008000A00080         ori.l   #$a00080, D0
FFD06BE4? 00A0E38AD3C2         ori.l   #$e38ad3c2, -(A0)
FFD06BEA? D5C2                 adda.l  D2, A2
FFD06BEC? D5C2                 adda.l  D2, A2
FFD06BEE? 4A38012F             tst.b   $12f.w                            ; DskWr11
FFD06BF2? 6606                 bne     $ffd06bfa
FFD06BF4? 2009                 move.l  A1, D0
FFD06BF6? E248                 lsr.w   #1, D0
FFD06BF8? 6526                 bcs     $ffd06c20
FFD06BFA? 2202                 move.l  D2, D1
FFD06BFC? E489                 lsr.l   #2, D1
FFD06BFE? 600E                 bra     $ffd06c0e
FFD06C00? 2021                 move.l  -(A1), D0
FFD06C02? B780                 eor.l   D3, D0
FFD06C04? 514A                 subq.w  #8, A2
FFD06C06? 01CA0000             movep.l D0, ($0,A2)
FFD06C0A? 01CA0001             movep.l D0, ($1,A2)
FFD06C0E? 51C9FFF0             dbra    D1, $ffd06c00
FFD06C12? 02420003             andi.w  #$3, D2
FFD06C16? 6008                 bra     $ffd06c20
FFD06C18? 1021                 move.b  -(A1), D0
FFD06C1A? B700                 eor.b   D3, D0
FFD06C1C? 1500                 move.b  D0, -(A2)
FFD06C1E? 1500                 move.b  D0, -(A2)
FFD06C20? 51CAFFF6             dbra    D2, $ffd06c18
FFD06C24? 4E75                 rts
FFD06C26? 5382                 subq.l  #1, D2
FFD06C28? 1019                 move.b  (A1)+, D0
FFD06C2A? D019                 add.b   (A1)+, D0
FFD06C2C? E210                 roxr.b  #1, D0
FFD06C2E? B700                 eor.b   D3, D0
FFD06C30? 14C0                 move.b  D0, (A2)+
FFD06C32? 14C0                 move.b  D0, (A2)+
FFD06C34? 51CAFFF2             dbra    D2, $ffd06c28
FFD06C38? 4E75                 rts
FFD06C3A? D3C2                 adda.l  D2, A1
FFD06C3C? 2002                 move.l  D2, D0
FFD06C3E? E588                 lsl.l   #2, D0
FFD06C40? D5C0                 adda.l  D0, A2
FFD06C42? 5382                 subq.l  #1, D2
FFD06C44? 1021                 move.b  -(A1), D0
FFD06C46? B700                 eor.b   D3, D0
FFD06C48? 1500                 move.b  D0, -(A2)
FFD06C4A? 1500                 move.b  D0, -(A2)
FFD06C4C? 1500                 move.b  D0, -(A2)
FFD06C4E? 1500                 move.b  D0, -(A2)
FFD06C50? 51CAFFF2             dbra    D2, $ffd06c44
FFD06C54? 4E75                 rts
FFD06C56? D3C2                 adda.l  D2, A1
FFD06C58? 2002                 move.l  D2, D0
FFD06C5A? E788                 lsl.l   #3, D0
FFD06C5C? D5C0                 adda.l  D0, A2
FFD06C5E? 5382                 subq.l  #1, D2
FFD06C60? 1021                 move.b  -(A1), D0
FFD06C62? B700                 eor.b   D3, D0
FFD06C64? 1200                 move.b  D0, D1
FFD06C66? E148                 lsl.w   #8, D0
FFD06C68? 8001                 or.b    D1, D0
FFD06C6A? 48C0                 ext.l   D0
FFD06C6C? 2500                 move.l  D0, -(A2)
FFD06C6E? 2500                 move.l  D0, -(A2)
FFD06C70? 51CAFFEE             dbra    D2, $ffd06c60
FFD06C74? 4E75                 rts
FFD06C76? D3C2                 adda.l  D2, A1
FFD06C78? D3C2                 adda.l  D2, A1
FFD06C7A? 2002                 move.l  D2, D0
FFD06C7C? E788                 lsl.l   #3, D0
FFD06C7E? D5C0                 adda.l  D0, A2
FFD06C80? 5382                 subq.l  #1, D2
FFD06C82? 1021                 move.b  -(A1), D0
FFD06C84? B700                 eor.b   D3, D0
FFD06C86? 1200                 move.b  D0, D1
FFD06C88? E148                 lsl.w   #8, D0
FFD06C8A? 8001                 or.b    D1, D0
FFD06C8C? 48C0                 ext.l   D0
FFD06C8E? 2500                 move.l  D0, -(A2)
FFD06C90? 1021                 move.b  -(A1), D0
FFD06C92? B700                 eor.b   D3, D0
FFD06C94? 1200                 move.b  D0, D1
FFD06C96? E148                 lsl.w   #8, D0
FFD06C98? 8001                 or.b    D1, D0
FFD06C9A? 48C0                 ext.l   D0
FFD06C9C? 2500                 move.l  D0, -(A2)
FFD06C9E? 51CAFFE2             dbra    D2, $ffd06c82
FFD06CA2? 4E75                 rts
FFD06CA4? 206F0004             movea.l ($4,A7), A0
FFD06CA8? 48E71F3E             movem.l D3-D7/A2-A6, -(A7)
FFD06CAC? 2848                 movea.l A0, A4
FFD06CAE? 2A6C0010             movea.l ($10,A4), A5
FFD06CB2? 2C6C0014             movea.l ($14,A4), A6
FFD06CB6? 2E2C0008             move.l  ($8,A4), D7
FFD06CBA? 3014                 move.w  (A4), D0
FFD06CBC? 426C0002             clr.w   ($2,A4)
FFD06CC0? 4AAC0020             tst.l   ($20,A4)
FFD06CC4? 6618                 bne     $ffd06cde
FFD06CC6? 41FA09EE             lea     ($ffd076b6,PC), A0
FFD06CCA? 29480020             move.l  A0, ($20,A4)
FFD06CCE? 41FA0BE6             lea     ($ffd078b6,PC), A0
FFD06CD2? 29480024             move.l  A0, ($24,A4)
FFD06CD6? 41FA0EDE             lea     ($ffd07bb6,PC), A0
FFD06CDA? 29480028             move.l  A0, ($28,A4)
FFD06CDE? 4EBA0008             jsr     ($ffd06ce8,PC)
FFD06CE2? 4CDF7CF8             movem.l (A7)+, D3-D7/A2-A6
FFD06CE6? 4E75                 rts
FFD06CE8? 41FA000A             lea     ($ffd06cf4,PC), A0
FFD06CEC? D040                 add.w   D0, D0
FFD06CEE? D0F00000             adda.w  (A0,D0.w), A0
FFD06CF2? 4ED0                 jmp     (A0)
FFD06CF4d 0310008001880266     dc.b    $03,$10,$00,$80,$01,$88,$02,$66,$03,$98,$04,$2A,$04,$F6,$00,$88 ; |.......f...*....|
FFD06D04d 05E206C007C20088     dc.b    $05,$E2,$06,$C0,$07,$C2,$00,$88,$08,$E2,$00,$88,$00,$88,$00,$88 ; |................|
FFD06D14d 034800F801E00288     dc.b    $03,$48,$00,$F8,$01,$E0,$02,$88,$03,$BA,$04,$4E,$05,$1E,$00,$88 ; |.H.........N....|
FFD06D24d 060C06EC07F20088     dc.b    $06,$0C,$06,$EC,$07,$F2,$00,$88,$08,$E2,$00,$88,$00,$88,$00,$88 ; |................|
FFD06D34d 009C008000800080     dc.b    $00,$9C,$00,$80,$00,$80,$00,$80,$00,$80,$04,$88,$05,$60,$00,$9C ; |.............`..|
FFD06D44d 065007380846009C     dc.b    $06,$50,$07,$38,$08,$46,$00,$9C,$09,$38,$00,$9C,$00,$9C,$00,$9C ; |.P.8.F...8......|
FFD06D54d 009C0138022602BE     dc.b    $00,$9C,$01,$38,$02,$26,$02,$BE,$03,$F6,$04,$B2,$05,$8E,$00,$9C ; |...8.&..........|
FFD06D64d 067A076A087C009C     dc.b    $06,$7A,$07,$6A,$08,$7C,$00,$9C,$09,$6A,$00,$9C,$00,$9C,$00,$9C ; |.z.j.|...j......|
FFD06D74d 397CFFFF             dc.b    $39,$7C,$FF,$FF                   ; |9|..|
FFD06D78? 00024E75             ori.b   #$75, D2
FFD06D7C? 302C0004             move.w  ($4,A4), D0
FFD06D80? D06C0006             add.w   ($6,A4), D0
FFD06D84? 6700001E             beq     $ffd06da4
FFD06D88? 397C00010002         move.w  #$1, ($2,A4)
FFD06D8E? 4E75                 rts
FFD06D90? 302C0004             move.w  ($4,A4), D0
FFD06D94? D06C0006             add.w   ($6,A4), D0
FFD06D98? 6700002E             beq     $ffd06dc8
FFD06D9C? 397C00010002         move.w  #$1, ($2,A4)
FFD06DA2? 4E75                 rts
FFD06DA4? 303C8080             move.w  #$8080, D0
FFD06DA8? 7A03                 moveq   #$3, D5
FFD06DAA? CA47                 and.w   D7, D5
FFD06DAC? E48F                 lsr.l   #2, D7
FFD06DAE? DA45                 add.w   D5, D5
FFD06DB0? 4445                 neg.w   D5
FFD06DB2? 41FA000E             lea     ($ffd06dc2,PC), A0
FFD06DB6? 4EF05000             jmp     (A0,D5.w)
FFD06DBA? 1CC0                 move.b  D0, (A6)+
FFD06DBC? 1CC0                 move.b  D0, (A6)+
FFD06DBE? 1CC0                 move.b  D0, (A6)+
FFD06DC0? 1CC0                 move.b  D0, (A6)+
FFD06DC2? 51CFFFF6             dbra    D7, $ffd06dba
FFD06DC6? 4E75                 rts
FFD06DC8? 303C8080             move.w  #$8080, D0
FFD06DCC? 7A03                 moveq   #$3, D5
FFD06DCE? CA47                 and.w   D7, D5
FFD06DD0? E48F                 lsr.l   #2, D7
FFD06DD2? DA45                 add.w   D5, D5
FFD06DD4? 4445                 neg.w   D5
FFD06DD6? 41FA000E             lea     ($ffd06de6,PC), A0
FFD06DDA? 4EF05000             jmp     (A0,D5.w)
FFD06DDE? 3CC0                 move.w  D0, (A6)+
FFD06DE0? 3CC0                 move.w  D0, (A6)+
FFD06DE2? 3CC0                 move.w  D0, (A6)+
FFD06DE4? 3CC0                 move.w  D0, (A6)+
FFD06DE6? 51CFFFF6             dbra    D7, $ffd06dde
FFD06DEA? 4E75                 rts
FFD06DEC? 2055                 movea.l (A5), A0
FFD06DEE? 286C0018             movea.l ($18,A4), A4
FFD06DF2? 2014                 move.l  (A4), D0
FFD06DF4? 7A03                 moveq   #$3, D5
FFD06DF6? CA47                 and.w   D7, D5
FFD06DF8? E48F                 lsr.l   #2, D7
FFD06DFA? DA45                 add.w   D5, D5
FFD06DFC? 45FA0026             lea     ($ffd06e24,PC), A2
FFD06E00? D4F25000             adda.w  (A2,D5.w), A2
FFD06E04? 4ED2                 jmp     (A2)
FFD06E06? 1018                 move.b  (A0)+, D0
FFD06E08? 2840                 movea.l D0, A4
FFD06E0A? 1CD4                 move.b  (A4), (A6)+
FFD06E0C? 1018                 move.b  (A0)+, D0
FFD06E0E? 2840                 movea.l D0, A4
FFD06E10? 1CD4                 move.b  (A4), (A6)+
FFD06E12? 1018                 move.b  (A0)+, D0
FFD06E14? 2840                 movea.l D0, A4
FFD06E16? 1CD4                 move.b  (A4), (A6)+
FFD06E18? 1018                 move.b  (A0)+, D0
FFD06E1A? 2840                 movea.l D0, A4
FFD06E1C? 1CD4                 move.b  (A4), (A6)+
FFD06E1E? 51CFFFE6             dbra    D7, $ffd06e06
FFD06E22? 4E75                 rts
FFD06E24d FFFAFFF4FFEEFFE8     dc.b    $FF,$FA,$FF,$F4,$FF,$EE,$FF,$E8   ; |........|
FFD06E2C? 2055                 movea.l (A5), A0
FFD06E2E? 286C0018             movea.l ($18,A4), A4
FFD06E32? 2014                 move.l  (A4), D0
FFD06E34? 7A03                 moveq   #$3, D5
FFD06E36? CA47                 and.w   D7, D5
FFD06E38? E48F                 lsr.l   #2, D7
FFD06E3A? DA45                 add.w   D5, D5
FFD06E3C? 45FA0036             lea     ($ffd06e74,PC), A2
FFD06E40? D4F25000             adda.w  (A2,D5.w), A2
FFD06E44? 4ED2                 jmp     (A2)
FFD06E46? 1018                 move.b  (A0)+, D0
FFD06E48? 2840                 movea.l D0, A4
FFD06E4A? 1CD4                 move.b  (A4), (A6)+
FFD06E4C? 1CEC0100             move.b  ($100,A4), (A6)+
FFD06E50? 1018                 move.b  (A0)+, D0
FFD06E52? 2840                 movea.l D0, A4
FFD06E54? 1CD4                 move.b  (A4), (A6)+
FFD06E56? 1CEC0100             move.b  ($100,A4), (A6)+
FFD06E5A? 1018                 move.b  (A0)+, D0
FFD06E5C? 2840                 movea.l D0, A4
FFD06E5E? 1CD4                 move.b  (A4), (A6)+
FFD06E60? 1CEC0100             move.b  ($100,A4), (A6)+
FFD06E64? 1018                 move.b  (A0)+, D0
FFD06E66? 2840                 movea.l D0, A4
FFD06E68? 1CD4                 move.b  (A4), (A6)+
FFD06E6A? 1CEC0100             move.b  ($100,A4), (A6)+
FFD06E6E? 51CFFFD6             dbra    D7, $ffd06e46
FFD06E72? 4E75                 rts
FFD06E74d FFFAFFF0FFE6FFDC     dc.b    $FF,$FA,$FF,$F0,$FF,$E6,$FF,$DC   ; |........|
FFD06E7C? 205D                 movea.l (A5)+, A0
FFD06E7E? 2255                 movea.l (A5), A1
FFD06E80? 2A6C0020             movea.l ($20,A4), A5
FFD06E84? 7A03                 moveq   #$3, D5
FFD06E86? CA47                 and.w   D7, D5
FFD06E88? E48F                 lsr.l   #2, D7
FFD06E8A? DA45                 add.w   D5, D5
FFD06E8C? 45FA003E             lea     ($ffd06ecc,PC), A2
FFD06E90? D4F25000             adda.w  (A2,D5.w), A2
FFD06E94? 4ED2                 jmp     (A2)
FFD06E96? 7800                 moveq   #$0, D4
FFD06E98? 1818                 move.b  (A0)+, D4
FFD06E9A? 1A19                 move.b  (A1)+, D5
FFD06E9C? D845                 add.w   D5, D4
FFD06E9E? 1CF54000             move.b  (A5,D4.w), (A6)+
FFD06EA2? 7800                 moveq   #$0, D4
FFD06EA4? 1818                 move.b  (A0)+, D4
FFD06EA6? 1A19                 move.b  (A1)+, D5
FFD06EA8? D845                 add.w   D5, D4
FFD06EAA? 1CF54000             move.b  (A5,D4.w), (A6)+
FFD06EAE? 7800                 moveq   #$0, D4
FFD06EB0? 1818                 move.b  (A0)+, D4
FFD06EB2? 1A19                 move.b  (A1)+, D5
FFD06EB4? D845                 add.w   D5, D4
FFD06EB6? 1CF54000             move.b  (A5,D4.w), (A6)+
FFD06EBA? 7800                 moveq   #$0, D4
FFD06EBC? 1818                 move.b  (A0)+, D4
FFD06EBE? 1A19                 move.b  (A1)+, D5
FFD06EC0? D845                 add.w   D5, D4
FFD06EC2? 1CF54000             move.b  (A5,D4.w), (A6)+
FFD06EC6? 51CFFFCE             dbra    D7, $ffd06e96
FFD06ECA? 4E75                 rts
FFD06ECCd FFFAFFEEFFE2FFD6     dc.b    $FF,$FA,$FF,$EE,$FF,$E2,$FF,$D6   ; |........|
FFD06ED4? 205D                 movea.l (A5)+, A0
FFD06ED6? 2255                 movea.l (A5), A1
FFD06ED8? 2A6C0020             movea.l ($20,A4), A5
FFD06EDC? 286C0018             movea.l ($18,A4), A4
FFD06EE0? 201C                 move.l  (A4)+, D0
FFD06EE2? 2214                 move.l  (A4), D1
FFD06EE4? 7A00                 moveq   #$0, D5
FFD06EE6? 5387                 subq.l  #1, D7
FFD06EE8? E28F                 lsr.l   #1, D7
FFD06EEA? 6414                 bcc     $ffd06f00
FFD06EEC? 7800                 moveq   #$0, D4
FFD06EEE? 1018                 move.b  (A0)+, D0
FFD06EF0? 2840                 movea.l D0, A4
FFD06EF2? 1814                 move.b  (A4), D4
FFD06EF4? 1219                 move.b  (A1)+, D1
FFD06EF6? 2841                 movea.l D1, A4
FFD06EF8? 1A14                 move.b  (A4), D5
FFD06EFA? D845                 add.w   D5, D4
FFD06EFC? 1CF54000             move.b  (A5,D4.w), (A6)+
FFD06F00? 7800                 moveq   #$0, D4
FFD06F02? 1018                 move.b  (A0)+, D0
FFD06F04? 2840                 movea.l D0, A4
FFD06F06? 1814                 move.b  (A4), D4
FFD06F08? 1219                 move.b  (A1)+, D1
FFD06F0A? 2841                 movea.l D1, A4
FFD06F0C? 1A14                 move.b  (A4), D5
FFD06F0E? D845                 add.w   D5, D4
FFD06F10? 1CF54000             move.b  (A5,D4.w), (A6)+
FFD06F14? 51CFFFD6             dbra    D7, $ffd06eec
FFD06F18? 4E75                 rts
FFD06F1A? 205D                 movea.l (A5)+, A0
FFD06F1C? 2255                 movea.l (A5), A1
FFD06F1E? 2A6C0020             movea.l ($20,A4), A5
FFD06F22? 286C0018             movea.l ($18,A4), A4
FFD06F26? 201C                 move.l  (A4)+, D0
FFD06F28? 2214                 move.l  (A4), D1
FFD06F2A? 7A00                 moveq   #$0, D5
FFD06F2C? 4246                 clr.w   D6
FFD06F2E? 5387                 subq.l  #1, D7
FFD06F30? 7800                 moveq   #$0, D4
FFD06F32? 1018                 move.b  (A0)+, D0
FFD06F34? 2840                 movea.l D0, A4
FFD06F36? 1814                 move.b  (A4), D4
FFD06F38? 1C2C0100             move.b  ($100,A4), D6
FFD06F3C? 1219                 move.b  (A1)+, D1
FFD06F3E? 2841                 movea.l D1, A4
FFD06F40? 1A14                 move.b  (A4), D5
FFD06F42? D845                 add.w   D5, D4
FFD06F44? 1CF54000             move.b  (A5,D4.w), (A6)+
FFD06F48? 7800                 moveq   #$0, D4
FFD06F4A? 182C0100             move.b  ($100,A4), D4
FFD06F4E? D846                 add.w   D6, D4
FFD06F50? 1CF54000             move.b  (A5,D4.w), (A6)+
FFD06F54? 51CFFFDA             dbra    D7, $ffd06f30
FFD06F58? 4E75                 rts
FFD06F5A? 4CD50700             movem.l (A5), A0-A2
FFD06F5E? 2A6C0024             movea.l ($24,A4), A5
FFD06F62? 7A00                 moveq   #$0, D5
FFD06F64? 5387                 subq.l  #1, D7
FFD06F66? 7800                 moveq   #$0, D4
FFD06F68? 1818                 move.b  (A0)+, D4
FFD06F6A? 1A19                 move.b  (A1)+, D5
FFD06F6C? D845                 add.w   D5, D4
FFD06F6E? 1A1A                 move.b  (A2)+, D5
FFD06F70? D845                 add.w   D5, D4
FFD06F72? 1CF54000             move.b  (A5,D4.w), (A6)+
FFD06F76? 51CFFFEE             dbra    D7, $ffd06f66
FFD06F7A? 4E75                 rts
FFD06F7C? 4CD50700             movem.l (A5), A0-A2
FFD06F80? 2A6C0024             movea.l ($24,A4), A5
FFD06F84? 286C0018             movea.l ($18,A4), A4
FFD06F88? 4CD40007             movem.l (A4), D0-D2
FFD06F8C? 7A00                 moveq   #$0, D5
FFD06F8E? 5387                 subq.l  #1, D7
FFD06F90? 7800                 moveq   #$0, D4
FFD06F92? 1018                 move.b  (A0)+, D0
FFD06F94? 2840                 movea.l D0, A4
FFD06F96? 1814                 move.b  (A4), D4
FFD06F98? 1219                 move.b  (A1)+, D1
FFD06F9A? 2841                 movea.l D1, A4
FFD06F9C? 1A14                 move.b  (A4), D5
FFD06F9E? D845                 add.w   D5, D4
FFD06FA0? 141A                 move.b  (A2)+, D2
FFD06FA2? 2842                 movea.l D2, A4
FFD06FA4? 1A14                 move.b  (A4), D5
FFD06FA6? D845                 add.w   D5, D4
FFD06FA8? 1CF54000             move.b  (A5,D4.w), (A6)+
FFD06FAC? 51CFFFE2             dbra    D7, $ffd06f90
FFD06FB0? 4E75                 rts
FFD06FB2? 4CD50700             movem.l (A5), A0-A2
FFD06FB6? 2A6C0024             movea.l ($24,A4), A5
FFD06FBA? 286C0018             movea.l ($18,A4), A4
FFD06FBE? 4CD40007             movem.l (A4), D0-D2
FFD06FC2? 7A00                 moveq   #$0, D5
FFD06FC4? 5387                 subq.l  #1, D7
FFD06FC6? 7800                 moveq   #$0, D4
FFD06FC8? 1018                 move.b  (A0)+, D0
FFD06FCA? 2840                 movea.l D0, A4
FFD06FCC? 1814                 move.b  (A4), D4
FFD06FCE? 1219                 move.b  (A1)+, D1
FFD06FD0? 2841                 movea.l D1, A4
FFD06FD2? 1A14                 move.b  (A4), D5
FFD06FD4? D845                 add.w   D5, D4
FFD06FD6? 141A                 move.b  (A2)+, D2
FFD06FD8? 2842                 movea.l D2, A4
FFD06FDA? 1A14                 move.b  (A4), D5
FFD06FDC? D845                 add.w   D5, D4
FFD06FDE? 1CF54000             move.b  (A5,D4.w), (A6)+
FFD06FE2? 7800                 moveq   #$0, D4
FFD06FE4? 2840                 movea.l D0, A4
FFD06FE6? 182C0100             move.b  ($100,A4), D4
FFD06FEA? 2841                 movea.l D1, A4
FFD06FEC? 1A2C0100             move.b  ($100,A4), D5
FFD06FF0? D845                 add.w   D5, D4
FFD06FF2? 2842                 movea.l D2, A4
FFD06FF4? 1A2C0100             move.b  ($100,A4), D5
FFD06FF8? D845                 add.w   D5, D4
FFD06FFA? 1CF54000             move.b  (A5,D4.w), (A6)+
FFD06FFE? 51CFFFC6             dbra    D7, $ffd06fc6
FFD07002? 4E75                 rts
FFD07004? 4A6C0006             tst.w   ($6,A4)
FFD07008? 6600FD72             bne     $ffd06d7c
FFD0700C? 0C6C00040004         cmpi.w  #$4, ($4,A4)
FFD07012? 6600FD68             bne     $ffd06d7c
FFD07016? 4CD50F00             movem.l (A5), A0-A3
FFD0701A? 2A6C0028             movea.l ($28,A4), A5
FFD0701E? 7A00                 moveq   #$0, D5
FFD07020? 5387                 subq.l  #1, D7
FFD07022? 7800                 moveq   #$0, D4
FFD07024? 1818                 move.b  (A0)+, D4
FFD07026? 1A19                 move.b  (A1)+, D5
FFD07028? D845                 add.w   D5, D4
FFD0702A? 1A1A                 move.b  (A2)+, D5
FFD0702C? D845                 add.w   D5, D4
FFD0702E? 1A1B                 move.b  (A3)+, D5
FFD07030? D845                 add.w   D5, D4
FFD07032? 1CF54000             move.b  (A5,D4.w), (A6)+
FFD07036? 51CFFFEA             dbra    D7, $ffd07022
FFD0703A? 4E75                 rts
FFD0703C? 4A6C0006             tst.w   ($6,A4)
FFD07040? 6600FD3A             bne     $ffd06d7c
FFD07044? 0C6C00040004         cmpi.w  #$4, ($4,A4)
FFD0704A? 6600FD30             bne     $ffd06d7c
FFD0704E? 4CD50F00             movem.l (A5), A0-A3
FFD07052? 2A6C0028             movea.l ($28,A4), A5
FFD07056? 286C0018             movea.l ($18,A4), A4
FFD0705A? 4CD4000F             movem.l (A4), D0-D3
FFD0705E? 7A00                 moveq   #$0, D5
FFD07060? 5387                 subq.l  #1, D7
FFD07062? 7800                 moveq   #$0, D4
FFD07064? 1018                 move.b  (A0)+, D0
FFD07066? 2840                 movea.l D0, A4
FFD07068? 1814                 move.b  (A4), D4
FFD0706A? 1219                 move.b  (A1)+, D1
FFD0706C? 2841                 movea.l D1, A4
FFD0706E? 1A14                 move.b  (A4), D5
FFD07070? D845                 add.w   D5, D4
FFD07072? 141A                 move.b  (A2)+, D2
FFD07074? 2842                 movea.l D2, A4
FFD07076? 1A14                 move.b  (A4), D5
FFD07078? D845                 add.w   D5, D4
FFD0707A? 161B                 move.b  (A3)+, D3
FFD0707C? 2843                 movea.l D3, A4
FFD0707E? 1A14                 move.b  (A4), D5
FFD07080? D845                 add.w   D5, D4
FFD07082? 1CF54000             move.b  (A5,D4.w), (A6)+
FFD07086? 51CFFFDA             dbra    D7, $ffd07062
FFD0708A? 4E75                 rts
FFD0708C? 2055                 movea.l (A5), A0
FFD0708E? 7A00                 moveq   #$0, D5
FFD07090? 7C00                 moveq   #$0, D6
FFD07092? 5387                 subq.l  #1, D7
FFD07094? E28F                 lsr.l   #1, D7
FFD07096? 6408                 bcc     $ffd070a0
FFD07098? 1C18                 move.b  (A0)+, D6
FFD0709A? DC18                 add.b   (A0)+, D6
FFD0709C? E216                 roxr.b  #1, D6
FFD0709E? 1CC6                 move.b  D6, (A6)+
FFD070A0? 1C18                 move.b  (A0)+, D6
FFD070A2? DC18                 add.b   (A0)+, D6
FFD070A4? E216                 roxr.b  #1, D6
FFD070A6? 1CC6                 move.b  D6, (A6)+
FFD070A8? 51CFFFEE             dbra    D7, $ffd07098
FFD070AC? 4E75                 rts
FFD070AE? 2055                 movea.l (A5), A0
FFD070B0? 286C0018             movea.l ($18,A4), A4
FFD070B4? 2014                 move.l  (A4), D0
FFD070B6? 7A00                 moveq   #$0, D5
FFD070B8? 7C00                 moveq   #$0, D6
FFD070BA? 5387                 subq.l  #1, D7
FFD070BC? E28F                 lsr.l   #1, D7
FFD070BE? 6412                 bcc     $ffd070d2
FFD070C0? 1018                 move.b  (A0)+, D0
FFD070C2? 2840                 movea.l D0, A4
FFD070C4? 1C14                 move.b  (A4), D6
FFD070C6? 1018                 move.b  (A0)+, D0
FFD070C8? 2840                 movea.l D0, A4
FFD070CA? DC2C0100             add.b   ($100,A4), D6
FFD070CE? E216                 roxr.b  #1, D6
FFD070D0? 1CC6                 move.b  D6, (A6)+
FFD070D2? 1018                 move.b  (A0)+, D0
FFD070D4? 2840                 movea.l D0, A4
FFD070D6? 1C14                 move.b  (A4), D6
FFD070D8? 1018                 move.b  (A0)+, D0
FFD070DA? 2840                 movea.l D0, A4
FFD070DC? DC2C0100             add.b   ($100,A4), D6
FFD070E0? E216                 roxr.b  #1, D6
FFD070E2? 1CC6                 move.b  D6, (A6)+
FFD070E4? 51CFFFDA             dbra    D7, $ffd070c0
FFD070E8? 4E75                 rts
FFD070EA? 2055                 movea.l (A5), A0
FFD070EC? 286C0018             movea.l ($18,A4), A4
FFD070F0? 2854                 movea.l (A4), A4
FFD070F2? 200C                 move.l  A4, D0
FFD070F4? 49EC0100             lea     ($100,A4), A4
FFD070F8? 220C                 move.l  A4, D1
FFD070FA? 5387                 subq.l  #1, D7
FFD070FC? E28F                 lsr.l   #1, D7
FFD070FE? 640C                 bcc     $ffd0710c
FFD07100? 1018                 move.b  (A0)+, D0
FFD07102? 2840                 movea.l D0, A4
FFD07104? 1CD4                 move.b  (A4), (A6)+
FFD07106? 1218                 move.b  (A0)+, D1
FFD07108? 2841                 movea.l D1, A4
FFD0710A? 1CD4                 move.b  (A4), (A6)+
FFD0710C? 1018                 move.b  (A0)+, D0
FFD0710E? 2840                 movea.l D0, A4
FFD07110? 1CD4                 move.b  (A4), (A6)+
FFD07112? 1218                 move.b  (A0)+, D1
FFD07114? 2841                 movea.l D1, A4
FFD07116? 1CD4                 move.b  (A4), (A6)+
FFD07118? 51CFFFE6             dbra    D7, $ffd07100
FFD0711C? 4E75                 rts
FFD0711E? 205D                 movea.l (A5)+, A0
FFD07120? 2255                 movea.l (A5), A1
FFD07122? 2A6C0020             movea.l ($20,A4), A5
FFD07126? 7A00                 moveq   #$0, D5
FFD07128? 7C00                 moveq   #$0, D6
FFD0712A? 5387                 subq.l  #1, D7
FFD0712C? 7800                 moveq   #$0, D4
FFD0712E? 1818                 move.b  (A0)+, D4
FFD07130? 1C19                 move.b  (A1)+, D6
FFD07132? DC19                 add.b   (A1)+, D6
FFD07134? E216                 roxr.b  #1, D6
FFD07136? D846                 add.w   D6, D4
FFD07138? 1CF54000             move.b  (A5,D4.w), (A6)+
FFD0713C? 51CFFFEE             dbra    D7, $ffd0712c
FFD07140? 4E75                 rts
FFD07142? 205D                 movea.l (A5)+, A0
FFD07144? 2255                 movea.l (A5), A1
FFD07146? 2A6C0020             movea.l ($20,A4), A5
FFD0714A? 286C0018             movea.l ($18,A4), A4
FFD0714E? 201C                 move.l  (A4)+, D0
FFD07150? 2214                 move.l  (A4), D1
FFD07152? 7A00                 moveq   #$0, D5
FFD07154? 7C00                 moveq   #$0, D6
FFD07156? 5387                 subq.l  #1, D7
FFD07158? 7800                 moveq   #$0, D4
FFD0715A? 1018                 move.b  (A0)+, D0
FFD0715C? 2840                 movea.l D0, A4
FFD0715E? 1814                 move.b  (A4), D4
FFD07160? 1219                 move.b  (A1)+, D1
FFD07162? 2841                 movea.l D1, A4
FFD07164? 1C14                 move.b  (A4), D6
FFD07166? 1219                 move.b  (A1)+, D1
FFD07168? 2841                 movea.l D1, A4
FFD0716A? DC2C0100             add.b   ($100,A4), D6
FFD0716E? E216                 roxr.b  #1, D6
FFD07170? D846                 add.w   D6, D4
FFD07172? 1CF54000             move.b  (A5,D4.w), (A6)+
FFD07176? 51CFFFE0             dbra    D7, $ffd07158
FFD0717A? 4E75                 rts
FFD0717C? 205D                 movea.l (A5)+, A0
FFD0717E? 2255                 movea.l (A5), A1
FFD07180? 2A6C0020             movea.l ($20,A4), A5
FFD07184? 7A00                 moveq   #$0, D5
FFD07186? 7800                 moveq   #$0, D4
FFD07188? 5387                 subq.l  #1, D7
FFD0718A? 1818                 move.b  (A0)+, D4
FFD0718C? 7C00                 moveq   #$0, D6
FFD0718E? 1C19                 move.b  (A1)+, D6
FFD07190? DC44                 add.w   D4, D6
FFD07192? 1CF56000             move.b  (A5,D6.w), (A6)+
FFD07196? 7C00                 moveq   #$0, D6
FFD07198? 1C19                 move.b  (A1)+, D6
FFD0719A? DC44                 add.w   D4, D6
FFD0719C? 1CF56000             move.b  (A5,D6.w), (A6)+
FFD071A0? 51CFFFE8             dbra    D7, $ffd0718a
FFD071A4? 4E75                 rts
FFD071A6? 205D                 movea.l (A5)+, A0
FFD071A8? 2255                 movea.l (A5), A1
FFD071AA? 2A6C0020             movea.l ($20,A4), A5
FFD071AE? 286C0018             movea.l ($18,A4), A4
FFD071B2? 201C                 move.l  (A4)+, D0
FFD071B4? 2214                 move.l  (A4), D1
FFD071B6? 7A00                 moveq   #$0, D5
FFD071B8? 7800                 moveq   #$0, D4
FFD071BA? 5387                 subq.l  #1, D7
FFD071BC? 1018                 move.b  (A0)+, D0
FFD071BE? 2840                 movea.l D0, A4
FFD071C0? 1814                 move.b  (A4), D4
FFD071C2? 1A2C0100             move.b  ($100,A4), D5
FFD071C6? 7C00                 moveq   #$0, D6
FFD071C8? 1219                 move.b  (A1)+, D1
FFD071CA? 2841                 movea.l D1, A4
FFD071CC? 1C14                 move.b  (A4), D6
FFD071CE? DC44                 add.w   D4, D6
FFD071D0? 1CF56000             move.b  (A5,D6.w), (A6)+
FFD071D4? 7C00                 moveq   #$0, D6
FFD071D6? 1219                 move.b  (A1)+, D1
FFD071D8? 2841                 movea.l D1, A4
FFD071DA? 1C2C0100             move.b  ($100,A4), D6
FFD071DE? DC45                 add.w   D5, D6
FFD071E0? 1CF56000             move.b  (A5,D6.w), (A6)+
FFD071E4? 51CFFFD6             dbra    D7, $ffd071bc
FFD071E8? 4E75                 rts
FFD071EA? 4CD50700             movem.l (A5), A0-A2
FFD071EE? 2A6C0024             movea.l ($24,A4), A5
FFD071F2? 7A00                 moveq   #$0, D5
FFD071F4? 7C00                 moveq   #$0, D6
FFD071F6? 5387                 subq.l  #1, D7
FFD071F8? 7800                 moveq   #$0, D4
FFD071FA? 1818                 move.b  (A0)+, D4
FFD071FC? 1A19                 move.b  (A1)+, D5
FFD071FE? D845                 add.w   D5, D4
FFD07200? 1C1A                 move.b  (A2)+, D6
FFD07202? DC1A                 add.b   (A2)+, D6
FFD07204? E216                 roxr.b  #1, D6
FFD07206? D846                 add.w   D6, D4
FFD07208? 1CF54000             move.b  (A5,D4.w), (A6)+
FFD0720C? 51CFFFEA             dbra    D7, $ffd071f8
FFD07210? 4E75                 rts
FFD07212? 4CD50700             movem.l (A5), A0-A2
FFD07216? 2A6C0024             movea.l ($24,A4), A5
FFD0721A? 286C0018             movea.l ($18,A4), A4
FFD0721E? 4CD40007             movem.l (A4), D0-D2
FFD07222? 7A00                 moveq   #$0, D5
FFD07224? 7C00                 moveq   #$0, D6
FFD07226? 5387                 subq.l  #1, D7
FFD07228? 7800                 moveq   #$0, D4
FFD0722A? 1018                 move.b  (A0)+, D0
FFD0722C? 2840                 movea.l D0, A4
FFD0722E? 1814                 move.b  (A4), D4
FFD07230? 1219                 move.b  (A1)+, D1
FFD07232? 2841                 movea.l D1, A4
FFD07234? 1A14                 move.b  (A4), D5
FFD07236? D845                 add.w   D5, D4
FFD07238? 141A                 move.b  (A2)+, D2
FFD0723A? 2842                 movea.l D2, A4
FFD0723C? 1C14                 move.b  (A4), D6
FFD0723E? 141A                 move.b  (A2)+, D2
FFD07240? 2842                 movea.l D2, A4
FFD07242? DC2C0100             add.b   ($100,A4), D6
FFD07246? E216                 roxr.b  #1, D6
FFD07248? D846                 add.w   D6, D4
FFD0724A? 1CF54000             move.b  (A5,D4.w), (A6)+
FFD0724E? 51CFFFD8             dbra    D7, $ffd07228
FFD07252? 4E75                 rts
FFD07254? 4CD50700             movem.l (A5), A0-A2
FFD07258? 2A6C0024             movea.l ($24,A4), A5
FFD0725C? 7A00                 moveq   #$0, D5
FFD0725E? 5387                 subq.l  #1, D7
FFD07260? 7800                 moveq   #$0, D4
FFD07262? 1818                 move.b  (A0)+, D4
FFD07264? 1A19                 move.b  (A1)+, D5
FFD07266? D845                 add.w   D5, D4
FFD07268? 7C00                 moveq   #$0, D6
FFD0726A? 1C1A                 move.b  (A2)+, D6
FFD0726C? DC44                 add.w   D4, D6
FFD0726E? 1CF56000             move.b  (A5,D6.w), (A6)+
FFD07272? 7C00                 moveq   #$0, D6
FFD07274? 1C1A                 move.b  (A2)+, D6
FFD07276? DC44                 add.w   D4, D6
FFD07278? 1CF56000             move.b  (A5,D6.w), (A6)+
FFD0727C? 51CFFFE2             dbra    D7, $ffd07260
FFD07280? 4E75                 rts
FFD07282? 4CD50700             movem.l (A5), A0-A2
FFD07286? 2A6C0024             movea.l ($24,A4), A5
FFD0728A? 286C0018             movea.l ($18,A4), A4
FFD0728E? 4CD40007             movem.l (A4), D0-D2
FFD07292? 7A00                 moveq   #$0, D5
FFD07294? 5387                 subq.l  #1, D7
FFD07296? 7800                 moveq   #$0, D4
FFD07298? 1018                 move.b  (A0)+, D0
FFD0729A? 2840                 movea.l D0, A4
FFD0729C? 1814                 move.b  (A4), D4
FFD0729E? 1219                 move.b  (A1)+, D1
FFD072A0? 2841                 movea.l D1, A4
FFD072A2? 1A14                 move.b  (A4), D5
FFD072A4? D845                 add.w   D5, D4
FFD072A6? 141A                 move.b  (A2)+, D2
FFD072A8? 2842                 movea.l D2, A4
FFD072AA? 1A14                 move.b  (A4), D5
FFD072AC? D845                 add.w   D5, D4
FFD072AE? 1CF54000             move.b  (A5,D4.w), (A6)+
FFD072B2? 7800                 moveq   #$0, D4
FFD072B4? 2840                 movea.l D0, A4
FFD072B6? 182C0100             move.b  ($100,A4), D4
FFD072BA? 2841                 movea.l D1, A4
FFD072BC? 1A2C0100             move.b  ($100,A4), D5
FFD072C0? D845                 add.w   D5, D4
FFD072C2? 141A                 move.b  (A2)+, D2
FFD072C4? 2842                 movea.l D2, A4
FFD072C6? 1A2C0100             move.b  ($100,A4), D5
FFD072CA? D845                 add.w   D5, D4
FFD072CC? 1CF54000             move.b  (A5,D4.w), (A6)+
FFD072D0? 51CFFFC4             dbra    D7, $ffd07296
FFD072D4? 4E75                 rts
FFD072D6? 205D                 movea.l (A5)+, A0
FFD072D8? 2255                 movea.l (A5), A1
FFD072DA? 2A6C0020             movea.l ($20,A4), A5
FFD072DE? 7A00                 moveq   #$0, D5
FFD072E0? 7800                 moveq   #$0, D4
FFD072E2? 5387                 subq.l  #1, D7
FFD072E4? 7C00                 moveq   #$0, D6
FFD072E6? 1818                 move.b  (A0)+, D4
FFD072E8? 1A18                 move.b  (A0)+, D5
FFD072EA? 1C19                 move.b  (A1)+, D6
FFD072EC? DC45                 add.w   D5, D6
FFD072EE? DC44                 add.w   D4, D6
FFD072F0? 1A19                 move.b  (A1)+, D5
FFD072F2? DC45                 add.w   D5, D6
FFD072F4? E24E                 lsr.w   #1, D6
FFD072F6? 1CF56000             move.b  (A5,D6.w), (A6)+
FFD072FA? 51CFFFE8             dbra    D7, $ffd072e4
FFD072FE? 4E75                 rts
FFD07300? 205D                 movea.l (A5)+, A0
FFD07302? 2255                 movea.l (A5), A1
FFD07304? 2A6C0020             movea.l ($20,A4), A5
FFD07308? 286C0018             movea.l ($18,A4), A4
FFD0730C? 201C                 move.l  (A4)+, D0
FFD0730E? 2214                 move.l  (A4), D1
FFD07310? 7A00                 moveq   #$0, D5
FFD07312? 7800                 moveq   #$0, D4
FFD07314? 5387                 subq.l  #1, D7
FFD07316? 7C00                 moveq   #$0, D6
FFD07318? 1018                 move.b  (A0)+, D0
FFD0731A? 2840                 movea.l D0, A4
FFD0731C? 1814                 move.b  (A4), D4
FFD0731E? 1018                 move.b  (A0)+, D0
FFD07320? 2840                 movea.l D0, A4
FFD07322? D82C0100             add.b   ($100,A4), D4
FFD07326? E214                 roxr.b  #1, D4
FFD07328? 1219                 move.b  (A1)+, D1
FFD0732A? 2841                 movea.l D1, A4
FFD0732C? 1C14                 move.b  (A4), D6
FFD0732E? 1219                 move.b  (A1)+, D1
FFD07330? 2841                 movea.l D1, A4
FFD07332? DC2C0100             add.b   ($100,A4), D6
FFD07336? E216                 roxr.b  #1, D6
FFD07338? DC44                 add.w   D4, D6
FFD0733A? 1CF56000             move.b  (A5,D6.w), (A6)+
FFD0733E? 51CFFFD6             dbra    D7, $ffd07316
FFD07342? 4E75                 rts
FFD07344? 205D                 movea.l (A5)+, A0
FFD07346? 2255                 movea.l (A5), A1
FFD07348? 2A6C0020             movea.l ($20,A4), A5
FFD0734C? 7A00                 moveq   #$0, D5
FFD0734E? 5387                 subq.l  #1, D7
FFD07350? 7C00                 moveq   #$0, D6
FFD07352? 1C18                 move.b  (A0)+, D6
FFD07354? 1A19                 move.b  (A1)+, D5
FFD07356? DC45                 add.w   D5, D6
FFD07358? 1CF56000             move.b  (A5,D6.w), (A6)+
FFD0735C? 7C00                 moveq   #$0, D6
FFD0735E? 1C18                 move.b  (A0)+, D6
FFD07360? 1A19                 move.b  (A1)+, D5
FFD07362? DC45                 add.w   D5, D6
FFD07364? 1CF56000             move.b  (A5,D6.w), (A6)+
FFD07368? 51CFFFE6             dbra    D7, $ffd07350
FFD0736C? 4E75                 rts
FFD0736E? 205D                 movea.l (A5)+, A0
FFD07370? 2255                 movea.l (A5), A1
FFD07372? 2A6C0020             movea.l ($20,A4), A5
FFD07376? 286C0018             movea.l ($18,A4), A4
FFD0737A? 201C                 move.l  (A4)+, D0
FFD0737C? 2214                 move.l  (A4), D1
FFD0737E? 7A00                 moveq   #$0, D5
FFD07380? 5387                 subq.l  #1, D7
FFD07382? 7C00                 moveq   #$0, D6
FFD07384? 1018                 move.b  (A0)+, D0
FFD07386? 2840                 movea.l D0, A4
FFD07388? 1C14                 move.b  (A4), D6
FFD0738A? 1219                 move.b  (A1)+, D1
FFD0738C? 2841                 movea.l D1, A4
FFD0738E? 1A14                 move.b  (A4), D5
FFD07390? DC45                 add.w   D5, D6
FFD07392? 1CF56000             move.b  (A5,D6.w), (A6)+
FFD07396? 7C00                 moveq   #$0, D6
FFD07398? 1018                 move.b  (A0)+, D0
FFD0739A? 2840                 movea.l D0, A4
FFD0739C? 1C2C0100             move.b  ($100,A4), D6
FFD073A0? 1219                 move.b  (A1)+, D1
FFD073A2? 2841                 movea.l D1, A4
FFD073A4? 1A2C0100             move.b  ($100,A4), D5
FFD073A8? DC45                 add.w   D5, D6
FFD073AA? 1CF56000             move.b  (A5,D6.w), (A6)+
FFD073AE? 51CFFFD2             dbra    D7, $ffd07382
FFD073B2? 4E75                 rts
FFD073B4? 4CD50700             movem.l (A5), A0-A2
FFD073B8? 2A6C0024             movea.l ($24,A4), A5
FFD073BC? 7A00                 moveq   #$0, D5
FFD073BE? 7C00                 moveq   #$0, D6
FFD073C0? 5387                 subq.l  #1, D7
FFD073C2? 7800                 moveq   #$0, D4
FFD073C4? 1818                 move.b  (A0)+, D4
FFD073C6? 1C19                 move.b  (A1)+, D6
FFD073C8? DC19                 add.b   (A1)+, D6
FFD073CA? E216                 roxr.b  #1, D6
FFD073CC? D846                 add.w   D6, D4
FFD073CE? 1C1A                 move.b  (A2)+, D6
FFD073D0? DC1A                 add.b   (A2)+, D6
FFD073D2? E216                 roxr.b  #1, D6
FFD073D4? D846                 add.w   D6, D4
FFD073D6? 1CF54000             move.b  (A5,D4.w), (A6)+
FFD073DA? 51CFFFE6             dbra    D7, $ffd073c2
FFD073DE? 4E75                 rts
FFD073E0? 4CD50700             movem.l (A5), A0-A2
FFD073E4? 2A6C0024             movea.l ($24,A4), A5
FFD073E8? 286C0018             movea.l ($18,A4), A4
FFD073EC? 4CD40007             movem.l (A4), D0-D2
FFD073F0? 7A00                 moveq   #$0, D5
FFD073F2? 7C00                 moveq   #$0, D6
FFD073F4? 5387                 subq.l  #1, D7
FFD073F6? 7800                 moveq   #$0, D4
FFD073F8? 1018                 move.b  (A0)+, D0
FFD073FA? 2840                 movea.l D0, A4
FFD073FC? 1814                 move.b  (A4), D4
FFD073FE? 1219                 move.b  (A1)+, D1
FFD07400? 2841                 movea.l D1, A4
FFD07402? 1C14                 move.b  (A4), D6
FFD07404? 1219                 move.b  (A1)+, D1
FFD07406? 2841                 movea.l D1, A4
FFD07408? DC2C0100             add.b   ($100,A4), D6
FFD0740C? E216                 roxr.b  #1, D6
FFD0740E? D846                 add.w   D6, D4
FFD07410? 141A                 move.b  (A2)+, D2
FFD07412? 2842                 movea.l D2, A4
FFD07414? 1C14                 move.b  (A4), D6
FFD07416? 141A                 move.b  (A2)+, D2
FFD07418? 2842                 movea.l D2, A4
FFD0741A? DC2C0100             add.b   ($100,A4), D6
FFD0741E? E216                 roxr.b  #1, D6
FFD07420? D846                 add.w   D6, D4
FFD07422? 1CF54000             move.b  (A5,D4.w), (A6)+
FFD07426? 51CFFFCE             dbra    D7, $ffd073f6
FFD0742A? 4E75                 rts
FFD0742C? 4CD50700             movem.l (A5), A0-A2
FFD07430? 2A6C0024             movea.l ($24,A4), A5
FFD07434? 7A00                 moveq   #$0, D5
FFD07436? 7800                 moveq   #$0, D4
FFD07438? 5387                 subq.l  #1, D7
FFD0743A? 1818                 move.b  (A0)+, D4
FFD0743C? 7C00                 moveq   #$0, D6
FFD0743E? 1C19                 move.b  (A1)+, D6
FFD07440? DC44                 add.w   D4, D6
FFD07442? 1A1A                 move.b  (A2)+, D5
FFD07444? DC45                 add.w   D5, D6
FFD07446? 1CF56000             move.b  (A5,D6.w), (A6)+
FFD0744A? 7C00                 moveq   #$0, D6
FFD0744C? 1C19                 move.b  (A1)+, D6
FFD0744E? DC44                 add.w   D4, D6
FFD07450? 1A1A                 move.b  (A2)+, D5
FFD07452? DC45                 add.w   D5, D6
FFD07454? 1CF56000             move.b  (A5,D6.w), (A6)+
FFD07458? 51CFFFE0             dbra    D7, $ffd0743a
FFD0745C? 4E75                 rts
FFD0745E? 4CD50700             movem.l (A5), A0-A2
FFD07462? 2A6C0024             movea.l ($24,A4), A5
FFD07466? 286C0018             movea.l ($18,A4), A4
FFD0746A? 4CD40007             movem.l (A4), D0-D2
FFD0746E? 7A00                 moveq   #$0, D5
FFD07470? 7800                 moveq   #$0, D4
FFD07472? 5387                 subq.l  #1, D7
FFD07474? 1018                 move.b  (A0)+, D0
FFD07476? 2840                 movea.l D0, A4
FFD07478? 1814                 move.b  (A4), D4
FFD0747A? 7C00                 moveq   #$0, D6
FFD0747C? 1219                 move.b  (A1)+, D1
FFD0747E? 2841                 movea.l D1, A4
FFD07480? 1C14                 move.b  (A4), D6
FFD07482? DC44                 add.w   D4, D6
FFD07484? 141A                 move.b  (A2)+, D2
FFD07486? 2842                 movea.l D2, A4
FFD07488? 1A14                 move.b  (A4), D5
FFD0748A? DC45                 add.w   D5, D6
FFD0748C? 1CF56000             move.b  (A5,D6.w), (A6)+
FFD07490? 2840                 movea.l D0, A4
FFD07492? 182C0100             move.b  ($100,A4), D4
FFD07496? 7C00                 moveq   #$0, D6
FFD07498? 1219                 move.b  (A1)+, D1
FFD0749A? 2841                 movea.l D1, A4
FFD0749C? 1C2C0100             move.b  ($100,A4), D6
FFD074A0? DC44                 add.w   D4, D6
FFD074A2? 141A                 move.b  (A2)+, D2
FFD074A4? 2842                 movea.l D2, A4
FFD074A6? 1A2C0100             move.b  ($100,A4), D5
FFD074AA? DC45                 add.w   D5, D6
FFD074AC? 1CF56000             move.b  (A5,D6.w), (A6)+
FFD074B0? 51CFFFC2             dbra    D7, $ffd07474
FFD074B4? 4E75                 rts
FFD074B6? 4CD50F00             movem.l (A5), A0-A3
FFD074BA? 2A6C0028             movea.l ($28,A4), A5
FFD074BE? 7A00                 moveq   #$0, D5
FFD074C0? 7C00                 moveq   #$0, D6
FFD074C2? 5387                 subq.l  #1, D7
FFD074C4? 7800                 moveq   #$0, D4
FFD074C6? 1818                 move.b  (A0)+, D4
FFD074C8? 1A19                 move.b  (A1)+, D5
FFD074CA? D845                 add.w   D5, D4
FFD074CC? 1C1A                 move.b  (A2)+, D6
FFD074CE? DC1A                 add.b   (A2)+, D6
FFD074D0? E216                 roxr.b  #1, D6
FFD074D2? D846                 add.w   D6, D4
FFD074D4? 1C1B                 move.b  (A3)+, D6
FFD074D6? DC1B                 add.b   (A3)+, D6
FFD074D8? E216                 roxr.b  #1, D6
FFD074DA? D846                 add.w   D6, D4
FFD074DC? 1CF54000             move.b  (A5,D4.w), (A6)+
FFD074E0? 51CFFFE2             dbra    D7, $ffd074c4
FFD074E4? 4E75                 rts
FFD074E6? 4CD50F00             movem.l (A5), A0-A3
FFD074EA? 2A6C0028             movea.l ($28,A4), A5
FFD074EE? 286C0018             movea.l ($18,A4), A4
FFD074F2? 4CD4000F             movem.l (A4), D0-D3
FFD074F6? 7A00                 moveq   #$0, D5
FFD074F8? 7C00                 moveq   #$0, D6
FFD074FA? 5387                 subq.l  #1, D7
FFD074FC? 7800                 moveq   #$0, D4
FFD074FE? 1018                 move.b  (A0)+, D0
FFD07500? 2840                 movea.l D0, A4
FFD07502? 1814                 move.b  (A4), D4
FFD07504? 1219                 move.b  (A1)+, D1
FFD07506? 2841                 movea.l D1, A4
FFD07508? 1A14                 move.b  (A4), D5
FFD0750A? D845                 add.w   D5, D4
FFD0750C? 141A                 move.b  (A2)+, D2
FFD0750E? 2842                 movea.l D2, A4
FFD07510? 1C14                 move.b  (A4), D6
FFD07512? 141A                 move.b  (A2)+, D2
FFD07514? 2842                 movea.l D2, A4
FFD07516? DC2C0100             add.b   ($100,A4), D6
FFD0751A? E216                 roxr.b  #1, D6
FFD0751C? D846                 add.w   D6, D4
FFD0751E? 161B                 move.b  (A3)+, D3
FFD07520? 2843                 movea.l D3, A4
FFD07522? 1C14                 move.b  (A4), D6
FFD07524? 161B                 move.b  (A3)+, D3
FFD07526? 2843                 movea.l D3, A4
FFD07528? DC2C0100             add.b   ($100,A4), D6
FFD0752C? E216                 roxr.b  #1, D6
FFD0752E? D846                 add.w   D6, D4
FFD07530? 1CF54000             move.b  (A5,D4.w), (A6)+
FFD07534? 51CFFFC6             dbra    D7, $ffd074fc
FFD07538? 4E75                 rts
FFD0753A? 4CD50F00             movem.l (A5), A0-A3
FFD0753E? 2A6C0028             movea.l ($28,A4), A5
FFD07542? 7A00                 moveq   #$0, D5
FFD07544? 5387                 subq.l  #1, D7
FFD07546? 7800                 moveq   #$0, D4
FFD07548? 1818                 move.b  (A0)+, D4
FFD0754A? 1A19                 move.b  (A1)+, D5
FFD0754C? D845                 add.w   D5, D4
FFD0754E? 7C00                 moveq   #$0, D6
FFD07550? 1C1A                 move.b  (A2)+, D6
FFD07552? DC44                 add.w   D4, D6
FFD07554? 1A1B                 move.b  (A3)+, D5
FFD07556? DC45                 add.w   D5, D6
FFD07558? 1CF56000             move.b  (A5,D6.w), (A6)+
FFD0755C? 7C00                 moveq   #$0, D6
FFD0755E? 1C1A                 move.b  (A2)+, D6
FFD07560? DC44                 add.w   D4, D6
FFD07562? 1A1B                 move.b  (A3)+, D5
FFD07564? DC45                 add.w   D5, D6
FFD07566? 1CF56000             move.b  (A5,D6.w), (A6)+
FFD0756A? 51CFFFDA             dbra    D7, $ffd07546
FFD0756E? 4E75                 rts
FFD07570? 4CD50F00             movem.l (A5), A0-A3
FFD07574? 2A6C0028             movea.l ($28,A4), A5
FFD07578? 286C0018             movea.l ($18,A4), A4
FFD0757C? 4CD4000F             movem.l (A4), D0-D3
FFD07580? 7A00                 moveq   #$0, D5
FFD07582? 5387                 subq.l  #1, D7
FFD07584? 7C00                 moveq   #$0, D6
FFD07586? 1018                 move.b  (A0)+, D0
FFD07588? 2840                 movea.l D0, A4
FFD0758A? 1C14                 move.b  (A4), D6
FFD0758C? 1219                 move.b  (A1)+, D1
FFD0758E? 2841                 movea.l D1, A4
FFD07590? 1A14                 move.b  (A4), D5
FFD07592? DC45                 add.w   D5, D6
FFD07594? 141A                 move.b  (A2)+, D2
FFD07596? 2842                 movea.l D2, A4
FFD07598? 1A14                 move.b  (A4), D5
FFD0759A? DC45                 add.w   D5, D6
FFD0759C? 161B                 move.b  (A3)+, D3
FFD0759E? 2843                 movea.l D3, A4
FFD075A0? 1A14                 move.b  (A4), D5
FFD075A2? DC45                 add.w   D5, D6
FFD075A4? 1CF56000             move.b  (A5,D6.w), (A6)+
FFD075A8? 7C00                 moveq   #$0, D6
FFD075AA? 2840                 movea.l D0, A4
FFD075AC? 1C2C0100             move.b  ($100,A4), D6
FFD075B0? 2841                 movea.l D1, A4
FFD075B2? 1A2C0100             move.b  ($100,A4), D5
FFD075B6? DC45                 add.w   D5, D6
FFD075B8? 141A                 move.b  (A2)+, D2
FFD075BA? 2842                 movea.l D2, A4
FFD075BC? 1A2C0100             move.b  ($100,A4), D5
FFD075C0? DC45                 add.w   D5, D6
FFD075C2? 161B                 move.b  (A3)+, D3
FFD075C4? 2843                 movea.l D3, A4
FFD075C6? 1A2C0100             move.b  ($100,A4), D5
FFD075CA? DC45                 add.w   D5, D6
FFD075CC? 1CF56000             move.b  (A5,D6.w), (A6)+
FFD075D0? 51CFFFB2             dbra    D7, $ffd07584
FFD075D4? 4E75                 rts
FFD075D6? 4CD50700             movem.l (A5), A0-A2
FFD075DA? 2A6C0024             movea.l ($24,A4), A5
FFD075DE? 286C0018             movea.l ($18,A4), A4
FFD075E2? 4CD40007             movem.l (A4), D0-D2
FFD075E6? 7A00                 moveq   #$0, D5
FFD075E8? 7800                 moveq   #$0, D4
FFD075EA? 5387                 subq.l  #1, D7
FFD075EC? 7C00                 moveq   #$0, D6
FFD075EE? 1018                 move.b  (A0)+, D0
FFD075F0? 2840                 movea.l D0, A4
FFD075F2? 1814                 move.b  (A4), D4
FFD075F4? 1018                 move.b  (A0)+, D0
FFD075F6? 2840                 movea.l D0, A4
FFD075F8? D82C0100             add.b   ($100,A4), D4
FFD075FC? E214                 roxr.b  #1, D4
FFD075FE? 1219                 move.b  (A1)+, D1
FFD07600? 2841                 movea.l D1, A4
FFD07602? 1C14                 move.b  (A4), D6
FFD07604? 1219                 move.b  (A1)+, D1
FFD07606? 2841                 movea.l D1, A4
FFD07608? DC2C0100             add.b   ($100,A4), D6
FFD0760C? E216                 roxr.b  #1, D6
FFD0760E? DC44                 add.w   D4, D6
FFD07610? 141A                 move.b  (A2)+, D2
FFD07612? 2842                 movea.l D2, A4
FFD07614? 1814                 move.b  (A4), D4
FFD07616? 141A                 move.b  (A2)+, D2
FFD07618? 2842                 movea.l D2, A4
FFD0761A? D82C0100             add.b   ($100,A4), D4
FFD0761E? E214                 roxr.b  #1, D4
FFD07620? DC44                 add.w   D4, D6
FFD07622? 1CF56000             move.b  (A5,D6.w), (A6)+
FFD07626? 51CFFFC4             dbra    D7, $ffd075ec
FFD0762A? 4E75                 rts
FFD0762C? 4CD50700             movem.l (A5), A0-A2
FFD07630? 2A6C0024             movea.l ($24,A4), A5
FFD07634? 7A00                 moveq   #$0, D5
FFD07636? 5387                 subq.l  #1, D7
FFD07638? 7C00                 moveq   #$0, D6
FFD0763A? 1C18                 move.b  (A0)+, D6
FFD0763C? 1A19                 move.b  (A1)+, D5
FFD0763E? DC45                 add.w   D5, D6
FFD07640? 1A1A                 move.b  (A2)+, D5
FFD07642? DC45                 add.w   D5, D6
FFD07644? 1CF56000             move.b  (A5,D6.w), (A6)+
FFD07648? 7C00                 moveq   #$0, D6
FFD0764A? 1C18                 move.b  (A0)+, D6
FFD0764C? 1A19                 move.b  (A1)+, D5
FFD0764E? DC45                 add.w   D5, D6
FFD07650? 1A1A                 move.b  (A2)+, D5
FFD07652? DC45                 add.w   D5, D6
FFD07654? 1CF56000             move.b  (A5,D6.w), (A6)+
FFD07658? 51CFFFDE             dbra    D7, $ffd07638
FFD0765C? 4E75                 rts
FFD0765E? 4CD50700             movem.l (A5), A0-A2
FFD07662? 2A6C0024             movea.l ($24,A4), A5
FFD07666? 286C0018             movea.l ($18,A4), A4
FFD0766A? 4CD40007             movem.l (A4), D0-D2
FFD0766E? 7A00                 moveq   #$0, D5
FFD07670? 5387                 subq.l  #1, D7
FFD07672? 7C00                 moveq   #$0, D6
FFD07674? 1018                 move.b  (A0)+, D0
FFD07676? 2840                 movea.l D0, A4
FFD07678? 1C14                 move.b  (A4), D6
FFD0767A? 1219                 move.b  (A1)+, D1
FFD0767C? 2841                 movea.l D1, A4
FFD0767E? 1A14                 move.b  (A4), D5
FFD07680? DC45                 add.w   D5, D6
FFD07682? 141A                 move.b  (A2)+, D2
FFD07684? 2842                 movea.l D2, A4
FFD07686? 1A14                 move.b  (A4), D5
FFD07688? DC45                 add.w   D5, D6
FFD0768A? 1CF56000             move.b  (A5,D6.w), (A6)+
FFD0768E? 7C00                 moveq   #$0, D6
FFD07690? 1018                 move.b  (A0)+, D0
FFD07692? 2840                 movea.l D0, A4
FFD07694? 1C2C0100             move.b  ($100,A4), D6
FFD07698? 1219                 move.b  (A1)+, D1
FFD0769A? 2841                 movea.l D1, A4
FFD0769C? 1A2C0100             move.b  ($100,A4), D5
FFD076A0? DC45                 add.w   D5, D6
FFD076A2? 141A                 move.b  (A2)+, D2
FFD076A4? 2842                 movea.l D2, A4
FFD076A6? 1A2C0100             move.b  ($100,A4), D5
FFD076AA? DC45                 add.w   D5, D6
FFD076AC? 1CF56000             move.b  (A5,D6.w), (A6)+
FFD076B0? 51CFFFC0             dbra    D7, $ffd07672
FFD076B4? 4E75                 rts
FFD076B6d                      .space  $2C                  ; zero to FFD076E2
FFD076E2d 0101010101010101     dc.b    $01,$01,$01,$01,$01,$01,$01,$01,$01,$01,$01,$01,$01,$01,$01,$01 ; |................|
FFD076F2d 0101010101010101     dc.b    $01,$01,$01,$01,$01,$01,$01,$01,$02,$02,$02,$02,$02,$02,$02,$02 ; |................|
FFD07702d 0202020202030303     dc.b    $02,$02,$02,$02,$02,$03,$03,$03,$03,$03,$03,$03,$03,$03,$04,$04 ; |................|
FFD07712d 0404040404050505     dc.b    $04,$04,$04,$04,$04,$05,$05,$05,$05,$05,$05,$06,$06,$06,$06,$07 ; |................|
FFD07722d 0707070808080809     dc.b    $07,$07,$07,$08,$08,$08,$08,$09,$09,$09,$0A,$0A,$0A,$0B,$0B,$0B ; |................|
FFD07732d 0C0C0D0D0D0E0E0F     dc.b    $0C,$0C,$0D,$0D,$0D,$0E,$0E,$0F,$0F,$10,$10,$11,$11,$12,$13,$13 ; |................|
FFD07742d 1414151616171818     dc.b    $14,$14,$15,$16,$16,$17,$18,$18,$19,$1A,$1A,$1B,$1C,$1D,$1D,$1E ; |................|
FFD07752d 1F20202122232425     dc.b    $1F,$20,$20,$21,$22,$23,$24,$25,$25,$26,$27,$28,$29,$2A,$2B,$2C ; |.  !"#$%%&'()*+,|
FFD07762d 2D2D2E2F30313233     dc.b    $2D,$2D,$2E,$2F,$30,$31,$32,$33,$34,$35,$36,$37,$38,$39,$3A,$3B ; |--./0123456789:;|
FFD07772d 3C3D3E3F40414243     dc.b    $3C,$3D,$3E,$3F,$40,$41,$42,$43,$44,$45,$46,$47,$48,$49,$4A,$4B ; |<=>?@ABCDEFGHIJK|
FFD07782d 4C4D4E4F50515253     dc.b    $4C,$4D,$4E,$4F,$50,$51,$52,$53,$54,$55,$56,$57,$58,$59,$5A,$5B ; |LMNOPQRSTUVWXYZ[|
FFD07792d 5C5D5E5F60616263     dc.b    $5C,$5D,$5E,$5F,$60,$61,$62,$63,$64,$65,$66,$67,$68,$69,$6A,$6B ; |\]^_`abcdefghijk|
FFD077A2d 6C6D6E6F70717273     dc.b    $6C,$6D,$6E,$6F,$70,$71,$72,$73,$74,$75,$76,$77,$78,$79,$7A,$7B ; |lmnopqrstuvwxyz{|
FFD077B2d 7C7D7E7F80808182     dc.b    $7C,$7D,$7E,$7F,$80,$80,$81,$82,$83,$84,$85,$86,$87,$88,$89,$8A ; ||}~.............|
FFD077C2d 8B8C8D8E8F909192     dc.b    $8B,$8C,$8D,$8E,$8F,$90,$91,$92,$93,$94,$95,$96,$97,$98,$99,$9A ; |................|
FFD077D2d 9B9C9D9E9FA0A1A2     dc.b    $9B,$9C,$9D,$9E,$9F,$A0,$A1,$A2,$A3,$A4,$A5,$A6,$A7,$A8,$A9,$AA ; |................|
FFD077E2d ABACADAEAFB0B1B2     dc.b    $AB,$AC,$AD,$AE,$AF,$B0,$B1,$B2,$B3,$B4,$B5,$B6,$B7,$B8,$B9,$BA ; |................|
FFD077F2d BBBCBDBEBFC0C1C2     dc.b    $BB,$BC,$BD,$BE,$BF,$C0,$C1,$C2,$C3,$C4,$C5,$C6,$C7,$C8,$C9,$CA ; |................|
FFD07802d CBCCCDCECFD0D1D2     dc.b    $CB,$CC,$CD,$CE,$CF,$D0,$D1,$D2,$D2,$D3,$D4,$D5,$D6,$D7,$D8,$D9 ; |................|
FFD07812d DADADBDCDDDEDFDF     dc.b    $DA,$DA,$DB,$DC,$DD,$DE,$DF,$DF,$E0,$E1,$E2,$E2,$E3,$E4,$E5,$E5 ; |................|
FFD07822d E6E7E7E8E9E9EAEB     dc.b    $E6,$E7,$E7,$E8,$E9,$E9,$EA,$EB,$EB,$EC,$EC,$ED,$EE,$EE,$EF,$EF ; |................|
FFD07832d F0F0F1F1F2F2F2F3     dc.b    $F0,$F0,$F1,$F1,$F2,$F2,$F2,$F3,$F3,$F4,$F4,$F4,$F5,$F5,$F5,$F6 ; |................|
FFD07842d F6F6F7F7F7F7F8F8     dc.b    $F6,$F6,$F7,$F7,$F7,$F7,$F8,$F8,$F8,$F8,$F9,$F9,$F9,$F9,$FA,$FA ; |................|
FFD07852d FAFAFAFAFBFBFBFB     dc.b    $FA,$FA,$FA,$FA,$FB,$FB,$FB,$FB,$FB,$FB,$FB,$FC,$FC,$FC,$FC,$FC ; |................|
FFD07862d FCFCFCFCFDFDFDFD     dc.b    $FC,$FC,$FC,$FC,$FD,$FD,$FD,$FD,$FD,$FD,$FD,$FD,$FD,$FD,$FD,$FD ; |................|
FFD07872d FDFEFEFEFEFEFEFE     dc.b    $FD,$FE,$FE,$FE,$FE,$FE,$FE,$FE,$FE,$FE,$FE,$FE,$FE,$FE,$FE,$FE ; |................|
FFD07882d FEFEFEFEFEFEFEFE     dc.b    $FE,$FE,$FE,$FE,$FE,$FE,$FE,$FE,$FE,$FF,$FF,$FF,$FF,$FF,$FF,$FF ; |................|
FFD07892d FFFFFFFFFFFFFFFF     dc.b    $FF,$FF,$FF,$FF,$FF,$FF,$FF,$FF,$FF,$FF,$FF,$FF,$FF,$FF,$FF,$FF ; |................|
FFD078A2d FFFFFFFFFFFFFFFF     dc.b    $FF,$FF,$FF,$FF,$FF,$FF,$FF,$FF,$FF,$FF,$FF,$FF,$FF,$FF,$FF,$FF ; |................|
FFD078B2d FFFFFF0000000000     dc.b    $FF,$FF,$FF,$00,$00,$00,$00,$00,$00,$00,$00,$00,$00,$00,$00,$00 ; |................|
FFD078C2d                      .space  $36                  ; zero to FFD078F8
FFD078F8d 0101010101010101     dc.b    $01,$01,$01,$01,$01,$01,$01,$01,$01,$01,$01,$01,$01,$01,$01,$01 ; |................|
FFD07908d 0101010101010101     dc.b    $01,$01,$01,$01,$01,$01,$01,$01,$01,$01,$01,$01,$01,$01,$01,$01 ; |................|
FFD07918d 0101010102020202     dc.b    $01,$01,$01,$01,$02,$02,$02,$02,$02,$02,$02,$02,$02,$02,$02,$02 ; |................|
FFD07928d 0202020202020202     dc.b    $02,$02,$02,$02,$02,$02,$02,$02,$03,$03,$03,$03,$03,$03,$03,$03 ; |................|
FFD07938d 0303030303040404     dc.b    $03,$03,$03,$03,$03,$04,$04,$04,$04,$04,$04,$04,$04,$04,$04,$04 ; |................|
FFD07948d 0505050505050505     dc.b    $05,$05,$05,$05,$05,$05,$05,$05,$06,$06,$06,$06,$06,$06,$06,$07 ; |................|
FFD07958d 0707070707080808     dc.b    $07,$07,$07,$07,$07,$08,$08,$08,$08,$08,$09,$09,$09,$09,$09,$0A ; |................|
FFD07968d 0A0A0A0B0B0B0B0C     dc.b    $0A,$0A,$0A,$0B,$0B,$0B,$0B,$0C,$0C,$0C,$0C,$0D,$0D,$0D,$0D,$0E ; |................|
FFD07978d 0E0E0F0F0F101010     dc.b    $0E,$0E,$0F,$0F,$0F,$10,$10,$10,$11,$11,$11,$12,$12,$13,$13,$13 ; |................|
FFD07988d 1414151515161617     dc.b    $14,$14,$15,$15,$15,$16,$16,$17,$17,$18,$18,$18,$19,$19,$1A,$1A ; |................|
FFD07998d 1B1B1C1C1D1D1E1E     dc.b    $1B,$1B,$1C,$1C,$1D,$1D,$1E,$1E,$1F,$1F,$20,$20,$21,$22,$22,$23 ; |..........  !""#|
FFD079A8d 2324242525262727     dc.b    $23,$24,$24,$25,$25,$26,$27,$27,$28,$28,$29,$2A,$2A,$2B,$2B,$2C ; |#$$%%&''(()**++,|
FFD079B8d 2D2D2E2E2F303031     dc.b    $2D,$2D,$2E,$2E,$2F,$30,$30,$31,$32,$32,$33,$33,$34,$35,$35,$36 ; |--../00122334556|
FFD079C8d 37373839393A3A3B     dc.b    $37,$37,$38,$39,$39,$3A,$3A,$3B,$3C,$3C,$3D,$3E,$3E,$3F,$40,$40 ; |77899::;<<=>>?@@|
FFD079D8d 4142424344444546     dc.b    $41,$42,$42,$43,$44,$44,$45,$46,$46,$47,$48,$48,$49,$4A,$4A,$4B ; |ABBCDDEFFGHHIJJK|
FFD079E8d 4C4C4D4E4E4F5050     dc.b    $4C,$4C,$4D,$4E,$4E,$4F,$50,$50,$51,$52,$52,$53,$54,$54,$55,$56 ; |LLMNNOPPQRRSTTUV|
FFD079F8d 56575858595A5A5B     dc.b    $56,$57,$58,$58,$59,$5A,$5A,$5B,$5C,$5C,$5D,$5E,$5E,$5F,$60,$60 ; |VWXXYZZ[\\]^^_``|
FFD07A08d 6162626364646566     dc.b    $61,$62,$62,$63,$64,$64,$65,$66,$66,$67,$68,$68,$69,$6A,$6A,$6B ; |abbcddeffghhijjk|
FFD07A18d 6C6C6D6E6E6F7070     dc.b    $6C,$6C,$6D,$6E,$6E,$6F,$70,$70,$71,$72,$72,$73,$74,$74,$75,$76 ; |llmnnoppqrrsttuv|
FFD07A28d 76777878797A7A7B     dc.b    $76,$77,$78,$78,$79,$7A,$7A,$7B,$7C,$7C,$7D,$7E,$7E,$7F,$80,$80 ; |vwxxyzz{||}~~...|
FFD07A38d 8181828383848585     dc.b    $81,$81,$82,$83,$83,$84,$85,$85,$86,$87,$87,$88,$89,$89,$8A,$8B ; |................|
FFD07A48d 8B8C8D8D8E8F8F90     dc.b    $8B,$8C,$8D,$8D,$8E,$8F,$8F,$90,$91,$91,$92,$93,$93,$94,$95,$95 ; |................|
FFD07A58d 9697979899999A9B     dc.b    $96,$97,$97,$98,$99,$99,$9A,$9B,$9B,$9C,$9D,$9D,$9E,$9F,$9F,$A0 ; |................|
FFD07A68d A1A1A2A3A3A4A5A5     dc.b    $A1,$A1,$A2,$A3,$A3,$A4,$A5,$A5,$A6,$A7,$A7,$A8,$A9,$A9,$AA,$AB ; |................|
FFD07A78d ABACADADAEAFAFB0     dc.b    $AB,$AC,$AD,$AD,$AE,$AF,$AF,$B0,$B1,$B1,$B2,$B3,$B3,$B4,$B5,$B5 ; |................|
FFD07A88d B6B7B7B8B9B9BABB     dc.b    $B6,$B7,$B7,$B8,$B9,$B9,$BA,$BB,$BB,$BC,$BD,$BD,$BE,$BF,$BF,$C0 ; |................|
FFD07A98d C1C1C2C3C3C4C5C5     dc.b    $C1,$C1,$C2,$C3,$C3,$C4,$C5,$C5,$C6,$C6,$C7,$C8,$C8,$C9,$CA,$CA ; |................|
FFD07AA8d CBCCCCCDCDCECFCF     dc.b    $CB,$CC,$CC,$CD,$CD,$CE,$CF,$CF,$D0,$D1,$D1,$D2,$D2,$D3,$D4,$D4 ; |................|
FFD07AB8d D5D5D6D7D7D8D8D9     dc.b    $D5,$D5,$D6,$D7,$D7,$D8,$D8,$D9,$DA,$DA,$DB,$DB,$DC,$DC,$DD,$DD ; |................|
FFD07AC8d DEDFDFE0E0E1E1E2     dc.b    $DE,$DF,$DF,$E0,$E0,$E1,$E1,$E2,$E2,$E3,$E3,$E4,$E4,$E5,$E5,$E6 ; |................|
FFD07AD8d E6E7E7E7E8E8E9E9     dc.b    $E6,$E7,$E7,$E7,$E8,$E8,$E9,$E9,$EA,$EA,$EA,$EB,$EB,$EC,$EC,$EC ; |................|
FFD07AE8d EDEDEEEEEEEFEFEF     dc.b    $ED,$ED,$EE,$EE,$EE,$EF,$EF,$EF,$F0,$F0,$F0,$F1,$F1,$F1,$F2,$F2 ; |................|
FFD07AF8d F2F2F3F3F3F3F4F4     dc.b    $F2,$F2,$F3,$F3,$F3,$F3,$F4,$F4,$F4,$F4,$F5,$F5,$F5,$F5,$F6,$F6 ; |................|
FFD07B08d F6F6F6F7F7F7F7F7     dc.b    $F6,$F6,$F6,$F7,$F7,$F7,$F7,$F7,$F8,$F8,$F8,$F8,$F8,$F8,$F9,$F9 ; |................|
FFD07B18d F9F9F9F9F9FAFAFA     dc.b    $F9,$F9,$F9,$F9,$F9,$FA,$FA,$FA,$FA,$FA,$FA,$FA,$FA,$FB,$FB,$FB ; |................|
FFD07B28d FBFBFBFBFBFBFBFB     dc.b    $FB,$FB,$FB,$FB,$FB,$FB,$FB,$FB,$FC,$FC,$FC,$FC,$FC,$FC,$FC,$FC ; |................|
FFD07B38d FCFCFCFCFCFDFDFD     dc.b    $FC,$FC,$FC,$FC,$FC,$FD,$FD,$FD,$FD,$FD,$FD,$FD,$FD,$FD,$FD,$FD ; |................|
FFD07B48d FDFDFDFDFDFDFDFD     dc.b    $FD,$FD,$FD,$FD,$FD,$FD,$FD,$FD,$FD,$FE,$FE,$FE,$FE,$FE,$FE,$FE ; |................|
FFD07B58d FEFEFEFEFEFEFEFE     dc.b    $FE,$FE,$FE,$FE,$FE,$FE,$FE,$FE,$FE,$FE,$FE,$FE,$FE,$FE,$FE,$FE ; |................|
FFD07B68d FEFEFEFEFEFEFEFE     dc.b    $FE,$FE,$FE,$FE,$FE,$FE,$FE,$FE,$FE,$FE,$FE,$FE,$FE,$FF,$FF,$FF ; |................|
FFD07B78d FFFFFFFFFFFFFFFF     dc.b    $FF,$FF,$FF,$FF,$FF,$FF,$FF,$FF,$FF,$FF,$FF,$FF,$FF,$FF,$FF,$FF ; |................|
FFD07B88d FFFFFFFFFFFFFFFF     dc.b    $FF,$FF,$FF,$FF,$FF,$FF,$FF,$FF,$FF,$FF,$FF,$FF,$FF,$FF,$FF,$FF ; |................|
FFD07B98d FFFFFFFFFFFFFFFF     dc.b    $FF,$FF,$FF,$FF,$FF,$FF,$FF,$FF,$FF,$FF,$FF,$FF,$FF,$FF,$FF,$FF ; |................|
FFD07BA8d FFFFFFFFFFFFFFFF     dc.b    $FF,$FF,$FF,$FF,$FF,$FF,$FF,$FF,$FF,$FF,$FF,$FF,$FF,$00,$00,$00 ; |................|
FFD07BB8d                      .space  $56                  ; zero to FFD07C0E
FFD07C0Ed 0101010101010101     dc.b    $01,$01,$01,$01,$01,$01,$01,$01,$01,$01,$01,$01,$01,$01,$01,$01 ; |................|
FFD07C1Ed 0101010101010101     dc.b    $01,$01,$01,$01,$01,$01,$01,$01,$01,$01,$01,$01,$01,$01,$01,$01 ; |................|
FFD07C2Ed 0101010101010101     dc.b    $01,$01,$01,$01,$01,$01,$01,$01,$01,$01,$01,$01,$01,$01,$01,$01 ; |................|
FFD07C3Ed 0202020202020202     dc.b    $02,$02,$02,$02,$02,$02,$02,$02,$02,$02,$02,$02,$02,$02,$02,$02 ; |................|
FFD07C4Ed 0202020202020202     dc.b    $02,$02,$02,$02,$02,$02,$02,$02,$02,$02,$03,$03,$03,$03,$03,$03 ; |................|
FFD07C5Ed 0303030303030303     dc.b    $03,$03,$03,$03,$03,$03,$03,$03,$03,$03,$03,$03,$04,$04,$04,$04 ; |................|
FFD07C6Ed 0404040404040404     dc.b    $04,$04,$04,$04,$04,$04,$04,$04,$04,$04,$05,$05,$05,$05,$05,$05 ; |................|
FFD07C7Ed 0505050505060606     dc.b    $05,$05,$05,$05,$05,$06,$06,$06,$06,$06,$06,$06,$06,$06,$07,$07 ; |................|
FFD07C8Ed 0707070707070808     dc.b    $07,$07,$07,$07,$07,$07,$08,$08,$08,$08,$08,$08,$08,$08,$09,$09 ; |................|
FFD07C9Ed 090909090A0A0A0A     dc.b    $09,$09,$09,$09,$0A,$0A,$0A,$0A,$0A,$0A,$0B,$0B,$0B,$0B,$0B,$0C ; |................|
FFD07CAEd 0C0C0C0C0D0D0D0D     dc.b    $0C,$0C,$0C,$0C,$0D,$0D,$0D,$0D,$0D,$0E,$0E,$0E,$0E,$0F,$0F,$0F ; |................|
FFD07CBEd 0F10101010111111     dc.b    $0F,$10,$10,$10,$10,$11,$11,$11,$11,$12,$12,$12,$13,$13,$13,$13 ; |................|
FFD07CCEd 1414141515151616     dc.b    $14,$14,$14,$15,$15,$15,$16,$16,$16,$17,$17,$17,$18,$18,$18,$19 ; |................|
FFD07CDEd 19191A1A1A1B1B1B     dc.b    $19,$19,$1A,$1A,$1A,$1B,$1B,$1B,$1C,$1C,$1D,$1D,$1D,$1E,$1E,$1E ; |................|
FFD07CEEd 1F1F202020212122     dc.b    $1F,$1F,$20,$20,$20,$21,$21,$22,$22,$22,$23,$23,$24,$24,$25,$25 ; |..   !!"""##$$%%|
FFD07CFEd 2526262727282829     dc.b    $25,$26,$26,$27,$27,$28,$28,$29,$29,$29,$2A,$2A,$2B,$2B,$2C,$2C ; |%&&''(()))**++,,|
FFD07D0Ed 2D2D2D2E2E2F2F30     dc.b    $2D,$2D,$2D,$2E,$2E,$2F,$2F,$30,$30,$31,$31,$32,$32,$33,$33,$34 ; |---..//001122334|
FFD07D1Ed 3435353536363737     dc.b    $34,$35,$35,$35,$36,$36,$37,$37,$38,$38,$39,$39,$3A,$3A,$3B,$3B ; |455566778899::;;|
FFD07D2Ed 3C3C3D3D3E3E3F3F     dc.b    $3C,$3C,$3D,$3D,$3E,$3E,$3F,$3F,$40,$40,$41,$41,$42,$42,$43,$43 ; |<<==>>??@@AABBCC|
FFD07D3Ed 4444454546464747     dc.b    $44,$44,$45,$45,$46,$46,$47,$47,$48,$48,$49,$49,$4A,$4A,$4B,$4B ; |DDEEFFGGHHIIJJKK|
FFD07D4Ed 4C4C4D4D4E4E4F4F     dc.b    $4C,$4C,$4D,$4D,$4E,$4E,$4F,$4F,$50,$50,$51,$51,$52,$52,$53,$53 ; |LLMMNNOOPPQQRRSS|
FFD07D5Ed 5454555556565757     dc.b    $54,$54,$55,$55,$56,$56,$57,$57,$58,$58,$59,$59,$5A,$5A,$5B,$5B ; |TTUUVVWWXXYYZZ[[|
FFD07D6Ed 5C5C5D5D5E5E5F5F     dc.b    $5C,$5C,$5D,$5D,$5E,$5E,$5F,$5F,$60,$60,$61,$61,$62,$62,$63,$63 ; |\\]]^^__``aabbcc|
FFD07D7Ed 6464656566666767     dc.b    $64,$64,$65,$65,$66,$66,$67,$67,$68,$68,$69,$69,$6A,$6A,$6B,$6B ; |ddeeffgghhiijjkk|
FFD07D8Ed 6C6C6D6D6E6E6F6F     dc.b    $6C,$6C,$6D,$6D,$6E,$6E,$6F,$6F,$70,$70,$71,$71,$72,$72,$73,$73 ; |llmmnnooppqqrrss|
FFD07D9Ed 7474757576767777     dc.b    $74,$74,$75,$75,$76,$76,$77,$77,$78,$78,$79,$79,$7A,$7A,$7B,$7B ; |ttuuvvwwxxyyzz{{|
FFD07DAEd 7C7C7D7D7E7E7F7F     dc.b    $7C,$7C,$7D,$7D,$7E,$7E,$7F,$7F,$80,$80,$80,$81,$81,$82,$82,$83 ; |||}}~~..........|
FFD07DBEd 8384848585868687     dc.b    $83,$84,$84,$85,$85,$86,$86,$87,$87,$88,$88,$89,$89,$8A,$8A,$8B ; |................|
FFD07DCEd 8B8C8C8D8D8E8E8F     dc.b    $8B,$8C,$8C,$8D,$8D,$8E,$8E,$8F,$8F,$90,$90,$91,$91,$92,$92,$93 ; |................|
FFD07DDEd 9394949595969697     dc.b    $93,$94,$94,$95,$95,$96,$96,$97,$97,$98,$98,$99,$99,$9A,$9A,$9B ; |................|
FFD07DEEd 9B9C9C9D9D9E9E9F     dc.b    $9B,$9C,$9C,$9D,$9D,$9E,$9E,$9F,$9F,$A0,$A0,$A1,$A1,$A2,$A2,$A3 ; |................|
FFD07DFEd A3A4A4A5A5A6A6A7     dc.b    $A3,$A4,$A4,$A5,$A5,$A6,$A6,$A7,$A7,$A8,$A8,$A9,$A9,$AA,$AA,$AB ; |................|
FFD07E0Ed ABACACADADAEAEAF     dc.b    $AB,$AC,$AC,$AD,$AD,$AE,$AE,$AF,$AF,$B0,$B0,$B1,$B1,$B2,$B2,$B3 ; |................|
FFD07E1Ed B3B4B4B5B5B6B6B7     dc.b    $B3,$B4,$B4,$B5,$B5,$B6,$B6,$B7,$B7,$B8,$B8,$B9,$B9,$BA,$BA,$BB ; |................|
FFD07E2Ed BBBCBCBDBDBEBEBF     dc.b    $BB,$BC,$BC,$BD,$BD,$BE,$BE,$BF,$BF,$C0,$C0,$C1,$C1,$C2,$C2,$C3 ; |................|
FFD07E3Ed C3C4C4C5C5C6C6C7     dc.b    $C3,$C4,$C4,$C5,$C5,$C6,$C6,$C7,$C7,$C8,$C8,$C9,$C9,$CA,$CA,$CA ; |................|
FFD07E4Ed CBCBCCCCCDCDCECE     dc.b    $CB,$CB,$CC,$CC,$CD,$CD,$CE,$CE,$CF,$CF,$D0,$D0,$D1,$D1,$D2,$D2 ; |................|
FFD07E5Ed D2D3D3D4D4D5D5D6     dc.b    $D2,$D3,$D3,$D4,$D4,$D5,$D5,$D6,$D6,$D6,$D7,$D7,$D8,$D8,$D9,$D9 ; |................|
FFD07E6Ed DADADADBDBDCDCDD     dc.b    $DA,$DA,$DA,$DB,$DB,$DC,$DC,$DD,$DD,$DD,$DE,$DE,$DF,$DF,$DF,$E0 ; |................|
FFD07E7Ed E0E1E1E1E2E2E2E3     dc.b    $E0,$E1,$E1,$E1,$E2,$E2,$E2,$E3,$E3,$E4,$E4,$E4,$E5,$E5,$E5,$E6 ; |................|
FFD07E8Ed E6E6E7E7E7E8E8E8     dc.b    $E6,$E6,$E7,$E7,$E7,$E8,$E8,$E8,$E9,$E9,$E9,$EA,$EA,$EA,$EB,$EB ; |................|
FFD07E9Ed EBECECECECEDEDED     dc.b    $EB,$EC,$EC,$EC,$EC,$ED,$ED,$ED,$EE,$EE,$EE,$EE,$EF,$EF,$EF,$EF ; |................|
FFD07EAEd F0F0F0F0F1F1F1F1     dc.b    $F0,$F0,$F0,$F0,$F1,$F1,$F1,$F1,$F2,$F2,$F2,$F2,$F2,$F3,$F3,$F3 ; |................|
FFD07EBEd F3F3F4F4F4F4F4F5     dc.b    $F3,$F3,$F4,$F4,$F4,$F4,$F4,$F5,$F5,$F5,$F5,$F5,$F5,$F6,$F6,$F6 ; |................|
FFD07ECEd F6F6F6F7F7F7F7F7     dc.b    $F6,$F6,$F6,$F7,$F7,$F7,$F7,$F7,$F7,$F7,$F7,$F8,$F8,$F8,$F8,$F8 ; |................|
FFD07EDEd F8F8F8F9F9F9F9F9     dc.b    $F8,$F8,$F8,$F9,$F9,$F9,$F9,$F9,$F9,$F9,$F9,$F9,$FA,$FA,$FA,$FA ; |................|
FFD07EEEd FAFAFAFAFAFAFAFB     dc.b    $FA,$FA,$FA,$FA,$FA,$FA,$FA,$FB,$FB,$FB,$FB,$FB,$FB,$FB,$FB,$FB ; |................|
FFD07EFEd FBFBFBFBFBFCFCFC     dc.b    $FB,$FB,$FB,$FB,$FB,$FC,$FC,$FC,$FC,$FC,$FC,$FC,$FC,$FC,$FC,$FC ; |................|
FFD07F0Ed FCFCFCFCFCFCFCFD     dc.b    $FC,$FC,$FC,$FC,$FC,$FC,$FC,$FD,$FD,$FD,$FD,$FD,$FD,$FD,$FD,$FD ; |................|
FFD07F1Ed FDFDFDFDFDFDFDFD     dc.b    $FD,$FD,$FD,$FD,$FD,$FD,$FD,$FD,$FD,$FD,$FD,$FD,$FD,$FD,$FD,$FD ; |................|
FFD07F2Ed FDFEFEFEFEFEFEFE     dc.b    $FD,$FE,$FE,$FE,$FE,$FE,$FE,$FE,$FE,$FE,$FE,$FE,$FE,$FE,$FE,$FE ; |................|
FFD07F3Ed FEFEFEFEFEFEFEFE     dc.b    $FE,$FE,$FE,$FE,$FE,$FE,$FE,$FE,$FE,$FE,$FE,$FE,$FE,$FE,$FE,$FE ; |................|
FFD07F4Ed FEFEFEFEFEFEFEFE     dc.b    $FE,$FE,$FE,$FE,$FE,$FE,$FE,$FE,$FE,$FE,$FE,$FE,$FE,$FE,$FE,$FE ; |................|
FFD07F5Ed FEFFFFFFFFFFFFFF     dc.b    $FE,$FF,$FF,$FF,$FF,$FF,$FF,$FF,$FF,$FF,$FF,$FF,$FF,$FF,$FF,$FF ; |................|
FFD07F6Ed FFFFFFFFFFFFFFFF     dc.b    $FF,$FF,$FF,$FF,$FF,$FF,$FF,$FF,$FF,$FF,$FF,$FF,$FF,$FF,$FF,$FF ; |................|
FFD07F7Ed FFFFFFFFFFFFFFFF     dc.b    $FF,$FF,$FF,$FF,$FF,$FF,$FF,$FF,$FF,$FF,$FF,$FF,$FF,$FF,$FF,$FF ; |................|
FFD07F8Ed FFFFFFFFFFFFFFFF     dc.b    $FF,$FF,$FF,$FF,$FF,$FF,$FF,$FF,$FF,$FF,$FF,$FF,$FF,$FF,$FF,$FF ; |................|
FFD07F9Ed FFFFFFFFFFFFFFFF     dc.b    $FF,$FF,$FF,$FF,$FF,$FF,$FF,$FF,$FF,$FF,$FF,$FF,$FF,$FF,$FF,$FF ; |................|
FFD07FAEd FFFFFFFFFFFFFF00     dc.b    $FF,$FF,$FF,$FF,$FF,$FF,$FF,$00,$6B,$63,$6B,$63,$6B,$63,$6B,$63 ; |........kckckckc|
FFD07FBEd 6B637800             dc.b    $6B,$63,$78,$00                   ; |kcx.|
