; ============================================================================
; ROM resource 'nlib' 15 FMSwapFont at FFDD92E0
; ============================================================================
; data at ROM 1D92E0 (656C bytes), entry at 1DF840, attributes 58, combo 7800000000000000
; data header: 4b757274 c0a00000 0000656c 0000041c
;
; Columns: address, flag, raw bytes, instruction, ; comment.
;   flag '*' executed in the coverage run, ' ' reached by control flow,
;   '?' decodes as code but neither executed nor reached, 'd' data.

; PEF container: architecture pwpc, format version 1, timestamp AB83CC15, versions 00000000/00000000/00000000
;   3 sections (2 instantiated)
;   section 0 code       container +00470 len 060E0 (ROM 1D9750 = FFDD9750), unpacked 060E0, total 060E0, share 4, align 4
;   section 1 pidata     container +06550 len 00010 (ROM 1DF830 = FFDDF830), unpacked 000CC, total 000CC, share 4, align 4
;   section 2 loader     container +00080 len 003EE (ROM 1D9360 = FFDD9360), unpacked 00000, total 00000, share 4, align 2
;   imports from InterfaceLib: 35 symbols
;   imports from PrivateInterfaceLib: 7 symbols
;   imports from NQD: 3 symbols
;
; ----------------------------------------------------------------------------
; code section 0: ROM 1D9750-1DF82F = FFDD9750
; TOC (r2) = data section + 14; TOC[d] comments name the word at that offset.
; ----------------------------------------------------------------------------

__FMSwapFont:
FFDD9750  7C0802A6  mfspr   r0, LR
FFDD9754  7CA384AA  lswi    r5, r3, 0x10
FFDD9758  93E1FFFC  stw     r31, -0x4(r1)
FFDD975C  90010008  stw     r0, 0x8(r1)
FFDD9760  9421FF80  stwu    r1, -0x80(r1)
FFDD9764  31410038  addic   r10, r1, 0x38
FFDD9768  7CAA85AA  stswi   r5, r10, 0x10
FFDD976C  7CA384AA  lswi    r5, r3, 0x10
FFDD9770  30610048  addic   r3, r1, 0x48
FFDD9774  7CA385AA  stswi   r5, r3, 0x10
FFDD9778  80000B2A  lwz     r0, 0xB2A
FFDD977C  2C000000  cmpwi   cr0, r0, 0x0
FFDD9780  41820038  beq     loc_FFDD97B8
FFDD9784  806002B6  lwz     r3, 0x2B6                          ; R low memory BasicGlob ($2B6)
FFDD9788  A8010048  lha     r0, 0x48(r1)
FFDD978C  80630068  lwz     r3, 0x68(r3)
FFDD9790  38800001  li      r4, 0x1
FFDD9794  80A30000  lwz     r5, 0x0(r3)
FFDD9798  30610038  addic   r3, r1, 0x38
FFDD979C  B005008C  sth     r0, 0x8C(r5)
FFDD97A0  80A00B4C  lwz     r5, 0xB4C
FFDD97A4  38000000  li      r0, 0x0
FFDD97A8  2C05FFFF  cmpwi   cr0, r5, 0xFFFF
FFDD97AC  40820058  bne     loc_FFDD9804
FFDD97B0  48004955  bl      sub_FFDDE104
FFDD97B4  4800003C  b       loc_FFDD97F0
loc_FFDD97B8:
FFDD97B8  48004D71  bl      glue_InitFonts
FFDD97BC  80410014  lwz     r2, 0x14(r1)
FFDD97C0  806002B6  lwz     r3, 0x2B6                          ; R low memory BasicGlob ($2B6)
FFDD97C4  A8010048  lha     r0, 0x48(r1)
FFDD97C8  80630068  lwz     r3, 0x68(r3)
FFDD97CC  38800001  li      r4, 0x1
FFDD97D0  80A30000  lwz     r5, 0x0(r3)
FFDD97D4  30610038  addic   r3, r1, 0x38
FFDD97D8  B005008C  sth     r0, 0x8C(r5)
FFDD97DC  80A00B4C  lwz     r5, 0xB4C
FFDD97E0  38000000  li      r0, 0x0
FFDD97E4  2C05FFFF  cmpwi   cr0, r5, 0xFFFF
FFDD97E8  4082001C  bne     loc_FFDD9804
FFDD97EC  48004919  bl      sub_FFDDE104
loc_FFDD97F0:
FFDD97F0  81810088  lwz     r12, 0x88(r1)
FFDD97F4  83E1007C  lwz     r31, 0x7C(r1)
FFDD97F8  7D8803A6  mtspr   LR, r12
FFDD97FC  30210080  addic   r1, r1, 0x80
FFDD9800  48000390  b       loc_FFDD9B90
loc_FFDD9804:
FFDD9804  8860015E  lbz     r3, 0x15E                          ; R low memory FontFlag ($15E)
FFDD9808  7C7F0774  extsb   r31, r3
FFDD980C  2C1FFFFF  cmpwi   cr0, r31, 0xFFFF
FFDD9810  40820044  bne     loc_FFDD9854
FFDD9814  9800015E  stb     r0, 0x15E                          ; W low memory FontFlag ($15E)
FFDD9818  A8600988  lha     r3, 0x988                          ; R low memory CurFMInput ($988)
FFDD981C  A8010048  lha     r0, 0x48(r1)
FFDD9820  7C030000  cmpw    r3, r0
FFDD9824  408200B8  bne     loc_FFDD98DC
FFDD9828  A860098A  lha     r3, 0x98A                          ; R low memory CurFMSize ($98A)
FFDD982C  A801004A  lha     r0, 0x4A(r1)
FFDD9830  7C030000  cmpw    r3, r0
FFDD9834  40820108  bne     loc_FFDD993C
FFDD9838  8800098C  lbz     r0, 0x98C                          ; R low memory CurFMFace ($98C)
FFDD983C  8861004C  lbz     r3, 0x4C(r1)
FFDD9840  A8A1004E  lha     r5, 0x4E(r1)
FFDD9844  7C001800  cmpw    r0, r3
FFDD9848  30610038  addic   r3, r1, 0x38
FFDD984C  38800001  li      r4, 0x1
FFDD9850  48000138  b       loc_FFDD9988
loc_FFDD9854:
FFDD9854  48005285  bl      sub_FFDDEAD8
FFDD9858  4FFFFB82  crmove  crb31, crb31
FFDD985C  2C1F0008  cmpwi   cr0, r31, 0x8
FFDD9860  2C9F000A  cmpwi   cr1, r31, 0xA
FFDD9864  3860000A  li      r3, 0xA
FFDD9868  38000008  li      r0, 0x8
FFDD986C  40820308  bne     loc_FFDD9B74
FFDD9870  9860015E  stb     r3, 0x15E                          ; W low memory FontFlag ($15E)
FFDD9874  A8000A5A  lha     r0, 0xA5A                          ; R low memory CurMap ($A5A)
FFDD9878  30610038  addic   r3, r1, 0x38
FFDD987C  B0010058  sth     r0, 0x58(r1)
FFDD9880  A8000A58  lha     r0, 0xA58                          ; R low memory SysMap ($A58)
FFDD9884  38800002  li      r4, 0x2
FFDD9888  B0000A5A  sth     r0, 0xA5A                          ; W low memory CurMap ($A5A)
FFDD988C  48004879  bl      sub_FFDDE104
FFDD9890  480002F0  b       loc_FFDD9B80
loc_FFDD9894:
FFDD9894  9800015E  stb     r0, 0x15E                          ; W low memory FontFlag ($15E)
FFDD9898  A8600988  lha     r3, 0x988                          ; R low memory CurFMInput ($988)
FFDD989C  A8010048  lha     r0, 0x48(r1)
FFDD98A0  7C030000  cmpw    r3, r0
FFDD98A4  40820038  bne     loc_FFDD98DC
FFDD98A8  A860098A  lha     r3, 0x98A                          ; R low memory CurFMSize ($98A)
FFDD98AC  A801004A  lha     r0, 0x4A(r1)
FFDD98B0  7C030000  cmpw    r3, r0
FFDD98B4  40820088  bne     loc_FFDD993C
FFDD98B8  8800098C  lbz     r0, 0x98C                          ; R low memory CurFMFace ($98C)
FFDD98BC  8861004C  lbz     r3, 0x4C(r1)
FFDD98C0  A8A1004E  lha     r5, 0x4E(r1)
FFDD98C4  7C001800  cmpw    r0, r3
FFDD98C8  30610038  addic   r3, r1, 0x38
FFDD98CC  38800001  li      r4, 0x1
FFDD98D0  418200C4  beq     loc_FFDD9994
FFDD98D4  48004831  bl      sub_FFDDE104
FFDD98D8  4BFFFF18  b       loc_FFDD97F0
loc_FFDD98DC:
FFDD98DC  480002B9  bl      sub_FFDD9B94
FFDD98E0  7C600734  extsh   r0, r3
FFDD98E4  A8610048  lha     r3, 0x48(r1)
FFDD98E8  480002AD  bl      sub_FFDD9B94
FFDD98EC  7C630734  extsh   r3, r3
FFDD98F0  7C001800  cmpw    r0, r3
FFDD98F4  30610038  addic   r3, r1, 0x38
FFDD98F8  38800001  li      r4, 0x1
FFDD98FC  4182000C  beq     loc_FFDD9908
FFDD9900  48004805  bl      sub_FFDDE104
FFDD9904  4BFFFEEC  b       loc_FFDD97F0
loc_FFDD9908:
FFDD9908  A860098A  lha     r3, 0x98A                          ; R low memory CurFMSize ($98A)
FFDD990C  A801004A  lha     r0, 0x4A(r1)
FFDD9910  7C030000  cmpw    r3, r0
FFDD9914  40820028  bne     loc_FFDD993C
FFDD9918  8800098C  lbz     r0, 0x98C                          ; R low memory CurFMFace ($98C)
FFDD991C  8861004C  lbz     r3, 0x4C(r1)
FFDD9920  A8A1004E  lha     r5, 0x4E(r1)
FFDD9924  7C001800  cmpw    r0, r3
FFDD9928  30610038  addic   r3, r1, 0x38
FFDD992C  38800001  li      r4, 0x1
FFDD9930  41820064  beq     loc_FFDD9994
FFDD9934  480047D1  bl      sub_FFDDE104
FFDD9938  4BFFFEB8  b       loc_FFDD97F0
loc_FFDD993C:
FFDD993C  A8800988  lha     r4, 0x988                          ; R low memory CurFMInput ($988)
FFDD9940  48000275  bl      sub_FFDD9BB4
FFDD9944  7C650734  extsh   r5, r3
FFDD9948  A861004A  lha     r3, 0x4A(r1)
FFDD994C  A8810048  lha     r4, 0x48(r1)
FFDD9950  48000265  bl      sub_FFDD9BB4
FFDD9954  7C600734  extsh   r0, r3
FFDD9958  7C050000  cmpw    r5, r0
FFDD995C  30610038  addic   r3, r1, 0x38
FFDD9960  38800001  li      r4, 0x1
FFDD9964  4182000C  beq     loc_FFDD9970
FFDD9968  4800479D  bl      sub_FFDDE104
FFDD996C  4BFFFE84  b       loc_FFDD97F0
loc_FFDD9970:
FFDD9970  8800098C  lbz     r0, 0x98C                          ; R low memory CurFMFace ($98C)
FFDD9974  A8A1004E  lha     r5, 0x4E(r1)
FFDD9978  8861004C  lbz     r3, 0x4C(r1)
FFDD997C  38800001  li      r4, 0x1
FFDD9980  7C001800  cmpw    r0, r3
FFDD9984  30610038  addic   r3, r1, 0x38
loc_FFDD9988:
FFDD9988  4182000C  beq     loc_FFDD9994
FFDD998C  48004779  bl      sub_FFDDE104
FFDD9990  4BFFFE60  b       loc_FFDD97F0
loc_FFDD9994:
FFDD9994  A800098E  lha     r0, 0x98E                          ; R low memory CurFMDevice ($98E)
FFDD9998  A8C10052  lha     r6, 0x52(r1)
FFDD999C  7C802800  cmpw    cr1, r0, r5
FFDD99A0  4186000C  beq     cr1, loc_FFDD99AC
FFDD99A4  48004761  bl      sub_FFDDE104
FFDD99A8  4BFFFE48  b       loc_FFDD97F0
loc_FFDD99AC:
FFDD99AC  A8000992  lha     r0, 0x992
FFDD99B0  A8A10050  lha     r5, 0x50(r1)
FFDD99B4  7C003000  cmpw    r0, r6
FFDD99B8  4182000C  beq     loc_FFDD99C4
FFDD99BC  48004749  bl      sub_FFDDE104
FFDD99C0  4BFFFE30  b       loc_FFDD97F0
loc_FFDD99C4:
FFDD99C4  A8000990  lha     r0, 0x990                          ; R low memory CurFMNumer ($990)
FFDD99C8  A8C10056  lha     r6, 0x56(r1)
FFDD99CC  7C802800  cmpw    cr1, r0, r5
FFDD99D0  4186000C  beq     cr1, loc_FFDD99DC
FFDD99D4  48004731  bl      sub_FFDDE104
FFDD99D8  4BFFFE18  b       loc_FFDD97F0
loc_FFDD99DC:
FFDD99DC  A8000996  lha     r0, 0x996
FFDD99E0  A8A10054  lha     r5, 0x54(r1)
FFDD99E4  7C003000  cmpw    r0, r6
FFDD99E8  4182000C  beq     loc_FFDD99F4
FFDD99EC  48004719  bl      sub_FFDDE104
FFDD99F0  4BFFFE00  b       loc_FFDD97F0
loc_FFDD99F4:
FFDD99F4  A8000994  lha     r0, 0x994                          ; R low memory CurFMDenom ($994)
FFDD99F8  7C802800  cmpw    cr1, r0, r5
FFDD99FC  4186000C  beq     cr1, loc_FFDD9A08
FFDD9A00  48004705  bl      sub_FFDDE104
FFDD9A04  4BFFFDEC  b       loc_FFDD97F0
loc_FFDD9A08:
FFDD9A08  880008F3  lbz     r0, 0x8F3                          ; R low memory DExist ($8F3)
FFDD9A0C  2C000000  cmpwi   cr0, r0, 0x0
FFDD9A10  4080001C  bge     loc_FFDD9A2C
FFDD9A14  3800FFFE  li      r0, -0x2
FFDD9A18  9800015E  stb     r0, 0x15E                          ; W low memory FontFlag ($15E)
FFDD9A1C  30610038  addic   r3, r1, 0x38
FFDD9A20  38800005  li      r4, 0x5
FFDD9A24  480046E1  bl      sub_FFDDE104
FFDD9A28  48000158  b       loc_FFDD9B80
loc_FFDD9A2C:
FFDD9A2C  48005B1D  bl      glue_GetQDGlobals
FFDD9A30  80410014  lwz     r2, 0x14(r1)
FFDD9A34  83E300CA  lwz     r31, 0xCA(r3)
FFDD9A38  2C1F0000  cmpwi   cr0, r31, 0x0
FFDD9A3C  A81F0048  lha     r0, 0x48(r31)
FFDD9A40  4082001C  bne     loc_FFDD9A5C
FFDD9A44  3800FFFE  li      r0, -0x2
FFDD9A48  9800015E  stb     r0, 0x15E                          ; W low memory FontFlag ($15E)
FFDD9A4C  30610038  addic   r3, r1, 0x38
FFDD9A50  38800005  li      r4, 0x5
FFDD9A54  480046B1  bl      sub_FFDDE104
FFDD9A58  48000128  b       loc_FFDD9B80
loc_FFDD9A5C:
FFDD9A5C  A8600D3E  lha     r3, 0xD3E
FFDD9A60  7C801800  cmpw    cr1, r0, r3
FFDD9A64  41860020  beq     cr1, loc_FFDD9A84
FFDD9A68  38000000  li      r0, 0x0
FFDD9A6C  9801005A  stb     r0, 0x5A(r1)
FFDD9A70  B0010058  sth     r0, 0x58(r1)
FFDD9A74  3800FFFE  li      r0, -0x2
FFDD9A78  9800015E  stb     r0, 0x15E                          ; W low memory FontFlag ($15E)
FFDD9A7C  48000751  bl      sub_FFDDA1CC
FFDD9A80  480000BC  b       loc_FFDD9B3C
loc_FFDD9A84:
FFDD9A84  801F0050  lwz     r0, 0x50(r31)
FFDD9A88  80600D36  lwz     r3, 0xD36
FFDD9A8C  7C001800  cmpw    r0, r3
FFDD9A90  41820020  beq     loc_FFDD9AB0
FFDD9A94  38000000  li      r0, 0x0
FFDD9A98  9801005A  stb     r0, 0x5A(r1)
FFDD9A9C  B0010058  sth     r0, 0x58(r1)
FFDD9AA0  3800FFFE  li      r0, -0x2
FFDD9AA4  9800015E  stb     r0, 0x15E                          ; W low memory FontFlag ($15E)
FFDD9AA8  48000725  bl      sub_FFDDA1CC
FFDD9AAC  48000090  b       loc_FFDD9B3C
loc_FFDD9AB0:
FFDD9AB0  801F0054  lwz     r0, 0x54(r31)
FFDD9AB4  80600D3A  lwz     r3, 0xD3A
FFDD9AB8  7C801800  cmpw    cr1, r0, r3
FFDD9ABC  41860020  beq     cr1, loc_FFDD9ADC
FFDD9AC0  38000000  li      r0, 0x0
FFDD9AC4  9801005A  stb     r0, 0x5A(r1)
FFDD9AC8  B0010058  sth     r0, 0x58(r1)
FFDD9ACC  3800FFFE  li      r0, -0x2
FFDD9AD0  9800015E  stb     r0, 0x15E                          ; W low memory FontFlag ($15E)
FFDD9AD4  480006F9  bl      sub_FFDDA1CC
FFDD9AD8  48000064  b       loc_FFDD9B3C
loc_FFDD9ADC:
FFDD9ADC  48000141  bl      sub_FFDD9C1C
FFDD9AE0  A8000D40  lha     r0, 0xD40
FFDD9AE4  7C630734  extsh   r3, r3
FFDD9AE8  7C030000  cmpw    r3, r0
FFDD9AEC  38000000  li      r0, 0x0
FFDD9AF0  40820034  bne     loc_FFDD9B24
FFDD9AF4  807F004C  lwz     r3, 0x4C(r31)
FFDD9AF8  80C00B4C  lwz     r6, 0xB4C
FFDD9AFC  38A0FFFE  li      r5, -0x2
FFDD9B00  7C861800  cmpw    cr1, r6, r3
FFDD9B04  30610038  addic   r3, r1, 0x38
FFDD9B08  38800004  li      r4, 0x4
FFDD9B0C  41860050  beq     cr1, loc_FFDD9B5C
FFDD9B10  9801005A  stb     r0, 0x5A(r1)
FFDD9B14  B0010058  sth     r0, 0x58(r1)
FFDD9B18  98A0015E  stb     r5, 0x15E                          ; W low memory FontFlag ($15E)
FFDD9B1C  480045E9  bl      sub_FFDDE104
FFDD9B20  48000060  b       loc_FFDD9B80
loc_FFDD9B24:
FFDD9B24  38000000  li      r0, 0x0
FFDD9B28  9801005A  stb     r0, 0x5A(r1)
FFDD9B2C  B0010058  sth     r0, 0x58(r1)
FFDD9B30  3800FFFE  li      r0, -0x2
FFDD9B34  9800015E  stb     r0, 0x15E                          ; W low memory FontFlag ($15E)
FFDD9B38  48000695  bl      sub_FFDDA1CC
loc_FFDD9B3C:
FFDD9B3C  80A00B2A  lwz     r5, 0xB2A
FFDD9B40  30610038  addic   r3, r1, 0x38
FFDD9B44  80A50000  lwz     r5, 0x0(r5)
FFDD9B48  38800003  li      r4, 0x3
FFDD9B4C  80050400  lwz     r0, 0x400(r5)
FFDD9B50  9000099A  stw     r0, 0x99A                          ; W low memory TFOutFontHandle ($99A)
FFDD9B54  480045B1  bl      sub_FFDDE104
FFDD9B58  48000028  b       loc_FFDD9B80
loc_FFDD9B5C:
FFDD9B5C  3800FFFE  li      r0, -0x2
FFDD9B60  9800015E  stb     r0, 0x15E                          ; W low memory FontFlag ($15E)
FFDD9B64  30610038  addic   r3, r1, 0x38
FFDD9B68  38800005  li      r4, 0x5
FFDD9B6C  48004599  bl      sub_FFDDE104
FFDD9B70  48000010  b       loc_FFDD9B80
loc_FFDD9B74:
FFDD9B74  4086FD20  bne     cr1, loc_FFDD9894
FFDD9B78  480001CD  bl      sub_FFDD9D44
FFDD9B7C  38600998  li      r3, 0x998
loc_FFDD9B80:
FFDD9B80  81810088  lwz     r12, 0x88(r1)
FFDD9B84  83E1007C  lwz     r31, 0x7C(r1)
FFDD9B88  7D8803A6  mtspr   LR, r12
FFDD9B8C  30210080  addic   r1, r1, 0x80
loc_FFDD9B90:
FFDD9B90  4E800020  blr

sub_FFDD9B94:
FFDD9B94  7C630735  extsh.  r3, r3
FFDD9B98  2C830001  cmpwi   cr1, r3, 0x1
FFDD9B9C  4082000C  bne     loc_FFDD9BA8
FFDD9BA0  A8600BA6  lha     r3, 0xBA6
FFDD9BA4  4E800020  blr
loc_FFDD9BA8:
FFDD9BA8  40860008  bne     cr1, loc_FFDD9BB0
FFDD9BAC  A8600984  lha     r3, 0x984                          ; R low memory ApFontID ($984)
loc_FFDD9BB0:
FFDD9BB0  4E800020  blr

sub_FFDD9BB4:
FFDD9BB4  7C630735  extsh.  r3, r3
FFDD9BB8  7C800734  extsh   r0, r4
FFDD9BBC  2C800000  cmpwi   cr1, r0, 0x0
FFDD9BC0  41820008  beq     loc_FFDD9BC8
FFDD9BC4  4E800020  blr
loc_FFDD9BC8:
FFDD9BC8  A8800BA6  lha     r4, 0xBA6
FFDD9BCC  7F002000  cmpw    cr6, r0, r4
FFDD9BD0  419A0008  beq     cr6, loc_FFDD9BD8
FFDD9BD4  4086000C  bne     cr1, loc_FFDD9BE0
loc_FFDD9BD8:
FFDD9BD8  A8600BA8  lha     r3, 0xBA8
FFDD9BDC  2C030000  cmpwi   cr0, r3, 0x0
loc_FFDD9BE0:
FFDD9BE0  41820008  beq     loc_FFDD9BE8
FFDD9BE4  4E800020  blr
loc_FFDD9BE8:
FFDD9BE8  88600987  lbz     r3, 0x987                          ; R low memory FMDefaultSize ($987)
FFDD9BEC  2C830000  cmpwi   cr1, r3, 0x0
FFDD9BF0  40860008  bne     cr1, loc_FFDD9BF8
FFDD9BF4  3860000C  li      r3, 0xC
loc_FFDD9BF8:
FFDD9BF8  4E800020  blr

sub_FFDD9BFC:
FFDD9BFC  A803000A  lha     r0, 0xA(r3)
FFDD9C00  A0630010  lhz     r3, 0x10(r3)
FFDD9C04  2C000000  cmpwi   cr0, r0, 0x0
FFDD9C08  5400801E  slwi    r0, r0, 16
FFDD9C0C  7C001B78  or      r0, r0, r3
FFDD9C10  40810008  ble     loc_FFDD9C18
FFDD9C14  30600000  addic   r3, r0, 0x0
loc_FFDD9C18:
FFDD9C18  4E800020  blr

sub_FFDD9C1C:
FFDD9C1C  7C0802A6  mfspr   r0, LR
FFDD9C20  9421FFC0  stwu    r1, -0x40(r1)
FFDD9C24  90010048  stw     r0, 0x48(r1)
FFDD9C28  48005921  bl      glue_GetQDGlobals
FFDD9C2C  80410014  lwz     r2, 0x14(r1)
FFDD9C30  808300CA  lwz     r4, 0xCA(r3)
FFDD9C34  38600001  li      r3, 0x1
FFDD9C38  2C040000  cmpwi   cr0, r4, 0x0
FFDD9C3C  40820014  bne     loc_FFDD9C50
FFDD9C40  81810048  lwz     r12, 0x48(r1)
FFDD9C44  30210040  addic   r1, r1, 0x40
FFDD9C48  7D8803A6  mtspr   LR, r12
FFDD9C4C  4E800020  blr
loc_FFDD9C50:
FFDD9C50  A8640006  lha     r3, 0x6(r4)
FFDD9C54  80A40002  lwz     r5, 0x2(r4)
FFDD9C58  2C030000  cmpwi   cr0, r3, 0x0
FFDD9C5C  80000824  lwz     r0, 0x824                          ; R low memory LGrafJump ($824)
FFDD9C60  38600001  li      r3, 0x1
FFDD9C64  7C850040  cmplw   cr1, r5, r0
FFDD9C68  80840002  lwz     r4, 0x2(r4)
FFDD9C6C  4080004C  bge     loc_FFDD9CB8
FFDD9C70  80640000  lwz     r3, 0x0(r4)
FFDD9C74  80830000  lwz     r4, 0x0(r3)
FFDD9C78  7C040040  cmplw   r4, r0
FFDD9C7C  41820018  beq     loc_FFDD9C94
FFDD9C80  81810048  lwz     r12, 0x48(r1)
FFDD9C84  30210040  addic   r1, r1, 0x40
FFDD9C88  7D8803A6  mtspr   LR, r12
FFDD9C8C  A8630020  lha     r3, 0x20(r3)
FFDD9C90  4E800020  blr
loc_FFDD9C94:
FFDD9C94  80600CC8  lwz     r3, 0xCC8
FFDD9C98  81810048  lwz     r12, 0x48(r1)
FFDD9C9C  80630000  lwz     r3, 0x0(r3)
FFDD9CA0  30210040  addic   r1, r1, 0x40
FFDD9CA4  80630016  lwz     r3, 0x16(r3)
FFDD9CA8  7D8803A6  mtspr   LR, r12
FFDD9CAC  80630000  lwz     r3, 0x0(r3)
FFDD9CB0  A8630020  lha     r3, 0x20(r3)
FFDD9CB4  4E800020  blr
loc_FFDD9CB8:
FFDD9CB8  4186FFDC  beq     cr1, loc_FFDD9C94
FFDD9CBC  81810048  lwz     r12, 0x48(r1)
FFDD9CC0  30210040  addic   r1, r1, 0x40
FFDD9CC4  7D8803A6  mtspr   LR, r12
FFDD9CC8  4E800020  blr

sub_FFDD9CCC:
FFDD9CCC  7C0802A6  mfspr   r0, LR
FFDD9CD0  93E1FFFC  stw     r31, -0x4(r1)
FFDD9CD4  3BE30000  addi    r31, r3, 0x0
FFDD9CD8  90010008  stw     r0, 0x8(r1)
FFDD9CDC  9421FFB0  stwu    r1, -0x50(r1)
FFDD9CE0  A86009B4  lha     r3, 0x9B4
FFDD9CE4  38800050  li      r4, 0x50
FFDD9CE8  48005879  bl      glue_FixRatio
FFDD9CEC  80410014  lwz     r2, 0x14(r1)
FFDD9CF0  90610038  stw     r3, 0x38(r1)
FFDD9CF4  A87F000A  lha     r3, 0xA(r31)
FFDD9CF8  A89F000E  lha     r4, 0xE(r31)
FFDD9CFC  48005865  bl      glue_FixRatio
FFDD9D00  80410014  lwz     r2, 0x14(r1)
FFDD9D04  38830000  addi    r4, r3, 0x0
FFDD9D08  80610038  lwz     r3, 0x38(r1)
FFDD9D0C  4800586D  bl      glue_FixMul
FFDD9D10  80410014  lwz     r2, 0x14(r1)
FFDD9D14  A81F0002  lha     r0, 0x2(r31)
FFDD9D18  5404801E  slwi    r4, r0, 16
FFDD9D1C  4800585D  bl      glue_FixMul
FFDD9D20  80410014  lwz     r2, 0x14(r1)
FFDD9D24  4800586D  bl      glue_FixRound
FFDD9D28  80410014  lwz     r2, 0x14(r1)
FFDD9D2C  81810058  lwz     r12, 0x58(r1)
FFDD9D30  83E1004C  lwz     r31, 0x4C(r1)
FFDD9D34  7D8803A6  mtspr   LR, r12
FFDD9D38  30210050  addic   r1, r1, 0x50
FFDD9D3C  7C630734  extsh   r3, r3
FFDD9D40  4E800020  blr

sub_FFDD9D44:
FFDD9D44  80600B2A  lwz     r3, 0xB2A
FFDD9D48  7C0802A6  mfspr   r0, LR
FFDD9D4C  80830000  lwz     r4, 0x0(r3)
FFDD9D50  9421FFC0  stwu    r1, -0x40(r1)
FFDD9D54  90010048  stw     r0, 0x48(r1)
FFDD9D58  88040436  lbz     r0, 0x436(r4)
FFDD9D5C  2C000000  cmpwi   cr0, r0, 0x0
FFDD9D60  40820024  bne     loc_FFDD9D84
FFDD9D64  81810048  lwz     r12, 0x48(r1)
FFDD9D68  90800B10  stw     r4, 0xB10
FFDD9D6C  3880FFFF  li      r4, -0x1
FFDD9D70  30210040  addic   r1, r1, 0x40
FFDD9D74  38600000  li      r3, 0x0
FFDD9D78  7D8803A6  mtspr   LR, r12
FFDD9D7C  9880015E  stb     r4, 0x15E                          ; W low memory FontFlag ($15E)
FFDD9D80  4E800020  blr
loc_FFDD9D84:
FFDD9D84  48005825  bl      glue_sb__SearchForCache
FFDD9D88  80410014  lwz     r2, 0x14(r1)
FFDD9D8C  2C030000  cmpwi   cr0, r3, 0x0
FFDD9D90  80800B2A  lwz     r4, 0xB2A
FFDD9D94  38000100  li      r0, 0x100
FFDD9D98  38640000  addi    r3, r4, 0x0
FFDD9D9C  41820028  beq     loc_FFDD9DC4
FFDD9DA0  80830000  lwz     r4, 0x0(r3)
FFDD9DA4  81810048  lwz     r12, 0x48(r1)
FFDD9DA8  90800B10  stw     r4, 0xB10
FFDD9DAC  3880FFFF  li      r4, -0x1
FFDD9DB0  30210040  addic   r1, r1, 0x40
FFDD9DB4  38600000  li      r3, 0x0
FFDD9DB8  7D8803A6  mtspr   LR, r12
FFDD9DBC  9880015E  stb     r4, 0x15E                          ; W low memory FontFlag ($15E)
FFDD9DC0  4E800020  blr
loc_FFDD9DC4:
FFDD9DC4  806002B6  lwz     r3, 0x2B6                          ; R low memory BasicGlob ($2B6)
FFDD9DC8  81810048  lwz     r12, 0x48(r1)
FFDD9DCC  80630068  lwz     r3, 0x68(r3)
FFDD9DD0  30210040  addic   r1, r1, 0x40
FFDD9DD4  80630000  lwz     r3, 0x0(r3)
FFDD9DD8  7D8803A6  mtspr   LR, r12
FFDD9DDC  80630018  lwz     r3, 0x18(r3)
FFDD9DE0  80630000  lwz     r3, 0x0(r3)
FFDD9DE4  88A30040  lbz     r5, 0x40(r3)
FFDD9DE8  98A009A5  stb     r5, 0x9A5                          ; W low memory FOutAscent ($9A5)
FFDD9DEC  88A30041  lbz     r5, 0x41(r3)
FFDD9DF0  98A009A6  stb     r5, 0x9A6                          ; W low memory FOutDescent ($9A6)
FFDD9DF4  88A30042  lbz     r5, 0x42(r3)
FFDD9DF8  98A009A7  stb     r5, 0x9A7                          ; W low memory FOutWidMax ($9A7)
FFDD9DFC  88630043  lbz     r3, 0x43(r3)
FFDD9E00  B00009B0  sth     r0, 0x9B0
FFDD9E04  986009A8  stb     r3, 0x9A8                          ; W low memory FOutLeading ($9A8)
FFDD9E08  B00009AA  sth     r0, 0x9AA                          ; W low memory FOutNumer ($9AA)
FFDD9E0C  B00009AC  sth     r0, 0x9AC
FFDD9E10  B00009AE  sth     r0, 0x9AE                          ; W low memory FOutDenom ($9AE)
FFDD9E14  80840000  lwz     r4, 0x0(r4)
FFDD9E18  38600000  li      r3, 0x0
FFDD9E1C  90800B10  stw     r4, 0xB10
FFDD9E20  3880FFFF  li      r4, -0x1
FFDD9E24  9880015E  stb     r4, 0x15E                          ; W low memory FontFlag ($15E)
FFDD9E28  4E800020  blr

sub_FFDD9E2C:
FFDD9E2C  3CA00001  lis     r5, 0x0001
FFDD9E30  30A5FFFF  addic   r5, r5, -0x1
FFDD9E34  B0A00B9E  sth     r5, 0xB9E
FFDD9E38  80A00B2A  lwz     r5, 0xB2A
FFDD9E3C  BFC1FFF8  stmw    r30, -0x8(r1)
FFDD9E40  80A50000  lwz     r5, 0x0(r5)
FFDD9E44  3BE40000  addi    r31, r4, 0x0
FFDD9E48  7C640734  extsh   r4, r3
FFDD9E4C  7C0802A6  mfspr   r0, LR
FFDD9E50  3CE0464F  lis     r7, 0x464F
FFDD9E54  90010008  stw     r0, 0x8(r1)
FFDD9E58  9421FFB0  stwu    r1, -0x50(r1)
FFDD9E5C  38C00000  li      r6, 0x0
FFDD9E60  B0650430  sth     r3, 0x430(r5)
FFDD9E64  B0C5042E  sth     r6, 0x42E(r5)
FFDD9E68d 30674E54  .ascii  "0gNTH.WU"
FFDD9E70? 80410014  lwz     r2, 0x14(r1)
FFDD9E74? 3BC30000  addi    r30, r3, 0x0
FFDD9E78? 2C1E0000  cmpwi   cr0, r30, 0x0
FFDD9E7C? 40820034  bne     loc_FFDD9EB0
FFDD9E80? 93DF0000  stw     r30, 0x0(r31)
FFDD9E84? 88A0015E  lbz     r5, 0x15E                          ; R low memory FontFlag ($15E)
FFDD9E88? 38600004  li      r3, 0x4
FFDD9E8C? 7CA50774  extsb   r5, r5
FFDD9E90? 2C85FFFF  cmpwi   cr1, r5, 0xFFFF
FFDD9E94? 4186004C  beq     cr1, loc_FFDD9EE0
FFDD9E98? 81810058  lwz     r12, 0x58(r1)
FFDD9E9C? 30210050  addic   r1, r1, 0x50
FFDD9EA0? 7D8803A6  mtspr   LR, r12
FFDD9EA4? BBC1FFF8  lmw     r30, -0x8(r1)
FFDD9EA8? 38600000  li      r3, 0x0
FFDD9EAC? 4E800020  blr
loc_FFDD9EB0:
FFDD9EB0? 48005729  bl      glue_GetMaxResourceSize
FFDD9EB4? 80410014  lwz     r2, 0x14(r1)
FFDD9EB8? 2C030024  cmpwi   cr0, r3, 0x24
FFDD9EBC? 40800008  bge     loc_FFDD9EC4
FFDD9EC0? 3BC00000  li      r30, 0x0
loc_FFDD9EC4:
FFDD9EC4? 93DF0000  stw     r30, 0x0(r31)
FFDD9EC8? 88A0015E  lbz     r5, 0x15E                          ; R low memory FontFlag ($15E)
FFDD9ECC? 38600004  li      r3, 0x4
FFDD9ED0? 7CA50774  extsb   r5, r5
FFDD9ED4? 2C85FFFF  cmpwi   cr1, r5, 0xFFFF
FFDD9ED8? 41860008  beq     cr1, loc_FFDD9EE0
FFDD9EDC? 38600000  li      r3, 0x0
loc_FFDD9EE0:
FFDD9EE0? 81810058  lwz     r12, 0x58(r1)
FFDD9EE4? 30210050  addic   r1, r1, 0x50
FFDD9EE8? 7D8803A6  mtspr   LR, r12
FFDD9EEC? BBC1FFF8  lmw     r30, -0x8(r1)
FFDD9EF0? 4E800020  blr

sub_FFDD9EF4:
FFDD9EF4  BFA1FFF4  stmw    r29, -0xC(r1)
FFDD9EF8  7C7D0734  extsh   r29, r3
FFDD9EFC  3BC40000  addi    r30, r4, 0x0
FFDD9F00  7C0802A6  mfspr   r0, LR
FFDD9F04  8BE00A5E  lbz     r31, 0xA5E                         ; R low memory ResLoad ($A5E)
FFDD9F08  90010008  stw     r0, 0x8(r1)
FFDD9F0C  9421FFB0  stwu    r1, -0x50(r1)
FFDD9F10  38600000  li      r3, 0x0
FFDD9F14  480056DD  bl      glue_SetResLoad
FFDD9F18  80410014  lwz     r2, 0x14(r1)
FFDD9F1C  3C000001  lis     r0, 0x0001
FFDD9F20  3000FF00  addic   r0, r0, -0x100
FFDD9F24  3C607366  lis     r3, 0x7366
FFDD9F28  B0000B9E  sth     r0, 0xB9E
FFDD9F2C  30636E74  addic   r3, r3, 0x6E74
FFDD9F30  389D0000  addi    r4, r29, 0x0
FFDD9F34  4800568D  bl      glue_GetResource
FFDD9F38  80410014  lwz     r2, 0x14(r1)
FFDD9F3C  3BA30000  addi    r29, r3, 0x0
FFDD9F40  2C1D0000  cmpwi   cr0, r29, 0x0
FFDD9F44  801D0000  lwz     r0, 0x0(r29)
FFDD9F48  2C800000  cmpwi   cr1, r0, 0x0
FFDD9F4C  40820014  bne     loc_FFDD9F60
FFDD9F50  387F0000  addi    r3, r31, 0x0
FFDD9F54  4800569D  bl      glue_SetResLoad
FFDD9F58  80410014  lwz     r2, 0x14(r1)
FFDD9F5C  48000054  b       loc_FFDD9FB0
loc_FFDD9F60:
FFDD9F60  41860014  beq     cr1, loc_FFDD9F74
FFDD9F64  387F0000  addi    r3, r31, 0x0
FFDD9F68  48005689  bl      glue_SetResLoad
FFDD9F6C  80410014  lwz     r2, 0x14(r1)
FFDD9F70  48000040  b       loc_FFDD9FB0
loc_FFDD9F74:
FFDD9F74  48005695  bl      glue_GetResourceSizeOnDisk
FFDD9F78  80410014  lwz     r2, 0x14(r1)
FFDD9F7C  3C000002  lis     r0, 0x0002
FFDD9F80  7C030000  cmpw    r3, r0
FFDD9F84  387D0000  addi    r3, r29, 0x0
FFDD9F88  40810014  ble     loc_FFDD9F9C
FFDD9F8C  387F0000  addi    r3, r31, 0x0
FFDD9F90  48005661  bl      glue_SetResLoad
FFDD9F94  80410014  lwz     r2, 0x14(r1)
FFDD9F98  48000018  b       loc_FFDD9FB0
loc_FFDD9F9C:
FFDD9F9C  48005685  bl      glue_LoadResource
FFDD9FA0  80410014  lwz     r2, 0x14(r1)
FFDD9FA4  387F0000  addi    r3, r31, 0x0
FFDD9FA8  48005649  bl      glue_SetResLoad
FFDD9FAC  80410014  lwz     r2, 0x14(r1)
loc_FFDD9FB0:
FFDD9FB0  81810058  lwz     r12, 0x58(r1)
FFDD9FB4  93BE0000  stw     r29, 0x0(r30)
FFDD9FB8  7D8803A6  mtspr   LR, r12
FFDD9FBC  30210050  addic   r1, r1, 0x50
FFDD9FC0  BBA1FFF4  lmw     r29, -0xC(r1)
FFDD9FC4  38600000  li      r3, 0x0
FFDD9FC8  4E800020  blr

sub_FFDD9FCC:
FFDD9FCC  BF81FFF0  stmw    r28, -0x10(r1)
FFDD9FD0  7CBD0734  extsh   r29, r5
FFDD9FD4  7C0802A6  mfspr   r0, LR
FFDD9FD8  3CA00001  lis     r5, 0x0001
FFDD9FDC  90010008  stw     r0, 0x8(r1)
FFDD9FE0  9421FFA0  stwu    r1, -0x60(r1)
FFDD9FE4  90610040  stw     r3, 0x40(r1)
FFDD9FE8  80600B2A  lwz     r3, 0xB2A
FFDD9FEC  9081003C  stw     r4, 0x3C(r1)
FFDD9FF0  80630000  lwz     r3, 0x0(r3)
FFDD9FF4  7CDE0734  extsh   r30, r6
FFDD9FF8  88630436  lbz     r3, 0x436(r3)
FFDD9FFC  3BE70000  addi    r31, r7, 0x0
FFDDA000  2C030000  cmpwi   cr0, r3, 0x0
FFDDA004  3065FFFF  addic   r3, r5, -0x1
FFDDA008  30810038  addic   r4, r1, 0x38
FFDDA00C  3CA04E46  lis     r5, 0x4E46
FFDDA010  3B860000  addi    r28, r6, 0x0
FFDDA014  4082010C  bne     loc_FFDDA120
FFDDA018  B0600B9E  sth     r3, 0xB9E
FFDDA01C  30654E54  addic   r3, r5, 0x4E54
FFDDA020  389E0000  addi    r4, r30, 0x0
FFDDA024  4800559D  bl      glue_GetResource
FFDDA028  80410014  lwz     r2, 0x14(r1)
FFDDA02C  2C030000  cmpwi   cr0, r3, 0x0
FFDDA030  90610038  stw     r3, 0x38(r1)
FFDDA034  387E0000  addi    r3, r30, 0x0
FFDDA038  389F0000  addi    r4, r31, 0x0
FFDDA03C  41820038  beq     loc_FFDDA074
FFDDA040  80600B2A  lwz     r3, 0xB2A
FFDDA044  3CA00000  lis     r5, 0x0000
FFDDA048  60A58000  ori     r5, r5, 0x8000
FFDDA04C  80630000  lwz     r3, 0x0(r3)
FFDDA050  B3830430  sth     r28, 0x430(r3)
FFDDA054  B0A3042E  sth     r5, 0x42E(r3)
FFDDA058  80810038  lwz     r4, 0x38(r1)
FFDDA05C  38600004  li      r3, 0x4
FFDDA060  909F0000  stw     r4, 0x0(r31)
FFDDA064  88A0015E  lbz     r5, 0x15E                          ; R low memory FontFlag ($15E)
FFDDA068  7CA50774  extsb   r5, r5
FFDDA06C  2C05FFFF  cmpwi   cr0, r5, 0xFFFF
FFDDA070  48000094  b       loc_FFDDA104
loc_FFDDA074:
FFDDA074  4BFFFDB9  bl      sub_FFDD9E2C
FFDDA078  38600000  li      r3, 0x0
FFDDA07C  480000F4  b       loc_FFDDA170
loc_FFDDA080:
FFDDA080  5507D97E  srwi    r7, r8, 5
FFDDA084  98E30448  stb     r7, 0x448(r3)
FFDDA088  80600B2A  lwz     r3, 0xB2A
FFDDA08C  80810038  lwz     r4, 0x38(r1)
FFDDA090  480055A9  bl      glue_sb__PreFlightFontMem
FFDDA094  80410014  lwz     r2, 0x14(r1)
FFDDA098  2C030000  cmpwi   cr0, r3, 0x0
FFDDA09C  80610040  lwz     r3, 0x40(r1)
FFDDA0A0  80A00B2A  lwz     r5, 0xB2A
FFDDA0A4  38E00000  li      r7, 0x0
FFDDA0A8  40820038  bne     loc_FFDDA0E0
FFDDA0AC  80600B2A  lwz     r3, 0xB2A
FFDDA0B0  3CA00000  lis     r5, 0x0000
FFDDA0B4  60A58000  ori     r5, r5, 0x8000
FFDDA0B8  80630000  lwz     r3, 0x0(r3)
FFDDA0BC  B3830430  sth     r28, 0x430(r3)
FFDDA0C0  B0A3042E  sth     r5, 0x42E(r3)
FFDDA0C4  80810038  lwz     r4, 0x38(r1)
FFDDA0C8  38600004  li      r3, 0x4
FFDDA0CC  909F0000  stw     r4, 0x0(r31)
FFDDA0D0  88A0015E  lbz     r5, 0x15E                          ; R low memory FontFlag ($15E)
FFDDA0D4  7CA50774  extsb   r5, r5
FFDDA0D8  2C05FFFF  cmpwi   cr0, r5, 0xFFFF
FFDDA0DC  48000028  b       loc_FFDDA104
loc_FFDDA0E0:
FFDDA0E0  80A50000  lwz     r5, 0x0(r5)
FFDDA0E4  8081003C  lwz     r4, 0x3C(r1)
FFDDA0E8  98E50439  stb     r7, 0x439(r5)
FFDDA0EC  98E50436  stb     r7, 0x436(r5)
FFDDA0F0  38BD0000  addi    r5, r29, 0x0
FFDDA0F4  38DF0000  addi    r6, r31, 0x0
FFDDA0F8  48001139  bl      sub_FFDDB230
FFDDA0FC  7C630734  extsh   r3, r3
FFDDA100  48000070  b       loc_FFDDA170
loc_FFDDA104:
FFDDA104  4182006C  beq     loc_FFDDA170
FFDDA108  81810068  lwz     r12, 0x68(r1)
FFDDA10C  30210060  addic   r1, r1, 0x60
FFDDA110  38600000  li      r3, 0x0
FFDDA114  7D8803A6  mtspr   LR, r12
FFDDA118  BB81FFF0  lmw     r28, -0x10(r1)
FFDDA11C  48000064  b       loc_FFDDA180
loc_FFDDA120:
FFDDA120  387E0000  addi    r3, r30, 0x0
FFDDA124  4BFFFDD1  bl      sub_FFDD9EF4
FFDDA128  80A10038  lwz     r5, 0x38(r1)
FFDDA12C  80600B2A  lwz     r3, 0xB2A
FFDDA130  2C050000  cmpwi   cr0, r5, 0x0
FFDDA134  80A50000  lwz     r5, 0x0(r5)
FFDDA138  80630000  lwz     r3, 0x0(r3)
FFDDA13C  7CA80034  cntlzw  r8, r5
FFDDA140  38A0000C  li      r5, 0xC
FFDDA144  38DD0000  addi    r6, r29, 0x0
FFDDA148  38E00000  li      r7, 0x0
FFDDA14C  4082FF34  bne     loc_FFDDA080
FFDDA150  98E30439  stb     r7, 0x439(r3)
FFDDA154  98E30436  stb     r7, 0x436(r3)
FFDDA158  80610040  lwz     r3, 0x40(r1)
FFDDA15C  8081003C  lwz     r4, 0x3C(r1)
FFDDA160  38BD0000  addi    r5, r29, 0x0
FFDDA164  38DF0000  addi    r6, r31, 0x0
FFDDA168  480010C9  bl      sub_FFDDB230
FFDDA16C  7C630734  extsh   r3, r3
loc_FFDDA170:
FFDDA170  81810068  lwz     r12, 0x68(r1)
FFDDA174  30210060  addic   r1, r1, 0x60
FFDDA178  7D8803A6  mtspr   LR, r12
FFDDA17C  BB81FFF0  lmw     r28, -0x10(r1)
loc_FFDDA180:
FFDDA180  4E800020  blr

sub_FFDDA184:
FFDDA184  7C0802A6  mfspr   r0, LR
FFDDA188  9421FFC0  stwu    r1, -0x40(r1)
FFDDA18C  90010048  stw     r0, 0x48(r1)
FFDDA190  54C0843E  srwi    r0, r6, 16
FFDDA194  B0030024  sth     r0, 0x24(r3)
FFDDA198  3C000001  lis     r0, 0x0001
FFDDA19C  B0E30026  sth     r7, 0x26(r3)
FFDDA1A0  7CA50734  extsh   r5, r5
FFDDA1A4  3000FFFF  addic   r0, r0, -0x1
FFDDA1A8  B0000B9E  sth     r0, 0xB9E
FFDDA1AC  7CE60734  extsh   r6, r7
FFDDA1B0  38E80000  addi    r7, r8, 0x0
FFDDA1B4  4BFFFE19  bl      sub_FFDD9FCC
FFDDA1B8  81810048  lwz     r12, 0x48(r1)
FFDDA1BC  30210040  addic   r1, r1, 0x40
FFDDA1C0  7D8803A6  mtspr   LR, r12
FFDDA1C4  7C630734  extsh   r3, r3
FFDDA1C8  4E800020  blr

sub_FFDDA1CC:
FFDDA1CC  A8600BC6  lha     r3, 0xBC6
FFDDA1D0  7C0802A6  mfspr   r0, LR
FFDDA1D4  2C03FFFF  cmpwi   cr0, r3, 0xFFFF
FFDDA1D8  9421FFC0  stwu    r1, -0x40(r1)
FFDDA1DC  90010048  stw     r0, 0x48(r1)
FFDDA1E0  40820018  bne     loc_FFDDA1F8
FFDDA1E4  81810048  lwz     r12, 0x48(r1)
FFDDA1E8  30210040  addic   r1, r1, 0x40
FFDDA1EC  7D8803A6  mtspr   LR, r12
FFDDA1F0  38600000  li      r3, 0x0
FFDDA1F4  4E800020  blr
loc_FFDDA1F8:
FFDDA1F8  8060099A  lwz     r3, 0x99A                          ; R low memory TFOutFontHandle ($99A)
FFDDA1FC  2F830000  cmpwi   cr7, r3, 0x0
FFDDA200  80830000  lwz     r4, 0x0(r3)
FFDDA204  2C040000  cmpwi   cr0, r4, 0x0
FFDDA208  409E0018  bne     cr7, loc_FFDDA220
FFDDA20C  81810048  lwz     r12, 0x48(r1)
FFDDA210  30210040  addic   r1, r1, 0x40
FFDDA214  7D8803A6  mtspr   LR, r12
FFDDA218  38600000  li      r3, 0x0
FFDDA21C  4E800020  blr
loc_FFDDA220:
FFDDA220  A8040000  lha     r0, 0x0(r4)
FFDDA224  5400C23E  srwi    r0, r0, 8
FFDDA228  40820018  bne     loc_FFDDA240
FFDDA22C  81810048  lwz     r12, 0x48(r1)
FFDDA230  30210040  addic   r1, r1, 0x40
FFDDA234  7D8803A6  mtspr   LR, r12
FFDDA238  38600000  li      r3, 0x0
FFDDA23C  4E800020  blr
loc_FFDDA240:
FFDDA240  7C001120  mtcrf   0x01, r0
FFDDA244  419F0018  bso     cr7, loc_FFDDA25C
FFDDA248  81810048  lwz     r12, 0x48(r1)
FFDDA24C  30210040  addic   r1, r1, 0x40
FFDDA250  7D8803A6  mtspr   LR, r12
FFDDA254  38600000  li      r3, 0x0
FFDDA258  4E800020  blr
loc_FFDDA25C:
FFDDA25C  480052D5  bl      glue_HPurge
FFDDA260  80410014  lwz     r2, 0x14(r1)
FFDDA264  81810048  lwz     r12, 0x48(r1)
FFDDA268  30210040  addic   r1, r1, 0x40
FFDDA26C  7D8803A6  mtspr   LR, r12
FFDDA270  38600000  li      r3, 0x0
FFDDA274  4E800020  blr

sub_FFDDA278:
FFDDA278  7C0802A6  mfspr   r0, LR
FFDDA27C  9421FF50  stwu    r1, -0xB0(r1)
FFDDA280  900100B8  stw     r0, 0xB8(r1)
FFDDA284  38000050  li      r0, 0x50
FFDDA288  B001003A  sth     r0, 0x3A(r1)
FFDDA28C  B0010038  sth     r0, 0x38(r1)
FFDDA290  38000005  li      r0, 0x5
FFDDA294  98010048  stb     r0, 0x48(r1)
FFDDA298  98010045  stb     r0, 0x45(r1)
FFDDA29C  38000002  li      r0, 0x2
FFDDA2A0  9801004A  stb     r0, 0x4A(r1)
FFDDA2A4  98010049  stb     r0, 0x49(r1)
FFDDA2A8  5460C63F  extrwi. r0, r3, 8, 16
FFDDA2AC  38E00000  li      r7, 0x0
FFDDA2B0  98E1003C  stb     r7, 0x3C(r1)
FFDDA2B4  98E10041  stb     r7, 0x41(r1)
FFDDA2B8  98E10042  stb     r7, 0x42(r1)
FFDDA2BC  98E10043  stb     r7, 0x43(r1)
FFDDA2C0  98E10044  stb     r7, 0x44(r1)
FFDDA2C4  98E1004B  stb     r7, 0x4B(r1)
FFDDA2C8  38A00001  li      r5, 0x1
FFDDA2CC  98A10047  stb     r5, 0x47(r1)
FFDDA2D0  98A1003D  stb     r5, 0x3D(r1)
FFDDA2D4  98A1003E  stb     r5, 0x3E(r1)
FFDDA2D8  98A1003F  stb     r5, 0x3F(r1)
FFDDA2DC  98A10046  stb     r5, 0x46(r1)
FFDDA2E0  38000008  li      r0, 0x8
FFDDA2E4  38C0FFFF  li      r6, -0x1
FFDDA2E8  98010040  stb     r0, 0x40(r1)
FFDDA2EC  98C1004D  stb     r6, 0x4D(r1)
FFDDA2F0  98E1004F  stb     r7, 0x4F(r1)
FFDDA2F4  98A10053  stb     r5, 0x53(r1)
FFDDA2F8  98E1004C  stb     r7, 0x4C(r1)
FFDDA2FC  98E1004E  stb     r7, 0x4E(r1)
FFDDA300  98A10050  stb     r5, 0x50(r1)
FFDDA304  98A10051  stb     r5, 0x51(r1)
FFDDA308  98A10052  stb     r5, 0x52(r1)
FFDDA30C  388009B2  li      r4, 0x9B2
FFDDA310  40820014  bne     loc_FFDDA324
FFDDA314  30610038  addic   r3, r1, 0x38
FFDDA318  7CA3E4AA  lswi    r5, r3, 0x1C
FFDDA31C  7CA4E5AA  stswi   r5, r4, 0x1C
FFDDA320  4800002C  b       loc_FFDDA34C
loc_FFDDA324:
FFDDA324  B001006E  sth     r0, 0x6E(r1)
FFDDA328  7C600734  extsh   r0, r3
FFDDA32C  7C004670  srawi   r0, r0, 0x8
FFDDA330  B001006C  sth     r0, 0x6C(r1)
FFDDA334  380009B2  li      r0, 0x9B2
FFDDA338  90010070  stw     r0, 0x70(r1)
FFDDA33C  B0610074  sth     r3, 0x74(r1)
FFDDA340  30610054  addic   r3, r1, 0x54
FFDDA344  4800530D  bl      glue_PBStatusSync
FFDDA348  80410014  lwz     r2, 0x14(r1)
loc_FFDDA34C:
FFDDA34C  818100B8  lwz     r12, 0xB8(r1)
FFDDA350  302100B0  addic   r1, r1, 0xB0
FFDDA354  7D8803A6  mtspr   LR, r12
FFDDA358  38600000  li      r3, 0x0
FFDDA35C  4E800020  blr

sub_FFDDA360:
FFDDA360  7C0802A6  mfspr   r0, LR
FFDDA364  BFC1FFF8  stmw    r30, -0x8(r1)
FFDDA368  90010008  stw     r0, 0x8(r1)
FFDDA36C  3BE30000  addi    r31, r3, 0x0
FFDDA370  801F0000  lwz     r0, 0x0(r31)
FFDDA374  3BC40000  addi    r30, r4, 0x0
FFDDA378  2C000000  cmpwi   cr0, r0, 0x0
FFDDA37C  3C800001  lis     r4, 0x0001
FFDDA380  9421FFB0  stwu    r1, -0x50(r1)
FFDDA384  3084FFFF  addic   r4, r4, -0x1
FFDDA388  41820020  beq     loc_FFDDA3A8
FFDDA38C  81810058  lwz     r12, 0x58(r1)
FFDDA390  901E0000  stw     r0, 0x0(r30)
FFDDA394  7D8803A6  mtspr   LR, r12
FFDDA398  30210050  addic   r1, r1, 0x50
FFDDA39C  BBC1FFF8  lmw     r30, -0x8(r1)
FFDDA3A0  38600000  li      r3, 0x0
FFDDA3A4  4E800020  blr
loc_FFDDA3A8:
FFDDA3A8  B0800B9E  sth     r4, 0xB9E
FFDDA3AC  48005275  bl      glue_LoadResource
FFDDA3B0  80410014  lwz     r2, 0x14(r1)
FFDDA3B4  8880015E  lbz     r4, 0x15E                          ; R low memory FontFlag ($15E)
FFDDA3B8  801F0000  lwz     r0, 0x0(r31)
FFDDA3BC  7C840774  extsb   r4, r4
FFDDA3C0  2C04FFFF  cmpwi   cr0, r4, 0xFFFF
FFDDA3C4  38600001  li      r3, 0x1
FFDDA3C8  40820018  bne     loc_FFDDA3E0
FFDDA3CC  81810058  lwz     r12, 0x58(r1)
FFDDA3D0  30210050  addic   r1, r1, 0x50
FFDDA3D4  7D8803A6  mtspr   LR, r12
FFDDA3D8  BBC1FFF8  lmw     r30, -0x8(r1)
FFDDA3DC  4E800020  blr
loc_FFDDA3E0:
FFDDA3E0  2C800000  cmpwi   cr1, r0, 0x0
FFDDA3E4  4186000C  beq     cr1, loc_FFDDA3F0
FFDDA3E8  901E0000  stw     r0, 0x0(r30)
FFDDA3EC  38600000  li      r3, 0x0
loc_FFDDA3F0:
FFDDA3F0  81810058  lwz     r12, 0x58(r1)
FFDDA3F4  30210050  addic   r1, r1, 0x50
FFDDA3F8  7D8803A6  mtspr   LR, r12
FFDDA3FC  BBC1FFF8  lmw     r30, -0x8(r1)
FFDDA400  4E800020  blr

sub_FFDDA404:
FFDDA404  39240000  addi    r9, r4, 0x0
FFDDA408  552007BF  clrlwi. r0, r9, 30
FFDDA40C  BF81FFF0  stmw    r28, -0x10(r1)
FFDDA410  54AB063E  clrlwi  r11, r5, 24
FFDDA414  54EC063E  clrlwi  r12, r7, 24
FFDDA418  3B860000  addi    r28, r6, 0x0
FFDDA41C  4182001C  beq     loc_FFDDA438
FFDDA420  7D201120  mtcrf   0x01, r9
FFDDA424  3129FFFE  addic   r9, r9, -0x2
FFDDA428  409F001C  bns     cr7, loc_FFDDA444
loc_FFDDA42C:
FFDDA42C  BB81FFF0  lmw     r28, -0x10(r1)
FFDDA430  38600009  li      r3, 0x9
FFDDA434  4E800020  blr
loc_FFDDA438:
FFDDA438  83E90000  lwz     r31, 0x0(r9)
FFDDA43C  3BA00000  li      r29, 0x0
FFDDA440  48000010  b       loc_FFDDA450
loc_FFDDA444:
FFDDA444  8084FFFE  lwz     r4, -0x2(r4)
FFDDA448  3BA00010  li      r29, 0x10
FFDDA44C  549F801E  slwi    r31, r4, 16
loc_FFDDA450:
FFDDA450  578407BF  clrlwi. r4, r28, 30
FFDDA454  33C90004  addic   r30, r9, 0x4
FFDDA458  38000000  li      r0, 0x0
FFDDA45C  41820024  beq     loc_FFDDA480
FFDDA460  7F801120  mtcrf   0x01, r28
FFDDA464  339CFFFE  addic   r28, r28, -0x2
FFDDA468  419FFFC4  bso     cr7, loc_FFDDA42C
FFDDA46C  80C6FFFE  lwz     r6, -0x2(r6)
FFDDA470  31080002  addic   r8, r8, 0x2
FFDDA474  54C0843E  srwi    r0, r6, 16
FFDDA478  38C00010  li      r6, 0x10
FFDDA47C  48000008  b       loc_FFDDA484
loc_FFDDA480:
FFDDA480  30C00000  addic   r6, r0, 0x0
loc_FFDDA484:
FFDDA484  5509F0BE  srwi    r9, r8, 2
FFDDA488  28890000  cmplwi  cr1, r9, 0x0
FFDDA48C  214B0020  subfic  r10, r11, 0x20
FFDDA490  4085009C  ble     cr1, loc_FFDDA52C
FFDDA494  7D2903A6  mtspr   CTR, r9
FFDDA498  3129FFFF  addic   r9, r9, -0x1
FFDDA49C  2B090000  cmplwi  cr6, r9, 0x0
FFDDA4A0  309CFFFC  addic   r4, r28, -0x4
loc_FFDDA4A4:
FFDDA4A4  2C860020  cmpwi   cr1, r6, 0x20
FFDDA4A8  339C0004  addic   r28, r28, 0x4
FFDDA4AC  7D266014  addc    r9, r6, r12
FFDDA4B0  30FEFFFC  addic   r7, r30, -0x4
FFDDA4B4  40840068  bge     cr1, loc_FFDDA51C
FFDDA4B8  7FE65430  srw     r6, r31, r10
FFDDA4BC  54C6103A  slwi    r6, r6, 2
FFDDA4C0  7FABE814  addc    r29, r11, r29
FFDDA4C4  7CC3302E  lwzx    r6, r3, r6
FFDDA4C8  2C1D0020  cmpwi   cr0, r29, 0x20
FFDDA4CC  2C890020  cmpwi   cr1, r9, 0x20
FFDDA4D0  7C056030  slw     r5, r0, r12
FFDDA4D4  7CA03378  or      r0, r5, r6
FFDDA4D8  7FFF5830  slw     r31, r31, r11
loc_FFDDA4DC:
FFDDA4DC  40820010  bne     loc_FFDDA4EC
FFDDA4E0  33DE0004  addic   r30, r30, 0x4
FFDDA4E4  87E70004  lwzu    r31, 0x4(r7)
FFDDA4E8  3BA00000  li      r29, 0x0
loc_FFDDA4EC:
FFDDA4EC  7FE65430  srw     r6, r31, r10
FFDDA4F0  54C5103A  slwi    r5, r6, 2
FFDDA4F4  7C066030  slw     r6, r0, r12
FFDDA4F8  40840024  bge     cr1, loc_FFDDA51C
FFDDA4FC  7CA3282E  lwzx    r5, r3, r5
FFDDA500  7FABE814  addc    r29, r11, r29
FFDDA504  7D296014  addc    r9, r9, r12
FFDDA508  2C1D0020  cmpwi   cr0, r29, 0x20
FFDDA50C  2C890020  cmpwi   cr1, r9, 0x20
FFDDA510  7CC02B78  or      r0, r6, r5
FFDDA514  7FFF5830  slw     r31, r31, r11
FFDDA518  4BFFFFC4  b       loc_FFDDA4DC
loc_FFDDA51C:
FFDDA51C  94040004  stwu    r0, 0x4(r4)
FFDDA520  38000000  li      r0, 0x0
FFDDA524  38C00000  li      r6, 0x0
FFDDA528  4018FF7C  bdnzf   4*cr6+lt, loc_FFDDA4A4
loc_FFDDA52C:
FFDDA52C  550907BF  clrlwi. r9, r8, 30
FFDDA530  2C860010  cmpwi   cr1, r6, 0x10
FFDDA534  313EFFFC  addic   r9, r30, -0x4
FFDDA538  41820070  beq     loc_FFDDA5A8
FFDDA53C  40840068  bge     cr1, loc_FFDDA5A4
FFDDA540  7FE45430  srw     r4, r31, r10
FFDDA544  5484103A  slwi    r4, r4, 2
FFDDA548  7CEBE814  addc    r7, r11, r29
FFDDA54C  7CC66014  addc    r6, r6, r12
FFDDA550  7C83202E  lwzx    r4, r3, r4
FFDDA554  2C860010  cmpwi   cr1, r6, 0x10
FFDDA558  2C070020  cmpwi   cr0, r7, 0x20
FFDDA55C  7C056030  slw     r5, r0, r12
FFDDA560  7CA02378  or      r0, r5, r4
FFDDA564  7FE55830  slw     r5, r31, r11
loc_FFDDA568:
FFDDA568  4082000C  bne     loc_FFDDA574
FFDDA56C  84A90004  lwzu    r5, 0x4(r9)
FFDDA570  38E00000  li      r7, 0x0
loc_FFDDA574:
FFDDA574  7CEB3814  addc    r7, r11, r7
FFDDA578  2C070020  cmpwi   cr0, r7, 0x20
FFDDA57C  7CA45430  srw     r4, r5, r10
FFDDA580  40840024  bge     cr1, loc_FFDDA5A4
FFDDA584  5484103A  slwi    r4, r4, 2
FFDDA588  7CC66014  addc    r6, r6, r12
FFDDA58C  7C83202E  lwzx    r4, r3, r4
FFDDA590  2C860010  cmpwi   cr1, r6, 0x10
FFDDA594  7C006030  slw     r0, r0, r12
FFDDA598  7C002378  or      r0, r0, r4
FFDDA59C  7CA55830  slw     r5, r5, r11
FFDDA5A0  4BFFFFC8  b       loc_FFDDA568
loc_FFDDA5A4:
FFDDA5A4  B01C0000  sth     r0, 0x0(r28)
loc_FFDDA5A8:
FFDDA5A8  BB81FFF0  lmw     r28, -0x10(r1)
FFDDA5AC  38600000  li      r3, 0x0
FFDDA5B0  4E800020  blr

sub_FFDDA5B4:
FFDDA5B4  7C0802A6  mfspr   r0, LR
FFDDA5B8  93E1FFFC  stw     r31, -0x4(r1)
FFDDA5BC  90010008  stw     r0, 0x8(r1)
FFDDA5C0  9421FFB0  stwu    r1, -0x50(r1)
FFDDA5C4  90610038  stw     r3, 0x38(r1)
FFDDA5C8  480050A1  bl      glue_GetZone
FFDDA5CC  80410014  lwz     r2, 0x14(r1)
FFDDA5D0  9061003C  stw     r3, 0x3C(r1)
FFDDA5D4  480050AD  bl      glue_SystemZone
FFDDA5D8  80410014  lwz     r2, 0x14(r1)
FFDDA5DC  480050BD  bl      glue_SetZone
FFDDA5E0  80410014  lwz     r2, 0x14(r1)
FFDDA5E4  80610038  lwz     r3, 0x38(r1)
FFDDA5E8  480050C9  bl      glue_HandToHand
FFDDA5EC  80410014  lwz     r2, 0x14(r1)
FFDDA5F0  7C7F0734  extsh   r31, r3
FFDDA5F4  8061003C  lwz     r3, 0x3C(r1)
FFDDA5F8  480050A1  bl      glue_SetZone
FFDDA5FC  80410014  lwz     r2, 0x14(r1)
FFDDA600  81810058  lwz     r12, 0x58(r1)
FFDDA604  387F0000  addi    r3, r31, 0x0
FFDDA608  83E1004C  lwz     r31, 0x4C(r1)
FFDDA60C  7D8803A6  mtspr   LR, r12
FFDDA610  30210050  addic   r1, r1, 0x50
FFDDA614  4E800020  blr

sub_FFDDA618:
FFDDA618  BEC1FFD8  stmw    r22, -0x28(r1)
FFDDA61C  3BA70000  addi    r29, r7, 0x0
FFDDA620  7C0802A6  mfspr   r0, LR
FFDDA624  549B063E  clrlwi  r27, r4, 24
FFDDA628  90010008  stw     r0, 0x8(r1)
FFDDA62C  9421FF40  stwu    r1, -0xC0(r1)
FFDDA630  90A10080  stw     r5, 0x80(r1)
FFDDA634  90C10084  stw     r6, 0x84(r1)
FFDDA638  3B230000  addi    r25, r3, 0x0
FFDDA63C  48004E65  bl      glue_HGetState
FFDDA640  80410014  lwz     r2, 0x14(r1)
FFDDA644  7C770774  extsb   r23, r3
FFDDA648  38790000  addi    r3, r25, 0x0
FFDDA64C  48004E0D  bl      glue_HNoPurge
FFDDA650  80410014  lwz     r2, 0x14(r1)
FFDDA654  81390000  lwz     r9, 0x0(r25)
FFDDA658  39400000  li      r10, 0x0
FFDDA65C  A9690000  lha     r11, 0x0(r9)
FFDDA660  91410070  stw     r10, 0x70(r1)
FFDDA664  A9290000  lha     r9, 0x0(r9)
FFDDA668  3C800000  lis     r4, 0x0000
FFDDA66C  60848000  ori     r4, r4, 0x8000
FFDDA670  7D202120  mtcrf   0x02, r9
FFDDA674  5576F77E  extrwi  r22, r11, 3, 27
FFDDA678  4C180000  mcrf    cr0, cr6
FFDDA67C  41800038  blt     loc_FFDDA6B4
FFDDA680  2F9B0003  cmpwi   cr7, r27, 0x3
FFDDA684  2C160000  cmpwi   cr0, r22, 0x0
FFDDA688  38790000  addi    r3, r25, 0x0
FFDDA68C  81390000  lwz     r9, 0x0(r25)
FFDDA690  419D00C4  bgt     cr7, loc_FFDDA754
FFDDA694  A9490018  lha     r10, 0x18(r9)
FFDDA698  A929000E  lha     r9, 0xE(r9)
FFDDA69C  554A083C  slwi    r10, r10, 1
FFDDA6A0  7FE951D6  mullw   r31, r9, r10
FFDDA6A4  7FFCB030  slw     r28, r31, r22
FFDDA6A8  48004D69  bl      glue_GetHandleSize
FFDDA6AC  80410014  lwz     r2, 0x14(r1)
FFDDA6B0  4800012C  b       loc_FFDDA7DC
loc_FFDDA6B4:
FFDDA6B4  81200B2A  lwz     r9, 0xB2A
FFDDA6B8  3D400001  lis     r10, 0x0001
FFDDA6BC  81290000  lwz     r9, 0x0(r9)
FFDDA6C0  3D806663  lis     r12, 0x6663
FFDDA6C4  A169042E  lhz     r11, 0x42E(r9)
FFDDA6C8  314AFFFF  addic   r10, r10, -0x1
FFDDA6CC  7F8B2000  cmpw    cr7, r11, r4
FFDDA6D0  306C7462  addic   r3, r12, 0x7462
FFDDA6D4  419E0038  beq     cr7, loc_FFDDA70C
FFDDA6D8  2F9B0003  cmpwi   cr7, r27, 0x3
FFDDA6DC  2C160000  cmpwi   cr0, r22, 0x0
FFDDA6E0  38790000  addi    r3, r25, 0x0
FFDDA6E4  81390000  lwz     r9, 0x0(r25)
FFDDA6E8  419D006C  bgt     cr7, loc_FFDDA754
FFDDA6EC  A9490018  lha     r10, 0x18(r9)
FFDDA6F0  A929000E  lha     r9, 0xE(r9)
FFDDA6F4  554A083C  slwi    r10, r10, 1
FFDDA6F8  7FE951D6  mullw   r31, r9, r10
FFDDA6FC  7FFCB030  slw     r28, r31, r22
FFDDA700  48004D11  bl      glue_GetHandleSize
FFDDA704  80410014  lwz     r2, 0x14(r1)
FFDDA708  480000D4  b       loc_FFDDA7DC
loc_FFDDA70C:
FFDDA70C  B1400B9E  sth     r10, 0xB9E
FFDDA710  A8890430  lha     r4, 0x430(r9)
FFDDA714  48004EAD  bl      glue_GetResource
FFDDA718  80410014  lwz     r2, 0x14(r1)
FFDDA71C  2F9B0003  cmpwi   cr7, r27, 0x3
FFDDA720  90610070  stw     r3, 0x70(r1)
FFDDA724  2C160000  cmpwi   cr0, r22, 0x0
FFDDA728  38790000  addi    r3, r25, 0x0
FFDDA72C  81390000  lwz     r9, 0x0(r25)
FFDDA730  419D0024  bgt     cr7, loc_FFDDA754
FFDDA734  A9490018  lha     r10, 0x18(r9)
FFDDA738  A929000E  lha     r9, 0xE(r9)
FFDDA73C  554A083C  slwi    r10, r10, 1
FFDDA740  7FE951D6  mullw   r31, r9, r10
FFDDA744  7FFCB030  slw     r28, r31, r22
FFDDA748  48004CC9  bl      glue_GetHandleSize
FFDDA74C  80410014  lwz     r2, 0x14(r1)
FFDDA750  4800008C  b       loc_FFDDA7DC
loc_FFDDA754:
FFDDA754  3B600003  li      r27, 0x3
FFDDA758  40810024  ble     loc_FFDDA77C
FFDDA75C  A9490018  lha     r10, 0x18(r9)
FFDDA760  A929000E  lha     r9, 0xE(r9)
FFDDA764  554A083C  slwi    r10, r10, 1
FFDDA768  7FE951D6  mullw   r31, r9, r10
FFDDA76C  7FFCB030  slw     r28, r31, r22
FFDDA770  48004CA1  bl      glue_GetHandleSize
FFDDA774  80410014  lwz     r2, 0x14(r1)
FFDDA778  48000064  b       loc_FFDDA7DC
loc_FFDDA77C:
FFDDA77C  A9490000  lha     r10, 0x0(r9)
FFDDA780  38970000  addi    r4, r23, 0x0
FFDDA784  554AC23E  srwi    r10, r10, 8
FFDDA788  7D401120  mtcrf   0x01, r10
FFDDA78C  419E0034  beq     cr7, loc_FFDDA7C0
FFDDA790  48004D41  bl      glue_HSetState
FFDDA794  80410014  lwz     r2, 0x14(r1)
FFDDA798  818100C8  lwz     r12, 0xC8(r1)
FFDDA79C  81200B2A  lwz     r9, 0xB2A
FFDDA7A0  302100C0  addic   r1, r1, 0xC0
FFDDA7A4  81290000  lwz     r9, 0x0(r9)
FFDDA7A8  7D8803A6  mtspr   LR, r12
FFDDA7AC  81290400  lwz     r9, 0x400(r9)
FFDDA7B0  BAC1FFD8  lmw     r22, -0x28(r1)
FFDDA7B4  38600003  li      r3, 0x3
FFDDA7B8  9120099A  stw     r9, 0x99A                          ; W low memory TFOutFontHandle ($99A)
FFDDA7BC  4E800020  blr
loc_FFDDA7C0:
FFDDA7C0  A9490018  lha     r10, 0x18(r9)
FFDDA7C4  A929000E  lha     r9, 0xE(r9)
FFDDA7C8  554A083C  slwi    r10, r10, 1
FFDDA7CC  7FE951D6  mullw   r31, r9, r10
FFDDA7D0  7FFCB030  slw     r28, r31, r22
FFDDA7D4  48004C3D  bl      glue_GetHandleSize
FFDDA7D8  80410014  lwz     r2, 0x14(r1)
loc_FFDDA7DC:
FFDDA7DC  7F5C1810  subfc   r26, r28, r3
FFDDA7E0  93210038  stw     r25, 0x38(r1)
FFDDA7E4  30610038  addic   r3, r1, 0x38
FFDDA7E8  4BFFFDCD  bl      sub_FFDDA5B4
FFDDA7EC  7C690735  extsh.  r9, r3
FFDDA7F0  7FF8D830  slw     r24, r31, r27
FFDDA7F4  80610038  lwz     r3, 0x38(r1)
FFDDA7F8  7FFAC014  addc    r31, r26, r24
FFDDA7FC  4182003C  beq     loc_FFDDA838
FFDDA800  38790000  addi    r3, r25, 0x0
FFDDA804  38970000  addi    r4, r23, 0x0
FFDDA808  48004CC9  bl      glue_HSetState
FFDDA80C  80410014  lwz     r2, 0x14(r1)
FFDDA810  81200B2A  lwz     r9, 0xB2A
FFDDA814  818100C8  lwz     r12, 0xC8(r1)
FFDDA818  81290000  lwz     r9, 0x0(r9)
FFDDA81C  302100C0  addic   r1, r1, 0xC0
FFDDA820  81290400  lwz     r9, 0x400(r9)
FFDDA824  7D8803A6  mtspr   LR, r12
FFDDA828  BAC1FFD8  lmw     r22, -0x28(r1)
FFDDA82C  38600003  li      r3, 0x3
FFDDA830  9120099A  stw     r9, 0x99A                          ; W low memory TFOutFontHandle ($99A)
FFDDA834  4E800020  blr
loc_FFDDA838:
FFDDA838  309F1000  addic   r4, r31, 0x1000
FFDDA83C  48004BED  bl      glue_SetHandleSize
FFDDA840  80410014  lwz     r2, 0x14(r1)
FFDDA844  48004C2D  bl      glue_MemError
FFDDA848  80410014  lwz     r2, 0x14(r1)
FFDDA84C  7C690735  extsh.  r9, r3
FFDDA850  389F0000  addi    r4, r31, 0x0
FFDDA854  80610038  lwz     r3, 0x38(r1)
FFDDA858  41820044  beq     loc_FFDDA89C
FFDDA85C  48004BE5  bl      glue_DisposeHandle
FFDDA860  80410014  lwz     r2, 0x14(r1)
FFDDA864  38790000  addi    r3, r25, 0x0
FFDDA868  38970000  addi    r4, r23, 0x0
FFDDA86C  48004C65  bl      glue_HSetState
FFDDA870  80410014  lwz     r2, 0x14(r1)
FFDDA874  81200B2A  lwz     r9, 0xB2A
FFDDA878  818100C8  lwz     r12, 0xC8(r1)
FFDDA87C  81290000  lwz     r9, 0x0(r9)
FFDDA880  302100C0  addic   r1, r1, 0xC0
FFDDA884  81290400  lwz     r9, 0x400(r9)
FFDDA888  7D8803A6  mtspr   LR, r12
FFDDA88C  BAC1FFD8  lmw     r22, -0x28(r1)
FFDDA890  38600003  li      r3, 0x3
FFDDA894  9120099A  stw     r9, 0x99A                          ; W low memory TFOutFontHandle ($99A)
FFDDA898  4E800020  blr
loc_FFDDA89C:
FFDDA89C  48004B8D  bl      glue_SetHandleSize
FFDDA8A0  80410014  lwz     r2, 0x14(r1)
FFDDA8A4  48004BCD  bl      glue_MemError
FFDDA8A8  80410014  lwz     r2, 0x14(r1)
FFDDA8AC  7C690735  extsh.  r9, r3
FFDDA8B0  39800001  li      r12, 0x1
FFDDA8B4  7D8AD830  slw     r10, r12, r27
FFDDA8B8  81210038  lwz     r9, 0x38(r1)
FFDDA8BC  576B103A  slwi    r11, r27, 2
FFDDA8C0  7D8CB030  slw     r12, r12, r22
FFDDA8C4  41820048  beq     loc_FFDDA90C
FFDDA8C8  38690000  addi    r3, r9, 0x0
FFDDA8CC  48004B75  bl      glue_DisposeHandle
FFDDA8D0  80410014  lwz     r2, 0x14(r1)
FFDDA8D4  38790000  addi    r3, r25, 0x0
FFDDA8D8  38970000  addi    r4, r23, 0x0
FFDDA8DC  48004BF5  bl      glue_HSetState
FFDDA8E0  80410014  lwz     r2, 0x14(r1)
FFDDA8E4  81200B2A  lwz     r9, 0xB2A
FFDDA8E8  818100C8  lwz     r12, 0xC8(r1)
FFDDA8EC  81290000  lwz     r9, 0x0(r9)
FFDDA8F0  302100C0  addic   r1, r1, 0xC0
FFDDA8F4  81290400  lwz     r9, 0x400(r9)
FFDDA8F8  7D8803A6  mtspr   LR, r12
FFDDA8FC  BAC1FFD8  lmw     r22, -0x28(r1)
FFDDA900  38600003  li      r3, 0x3
FFDDA904  9120099A  stw     r9, 0x99A                          ; W low memory TFOutFontHandle ($99A)
FFDDA908  4E800020  blr
loc_FFDDA90C:
FFDDA90C  81290000  lwz     r9, 0x0(r9)
FFDDA910  559E063E  clrlwi  r30, r12, 24
FFDDA914  7D5F0734  extsh   r31, r10
FFDDA918  A9490000  lha     r10, 0x0(r9)
FFDDA91C  38690000  addi    r3, r9, 0x0
FFDDA920  554A07B4  rlwinm  r10, r10, 0, 30, 26
FFDDA924  7D4A5B78  or      r10, r10, r11
FFDDA928  7D4A0734  extsh   r10, r10
FFDDA92C  614A0100  ori     r10, r10, 0x100
FFDDA930  B1490000  sth     r10, 0x0(r9)
FFDDA934  4BFFF2C9  bl      sub_FFDD9BFC
FFDDA938  546A083C  slwi    r10, r3, 1
FFDDA93C  7D5C5010  subfc   r10, r28, r10
FFDDA940  7D585014  addc    r10, r24, r10
FFDDA944  7D4B0E70  srawi   r11, r10, 0x1
FFDDA948  556A843E  srwi    r10, r11, 16
FFDDA94C  B149000A  sth     r10, 0xA(r9)
FFDDA950  B1690010  sth     r11, 0x10(r9)
FFDDA954  81210038  lwz     r9, 0x38(r1)
FFDDA958  315C001A  addic   r10, r28, 0x1A
FFDDA95C  81290000  lwz     r9, 0x0(r9)
FFDDA960  3178001A  addic   r11, r24, 0x1A
FFDDA964  7C8B4814  addc    r4, r11, r9
FFDDA968  7C6A4814  addc    r3, r10, r9
FFDDA96C  30BAFFE6  addic   r5, r26, -0x1A
FFDDA970  48004D59  bl      glue_BlockMove
FFDDA974  80410014  lwz     r2, 0x14(r1)
FFDDA978  92C10074  stw     r22, 0x74(r1)
FFDDA97C  93C10064  stw     r30, 0x64(r1)
FFDDA980  80610038  lwz     r3, 0x38(r1)
FFDDA984  48004B1D  bl      glue_HGetState
FFDDA988  80410014  lwz     r2, 0x14(r1)
FFDDA98C  7C7C0774  extsb   r28, r3
FFDDA990  80610038  lwz     r3, 0x38(r1)
FFDDA994  48004AC5  bl      glue_HNoPurge
FFDDA998  80410014  lwz     r2, 0x14(r1)
FFDDA99C  3061003C  addic   r3, r1, 0x3C
FFDDA9A0  48004D41  bl      glue_SaveTempMemState
FFDDA9A4  80410014  lwz     r2, 0x14(r1)
FFDDA9A8  80A10080  lwz     r5, 0x80(r1)
FFDDA9AC  80C10084  lwz     r6, 0x84(r1)
FFDDA9B0  38FB0000  addi    r7, r27, 0x0
FFDDA9B4  3061004C  addic   r3, r1, 0x4C
FFDDA9B8  38800000  li      r4, 0x0
FFDDA9BC  48004D3D  bl      glue_MakeScaleTable
FFDDA9C0  80410014  lwz     r2, 0x14(r1)
FFDDA9C4  81210038  lwz     r9, 0x38(r1)
FFDDA9C8  38BE0000  addi    r5, r30, 0x0
FFDDA9CC  81490000  lwz     r10, 0x0(r9)
FFDDA9D0  81390000  lwz     r9, 0x0(r25)
FFDDA9D4  30CA001A  addic   r6, r10, 0x1A
FFDDA9D8  3089001A  addic   r4, r9, 0x1A
FFDDA9DC  38FF0000  addi    r7, r31, 0x0
FFDDA9E0  39180000  addi    r8, r24, 0x0
FFDDA9E4  4BFFFA21  bl      sub_FFDDA404
FFDDA9E8  3061003C  addic   r3, r1, 0x3C
FFDDA9EC  48004D25  bl      glue_RestoreTempMemState
FFDDA9F0  80410014  lwz     r2, 0x14(r1)
FFDDA9F4  38790000  addi    r3, r25, 0x0
FFDDA9F8  38970000  addi    r4, r23, 0x0
FFDDA9FC  48004AD5  bl      glue_HSetState
FFDDAA00  80410014  lwz     r2, 0x14(r1)
FFDDAA04  389C0000  addi    r4, r28, 0x0
FFDDAA08  80610038  lwz     r3, 0x38(r1)
FFDDAA0C  48004AC5  bl      glue_HSetState
FFDDAA10  80410014  lwz     r2, 0x14(r1)
FFDDAA14  81210038  lwz     r9, 0x38(r1)
FFDDAA18  818100C8  lwz     r12, 0xC8(r1)
FFDDAA1C  913D0000  stw     r9, 0x0(r29)
FFDDAA20  302100C0  addic   r1, r1, 0xC0
FFDDAA24  7D8803A6  mtspr   LR, r12
FFDDAA28  BAC1FFD8  lmw     r22, -0x28(r1)
FFDDAA2C  38600000  li      r3, 0x0
FFDDAA30  4E800020  blr

sub_FFDDAA34:
FFDDAA34  BE81FFD0  stmw    r20, -0x30(r1)
FFDDAA38  3BE40000  addi    r31, r4, 0x0
FFDDAA3C  3C80464F  lis     r4, 0x464F
FFDDAA40  33444E44  addic   r26, r4, 0x4E44
FFDDAA44  3C800001  lis     r4, 0x0001
FFDDAA48  ABA00A5A  lha     r29, 0xA5A                         ; R low memory CurMap ($A5A)
FFDDAA4C  82E00A50  lwz     r23, 0xA50                         ; R low memory TopMapHndl ($A50)
FFDDAA50  3B850000  addi    r28, r5, 0x0
FFDDAA54  32A4FFFF  addic   r21, r4, -0x1
FFDDAA58  80970000  lwz     r4, 0x0(r23)
FFDDAA5C  7C0802A6  mfspr   r0, LR
FFDDAA60  A0840014  lhz     r4, 0x14(r4)
FFDDAA64  90010008  stw     r0, 0x8(r1)
FFDDAA68  B0800A5A  sth     r4, 0xA5A                          ; W low memory CurMap ($A5A)
FFDDAA6C  7D800026  mfcr    r12
FFDDAA70  91810004  stw     r12, 0x4(r1)
FFDDAA74  9421FF90  stwu    r1, -0x70(r1)
FFDDAA78  7C7B0734  extsh   r27, r3
FFDDAA7C  387A0000  addi    r3, r26, 0x0
FFDDAA80  B2A00B9E  sth     r21, 0xB9E
FFDDAA84  389B0000  addi    r4, r27, 0x0
FFDDAA88  48004B39  bl      glue_GetResource
FFDDAA8C  80410014  lwz     r2, 0x14(r1)
FFDDAA90  2C030000  cmpwi   cr0, r3, 0x0
FFDDAA94  2C9F0000  cmpwi   cr1, r31, 0x0
FFDDAA98  40820044  bne     loc_FFDDAADC
FFDDAA9C  41860018  beq     cr1, loc_FFDDAAB4
FFDDAAA0  AB600984  lha     r27, 0x984                         ; R low memory ApFontID ($984)
FFDDAAA4  38600004  li      r3, 0x4
FFDDAAA8  48004C81  bl      glue_NewHandleSysClear
FFDDAAAC  80410014  lwz     r2, 0x14(r1)
FFDDAAB0  48000038  b       loc_FFDDAAE8
loc_FFDDAAB4:
FFDDAAB4  81810078  lwz     r12, 0x78(r1)
FFDDAAB8  38600000  li      r3, 0x0
FFDDAABC  B3A00A5A  sth     r29, 0xA5A                         ; W low memory CurMap ($A5A)
FFDDAAC0  82A10044  lwz     r21, 0x44(r1)
FFDDAAC4  30210070  addic   r1, r1, 0x70
FFDDAAC8  82E1FFDC  lwz     r23, -0x24(r1)
FFDDAACC  907C0000  stw     r3, 0x0(r28)
FFDDAAD0  7D8803A6  mtspr   LR, r12
FFDDAAD4  BB41FFE8  lmw     r26, -0x18(r1)
FFDDAAD8  4E800020  blr
loc_FFDDAADC:
FFDDAADC  38600004  li      r3, 0x4
FFDDAAE0  48004C49  bl      glue_NewHandleSysClear
FFDDAAE4  80410014  lwz     r2, 0x14(r1)
loc_FFDDAAE8:
FFDDAAE8  3B030000  addi    r24, r3, 0x0
FFDDAAEC  80980000  lwz     r4, 0x0(r24)
FFDDAAF0  2C170000  cmpwi   cr0, r23, 0x0
FFDDAAF4  38A0FFFF  li      r5, -0x1
FFDDAAF8  B0A40002  sth     r5, 0x2(r4)
FFDDAAFC  B3640000  sth     r27, 0x0(r4)
FFDDAB00  3A800000  li      r20, 0x0
FFDDAB04  418201B8  beq     loc_FFDDACBC
loc_FFDDAB08:
FFDDAB08  80970000  lwz     r4, 0x0(r23)
FFDDAB0C  387A0000  addi    r3, r26, 0x0
FFDDAB10  A0840014  lhz     r4, 0x14(r4)
FFDDAB14  B2A00B9E  sth     r21, 0xB9E
FFDDAB18  B0800A5A  sth     r4, 0xA5A                          ; W low memory CurMap ($A5A)
FFDDAB1C  389B0000  addi    r4, r27, 0x0
FFDDAB20  48004AA1  bl      glue_GetResource
FFDDAB24  80410014  lwz     r2, 0x14(r1)
FFDDAB28  3B230000  addi    r25, r3, 0x0
FFDDAB2C  2C190000  cmpwi   cr0, r25, 0x0
FFDDAB30  4182018C  beq     loc_FFDDACBC
FFDDAB34  48004C0D  bl      glue_HomeResFile
FFDDAB38  80410014  lwz     r2, 0x14(r1)
FFDDAB3C  7C660735  extsh.  r6, r3
FFDDAB40  40820008  bne     loc_FFDDAB48
FFDDAB44  A8C00A58  lha     r6, 0xA58                          ; R low memory SysMap ($A58)
loc_FFDDAB48:
FFDDAB48  80970000  lwz     r4, 0x0(r23)
FFDDAB4C  2C140000  cmpwi   cr0, r20, 0x0
FFDDAB50  A0A40014  lhz     r5, 0x14(r4)
FFDDAB54  7C853000  cmpw    cr1, r5, r6
loc_FFDDAB58:
FFDDAB58  41860024  beq     cr1, loc_FFDDAB7C
FFDDAB5C  82E40010  lwz     r23, 0x10(r4)
FFDDAB60  2F170000  cmpwi   cr6, r23, 0x0
FFDDAB64  419A0158  beq     cr6, loc_FFDDACBC
FFDDAB68  40820014  bne     loc_FFDDAB7C
FFDDAB6C  80970000  lwz     r4, 0x0(r23)
FFDDAB70  A0A40014  lhz     r5, 0x14(r4)
FFDDAB74  7C853000  cmpw    cr1, r5, r6
FFDDAB78  4BFFFFE0  b       loc_FFDDAB58
loc_FFDDAB7C:
FFDDAB7C  80990000  lwz     r4, 0x0(r25)
FFDDAB80  ABE40034  lha     r31, 0x34(r4)
FFDDAB84  2D9F0000  cmpwi   cr3, r31, 0x0
FFDDAB88  418C0134  blt     cr3, loc_FFDDACBC
FFDDAB8C  38790000  addi    r3, r25, 0x0
FFDDAB90  48004911  bl      glue_HGetState
FFDDAB94  80410014  lwz     r2, 0x14(r1)
FFDDAB98  7C760774  extsb   r22, r3
FFDDAB9C  38790000  addi    r3, r25, 0x0
FFDDABA0  48004919  bl      glue_HLock
FFDDABA4  80410014  lwz     r2, 0x14(r1)
FFDDABA8  80990000  lwz     r4, 0x0(r25)
FFDDABAC  33C40036  addic   r30, r4, 0x36
loc_FFDDABB0:
FFDDABB0  38780000  addi    r3, r24, 0x0
FFDDABB4  4800485D  bl      glue_GetHandleSize
FFDDABB8  80410014  lwz     r2, 0x14(r1)
FFDDABBC  3083000C  addic   r4, r3, 0xC
FFDDABC0  38780000  addi    r3, r24, 0x0
FFDDABC4  48004865  bl      glue_SetHandleSize
FFDDABC8  80410014  lwz     r2, 0x14(r1)
FFDDABCC  480048A5  bl      glue_MemError
FFDDABD0  80410014  lwz     r2, 0x14(r1)
FFDDABD4  7C640735  extsh.  r4, r3
FFDDABD8  30FFFFFF  addic   r7, r31, -0x1
FFDDABDC  39800000  li      r12, 0x0
FFDDABE0  311E0006  addic   r8, r30, 0x6
FFDDABE4  408200F0  bne     loc_FFDDACD4
FFDDABE8  80980000  lwz     r4, 0x0(r24)
FFDDABEC  A8A40002  lha     r5, 0x2(r4)
FFDDABF0  30C40004  addic   r6, r4, 0x4
FFDDABF4  30A50001  addic   r5, r5, 0x1
FFDDABF8  B0A40002  sth     r5, 0x2(r4)
FFDDABFC  889E0003  lbz     r4, 0x3(r30)
FFDDAC00  7CA50734  extsh   r5, r5
FFDDAC04  2C840000  cmpwi   cr1, r4, 0x0
FFDDAC08  54A4083C  slwi    r4, r5, 1
FFDDAC0C  7C852014  addc    r4, r5, r4
FFDDAC10  5484103A  slwi    r4, r4, 2
FFDDAC14  7CA62014  addc    r5, r6, r4
FFDDAC18  A93E0000  lha     r9, 0x0(r30)
FFDDAC1C  40860014  bne     cr1, loc_FFDDAC30
FFDDAC20  7CFF0734  extsh   r31, r7
FFDDAC24  2D9F0000  cmpwi   cr3, r31, 0x0
FFDDAC28  3BC80000  addi    r30, r8, 0x0
FFDDAC2C  48000058  b       loc_FFDDAC84
loc_FFDDAC30:
FFDDAC30  418C0054  blt     cr3, loc_FFDDAC84
FFDDAC34  39070000  addi    r8, r7, 0x0
FFDDAC38  4CC63242  crset   crb6
loc_FFDDAC3C:
FFDDAC3C  A8FE0000  lha     r7, 0x0(r30)
FFDDAC40  895E0003  lbz     r10, 0x3(r30)
FFDDAC44  7C074800  cmpw    r7, r9
FFDDAC48  2F0A0000  cmpwi   cr6, r10, 0x0
FFDDAC4C  7D476378  or      r7, r10, r12
FFDDAC50  40810014  ble     loc_FFDDAC64
loc_FFDDAC54:
FFDDAC54  4CC63182  crclr   crb6
FFDDAC58  4086002C  bne     cr1, loc_FFDDAC84
FFDDAC5C  311FFFFF  addic   r8, r31, -0x1
FFDDAC60  48000020  b       loc_FFDDAC80
loc_FFDDAC64:
FFDDAC64  419AFFF0  beq     cr6, loc_FFDDAC54
FFDDAC68  7D1F0734  extsh   r31, r8
FFDDAC6C  2D9F0000  cmpwi   cr3, r31, 0x0
FFDDAC70  54EC063E  clrlwi  r12, r7, 24
FFDDAC74  33DE0006  addic   r30, r30, 0x6
FFDDAC78  4086000C  bne     cr1, loc_FFDDAC84
FFDDAC7C  311FFFFF  addic   r8, r31, -0x1
loc_FFDDAC80:
FFDDAC80  408CFFBC  bge     cr3, loc_FFDDAC3C
loc_FFDDAC84:
FFDDAC84  7D26232E  sthx    r9, r6, r4
FFDDAC88  99850003  stb     r12, 0x3(r5)
FFDDAC8C  92E50008  stw     r23, 0x8(r5)
FFDDAC90  9A850002  stb     r20, 0x2(r5)
FFDDAC94  93250004  stw     r25, 0x4(r5)
FFDDAC98  408CFF18  bge     cr3, loc_FFDDABB0
FFDDAC9C  38790000  addi    r3, r25, 0x0
FFDDACA0  38960000  addi    r4, r22, 0x0
FFDDACA4  4800482D  bl      glue_HSetState
FFDDACA8  80410014  lwz     r2, 0x14(r1)
FFDDACAC  80970000  lwz     r4, 0x0(r23)
FFDDACB0  82E40010  lwz     r23, 0x10(r4)
FFDDACB4  2C170000  cmpwi   cr0, r23, 0x0
FFDDACB8  4082FE50  bne     loc_FFDDAB08
loc_FFDDACBC:
FFDDACBC  B3A00A5A  sth     r29, 0xA5A                         ; W low memory CurMap ($A5A)
FFDDACC0  931C0000  stw     r24, 0x0(r28)
FFDDACC4  38600000  li      r3, 0x0
FFDDACC8  81810074  lwz     r12, 0x74(r1)
FFDDACCC  80010078  lwz     r0, 0x78(r1)
FFDDACD0  48000028  b       loc_FFDDACF8
loc_FFDDACD4:
FFDDACD4  B3A00A5A  sth     r29, 0xA5A                         ; W low memory CurMap ($A5A)
FFDDACD8  38790000  addi    r3, r25, 0x0
FFDDACDC  38960000  addi    r4, r22, 0x0
FFDDACE0  480047F1  bl      glue_HSetState
FFDDACE4  80410014  lwz     r2, 0x14(r1)
FFDDACE8  931C0000  stw     r24, 0x0(r28)
FFDDACEC  38600000  li      r3, 0x0
FFDDACF0  81810074  lwz     r12, 0x74(r1)
FFDDACF4  80010078  lwz     r0, 0x78(r1)
loc_FFDDACF8:
FFDDACF8  30210070  addic   r1, r1, 0x70
FFDDACFC  7D810120  mtcrf   0x10, r12
FFDDAD00  BA81FFD0  lmw     r20, -0x30(r1)
FFDDAD04  7C0803A6  mtspr   LR, r0
FFDDAD08  4E800020  blr

sub_FFDDAD0C:
FFDDAD0C  BF01FFE0  stmw    r24, -0x20(r1)
FFDDAD10  83850000  lwz     r28, 0x0(r5)
FFDDAD14  3B400000  li      r26, 0x0
FFDDAD18  ABDC0002  lha     r30, 0x2(r28)
FFDDAD1C  7C0802A6  mfspr   r0, LR
FFDDAD20  7D800026  mfcr    r12
FFDDAD24  90010008  stw     r0, 0x8(r1)
FFDDAD28  38000004  li      r0, 0x4
FFDDAD2C  2D9E0000  cmpwi   cr3, r30, 0x0
FFDDAD30  91810004  stw     r12, 0x4(r1)
FFDDAD34  9421FF90  stwu    r1, -0x70(r1)
FFDDAD38  3BE60000  addi    r31, r6, 0x0
FFDDAD3C  547D063E  clrlwi  r29, r3, 24
FFDDAD40  7C9B0734  extsh   r27, r4
FFDDAD44  30A10048  addic   r5, r1, 0x48
FFDDAD48  7C0903A6  mtspr   CTR, r0
loc_FFDDAD4C:
FFDDAD4C  9745FFFC  stwu    r26, -0x4(r5)
FFDDAD50  4200FFFC  bdnz    loc_FFDDAD4C
FFDDAD54  331C0004  addic   r24, r28, 0x4
FFDDAD58  33210038  addic   r25, r1, 0x38
FFDDAD5C  418C03D0  blt     cr3, loc_FFDDB12C
loc_FFDDAD60:
FFDDAD60  84BC000C  lwzu    r5, 0xC(r28)
FFDDAD64  80A50000  lwz     r5, 0x0(r5)
FFDDAD68  A0650014  lhz     r3, 0x14(r5)
FFDDAD6C  480049ED  bl      glue_GetMap
FFDDAD70  80410014  lwz     r2, 0x14(r1)
FFDDAD74  2F030000  cmpwi   cr6, r3, 0x0
FFDDAD78  301EFFFF  addic   r0, r30, -0x1
FFDDAD7C  7C1E0734  extsh   r30, r0
FFDDAD80  2D1E0000  cmpwi   cr2, r30, 0x0
FFDDAD84  409A0024  bne     cr6, loc_FFDDADA8
FFDDAD88  3318000C  addic   r24, r24, 0xC
FFDDAD8C  84BC000C  lwzu    r5, 0xC(r28)
FFDDAD90  4188039C  blt     cr2, loc_FFDDB12C
FFDDAD94  80A50000  lwz     r5, 0x0(r5)
FFDDAD98  A0650014  lhz     r3, 0x14(r5)
FFDDAD9C  480049BD  bl      glue_GetMap
FFDDADA0  80410014  lwz     r2, 0x14(r1)
FFDDADA4  48000198  b       loc_FFDDAF3C
loc_FFDDADA8:
FFDDADA8  A81CFFF8  lha     r0, -0x8(r28)
FFDDADAC  2F000000  cmpwi   cr6, r0, 0x0
FFDDADB0  7C80D800  cmpw    cr1, r0, r27
FFDDADB4  419A0028  beq     cr6, loc_FFDDADDC
FFDDADB8  41860024  beq     cr1, loc_FFDDADDC
FFDDADBC  3318000C  addic   r24, r24, 0xC
FFDDADC0  84BC000C  lwzu    r5, 0xC(r28)
FFDDADC4  41880368  blt     cr2, loc_FFDDB12C
FFDDADC8  80A50000  lwz     r5, 0x0(r5)
FFDDADCC  A0650014  lhz     r3, 0x14(r5)
FFDDADD0  48004989  bl      glue_GetMap
FFDDADD4  80410014  lwz     r2, 0x14(r1)
FFDDADD8  48000164  b       loc_FFDDAF3C
loc_FFDDADDC:
FFDDADDC  88DCFFFB  lbz     r6, -0x5(r28)
FFDDADE0  7C000034  cntlzw  r0, r0
FFDDADE4  2F860000  cmpwi   cr7, r6, 0x0
FFDDADE8  7CA6E811  subfc.  r5, r6, r29
FFDDADEC  5400D97E  srwi    r0, r0, 5
FFDDADF0  4C9EF382  crmove  crb4, crb30
FFDDADF4  4E042042  crnor   4*cr4+lt, 4*cr1+lt, 4*cr1+lt
FFDDADF8  4E221382  crmove  crb17, crb2
FFDDADFC  40910028  ble     cr4, loc_FFDDAE24
FFDDAE00  88A00938  lbz     r5, 0x938                          ; R low memory HiliteMode ($938)
FFDDAE04  54A5DFFE  extrwi  r5, r5, 1, 26
FFDDAE08  7F850000  cmpw    cr7, r5, r0
FFDDAE0C  419E0318  beq     cr7, loc_FFDDB124
FFDDAE10  409000C0  bge     cr4, loc_FFDDAED0
FFDDAE14  38000002  li      r0, 0x2
FFDDAE18  419A00C4  beq     cr6, loc_FFDDAEDC
FFDDAE1C  30000001  addic   r0, r0, 0x1
FFDDAE20  480000BC  b       loc_FFDDAEDC
loc_FFDDAE24:
FFDDAE24  4084003C  bge     cr1, loc_FFDDAE60
FFDDAE28  38000000  li      r0, 0x0
FFDDAE2C  419A00B0  beq     cr6, loc_FFDDAEDC
FFDDAE30  30000001  addic   r0, r0, 0x1
FFDDAE34  409100D4  ble     cr4, loc_FFDDAF08
FFDDAE38  5405103A  slwi    r5, r0, 2
FFDDAE3C  7F19292E  stwx    r24, r25, r5
FFDDAE40  3318000C  addic   r24, r24, 0xC
FFDDAE44  84BC000C  lwzu    r5, 0xC(r28)
FFDDAE48  418802E4  blt     cr2, loc_FFDDB12C
FFDDAE4C  80A50000  lwz     r5, 0x0(r5)
FFDDAE50  A0650014  lhz     r3, 0x14(r5)
FFDDAE54  48004905  bl      glue_GetMap
FFDDAE58  80410014  lwz     r2, 0x14(r1)
FFDDAE5C  480000E0  b       loc_FFDDAF3C
loc_FFDDAE60:
FFDDAE60  2F9D0000  cmpwi   cr7, r29, 0x0
FFDDAE64  7CC0E839  and.    r0, r6, r29
FFDDAE68  4E042042  crnor   4*cr4+lt, 4*cr1+lt, 4*cr1+lt
FFDDAE6C  419E0028  beq     cr7, loc_FFDDAE94
FFDDAE70  40820024  bne     loc_FFDDAE94
FFDDAE74  3318000C  addic   r24, r24, 0xC
FFDDAE78  84BC000C  lwzu    r5, 0xC(r28)
FFDDAE7C  418802B0  blt     cr2, loc_FFDDB12C
FFDDAE80  80A50000  lwz     r5, 0x0(r5)
FFDDAE84  A0650014  lhz     r3, 0x14(r5)
FFDDAE88  480048D1  bl      glue_GetMap
FFDDAE8C  80410014  lwz     r2, 0x14(r1)
FFDDAE90  480000AC  b       loc_FFDDAF3C
loc_FFDDAE94:
FFDDAE94  4090003C  bge     cr4, loc_FFDDAED0
FFDDAE98  38000002  li      r0, 0x2
FFDDAE9C  419A0040  beq     cr6, loc_FFDDAEDC
FFDDAEA0  30000001  addic   r0, r0, 0x1
FFDDAEA4  40910064  ble     cr4, loc_FFDDAF08
FFDDAEA8  5405103A  slwi    r5, r0, 2
FFDDAEAC  7F19292E  stwx    r24, r25, r5
FFDDAEB0  3318000C  addic   r24, r24, 0xC
FFDDAEB4  84BC000C  lwzu    r5, 0xC(r28)
FFDDAEB8  41880274  blt     cr2, loc_FFDDB12C
FFDDAEBC  80A50000  lwz     r5, 0x0(r5)
FFDDAEC0  A0650014  lhz     r3, 0x14(r5)
FFDDAEC4  48004895  bl      glue_GetMap
FFDDAEC8  80410014  lwz     r2, 0x14(r1)
FFDDAECC  48000070  b       loc_FFDDAF3C
loc_FFDDAED0:
FFDDAED0  38000000  li      r0, 0x0
FFDDAED4  419A0008  beq     cr6, loc_FFDDAEDC
FFDDAED8  30000001  addic   r0, r0, 0x1
loc_FFDDAEDC:
FFDDAEDC  4091002C  ble     cr4, loc_FFDDAF08
FFDDAEE0  5405103A  slwi    r5, r0, 2
FFDDAEE4  7F19292E  stwx    r24, r25, r5
FFDDAEE8  3318000C  addic   r24, r24, 0xC
FFDDAEEC  84BC000C  lwzu    r5, 0xC(r28)
FFDDAEF0  4188023C  blt     cr2, loc_FFDDB12C
FFDDAEF4  80A50000  lwz     r5, 0x0(r5)
FFDDAEF8  A0650014  lhz     r3, 0x14(r5)
FFDDAEFC  4800485D  bl      glue_GetMap
FFDDAF00  80410014  lwz     r2, 0x14(r1)
FFDDAF04  48000038  b       loc_FFDDAF3C
loc_FFDDAF08:
FFDDAF08  5405103A  slwi    r5, r0, 2
FFDDAF0C  7CB9282E  lwzx    r5, r25, r5
FFDDAF10  2F050000  cmpwi   cr6, r5, 0x0
FFDDAF14  409A000C  bne     cr6, loc_FFDDAF20
FFDDAF18  5405103A  slwi    r5, r0, 2
FFDDAF1C  7F19292E  stwx    r24, r25, r5
loc_FFDDAF20:
FFDDAF20  3318000C  addic   r24, r24, 0xC
FFDDAF24  84BC000C  lwzu    r5, 0xC(r28)
FFDDAF28  41880204  blt     cr2, loc_FFDDB12C
FFDDAF2C  80A50000  lwz     r5, 0x0(r5)
FFDDAF30  A0650014  lhz     r3, 0x14(r5)
FFDDAF34  48004825  bl      glue_GetMap
FFDDAF38  80410014  lwz     r2, 0x14(r1)
loc_FFDDAF3C:
FFDDAF3C  2F030000  cmpwi   cr6, r3, 0x0
FFDDAF40  301EFFFF  addic   r0, r30, -0x1
FFDDAF44  7C1E0734  extsh   r30, r0
FFDDAF48  2D9E0000  cmpwi   cr3, r30, 0x0
FFDDAF4C  409A003C  bne     cr6, loc_FFDDAF88
FFDDAF50  3318000C  addic   r24, r24, 0xC
FFDDAF54  408CFE0C  bge     cr3, loc_FFDDAD60
FFDDAF58  4D0C0000  mcrf    cr2, cr3
FFDDAF5C  40880258  bge     cr2, loc_FFDDB1B4
FFDDAF60  88000938  lbz     r0, 0x938                          ; R low memory HiliteMode ($938)
FFDDAF64  2F9D0000  cmpwi   cr7, r29, 0x0
FFDDAF68  7C002120  mtcrf   0x02, r0
FFDDAF6C  80010040  lwz     r0, 0x40(r1)
FFDDAF70  3B000000  li      r24, 0x0
FFDDAF74  2D800000  cmpwi   cr3, r0, 0x0
FFDDAF78  409A01E0  bne     cr6, loc_FFDDB158
FFDDAF7C  80010038  lwz     r0, 0x38(r1)
FFDDAF80  2C800000  cmpwi   cr1, r0, 0x0
FFDDAF84  480001CC  b       loc_FFDDB150
loc_FFDDAF88:
FFDDAF88  A81CFFF8  lha     r0, -0x8(r28)
FFDDAF8C  2F000000  cmpwi   cr6, r0, 0x0
FFDDAF90  7C80D800  cmpw    cr1, r0, r27
FFDDAF94  419A0040  beq     cr6, loc_FFDDAFD4
FFDDAF98  4186003C  beq     cr1, loc_FFDDAFD4
FFDDAF9C  3318000C  addic   r24, r24, 0xC
FFDDAFA0  408CFDC0  bge     cr3, loc_FFDDAD60
FFDDAFA4  4D0C0000  mcrf    cr2, cr3
FFDDAFA8  4088020C  bge     cr2, loc_FFDDB1B4
FFDDAFAC  88000938  lbz     r0, 0x938                          ; R low memory HiliteMode ($938)
FFDDAFB0  2F9D0000  cmpwi   cr7, r29, 0x0
FFDDAFB4  7C002120  mtcrf   0x02, r0
FFDDAFB8  80010040  lwz     r0, 0x40(r1)
FFDDAFBC  3B000000  li      r24, 0x0
FFDDAFC0  2D800000  cmpwi   cr3, r0, 0x0
FFDDAFC4  409A0194  bne     cr6, loc_FFDDB158
FFDDAFC8  80010038  lwz     r0, 0x38(r1)
FFDDAFCC  2C800000  cmpwi   cr1, r0, 0x0
FFDDAFD0  48000180  b       loc_FFDDB150
loc_FFDDAFD4:
FFDDAFD4  88DCFFFB  lbz     r6, -0x5(r28)
FFDDAFD8  7C000034  cntlzw  r0, r0
FFDDAFDC  2F860000  cmpwi   cr7, r6, 0x0
FFDDAFE0  7CA6E811  subfc.  r5, r6, r29
FFDDAFE4  5400D97E  srwi    r0, r0, 5
FFDDAFE8  4C9EF382  crmove  crb4, crb30
FFDDAFEC  4E042042  crnor   4*cr4+lt, 4*cr1+lt, 4*cr1+lt
FFDDAFF0  4E221382  crmove  crb17, crb2
FFDDAFF4  40910028  ble     cr4, loc_FFDDB01C
FFDDAFF8  88A00938  lbz     r5, 0x938                          ; R low memory HiliteMode ($938)
FFDDAFFC  54A5DFFE  extrwi  r5, r5, 1, 26
FFDDB000  7F850000  cmpw    cr7, r5, r0
FFDDB004  419E0124  beq     cr7, loc_FFDDB128
FFDDB008  409000B8  bge     cr4, loc_FFDDB0C0
FFDDB00C  38000002  li      r0, 0x2
FFDDB010  419A00BC  beq     cr6, loc_FFDDB0CC
FFDDB014  30000001  addic   r0, r0, 0x1
FFDDB018  480000B4  b       loc_FFDDB0CC
loc_FFDDB01C:
FFDDB01C  4084002C  bge     cr1, loc_FFDDB048
FFDDB020  38000000  li      r0, 0x0
FFDDB024  419A00A8  beq     cr6, loc_FFDDB0CC
FFDDB028  30000001  addic   r0, r0, 0x1
FFDDB02C  409100D8  ble     cr4, loc_FFDDB104
FFDDB030  5405103A  slwi    r5, r0, 2
FFDDB034  7F19292E  stwx    r24, r25, r5
FFDDB038  3318000C  addic   r24, r24, 0xC
FFDDB03C  408CFD24  bge     cr3, loc_FFDDAD60
FFDDB040  4D0C0000  mcrf    cr2, cr3
FFDDB044  480000E4  b       loc_FFDDB128
loc_FFDDB048:
FFDDB048  2F9D0000  cmpwi   cr7, r29, 0x0
FFDDB04C  7CC0E839  and.    r0, r6, r29
FFDDB050  4E042042  crnor   4*cr4+lt, 4*cr1+lt, 4*cr1+lt
FFDDB054  419E0040  beq     cr7, loc_FFDDB094
FFDDB058  4082003C  bne     loc_FFDDB094
FFDDB05C  3318000C  addic   r24, r24, 0xC
FFDDB060  408CFD00  bge     cr3, loc_FFDDAD60
FFDDB064  4D0C0000  mcrf    cr2, cr3
FFDDB068  4088014C  bge     cr2, loc_FFDDB1B4
FFDDB06C  88000938  lbz     r0, 0x938                          ; R low memory HiliteMode ($938)
FFDDB070  2F9D0000  cmpwi   cr7, r29, 0x0
FFDDB074  7C002120  mtcrf   0x02, r0
FFDDB078  80010040  lwz     r0, 0x40(r1)
FFDDB07C  3B000000  li      r24, 0x0
FFDDB080  2D800000  cmpwi   cr3, r0, 0x0
FFDDB084  409A00D4  bne     cr6, loc_FFDDB158
FFDDB088  80010038  lwz     r0, 0x38(r1)
FFDDB08C  2C800000  cmpwi   cr1, r0, 0x0
FFDDB090  480000C0  b       loc_FFDDB150
loc_FFDDB094:
FFDDB094  4090002C  bge     cr4, loc_FFDDB0C0
FFDDB098  38000002  li      r0, 0x2
FFDDB09C  419A0030  beq     cr6, loc_FFDDB0CC
FFDDB0A0  30000001  addic   r0, r0, 0x1
FFDDB0A4  40910060  ble     cr4, loc_FFDDB104
FFDDB0A8  5405103A  slwi    r5, r0, 2
FFDDB0AC  7F19292E  stwx    r24, r25, r5
FFDDB0B0  3318000C  addic   r24, r24, 0xC
FFDDB0B4  408CFCAC  bge     cr3, loc_FFDDAD60
FFDDB0B8  4D0C0000  mcrf    cr2, cr3
FFDDB0BC  4800006C  b       loc_FFDDB128
loc_FFDDB0C0:
FFDDB0C0  38000000  li      r0, 0x0
FFDDB0C4  419A0008  beq     cr6, loc_FFDDB0CC
FFDDB0C8  30000001  addic   r0, r0, 0x1
loc_FFDDB0CC:
FFDDB0CC  40910038  ble     cr4, loc_FFDDB104
FFDDB0D0  5405103A  slwi    r5, r0, 2
FFDDB0D4  7F19292E  stwx    r24, r25, r5
FFDDB0D8  3318000C  addic   r24, r24, 0xC
FFDDB0DC  408CFC84  bge     cr3, loc_FFDDAD60
FFDDB0E0  4D0C0000  mcrf    cr2, cr3
FFDDB0E4  408800D0  bge     cr2, loc_FFDDB1B4
FFDDB0E8  88000938  lbz     r0, 0x938                          ; R low memory HiliteMode ($938)
FFDDB0EC  2F9D0000  cmpwi   cr7, r29, 0x0
FFDDB0F0  7C002120  mtcrf   0x02, r0
FFDDB0F4  80010040  lwz     r0, 0x40(r1)
FFDDB0F8  3B000000  li      r24, 0x0
FFDDB0FC  2D800000  cmpwi   cr3, r0, 0x0
FFDDB100  48000044  b       loc_FFDDB144
loc_FFDDB104:
FFDDB104  5405103A  slwi    r5, r0, 2
FFDDB108  7CB9282E  lwzx    r5, r25, r5
FFDDB10C  2F050000  cmpwi   cr6, r5, 0x0
FFDDB110  409A000C  bne     cr6, loc_FFDDB11C
FFDDB114  5405103A  slwi    r5, r0, 2
FFDDB118  7F19292E  stwx    r24, r25, r5
loc_FFDDB11C:
FFDDB11C  3318000C  addic   r24, r24, 0xC
FFDDB120  408CFC40  bge     cr3, loc_FFDDAD60
loc_FFDDB124:
FFDDB124  4D0C0000  mcrf    cr2, cr3
loc_FFDDB128:
FFDDB128  4088008C  bge     cr2, loc_FFDDB1B4
loc_FFDDB12C:
FFDDB12C  88000938  lbz     r0, 0x938                          ; R low memory HiliteMode ($938)
FFDDB130  2F9D0000  cmpwi   cr7, r29, 0x0
FFDDB134  7C002120  mtcrf   0x02, r0
FFDDB138  80010040  lwz     r0, 0x40(r1)
FFDDB13C  3B000000  li      r24, 0x0
FFDDB140  2D800000  cmpwi   cr3, r0, 0x0
loc_FFDDB144:
FFDDB144  409A0014  bne     cr6, loc_FFDDB158
FFDDB148  80010038  lwz     r0, 0x38(r1)
FFDDB14C  2C800000  cmpwi   cr1, r0, 0x0
loc_FFDDB150:
FFDDB150  408E0018  bne     cr3, loc_FFDDB168
FFDDB154  40860014  bne     cr1, loc_FFDDB168
loc_FFDDB158:
FFDDB158  8301003C  lwz     r24, 0x3C(r1)
FFDDB15C  2F180000  cmpwi   cr6, r24, 0x0
FFDDB160  409A0008  bne     cr6, loc_FFDDB168
FFDDB164  83010044  lwz     r24, 0x44(r1)
loc_FFDDB168:
FFDDB168  2D980000  cmpwi   cr3, r24, 0x0
FFDDB16C  408E0048  bne     cr3, loc_FFDDB1B4
FFDDB170  419E000C  beq     cr7, loc_FFDDB17C
FFDDB174  83010040  lwz     r24, 0x40(r1)
FFDDB178  2D980000  cmpwi   cr3, r24, 0x0
loc_FFDDB17C:
FFDDB17C  408E0038  bne     cr3, loc_FFDDB1B4
FFDDB180  83010038  lwz     r24, 0x38(r1)
FFDDB184  2F180000  cmpwi   cr6, r24, 0x0
FFDDB188  409A002C  bne     cr6, loc_FFDDB1B4
FFDDB18C  83010040  lwz     r24, 0x40(r1)
FFDDB190  38600000  li      r3, 0x0
FFDDB194  2F980000  cmpwi   cr7, r24, 0x0
FFDDB198  409E001C  bne     cr7, loc_FFDDB1B4
FFDDB19C  81810074  lwz     r12, 0x74(r1)
FFDDB1A0  80010078  lwz     r0, 0x78(r1)
FFDDB1A4  7D838120  mtcrf   0x38, r12
FFDDB1A8  935F0000  stw     r26, 0x0(r31)
FFDDB1AC  30210070  addic   r1, r1, 0x70
FFDDB1B0  48000074  b       loc_FFDDB224
loc_FFDDB1B4:
FFDDB1B4  88000903  lbz     r0, 0x903
FFDDB1B8  80600BC2  lwz     r3, 0xBC2
FFDDB1BC  7C040774  extsb   r4, r0
FFDDB1C0  48004311  bl      glue_HSetState
FFDDB1C4  80410014  lwz     r2, 0x14(r1)
FFDDB1C8  83D80004  lwz     r30, 0x4(r24)
FFDDB1CC  93C00BC2  stw     r30, 0xBC2
FFDDB1D0  387E0000  addi    r3, r30, 0x0
FFDDB1D4  480042CD  bl      glue_HGetState
FFDDB1D8  80410014  lwz     r2, 0x14(r1)
FFDDB1DC  98600903  stb     r3, 0x903
FFDDB1E0  387E0000  addi    r3, r30, 0x0
FFDDB1E4  48004275  bl      glue_HNoPurge
FFDDB1E8  80410014  lwz     r2, 0x14(r1)
FFDDB1EC  80D80008  lwz     r6, 0x8(r24)
FFDDB1F0  80A002B6  lwz     r5, 0x2B6                          ; R low memory BasicGlob ($2B6)
FFDDB1F4  80C60000  lwz     r6, 0x0(r6)
FFDDB1F8  80A50068  lwz     r5, 0x68(r5)
FFDDB1FC  81810074  lwz     r12, 0x74(r1)
FFDDB200  A0060014  lhz     r0, 0x14(r6)
FFDDB204  80A50000  lwz     r5, 0x0(r5)
FFDDB208  7D838120  mtcrf   0x38, r12
FFDDB20C  B0050098  sth     r0, 0x98(r5)
FFDDB210  B0000A5A  sth     r0, 0xA5A                          ; W low memory CurMap ($A5A)
FFDDB214  80010078  lwz     r0, 0x78(r1)
FFDDB218  38600000  li      r3, 0x0
FFDDB21C  93DF0000  stw     r30, 0x0(r31)
FFDDB220  30210070  addic   r1, r1, 0x70
loc_FFDDB224:
FFDDB224  7C0803A6  mtspr   LR, r0
FFDDB228  BB01FFE0  lmw     r24, -0x20(r1)
FFDDB22C  4E800020  blr

sub_FFDDB230:
FFDDB230  BF01FFE0  stmw    r24, -0x20(r1)
FFDDB234  3B440000  addi    r26, r4, 0x0
FFDDB238  83BA0000  lwz     r29, 0x0(r26)
FFDDB23C  3BC30000  addi    r30, r3, 0x0
FFDDB240  7CBF0734  extsh   r31, r5
FFDDB244  2C9D0000  cmpwi   cr1, r29, 0x0
FFDDB248  7C0802A6  mfspr   r0, LR
FFDDB24C  3B660000  addi    r27, r6, 0x0
FFDDB250  90010008  stw     r0, 0x8(r1)
FFDDB254  9421FFA0  stwu    r1, -0x60(r1)
FFDDB258  387A0000  addi    r3, r26, 0x0
FFDDB25C  40860010  bne     cr1, loc_FFDDB26C
FFDDB260  480043C1  bl      glue_LoadResource
FFDDB264  80410014  lwz     r2, 0x14(r1)
FFDDB268  83BA0000  lwz     r29, 0x0(r26)
loc_FFDDB26C:
FFDDB26C  3B200000  li      r25, 0x0
FFDDB270  80600B2A  lwz     r3, 0xB2A
FFDDB274  A93D0034  lha     r9, 0x34(r29)
FFDDB278  83030000  lwz     r24, 0x0(r3)
FFDDB27C  9B210038  stb     r25, 0x38(r1)
FFDDB280  88780439  lbz     r3, 0x439(r24)
FFDDB284  9B210039  stb     r25, 0x39(r1)
FFDDB288  2F030000  cmpwi   cr6, r3, 0x0
FFDDB28C  9B380436  stb     r25, 0x436(r24)
FFDDB290  30FD0036  addic   r7, r29, 0x36
FFDDB294  3B800000  li      r28, 0x0
FFDDB298  38C00000  li      r6, 0x0
FFDDB29C  39000000  li      r8, 0x0
FFDDB2A0  419A0040  beq     cr6, loc_FFDDB2E0
FFDDB2A4  806002B6  lwz     r3, 0x2B6                          ; R low memory BasicGlob ($2B6)
FFDDB2A8  80630068  lwz     r3, 0x68(r3)
FFDDB2AC  2C830000  cmpwi   cr1, r3, 0x0
FFDDB2B0  41860030  beq     cr1, loc_FFDDB2E0
FFDDB2B4  A87D0036  lha     r3, 0x36(r29)
FFDDB2B8  3149FFFF  addic   r10, r9, -0x1
FFDDB2BC  2F030000  cmpwi   cr6, r3, 0x0
FFDDB2C0  409A0020  bne     cr6, loc_FFDDB2E0
FFDDB2C4  A07D0038  lhz     r3, 0x38(r29)
FFDDB2C8  AB9D003A  lha     r28, 0x3A(r29)
FFDDB2CC  B0610038  sth     r3, 0x38(r1)
FFDDB2D0  88600938  lbz     r3, 0x938                          ; R low memory HiliteMode ($938)
FFDDB2D4  30FD003C  addic   r7, r29, 0x3C
FFDDB2D8  7D490734  extsh   r9, r10
FFDDB2DC  5468DFFE  extrwi  r8, r3, 1, 26
loc_FFDDB2E0:
FFDDB2E0  2C880000  cmpwi   cr1, r8, 0x0
FFDDB2E4  2F9C0000  cmpwi   cr7, r28, 0x0
FFDDB2E8  2F090000  cmpwi   cr6, r9, 0x0
FFDDB2EC  3067FFFA  addic   r3, r7, -0x6
FFDDB2F0  40860070  bne     cr1, loc_FFDDB360
FFDDB2F4  3109FFFF  addic   r8, r9, -0x1
FFDDB2F8  41980068  blt     cr6, loc_FFDDB360
FFDDB2FC  AD230006  lhau    r9, 0x6(r3)
FFDDB300  7C89F800  cmpw    cr1, r9, r31
FFDDB304  ACC30006  lhau    r6, 0x6(r3)
FFDDB308  48000010  b       loc_FFDDB318
loc_FFDDB30C:
FFDDB30C  41800054  blt     loc_FFDDB360
FFDDB310  7C89F800  cmpw    cr1, r9, r31
FFDDB314  ACC30006  lhau    r6, 0x6(r3)
loc_FFDDB318:
FFDDB318  7D080735  extsh.  r8, r8
FFDDB31C  7F06F800  cmpw    cr6, r6, r31
FFDDB320  4186013C  beq     cr1, loc_FFDDB45C
FFDDB324  3108FFFF  addic   r8, r8, -0x1
FFDDB328  7D080734  extsh   r8, r8
FFDDB32C  30E70006  addic   r7, r7, 0x6
FFDDB330  4180002C  blt     loc_FFDDB35C
FFDDB334  41850028  bgt     cr1, loc_FFDDB35C
FFDDB338  419A0124  beq     cr6, loc_FFDDB45C
FFDDB33C  2C080000  cmpwi   cr0, r8, 0x0
FFDDB340  30E70006  addic   r7, r7, 0x6
FFDDB344  3108FFFF  addic   r8, r8, -0x1
FFDDB348  AD230006  lhau    r9, 0x6(r3)
FFDDB34C  4099FFC0  ble     cr6, loc_FFDDB30C
FFDDB350  41800010  blt     loc_FFDDB360
FFDDB354  2C860000  cmpwi   cr1, r6, 0x0
FFDDB358  4800000C  b       loc_FFDDB364
loc_FFDDB35C:
FFDDB35C  38C90000  addi    r6, r9, 0x0
loc_FFDDB360:
FFDDB360  2C860000  cmpwi   cr1, r6, 0x0
loc_FFDDB364:
FFDDB364  38600005  li      r3, 0x5
FFDDB368  409E001C  bne     cr7, loc_FFDDB384
FFDDB36C  933B0000  stw     r25, 0x0(r27)
FFDDB370  4085010C  ble     cr1, loc_FFDDB47C
FFDDB374  81810068  lwz     r12, 0x68(r1)
FFDDB378  38600000  li      r3, 0x0
FFDDB37C  30210060  addic   r1, r1, 0x60
FFDDB380  48000104  b       loc_FFDDB484
loc_FFDDB384:
FFDDB384  480043ED  bl      glue_FontScript
FFDDB388  80410014  lwz     r2, 0x14(r1)
FFDDB38C  7C630735  extsh.  r3, r3
FFDDB390  2F830001  cmpwi   cr7, r3, 0x1
FFDDB394  2C830002  cmpwi   cr1, r3, 0x2
FFDDB398  2F030003  cmpwi   cr6, r3, 0x3
FFDDB39C  4182008C  beq     loc_FFDDB428
FFDDB3A0  3CC00001  lis     r6, 0x0001
FFDDB3A4  2C030019  cmpwi   cr0, r3, 0x19
FFDDB3A8  30C6FF00  addic   r6, r6, -0x100
FFDDB3AC  419E0010  beq     cr7, loc_FFDDB3BC
FFDDB3B0  4186000C  beq     cr1, loc_FFDDB3BC
FFDDB3B4  419A0008  beq     cr6, loc_FFDDB3BC
FFDDB3B8  40820070  bne     loc_FFDDB428
loc_FFDDB3BC:
FFDDB3BC  A87D0034  lha     r3, 0x34(r29)
FFDDB3C0  2C830000  cmpwi   cr1, r3, 0x0
FFDDB3C4  40850064  ble     cr1, loc_FFDDB428
FFDDB3C8  88E00938  lbz     r7, 0x938                          ; R low memory HiliteMode ($938)
FFDDB3CC  3C607366  lis     r3, 0x7366
FFDDB3D0  7CE02120  mtcrf   0x02, r7
FFDDB3D4  30636E74  addic   r3, r3, 0x6E74
FFDDB3D8  389C0000  addi    r4, r28, 0x0
FFDDB3DC  4C980000  mcrf    cr1, cr6
FFDDB3E0  41860048  beq     cr1, loc_FFDDB428
FFDDB3E4  B0C00B9E  sth     r6, 0xB9E
FFDDB3E8  ABBE002C  lha     r29, 0x2C(r30)
FFDDB3EC  480041D5  bl      glue_GetResource
FFDDB3F0  80410014  lwz     r2, 0x14(r1)
FFDDB3F4  48004395  bl      glue_fs__LowestPPEM
FFDDB3F8  80410014  lwz     r2, 0x14(r1)
FFDDB3FC  7C630734  extsh   r3, r3
FFDDB400  7C9D1800  cmpw    cr1, r29, r3
FFDDB404  38600000  li      r3, 0x0
FFDDB408  40840018  bge     cr1, loc_FFDDB420
FFDDB40C  81810068  lwz     r12, 0x68(r1)
FFDDB410  933B0000  stw     r25, 0x0(r27)
FFDDB414  30210060  addic   r1, r1, 0x60
FFDDB418  7D8803A6  mtspr   LR, r12
FFDDB41C  4800006C  b       loc_FFDDB488
loc_FFDDB420:
FFDDB420  80600B2A  lwz     r3, 0xB2A
FFDDB424  83030000  lwz     r24, 0x0(r3)
loc_FFDDB428:
FFDDB428  88D80410  lbz     r6, 0x410(r24)
FFDDB42C  39200001  li      r9, 0x1
FFDDB430  98D80423  stb     r6, 0x423(r24)
FFDDB434  387E0000  addi    r3, r30, 0x0
FFDDB438  389A0000  addi    r4, r26, 0x0
FFDDB43C  38BF0000  addi    r5, r31, 0x0
FFDDB440  38FC0000  addi    r7, r28, 0x0
FFDDB444  391B0000  addi    r8, r27, 0x0
FFDDB448  99380436  stb     r9, 0x436(r24)
FFDDB44C  80C10038  lwz     r6, 0x38(r1)
FFDDB450  4BFFED35  bl      sub_FFDDA184
FFDDB454  7C630734  extsh   r3, r3
FFDDB458  48000024  b       loc_FFDDB47C
loc_FFDDB45C:
FFDDB45C  80C70002  lwz     r6, 0x2(r7)
FFDDB460  387E0000  addi    r3, r30, 0x0
FFDDB464  389A0000  addi    r4, r26, 0x0
FFDDB468  38BF0000  addi    r5, r31, 0x0
FFDDB46C  391B0000  addi    r8, r27, 0x0
FFDDB470  A8E70004  lha     r7, 0x4(r7)
FFDDB474  4BFFED11  bl      sub_FFDDA184
FFDDB478  7C630734  extsh   r3, r3
loc_FFDDB47C:
FFDDB47C  81810068  lwz     r12, 0x68(r1)
FFDDB480  30210060  addic   r1, r1, 0x60
loc_FFDDB484:
FFDDB484  7D8803A6  mtspr   LR, r12
loc_FFDDB488:
FFDDB488  BB01FFE0  lmw     r24, -0x20(r1)
FFDDB48C  4E800020  blr

sub_FFDDB490:
FFDDB490  BF01FFE0  stmw    r24, -0x20(r1)
FFDDB494  7C9B0735  extsh.  r27, r4
FFDDB498  7C0802A6  mfspr   r0, LR
FFDDB49C  7D800026  mfcr    r12
FFDDB4A0  91810004  stw     r12, 0x4(r1)
FFDDB4A4  90010008  stw     r0, 0x8(r1)
FFDDB4A8  9421FFA0  stwu    r1, -0x60(r1)
FFDDB4AC  3BE50000  addi    r31, r5, 0x0
FFDDB4B0  3BC60000  addi    r30, r6, 0x0
FFDDB4B4  7C7D0734  extsh   r29, r3
FFDDB4B8  40820008  bne     loc_FFDDB4C0
FFDDB4BC  3B600001  li      r27, 0x1
loc_FFDDB4C0:
FFDDB4C0  57A53C30  clrlslwi r5, r29, 23, 7
FFDDB4C4  5365067E  insrwi  r5, r27, 7, 25
FFDDB4C8  7CBC0734  extsh   r28, r5
FFDDB4CC  577A067E  clrlwi  r26, r27, 25
FFDDB4D0  3B1A0000  addi    r24, r26, 0x0
FFDDB4D4  387C0000  addi    r3, r28, 0x0
FFDDB4D8  30810038  addic   r4, r1, 0x38
FFDDB4DC  4BFFE951  bl      sub_FFDD9E2C
FFDDB4E0  7C650734  extsh   r5, r3
FFDDB4E4  2F850004  cmpwi   cr7, r5, 0x4
FFDDB4E8  38600001  li      r3, 0x1
FFDDB4EC  419E0194  beq     cr7, loc_FFDDB680
FFDDB4F0  80A10038  lwz     r5, 0x38(r1)
FFDDB4F4  2F9A0040  cmpwi   cr7, r26, 0x40
FFDDB4F8  2C050000  cmpwi   cr0, r5, 0x0
FFDDB4FC  57790E3C  clrlslwi r25, r27, 25, 1
FFDDB500  4082016C  bne     loc_FFDDB66C
FFDDB504  409C0038  bge     cr7, loc_FFDDB53C
FFDDB508  57650E7C  clrlslwi r5, r27, 26, 1
FFDDB50C  53A53C30  insrwi  r5, r29, 9, 16
FFDDB510  7CBC0734  extsh   r28, r5
FFDDB514  387C0000  addi    r3, r28, 0x0
FFDDB518  30810038  addic   r4, r1, 0x38
FFDDB51C  4BFFE911  bl      sub_FFDD9E2C
FFDDB520  7C650734  extsh   r5, r3
FFDDB524  2F850004  cmpwi   cr7, r5, 0x4
FFDDB528  38600001  li      r3, 0x1
FFDDB52C  419E0154  beq     cr7, loc_FFDDB680
FFDDB530  80A10038  lwz     r5, 0x38(r1)
FFDDB534  3B190000  addi    r24, r25, 0x0
FFDDB538  2C050000  cmpwi   cr0, r5, 0x0
loc_FFDDB53C:
FFDDB53C  40820130  bne     loc_FFDDB66C
FFDDB540  7F401120  mtcrf   0x01, r26
FFDDB544  419F0038  bso     cr7, loc_FFDDB57C
FFDDB548  5778FEBE  extrwi  r24, r27, 6, 25
FFDDB54C  38B80000  addi    r5, r24, 0x0
FFDDB550  53850430  rlwimi  r5, r28, 0, 16, 24
FFDDB554  7CBC0734  extsh   r28, r5
FFDDB558  387C0000  addi    r3, r28, 0x0
FFDDB55C  30810038  addic   r4, r1, 0x38
FFDDB560  4BFFE8CD  bl      sub_FFDD9E2C
FFDDB564  7C650734  extsh   r5, r3
FFDDB568  2F850004  cmpwi   cr7, r5, 0x4
FFDDB56C  38600001  li      r3, 0x1
FFDDB570  419E0110  beq     cr7, loc_FFDDB680
FFDDB574  80A10038  lwz     r5, 0x38(r1)
FFDDB578  2C050000  cmpwi   cr0, r5, 0x0
loc_FFDDB57C:
FFDDB57C  408200F0  bne     loc_FFDDB66C
FFDDB580  30BAFFFF  addic   r5, r26, -0x1
FFDDB584  7CBB0734  extsh   r27, r5
FFDDB588  88A00A63  lbz     r5, 0xA63                          ; R low memory FScaleDisable ($A63)
FFDDB58C  30FA0001  addic   r7, r26, 0x1
FFDDB590  2F850000  cmpwi   cr7, r5, 0x0
FFDDB594  7CA50034  cntlzw  r5, r5
FFDDB598  7CFD0734  extsh   r29, r7
FFDDB59C  4E3EF382  crmove  crb17, crb30
FFDDB5A0  4E118842  crnor   4*cr4+lt, 4*cr4+gt, 4*cr4+gt
FFDDB5A4  54B9D97E  srwi    r25, r5, 5
loc_FFDDB5A8:
FFDDB5A8  41900018  blt     cr4, loc_FFDDB5C0
FFDDB5AC  30BA0001  addic   r5, r26, 0x1
FFDDB5B0  7CA50734  extsh   r5, r5
FFDDB5B4  54BA067F  clrlwi. r26, r5, 25
FFDDB5B8  4C918B82  crmove  crb4, crb17
FFDDB5BC  48000014  b       loc_FFDDB5D0
loc_FFDDB5C0:
FFDDB5C0  30BAFFFF  addic   r5, r26, -0x1
FFDDB5C4  7CA50734  extsh   r5, r5
FFDDB5C8  54BA067F  clrlwi. r26, r5, 25
FFDDB5CC  4C918B82  crmove  crb4, crb17
loc_FFDDB5D0:
FFDDB5D0  7F250034  cntlzw  r5, r25
FFDDB5D4  30810038  addic   r4, r1, 0x38
FFDDB5D8  40820054  bne     loc_FFDDB62C
FFDDB5DC  88E00A63  lbz     r7, 0xA63                          ; R low memory FScaleDisable ($A63)
FFDDB5E0  2F870000  cmpwi   cr7, r7, 0x0
FFDDB5E4  4CB1F182  crxor   4*cr1+gt, 4*cr4+gt, 4*cr7+eq
loc_FFDDB5E8:
FFDDB5E8  41850094  bgt     cr1, loc_FFDDB67C
FFDDB5EC  54B9D97E  srwi    r25, r5, 5
FFDDB5F0  4E308382  crmove  crb17, crb16
FFDDB5F4  4E042382  crmove  crb16, crb4
FFDDB5F8  4190001C  blt     cr4, loc_FFDDB614
FFDDB5FC  38BD0000  addi    r5, r29, 0x0
FFDDB600  54BA067F  clrlwi. r26, r5, 25
FFDDB604  4C918B82  crmove  crb4, crb17
FFDDB608  4CB1F182  crxor   4*cr1+gt, 4*cr4+gt, 4*cr7+eq
FFDDB60C  7F250034  cntlzw  r5, r25
FFDDB610  48000018  b       loc_FFDDB628
loc_FFDDB614:
FFDDB614  38BB0000  addi    r5, r27, 0x0
FFDDB618  4C918B82  crmove  crb4, crb17
FFDDB61C  54BA067F  clrlwi. r26, r5, 25
FFDDB620  4CB1F182  crxor   4*cr1+gt, 4*cr4+gt, 4*cr7+eq
FFDDB624  7F250034  cntlzw  r5, r25
loc_FFDDB628:
FFDDB628  4182FFC0  beq     loc_FFDDB5E8
loc_FFDDB62C:
FFDDB62C  5745067E  clrlwi  r5, r26, 25
FFDDB630  53850430  rlwimi  r5, r28, 0, 16, 24
FFDDB634  7CBC0734  extsh   r28, r5
FFDDB638  387C0000  addi    r3, r28, 0x0
FFDDB63C  4BFFE7F1  bl      sub_FFDD9E2C
FFDDB640  7C650734  extsh   r5, r3
FFDDB644  2F850004  cmpwi   cr7, r5, 0x4
FFDDB648  80A10038  lwz     r5, 0x38(r1)
FFDDB64C  2C050000  cmpwi   cr0, r5, 0x0
FFDDB650  419E002C  beq     cr7, loc_FFDDB67C
FFDDB654  4182FF54  beq     loc_FFDDB5A8
FFDDB658  3B1A0000  addi    r24, r26, 0x0
FFDDB65C  90BF0000  stw     r5, 0x0(r31)
FFDDB660  B31E0000  sth     r24, 0x0(r30)
FFDDB664  38600000  li      r3, 0x0
FFDDB668  48000018  b       loc_FFDDB680
loc_FFDDB66C:
FFDDB66C  90BF0000  stw     r5, 0x0(r31)
FFDDB670  B31E0000  sth     r24, 0x0(r30)
FFDDB674  38600000  li      r3, 0x0
FFDDB678  48000008  b       loc_FFDDB680
loc_FFDDB67C:
FFDDB67C  38600001  li      r3, 0x1
loc_FFDDB680:
FFDDB680  81810064  lwz     r12, 0x64(r1)
FFDDB684  80010068  lwz     r0, 0x68(r1)
FFDDB688  7D808120  mtcrf   0x08, r12
FFDDB68C  30210060  addic   r1, r1, 0x60
FFDDB690  BB01FFE0  lmw     r24, -0x20(r1)
FFDDB694  7C0803A6  mtspr   LR, r0
FFDDB698  4E800020  blr

sub_FFDDB69C:
FFDDB69C  BEC1FFD8  stmw    r22, -0x28(r1)
FFDDB6A0  7CB80734  extsh   r24, r5
FFDDB6A4  7C970734  extsh   r23, r4
FFDDB6A8  3B470000  addi    r26, r7, 0x0
FFDDB6AC  2C170001  cmpwi   cr0, r23, 0x1
FFDDB6B0  7C0802A6  mfspr   r0, LR
FFDDB6B4  7D800026  mfcr    r12
FFDDB6B8  91810004  stw     r12, 0x4(r1)
FFDDB6BC  90010008  stw     r0, 0x8(r1)
FFDDB6C0  9421FF80  stwu    r1, -0x80(r1)
FFDDB6C4  90610044  stw     r3, 0x44(r1)
FFDDB6C8  3B680000  addi    r27, r8, 0x0
FFDDB6CC  3B890000  addi    r28, r9, 0x0
FFDDB6D0  3BAA0000  addi    r29, r10, 0x0
FFDDB6D4  54DE063E  clrlwi  r30, r6, 24
FFDDB6D8  30810038  addic   r4, r1, 0x38
FFDDB6DC  3B250000  addi    r25, r5, 0x0
FFDDB6E0  3AC70000  addi    r22, r7, 0x0
FFDDB6E4  3BF80000  addi    r31, r24, 0x0
FFDDB6E8  40820008  bne     loc_FFDDB6F0
FFDDB6EC  AAE00984  lha     r23, 0x984                         ; R low memory ApFontID ($984)
loc_FFDDB6F0:
FFDDB6F0  38770000  addi    r3, r23, 0x0
FFDDB6F4  48003231  bl      sub_FFDDE924
FFDDB6F8  4FFFFB82  crmove  crb31, crb31
FFDDB6FC  7C600735  extsh.  r0, r3
FFDDB700  38770000  addi    r3, r23, 0x0
FFDDB704  38800001  li      r4, 0x1
FFDDB708  30A10038  addic   r5, r1, 0x38
FFDDB70C  41820014  beq     loc_FFDDB720
FFDDB710  4BFFF325  bl      sub_FFDDAA34
FFDDB714  80610038  lwz     r3, 0x38(r1)
FFDDB718  48003279  bl      sub_FFDDE990
FFDDB71C  4FFFFB82  crmove  crb31, crb31
loc_FFDDB720:
FFDDB720  80A10038  lwz     r5, 0x38(r1)
FFDDB724  387E0000  addi    r3, r30, 0x0
FFDDB728  389F0000  addi    r4, r31, 0x0
FFDDB72C  30C1003C  addic   r6, r1, 0x3C
FFDDB730  4BFFF5DD  bl      sub_FFDDAD0C
FFDDB734  8081003C  lwz     r4, 0x3C(r1)
FFDDB738  30C10040  addic   r6, r1, 0x40
FFDDB73C  2C040000  cmpwi   cr0, r4, 0x0
FFDDB740  80610044  lwz     r3, 0x44(r1)
FFDDB744  38BF0000  addi    r5, r31, 0x0
FFDDB748  4182003C  beq     loc_FFDDB784
FFDDB74C  4BFFFAE5  bl      sub_FFDDB230
FFDDB750  7C600735  extsh.  r0, r3
FFDDB754  80010040  lwz     r0, 0x40(r1)
FFDDB758  38770000  addi    r3, r23, 0x0
FFDDB75C  2C800000  cmpwi   cr1, r0, 0x0
FFDDB760  38980000  addi    r4, r24, 0x0
FFDDB764  4182001C  beq     loc_FFDDB780
loc_FFDDB768:
FFDDB768  B2C00A5A  sth     r22, 0xA5A                         ; W low memory CurMap ($A5A)
FFDDB76C  38BC0000  addi    r5, r28, 0x0
FFDDB770  38DD0000  addi    r6, r29, 0x0
FFDDB774  4BFFFD1D  bl      sub_FFDDB490
FFDDB778  7C630734  extsh   r3, r3
FFDDB77C  48000340  b       loc_FFDDBABC
loc_FFDDB780:
FFDDB780  40860324  bne     cr1, loc_FFDDBAA4
loc_FFDDB784:
FFDDB784  88000A63  lbz     r0, 0xA63                          ; R low memory FScaleDisable ($A63)
FFDDB788  4DCE7242  crset   crb14
FFDDB78C  2C000000  cmpwi   cr0, r0, 0x0
FFDDB790  80A10038  lwz     r5, 0x38(r1)
FFDDB794  387E0000  addi    r3, r30, 0x0
FFDDB798  30C1003C  addic   r6, r1, 0x3C
FFDDB79C  5700083C  slwi    r0, r24, 1
FFDDB7A0  408200B0  bne     loc_FFDDB850
FFDDB7A4  7C1F0734  extsh   r31, r0
FFDDB7A8  389F0000  addi    r4, r31, 0x0
FFDDB7AC  4BFFF561  bl      sub_FFDDAD0C
FFDDB7B0  8081003C  lwz     r4, 0x3C(r1)
FFDDB7B4  30C10040  addic   r6, r1, 0x40
FFDDB7B8  2C040000  cmpwi   cr0, r4, 0x0
FFDDB7BC  80610044  lwz     r3, 0x44(r1)
FFDDB7C0  38BF0000  addi    r5, r31, 0x0
FFDDB7C4  41820028  beq     loc_FFDDB7EC
FFDDB7C8  4BFFFA69  bl      sub_FFDDB230
FFDDB7CC  7C600735  extsh.  r0, r3
FFDDB7D0  80010040  lwz     r0, 0x40(r1)
FFDDB7D4  38770000  addi    r3, r23, 0x0
FFDDB7D8  2C800000  cmpwi   cr1, r0, 0x0
FFDDB7DC  38980000  addi    r4, r24, 0x0
FFDDB7E0  4082FF88  bne     loc_FFDDB768
FFDDB7E4  41860008  beq     cr1, loc_FFDDB7EC
FFDDB7E8  4DCE7182  crclr   crb14
loc_FFDDB7EC:
FFDDB7EC  408E02B8  bne     cr3, loc_FFDDBAA4
FFDDB7F0  7F001120  mtcrf   0x01, r24
FFDDB7F4  5720FC7E  extrwi  r0, r25, 15, 16
FFDDB7F8  80A10038  lwz     r5, 0x38(r1)
FFDDB7FC  387E0000  addi    r3, r30, 0x0
FFDDB800  30C1003C  addic   r6, r1, 0x3C
FFDDB804  419F004C  bso     cr7, loc_FFDDB850
FFDDB808  33E00000  addic   r31, r0, 0x0
FFDDB80C  389F0000  addi    r4, r31, 0x0
FFDDB810  4BFFF4FD  bl      sub_FFDDAD0C
FFDDB814  8081003C  lwz     r4, 0x3C(r1)
FFDDB818  30C10040  addic   r6, r1, 0x40
FFDDB81C  2C040000  cmpwi   cr0, r4, 0x0
FFDDB820  80610044  lwz     r3, 0x44(r1)
FFDDB824  38BF0000  addi    r5, r31, 0x0
FFDDB828  41820028  beq     loc_FFDDB850
FFDDB82C  4BFFFA05  bl      sub_FFDDB230
FFDDB830  7C600735  extsh.  r0, r3
FFDDB834  80010040  lwz     r0, 0x40(r1)
FFDDB838  38770000  addi    r3, r23, 0x0
FFDDB83C  2C800000  cmpwi   cr1, r0, 0x0
FFDDB840  38980000  addi    r4, r24, 0x0
FFDDB844  4082FF24  bne     loc_FFDDB768
FFDDB848  41860008  beq     cr1, loc_FFDDB850
FFDDB84C  4DCE7182  crclr   crb14
loc_FFDDB850:
FFDDB850  408E0254  bne     cr3, loc_FFDDBAA4
FFDDB854  80A10038  lwz     r5, 0x38(r1)
FFDDB858  387E0000  addi    r3, r30, 0x0
FFDDB85C  81250000  lwz     r9, 0x0(r5)
FFDDB860  30C1003C  addic   r6, r1, 0x3C
FFDDB864  A8090002  lha     r0, 0x2(r9)
FFDDB868  3129FFF8  addic   r9, r9, -0x8
FFDDB86C  2C000000  cmpwi   cr0, r0, 0x0
FFDDB870  3000FFFF  addic   r0, r0, -0x1
FFDDB874  3BE00000  li      r31, 0x0
FFDDB878  38E07FFF  li      r7, 0x7FFF
FFDDB87C  418001B0  blt     loc_FFDDBA2C
FFDDB880  AD89000C  lhau    r12, 0xC(r9)
FFDDB884  7C1E0734  extsh   r30, r0
FFDDB888  301EFFFF  addic   r0, r30, -0x1
FFDDB88C  7C0B0734  extsh   r11, r0
FFDDB890  88800A63  lbz     r4, 0xA63                          ; R low memory FScaleDisable ($A63)
FFDDB894  AD09000C  lhau    r8, 0xC(r9)
loc_FFDDB898:
FFDDB898  2C8C0000  cmpwi   cr1, r12, 0x0
FFDDB89C  2F880000  cmpwi   cr7, r8, 0x0
FFDDB8A0  7C0CC010  subfc   r0, r12, r24
FFDDB8A4  40860044  bne     cr1, loc_FFDDB8E8
FFDDB8A8  408E0184  bne     cr3, loc_FFDDBA2C
FFDDB8AC  2C1E0000  cmpwi   cr0, r30, 0x0
FFDDB8B0  7C08C010  subfc   r0, r8, r24
FFDDB8B4  7C0A0734  extsh   r10, r0
FFDDB8B8  AD89000C  lhau    r12, 0xC(r9)
FFDDB8BC  41800170  blt     loc_FFDDBA2C
FFDDB8C0  300BFFFF  addic   r0, r11, -0x1
FFDDB8C4  2C0A0000  cmpwi   cr0, r10, 0x0
FFDDB8C8  7C1E0734  extsh   r30, r0
FFDDB8CC  409E00DC  bne     cr7, loc_FFDDB9A8
FFDDB8D0  408E015C  bne     cr3, loc_FFDDBA2C
FFDDB8D4  2C0B0000  cmpwi   cr0, r11, 0x0
FFDDB8D8  301EFFFF  addic   r0, r30, -0x1
FFDDB8DC  AD09000C  lhau    r8, 0xC(r9)
FFDDB8E0  7C0B0734  extsh   r11, r0
FFDDB8E4  48000144  b       loc_FFDDBA28
loc_FFDDB8E8:
FFDDB8E8  7C000735  extsh.  r0, r0
FFDDB8EC  2C840000  cmpwi   cr1, r4, 0x0
FFDDB8F0  2F1F0000  cmpwi   cr6, r31, 0x0
FFDDB8F4  7D4000D0  neg     r10, r0
FFDDB8F8  41800040  blt     loc_FFDDB938
FFDDB8FC  408E0130  bne     cr3, loc_FFDDBA2C
FFDDB900  7C803800  cmpw    cr1, r0, r7
FFDDB904  41850058  bgt     cr1, loc_FFDDB95C
FFDDB908  30E00000  addic   r7, r0, 0x0
FFDDB90C  3BEC0000  addi    r31, r12, 0x0
FFDDB910  408E011C  bne     cr3, loc_FFDDBA2C
FFDDB914  2C1E0000  cmpwi   cr0, r30, 0x0
FFDDB918  7C08C010  subfc   r0, r8, r24
FFDDB91C  7C0A0734  extsh   r10, r0
FFDDB920  AD89000C  lhau    r12, 0xC(r9)
FFDDB924  41800108  blt     loc_FFDDBA2C
FFDDB928  300BFFFF  addic   r0, r11, -0x1
FFDDB92C  2C0A0000  cmpwi   cr0, r10, 0x0
FFDDB930  7C1E0734  extsh   r30, r0
FFDDB934  4800004C  b       loc_FFDDB980
loc_FFDDB938:
FFDDB938  7D400734  extsh   r0, r10
FFDDB93C  4186000C  beq     cr1, loc_FFDDB948
FFDDB940  40990008  ble     cr6, loc_FFDDB948
FFDDB944  4DCE7182  crclr   crb14
loc_FFDDB948:
FFDDB948  408E00E4  bne     cr3, loc_FFDDBA2C
FFDDB94C  7C803800  cmpw    cr1, r0, r7
FFDDB950  4185000C  bgt     cr1, loc_FFDDB95C
FFDDB954  30E00000  addic   r7, r0, 0x0
FFDDB958  3BEC0000  addi    r31, r12, 0x0
loc_FFDDB95C:
FFDDB95C  408E00D0  bne     cr3, loc_FFDDBA2C
FFDDB960  2C1E0000  cmpwi   cr0, r30, 0x0
FFDDB964  7C08C010  subfc   r0, r8, r24
FFDDB968  7C0A0734  extsh   r10, r0
FFDDB96C  AD89000C  lhau    r12, 0xC(r9)
FFDDB970  418000BC  blt     loc_FFDDBA2C
FFDDB974  300BFFFF  addic   r0, r11, -0x1
FFDDB978  2C0A0000  cmpwi   cr0, r10, 0x0
FFDDB97C  7C1E0734  extsh   r30, r0
loc_FFDDB980:
FFDDB980  409E0028  bne     cr7, loc_FFDDB9A8
FFDDB984  408E00A8  bne     cr3, loc_FFDDBA2C
FFDDB988  2C0B0000  cmpwi   cr0, r11, 0x0
FFDDB98C  AD09000C  lhau    r8, 0xC(r9)
FFDDB990  301EFFFF  addic   r0, r30, -0x1
FFDDB994  7C0B0734  extsh   r11, r0
FFDDB998  4080FF00  bge     loc_FFDDB898
FFDDB99C  389F0000  addi    r4, r31, 0x0
FFDDB9A0  4BFFF36D  bl      sub_FFDDAD0C
FFDDB9A4  48000090  b       loc_FFDDBA34
loc_FFDDB9A8:
FFDDB9A8  2F040000  cmpwi   cr6, r4, 0x0
FFDDB9AC  2C9F0000  cmpwi   cr1, r31, 0x0
FFDDB9B0  7C0A00D0  neg     r0, r10
FFDDB9B4  4180003C  blt     loc_FFDDB9F0
FFDDB9B8  408E0074  bne     cr3, loc_FFDDBA2C
FFDDB9BC  7C8A3800  cmpw    cr1, r10, r7
FFDDB9C0  41850054  bgt     cr1, loc_FFDDBA14
FFDDB9C4  38EA0000  addi    r7, r10, 0x0
FFDDB9C8  3BE80000  addi    r31, r8, 0x0
FFDDB9CC  408E0060  bne     cr3, loc_FFDDBA2C
FFDDB9D0  2C0B0000  cmpwi   cr0, r11, 0x0
FFDDB9D4  AD09000C  lhau    r8, 0xC(r9)
FFDDB9D8  301EFFFF  addic   r0, r30, -0x1
FFDDB9DC  7C0B0734  extsh   r11, r0
FFDDB9E0  4080FEB8  bge     loc_FFDDB898
FFDDB9E4  389F0000  addi    r4, r31, 0x0
FFDDB9E8  4BFFF325  bl      sub_FFDDAD0C
FFDDB9EC  48000048  b       loc_FFDDBA34
loc_FFDDB9F0:
FFDDB9F0  7C0A0734  extsh   r10, r0
FFDDB9F4  419A000C  beq     cr6, loc_FFDDBA00
FFDDB9F8  40850008  ble     cr1, loc_FFDDBA00
FFDDB9FC  4DCE7182  crclr   crb14
loc_FFDDBA00:
FFDDBA00  408E002C  bne     cr3, loc_FFDDBA2C
FFDDBA04  7C8A3800  cmpw    cr1, r10, r7
FFDDBA08  4185000C  bgt     cr1, loc_FFDDBA14
FFDDBA0C  38EA0000  addi    r7, r10, 0x0
FFDDBA10  3BE80000  addi    r31, r8, 0x0
loc_FFDDBA14:
FFDDBA14  408E0018  bne     cr3, loc_FFDDBA2C
FFDDBA18  2C0B0000  cmpwi   cr0, r11, 0x0
FFDDBA1C  AD09000C  lhau    r8, 0xC(r9)
FFDDBA20  301EFFFF  addic   r0, r30, -0x1
FFDDBA24  7C0B0734  extsh   r11, r0
loc_FFDDBA28:
FFDDBA28  4080FE70  bge     loc_FFDDB898
loc_FFDDBA2C:
FFDDBA2C  389F0000  addi    r4, r31, 0x0
FFDDBA30  4BFFF2DD  bl      sub_FFDDAD0C
loc_FFDDBA34:
FFDDBA34  8081003C  lwz     r4, 0x3C(r1)
FFDDBA38  80610044  lwz     r3, 0x44(r1)
FFDDBA3C  2C040000  cmpwi   cr0, r4, 0x0
FFDDBA40  30C10040  addic   r6, r1, 0x40
FFDDBA44  38BF0000  addi    r5, r31, 0x0
FFDDBA48  40820024  bne     loc_FFDDBA6C
FFDDBA4C  B2C00A5A  sth     r22, 0xA5A                         ; W low memory CurMap ($A5A)
FFDDBA50  38770000  addi    r3, r23, 0x0
FFDDBA54  38980000  addi    r4, r24, 0x0
FFDDBA58  38BC0000  addi    r5, r28, 0x0
FFDDBA5C  38DD0000  addi    r6, r29, 0x0
FFDDBA60  4BFFFA31  bl      sub_FFDDB490
FFDDBA64  7C630734  extsh   r3, r3
FFDDBA68  48000054  b       loc_FFDDBABC
loc_FFDDBA6C:
FFDDBA6C  4BFFF7C5  bl      sub_FFDDB230
FFDDBA70  7C600735  extsh.  r0, r3
FFDDBA74  80010040  lwz     r0, 0x40(r1)
FFDDBA78  38770000  addi    r3, r23, 0x0
FFDDBA7C  2C800000  cmpwi   cr1, r0, 0x0
FFDDBA80  38980000  addi    r4, r24, 0x0
FFDDBA84  40820008  bne     loc_FFDDBA8C
FFDDBA88  4086001C  bne     cr1, loc_FFDDBAA4
loc_FFDDBA8C:
FFDDBA8C  B3400A5A  sth     r26, 0xA5A                         ; W low memory CurMap ($A5A)
FFDDBA90  38BC0000  addi    r5, r28, 0x0
FFDDBA94  38DD0000  addi    r6, r29, 0x0
FFDDBA98  4BFFF9F9  bl      sub_FFDDB490
FFDDBA9C  7C630734  extsh   r3, r3
FFDDBAA0  4800001C  b       loc_FFDDBABC
loc_FFDDBAA4:
FFDDBAA4  8001003C  lwz     r0, 0x3C(r1)
FFDDBAA8  38600007  li      r3, 0x7
FFDDBAAC  901B0000  stw     r0, 0x0(r27)
FFDDBAB0  80810040  lwz     r4, 0x40(r1)
FFDDBAB4  909C0000  stw     r4, 0x0(r28)
FFDDBAB8  B3FD0000  sth     r31, 0x0(r29)
loc_FFDDBABC:
FFDDBABC  81810084  lwz     r12, 0x84(r1)
FFDDBAC0  80010088  lwz     r0, 0x88(r1)
FFDDBAC4  7D810120  mtcrf   0x10, r12
FFDDBAC8  30210080  addic   r1, r1, 0x80
FFDDBACC  BAC1FFD8  lmw     r22, -0x28(r1)
FFDDBAD0  7C0803A6  mtspr   LR, r0
FFDDBAD4  4E800020  blr

sub_FFDDBAD8:
FFDDBAD8  BF41FFE8  stmw    r26, -0x18(r1)
FFDDBADC  83A40000  lwz     r29, 0x0(r4)
FFDDBAE0  A8FD0006  lha     r7, 0x6(r29)
FFDDBAE4  2C070000  cmpwi   cr0, r7, 0x0
FFDDBAE8  40820014  bne     loc_FFDDBAFC
loc_FFDDBAEC:
FFDDBAEC  83A1FFF4  lwz     r29, -0xC(r1)
FFDDBAF0  8381FFF0  lwz     r28, -0x10(r1)
FFDDBAF4  38600000  li      r3, 0x0
FFDDBAF8  4E800020  blr
loc_FFDDBAFC:
FFDDBAFC  809D0010  lwz     r4, 0x10(r29)
FFDDBB00  2C040000  cmpwi   cr0, r4, 0x0
FFDDBB04  4182FFE8  beq     loc_FFDDBAEC
FFDDBB08  7F9D22AE  lhax    r28, r29, r4
FFDDBB0C  2C1C0000  cmpwi   cr0, r28, 0x0
FFDDBB10  4180FFDC  blt     loc_FFDDBAEC
FFDDBB14  88000BF4  lbz     r0, 0xBF4
FFDDBB18  7C9D2014  addc    r4, r29, r4
FFDDBB1C  2C800000  cmpwi   cr1, r0, 0x0
FFDDBB20  A81D0004  lha     r0, 0x4(r29)
FFDDBB24  33640002  addic   r27, r4, 0x2
FFDDBB28  30E70004  addic   r7, r7, 0x4
FFDDBB2C  7C003810  subfc   r0, r0, r7
FFDDBB30  3960FFFF  li      r11, -0x1
FFDDBB34  4186000C  beq     cr1, loc_FFDDBB40
FFDDBB38  54AC063E  clrlwi  r12, r5, 24
FFDDBB3C  48000008  b       loc_FFDDBB44
loc_FFDDBB40:
FFDDBB40  54CC063E  clrlwi  r12, r6, 24
loc_FFDDBB44:
FFDDBB44  541F083C  slwi    r31, r0, 1
FFDDBB48  3B400000  li      r26, 0x0
FFDDBB4C  39000001  li      r8, 0x1
FFDDBB50  8122009C  lwz     r9, 0x9C(r2)                       ; TOC[+156] &data+0
FFDDBB54  38800004  li      r4, 0x4
loc_FFDDBB58:
FFDDBB58  895B0001  lbz     r10, 0x1(r27)
FFDDBB5C  301CFFFF  addic   r0, r28, -0x1
FFDDBB60  7F0C5000  cmpw    cr6, r12, r10
FFDDBB64  7D466078  andc    r6, r10, r12
FFDDBB68  2C860000  cmpwi   cr1, r6, 0x0
FFDDBB6C  409A0014  bne     cr6, loc_FFDDBB80
FFDDBB70  3B400001  li      r26, 0x1
FFDDBB74  2C9A0000  cmpwi   cr1, r26, 0x0
FFDDBB78  3BDB0000  addi    r30, r27, 0x0
FFDDBB7C  480000B8  b       loc_FFDDBC34
loc_FFDDBB80:
FFDDBB80  38A00000  li      r5, 0x0
FFDDBB84  7C1C0734  extsh   r28, r0
FFDDBB88  7D002830  slw     r0, r8, r5
FFDDBB8C  4086009C  bne     cr1, loc_FFDDBC28
FFDDBB90  7D400038  and     r0, r10, r0
FFDDBB94  38E00000  li      r7, 0x0
FFDDBB98  7C8903A6  mtspr   CTR, r4
FFDDBB9C  42400050  bdz     loc_FFDDBBEC
FFDDBBA0  48000010  b       loc_FFDDBBB0
loc_FFDDBBA4:
FFDDBBA4  4182000C  beq     loc_FFDDBBB0
FFDDBBA8  7CC930AE  lbzx    r6, r9, r6
FFDDBBAC  7CE63814  addc    r7, r6, r7
loc_FFDDBBB0:
FFDDBBB0  2C000000  cmpwi   cr0, r0, 0x0
FFDDBBB4  30C50001  addic   r6, r5, 0x1
FFDDBBB8  7D003030  slw     r0, r8, r6
FFDDBBBC  7D400038  and     r0, r10, r0
FFDDBBC0  4182000C  beq     loc_FFDDBBCC
FFDDBBC4  7CA928AE  lbzx    r5, r9, r5
FFDDBBC8  7CE53814  addc    r7, r5, r7
loc_FFDDBBCC:
FFDDBBCC  2C000000  cmpwi   cr0, r0, 0x0
FFDDBBD0  30A60001  addic   r5, r6, 0x1
FFDDBBD4  7D002830  slw     r0, r8, r5
FFDDBBD8  7D400038  and     r0, r10, r0
FFDDBBDC  4200FFC8  bdnz    loc_FFDDBBA4
FFDDBBE0  4182000C  beq     loc_FFDDBBEC
FFDDBBE4  7CC930AE  lbzx    r6, r9, r6
FFDDBBE8  7CE63814  addc    r7, r6, r7
loc_FFDDBBEC:
FFDDBBEC  2C000000  cmpwi   cr0, r0, 0x0
FFDDBBF0  30C50001  addic   r6, r5, 0x1
FFDDBBF4  7D003030  slw     r0, r8, r6
FFDDBBF8  7D400038  and     r0, r10, r0
FFDDBBFC  4182000C  beq     loc_FFDDBC08
FFDDBC00  7CA928AE  lbzx    r5, r9, r5
FFDDBC04  7CE53814  addc    r7, r5, r7
loc_FFDDBC08:
FFDDBC08  2C000000  cmpwi   cr0, r0, 0x0
FFDDBC0C  4182000C  beq     loc_FFDDBC18
FFDDBC10  7C0930AE  lbzx    r0, r9, r6
FFDDBC14  7CE03814  addc    r7, r0, r7
loc_FFDDBC18:
FFDDBC18  7C875800  cmpw    cr1, r7, r11
FFDDBC1C  4085000C  ble     cr1, loc_FFDDBC28
FFDDBC20  39670000  addi    r11, r7, 0x0
FFDDBC24  3BDB0000  addi    r30, r27, 0x0
loc_FFDDBC28:
FFDDBC28  2C1C0000  cmpwi   cr0, r28, 0x0
FFDDBC2C  2C9A0000  cmpwi   cr1, r26, 0x0
FFDDBC30  7F7BF814  addc    r27, r27, r31
loc_FFDDBC34:
FFDDBC34  41800008  blt     loc_FFDDBC3C
FFDDBC38  4186FF20  beq     cr1, loc_FFDDBB58
loc_FFDDBC3C:
FFDDBC3C  88DE0001  lbz     r6, 0x1(r30)
FFDDBC40  301E0002  addic   r0, r30, 0x2
FFDDBC44  7C1D0010  subfc   r0, r29, r0
FFDDBC48  BB41FFE8  lmw     r26, -0x18(r1)
FFDDBC4C  90030028  stw     r0, 0x28(r3)
FFDDBC50  98C30022  stb     r6, 0x22(r3)
FFDDBC54  38600000  li      r3, 0x0
FFDDBC58  4E800020  blr

sub_FFDDBC5C:
FFDDBC5C  BE61FFCC  stmw    r19, -0x34(r1)
FFDDBC60  AAC00A5A  lha     r22, 0xA5A                         ; R low memory CurMap ($A5A)
FFDDBC64  7C940734  extsh   r20, r4
FFDDBC68  7CBB0734  extsh   r27, r5
FFDDBC6C  54D5063E  clrlwi  r21, r6, 24
FFDDBC70  38940000  addi    r4, r20, 0x0
FFDDBC74  7C0802A6  mfspr   r0, LR
FFDDBC78  3B480000  addi    r26, r8, 0x0
FFDDBC7C  90010008  stw     r0, 0x8(r1)
FFDDBC80  9421FF70  stwu    r1, -0x90(r1)
FFDDBC84  38D50000  addi    r6, r21, 0x0
FFDDBC88  3B070000  addi    r24, r7, 0x0
FFDDBC8C  3AE30000  addi    r23, r3, 0x0
FFDDBC90  38BB0000  addi    r5, r27, 0x0
FFDDBC94  3101003C  addic   r8, r1, 0x3C
FFDDBC98  31410038  addic   r10, r1, 0x38
FFDDBC9C  38F60000  addi    r7, r22, 0x0
FFDDBCA0  31210040  addic   r9, r1, 0x40
FFDDBCA4  4BFFF9F9  bl      sub_FFDDB69C
FFDDBCA8  7C630735  extsh.  r3, r3
FFDDBCAC  2C830007  cmpwi   cr1, r3, 0x7
FFDDBCB0  41860034  beq     cr1, loc_FFDDBCE4
FFDDBCB4  408202E0  bne     loc_FFDDBF94
FFDDBCB8  80810040  lwz     r4, 0x40(r1)
FFDDBCBC  81810098  lwz     r12, 0x98(r1)
FFDDBCC0  90980000  stw     r4, 0x0(r24)
FFDDBCC4  A8810038  lha     r4, 0x38(r1)
FFDDBCC8  7D8803A6  mtspr   LR, r12
FFDDBCCC  B09A0000  sth     r4, 0x0(r26)
FFDDBCD0  30210090  addic   r1, r1, 0x90
FFDDBCD4  BA81FFD0  lmw     r20, -0x30(r1)
FFDDBCD8  4E800020  blr
loc_FFDDBCDC:
FFDDBCDC  3B3D0000  addi    r25, r29, 0x0
FFDDBCE0  4800020C  b       loc_FFDDBEEC
loc_FFDDBCE4:
FFDDBCE4  80600B2A  lwz     r3, 0xB2A
FFDDBCE8  8081003C  lwz     r4, 0x3C(r1)
FFDDBCEC  80630000  lwz     r3, 0x0(r3)
FFDDBCF0  80840000  lwz     r4, 0x0(r4)
FFDDBCF4  88630436  lbz     r3, 0x436(r3)
FFDDBCF8  AB840034  lha     r28, 0x34(r4)
FFDDBCFC  2F830000  cmpwi   cr7, r3, 0x0
FFDDBD00  2C1C0000  cmpwi   cr0, r28, 0x0
FFDDBD04  33A40036  addic   r29, r4, 0x36
FFDDBD08  409E004C  bne     cr7, loc_FFDDBD54
FFDDBD0C  41800048  blt     loc_FFDDBD54
FFDDBD10  A8A10038  lha     r5, 0x38(r1)
FFDDBD14  4F1C0000  mcrf    cr6, cr7
FFDDBD18  A81D0000  lha     r0, 0x0(r29)
FFDDBD1C  307D0006  addic   r3, r29, 0x6
FFDDBD20  7C002800  cmpw    r0, r5
FFDDBD24  309CFFFF  addic   r4, r28, -0x1
loc_FFDDBD28:
FFDDBD28  41820054  beq     loc_FFDDBD7C
FFDDBD2C  3BA30000  addi    r29, r3, 0x0
FFDDBD30  7C9C0734  extsh   r28, r4
FFDDBD34  409A0048  bne     cr6, loc_FFDDBD7C
FFDDBD38  2C9C0000  cmpwi   cr1, r28, 0x0
FFDDBD3C  309CFFFF  addic   r4, r28, -0x1
FFDDBD40  307D0006  addic   r3, r29, 0x6
FFDDBD44  41840014  blt     cr1, loc_FFDDBD58
FFDDBD48  A81D0000  lha     r0, 0x0(r29)
FFDDBD4C  7C002800  cmpw    r0, r5
FFDDBD50  4BFFFFD8  b       loc_FFDDBD28
loc_FFDDBD54:
FFDDBD54  4F1C0000  mcrf    cr6, cr7
loc_FFDDBD58:
FFDDBD58  409A0024  bne     cr6, loc_FFDDBD7C
loc_FFDDBD5C:
FFDDBD5C  B2C00A5A  sth     r22, 0xA5A                         ; W low memory CurMap ($A5A)
FFDDBD60  38740000  addi    r3, r20, 0x0
FFDDBD64  389B0000  addi    r4, r27, 0x0
FFDDBD68  38B80000  addi    r5, r24, 0x0
FFDDBD6C  38DA0000  addi    r6, r26, 0x0
FFDDBD70  4BFFF721  bl      sub_FFDDB490
FFDDBD74  7C630734  extsh   r3, r3
FFDDBD78  48000208  b       loc_FFDDBF80
loc_FFDDBD7C:
FFDDBD7C  2C1C0000  cmpwi   cr0, r28, 0x0
FFDDBD80  3BC0FFFE  li      r30, -0x2
FFDDBD84  41800168  blt     loc_FFDDBEEC
FFDDBD88  3A600000  li      r19, 0x0
FFDDBD8C  393D0000  addi    r9, r29, 0x0
FFDDBD90  3BE00001  li      r31, 0x1
FFDDBD94  8162009C  lwz     r11, 0x9C(r2)                      ; TOC[+156] &data+0
FFDDBD98  A9410038  lha     r10, 0x38(r1)
FFDDBD9C  39800004  li      r12, 0x4
FFDDBDA0  48000048  b       loc_FFDDBDE8
loc_FFDDBDA4:
FFDDBDA4  419E0038  beq     cr7, loc_FFDDBDDC
FFDDBDA8  3063FFE0  addic   r3, r3, -0x20
FFDDBDAC  54730FFE  srwi    r19, r3, 31
FFDDBDB0  2C130000  cmpwi   cr0, r19, 0x0
FFDDBDB4  40820138  bne     loc_FFDDBEEC
FFDDBDB8  88E90003  lbz     r7, 0x3(r9)
FFDDBDBC  309CFFFF  addic   r4, r28, -0x1
FFDDBDC0  7C87A800  cmpw    cr1, r7, r21
FFDDBDC4  7CE3A879  andc.   r3, r7, r21
FFDDBDC8  4186FF14  beq     cr1, loc_FFDDBCDC
FFDDBDCC  7C9C0734  extsh   r28, r4
FFDDBDD0  301D0006  addic   r0, r29, 0x6
FFDDBDD4  ACA90006  lhau    r5, 0x6(r9)
FFDDBDD8  48000030  b       loc_FFDDBE08
loc_FFDDBDDC:
FFDDBDDC  40820110  bne     loc_FFDDBEEC
FFDDBDE0  2C130000  cmpwi   cr0, r19, 0x0
FFDDBDE4  40820108  bne     loc_FFDDBEEC
loc_FFDDBDE8:
FFDDBDE8  88E90003  lbz     r7, 0x3(r9)
FFDDBDEC  309CFFFF  addic   r4, r28, -0x1
FFDDBDF0  7C87A800  cmpw    cr1, r7, r21
FFDDBDF4  7CE3A879  andc.   r3, r7, r21
FFDDBDF8  4186FEE4  beq     cr1, loc_FFDDBCDC
FFDDBDFC  7C9C0734  extsh   r28, r4
FFDDBE00  301D0006  addic   r0, r29, 0x6
FFDDBE04  ACA90006  lhau    r5, 0x6(r9)
loc_FFDDBE08:
FFDDBE08  408200A4  bne     loc_FFDDBEAC
FFDDBE0C  38800000  li      r4, 0x0
FFDDBE10  7FE32030  slw     r3, r31, r4
FFDDBE14  7CE81838  and     r8, r7, r3
FFDDBE18  38C00000  li      r6, 0x0
FFDDBE1C  7D8903A6  mtspr   CTR, r12
FFDDBE20  42400050  bdz     loc_FFDDBE70
FFDDBE24  48000010  b       loc_FFDDBE34
loc_FFDDBE28:
FFDDBE28  4182000C  beq     loc_FFDDBE34
FFDDBE2C  7C6B18AE  lbzx    r3, r11, r3
FFDDBE30  7CC33014  addc    r6, r3, r6
loc_FFDDBE34:
FFDDBE34  2C080000  cmpwi   cr0, r8, 0x0
FFDDBE38  30640001  addic   r3, r4, 0x1
FFDDBE3C  7FE81830  slw     r8, r31, r3
FFDDBE40  7CE84038  and     r8, r7, r8
FFDDBE44  4182000C  beq     loc_FFDDBE50
FFDDBE48  7C8B20AE  lbzx    r4, r11, r4
FFDDBE4C  7CC43014  addc    r6, r4, r6
loc_FFDDBE50:
FFDDBE50  2C080000  cmpwi   cr0, r8, 0x0
FFDDBE54  30830001  addic   r4, r3, 0x1
FFDDBE58  7FE82030  slw     r8, r31, r4
FFDDBE5C  7CE84038  and     r8, r7, r8
FFDDBE60  4200FFC8  bdnz    loc_FFDDBE28
FFDDBE64  4182000C  beq     loc_FFDDBE70
FFDDBE68  7C6B18AE  lbzx    r3, r11, r3
FFDDBE6C  7CC33014  addc    r6, r3, r6
loc_FFDDBE70:
FFDDBE70  2C080000  cmpwi   cr0, r8, 0x0
FFDDBE74  31040001  addic   r8, r4, 0x1
FFDDBE78  7FE34030  slw     r3, r31, r8
FFDDBE7C  7CE31838  and     r3, r7, r3
FFDDBE80  4182000C  beq     loc_FFDDBE8C
FFDDBE84  7C8B20AE  lbzx    r4, r11, r4
FFDDBE88  7CC43014  addc    r6, r4, r6
loc_FFDDBE8C:
FFDDBE8C  2C030000  cmpwi   cr0, r3, 0x0
FFDDBE90  41820020  beq     loc_FFDDBEB0
FFDDBE94  7C6B40AE  lbzx    r3, r11, r8
FFDDBE98  7C055000  cmpw    r5, r10
FFDDBE9C  7CC33014  addc    r6, r3, r6
FFDDBEA0  7C86F000  cmpw    cr1, r6, r30
FFDDBEA4  2F1C0000  cmpwi   cr6, r28, 0x0
FFDDBEA8  48000014  b       loc_FFDDBEBC
loc_FFDDBEAC:
FFDDBEAC  38C0FFFF  li      r6, -0x1
loc_FFDDBEB0:
FFDDBEB0  7C86F000  cmpw    cr1, r6, r30
FFDDBEB4  7C055000  cmpw    r5, r10
FFDDBEB8  2F1C0000  cmpwi   cr6, r28, 0x0
loc_FFDDBEBC:
FFDDBEBC  7CA30034  cntlzw  r3, r5
FFDDBEC0  4085000C  ble     cr1, loc_FFDDBECC
FFDDBEC4  3BC60000  addi    r30, r6, 0x0
FFDDBEC8  3B3D0000  addi    r25, r29, 0x0
loc_FFDDBECC:
FFDDBECC  33A00000  addic   r29, r0, 0x0
FFDDBED0  4098FED4  bge     cr6, loc_FFDDBDA4
FFDDBED4  419E0010  beq     cr7, loc_FFDDBEE4
FFDDBED8  3063FFE0  addic   r3, r3, -0x20
FFDDBEDC  54730FFE  srwi    r19, r3, 31
FFDDBEE0  48000008  b       loc_FFDDBEE8
loc_FFDDBEE4:
FFDDBEE4  40820008  bne     loc_FFDDBEEC
loc_FFDDBEE8:
FFDDBEE8  2C130000  cmpwi   cr0, r19, 0x0
loc_FFDDBEEC:
FFDDBEEC  A8990004  lha     r4, 0x4(r25)
FFDDBEF0  A8770026  lha     r3, 0x26(r23)
FFDDBEF4  8BD90003  lbz     r30, 0x3(r25)
FFDDBEF8  7C841800  cmpw    cr1, r4, r3
FFDDBEFC  41860048  beq     cr1, loc_FFDDBF44
FFDDBF00  3C600001  lis     r3, 0x0001
FFDDBF04  3063FFFF  addic   r3, r3, -0x1
FFDDBF08  83E10040  lwz     r31, 0x40(r1)
FFDDBF0C  B0600B9E  sth     r3, 0xB9E
FFDDBF10  A8D90004  lha     r6, 0x4(r25)
FFDDBF14  8081003C  lwz     r4, 0x3C(r1)
FFDDBF18  A8A10038  lha     r5, 0x38(r1)
FFDDBF1C  38770000  addi    r3, r23, 0x0
FFDDBF20  30E10040  addic   r7, r1, 0x40
FFDDBF24  4BFFE0A9  bl      sub_FFDD9FCC
FFDDBF28  7C630735  extsh.  r3, r3
FFDDBF2C  4082FE30  bne     loc_FFDDBD5C
FFDDBF30  80610040  lwz     r3, 0x40(r1)
FFDDBF34  2C030000  cmpwi   cr0, r3, 0x0
FFDDBF38  4082000C  bne     loc_FFDDBF44
FFDDBF3C  93E10040  stw     r31, 0x40(r1)
FFDDBF40  8BD70025  lbz     r30, 0x25(r23)
loc_FFDDBF44:
FFDDBF44  888009A9  lbz     r4, 0x9A9                          ; R low memory FOutUnused ($9A9)
FFDDBF48  B2C00A5A  sth     r22, 0xA5A                         ; W low memory CurMap ($A5A)
FFDDBF4C  7C840774  extsb   r4, r4
FFDDBF50  7C84F078  andc    r4, r4, r30
FFDDBF54  988009A9  stb     r4, 0x9A9                          ; W low memory FOutUnused ($9A9)
FFDDBF58  80810040  lwz     r4, 0x40(r1)
FFDDBF5C  38770000  addi    r3, r23, 0x0
FFDDBF60  90980000  stw     r4, 0x0(r24)
FFDDBF64  A8810038  lha     r4, 0x38(r1)
FFDDBF68  38B50000  addi    r5, r21, 0x0
FFDDBF6C  B09A0000  sth     r4, 0x0(r26)
FFDDBF70  38DE0000  addi    r6, r30, 0x0
FFDDBF74  8081003C  lwz     r4, 0x3C(r1)
FFDDBF78  4BFFFB61  bl      sub_FFDDBAD8
FFDDBF7C  7C630734  extsh   r3, r3
loc_FFDDBF80:
FFDDBF80  81810098  lwz     r12, 0x98(r1)
FFDDBF84  30210090  addic   r1, r1, 0x90
FFDDBF88  7D8803A6  mtspr   LR, r12
FFDDBF8C  BA61FFCC  lmw     r19, -0x34(r1)
FFDDBF90  4E800020  blr
loc_FFDDBF94:
FFDDBF94  81810098  lwz     r12, 0x98(r1)
FFDDBF98  30210090  addic   r1, r1, 0x90
FFDDBF9C  7D8803A6  mtspr   LR, r12
FFDDBFA0  BA81FFD0  lmw     r20, -0x30(r1)
FFDDBFA4  4E800020  blr

sub_FFDDBFA8:
FFDDBFA8  BFA1FFF4  stmw    r29, -0xC(r1)
FFDDBFAC  3BE30000  addi    r31, r3, 0x0
FFDDBFB0  A8E00BC6  lha     r7, 0xBC6
FFDDBFB4  3BC40000  addi    r30, r4, 0x0
FFDDBFB8  7C7D0734  extsh   r29, r3
FFDDBFBC  7C07E800  cmpw    r7, r29
FFDDBFC0  7C0802A6  mfspr   r0, LR
FFDDBFC4  80600BC2  lwz     r3, 0xBC2
FFDDBFC8  90010008  stw     r0, 0x8(r1)
FFDDBFCC  9421FFB0  stwu    r1, -0x50(r1)
FFDDBFD0  4082000C  bne     loc_FFDDBFDC
FFDDBFD4  3BA30000  addi    r29, r3, 0x0
FFDDBFD8  480000BC  b       loc_FFDDC094
loc_FFDDBFDC:
FFDDBFDC  88800903  lbz     r4, 0x903
FFDDBFE0  7C840774  extsb   r4, r4
FFDDBFE4  480034ED  bl      glue_HSetState
FFDDBFE8  80410014  lwz     r2, 0x14(r1)
FFDDBFEC  3C800001  lis     r4, 0x0001
FFDDBFF0  3084FFFF  addic   r4, r4, -0x1
FFDDBFF4  3CE0464F  lis     r7, 0x464F
FFDDBFF8  B0800B9E  sth     r4, 0xB9E
FFDDBFFC  30674E44  addic   r3, r7, 0x4E44
FFDDC000  389D0000  addi    r4, r29, 0x0
FFDDC004  480035BD  bl      glue_GetResource
FFDDC008  80410014  lwz     r2, 0x14(r1)
FFDDC00C  3BA30000  addi    r29, r3, 0x0
FFDDC010  2C1D0000  cmpwi   cr0, r29, 0x0
FFDDC014  4082002C  bne     loc_FFDDC040
FFDDC018  8880015E  lbz     r4, 0x15E                          ; R low memory FontFlag ($15E)
FFDDC01C  38600001  li      r3, 0x1
FFDDC020  7C840774  extsb   r4, r4
FFDDC024  2C04FFFF  cmpwi   cr0, r4, 0xFFFF
FFDDC028  40820064  bne     loc_FFDDC08C
FFDDC02C  81810058  lwz     r12, 0x58(r1)
FFDDC030  30210050  addic   r1, r1, 0x50
FFDDC034  7D8803A6  mtspr   LR, r12
FFDDC038  BBA1FFF4  lmw     r29, -0xC(r1)
FFDDC03C  4E800020  blr
loc_FFDDC040:
FFDDC040  809D0000  lwz     r4, 0x0(r29)
FFDDC044  88840000  lbz     r4, 0x0(r4)
FFDDC048  98800986  stb     r4, 0x986                          ; W low memory GotStrike ($986)
FFDDC04C  48003455  bl      glue_HGetState
FFDDC050  80410014  lwz     r2, 0x14(r1)
FFDDC054  98600903  stb     r3, 0x903
FFDDC058  387D0000  addi    r3, r29, 0x0
FFDDC05C  480033FD  bl      glue_HNoPurge
FFDDC060  80410014  lwz     r2, 0x14(r1)
FFDDC064  8880015E  lbz     r4, 0x15E                          ; R low memory FontFlag ($15E)
FFDDC068  38600001  li      r3, 0x1
FFDDC06C  7C840774  extsb   r4, r4
FFDDC070  2C04FFFF  cmpwi   cr0, r4, 0xFFFF
FFDDC074  40820018  bne     loc_FFDDC08C
FFDDC078  81810058  lwz     r12, 0x58(r1)
FFDDC07C  30210050  addic   r1, r1, 0x50
FFDDC080  7D8803A6  mtspr   LR, r12
FFDDC084  BBA1FFF4  lmw     r29, -0xC(r1)
FFDDC088  4E800020  blr
loc_FFDDC08C:
FFDDC08C  B3E00BC6  sth     r31, 0xBC6
FFDDC090  93A00BC2  stw     r29, 0xBC2
loc_FFDDC094:
FFDDC094  81810058  lwz     r12, 0x58(r1)
FFDDC098  93BE0000  stw     r29, 0x0(r30)
FFDDC09C  7D8803A6  mtspr   LR, r12
FFDDC0A0  30210050  addic   r1, r1, 0x50
FFDDC0A4  BBA1FFF4  lmw     r29, -0xC(r1)
FFDDC0A8  38600000  li      r3, 0x0
FFDDC0AC  4E800020  blr

sub_FFDDC0B0:
FFDDC0B0  BFA1FFF4  stmw    r29, -0xC(r1)
FFDDC0B4  80C00B2A  lwz     r6, 0xB2A
FFDDC0B8  3BC30000  addi    r30, r3, 0x0
FFDDC0BC  83A60000  lwz     r29, 0x0(r6)
FFDDC0C0  7C0802A6  mfspr   r0, LR
FFDDC0C4  88DD0436  lbz     r6, 0x436(r29)
FFDDC0C8  90010008  stw     r0, 0x8(r1)
FFDDC0CC  2C060000  cmpwi   cr0, r6, 0x0
FFDDC0D0  5480067E  clrlwi  r0, r4, 25
FFDDC0D4  7D800026  mfcr    r12
FFDDC0D8  91810004  stw     r12, 0x4(r1)
FFDDC0DC  9421FFB0  stwu    r1, -0x50(r1)
FFDDC0E0  3BE50000  addi    r31, r5, 0x0
FFDDC0E4  5484047E  clrlwi  r4, r4, 17
FFDDC0E8  A87E0012  lha     r3, 0x12(r30)
FFDDC0EC  41820010  beq     loc_FFDDC0FC
FFDDC0F0  48003471  bl      glue_FixRatio
FFDDC0F4  80410014  lwz     r2, 0x14(r1)
FFDDC0F8  48000010  b       loc_FFDDC108
loc_FFDDC0FC:
FFDDC0FC  30800000  addic   r4, r0, 0x0
FFDDC100  48003461  bl      glue_FixRatio
FFDDC104  80410014  lwz     r2, 0x14(r1)
loc_FFDDC108:
FFDDC108  2E1F0002  cmpwi   cr4, r31, 0x2
FFDDC10C  90610038  stw     r3, 0x38(r1)
FFDDC110  A89E001E  lha     r4, 0x1E(r30)
FFDDC114  A87E001A  lha     r3, 0x1A(r30)
FFDDC118  40920028  bne     cr4, loc_FFDDC140
FFDDC11C  48003445  bl      glue_FixRatio
FFDDC120  80410014  lwz     r2, 0x14(r1)
FFDDC124  3BE30000  addi    r31, r3, 0x0
FFDDC128  A86009B4  lha     r3, 0x9B4
FFDDC12C  38800050  li      r4, 0x50
FFDDC130  48003431  bl      glue_FixRatio
FFDDC134  80410014  lwz     r2, 0x14(r1)
FFDDC138  38830000  addi    r4, r3, 0x0
FFDDC13C  4800002C  b       loc_FFDDC168
loc_FFDDC140:
FFDDC140  A89E001C  lha     r4, 0x1C(r30)
FFDDC144  A87E0018  lha     r3, 0x18(r30)
FFDDC148  48003419  bl      glue_FixRatio
FFDDC14C  80410014  lwz     r2, 0x14(r1)
FFDDC150  3BE30000  addi    r31, r3, 0x0
FFDDC154  A86009B2  lha     r3, 0x9B2                          ; R low memory FMDotsPerInch ($9B2)
FFDDC158  38800050  li      r4, 0x50
FFDDC15C  48003405  bl      glue_FixRatio
FFDDC160  80410014  lwz     r2, 0x14(r1)
FFDDC164  38830000  addi    r4, r3, 0x0
loc_FFDDC168:
FFDDC168  387F0000  addi    r3, r31, 0x0
FFDDC16C  4800340D  bl      glue_FixMul
FFDDC170  80410014  lwz     r2, 0x14(r1)
FFDDC174  80810038  lwz     r4, 0x38(r1)
FFDDC178  48003401  bl      glue_FixMul
FFDDC17C  80410014  lwz     r2, 0x14(r1)
FFDDC180  88000A63  lbz     r0, 0xA63                          ; R low memory FScaleDisable ($A63)
FFDDC184  30830080  addic   r4, r3, 0x80
FFDDC188  2C000000  cmpwi   cr0, r0, 0x0
FFDDC18C  7C804670  srawi   r0, r4, 0x8
FFDDC190  40920020  bne     cr4, loc_FFDDC1B0
FFDDC194  B00009AC  sth     r0, 0x9AC
FFDDC198  A92009AC  lha     r9, 0x9AC
FFDDC19C  38600100  li      r3, 0x100
FFDDC1A0  38E90000  addi    r7, r9, 0x0
FFDDC1A4  2C870200  cmpwi   cr1, r7, 0x200
FFDDC1A8  B06009B0  sth     r3, 0x9B0
FFDDC1AC  4800001C  b       loc_FFDDC1C8
loc_FFDDC1B0:
FFDDC1B0  B00009AA  sth     r0, 0x9AA                          ; W low memory FOutNumer ($9AA)
FFDDC1B4  A92009AA  lha     r9, 0x9AA                          ; R low memory FOutNumer ($9AA)
FFDDC1B8  38600100  li      r3, 0x100
FFDDC1BC  38E90000  addi    r7, r9, 0x0
FFDDC1C0  2C870200  cmpwi   cr1, r7, 0x200
FFDDC1C4  B06009AE  sth     r3, 0x9AE                          ; W low memory FOutDenom ($9AE)
loc_FFDDC1C8:
FFDDC1C8  38600000  li      r3, 0x0
FFDDC1CC  41820130  beq     loc_FFDDC2FC
FFDDC1D0  3C005555  lis     r0, 0x5555
FFDDC1D4  30C05556  addic   r6, r0, 0x5556
FFDDC1D8  39200100  li      r9, 0x100
FFDDC1DC  4184005C  blt     cr1, loc_FFDDC238
FFDDC1E0  7CE00E70  srawi   r0, r7, 0x1
FFDDC1E4  7C000734  extsh   r0, r0
FFDDC1E8  7C040E70  srawi   r4, r0, 0x1
FFDDC1EC  7C870734  extsh   r7, r4
FFDDC1F0  2C000200  cmpwi   cr0, r0, 0x200
FFDDC1F4  2C870200  cmpwi   cr1, r7, 0x200
FFDDC1F8  39200200  li      r9, 0x200
FFDDC1FC  38800400  li      r4, 0x400
loc_FFDDC200:
FFDDC200  41800034  blt     loc_FFDDC234
FFDDC204  7CE00E70  srawi   r0, r7, 0x1
FFDDC208  7C890734  extsh   r9, r4
FFDDC20C  7C000734  extsh   r0, r0
FFDDC210  41840028  blt     cr1, loc_FFDDC238
FFDDC214  5524083C  slwi    r4, r9, 1
FFDDC218  7C890734  extsh   r9, r4
FFDDC21C  7C040E70  srawi   r4, r0, 0x1
FFDDC220  7C870734  extsh   r7, r4
FFDDC224  2C000200  cmpwi   cr0, r0, 0x200
FFDDC228  2C870200  cmpwi   cr1, r7, 0x200
FFDDC22C  5524083C  slwi    r4, r9, 1
FFDDC230  4BFFFFD0  b       loc_FFDDC200
loc_FFDDC234:
FFDDC234  30E00000  addic   r7, r0, 0x0
loc_FFDDC238:
FFDDC238  2C0700C0  cmpwi   cr0, r7, 0xC0
FFDDC23C  7D200E70  srawi   r0, r9, 0x1
FFDDC240  54E4083C  slwi    r4, r7, 1
FFDDC244  7C000734  extsh   r0, r0
FFDDC248  40800058  bge     loc_FFDDC2A0
FFDDC24C  7C840734  extsh   r4, r4
FFDDC250  5487083C  slwi    r7, r4, 1
FFDDC254  7CE70734  extsh   r7, r7
FFDDC258  2C8400C0  cmpwi   cr1, r4, 0xC0
FFDDC25C  2C0700C0  cmpwi   cr0, r7, 0xC0
FFDDC260  7C090E70  srawi   r9, r0, 0x1
loc_FFDDC264:
FFDDC264  40840034  bge     cr1, loc_FFDDC298
FFDDC268  54E0083C  slwi    r0, r7, 1
FFDDC26C  7D290734  extsh   r9, r9
FFDDC270  7C040734  extsh   r4, r0
FFDDC274  4080002C  bge     loc_FFDDC2A0
FFDDC278  5487083C  slwi    r7, r4, 1
FFDDC27C  7CE70734  extsh   r7, r7
FFDDC280  7D200E70  srawi   r0, r9, 0x1
FFDDC284  7C000734  extsh   r0, r0
FFDDC288  2C8400C0  cmpwi   cr1, r4, 0xC0
FFDDC28C  2C0700C0  cmpwi   cr0, r7, 0xC0
FFDDC290  7C090E70  srawi   r9, r0, 0x1
FFDDC294  4BFFFFD0  b       loc_FFDDC264
loc_FFDDC298:
FFDDC298  31200000  addic   r9, r0, 0x0
FFDDC29C  38E40000  addi    r7, r4, 0x0
loc_FFDDC2A0:
FFDDC2A0  2C070100  cmpwi   cr0, r7, 0x100
FFDDC2A4  40800048  bge     loc_FFDDC2EC
loc_FFDDC2A8:
FFDDC2A8  54E0083C  slwi    r0, r7, 1
FFDDC2AC  7C000734  extsh   r0, r0
FFDDC2B0  5400083C  slwi    r0, r0, 1
FFDDC2B4  7C000734  extsh   r0, r0
FFDDC2B8  7C060096  mulhw   r0, r6, r0
FFDDC2BC  54040FFE  srwi    r4, r0, 31
FFDDC2C0  7C002014  addc    r0, r0, r4
FFDDC2C4  7C070734  extsh   r7, r0
FFDDC2C8  7C094814  addc    r0, r9, r9
FFDDC2CC  7C090014  addc    r0, r9, r0
FFDDC2D0  7C000734  extsh   r0, r0
FFDDC2D4  7C000E70  srawi   r0, r0, 0x1
FFDDC2D8  2C870100  cmpwi   cr1, r7, 0x100
FFDDC2DC  7C000734  extsh   r0, r0
FFDDC2E0  7C000E70  srawi   r0, r0, 0x1
FFDDC2E4  7C090734  extsh   r9, r0
FFDDC2E8  4184FFC0  blt     cr1, loc_FFDDC2A8
loc_FFDDC2EC:
FFDDC2EC  54E0402E  slwi    r0, r7, 8
FFDDC2F0  40920018  bne     cr4, loc_FFDDC308
FFDDC2F4  B12009AC  sth     r9, 0x9AC
FFDDC2F8  48000014  b       loc_FFDDC30C
loc_FFDDC2FC:
FFDDC2FC  38E00100  li      r7, 0x100
FFDDC300  3C000001  lis     r0, 0x0001
FFDDC304  48000008  b       loc_FFDDC30C
loc_FFDDC308:
FFDDC308  B12009AA  sth     r9, 0x9AA                          ; W low memory FOutNumer ($9AA)
loc_FFDDC30C:
FFDDC30C  4092002C  bne     cr4, loc_FFDDC338
FFDDC310  90000BF6  stw     r0, 0xBF6
FFDDC314  81810054  lwz     r12, 0x54(r1)
FFDDC318  80010058  lwz     r0, 0x58(r1)
FFDDC31C  7D808120  mtcrf   0x08, r12
FFDDC320  B0FD042A  sth     r7, 0x42A(r29)
FFDDC324  B13D0426  sth     r9, 0x426(r29)
FFDDC328  30210050  addic   r1, r1, 0x50
FFDDC32C  7C0803A6  mtspr   LR, r0
FFDDC330  BBA1FFF4  lmw     r29, -0xC(r1)
FFDDC334  48000028  b       loc_FFDDC35C
loc_FFDDC338:
FFDDC338  90000BFA  stw     r0, 0xBFA
FFDDC33C  81810054  lwz     r12, 0x54(r1)
FFDDC340  80010058  lwz     r0, 0x58(r1)
FFDDC344  7D808120  mtcrf   0x08, r12
FFDDC348  B0FD0428  sth     r7, 0x428(r29)
FFDDC34C  B13D0424  sth     r9, 0x424(r29)
FFDDC350  7C0803A6  mtspr   LR, r0
FFDDC354  30210050  addic   r1, r1, 0x50
FFDDC358  BBA1FFF4  lmw     r29, -0xC(r1)
loc_FFDDC35C:
FFDDC35C  4E800020  blr

sub_FFDDC360:
FFDDC360  BFA1FFF4  stmw    r29, -0xC(r1)
FFDDC364  7C0802A6  mfspr   r0, LR
FFDDC368  3BE30000  addi    r31, r3, 0x0
FFDDC36C  90010008  stw     r0, 0x8(r1)
FFDDC370  9421FFA0  stwu    r1, -0x60(r1)
FFDDC374  48002765  bl      sub_FFDDEAD8
FFDDC378  4FFFFB82  crmove  crb31, crb31
FFDDC37C  ABDF0010  lha     r30, 0x10(r31)
FFDDC380  307F0010  addic   r3, r31, 0x10
FFDDC384  4BFFD949  bl      sub_FFDD9CCC
FFDDC388  3BA30000  addi    r29, r3, 0x0
FFDDC38C  B3BF002C  sth     r29, 0x2C(r31)
FFDDC390  3081003C  addic   r4, r1, 0x3C
FFDDC394  387E0000  addi    r3, r30, 0x0
FFDDC398  4BFFFC11  bl      sub_FFDDBFA8
FFDDC39C  8001003C  lwz     r0, 0x3C(r1)
FFDDC3A0  7C630735  extsh.  r3, r3
FFDDC3A4  2C800000  cmpwi   cr1, r0, 0x0
FFDDC3A8  7FA50734  extsh   r5, r29
FFDDC3AC  57C0043E  clrlwi  r0, r30, 16
FFDDC3B0  41820018  beq     loc_FFDDC3C8
FFDDC3B4  81810068  lwz     r12, 0x68(r1)
FFDDC3B8  30210060  addic   r1, r1, 0x60
FFDDC3BC  7D8803A6  mtspr   LR, r12
FFDDC3C0  BBA1FFF4  lmw     r29, -0xC(r1)
FFDDC3C4  4E800020  blr
loc_FFDDC3C8:
FFDDC3C8  30E10040  addic   r7, r1, 0x40
FFDDC3CC  31010038  addic   r8, r1, 0x38
FFDDC3D0  387F0000  addi    r3, r31, 0x0
FFDDC3D4  4186002C  beq     cr1, loc_FFDDC400
FFDDC3D8  389E0000  addi    r4, r30, 0x0
FFDDC3DC  88DF0014  lbz     r6, 0x14(r31)
FFDDC3E0  4BFFF87D  bl      sub_FFDDBC5C
FFDDC3E4  7C630735  extsh.  r3, r3
FFDDC3E8  41820068  beq     loc_FFDDC450
FFDDC3EC  81810068  lwz     r12, 0x68(r1)
FFDDC3F0  30210060  addic   r1, r1, 0x60
FFDDC3F4  7D8803A6  mtspr   LR, r12
FFDDC3F8  BBA1FFF4  lmw     r29, -0xC(r1)
FFDDC3FC  480000E8  b       loc_FFDDC4E4
loc_FFDDC400:
FFDDC400  2C800200  cmpwi   cr1, r0, 0x200
FFDDC404  38850000  addi    r4, r5, 0x0
FFDDC408  38C80000  addi    r6, r8, 0x0
FFDDC40C  38A70000  addi    r5, r7, 0x0
FFDDC410  38600001  li      r3, 0x1
FFDDC414  41840018  blt     cr1, loc_FFDDC42C
FFDDC418  81810068  lwz     r12, 0x68(r1)
FFDDC41C  30210060  addic   r1, r1, 0x60
FFDDC420  7D8803A6  mtspr   LR, r12
FFDDC424  BBA1FFF4  lmw     r29, -0xC(r1)
FFDDC428  4E800020  blr
loc_FFDDC42C:
FFDDC42C  387E0000  addi    r3, r30, 0x0
FFDDC430  4BFFF061  bl      sub_FFDDB490
FFDDC434  7C630735  extsh.  r3, r3
FFDDC438  41820018  beq     loc_FFDDC450
FFDDC43C  81810068  lwz     r12, 0x68(r1)
FFDDC440  30210060  addic   r1, r1, 0x60
FFDDC444  7D8803A6  mtspr   LR, r12
FFDDC448  BBA1FFF4  lmw     r29, -0xC(r1)
FFDDC44C  4E800020  blr
loc_FFDDC450:
FFDDC450  80010040  lwz     r0, 0x40(r1)
FFDDC454  80600B2A  lwz     r3, 0xB2A
FFDDC458  9000099A  stw     r0, 0x99A                          ; W low memory TFOutFontHandle ($99A)
FFDDC45C  80C30000  lwz     r6, 0x0(r3)
FFDDC460  80610040  lwz     r3, 0x40(r1)
FFDDC464  88060436  lbz     r0, 0x436(r6)
FFDDC468  2C800000  cmpwi   cr1, r0, 0x0
FFDDC46C  41860028  beq     cr1, loc_FFDDC494
FFDDC470  A8010038  lha     r0, 0x38(r1)
FFDDC474  387F0000  addi    r3, r31, 0x0
FFDDC478  B006042C  sth     r0, 0x42C(r6)
FFDDC47C  80010040  lwz     r0, 0x40(r1)
FFDDC480  38A00001  li      r5, 0x1
FFDDC484  90060400  stw     r0, 0x400(r6)
FFDDC488  A8810038  lha     r4, 0x38(r1)
FFDDC48C  4BFFFC25  bl      sub_FFDDC0B0
FFDDC490  48000030  b       loc_FFDDC4C0
loc_FFDDC494:
FFDDC494  48000245  bl      sub_FFDDC6D8
FFDDC498  80600B2A  lwz     r3, 0xB2A
FFDDC49C  A8010038  lha     r0, 0x38(r1)
FFDDC4A0  80C30000  lwz     r6, 0x0(r3)
FFDDC4A4  387F0000  addi    r3, r31, 0x0
FFDDC4A8  B006042C  sth     r0, 0x42C(r6)
FFDDC4AC  80010040  lwz     r0, 0x40(r1)
FFDDC4B0  38A00001  li      r5, 0x1
FFDDC4B4  90060400  stw     r0, 0x400(r6)
FFDDC4B8  A8810038  lha     r4, 0x38(r1)
FFDDC4BC  4BFFFBF5  bl      sub_FFDDC0B0
loc_FFDDC4C0:
FFDDC4C0  387F0000  addi    r3, r31, 0x0
FFDDC4C4  A8810038  lha     r4, 0x38(r1)
FFDDC4C8  38A00002  li      r5, 0x2
FFDDC4CC  4BFFFBE5  bl      sub_FFDDC0B0
FFDDC4D0  81810068  lwz     r12, 0x68(r1)
FFDDC4D4  30210060  addic   r1, r1, 0x60
FFDDC4D8  38600000  li      r3, 0x0
FFDDC4DC  7D8803A6  mtspr   LR, r12
FFDDC4E0  BBA1FFF4  lmw     r29, -0xC(r1)
loc_FFDDC4E4:
FFDDC4E4  4E800020  blr

sub_FFDDC4E8:
FFDDC4E8  7C630734  extsh   r3, r3
FFDDC4EC  2C034000  cmpwi   cr0, r3, 0x4000
FFDDC4F0  3063C000  addic   r3, r3, -0x4000
FFDDC4F4d 7C604E70  .ascii  "|`Np8`.."
FFDDC4FC? 4180000C  blt     loc_FFDDC508
FFDDC500? 30600001  addic   r3, r0, 0x1
FFDDC504? 7C630734  extsh   r3, r3
loc_FFDDC508:
FFDDC508? 4E800020  blr

sub_FFDDC50C:
FFDDC50C  BFC1FFF8  stmw    r30, -0x8(r1)
FFDDC510  88C0015E  lbz     r6, 0x15E                          ; R low memory FontFlag ($15E)
FFDDC514  3BE30000  addi    r31, r3, 0x0
FFDDC518  7CC30775  extsb.  r3, r6
FFDDC51C  30630002  addic   r3, r3, 0x2
FFDDC520  7C0802A6  mfspr   r0, LR
FFDDC524  7C660774  extsb   r6, r3
FFDDC528  90010008  stw     r0, 0x8(r1)
FFDDC52C  2C860006  cmpwi   cr1, r6, 0x6
FFDDC530  9421FFB0  stwu    r1, -0x50(r1)
FFDDC534  40800018  bge     loc_FFDDC54C
FFDDC538  480025A1  bl      sub_FFDDEAD8
FFDDC53C  4FFFFB82  crmove  crb31, crb31
FFDDC540  38600000  li      r3, 0x0
FFDDC544  9860015E  stb     r3, 0x15E                          ; W low memory FontFlag ($15E)
FFDDC548  4800016C  b       loc_FFDDC6B4
loc_FFDDC54C:
FFDDC54C  A8FF0010  lha     r7, 0x10(r31)
FFDDC550  9860015E  stb     r3, 0x15E                          ; W low memory FontFlag ($15E)
FFDDC554  40860030  bne     cr1, loc_FFDDC584
FFDDC558  ABC00BA6  lha     r30, 0xBA6
FFDDC55C  387E0000  addi    r3, r30, 0x0
FFDDC560  4BFFFF89  bl      sub_FFDDC4E8
FFDDC564  7C660734  extsh   r6, r3
FFDDC568  38670000  addi    r3, r7, 0x0
FFDDC56C  4BFFFF7D  bl      sub_FFDDC4E8
FFDDC570  7C630734  extsh   r3, r3
FFDDC574  7C061800  cmpw    r6, r3
FFDDC578  387F0000  addi    r3, r31, 0x0
FFDDC57C  40820118  bne     loc_FFDDC694
FFDDC580  48000134  b       loc_FFDDC6B4
loc_FFDDC584:
FFDDC584  2C060002  cmpwi   cr0, r6, 0x2
FFDDC588  2F860008  cmpwi   cr7, r6, 0x8
FFDDC58C  2F060004  cmpwi   cr6, r6, 0x4
FFDDC590  40850034  ble     cr1, loc_FFDDC5C4
FFDDC594  2C06000A  cmpwi   cr0, r6, 0xA
FFDDC598  419E0108  beq     cr7, loc_FFDDC6A0
FFDDC59C  41820104  beq     loc_FFDDC6A0
FFDDC5A0  81810058  lwz     r12, 0x58(r1)
FFDDC5A4  A8DF0002  lha     r6, 0x2(r31)
FFDDC5A8  B3DF0010  sth     r30, 0x10(r31)
FFDDC5AC  B0DF0012  sth     r6, 0x12(r31)
FFDDC5B0  7D8803A6  mtspr   LR, r12
FFDDC5B4  30210050  addic   r1, r1, 0x50
FFDDC5B8  BBC1FFF8  lmw     r30, -0x8(r1)
FFDDC5BC  38600000  li      r3, 0x0
FFDDC5C0  4E800020  blr
loc_FFDDC5C4:
FFDDC5C4  41820084  beq     loc_FFDDC648
FFDDC5C8  38670000  addi    r3, r7, 0x0
FFDDC5CC  419A0028  beq     cr6, loc_FFDDC5F4
FFDDC5D0  81810058  lwz     r12, 0x58(r1)
FFDDC5D4  A8DF0002  lha     r6, 0x2(r31)
FFDDC5D8  B3DF0010  sth     r30, 0x10(r31)
FFDDC5DC  B0DF0012  sth     r6, 0x12(r31)
FFDDC5E0  7D8803A6  mtspr   LR, r12
FFDDC5E4  30210050  addic   r1, r1, 0x50
FFDDC5E8  BBC1FFF8  lmw     r30, -0x8(r1)
FFDDC5EC  38600000  li      r3, 0x0
FFDDC5F0  4E800020  blr
loc_FFDDC5F4:
FFDDC5F4  4BFFFEF5  bl      sub_FFDDC4E8
FFDDC5F8  7C630735  extsh.  r3, r3
FFDDC5FC  38670000  addi    r3, r7, 0x0
FFDDC600  3BC00003  li      r30, 0x3
FFDDC604  40820028  bne     loc_FFDDC62C
FFDDC608  81810058  lwz     r12, 0x58(r1)
FFDDC60C  A8DF0002  lha     r6, 0x2(r31)
FFDDC610  B3DF0010  sth     r30, 0x10(r31)
FFDDC614  B0DF0012  sth     r6, 0x12(r31)
FFDDC618  7D8803A6  mtspr   LR, r12
FFDDC61C  30210050  addic   r1, r1, 0x50
FFDDC620  BBC1FFF8  lmw     r30, -0x8(r1)
FFDDC624  38600000  li      r3, 0x0
FFDDC628  4E800020  blr
loc_FFDDC62C:
FFDDC62C  48003175  bl      glue_Font2RealScript
FFDDC630  80410014  lwz     r2, 0x14(r1)
FFDDC634  3880000C  li      r4, 0xC
FFDDC638  48003181  bl      glue_GetScript
FFDDC63C  80410014  lwz     r2, 0x14(r1)
FFDDC640  7C7E0734  extsh   r30, r3
FFDDC644  48000070  b       loc_FFDDC6B4
loc_FFDDC648:
FFDDC648  ABC00984  lha     r30, 0x984                         ; R low memory ApFontID ($984)
FFDDC64C  387E0000  addi    r3, r30, 0x0
FFDDC650  4BFFFE99  bl      sub_FFDDC4E8
FFDDC654  7C660734  extsh   r6, r3
FFDDC658  38670000  addi    r3, r7, 0x0
FFDDC65C  4BFFFE8D  bl      sub_FFDDC4E8
FFDDC660  7C630734  extsh   r3, r3
FFDDC664  7C061800  cmpw    r6, r3
FFDDC668  387F0000  addi    r3, r31, 0x0
FFDDC66C  40820028  bne     loc_FFDDC694
FFDDC670  81810058  lwz     r12, 0x58(r1)
FFDDC674  A8DF0002  lha     r6, 0x2(r31)
FFDDC678  B3DF0010  sth     r30, 0x10(r31)
FFDDC67C  B0DF0012  sth     r6, 0x12(r31)
FFDDC680  7D8803A6  mtspr   LR, r12
FFDDC684  30210050  addic   r1, r1, 0x50
FFDDC688  BBC1FFF8  lmw     r30, -0x8(r1)
FFDDC68C  38600000  li      r3, 0x0
FFDDC690  4E800020  blr
loc_FFDDC694:
FFDDC694  4BFFFE79  bl      sub_FFDDC50C
FFDDC698  7C630734  extsh   r3, r3
FFDDC69C  48000028  b       loc_FFDDC6C4
loc_FFDDC6A0:
FFDDC6A0  A8600A5A  lha     r3, 0xA5A                          ; R low memory CurMap ($A5A)
FFDDC6A4  3BC00000  li      r30, 0x0
FFDDC6A8  B07F0020  sth     r3, 0x20(r31)
FFDDC6AC  A8600A58  lha     r3, 0xA58                          ; R low memory SysMap ($A58)
FFDDC6B0  B0600A5A  sth     r3, 0xA5A                          ; W low memory CurMap ($A5A)
loc_FFDDC6B4:
FFDDC6B4  A8DF0002  lha     r6, 0x2(r31)
FFDDC6B8  B3DF0010  sth     r30, 0x10(r31)
FFDDC6BC  38600000  li      r3, 0x0
FFDDC6C0  B0DF0012  sth     r6, 0x12(r31)
loc_FFDDC6C4:
FFDDC6C4  81810058  lwz     r12, 0x58(r1)
FFDDC6C8  30210050  addic   r1, r1, 0x50
FFDDC6CC  7D8803A6  mtspr   LR, r12
FFDDC6D0  BBC1FFF8  lmw     r30, -0x8(r1)
FFDDC6D4  4E800020  blr

sub_FFDDC6D8:
FFDDC6D8  BE61FFCC  stmw    r19, -0x34(r1)
FFDDC6DC  3FE00001  lis     r31, 0x0001
FFDDC6E0  7C0802A6  mfspr   r0, LR
FFDDC6E4  3A800000  li      r20, 0x0
FFDDC6E8  90010008  stw     r0, 0x8(r1)
FFDDC6EC  9421FF40  stwu    r1, -0xC0(r1)
FFDDC6F0  3BA30000  addi    r29, r3, 0x0
FFDDC6F4  3C000000  lis     r0, 0x0000
FFDDC6F8  60008000  ori     r0, r0, 0x8000
FFDDC6FC  B001003A  sth     r0, 0x3A(r1)
FFDDC700  301FC000  addic   r0, r31, -0x4000
FFDDC704  B001003C  sth     r0, 0x3C(r1)
FFDDC708  301FE000  addic   r0, r31, -0x2000
FFDDC70C  B001003E  sth     r0, 0x3E(r1)
FFDDC710  301FF000  addic   r0, r31, -0x1000
FFDDC714  B0010040  sth     r0, 0x40(r1)
FFDDC718  301FF800  addic   r0, r31, -0x800
FFDDC71C  B0010042  sth     r0, 0x42(r1)
FFDDC720  301FFC00  addic   r0, r31, -0x400
FFDDC724  B0010044  sth     r0, 0x44(r1)
FFDDC728  301FFE00  addic   r0, r31, -0x200
FFDDC72C  B0010046  sth     r0, 0x46(r1)
FFDDC730  301FFF00  addic   r0, r31, -0x100
FFDDC734  B0010048  sth     r0, 0x48(r1)
FFDDC738  301FFF80  addic   r0, r31, -0x80
FFDDC73C  B001004A  sth     r0, 0x4A(r1)
FFDDC740  B2810038  sth     r20, 0x38(r1)
FFDDC744  301FFFC0  addic   r0, r31, -0x40
FFDDC748  B001004C  sth     r0, 0x4C(r1)
FFDDC74C  301FFFE0  addic   r0, r31, -0x20
FFDDC750  B001004E  sth     r0, 0x4E(r1)
FFDDC754  315FFFF0  addic   r10, r31, -0x10
FFDDC758  311FFFFF  addic   r8, r31, -0x1
FFDDC75C  30FFFFF8  addic   r7, r31, -0x8
FFDDC760  307FFFFC  addic   r3, r31, -0x4
FFDDC764  313FFFFE  addic   r9, r31, -0x2
FFDDC768  38A01FFF  li      r5, 0x1FFF
FFDDC76C  3BC00FFF  li      r30, 0xFFF
FFDDC770  39807FFF  li      r12, 0x7FFF
FFDDC774  39603FFF  li      r11, 0x3FFF
FFDDC778  3BE007FF  li      r31, 0x7FF
FFDDC77C  380003FF  li      r0, 0x3FF
FFDDC780  388001FF  li      r4, 0x1FF
FFDDC784  38C000FF  li      r6, 0xFF
FFDDC788  B1410050  sth     r10, 0x50(r1)
FFDDC78C  B0E10052  sth     r7, 0x52(r1)
FFDDC790  B0610054  sth     r3, 0x54(r1)
FFDDC794  B1210056  sth     r9, 0x56(r1)
FFDDC798  B101005A  sth     r8, 0x5A(r1)
FFDDC79C  B181005C  sth     r12, 0x5C(r1)
FFDDC7A0  B161005E  sth     r11, 0x5E(r1)
FFDDC7A4  B0A10060  sth     r5, 0x60(r1)
FFDDC7A8  B3C10062  sth     r30, 0x62(r1)
FFDDC7AC  B3E10064  sth     r31, 0x64(r1)
FFDDC7B0  B0010066  sth     r0, 0x66(r1)
FFDDC7B4  83FD0000  lwz     r31, 0x0(r29)
FFDDC7B8  3800007F  li      r0, 0x7F
FFDDC7BC  A8FF0000  lha     r7, 0x0(r31)
FFDDC7C0  B001006C  sth     r0, 0x6C(r1)
FFDDC7C4  3800003F  li      r0, 0x3F
FFDDC7C8  7CE01120  mtcrf   0x01, r7
FFDDC7CC  B0810068  sth     r4, 0x68(r1)
FFDDC7D0  B0C1006A  sth     r6, 0x6A(r1)
FFDDC7D4  B001006E  sth     r0, 0x6E(r1)
FFDDC7D8  3880001F  li      r4, 0x1F
FFDDC7DC  3800000F  li      r0, 0xF
FFDDC7E0  3BC00007  li      r30, 0x7
FFDDC7E4  38C00003  li      r6, 0x3
FFDDC7E8  38A00001  li      r5, 0x1
FFDDC7EC  B1010058  sth     r8, 0x58(r1)
FFDDC7F0  B0810070  sth     r4, 0x70(r1)
FFDDC7F4  B0010072  sth     r0, 0x72(r1)
FFDDC7F8  B3C10074  sth     r30, 0x74(r1)
FFDDC7FC  B0C10076  sth     r6, 0x76(r1)
FFDDC800  B0A10078  sth     r5, 0x78(r1)
FFDDC804  409F0014  bns     cr7, loc_FFDDC818
loc_FFDDC808:
FFDDC808  38600000  li      r3, 0x0
FFDDC80C  480002D8  b       loc_FFDDCAE4
loc_FFDDC810:
FFDDC810  7FFEF814  addc    r31, r30, r31
FFDDC814  4800005C  b       loc_FFDDC870
loc_FFDDC818:
FFDDC818  A81F0004  lha     r0, 0x4(r31)
FFDDC81C  54F5F77E  extrwi  r21, r7, 3, 27
FFDDC820  ABDF0002  lha     r30, 0x2(r31)
FFDDC824  387F0000  addi    r3, r31, 0x0
FFDDC828  7C1E0010  subfc   r0, r30, r0
FFDDC82C  30000002  addic   r0, r0, 0x2
FFDDC830  7C160734  extsh   r22, r0
FFDDC834  30160001  addic   r0, r22, 0x1
FFDDC838  7C1E0734  extsh   r30, r0
FFDDC83C  4BFFD3C1  bl      sub_FFDD9BFC
FFDDC840  A81F0000  lha     r0, 0x0(r31)
FFDDC844  57DF083C  slwi    r31, r30, 1
FFDDC848  7C001120  mtcrf   0x01, r0
FFDDC84C  38030000  addi    r0, r3, 0x0
FFDDC850  309F0008  addic   r4, r31, 0x8
FFDDC854  30000008  addic   r0, r0, 0x8
FFDDC858  7CBEF814  addc    r5, r30, r31
FFDDC85C  7C832014  addc    r4, r3, r4
FFDDC860  7FDE0010  subfc   r30, r30, r0
FFDDC864  409EFFAC  bne     cr7, loc_FFDDC810
FFDDC868  7FE0F814  addc    r31, r0, r31
FFDDC86C  7C802814  addc    r4, r0, r5
loc_FFDDC870:
FFDDC870  5484083C  slwi    r4, r4, 1
FFDDC874  387D0000  addi    r3, r29, 0x0
FFDDC878  48002BB1  bl      glue_SetHandleSize
FFDDC87C  80410014  lwz     r2, 0x14(r1)
FFDDC880  48002BF1  bl      glue_MemError
FFDDC884  80410014  lwz     r2, 0x14(r1)
FFDDC888  7C600735  extsh.  r0, r3
FFDDC88C  4082FF7C  bne     loc_FFDDC808
FFDDC890  809D0000  lwz     r4, 0x0(r29)
FFDDC894  2F160000  cmpwi   cr6, r22, 0x0
FFDDC898  A8040000  lha     r0, 0x0(r4)
FFDDC89C  AB24000E  lha     r25, 0xE(r4)
FFDDC8A0  60000001  ori     r0, r0, 0x1
FFDDC8A4  B0040000  sth     r0, 0x0(r4)
FFDDC8A8  A8040018  lha     r0, 0x18(r4)
FFDDC8AC  4099FF5C  ble     cr6, loc_FFDDC808
FFDDC8B0  57FF083C  slwi    r31, r31, 1
FFDDC8B4  7FE4F814  addc    r31, r4, r31
FFDDC8B8  7C00A830  slw     r0, r0, r21
FFDDC8BC  331FFFFF  addic   r24, r31, -0x1
FFDDC8C0  7C000734  extsh   r0, r0
FFDDC8C4  57DE083C  slwi    r30, r30, 1
FFDDC8C8  2C990000  cmpwi   cr1, r25, 0x0
FFDDC8CC  33F9FFFF  addic   r31, r25, -0x1
FFDDC8D0  7F80F9D6  mullw   r28, r0, r31
FFDDC8D4  7F44F014  addc    r26, r4, r30
FFDDC8D8  32E4001A  addic   r23, r4, 0x1A
FFDDC8DC  5413083C  slwi    r19, r0, 1
FFDDC8E0  39600000  li      r11, 0x0
FFDDC8E4  3181005A  addic   r12, r1, 0x5A
FFDDC8E8  31210058  addic   r9, r1, 0x58
FFDDC8EC  33610038  addic   r27, r1, 0x38
loc_FFDDC8F0:
FFDDC8F0  A3FA0000  lhz     r31, 0x0(r26)
FFDDC8F4  A41A0002  lhzu    r0, 0x2(r26)
FFDDC8F8  38600000  li      r3, 0x0
FFDDC8FC  7C1F0011  subfc.  r0, r31, r0
FFDDC900  4082001C  bne     loc_FFDDC91C
FFDDC904  33EB0001  addic   r31, r11, 0x1
FFDDC908  57EB043E  clrlwi  r11, r31, 16
FFDDC90C  39400000  li      r10, 0x0
FFDDC910  7F0BB000  cmpw    cr6, r11, r22
FFDDC914  99580001  stb     r10, 0x1(r24)
FFDDC918  480001BC  b       loc_FFDDCAD4
loc_FFDDC91C:
FFDDC91C  7C1DA831  slw.    r29, r0, r21
FFDDC920  394000FF  li      r10, 0xFF
FFDDC924  408101A0  ble     loc_FFDDCAC4
FFDDC928  7FE7A830  slw     r7, r31, r21
loc_FFDDC92C:
FFDDC92C  54FF073E  clrlwi  r31, r7, 28
FFDDC930  23DF0010  subfic  r30, r31, 0x10
FFDDC934  54FF0EFC  clrlslwi r31, r7, 28, 1
FFDDC938  7C0CFA2E  lhzx    r0, r12, r31
FFDDC93C  54FFE8FC  rlwinm  r31, r7, 29, 3, 30
FFDDC940  7FBEE811  subfc.  r29, r30, r29
FFDDC944  7CE7F014  addc    r7, r7, r30
FFDDC948  7CD7F814  addc    r6, r23, r31
FFDDC94C  5408801E  slwi    r8, r0, 16
FFDDC950  57BF083C  slwi    r31, r29, 1
FFDDC954  40800014  bge     loc_FFDDC968
FFDDC958  7FE9FA2E  lhzx    r31, r9, r31
FFDDC95C  7C1FF838  and     r31, r0, r31
FFDDC960  57E8801E  slwi    r8, r31, 16
FFDDC964  4800002C  b       loc_FFDDC990
loc_FFDDC968:
FFDDC968  2F1D0010  cmpwi   cr6, r29, 0x10
FFDDC96C  40810024  ble     loc_FFDDC990
FFDDC970  381D0000  addi    r0, r29, 0x0
FFDDC974  40990008  ble     cr6, loc_FFDDC97C
FFDDC978  38000010  li      r0, 0x10
loc_FFDDC97C:
FFDDC97C  541F083C  slwi    r31, r0, 1
FFDDC980  7FFBFA2E  lhzx    r31, r27, r31
FFDDC984  7CE70014  addc    r7, r7, r0
FFDDC988  7FA0E810  subfc   r29, r0, r29
FFDDC98C  7D08FB78  or      r8, r8, r31
loc_FFDDC990:
FFDDC990  38000000  li      r0, 0x0
FFDDC994  3BC00000  li      r30, 0x0
FFDDC998  408500BC  ble     cr1, loc_FFDDCA54
FFDDC99C  7F14C800  cmpw    cr6, r20, r25
FFDDC9A0  38860000  addi    r4, r6, 0x0
FFDDC9A4  38A00001  li      r5, 0x1
loc_FFDDC9A8:
FFDDC9A8  83E40000  lwz     r31, 0x0(r4)
FFDDC9AC  7D1FF839  and.    r31, r8, r31
FFDDC9B0  41820024  beq     loc_FFDDC9D4
FFDDC9B4  38000001  li      r0, 0x1
FFDDC9B8  2F800000  cmpwi   cr7, r0, 0x0
FFDDC9BC  30BE0001  addic   r5, r30, 0x1
FFDDC9C0  40980094  bge     cr6, loc_FFDDCA54
FFDDC9C4  409E0098  bne     cr7, loc_FFDDCA5C
FFDDC9C8  83E40000  lwz     r31, 0x0(r4)
FFDDC9CC  7D1FF839  and.    r31, r8, r31
FFDDC9D0  48000038  b       loc_FFDDCA08
loc_FFDDC9D4:
FFDDC9D4  3BC50000  addi    r30, r5, 0x0
FFDDC9D8  7F1EC800  cmpw    cr6, r30, r25
FFDDC9DC  7C849814  addc    r4, r4, r19
FFDDC9E0  409A0010  bne     cr6, loc_FFDDC9F0
FFDDC9E4  3BA00000  li      r29, 0x0
FFDDC9E8  39400000  li      r10, 0x0
FFDDC9EC  38600000  li      r3, 0x0
loc_FFDDC9F0:
FFDDC9F0  2F800000  cmpwi   cr7, r0, 0x0
FFDDC9F4  30BE0001  addic   r5, r30, 0x1
FFDDC9F8  4098005C  bge     cr6, loc_FFDDCA54
FFDDC9FC  409E0060  bne     cr7, loc_FFDDCA5C
FFDDCA00  83E40000  lwz     r31, 0x0(r4)
FFDDCA04  7D1FF839  and.    r31, r8, r31
loc_FFDDCA08:
FFDDCA08  4182001C  beq     loc_FFDDCA24
FFDDCA0C  38000001  li      r0, 0x1
FFDDCA10  2F800000  cmpwi   cr7, r0, 0x0
FFDDCA14  30BE0001  addic   r5, r30, 0x1
FFDDCA18  4098003C  bge     cr6, loc_FFDDCA54
FFDDCA1C  419EFF8C  beq     cr7, loc_FFDDC9A8
FFDDCA20  48000038  b       loc_FFDDCA58
loc_FFDDCA24:
FFDDCA24  3BC50000  addi    r30, r5, 0x0
FFDDCA28  7F1EC800  cmpw    cr6, r30, r25
FFDDCA2C  7C849814  addc    r4, r4, r19
FFDDCA30  409A0010  bne     cr6, loc_FFDDCA40
FFDDCA34  3BA00000  li      r29, 0x0
FFDDCA38  39400000  li      r10, 0x0
FFDDCA3C  38600000  li      r3, 0x0
loc_FFDDCA40:
FFDDCA40  2F800000  cmpwi   cr7, r0, 0x0
FFDDCA44  30BE0001  addic   r5, r30, 0x1
FFDDCA48  4098000C  bge     cr6, loc_FFDDCA54
FFDDCA4C  419EFF5C  beq     cr7, loc_FFDDC9A8
FFDDCA50  48000008  b       loc_FFDDCA58
loc_FFDDCA54:
FFDDCA54  2F800000  cmpwi   cr7, r0, 0x0
loc_FFDDCA58:
FFDDCA58  419E0064  beq     cr7, loc_FFDDCABC
loc_FFDDCA5C:
FFDDCA5C  7F1E5000  cmpw    cr6, r30, r10
FFDDCA60  2F940000  cmpwi   cr7, r20, 0x0
FFDDCA64  57C0063E  clrlwi  r0, r30, 24
FFDDCA68  579F083C  slwi    r31, r28, 1
FFDDCA6C  40980008  bge     cr6, loc_FFDDCA74
FFDDCA70  31400000  addic   r10, r0, 0x0
loc_FFDDCA74:
FFDDCA74  7FC6F814  addc    r30, r6, r31
FFDDCA78  83FE0000  lwz     r31, 0x0(r30)
FFDDCA7C  38190000  addi    r0, r25, 0x0
FFDDCA80  7FD3F010  subfc   r30, r19, r30
FFDDCA84  7D1FF839  and.    r31, r8, r31
FFDDCA88  33E0FFFF  addic   r31, r0, -0x1
loc_FFDDCA8C:
FFDDCA8C  40820020  bne     loc_FFDDCAAC
FFDDCA90  381F0000  addi    r0, r31, 0x0
FFDDCA94  409E0018  bne     cr7, loc_FFDDCAAC
FFDDCA98  83FE0000  lwz     r31, 0x0(r30)
FFDDCA9C  7FD3F010  subfc   r30, r19, r30
FFDDCAA0  7D1FF839  and.    r31, r8, r31
FFDDCAA4  33E0FFFF  addic   r31, r0, -0x1
FFDDCAA8  4BFFFFE4  b       loc_FFDDCA8C
loc_FFDDCAAC:
FFDDCAAC  7F001800  cmpw    cr6, r0, r3
FFDDCAB0  541F063E  clrlwi  r31, r0, 24
FFDDCAB4  40990008  ble     cr6, loc_FFDDCABC
FFDDCAB8  387F0000  addi    r3, r31, 0x0
loc_FFDDCABC:
FFDDCABC  2F9D0000  cmpwi   cr7, r29, 0x0
FFDDCAC0  419DFE6C  bgt     cr7, loc_FFDDC92C
loc_FFDDCAC4:
FFDDCAC4  33EB0001  addic   r31, r11, 0x1
FFDDCAC8  57EB043E  clrlwi  r11, r31, 16
FFDDCACC  7F0BB000  cmpw    cr6, r11, r22
FFDDCAD0  99580001  stb     r10, 0x1(r24)
loc_FFDDCAD4:
FFDDCAD4  7FEA1810  subfc   r31, r10, r3
FFDDCAD8  9FF80002  stbu    r31, 0x2(r24)
FFDDCADC  4198FE14  blt     cr6, loc_FFDDC8F0
FFDDCAE0  38600000  li      r3, 0x0
loc_FFDDCAE4:
FFDDCAE4  818100C8  lwz     r12, 0xC8(r1)
FFDDCAE8  302100C0  addic   r1, r1, 0xC0
FFDDCAEC  7D8803A6  mtspr   LR, r12
FFDDCAF0  BA61FFCC  lmw     r19, -0x34(r1)
FFDDCAF4  4E800020  blr

sub_FFDDCAF8:
FFDDCAF8  2C030000  cmpwi   cr0, r3, 0x0
FFDDCAFC  7C0802A6  mfspr   r0, LR
FFDDCB00  9421FFC0  stwu    r1, -0x40(r1)
FFDDCB04  2C850000  cmpwi   cr1, r5, 0x0
FFDDCB08  90010048  stw     r0, 0x48(r1)
FFDDCB0C  4082000C  bne     loc_FFDDCB18
FFDDCB10  30210040  addic   r1, r1, 0x40
FFDDCB14  4E800020  blr
loc_FFDDCB18:
FFDDCB18  7C641814  addc    r3, r4, r3
FFDDCB1C  4086000C  bne     cr1, loc_FFDDCB28
FFDDCB20  30210040  addic   r1, r1, 0x40
FFDDCB24  4E800020  blr
loc_FFDDCB28:
FFDDCB28  80800BF6  lwz     r4, 0xBF6
FFDDCB2C  48002A4D  bl      glue_FixMul
FFDDCB30  80410014  lwz     r2, 0x14(r1)
FFDDCB34  81810048  lwz     r12, 0x48(r1)
FFDDCB38  30210040  addic   r1, r1, 0x40
FFDDCB3C  7D8803A6  mtspr   LR, r12
FFDDCB40  4E800020  blr

sub_FFDDCB44:
FFDDCB44  BFC1FFF8  stmw    r30, -0x8(r1)
FFDDCB48  80800B2A  lwz     r4, 0xB2A
FFDDCB4C  3BE30000  addi    r31, r3, 0x0
FFDDCB50  80640000  lwz     r3, 0x0(r4)
FFDDCB54  7C0802A6  mfspr   r0, LR
FFDDCB58  88C30436  lbz     r6, 0x436(r3)
FFDDCB5C  90010008  stw     r0, 0x8(r1)
FFDDCB60  2C060000  cmpwi   cr0, r6, 0x0
FFDDCB64  9421FFB0  stwu    r1, -0x50(r1)
FFDDCB68  3081003C  addic   r4, r1, 0x3C
FFDDCB6C  3BC00000  li      r30, 0x0
FFDDCB70  4182005C  beq     loc_FFDDCBCC
FFDDCB74  88C30448  lbz     r6, 0x448(r3)
FFDDCB78  30810038  addic   r4, r1, 0x38
FFDDCB7C  2C860000  cmpwi   cr1, r6, 0x0
FFDDCB80  41860020  beq     cr1, loc_FFDDCBA0
FFDDCB84  81810058  lwz     r12, 0x58(r1)
FFDDCB88  93DF0000  stw     r30, 0x0(r31)
FFDDCB8C  7D8803A6  mtspr   LR, r12
FFDDCB90  30210050  addic   r1, r1, 0x50
FFDDCB94  BBC1FFF8  lmw     r30, -0x8(r1)
FFDDCB98  38600000  li      r3, 0x0
FFDDCB9C  4E800020  blr
loc_FFDDCBA0:
FFDDCBA0  A8630430  lha     r3, 0x430(r3)
FFDDCBA4  4BFFD351  bl      sub_FFDD9EF4
FFDDCBA8  80610038  lwz     r3, 0x38(r1)
FFDDCBAC  80800B2A  lwz     r4, 0xB2A
FFDDCBB0  80630000  lwz     r3, 0x0(r3)
FFDDCBB4  80840000  lwz     r4, 0x0(r4)
FFDDCBB8  7C630034  cntlzw  r3, r3
FFDDCBBC  5463D97E  srwi    r3, r3, 5
FFDDCBC0  98640448  stb     r3, 0x448(r4)
FFDDCBC4  93DF0000  stw     r30, 0x0(r31)
FFDDCBC8  480000FC  b       loc_FFDDCCC4
loc_FFDDCBCC:
FFDDCBCC  8060099A  lwz     r3, 0x99A                          ; R low memory TFOutFontHandle ($99A)
FFDDCBD0  90610038  stw     r3, 0x38(r1)
FFDDCBD4  4BFFD78D  bl      sub_FFDDA360
FFDDCBD8  7C630735  extsh.  r3, r3
FFDDCBDC  41820018  beq     loc_FFDDCBF4
FFDDCBE0  81810058  lwz     r12, 0x58(r1)
FFDDCBE4  30210050  addic   r1, r1, 0x50
FFDDCBE8  7D8803A6  mtspr   LR, r12
FFDDCBEC  BBC1FFF8  lmw     r30, -0x8(r1)
FFDDCBF0  4E800020  blr
loc_FFDDCBF4:
FFDDCBF4  88600A63  lbz     r3, 0xA63                          ; R low memory FScaleDisable ($A63)
FFDDCBF8  8081003C  lwz     r4, 0x3C(r1)
FFDDCBFC  2C030000  cmpwi   cr0, r3, 0x0
FFDDCC00  38640000  addi    r3, r4, 0x0
FFDDCC04  40820034  bne     loc_FFDDCC38
FFDDCC08  A8630012  lha     r3, 0x12(r3)
FFDDCC0C  986009A5  stb     r3, 0x9A5                          ; W low memory FOutAscent ($9A5)
FFDDCC10  8061003C  lwz     r3, 0x3C(r1)
FFDDCC14  A8630014  lha     r3, 0x14(r3)
FFDDCC18  986009A6  stb     r3, 0x9A6                          ; W low memory FOutDescent ($9A6)
FFDDCC1C  8061003C  lwz     r3, 0x3C(r1)
FFDDCC20  A8630006  lha     r3, 0x6(r3)
FFDDCC24  986009A7  stb     r3, 0x9A7                          ; W low memory FOutWidMax ($9A7)
FFDDCC28  8061003C  lwz     r3, 0x3C(r1)
FFDDCC2C  A8630016  lha     r3, 0x16(r3)
FFDDCC30  986009A8  stb     r3, 0x9A8                          ; W low memory FOutLeading ($9A8)
FFDDCC34  48000090  b       loc_FFDDCCC4
loc_FFDDCC38:
FFDDCC38  A8840012  lha     r4, 0x12(r4)
FFDDCC3C  80600BFA  lwz     r3, 0xBFA
FFDDCC40  5484801E  slwi    r4, r4, 16
FFDDCC44  48002935  bl      glue_FixMul
FFDDCC48  80410014  lwz     r2, 0x14(r1)
FFDDCC4C  48002945  bl      glue_FixRound
FFDDCC50  80410014  lwz     r2, 0x14(r1)
FFDDCC54  986009A5  stb     r3, 0x9A5                          ; W low memory FOutAscent ($9A5)
FFDDCC58  8081003C  lwz     r4, 0x3C(r1)
FFDDCC5C  80600BFA  lwz     r3, 0xBFA
FFDDCC60  A8840014  lha     r4, 0x14(r4)
FFDDCC64  5484801E  slwi    r4, r4, 16
FFDDCC68  48002911  bl      glue_FixMul
FFDDCC6C  80410014  lwz     r2, 0x14(r1)
FFDDCC70  48002921  bl      glue_FixRound
FFDDCC74  80410014  lwz     r2, 0x14(r1)
FFDDCC78  986009A6  stb     r3, 0x9A6                          ; W low memory FOutDescent ($9A6)
FFDDCC7C  8081003C  lwz     r4, 0x3C(r1)
FFDDCC80  80600BF6  lwz     r3, 0xBF6
FFDDCC84  A8840006  lha     r4, 0x6(r4)
FFDDCC88  5484801E  slwi    r4, r4, 16
FFDDCC8C  480028ED  bl      glue_FixMul
FFDDCC90  80410014  lwz     r2, 0x14(r1)
FFDDCC94  480028FD  bl      glue_FixRound
FFDDCC98  80410014  lwz     r2, 0x14(r1)
FFDDCC9C  986009A7  stb     r3, 0x9A7                          ; W low memory FOutWidMax ($9A7)
FFDDCCA0  8081003C  lwz     r4, 0x3C(r1)
FFDDCCA4  80600BFA  lwz     r3, 0xBFA
FFDDCCA8  A8840016  lha     r4, 0x16(r4)
FFDDCCAC  5484801E  slwi    r4, r4, 16
FFDDCCB0  480028C9  bl      glue_FixMul
FFDDCCB4  80410014  lwz     r2, 0x14(r1)
FFDDCCB8  480028D9  bl      glue_FixRound
FFDDCCBC  80410014  lwz     r2, 0x14(r1)
FFDDCCC0  986009A8  stb     r3, 0x9A8                          ; W low memory FOutLeading ($9A8)
loc_FFDDCCC4:
FFDDCCC4  81810058  lwz     r12, 0x58(r1)
FFDDCCC8  30210050  addic   r1, r1, 0x50
FFDDCCCC  7D8803A6  mtspr   LR, r12
FFDDCCD0  BBC1FFF8  lmw     r30, -0x8(r1)
FFDDCCD4  38600000  li      r3, 0x0
FFDDCCD8  4E800020  blr

sub_FFDDCCDC:
FFDDCCDC  BEE1FFDC  stmw    r23, -0x24(r1)
FFDDCCE0  7C0802A6  mfspr   r0, LR
FFDDCCE4  7D800026  mfcr    r12
FFDDCCE8  91810004  stw     r12, 0x4(r1)
FFDDCCEC  90010008  stw     r0, 0x8(r1)
FFDDCCF0  9421FF40  stwu    r1, -0xC0(r1)
FFDDCCF4  3BA00000  li      r29, 0x0
FFDDCCF8  9BA10064  stb     r29, 0x64(r1)
FFDDCCFC  9BA10065  stb     r29, 0x65(r1)
FFDDCD00  9BA10067  stb     r29, 0x67(r1)
FFDDCD04  9BA10069  stb     r29, 0x69(r1)
FFDDCD08  9BA1006A  stb     r29, 0x6A(r1)
FFDDCD0C  9BA1006B  stb     r29, 0x6B(r1)
FFDDCD10  9BA1006D  stb     r29, 0x6D(r1)
FFDDCD14  9BA1006E  stb     r29, 0x6E(r1)
FFDDCD18  9BA1006F  stb     r29, 0x6F(r1)
FFDDCD1C  9BA10070  stb     r29, 0x70(r1)
FFDDCD20  9BA10071  stb     r29, 0x71(r1)
FFDDCD24  9BA10072  stb     r29, 0x72(r1)
FFDDCD28  9BA10073  stb     r29, 0x73(r1)
FFDDCD2C  9BA10075  stb     r29, 0x75(r1)
FFDDCD30  9BA10076  stb     r29, 0x76(r1)
FFDDCD34  9BA10077  stb     r29, 0x77(r1)
FFDDCD38  9BA10078  stb     r29, 0x78(r1)
FFDDCD3C  9BA10079  stb     r29, 0x79(r1)
FFDDCD40  38000001  li      r0, 0x1
FFDDCD44  98010066  stb     r0, 0x66(r1)
FFDDCD48  38000002  li      r0, 0x2
FFDDCD4C  98010068  stb     r0, 0x68(r1)
FFDDCD50  38000003  li      r0, 0x3
FFDDCD54  9801006C  stb     r0, 0x6C(r1)
FFDDCD58  38000004  li      r0, 0x4
FFDDCD5C  98010074  stb     r0, 0x74(r1)
FFDDCD60  880008F3  lbz     r0, 0x8F3                          ; R low memory DExist ($8F3)
FFDDCD64  9BA1007A  stb     r29, 0x7A(r1)
FFDDCD68  2F800000  cmpwi   cr7, r0, 0x0
FFDDCD6C  3C000001  lis     r0, 0x0001
FFDDCD70  32E0FFFF  addic   r23, r0, -0x1
FFDDCD74  38000005  li      r0, 0x5
FFDDCD78  98010084  stb     r0, 0x84(r1)
FFDDCD7C  9BA1007B  stb     r29, 0x7B(r1)
FFDDCD80  9BA1007C  stb     r29, 0x7C(r1)
FFDDCD84  9BA1007D  stb     r29, 0x7D(r1)
FFDDCD88  9BA1007E  stb     r29, 0x7E(r1)
FFDDCD8C  9BA1007F  stb     r29, 0x7F(r1)
FFDDCD90  9BA10080  stb     r29, 0x80(r1)
FFDDCD94  9BA10081  stb     r29, 0x81(r1)
FFDDCD98  9BA10082  stb     r29, 0x82(r1)
FFDDCD9C  9BA10083  stb     r29, 0x83(r1)
FFDDCDA0  B3A1003A  sth     r29, 0x3A(r1)
FFDDCDA4  B3A1003C  sth     r29, 0x3C(r1)
FFDDCDA8  B3A1003E  sth     r29, 0x3E(r1)
FFDDCDAC  B2E10040  sth     r23, 0x40(r1)
FFDDCDB0  B2E10042  sth     r23, 0x42(r1)
FFDDCDB4  B2E10044  sth     r23, 0x44(r1)
FFDDCDB8  419C0018  blt     cr7, loc_FFDDCDD0
FFDDCDBC  3B230000  addi    r25, r3, 0x0
FFDDCDC0  4BFFCE5D  bl      sub_FFDD9C1C
FFDDCDC4  7C7F0734  extsh   r31, r3
FFDDCDC8  2F9F0001  cmpwi   cr7, r31, 0x1
FFDDCDCC  409E001C  bne     cr7, loc_FFDDCDE8
loc_FFDDCDD0:
FFDDCDD0  38600000  li      r3, 0x0
FFDDCDD4  818100C4  lwz     r12, 0xC4(r1)
FFDDCDD8  800100C8  lwz     r0, 0xC8(r1)
loc_FFDDCDDC:
FFDDCDDC  7D810120  mtcrf   0x10, r12
loc_FFDDCDE0:
FFDDCDE0  302100C0  addic   r1, r1, 0xC0
FFDDCDE4  480003FC  b       loc_FFDDD1E0
loc_FFDDCDE8:
FFDDCDE8  880009A9  lbz     r0, 0x9A9                          ; R low memory FOutUnused ($9A9)
FFDDCDEC  7C000774  extsb   r0, r0
FFDDCDF0  540006F1  rlwinm. r0, r0, 0, 27, 24
FFDDCDF4  4082FFDC  bne     loc_FFDDCDD0
FFDDCDF8  80600B2A  lwz     r3, 0xB2A
FFDDCDFC  80630000  lwz     r3, 0x0(r3)
FFDDCE00  88030436  lbz     r0, 0x436(r3)
FFDDCE04  2F800000  cmpwi   cr7, r0, 0x0
FFDDCE08  409EFFC8  bne     cr7, loc_FFDDCDD0
FFDDCE0C  8060099A  lwz     r3, 0x99A                          ; R low memory TFOutFontHandle ($99A)
FFDDCE10  30810048  addic   r4, r1, 0x48
FFDDCE14  4BFFD54D  bl      sub_FFDDA360
FFDDCE18  7C630735  extsh.  r3, r3
FFDDCE1C  408203B4  bne     loc_FFDDD1D0
FFDDCE20  80610048  lwz     r3, 0x48(r1)
FFDDCE24  30810064  addic   r4, r1, 0x64
FFDDCE28  A8030000  lha     r0, 0x0(r3)
FFDDCE2C  5400A33E  srwi    r0, r0, 12
FFDDCE30  7C001120  mtcrf   0x01, r0
FFDDCE34  419DFF9C  bgt     cr7, loc_FFDDCDD0
FFDDCE38  3061003A  addic   r3, r1, 0x3A
FFDDCE3C  7CA334AA  lswi    r5, r3, 0x6
FFDDCE40  3061004C  addic   r3, r1, 0x4C
FFDDCE44  7CA335AA  stswi   r5, r3, 0x6
FFDDCE48  30610040  addic   r3, r1, 0x40
FFDDCE4C  7CA334AA  lswi    r5, r3, 0x6
FFDDCE50  30610052  addic   r3, r1, 0x52
FFDDCE54  7F84F8AE  lbzx    r28, r4, r31
FFDDCE58  7CA335AA  stswi   r5, r3, 0x6
FFDDCE5C  480026ED  bl      glue_GetQDGlobals
FFDDCE60  80410014  lwz     r2, 0x14(r1)
FFDDCE64  806300CA  lwz     r3, 0xCA(r3)
FFDDCE68  2F830000  cmpwi   cr7, r3, 0x0
FFDDCE6C  A8030048  lha     r0, 0x48(r3)
FFDDCE70  54030776  rlwinm  r3, r0, 0, 29, 27
FFDDCE74  419E003C  beq     cr7, loc_FFDDCEB0
FFDDCE78  7C7B0734  extsh   r27, r3
FFDDCE7C  2C1B0032  cmpwi   cr0, r27, 0x32
FFDDCE80  4182FF50  beq     loc_FFDDCDD0
FFDDCE84  7C002120  mtcrf   0x02, r0
FFDDCE88  576007B8  rlwinm  r0, r27, 0, 30, 28
FFDDCE8C  4C180000  mcrf    cr0, cr6
FFDDCE90  41820024  beq     loc_FFDDCEB4
FFDDCE94  2F800003  cmpwi   cr7, r0, 0x3
FFDDCE98  409E001C  bne     cr7, loc_FFDDCEB4
FFDDCE9C  818100C4  lwz     r12, 0xC4(r1)
FFDDCEA0  38600000  li      r3, 0x0
FFDDCEA4  7D810120  mtcrf   0x10, r12
FFDDCEA8  800100C8  lwz     r0, 0xC8(r1)
FFDDCEAC  4BFFFF34  b       loc_FFDDCDE0
loc_FFDDCEB0:
FFDDCEB0  3B600001  li      r27, 0x1
loc_FFDDCEB4:
FFDDCEB4  83400BC2  lwz     r26, 0xBC2
FFDDCEB8  80600B2A  lwz     r3, 0xB2A
FFDDCEBC  2F9A0000  cmpwi   cr7, r26, 0x0
FFDDCEC0  80E30000  lwz     r7, 0x0(r3)
FFDDCEC4  AB000A5A  lha     r24, 0xA5A                         ; R low memory CurMap ($A5A)
FFDDCEC8  419E0274  beq     cr7, loc_FFDDD13C
FFDDCECC  806002B6  lwz     r3, 0x2B6                          ; R low memory BasicGlob ($2B6)
FFDDCED0  ABC7042C  lha     r30, 0x42C(r7)
FFDDCED4  80630068  lwz     r3, 0x68(r3)
FFDDCED8  88F90014  lbz     r7, 0x14(r25)
FFDDCEDC  80630000  lwz     r3, 0x0(r3)
FFDDCEE0  4CC63242  crset   crb6
FFDDCEE4  A8030098  lha     r0, 0x98(r3)
FFDDCEE8  39800000  li      r12, 0x0
FFDDCEEC  B0000A5A  sth     r0, 0xA5A                          ; W low memory CurMap ($A5A)
FFDDCEF0  809A0000  lwz     r4, 0x0(r26)
FFDDCEF4  3BFC0000  addi    r31, r28, 0x0
FFDDCEF8  A9240034  lha     r9, 0x34(r4)
FFDDCEFC  880009A9  lbz     r0, 0x9A9                          ; R low memory FOutUnused ($9A9)
FFDDCF00  2C090000  cmpwi   cr0, r9, 0x0
FFDDCF04  38600000  li      r3, 0x0
FFDDCF08  41800110  blt     loc_FFDDD018
FFDDCF0C  7C000774  extsb   r0, r0
FFDDCF10  7C003A78  xor     r0, r0, r7
FFDDCF14  2D9D0000  cmpwi   cr3, r29, 0x0
FFDDCF18  540B063E  clrlwi  r11, r0, 24
FFDDCF1C  30840036  addic   r4, r4, 0x36
FFDDCF20  38A00000  li      r5, 0x0
loc_FFDDCF24:
FFDDCF24  A8040000  lha     r0, 0x0(r4)
FFDDCF28  7F80F000  cmpw    cr7, r0, r30
FFDDCF2C  409D00C0  ble     cr7, loc_FFDDCFEC
FFDDCF30  38A00001  li      r5, 0x1
FFDDCF34  2F850000  cmpwi   cr7, r5, 0x0
FFDDCF38  2C090000  cmpwi   cr0, r9, 0x0
FFDDCF3C  408600F4  bne     cr1, loc_FFDDD030
FFDDCF40  409E00D8  bne     cr7, loc_FFDDD018
FFDDCF44  4080FFE0  bge     loc_FFDDCF24
FFDDCF48  408600E8  bne     cr1, loc_FFDDD030
FFDDCF4C  2F8C0000  cmpwi   cr7, r12, 0x0
FFDDCF50  480000D0  b       loc_FFDDD020
loc_FFDDCF54:
FFDDCF54  7F80E000  cmpw    cr7, r0, r28
FFDDCF58  B0E10038  sth     r7, 0x38(r1)
FFDDCF5C  88E10039  lbz     r7, 0x39(r1)
FFDDCF60  409E002C  bne     cr7, loc_FFDDCF8C
FFDDCF64  7F875800  cmpw    cr7, r7, r11
FFDDCF68  409E0024  bne     cr7, loc_FFDDCF8C
FFDDCF6C  38640000  addi    r3, r4, 0x0
FFDDCF70  2C830000  cmpwi   cr1, r3, 0x0
FFDDCF74  2F850000  cmpwi   cr7, r5, 0x0
FFDDCF78  2C090000  cmpwi   cr0, r9, 0x0
FFDDCF7C  408600B4  bne     cr1, loc_FFDDD030
FFDDCF80  409E0098  bne     cr7, loc_FFDDD018
FFDDCF84  4080FFA0  bge     loc_FFDDCF24
FFDDCF88  48000090  b       loc_FFDDD018
loc_FFDDCF8C:
FFDDCF8C  38EA0000  addi    r7, r10, 0x0
FFDDCF90  2F800005  cmpwi   cr7, r0, 0x5
FFDDCF94  7CE90734  extsh   r9, r7
FFDDCF98  4180004C  blt     loc_FFDDCFE4
FFDDCF9C  30000001  addic   r0, r0, 0x1
FFDDCFA0  88E10039  lbz     r7, 0x39(r1)
FFDDCFA4  409C0040  bge     cr7, loc_FFDDCFE4
FFDDCFA8  5400063E  clrlwi  r0, r0, 24
FFDDCFAC  7F80E000  cmpw    cr7, r0, r28
FFDDCFB0  2C000005  cmpwi   cr0, r0, 0x5
FFDDCFB4  7F075800  cmpw    cr6, r7, r11
loc_FFDDCFB8:
FFDDCFB8  409E0008  bne     cr7, loc_FFDDCFC0
FFDDCFBC  419A0024  beq     cr6, loc_FFDDCFE0
loc_FFDDCFC0:
FFDDCFC0  408E0024  bne     cr3, loc_FFDDCFE4
FFDDCFC4  30000001  addic   r0, r0, 0x1
FFDDCFC8  5400063E  clrlwi  r0, r0, 24
FFDDCFCC  40800018  bge     loc_FFDDCFE4
FFDDCFD0  7F075800  cmpw    cr6, r7, r11
FFDDCFD4  7F80E000  cmpw    cr7, r0, r28
FFDDCFD8  2C000005  cmpwi   cr0, r0, 0x5
FFDDCFDC  4BFFFFDC  b       loc_FFDDCFB8
loc_FFDDCFE0:
FFDDCFE0  39840000  addi    r12, r4, 0x0
loc_FFDDCFE4:
FFDDCFE4  30840006  addic   r4, r4, 0x6
FFDDCFE8  4800001C  b       loc_FFDDD004
loc_FFDDCFEC:
FFDDCFEC  A0E40002  lhz     r7, 0x2(r4)
FFDDCFF0  3149FFFF  addic   r10, r9, -0x1
FFDDCFF4  54E0C63F  extrwi. r0, r7, 8, 16
FFDDCFF8  409CFF5C  bge     cr7, loc_FFDDCF54
FFDDCFFC  7D490734  extsh   r9, r10
FFDDD000  30840006  addic   r4, r4, 0x6
loc_FFDDD004:
FFDDD004  2F850000  cmpwi   cr7, r5, 0x0
FFDDD008  2C090000  cmpwi   cr0, r9, 0x0
FFDDD00C  40860024  bne     cr1, loc_FFDDD030
FFDDD010  409E0008  bne     cr7, loc_FFDDD018
FFDDD014  4080FF10  bge     loc_FFDDCF24
loc_FFDDD018:
FFDDD018  40860018  bne     cr1, loc_FFDDD030
FFDDD01C  2F8C0000  cmpwi   cr7, r12, 0x0
loc_FFDDD020:
FFDDD020  419E0010  beq     cr7, loc_FFDDD030
FFDDD024  386C0000  addi    r3, r12, 0x0
FFDDD028  4C9C0000  mcrf    cr1, cr7
FFDDD02C  8BE30002  lbz     r31, 0x2(r3)
loc_FFDDD030:
FFDDD030  93A10058  stw     r29, 0x58(r1)
FFDDD034  418600D0  beq     cr1, loc_FFDDD104
FFDDD038  ABA30004  lha     r29, 0x4(r3)
FFDDD03C  38790000  addi    r3, r25, 0x0
FFDDD040  389A0000  addi    r4, r26, 0x0
FFDDD044  38BE0000  addi    r5, r30, 0x0
FFDDD048  38DD0000  addi    r6, r29, 0x0
FFDDD04C  30E10058  addic   r7, r1, 0x58
FFDDD050  4BFFCF7D  bl      sub_FFDD9FCC
FFDDD054  80010058  lwz     r0, 0x58(r1)
FFDDD058  2F800000  cmpwi   cr7, r0, 0x0
FFDDD05C  409E0060  bne     cr7, loc_FFDDD0BC
FFDDD060  8060099A  lwz     r3, 0x99A                          ; R low memory TFOutFontHandle ($99A)
FFDDD064  3081005C  addic   r4, r1, 0x5C
FFDDD068  4BFFD2F9  bl      sub_FFDDA360
FFDDD06C  7C630735  extsh.  r3, r3
FFDDD070  40820160  bne     loc_FFDDD1D0
FFDDD074  8001005C  lwz     r0, 0x5C(r1)
FFDDD078  9001005C  stw     r0, 0x5C(r1)
FFDDD07C  806002AE  lwz     r3, 0x2AE                          ; R low memory ROMBase ($2AE)
FFDDD080  7F801840  cmplw   cr7, r0, r3
FFDDD084  419C002C  blt     cr7, loc_FFDDD0B0
FFDDD088  B2E00B9E  sth     r23, 0xB9E
FFDDD08C  38790000  addi    r3, r25, 0x0
FFDDD090  389A0000  addi    r4, r26, 0x0
FFDDD094  38BE0000  addi    r5, r30, 0x0
FFDDD098  38DD0000  addi    r6, r29, 0x0
FFDDD09C  30E10058  addic   r7, r1, 0x58
FFDDD0A0  4BFFCF2D  bl      sub_FFDD9FCC
FFDDD0A4  80010058  lwz     r0, 0x58(r1)
FFDDD0A8  2F800000  cmpwi   cr7, r0, 0x0
FFDDD0AC  4800000C  b       loc_FFDDD0B8
loc_FFDDD0B0:
FFDDD0B0  80010058  lwz     r0, 0x58(r1)
FFDDD0B4  2F800000  cmpwi   cr7, r0, 0x0
loc_FFDDD0B8:
FFDDD0B8  419E004C  beq     cr7, loc_FFDDD104
loc_FFDDD0BC:
FFDDD0BC  9000099A  stw     r0, 0x99A                          ; W low memory TFOutFontHandle ($99A)
FFDDD0C0  80610058  lwz     r3, 0x58(r1)
FFDDD0C4  4BFFF615  bl      sub_FFDDC6D8
FFDDD0C8  7C1FE000  cmpw    r31, r28
FFDDD0CC  576006F2  rlwinm  r0, r27, 0, 27, 25
FFDDD0D0  40820040  bne     loc_FFDDD110
FFDDD0D4  80610058  lwz     r3, 0x58(r1)
FFDDD0D8  80630000  lwz     r3, 0x0(r3)
FFDDD0DC  A8630000  lha     r3, 0x0(r3)
FFDDD0E0  5463C23E  srwi    r3, r3, 8
FFDDD0E4  7C601120  mtcrf   0x01, r3
FFDDD0E8  419E0028  beq     cr7, loc_FFDDD110
loc_FFDDD0EC:
FFDDD0EC  818100C4  lwz     r12, 0xC4(r1)
FFDDD0F0  B3000A5A  sth     r24, 0xA5A                         ; W low memory CurMap ($A5A)
FFDDD0F4  7D810120  mtcrf   0x10, r12
FFDDD0F8  38600000  li      r3, 0x0
FFDDD0FC  800100C8  lwz     r0, 0xC8(r1)
FFDDD100  480000DC  b       loc_FFDDD1DC
loc_FFDDD104:
FFDDD104  80600B2A  lwz     r3, 0xB2A
FFDDD108  80E30000  lwz     r7, 0x0(r3)
FFDDD10C  48000030  b       loc_FFDDD13C
loc_FFDDD110:
FFDDD110  7C000734  extsh   r0, r0
FFDDD114  2F800002  cmpwi   cr7, r0, 0x2
FFDDD118  419EFFEC  beq     cr7, loc_FFDDD104
FFDDD11C  3061004C  addic   r3, r1, 0x4C
FFDDD120  480026B1  bl      glue_GetForeColor
FFDDD124  80410014  lwz     r2, 0x14(r1)
FFDDD128  30610052  addic   r3, r1, 0x52
FFDDD12C  480026BD  bl      glue_GetBackColor
FFDDD130  80410014  lwz     r2, 0x14(r1)
FFDDD134  80600B2A  lwz     r3, 0xB2A
FFDDD138  80E30000  lwz     r7, 0x0(r3)
loc_FFDDD13C:
FFDDD13C  A8870430  lha     r4, 0x430(r7)
FFDDD140  38BC0000  addi    r5, r28, 0x0
FFDDD144  A067042E  lhz     r3, 0x42E(r7)
FFDDD148  30C1004C  addic   r6, r1, 0x4C
FFDDD14C  30E10052  addic   r7, r1, 0x52
FFDDD150  4800152D  bl      sub_FFDDE67C
FFDDD154  4FFFFB82  crmove  crb31, crb31
FFDDD158  7C600735  extsh.  r0, r3
FFDDD15C  4182FF90  beq     loc_FFDDD0EC
FFDDD160  389C0000  addi    r4, r28, 0x0
FFDDD164  8060099A  lwz     r3, 0x99A                          ; R low memory TFOutFontHandle ($99A)
FFDDD168  30E10060  addic   r7, r1, 0x60
FFDDD16C  30A1004C  addic   r5, r1, 0x4C
FFDDD170  30C10052  addic   r6, r1, 0x52
FFDDD174  4BFFD4A5  bl      sub_FFDDA618
FFDDD178  7C630735  extsh.  r3, r3
FFDDD17C  41820020  beq     loc_FFDDD19C
FFDDD180  2F830003  cmpwi   cr7, r3, 0x3
FFDDD184  B3000A5A  sth     r24, 0xA5A                         ; W low memory CurMap ($A5A)
FFDDD188  409E0048  bne     cr7, loc_FFDDD1D0
FFDDD18C  38600000  li      r3, 0x0
FFDDD190  818100C4  lwz     r12, 0xC4(r1)
FFDDD194  800100C8  lwz     r0, 0xC8(r1)
FFDDD198  4BFFFC44  b       loc_FFDDCDDC
loc_FFDDD19C:
FFDDD19C  80800B2A  lwz     r4, 0xB2A
FFDDD1A0  80610060  lwz     r3, 0x60(r1)
FFDDD1A4  80840000  lwz     r4, 0x0(r4)
FFDDD1A8  30C1004C  addic   r6, r1, 0x4C
FFDDD1AC  A8A40430  lha     r5, 0x430(r4)
FFDDD1B0  A084042E  lhz     r4, 0x42E(r4)
FFDDD1B4  30E10052  addic   r7, r1, 0x52
FFDDD1B8  48001651  bl      sub_FFDDE808
FFDDD1BC  4FFFFB82  crmove  crb31, crb31
FFDDD1C0  80010060  lwz     r0, 0x60(r1)
FFDDD1C4  B3000A5A  sth     r24, 0xA5A                         ; W low memory CurMap ($A5A)
FFDDD1C8  9000099A  stw     r0, 0x99A                          ; W low memory TFOutFontHandle ($99A)
FFDDD1CC  38600000  li      r3, 0x0
loc_FFDDD1D0:
FFDDD1D0  818100C4  lwz     r12, 0xC4(r1)
FFDDD1D4  800100C8  lwz     r0, 0xC8(r1)
FFDDD1D8  7D810120  mtcrf   0x10, r12
loc_FFDDD1DC:
FFDDD1DC  302100C0  addic   r1, r1, 0xC0
loc_FFDDD1E0:
FFDDD1E0  7C0803A6  mtspr   LR, r0
FFDDD1E4  BAE1FFDC  lmw     r23, -0x24(r1)
FFDDD1E8  4E800020  blr

sub_FFDDD1EC:
FFDDD1EC  7C0802A6  mfspr   r0, LR
FFDDD1F0  93E1FFFC  stw     r31, -0x4(r1)
FFDDD1F4  90010008  stw     r0, 0x8(r1)
FFDDD1F8  3BE40000  addi    r31, r4, 0x0
FFDDD1FC  38000001  li      r0, 0x1
FFDDD200  901F0000  stw     r0, 0x0(r31)
FFDDD204  800008E4  lwz     r0, 0x8E4                          ; R low memory JFontInfo ($8E4)
FFDDD208  9421FFA0  stwu    r1, -0x60(r1)
FFDDD20C  2C000000  cmpwi   cr0, r0, 0x0
FFDDD210  40820224  bne     loc_FFDDD434
FFDDD214  81810068  lwz     r12, 0x68(r1)
FFDDD218  83E1005C  lwz     r31, 0x5C(r1)
FFDDD21C  7D8803A6  mtspr   LR, r12
FFDDD220  38600000  li      r3, 0x0
FFDDD224  30210060  addic   r1, r1, 0x60
FFDDD228  48000234  b       loc_FFDDD45C
loc_FFDDD22C:
FFDDD22C  A8000988  lha     r0, 0x988                          ; R low memory CurFMInput ($988)
FFDDD230  30630010  addic   r3, r3, 0x10
FFDDD234  2C00FFFF  cmpwi   cr0, r0, 0xFFFF
FFDDD238  30810038  addic   r4, r1, 0x38
FFDDD23C  30A1003C  addic   r5, r1, 0x3C
FFDDD240  4082001C  bne     loc_FFDDD25C
FFDDD244  81810068  lwz     r12, 0x68(r1)
FFDDD248  83E1005C  lwz     r31, 0x5C(r1)
FFDDD24C  7D8803A6  mtspr   LR, r12
FFDDD250  30210060  addic   r1, r1, 0x60
FFDDD254  38600000  li      r3, 0x0
FFDDD258  4E800020  blr
loc_FFDDD25C:
FFDDD25C  480019D9  bl      sub_FFDDEC34
FFDDD260  4FFFFB82  crmove  crb31, crb31
FFDDD264  7C600735  extsh.  r0, r3
FFDDD268  2C800008  cmpwi   cr1, r0, 0x8
FFDDD26C  38000000  li      r0, 0x0
FFDDD270  41820028  beq     loc_FFDDD298
FFDDD274  80610038  lwz     r3, 0x38(r1)
FFDDD278  8081003C  lwz     r4, 0x3C(r1)
FFDDD27C  418601A0  beq     cr1, loc_FFDDD41C
FFDDD280  81810068  lwz     r12, 0x68(r1)
FFDDD284  83E1005C  lwz     r31, 0x5C(r1)
FFDDD288  7D8803A6  mtspr   LR, r12
FFDDD28C  30210060  addic   r1, r1, 0x60
FFDDD290  38600000  li      r3, 0x0
FFDDD294  4E800020  blr
loc_FFDDD298:
FFDDD298  901F0000  stw     r0, 0x0(r31)
FFDDD29C  80610038  lwz     r3, 0x38(r1)
FFDDD2A0  A8000BC6  lha     r0, 0xBC6
FFDDD2A4  83E30000  lwz     r31, 0x0(r3)
FFDDD2A8  A87F041C  lha     r3, 0x41C(r31)
FFDDD2AC  7C030000  cmpw    r3, r0
FFDDD2B0  40820044  bne     loc_FFDDD2F4
FFDDD2B4  881F0422  lbz     r0, 0x422(r31)
FFDDD2B8  98000BF5  stb     r0, 0xBF5
FFDDD2BC  881F0423  lbz     r0, 0x423(r31)
FFDDD2C0  980009A9  stb     r0, 0x9A9                          ; W low memory FOutUnused ($9A9)
FFDDD2C4  A81F0424  lha     r0, 0x424(r31)
FFDDD2C8  B00009AA  sth     r0, 0x9AA                          ; W low memory FOutNumer ($9AA)
FFDDD2CC  A81F0426  lha     r0, 0x426(r31)
FFDDD2D0  B00009AC  sth     r0, 0x9AC
FFDDD2D4  A81F042A  lha     r0, 0x42A(r31)
FFDDD2D8  5400402E  slwi    r0, r0, 8
FFDDD2DC  90000BF6  stw     r0, 0xBF6
FFDDD2E0  A81F0428  lha     r0, 0x428(r31)
FFDDD2E4  5400402E  slwi    r0, r0, 8
FFDDD2E8  90000BFA  stw     r0, 0xBFA
FFDDD2EC  801F0400  lwz     r0, 0x400(r31)
FFDDD2F0  48000110  b       loc_FFDDD400
loc_FFDDD2F4:
FFDDD2F4  88000903  lbz     r0, 0x903
FFDDD2F8  80600BC2  lwz     r3, 0xBC2
FFDDD2FC  7C040774  extsb   r4, r0
FFDDD300  480021D1  bl      glue_HSetState
FFDDD304  80410014  lwz     r2, 0x14(r1)
FFDDD308  80610038  lwz     r3, 0x38(r1)
FFDDD30C  4800214D  bl      glue_HNoPurge
FFDDD310  80410014  lwz     r2, 0x14(r1)
FFDDD314  A81F041C  lha     r0, 0x41C(r31)
FFDDD318  30810040  addic   r4, r1, 0x40
FFDDD31C  B0000BC6  sth     r0, 0xBC6
FFDDD320  807F041E  lwz     r3, 0x41E(r31)
FFDDD324  90600BC2  stw     r3, 0xBC2
FFDDD328  807F041E  lwz     r3, 0x41E(r31)
FFDDD32C  2C030000  cmpwi   cr0, r3, 0x0
FFDDD330  40820044  bne     loc_FFDDD374
FFDDD334  881F0422  lbz     r0, 0x422(r31)
FFDDD338  98000BF5  stb     r0, 0xBF5
FFDDD33C  881F0423  lbz     r0, 0x423(r31)
FFDDD340  980009A9  stb     r0, 0x9A9                          ; W low memory FOutUnused ($9A9)
FFDDD344  A81F0424  lha     r0, 0x424(r31)
FFDDD348  B00009AA  sth     r0, 0x9AA                          ; W low memory FOutNumer ($9AA)
FFDDD34C  A81F0426  lha     r0, 0x426(r31)
FFDDD350  B00009AC  sth     r0, 0x9AC
FFDDD354  A81F042A  lha     r0, 0x42A(r31)
FFDDD358  5400402E  slwi    r0, r0, 8
FFDDD35C  90000BF6  stw     r0, 0xBF6
FFDDD360  A81F0428  lha     r0, 0x428(r31)
FFDDD364  5400402E  slwi    r0, r0, 8
FFDDD368  90000BFA  stw     r0, 0xBFA
FFDDD36C  801F0400  lwz     r0, 0x400(r31)
FFDDD370  48000090  b       loc_FFDDD400
loc_FFDDD374:
FFDDD374  4BFFCFED  bl      sub_FFDDA360
FFDDD378  7C630735  extsh.  r3, r3
FFDDD37C  80810040  lwz     r4, 0x40(r1)
FFDDD380  41820018  beq     loc_FFDDD398
FFDDD384  81810068  lwz     r12, 0x68(r1)
FFDDD388  83E1005C  lwz     r31, 0x5C(r1)
FFDDD38C  7D8803A6  mtspr   LR, r12
FFDDD390  30210060  addic   r1, r1, 0x60
FFDDD394  4E800020  blr
loc_FFDDD398:
FFDDD398  88040000  lbz     r0, 0x0(r4)
FFDDD39C  80600BC2  lwz     r3, 0xBC2
FFDDD3A0  98000986  stb     r0, 0x986                          ; W low memory GotStrike ($986)
FFDDD3A4  480020FD  bl      glue_HGetState
FFDDD3A8  80410014  lwz     r2, 0x14(r1)
FFDDD3AC  98600903  stb     r3, 0x903
FFDDD3B0  80600BC2  lwz     r3, 0xBC2
FFDDD3B4  480020A5  bl      glue_HNoPurge
FFDDD3B8  80410014  lwz     r2, 0x14(r1)
FFDDD3BC  80610038  lwz     r3, 0x38(r1)
FFDDD3C0  83E30000  lwz     r31, 0x0(r3)
FFDDD3C4  881F0422  lbz     r0, 0x422(r31)
FFDDD3C8  98000BF5  stb     r0, 0xBF5
FFDDD3CC  881F0423  lbz     r0, 0x423(r31)
FFDDD3D0  980009A9  stb     r0, 0x9A9                          ; W low memory FOutUnused ($9A9)
FFDDD3D4  A81F0424  lha     r0, 0x424(r31)
FFDDD3D8  B00009AA  sth     r0, 0x9AA                          ; W low memory FOutNumer ($9AA)
FFDDD3DC  A81F0426  lha     r0, 0x426(r31)
FFDDD3E0  B00009AC  sth     r0, 0x9AC
FFDDD3E4  A81F042A  lha     r0, 0x42A(r31)
FFDDD3E8  5400402E  slwi    r0, r0, 8
FFDDD3EC  90000BF6  stw     r0, 0xBF6
FFDDD3F0  A81F0428  lha     r0, 0x428(r31)
FFDDD3F4  5400402E  slwi    r0, r0, 8
FFDDD3F8  90000BFA  stw     r0, 0xBFA
FFDDD3FC  801F0400  lwz     r0, 0x400(r31)
loc_FFDDD400:
FFDDD400  9000099A  stw     r0, 0x99A                          ; W low memory TFOutFontHandle ($99A)
FFDDD404  80610038  lwz     r3, 0x38(r1)
FFDDD408  8081003C  lwz     r4, 0x3C(r1)
FFDDD40C  48001F21  bl      sub_FFDDF32C
FFDDD410  4FFFFB82  crmove  crb31, crb31
FFDDD414  38600000  li      r3, 0x0
FFDDD418  48000034  b       loc_FFDDD44C
loc_FFDDD41C:
FFDDD41C  48001F11  bl      sub_FFDDF32C
FFDDD420  4FFFFB82  crmove  crb31, crb31
FFDDD424  480016B5  bl      sub_FFDDEAD8
FFDDD428  4FFFFB82  crmove  crb31, crb31
FFDDD42C  38600000  li      r3, 0x0
FFDDD430  4800001C  b       loc_FFDDD44C
loc_FFDDD434:
FFDDD434  80000B4C  lwz     r0, 0xB4C
FFDDD438  2C00FFFF  cmpwi   cr0, r0, 0xFFFF
FFDDD43C  4082FDF0  bne     loc_FFDDD22C
FFDDD440  48001F69  bl      sub_FFDDF3A8
FFDDD444  4FFFFB82  crmove  crb31, crb31
FFDDD448  38600000  li      r3, 0x0
loc_FFDDD44C:
FFDDD44C  81810068  lwz     r12, 0x68(r1)
FFDDD450  83E1005C  lwz     r31, 0x5C(r1)
FFDDD454  7D8803A6  mtspr   LR, r12
FFDDD458  30210060  addic   r1, r1, 0x60
loc_FFDDD45C:
FFDDD45C  4E800020  blr

sub_FFDDD460:
FFDDD460  BF81FFF0  stmw    r28, -0x10(r1)
FFDDD464  80A00BC2  lwz     r5, 0xBC2
FFDDD468  7C0802A6  mfspr   r0, LR
FFDDD46C  2F050000  cmpwi   cr6, r5, 0x0
FFDDD470  7D800026  mfcr    r12
FFDDD474  91810004  stw     r12, 0x4(r1)
FFDDD478  90010008  stw     r0, 0x8(r1)
FFDDD47C  9421FFB0  stwu    r1, -0x50(r1)
FFDDD480  3BE40000  addi    r31, r4, 0x0
FFDDD484  3BA30000  addi    r29, r3, 0x0
FFDDD488  419A01A0  beq     cr6, loc_FFDDD628
FFDDD48C  88600BB3  lbz     r3, 0xBB3
FFDDD490  8B800986  lbz     r28, 0x986                         ; R low memory GotStrike ($986)
FFDDD494  2C830000  cmpwi   cr1, r3, 0x0
FFDDD498  7F802120  mtcrf   0x02, r28
FFDDD49C  40860010  bne     cr1, loc_FFDDD4AC
FFDDD4A0  A87D0016  lha     r3, 0x16(r29)
FFDDD4A4  5463C63F  extrwi. r3, r3, 8, 16
FFDDD4A8  40820180  bne     loc_FFDDD628
loc_FFDDD4AC:
FFDDD4AC  30810038  addic   r4, r1, 0x38
FFDDD4B0  4C980000  mcrf    cr1, cr6
FFDDD4B4  41860018  beq     cr1, loc_FFDDD4CC
FFDDD4B8  4DCE7242  crset   crb14
FFDDD4BC  41870014  bso     cr1, loc_FFDDD4D0
FFDDD4C0  88600BF4  lbz     r3, 0xBF4
FFDDD4C4  2C830000  cmpwi   cr1, r3, 0x0
FFDDD4C8  40860008  bne     cr1, loc_FFDDD4D0
loc_FFDDD4CC:
FFDDD4CC  4DCE7182  crclr   crb14
loc_FFDDD4D0:
FFDDD4D0  408E0158  bne     cr3, loc_FFDDD628
FFDDD4D4  38650000  addi    r3, r5, 0x0
FFDDD4D8  4BFFCE89  bl      sub_FFDDA360
FFDDD4DC  7C630735  extsh.  r3, r3
FFDDD4E0  80A10038  lwz     r5, 0x38(r1)
FFDDD4E4  40820158  bne     loc_FFDDD63C
FFDDD4E8  A8C50006  lha     r6, 0x6(r5)
FFDDD4EC  3065001C  addic   r3, r5, 0x1C
FFDDD4F0  2C860000  cmpwi   cr1, r6, 0x0
FFDDD4F4  4086000C  bne     cr1, loc_FFDDD500
FFDDD4F8  4DCE7182  crclr   crb14
FFDDD4FC  48000128  b       loc_FFDDD624
loc_FFDDD500:
FFDDD500  88E009A9  lbz     r7, 0x9A9                          ; R low memory FOutUnused ($9A9)
FFDDD504  7F802120  mtcrf   0x02, r28
FFDDD508  80C00B2A  lwz     r6, 0xB2A
FFDDD50C  2C870000  cmpwi   cr1, r7, 0x0
FFDDD510  80C60000  lwz     r6, 0x0(r6)
FFDDD514  4F980000  mcrf    cr7, cr6
FFDDD518  89000BF4  lbz     r8, 0xBF4
FFDDD51C  A8C6042C  lha     r6, 0x42C(r6)
FFDDD520  2F080000  cmpwi   cr6, r8, 0x0
FFDDD524  A8A5001C  lha     r5, 0x1C(r5)
FFDDD528  418600D8  beq     cr1, loc_FFDDD600
FFDDD52C  419D0024  bgt     cr7, loc_FFDDD550
FFDDD530  81000B2A  lwz     r8, 0xB2A
FFDDD534  81080000  lwz     r8, 0x0(r8)
FFDDD538  89080436  lbz     r8, 0x436(r8)
FFDDD53C  2C880000  cmpwi   cr1, r8, 0x0
FFDDD540  40860010  bne     cr1, loc_FFDDD550
FFDDD544  891D0022  lbz     r8, 0x22(r29)
FFDDD548  7CE74078  andc    r7, r7, r8
FFDDD54C  54E7063E  clrlwi  r7, r7, 24
loc_FFDDD550:
FFDDD550  39000004  li      r8, 0x4
FFDDD554  7D0903A6  mtspr   CTR, r8
FFDDD558  39400000  li      r10, 0x0
FFDDD55C  39600001  li      r11, 0x1
FFDDD560  48000020  b       loc_FFDDD580
loc_FFDDD564:
FFDDD564  4182001C  beq     loc_FFDDD580
FFDDD568  5509047E  clrlwi  r9, r8, 17
FFDDD56C  7D2900D0  neg     r9, r9
FFDDD570  41850008  bgt     cr1, loc_FFDDD578
FFDDD574  7D280734  extsh   r8, r9
loc_FFDDD578:
FFDDD578  7CA82814  addc    r5, r8, r5
FFDDD57C  7CA50734  extsh   r5, r5
loc_FFDDD580:
FFDDD580  7D685030  slw     r8, r11, r10
FFDDD584  7CE84039  and.    r8, r7, r8
FFDDD588  312A0001  addic   r9, r10, 0x1
FFDDD58C  7D684830  slw     r8, r11, r9
FFDDD590  7CE84038  and     r8, r7, r8
FFDDD594  AD830002  lhau    r12, 0x2(r3)
FFDDD598  4082001C  bne     loc_FFDDD5B4
FFDDD59C  2C080000  cmpwi   cr0, r8, 0x0
FFDDD5A0  AD030002  lhau    r8, 0x2(r3)
FFDDD5A4  31490001  addic   r10, r9, 0x1
FFDDD5A8  2C888FFF  cmpwi   cr1, r8, 0x8FFF
FFDDD5AC  4200FFB8  bdnz    loc_FFDDD564
FFDDD5B0  48000034  b       loc_FFDDD5E4
loc_FFDDD5B4:
FFDDD5B4  2C8C8FFF  cmpwi   cr1, r12, 0x8FFF
FFDDD5B8  558A047E  clrlwi  r10, r12, 17
FFDDD5BC  7D4A00D0  neg     r10, r10
FFDDD5C0  41850008  bgt     cr1, loc_FFDDD5C8
FFDDD5C4  7D4C0734  extsh   r12, r10
loc_FFDDD5C8:
FFDDD5C8  2C080000  cmpwi   cr0, r8, 0x0
FFDDD5CC  AD030002  lhau    r8, 0x2(r3)
FFDDD5D0  7CAC2814  addc    r5, r12, r5
FFDDD5D4  2C888FFF  cmpwi   cr1, r8, 0x8FFF
FFDDD5D8  7CA50734  extsh   r5, r5
FFDDD5DC  31490001  addic   r10, r9, 0x1
FFDDD5E0  4200FF84  bdnz    loc_FFDDD564
loc_FFDDD5E4:
FFDDD5E4  4182001C  beq     loc_FFDDD600
FFDDD5E8  5509047E  clrlwi  r9, r8, 17
FFDDD5EC  7D2900D0  neg     r9, r9
FFDDD5F0  41850008  bgt     cr1, loc_FFDDD5F8
FFDDD5F4  7D280734  extsh   r8, r9
loc_FFDDD5F8:
FFDDD5F8  7CA82814  addc    r5, r8, r5
FFDDD5FC  7CA50734  extsh   r5, r5
loc_FFDDD600:
FFDDD600  54A32036  slwi    r3, r5, 4
FFDDD604  7FC619D6  mullw   r30, r6, r3
FFDDD608  409A001C  bne     cr6, loc_FFDDD624
FFDDD60C  387E0000  addi    r3, r30, 0x0
FFDDD610  48001F81  bl      glue_FixRound
FFDDD614  80410014  lwz     r2, 0x14(r1)
FFDDD618  7C650774  extsb   r5, r3
FFDDD61C  986009A4  stb     r3, 0x9A4                          ; W low memory FOutExtra ($9A4)
FFDDD620  54BE801E  slwi    r30, r5, 16
loc_FFDDD624:
FFDDD624  418E0010  beq     cr3, loc_FFDDD634
loc_FFDDD628:
FFDDD628  886009A4  lbz     r3, 0x9A4                          ; R low memory FOutExtra ($9A4)
FFDDD62C  7C630774  extsb   r3, r3
FFDDD630  547E801E  slwi    r30, r3, 16
loc_FFDDD634:
FFDDD634  93DF0000  stw     r30, 0x0(r31)
FFDDD638  38600000  li      r3, 0x0
loc_FFDDD63C:
FFDDD63C  81810054  lwz     r12, 0x54(r1)
FFDDD640  80010058  lwz     r0, 0x58(r1)
FFDDD644  7D810120  mtcrf   0x10, r12
FFDDD648  30210050  addic   r1, r1, 0x50
FFDDD64C  BB81FFF0  lmw     r28, -0x10(r1)
FFDDD650  7C0803A6  mtspr   LR, r0
FFDDD654  4E800020  blr

sub_FFDDD658:
FFDDD658  BEE1FFDC  stmw    r23, -0x24(r1)
FFDDD65C  7C0802A6  mfspr   r0, LR
FFDDD660  7D800026  mfcr    r12
FFDDD664  91810004  stw     r12, 0x4(r1)
FFDDD668  90010008  stw     r0, 0x8(r1)
FFDDD66C  9421FF90  stwu    r1, -0x70(r1)
FFDDD670  3BC30000  addi    r30, r3, 0x0
FFDDD674  30810038  addic   r4, r1, 0x38
FFDDD678  4BFFFDE9  bl      sub_FFDDD460
FFDDD67C  7C630735  extsh.  r3, r3
FFDDD680  3B000000  li      r24, 0x0
FFDDD684  40820430  bne     loc_FFDDDAB4
FFDDD688  81200B2A  lwz     r9, 0xB2A
FFDDD68C  38600000  li      r3, 0x0
FFDDD690  81290000  lwz     r9, 0x0(r9)
FFDDD694  A809040C  lha     r0, 0x40C(r9)
FFDDD698  2C00FFFF  cmpwi   cr0, r0, 0xFFFF
FFDDD69C  40820418  bne     loc_FFDDDAB4
FFDDD6A0  93090404  stw     r24, 0x404(r9)
FFDDD6A4  80010038  lwz     r0, 0x38(r1)
FFDDD6A8  89490436  lbz     r10, 0x436(r9)
FFDDD6AC  90090408  stw     r0, 0x408(r9)
FFDDD6B0  A8000BC6  lha     r0, 0xBC6
FFDDD6B4  2C0A0000  cmpwi   cr0, r10, 0x0
FFDDD6B8  B009041C  sth     r0, 0x41C(r9)
FFDDD6BC  80000BC2  lwz     r0, 0xBC2
FFDDD6C0  3081003C  addic   r4, r1, 0x3C
FFDDD6C4  9009041E  stw     r0, 0x41E(r9)
FFDDD6C8  408203EC  bne     loc_FFDDDAB4
FFDDD6CC  8060099A  lwz     r3, 0x99A                          ; R low memory TFOutFontHandle ($99A)
FFDDD6D0  4BFFCC91  bl      sub_FFDDA360
FFDDD6D4  7C630735  extsh.  r3, r3
FFDDD6D8  408203DC  bne     loc_FFDDDAB4
FFDDD6DC  8061003C  lwz     r3, 0x3C(r1)
FFDDD6E0  AB430004  lha     r26, 0x4(r3)
FFDDD6E4  AB630002  lha     r27, 0x2(r3)
FFDDD6E8  7D5BD010  subfc   r10, r27, r26
FFDDD6EC  312A0002  addic   r9, r10, 0x2
FFDDD6F0  4BFFC50D  bl      sub_FFDD9BFC
FFDDD6F4  81800BF6  lwz     r12, 0xBF6
FFDDD6F8  88000BF4  lbz     r0, 0xBF4
FFDDD6FC  3D8CFFFF  addis   r12, r12, 0xFFFF
FFDDD700  39630000  addi    r11, r3, 0x0
FFDDD704  2C800000  cmpwi   cr1, r0, 0x0
FFDDD708  7D8C0034  cntlzw  r12, r12
FFDDD70C  8061003C  lwz     r3, 0x3C(r1)
FFDDD710  300CFFE0  addic   r0, r12, -0x20
FFDDD714  556C083C  slwi    r12, r11, 1
FFDDD718  54000FFF  srwi.   r0, r0, 31
FFDDD71C  31630010  addic   r11, r3, 0x10
FFDDD720  7FAB6014  addc    r29, r11, r12
FFDDD724  80810038  lwz     r4, 0x38(r1)
FFDDD728  38000001  li      r0, 0x1
FFDDD72C  41860038  beq     cr1, loc_FFDDD764
FFDDD730  A9630000  lha     r11, 0x0(r3)
FFDDD734  38000002  li      r0, 0x2
FFDDD738  7D601120  mtcrf   0x01, r11
FFDDD73C  419E0028  beq     cr7, loc_FFDDD764
FFDDD740  88000986  lbz     r0, 0x986                          ; R low memory GotStrike ($986)
FFDDD744  7C002120  mtcrf   0x02, r0
FFDDD748  38000001  li      r0, 0x1
FFDDD74C  4E980000  mcrf    cr5, cr6
FFDDD750  41950014  bgt     cr5, loc_FFDDD764
FFDDD754  817E0028  lwz     r11, 0x28(r30)
FFDDD758  2C8B0000  cmpwi   cr1, r11, 0x0
FFDDD75C  41860008  beq     cr1, loc_FFDDD764
FFDDD760  38000003  li      r0, 0x3
loc_FFDDD764:
FFDDD764  2D000001  cmpwi   cr2, r0, 0x1
FFDDD768  2E000003  cmpwi   cr4, r0, 0x3
FFDDD76C  2D800002  cmpwi   cr3, r0, 0x2
FFDDD770  552B083C  slwi    r11, r9, 1
FFDDD774  418A004C  beq     cr2, loc_FFDDD7C0
FFDDD778  300A0003  addic   r0, r10, 0x3
FFDDD77C  5400083C  slwi    r0, r0, 1
FFDDD780  394B0000  addi    r10, r11, 0x0
FFDDD784  418E0050  beq     cr3, loc_FFDDD7D4
FFDDD788  380B0000  addi    r0, r11, 0x0
FFDDD78C  3120FFFE  addic   r9, r0, -0x2
FFDDD790  40920054  bne     cr4, loc_FFDDD7E4
FFDDD794  81800BC2  lwz     r12, 0xBC2
FFDDD798  81400B2A  lwz     r10, 0xB2A
FFDDD79C  817E0028  lwz     r11, 0x28(r30)
FFDDD7A0  800C0000  lwz     r0, 0x0(r12)
FFDDD7A4  814A0000  lwz     r10, 0x0(r10)
FFDDD7A8  7F2B0014  addc    r25, r11, r0
FFDDD7AC  A80A042C  lha     r0, 0x42C(r10)
FFDDD7B0  7D394AAE  lhax    r9, r25, r9
FFDDD7B4  54002036  slwi    r0, r0, 4
FFDDD7B8  7FE901D6  mullw   r31, r9, r0
FFDDD7BC  48000028  b       loc_FFDDD7E4
loc_FFDDD7C0:
FFDDD7C0  313DFFFF  addic   r9, r29, -0x1
FFDDD7C4  7C0B48AE  lbzx    r0, r11, r9
FFDDD7C8  7C000774  extsb   r0, r0
FFDDD7CC  541F801E  slwi    r31, r0, 16
FFDDD7D0  48000014  b       loc_FFDDD7E4
loc_FFDDD7D4:
FFDDD7D4  7F9D0014  addc    r28, r29, r0
FFDDD7D8  312AFFFE  addic   r9, r10, -0x2
FFDDD7DC  7C1C4AAE  lhax    r0, r28, r9
FFDDD7E0  541F402E  slwi    r31, r0, 8
loc_FFDDD7E4:
FFDDD7E4  387F0000  addi    r3, r31, 0x0
FFDDD7E8  3BC00000  li      r30, 0x0
FFDDD7EC  41820014  beq     loc_FFDDD800
FFDDD7F0  88000A63  lbz     r0, 0xA63                          ; R low memory FScaleDisable ($A63)
FFDDD7F4  2C000000  cmpwi   cr0, r0, 0x0
FFDDD7F8  41820008  beq     loc_FFDDD800
FFDDD7FC  3BC00001  li      r30, 0x1
loc_FFDDD800:
FFDDD800  38BE0000  addi    r5, r30, 0x0
FFDDD804  4BFFF2F5  bl      sub_FFDDCAF8
FFDDD808  81200B2A  lwz     r9, 0xB2A
FFDDD80C  2C1B0000  cmpwi   cr0, r27, 0x0
FFDDD810  81290000  lwz     r9, 0x0(r9)
FFDDD814  7E9BD000  cmpw    cr5, r27, r26
FFDDD818  3AE30000  addi    r23, r3, 0x0
FFDDD81C  3BE90000  addi    r31, r9, 0x0
FFDDD820  40810054  ble     loc_FFDDD874
FFDDD824  315FFFFC  addic   r10, r31, -0x4
FFDDD828  39600001  li      r11, 0x1
FFDDD82C  38000002  li      r0, 0x2
FFDDD830  7C0BD800  cmpw    r11, r27
FFDDD834  7C80D800  cmpw    cr1, r0, r27
FFDDD838  96EA0004  stwu    r23, 0x4(r10)
FFDDD83C  33FF0004  addic   r31, r31, 0x4
loc_FFDDD840:
FFDDD840  40800034  bge     loc_FFDDD874
FFDDD844  96EA0004  stwu    r23, 0x4(r10)
FFDDD848  33FF0004  addic   r31, r31, 0x4
FFDDD84C  30000001  addic   r0, r0, 0x1
FFDDD850  40840024  bge     cr1, loc_FFDDD874
FFDDD854  7C0B0734  extsh   r11, r0
FFDDD858  300B0001  addic   r0, r11, 0x1
FFDDD85C  7C000734  extsh   r0, r0
FFDDD860  7C0BD800  cmpw    r11, r27
FFDDD864  7C80D800  cmpw    cr1, r0, r27
FFDDD868  96EA0004  stwu    r23, 0x4(r10)
FFDDD86C  33FF0004  addic   r31, r31, 0x4
FFDDD870  4BFFFFD0  b       loc_FFDDD840
loc_FFDDD874:
FFDDD874  9B000BF5  stb     r24, 0xBF5
FFDDD878  33BDFFFF  addic   r29, r29, -0x1
FFDDD87C  418A0118  beq     cr2, loc_FFDDD994
FFDDD880  33BCFFFE  addic   r29, r28, -0x2
FFDDD884  4C140000  mcrf    cr0, cr5
FFDDD888  418E0078  beq     cr3, loc_FFDDD900
FFDDD88C  4C940000  mcrf    cr1, cr5
FFDDD890  409201A8  bne     cr4, loc_FFDDDA38
FFDDD894  33B9FFFE  addic   r29, r25, -0x2
FFDDD898  333FFFFC  addic   r25, r31, -0x4
FFDDD89C  41850194  bgt     cr1, loc_FFDDDA30
FFDDD8A0  AC1D0002  lhau    r0, 0x2(r29)
FFDDD8A4  AB89042C  lha     r28, 0x42C(r9)
FFDDD8A8  2C00FFFF  cmpwi   cr0, r0, 0xFFFF
FFDDD8AC  7D20E1D6  mullw   r9, r0, r28
FFDDD8B0  55232036  slwi    r3, r9, 4
FFDDD8B4  80810038  lwz     r4, 0x38(r1)
FFDDD8B8  38BE0000  addi    r5, r30, 0x0
loc_FFDDD8BC:
FFDDD8BC  4082000C  bne     loc_FFDDD8C8
FFDDD8C0  38770000  addi    r3, r23, 0x0
FFDDD8C4  48000008  b       loc_FFDDD8CC
loc_FFDDD8C8:
FFDDD8C8  4BFFF231  bl      sub_FFDDCAF8
loc_FFDDD8CC:
FFDDD8CC  301B0001  addic   r0, r27, 0x1
FFDDD8D0  7C1B0734  extsh   r27, r0
FFDDD8D4  7C9BD000  cmpw    cr1, r27, r26
FFDDD8D8  33FF0004  addic   r31, r31, 0x4
FFDDD8DC  94790004  stwu    r3, 0x4(r25)
FFDDD8E0  AC1D0002  lhau    r0, 0x2(r29)
FFDDD8E4  4185014C  bgt     cr1, loc_FFDDDA30
FFDDD8E8  7D20E1D6  mullw   r9, r0, r28
FFDDD8EC  2C00FFFF  cmpwi   cr0, r0, 0xFFFF
FFDDD8F0  55232036  slwi    r3, r9, 4
FFDDD8F4  80810038  lwz     r4, 0x38(r1)
FFDDD8F8  38BE0000  addi    r5, r30, 0x0
FFDDD8FC  4BFFFFC0  b       loc_FFDDD8BC
loc_FFDDD900:
FFDDD900  339FFFFC  addic   r28, r31, -0x4
FFDDD904  4181012C  bgt     loc_FFDDDA30
FFDDD908  AC1D0002  lhau    r0, 0x2(r29)
loc_FFDDD90C:
FFDDD90C  2C00FFFF  cmpwi   cr0, r0, 0xFFFF
FFDDD910  5403402E  slwi    r3, r0, 8
FFDDD914  80810038  lwz     r4, 0x38(r1)
FFDDD918  38BE0000  addi    r5, r30, 0x0
FFDDD91C  40820010  bne     loc_FFDDD92C
FFDDD920  38770000  addi    r3, r23, 0x0
FFDDD924  301B0001  addic   r0, r27, 0x1
FFDDD928  4800000C  b       loc_FFDDD934
loc_FFDDD92C:
FFDDD92C  4BFFF1CD  bl      sub_FFDDCAF8
FFDDD930  301B0001  addic   r0, r27, 0x1
loc_FFDDD934:
FFDDD934  7C1B0734  extsh   r27, r0
FFDDD938  7C1BD000  cmpw    r27, r26
FFDDD93C  33FF0004  addic   r31, r31, 0x4
FFDDD940  947C0004  stwu    r3, 0x4(r28)
FFDDD944  AC1D0002  lhau    r0, 0x2(r29)
FFDDD948  418100E8  bgt     loc_FFDDDA30
FFDDD94C  2C80FFFF  cmpwi   cr1, r0, 0xFFFF
FFDDD950  5403402E  slwi    r3, r0, 8
FFDDD954  80810038  lwz     r4, 0x38(r1)
FFDDD958  38BE0000  addi    r5, r30, 0x0
FFDDD95C  40860010  bne     cr1, loc_FFDDD96C
FFDDD960  38770000  addi    r3, r23, 0x0
FFDDD964  301B0001  addic   r0, r27, 0x1
FFDDD968  4800000C  b       loc_FFDDD974
loc_FFDDD96C:
FFDDD96C  4BFFF18D  bl      sub_FFDDCAF8
FFDDD970  301B0001  addic   r0, r27, 0x1
loc_FFDDD974:
FFDDD974  7C1B0734  extsh   r27, r0
FFDDD978  7C9BD000  cmpw    cr1, r27, r26
FFDDD97C  33FF0004  addic   r31, r31, 0x4
FFDDD980  947C0004  stwu    r3, 0x4(r28)
FFDDD984  AC1D0002  lhau    r0, 0x2(r29)
FFDDD988  4085FF84  ble     cr1, loc_FFDDD90C
FFDDD98C  38000001  li      r0, 0x1
FFDDD990  480000A4  b       loc_FFDDDA34
loc_FFDDD994:
FFDDD994  339FFFFC  addic   r28, r31, -0x4
FFDDD998  419500A0  bgt     cr5, loc_FFDDDA38
FFDDD99C  8C1D0002  lbzu    r0, 0x2(r29)
loc_FFDDD9A0:
FFDDD9A0  7C000774  extsb   r0, r0
FFDDD9A4  2C00FFFF  cmpwi   cr0, r0, 0xFFFF
FFDDD9A8  5403801E  slwi    r3, r0, 16
FFDDD9AC  80810038  lwz     r4, 0x38(r1)
FFDDD9B0  38BE0000  addi    r5, r30, 0x0
FFDDD9B4  40820010  bne     loc_FFDDD9C4
FFDDD9B8  38770000  addi    r3, r23, 0x0
FFDDD9BC  301B0001  addic   r0, r27, 0x1
FFDDD9C0  4800000C  b       loc_FFDDD9CC
loc_FFDDD9C4:
FFDDD9C4  4BFFF135  bl      sub_FFDDCAF8
FFDDD9C8  301B0001  addic   r0, r27, 0x1
loc_FFDDD9CC:
FFDDD9CC  7C1B0734  extsh   r27, r0
FFDDD9D0  7C1BD000  cmpw    r27, r26
FFDDD9D4  33FF0004  addic   r31, r31, 0x4
FFDDD9D8  947C0004  stwu    r3, 0x4(r28)
FFDDD9DC  8C1D0002  lbzu    r0, 0x2(r29)
FFDDD9E0  41810058  bgt     loc_FFDDDA38
FFDDD9E4  7C000774  extsb   r0, r0
FFDDD9E8  2C80FFFF  cmpwi   cr1, r0, 0xFFFF
FFDDD9EC  5403801E  slwi    r3, r0, 16
FFDDD9F0  80810038  lwz     r4, 0x38(r1)
FFDDD9F4  38BE0000  addi    r5, r30, 0x0
FFDDD9F8  40860010  bne     cr1, loc_FFDDDA08
FFDDD9FC  38770000  addi    r3, r23, 0x0
FFDDDA00  301B0001  addic   r0, r27, 0x1
FFDDDA04  4800000C  b       loc_FFDDDA10
loc_FFDDDA08:
FFDDDA08  4BFFF0F1  bl      sub_FFDDCAF8
FFDDDA0C  301B0001  addic   r0, r27, 0x1
loc_FFDDDA10:
FFDDDA10  7C1B0734  extsh   r27, r0
FFDDDA14  7C9BD000  cmpw    cr1, r27, r26
FFDDDA18  33FF0004  addic   r31, r31, 0x4
FFDDDA1C  947C0004  stwu    r3, 0x4(r28)
FFDDDA20  8C1D0002  lbzu    r0, 0x2(r29)
FFDDDA24  4085FF7C  ble     cr1, loc_FFDDD9A0
FFDDDA28  301A0001  addic   r0, r26, 0x1
FFDDDA2C  48000010  b       loc_FFDDDA3C
loc_FFDDDA30:
FFDDDA30  38000001  li      r0, 0x1
loc_FFDDDA34:
FFDDDA34  98000BF5  stb     r0, 0xBF5
loc_FFDDDA38:
FFDDDA38  301A0001  addic   r0, r26, 0x1
loc_FFDDDA3C:
FFDDDA3C  7C000734  extsh   r0, r0
FFDDDA40  2C0000FF  cmpwi   cr0, r0, 0xFF
FFDDDA44  313FFFFC  addic   r9, r31, -0x4
FFDDDA48  30000001  addic   r0, r0, 0x1
FFDDDA4C  38600000  li      r3, 0x0
FFDDDA50  41810048  bgt     loc_FFDDDA98
FFDDDA54  7C0A0734  extsh   r10, r0
FFDDDA58  300A0001  addic   r0, r10, 0x1
FFDDDA5C  7C000734  extsh   r0, r0
FFDDDA60  2C8A00FF  cmpwi   cr1, r10, 0xFF
FFDDDA64  2C0000FF  cmpwi   cr0, r0, 0xFF
FFDDDA68  96E90004  stwu    r23, 0x4(r9)
loc_FFDDDA6C:
FFDDDA6C  4185002C  bgt     cr1, loc_FFDDDA98
FFDDDA70  30000001  addic   r0, r0, 0x1
FFDDDA74  96E90004  stwu    r23, 0x4(r9)
FFDDDA78  7C0A0734  extsh   r10, r0
FFDDDA7C  4181001C  bgt     loc_FFDDDA98
FFDDDA80  300A0001  addic   r0, r10, 0x1
FFDDDA84  7C000734  extsh   r0, r0
FFDDDA88  2C8A00FF  cmpwi   cr1, r10, 0xFF
FFDDDA8C  2C0000FF  cmpwi   cr0, r0, 0xFF
FFDDDA90  96E90004  stwu    r23, 0x4(r9)
FFDDDA94  4BFFFFD8  b       loc_FFDDDA6C
loc_FFDDDA98:
FFDDDA98  81810074  lwz     r12, 0x74(r1)
FFDDDA9C  80010078  lwz     r0, 0x78(r1)
FFDDDAA0  7D838120  mtcrf   0x38, r12
FFDDDAA4  30210070  addic   r1, r1, 0x70
FFDDDAA8  7C0803A6  mtspr   LR, r0
FFDDDAAC  BAE1FFDC  lmw     r23, -0x24(r1)
FFDDDAB0  4E800020  blr
loc_FFDDDAB4:
FFDDDAB4  81810078  lwz     r12, 0x78(r1)
FFDDDAB8  83010050  lwz     r24, 0x50(r1)
FFDDDABC  30210070  addic   r1, r1, 0x70
FFDDDAC0  7D8803A6  mtspr   LR, r12
FFDDDAC4  83C1FFF8  lwz     r30, -0x8(r1)
FFDDDAC8  4E800020  blr

sub_FFDDDACC:
FFDDDACC  7C0802A6  mfspr   r0, LR
FFDDDAD0  BF81FFF0  stmw    r28, -0x10(r1)
FFDDDAD4  90010008  stw     r0, 0x8(r1)
FFDDDAD8  880008F3  lbz     r0, 0x8F3                          ; R low memory DExist ($8F3)
FFDDDADC  80800B2A  lwz     r4, 0xB2A
FFDDDAE0  2C000000  cmpwi   cr0, r0, 0x0
FFDDDAE4  83C40000  lwz     r30, 0x0(r4)
FFDDDAE8  9421FF60  stwu    r1, -0xA0(r1)
FFDDDAEC  3BE30000  addi    r31, r3, 0x0
FFDDDAF0  839E0404  lwz     r28, 0x404(r30)
FFDDDAF4  40800030  bge     loc_FFDDDB24
FFDDDAF8  93800B4C  stw     r28, 0xB4C
FFDDDAFC  801E0404  lwz     r0, 0x404(r30)
FFDDDB00  7FA0E011  subfc.  r29, r0, r28
FFDDDB04  408200D0  bne     loc_FFDDDBD4
FFDDDB08  A81F0016  lha     r0, 0x16(r31)
FFDDDB0C  3BC00988  li      r30, 0x988
FFDDDB10  5403C63F  extrwi. r3, r0, 8, 16
FFDDDB14  7C004670  srawi   r0, r0, 0x8
FFDDDB18  38800008  li      r4, 0x8
FFDDDB1C  307F0010  addic   r3, r31, 0x10
FFDDDB20  48000120  b       loc_FFDDDC40
loc_FFDDDB24:
FFDDDB24  48001A25  bl      glue_GetQDGlobals
FFDDDB28  80410014  lwz     r2, 0x14(r1)
FFDDDB2C  806300CA  lwz     r3, 0xCA(r3)
FFDDDB30  2C030000  cmpwi   cr0, r3, 0x0
FFDDDB34  8003004C  lwz     r0, 0x4C(r3)
FFDDDB38  40820030  bne     loc_FFDDDB68
FFDDDB3C  93800B4C  stw     r28, 0xB4C
FFDDDB40  801E0404  lwz     r0, 0x404(r30)
FFDDDB44  7FA0E011  subfc.  r29, r0, r28
FFDDDB48  4082008C  bne     loc_FFDDDBD4
FFDDDB4C  A81F0016  lha     r0, 0x16(r31)
FFDDDB50  3BC00988  li      r30, 0x988
FFDDDB54  5403C63F  extrwi. r3, r0, 8, 16
FFDDDB58  7C004670  srawi   r0, r0, 0x8
FFDDDB5C  38800008  li      r4, 0x8
FFDDDB60  307F0010  addic   r3, r31, 0x10
FFDDDB64  480000DC  b       loc_FFDDDC40
loc_FFDDDB68:
FFDDDB68  A8830048  lha     r4, 0x48(r3)
FFDDDB6C  33800000  addic   r28, r0, 0x0
FFDDDB70  B0800D3E  sth     r4, 0xD3E
FFDDDB74  80030050  lwz     r0, 0x50(r3)
FFDDDB78  90000D36  stw     r0, 0xD36
FFDDDB7C  80630054  lwz     r3, 0x54(r3)
FFDDDB80  90600D3A  stw     r3, 0xD3A
FFDDDB84  4BFFC099  bl      sub_FFDD9C1C
FFDDDB88  B0600D40  sth     r3, 0xD40
FFDDDB8C  93800B4C  stw     r28, 0xB4C
FFDDDB90  801E0404  lwz     r0, 0x404(r30)
FFDDDB94  7FA0E011  subfc.  r29, r0, r28
FFDDDB98  4082003C  bne     loc_FFDDDBD4
FFDDDB9C  A81F0016  lha     r0, 0x16(r31)
FFDDDBA0  3BC00988  li      r30, 0x988
FFDDDBA4  5403C63F  extrwi. r3, r0, 8, 16
FFDDDBA8  7C004670  srawi   r0, r0, 0x8
FFDDDBAC  38800008  li      r4, 0x8
FFDDDBB0  307F0010  addic   r3, r31, 0x10
FFDDDBB4  408200C0  bne     loc_FFDDDC74
FFDDDBB8  7CBF84AA  lswi    r5, r31, 0x10
FFDDDBBC  7CBE85AA  stswi   r5, r30, 0x10
FFDDDBC0  80600B2A  lwz     r3, 0xB2A
FFDDDBC4  81230000  lwz     r9, 0x0(r3)
FFDDDBC8  A809040C  lha     r0, 0x40C(r9)
FFDDDBCC  2C00FFFF  cmpwi   cr0, r0, 0xFFFF
FFDDDBD0  480000DC  b       loc_FFDDDCAC
loc_FFDDDBD4:
FFDDDBD4  939E0404  stw     r28, 0x404(r30)
FFDDDBD8  A87F001A  lha     r3, 0x1A(r31)
FFDDDBDC  A89F001E  lha     r4, 0x1E(r31)
FFDDDBE0  48001981  bl      glue_FixRatio
FFDDDBE4  80410014  lwz     r2, 0x14(r1)
FFDDDBE8  9061008C  stw     r3, 0x8C(r1)
FFDDDBEC  A86009B0  lha     r3, 0x9B0
FFDDDBF0  A88009AC  lha     r4, 0x9AC
FFDDDBF4  4800196D  bl      glue_FixRatio
FFDDDBF8  80410014  lwz     r2, 0x14(r1)
FFDDDBFC  38830000  addi    r4, r3, 0x0
FFDDDC00  8061008C  lwz     r3, 0x8C(r1)
FFDDDC04  48001975  bl      glue_FixMul
FFDDDC08  80410014  lwz     r2, 0x14(r1)
FFDDDC0C  389D0000  addi    r4, r29, 0x0
FFDDDC10  48001969  bl      glue_FixMul
FFDDDC14  80410014  lwz     r2, 0x14(r1)
FFDDDC18  801E0080  lwz     r0, 0x80(r30)
FFDDDC1C  3BA30000  addi    r29, r3, 0x0
FFDDDC20  7C1D0014  addc    r0, r29, r0
FFDDDC24  901E0080  stw     r0, 0x80(r30)
FFDDDC28  A81F0016  lha     r0, 0x16(r31)
FFDDDC2C  3BC00988  li      r30, 0x988
FFDDDC30  5403C63F  extrwi. r3, r0, 8, 16
FFDDDC34  7C004670  srawi   r0, r0, 0x8
FFDDDC38  38800008  li      r4, 0x8
FFDDDC3C  307F0010  addic   r3, r31, 0x10
loc_FFDDDC40:
FFDDDC40  40820034  bne     loc_FFDDDC74
FFDDDC44  7CBF84AA  lswi    r5, r31, 0x10
FFDDDC48  7CBE85AA  stswi   r5, r30, 0x10
FFDDDC4C  80600B2A  lwz     r3, 0xB2A
FFDDDC50  81230000  lwz     r9, 0x0(r3)
FFDDDC54  A809040C  lha     r0, 0x40C(r9)
FFDDDC58  2C00FFFF  cmpwi   cr0, r0, 0xFFFF
FFDDDC5C  41820080  beq     loc_FFDDDCDC
FFDDDC60  38600000  li      r3, 0x0
FFDDDC64  90690034  stw     r3, 0x34(r9)
FFDDDC68  A81F0020  lha     r0, 0x20(r31)
FFDDDC6C  2C000000  cmpwi   cr0, r0, 0x0
FFDDDC70  48000188  b       loc_FFDDDDF8
loc_FFDDDC74:
FFDDDC74  90610058  stw     r3, 0x58(r1)
FFDDDC78  B0010054  sth     r0, 0x54(r1)
FFDDDC7C  B0810056  sth     r4, 0x56(r1)
FFDDDC80  A81F0016  lha     r0, 0x16(r31)
FFDDDC84  3061003C  addic   r3, r1, 0x3C
FFDDDC88  B001005C  sth     r0, 0x5C(r1)
FFDDDC8C  48001B75  bl      glue_PBControlSync
FFDDDC90  80410014  lwz     r2, 0x14(r1)
FFDDDC94  7CBF84AA  lswi    r5, r31, 0x10
FFDDDC98  7CBE85AA  stswi   r5, r30, 0x10
FFDDDC9C  80600B2A  lwz     r3, 0xB2A
FFDDDCA0  81230000  lwz     r9, 0x0(r3)
FFDDDCA4  A809040C  lha     r0, 0x40C(r9)
FFDDDCA8  2C00FFFF  cmpwi   cr0, r0, 0xFFFF
loc_FFDDDCAC:
FFDDDCAC  41820030  beq     loc_FFDDDCDC
FFDDDCB0  38600000  li      r3, 0x0
FFDDDCB4  90690034  stw     r3, 0x34(r9)
FFDDDCB8  A81F0020  lha     r0, 0x20(r31)
FFDDDCBC  2C000000  cmpwi   cr0, r0, 0x0
FFDDDCC0  41820140  beq     loc_FFDDDE00
FFDDDCC4  818100A8  lwz     r12, 0xA8(r1)
FFDDDCC8  302100A0  addic   r1, r1, 0xA0
FFDDDCCC  7D8803A6  mtspr   LR, r12
FFDDDCD0  BB81FFF0  lmw     r28, -0x10(r1)
FFDDDCD4  B0000A5A  sth     r0, 0xA5A                          ; W low memory CurMap ($A5A)
FFDDDCD8  4E800020  blr
loc_FFDDDCDC:
FFDDDCDC  88000BF5  lbz     r0, 0xBF5
FFDDDCE0  98090422  stb     r0, 0x422(r9)
FFDDDCE4  886009A9  lbz     r3, 0x9A9                          ; R low memory FOutUnused ($9A9)
FFDDDCE8  98690423  stb     r3, 0x423(r9)
FFDDDCEC  A87F0000  lha     r3, 0x0(r31)
FFDDDCF0  4BFFBEA5  bl      sub_FFDD9B94
FFDDDCF4  B069040C  sth     r3, 0x40C(r9)
FFDDDCF8  A87F0002  lha     r3, 0x2(r31)
FFDDDCFC  A89F0000  lha     r4, 0x0(r31)
FFDDDD00  4BFFBEB5  bl      sub_FFDD9BB4
FFDDDD04  B069040E  sth     r3, 0x40E(r9)
FFDDDD08  881F0004  lbz     r0, 0x4(r31)
FFDDDD0C  38800000  li      r4, 0x0
FFDDDD10  98090410  stb     r0, 0x410(r9)
FFDDDD14  98890411  stb     r4, 0x411(r9)
FFDDDD18  A81F0006  lha     r0, 0x6(r31)
FFDDDD1C  88690436  lbz     r3, 0x436(r9)
FFDDDD20  B0090412  sth     r0, 0x412(r9)
FFDDDD24  80BF0008  lwz     r5, 0x8(r31)
FFDDDD28  2C030000  cmpwi   cr0, r3, 0x0
FFDDDD2C  90A90414  stw     r5, 0x414(r9)
FFDDDD30  801F000C  lwz     r0, 0xC(r31)
FFDDDD34  90090418  stw     r0, 0x418(r9)
FFDDDD38  40820038  bne     loc_FFDDDD70
FFDDDD3C  80600B2A  lwz     r3, 0xB2A
FFDDDD40  81230000  lwz     r9, 0x0(r3)
FFDDDD44  38600000  li      r3, 0x0
FFDDDD48  90690034  stw     r3, 0x34(r9)
FFDDDD4C  A81F0020  lha     r0, 0x20(r31)
FFDDDD50  2C000000  cmpwi   cr0, r0, 0x0
FFDDDD54  418200AC  beq     loc_FFDDDE00
FFDDDD58  818100A8  lwz     r12, 0xA8(r1)
FFDDDD5C  302100A0  addic   r1, r1, 0xA0
FFDDDD60  7D8803A6  mtspr   LR, r12
FFDDDD64  BB81FFF0  lmw     r28, -0x10(r1)
FFDDDD68  B0000A5A  sth     r0, 0xA5A                          ; W low memory CurMap ($A5A)
FFDDDD6C  4E800020  blr
loc_FFDDDD70:
FFDDDD70  88090448  lbz     r0, 0x448(r9)
FFDDDD74  98890422  stb     r4, 0x422(r9)
FFDDDD78  2C800000  cmpwi   cr1, r0, 0x0
FFDDDD7C  30810038  addic   r4, r1, 0x38
FFDDDD80  41860018  beq     cr1, loc_FFDDDD98
FFDDDD84  80600B2A  lwz     r3, 0xB2A
FFDDDD88  88800BF4  lbz     r4, 0xBF4
FFDDDD8C  48001A8D  bl      sub_FFDDF818
FFDDDD90  80410014  lwz     r2, 0x14(r1)
FFDDDD94  48000038  b       loc_FFDDDDCC
loc_FFDDDD98:
FFDDDD98  A8690430  lha     r3, 0x430(r9)
FFDDDD9C  4BFFC159  bl      sub_FFDD9EF4
FFDDDDA0  80610038  lwz     r3, 0x38(r1)
FFDDDDA4  80800B2A  lwz     r4, 0xB2A
FFDDDDA8  80030000  lwz     r0, 0x0(r3)
FFDDDDAC  80640000  lwz     r3, 0x0(r4)
FFDDDDB0  7C000034  cntlzw  r0, r0
FFDDDDB4  5400D97E  srwi    r0, r0, 5
FFDDDDB8  98030448  stb     r0, 0x448(r3)
FFDDDDBC  80600B2A  lwz     r3, 0xB2A
FFDDDDC0  88800BF4  lbz     r4, 0xBF4
FFDDDDC4  48001A55  bl      sub_FFDDF818
FFDDDDC8  80410014  lwz     r2, 0x14(r1)
loc_FFDDDDCC:
FFDDDDCC  80600B2A  lwz     r3, 0xB2A
FFDDDDD0  80630000  lwz     r3, 0x0(r3)
FFDDDDD4  80030080  lwz     r0, 0x80(r3)
FFDDDDD8  7C1D0014  addc    r0, r29, r0
FFDDDDDC  90030080  stw     r0, 0x80(r3)
FFDDDDE0  80600B2A  lwz     r3, 0xB2A
FFDDDDE4  81230000  lwz     r9, 0x0(r3)
FFDDDDE8  38600000  li      r3, 0x0
FFDDDDEC  90690034  stw     r3, 0x34(r9)
FFDDDDF0  A81F0020  lha     r0, 0x20(r31)
FFDDDDF4  2C000000  cmpwi   cr0, r0, 0x0
loc_FFDDDDF8:
FFDDDDF8  41820008  beq     loc_FFDDDE00
FFDDDDFC  B0000A5A  sth     r0, 0xA5A                          ; W low memory CurMap ($A5A)
loc_FFDDDE00:
FFDDDE00  818100A8  lwz     r12, 0xA8(r1)
FFDDDE04  302100A0  addic   r1, r1, 0xA0
FFDDDE08  7D8803A6  mtspr   LR, r12
FFDDDE0C  BB81FFF0  lmw     r28, -0x10(r1)
FFDDDE10  4E800020  blr

sub_FFDDDE14:
FFDDDE14  7C0802A6  mfspr   r0, LR
FFDDDE18  8080099A  lwz     r4, 0x99A                          ; R low memory TFOutFontHandle ($99A)
FFDDDE1C  9421FFC0  stwu    r1, -0x40(r1)
FFDDDE20  90010048  stw     r0, 0x48(r1)
FFDDDE24  90810038  stw     r4, 0x38(r1)
FFDDDE28  80040000  lwz     r0, 0x0(r4)
FFDDDE2C  2C000000  cmpwi   cr0, r0, 0x0
FFDDDE30  4182001C  beq     loc_FFDDDE4C
loc_FFDDDE34:
FFDDDE34  4BFFBF11  bl      sub_FFDD9D44
loc_FFDDDE38:
FFDDDE38  81810048  lwz     r12, 0x48(r1)
FFDDDE3C  30210040  addic   r1, r1, 0x40
FFDDDE40  7D8803A6  mtspr   LR, r12
FFDDDE44  38600000  li      r3, 0x0
FFDDDE48  4E800020  blr
loc_FFDDDE4C:
FFDDDE4C  80800B2A  lwz     r4, 0xB2A
FFDDDE50  3C000001  lis     r0, 0x0001
FFDDDE54  80640000  lwz     r3, 0x0(r4)
FFDDDE58  3080FFFF  addic   r4, r0, -0x1
FFDDDE5C  88030436  lbz     r0, 0x436(r3)
FFDDDE60  2C000000  cmpwi   cr0, r0, 0x0
FFDDDE64  41820044  beq     loc_FFDDDEA8
FFDDDE68  88030448  lbz     r0, 0x448(r3)
FFDDDE6C  30810038  addic   r4, r1, 0x38
FFDDDE70  2C800000  cmpwi   cr1, r0, 0x0
FFDDDE74  4186000C  beq     cr1, loc_FFDDDE80
FFDDDE78  4BFFBECD  bl      sub_FFDD9D44
FFDDDE7C  4BFFFFBC  b       loc_FFDDDE38
loc_FFDDDE80:
FFDDDE80  A8630430  lha     r3, 0x430(r3)
FFDDDE84  4BFFC071  bl      sub_FFDD9EF4
FFDDDE88  80810038  lwz     r4, 0x38(r1)
FFDDDE8C  80600B2A  lwz     r3, 0xB2A
FFDDDE90  80040000  lwz     r0, 0x0(r4)
FFDDDE94  80830000  lwz     r4, 0x0(r3)
FFDDDE98  7C000034  cntlzw  r0, r0
FFDDDE9C  5400D97E  srwi    r0, r0, 5
FFDDDEA0  98040448  stb     r0, 0x448(r4)
FFDDDEA4  4BFFFF90  b       loc_FFDDDE34
loc_FFDDDEA8:
FFDDDEA8  B0800B9E  sth     r4, 0xB9E
FFDDDEAC  80610038  lwz     r3, 0x38(r1)
FFDDDEB0  48001771  bl      glue_LoadResource
FFDDDEB4  80410014  lwz     r2, 0x14(r1)
FFDDDEB8  8800015E  lbz     r0, 0x15E                          ; R low memory FontFlag ($15E)
FFDDDEBC  80810038  lwz     r4, 0x38(r1)
FFDDDEC0  7C000774  extsb   r0, r0
FFDDDEC4  2C00FFFF  cmpwi   cr0, r0, 0xFFFF
FFDDDEC8  38600002  li      r3, 0x2
FFDDDECC  40820014  bne     loc_FFDDDEE0
FFDDDED0  81810048  lwz     r12, 0x48(r1)
FFDDDED4  30210040  addic   r1, r1, 0x40
FFDDDED8  7D8803A6  mtspr   LR, r12
FFDDDEDC  4E800020  blr
loc_FFDDDEE0:
FFDDDEE0  80040000  lwz     r0, 0x0(r4)
FFDDDEE4  2C000000  cmpwi   cr0, r0, 0x0
FFDDDEE8  40820014  bne     loc_FFDDDEFC
FFDDDEEC  81810048  lwz     r12, 0x48(r1)
FFDDDEF0  30210040  addic   r1, r1, 0x40
FFDDDEF4  7D8803A6  mtspr   LR, r12
FFDDDEF8  4E800020  blr
loc_FFDDDEFC:
FFDDDEFC  38640000  addi    r3, r4, 0x0
FFDDDF00  4BFFE7D9  bl      sub_FFDDC6D8
FFDDDF04  4BFFFF30  b       loc_FFDDDE34

sub_FFDDDF08:
FFDDDF08  7C0802A6  mfspr   r0, LR
FFDDDF0C  38C30000  addi    r6, r3, 0x0
FFDDDF10  93E1FFFC  stw     r31, -0x4(r1)
FFDDDF14  90010008  stw     r0, 0x8(r1)
FFDDDF18  9421FFB0  stwu    r1, -0x50(r1)
FFDDDF1C  A8660010  lha     r3, 0x10(r6)
FFDDDF20  4BFFBC75  bl      sub_FFDD9B94
FFDDDF24  B0660010  sth     r3, 0x10(r6)
FFDDDF28  7C640734  extsh   r4, r3
FFDDDF2C  A8660012  lha     r3, 0x12(r6)
FFDDDF30  4BFFBC85  bl      sub_FFDD9BB4
FFDDDF34  B0660012  sth     r3, 0x12(r6)
FFDDDF38  A8060012  lha     r0, 0x12(r6)
FFDDDF3C  3BE00000  li      r31, 0x0
FFDDDF40  B006002C  sth     r0, 0x2C(r6)
FFDDDF44  9BE60015  stb     r31, 0x15(r6)
FFDDDF48  8800015E  lbz     r0, 0x15E                          ; R low memory FontFlag ($15E)
FFDDDF4C  7C000774  extsb   r0, r0
FFDDDF50  2C000006  cmpwi   cr0, r0, 0x6
FFDDDF54  41800010  blt     loc_FFDDDF64
FFDDDF58  B3E60010  sth     r31, 0x10(r6)
FFDDDF5C  8800015E  lbz     r0, 0x15E                          ; R low memory FontFlag ($15E)
FFDDDF60  7C000774  extsb   r0, r0
loc_FFDDDF64:
FFDDDF64  2C800000  cmpwi   cr1, r0, 0x0
FFDDDF68  4184001C  blt     cr1, loc_FFDDDF84
FFDDDF6C  81810058  lwz     r12, 0x58(r1)
FFDDDF70  83E1004C  lwz     r31, 0x4C(r1)
FFDDDF74  7D8803A6  mtspr   LR, r12
FFDDDF78  30210050  addic   r1, r1, 0x50
FFDDDF7C  38600000  li      r3, 0x0
FFDDDF80  4E800020  blr
loc_FFDDDF84:
FFDDDF84  48000B55  bl      sub_FFDDEAD8
FFDDDF88  4FFFFB82  crmove  crb31, crb31
FFDDDF8C  81810058  lwz     r12, 0x58(r1)
FFDDDF90  9BE0015E  stb     r31, 0x15E                         ; W low memory FontFlag ($15E)
FFDDDF94  83E1004C  lwz     r31, 0x4C(r1)
FFDDDF98  7D8803A6  mtspr   LR, r12
FFDDDF9C  30210050  addic   r1, r1, 0x50
FFDDDFA0  38600000  li      r3, 0x0
FFDDDFA4  4E800020  blr

sub_FFDDDFA8:
FFDDDFA8  38600000  li      r3, 0x0
FFDDDFAC  BF61FFEC  stmw    r27, -0x14(r1)
FFDDDFB0  8B6009A9  lbz     r27, 0x9A9                         ; R low memory FOutUnused ($9A9)
FFDDDFB4  7C0802A6  mfspr   r0, LR
FFDDDFB8  2F9B0000  cmpwi   cr7, r27, 0x0
FFDDDFBC  90010008  stw     r0, 0x8(r1)
FFDDDFC0  9421FFA0  stwu    r1, -0x60(r1)
FFDDDFC4  986009A4  stb     r3, 0x9A4                          ; W low memory FOutExtra ($9A4)
FFDDDFC8  9860099E  stb     r3, 0x99E                          ; W low memory FOutBold ($99E)
FFDDDFCC  9860099F  stb     r3, 0x99F                          ; W low memory FOutItalic ($99F)
FFDDDFD0  986009A0  stb     r3, 0x9A0                          ; W low memory FOutULOffset ($9A0)
FFDDDFD4  986009A1  stb     r3, 0x9A1                          ; W low memory FOutULShadow ($9A1)
FFDDDFD8  986009A2  stb     r3, 0x9A2                          ; W low memory FOutULThick ($9A2)
FFDDDFDC  986009A3  stb     r3, 0x9A3                          ; W low memory FOutShadow ($9A3)
FFDDDFE0  419E010C  beq     cr7, loc_FFDDE0EC
FFDDDFE4  3BE009B6  li      r31, 0x9B6
FFDDDFE8  3BA00000  li      r29, 0x0
FFDDDFEC  3BC00001  li      r30, 0x1
loc_FFDDDFF0:
FFDDDFF0  7FC3E830  slw     r3, r30, r29
FFDDDFF4  7F631839  and.    r3, r27, r3
FFDDDFF8  2F9D0001  cmpwi   cr7, r29, 0x1
FFDDDFFC  40820024  bne     loc_FFDDE020
FFDDE000  307D0001  addic   r3, r29, 0x1
FFDDE004  547D063E  clrlwi  r29, r3, 24
FFDDE008  2C9D0007  cmpwi   cr1, r29, 0x7
FFDDE00C  387F0000  addi    r3, r31, 0x0
FFDDE010  33FF0003  addic   r31, r31, 0x3
FFDDE014  4184FFDC  blt     cr1, loc_FFDDDFF0
FFDDE018  7F601120  mtcrf   0x01, r27
FFDDE01C  480000B4  b       loc_FFDDE0D0
loc_FFDDE020:
FFDDE020  887F0001  lbz     r3, 0x1(r31)
FFDDE024  7C7C0774  extsb   r28, r3
FFDDE028  419E0044  beq     cr7, loc_FFDDE06C
FFDDE02C  887F0000  lbz     r3, 0x0(r31)
FFDDE030  7C630774  extsb   r3, r3
FFDDE034  8883099E  lbz     r4, 0x99E(r3)
FFDDE038  7C9C2014  addc    r4, r28, r4
FFDDE03C  9883099E  stb     r4, 0x99E(r3)
FFDDE040  889F0002  lbz     r4, 0x2(r31)
FFDDE044  886009A4  lbz     r3, 0x9A4                          ; R low memory FOutExtra ($9A4)
FFDDE048  7C840774  extsb   r4, r4
FFDDE04C  7C630774  extsb   r3, r3
FFDDE050  7C641814  addc    r3, r4, r3
FFDDE054  986009A4  stb     r3, 0x9A4                          ; W low memory FOutExtra ($9A4)
FFDDE058  307D0001  addic   r3, r29, 0x1
FFDDE05C  547D063E  clrlwi  r29, r3, 24
FFDDE060  2C9D0007  cmpwi   cr1, r29, 0x7
FFDDE064  387F0000  addi    r3, r31, 0x0
FFDDE068  4800005C  b       loc_FFDDE0C4
loc_FFDDE06C:
FFDDE06C  48001705  bl      glue_FontScript
FFDDE070  80410014  lwz     r2, 0x14(r1)
FFDDE074  7C630734  extsh   r3, r3
FFDDE078  2F830001  cmpwi   cr7, r3, 0x1
FFDDE07C  7F830E70  srawi   r3, r28, 0x1
FFDDE080  409E0008  bne     cr7, loc_FFDDE088
FFDDE084  7C7C0774  extsb   r28, r3
loc_FFDDE088:
FFDDE088  887F0000  lbz     r3, 0x0(r31)
FFDDE08C  7C630774  extsb   r3, r3
FFDDE090  8883099E  lbz     r4, 0x99E(r3)
FFDDE094  7C9C2014  addc    r4, r28, r4
FFDDE098  9883099E  stb     r4, 0x99E(r3)
FFDDE09C  889F0002  lbz     r4, 0x2(r31)
FFDDE0A0  886009A4  lbz     r3, 0x9A4                          ; R low memory FOutExtra ($9A4)
FFDDE0A4  7C840774  extsb   r4, r4
FFDDE0A8  7C630774  extsb   r3, r3
FFDDE0AC  7C641814  addc    r3, r4, r3
FFDDE0B0  986009A4  stb     r3, 0x9A4                          ; W low memory FOutExtra ($9A4)
FFDDE0B4  307D0001  addic   r3, r29, 0x1
FFDDE0B8  547D063E  clrlwi  r29, r3, 24
FFDDE0BC  2C9D0007  cmpwi   cr1, r29, 0x7
FFDDE0C0  387F0000  addi    r3, r31, 0x0
loc_FFDDE0C4:
FFDDE0C4  33FF0003  addic   r31, r31, 0x3
FFDDE0C8  4184FF28  blt     cr1, loc_FFDDDFF0
FFDDE0CC  7F601120  mtcrf   0x01, r27
loc_FFDDE0D0:
FFDDE0D0  409D001C  ble     cr7, loc_FFDDE0EC
FFDDE0D4  88830003  lbz     r4, 0x3(r3)
FFDDE0D8  988009A0  stb     r4, 0x9A0                          ; W low memory FOutULOffset ($9A0)
FFDDE0DC  88830004  lbz     r4, 0x4(r3)
FFDDE0E0  988009A1  stb     r4, 0x9A1                          ; W low memory FOutULShadow ($9A1)
FFDDE0E4  88630005  lbz     r3, 0x5(r3)
FFDDE0E8  986009A2  stb     r3, 0x9A2                          ; W low memory FOutULThick ($9A2)
loc_FFDDE0EC:
FFDDE0EC  81810068  lwz     r12, 0x68(r1)
FFDDE0F0  30210060  addic   r1, r1, 0x60
FFDDE0F4  7D8803A6  mtspr   LR, r12
FFDDE0F8  BB61FFEC  lmw     r27, -0x14(r1)
FFDDE0FC  38600000  li      r3, 0x0
FFDDE100  4E800020  blr

sub_FFDDE104:
FFDDE104  BF61FFEC  stmw    r27, -0x14(r1)
FFDDE108  3B830000  addi    r28, r3, 0x0
FFDDE10C  7C860734  extsh   r6, r4
FFDDE110  7C0802A6  mfspr   r0, LR
FFDDE114  3BA00000  li      r29, 0x0
FFDDE118  90010008  stw     r0, 0x8(r1)
FFDDE11C  9421FFA0  stwu    r1, -0x60(r1)
FFDDE120  3BC00001  li      r30, 0x1
FFDDE124  33FC0010  addic   r31, r28, 0x10
loc_FFDDE128:
FFDDE128  2C060003  cmpwi   cr0, r6, 0x3
FFDDE12C  93C10038  stw     r30, 0x38(r1)
FFDDE130  93C1003C  stw     r30, 0x3C(r1)
loc_FFDDE134:
FFDDE134  93BC0028  stw     r29, 0x28(r28)
FFDDE138  3B600000  li      r27, 0x0
loc_FFDDE13C:
FFDDE13C  40820030  bne     loc_FFDDE16C
FFDDE140  80C1003C  lwz     r6, 0x3C(r1)
FFDDE144  4C421242  crset   crb2
FFDDE148  2C860000  cmpwi   cr1, r6, 0x0
FFDDE14C  40860204  bne     cr1, loc_FFDDE350
loc_FFDDE150:
FFDDE150  4182027C  beq     loc_FFDDE3CC
FFDDE154  2C9B0001  cmpwi   cr1, r27, 0x1
FFDDE158  387C0000  addi    r3, r28, 0x0
FFDDE15C  41860390  beq     cr1, loc_FFDDE4EC
FFDDE160  2C9B0002  cmpwi   cr1, r27, 0x2
FFDDE164  38C00001  li      r6, 0x1
FFDDE168  48000390  b       loc_FFDDE4F8
loc_FFDDE16C:
FFDDE16C  2C860001  cmpwi   cr1, r6, 0x1
FFDDE170  2F860004  cmpwi   cr7, r6, 0x4
FFDDE174  2F060002  cmpwi   cr6, r6, 0x2
FFDDE178  4081003C  ble     loc_FFDDE1B4
FFDDE17C  2C860005  cmpwi   cr1, r6, 0x5
FFDDE180  4C421242  crset   crb2
FFDDE184  419E0294  beq     cr7, loc_FFDDE418
FFDDE188  418602D4  beq     cr1, loc_FFDDE45C
FFDDE18C  2C9B0002  cmpwi   cr1, r27, 0x2
FFDDE190  38C00001  li      r6, 0x1
FFDDE194  4186FF94  beq     cr1, loc_FFDDE128
FFDDE198  38C00002  li      r6, 0x2
FFDDE19C  2C060003  cmpwi   cr0, r6, 0x3
FFDDE1A0  93C10038  stw     r30, 0x38(r1)
FFDDE1A4  93C1003C  stw     r30, 0x3C(r1)
FFDDE1A8  93BC0028  stw     r29, 0x28(r28)
FFDDE1AC  3B600000  li      r27, 0x0
FFDDE1B0  4BFFFF8C  b       loc_FFDDE13C
loc_FFDDE1B4:
FFDDE1B4  41860014  beq     cr1, loc_FFDDE1C8
FFDDE1B8  419A004C  beq     cr6, loc_FFDDE204
FFDDE1BC  2C9B0002  cmpwi   cr1, r27, 0x2
FFDDE1C0  38C00001  li      r6, 0x1
FFDDE1C4  48000334  b       loc_FFDDE4F8
loc_FFDDE1C8:
FFDDE1C8  B3BC0020  sth     r29, 0x20(r28)
FFDDE1CC  9BBC0022  stb     r29, 0x22(r28)
FFDDE1D0  4BFFBFFD  bl      sub_FFDDA1CC
FFDDE1D4  7CBC84AA  lswi    r5, r28, 0x10
FFDDE1D8  7CBF85AA  stswi   r5, r31, 0x10
FFDDE1DC  88FC0014  lbz     r7, 0x14(r28)
FFDDE1E0  A8C0098E  lha     r6, 0x98E                          ; R low memory CurFMDevice ($98E)
FFDDE1E4  98E009A9  stb     r7, 0x9A9                          ; W low memory FOutUnused ($9A9)
FFDDE1E8  A87C0016  lha     r3, 0x16(r28)
FFDDE1EC  7C833000  cmpw    cr1, r3, r6
FFDDE1F0  40860010  bne     cr1, loc_FFDDE200
FFDDE1F4  387C0000  addi    r3, r28, 0x0
FFDDE1F8  4BFFFD11  bl      sub_FFDDDF08
FFDDE1FC  48000010  b       loc_FFDDE20C
loc_FFDDE200:
FFDDE200  4BFFC079  bl      sub_FFDDA278
loc_FFDDE204:
FFDDE204  387C0000  addi    r3, r28, 0x0
FFDDE208  4BFFFD01  bl      sub_FFDDDF08
loc_FFDDE20C:
FFDDE20C  7C7B0735  extsh.  r27, r3
FFDDE210  30810038  addic   r4, r1, 0x38
FFDDE214  387C0000  addi    r3, r28, 0x0
FFDDE218  41820040  beq     loc_FFDDE258
FFDDE21C  80C10038  lwz     r6, 0x38(r1)
FFDDE220  2C860000  cmpwi   cr1, r6, 0x0
FFDDE224  40860078  bne     cr1, loc_FFDDE29C
FFDDE228  3061003C  addic   r3, r1, 0x3C
FFDDE22C  418200D8  beq     loc_FFDDE304
FFDDE230  80C1003C  lwz     r6, 0x3C(r1)
FFDDE234  2C860000  cmpwi   cr1, r6, 0x0
FFDDE238  40860118  bne     cr1, loc_FFDDE350
FFDDE23C  41820190  beq     loc_FFDDE3CC
FFDDE240  2C9B0001  cmpwi   cr1, r27, 0x1
FFDDE244  387C0000  addi    r3, r28, 0x0
FFDDE248  418602A4  beq     cr1, loc_FFDDE4EC
FFDDE24C  2C9B0002  cmpwi   cr1, r27, 0x2
FFDDE250  38C00001  li      r6, 0x1
FFDDE254  480002A4  b       loc_FFDDE4F8
loc_FFDDE258:
FFDDE258  4BFFEF95  bl      sub_FFDDD1EC
FFDDE25C  80C10038  lwz     r6, 0x38(r1)
FFDDE260  7C7B0735  extsh.  r27, r3
FFDDE264  2C860000  cmpwi   cr1, r6, 0x0
FFDDE268  40860034  bne     cr1, loc_FFDDE29C
FFDDE26C  3061003C  addic   r3, r1, 0x3C
FFDDE270  41820094  beq     loc_FFDDE304
FFDDE274  80C1003C  lwz     r6, 0x3C(r1)
FFDDE278  2C860000  cmpwi   cr1, r6, 0x0
FFDDE27C  408600D4  bne     cr1, loc_FFDDE350
FFDDE280  4182014C  beq     loc_FFDDE3CC
FFDDE284  2C9B0001  cmpwi   cr1, r27, 0x1
FFDDE288  387C0000  addi    r3, r28, 0x0
FFDDE28C  41860260  beq     cr1, loc_FFDDE4EC
FFDDE290  2C9B0002  cmpwi   cr1, r27, 0x2
FFDDE294  38C00001  li      r6, 0x1
FFDDE298  48000260  b       loc_FFDDE4F8
loc_FFDDE29C:
FFDDE29C  387C0000  addi    r3, r28, 0x0
FFDDE2A0  4182002C  beq     loc_FFDDE2CC
FFDDE2A4  80C1003C  lwz     r6, 0x3C(r1)
FFDDE2A8  2C860000  cmpwi   cr1, r6, 0x0
FFDDE2AC  408600A4  bne     cr1, loc_FFDDE350
FFDDE2B0  4182011C  beq     loc_FFDDE3CC
FFDDE2B4  2C9B0001  cmpwi   cr1, r27, 0x1
FFDDE2B8  387C0000  addi    r3, r28, 0x0
FFDDE2BC  41860230  beq     cr1, loc_FFDDE4EC
FFDDE2C0  2C9B0002  cmpwi   cr1, r27, 0x2
FFDDE2C4  38C00001  li      r6, 0x1
FFDDE2C8  48000230  b       loc_FFDDE4F8
loc_FFDDE2CC:
FFDDE2CC  4BFFE095  bl      sub_FFDDC360
FFDDE2D0  7C7B0735  extsh.  r27, r3
FFDDE2D4  3061003C  addic   r3, r1, 0x3C
FFDDE2D8  4182002C  beq     loc_FFDDE304
FFDDE2DC  80C1003C  lwz     r6, 0x3C(r1)
FFDDE2E0  2C860000  cmpwi   cr1, r6, 0x0
FFDDE2E4  4086006C  bne     cr1, loc_FFDDE350
FFDDE2E8  418200E4  beq     loc_FFDDE3CC
FFDDE2EC  2C9B0001  cmpwi   cr1, r27, 0x1
FFDDE2F0  387C0000  addi    r3, r28, 0x0
FFDDE2F4  418601F8  beq     cr1, loc_FFDDE4EC
FFDDE2F8  2C9B0002  cmpwi   cr1, r27, 0x2
FFDDE2FC  38C00001  li      r6, 0x1
FFDDE300  480001F8  b       loc_FFDDE4F8
loc_FFDDE304:
FFDDE304  4BFFE841  bl      sub_FFDDCB44
FFDDE308  80C1003C  lwz     r6, 0x3C(r1)
FFDDE30C  7C7B0735  extsh.  r27, r3
FFDDE310  2C860000  cmpwi   cr1, r6, 0x0
FFDDE314  4086003C  bne     cr1, loc_FFDDE350
FFDDE318  418200B4  beq     loc_FFDDE3CC
FFDDE31C  2C9B0001  cmpwi   cr1, r27, 0x1
FFDDE320  387C0000  addi    r3, r28, 0x0
FFDDE324  418601C8  beq     cr1, loc_FFDDE4EC
FFDDE328  2C9B0002  cmpwi   cr1, r27, 0x2
FFDDE32C  38C00001  li      r6, 0x1
FFDDE330  4186FDF8  beq     cr1, loc_FFDDE128
FFDDE334  38C00002  li      r6, 0x2
FFDDE338  2C060003  cmpwi   cr0, r6, 0x3
FFDDE33C  93C10038  stw     r30, 0x38(r1)
FFDDE340  93C1003C  stw     r30, 0x3C(r1)
FFDDE344  93BC0028  stw     r29, 0x28(r28)
FFDDE348  3B600000  li      r27, 0x0
FFDDE34C  4BFFFDF0  b       loc_FFDDE13C
loc_FFDDE350:
FFDDE350  387C0000  addi    r3, r28, 0x0
FFDDE354  41820038  beq     loc_FFDDE38C
FFDDE358  2C9B0001  cmpwi   cr1, r27, 0x1
FFDDE35C  387C0000  addi    r3, r28, 0x0
FFDDE360  4186018C  beq     cr1, loc_FFDDE4EC
FFDDE364  2C9B0002  cmpwi   cr1, r27, 0x2
FFDDE368  38C00001  li      r6, 0x1
FFDDE36C  4186FDBC  beq     cr1, loc_FFDDE128
FFDDE370  38C00002  li      r6, 0x2
FFDDE374  2C060003  cmpwi   cr0, r6, 0x3
FFDDE378  93C10038  stw     r30, 0x38(r1)
FFDDE37C  93C1003C  stw     r30, 0x3C(r1)
FFDDE380  93BC0028  stw     r29, 0x28(r28)
FFDDE384  3B600000  li      r27, 0x0
FFDDE388  4BFFFDB4  b       loc_FFDDE13C
loc_FFDDE38C:
FFDDE38C  4BFFE951  bl      sub_FFDDCCDC
FFDDE390  7C7B0735  extsh.  r27, r3
FFDDE394  41820038  beq     loc_FFDDE3CC
FFDDE398  2C9B0001  cmpwi   cr1, r27, 0x1
FFDDE39C  387C0000  addi    r3, r28, 0x0
FFDDE3A0  4186014C  beq     cr1, loc_FFDDE4EC
FFDDE3A4  2C9B0002  cmpwi   cr1, r27, 0x2
FFDDE3A8  38C00001  li      r6, 0x1
FFDDE3AC  4186FD7C  beq     cr1, loc_FFDDE128
FFDDE3B0  38C00002  li      r6, 0x2
FFDDE3B4  2C060003  cmpwi   cr0, r6, 0x3
FFDDE3B8  93C10038  stw     r30, 0x38(r1)
FFDDE3BC  93C1003C  stw     r30, 0x3C(r1)
FFDDE3C0  93BC0028  stw     r29, 0x28(r28)
FFDDE3C4  3B600000  li      r27, 0x0
FFDDE3C8  4BFFFD74  b       loc_FFDDE13C
loc_FFDDE3CC:
FFDDE3CC  4BFFFBDD  bl      sub_FFDDDFA8
FFDDE3D0  7C7B0735  extsh.  r27, r3
FFDDE3D4  387C0000  addi    r3, r28, 0x0
FFDDE3D8  41820038  beq     loc_FFDDE410
FFDDE3DC  2C9B0001  cmpwi   cr1, r27, 0x1
FFDDE3E0  387C0000  addi    r3, r28, 0x0
FFDDE3E4  41860108  beq     cr1, loc_FFDDE4EC
FFDDE3E8  2C9B0002  cmpwi   cr1, r27, 0x2
FFDDE3EC  38C00001  li      r6, 0x1
FFDDE3F0  4186FD38  beq     cr1, loc_FFDDE128
FFDDE3F4  38C00002  li      r6, 0x2
FFDDE3F8  2C060003  cmpwi   cr0, r6, 0x3
FFDDE3FC  93C10038  stw     r30, 0x38(r1)
FFDDE400  93C1003C  stw     r30, 0x3C(r1)
FFDDE404  93BC0028  stw     r29, 0x28(r28)
FFDDE408  3B600000  li      r27, 0x0
FFDDE40C  4BFFFD30  b       loc_FFDDE13C
loc_FFDDE410:
FFDDE410  4BFFF249  bl      sub_FFDDD658
FFDDE414  7C7B0735  extsh.  r27, r3
loc_FFDDE418:
FFDDE418  387C0000  addi    r3, r28, 0x0
FFDDE41C  41820038  beq     loc_FFDDE454
FFDDE420  2C9B0001  cmpwi   cr1, r27, 0x1
FFDDE424  387C0000  addi    r3, r28, 0x0
FFDDE428  418600C4  beq     cr1, loc_FFDDE4EC
FFDDE42C  2C9B0002  cmpwi   cr1, r27, 0x2
FFDDE430  38C00001  li      r6, 0x1
FFDDE434  4186FCF4  beq     cr1, loc_FFDDE128
FFDDE438  38C00002  li      r6, 0x2
FFDDE43C  2C060003  cmpwi   cr0, r6, 0x3
FFDDE440  93C10038  stw     r30, 0x38(r1)
FFDDE444  93C1003C  stw     r30, 0x3C(r1)
FFDDE448  93BC0028  stw     r29, 0x28(r28)
FFDDE44C  3B600000  li      r27, 0x0
FFDDE450  4BFFFCEC  b       loc_FFDDE13C
loc_FFDDE454:
FFDDE454  4BFFF679  bl      sub_FFDDDACC
FFDDE458  7C7B0735  extsh.  r27, r3
loc_FFDDE45C:
FFDDE45C  387C0000  addi    r3, r28, 0x0
FFDDE460  41820038  beq     loc_FFDDE498
FFDDE464  2C9B0001  cmpwi   cr1, r27, 0x1
FFDDE468  387C0000  addi    r3, r28, 0x0
FFDDE46C  41860080  beq     cr1, loc_FFDDE4EC
FFDDE470  2C9B0002  cmpwi   cr1, r27, 0x2
FFDDE474  38C00001  li      r6, 0x1
FFDDE478  4186FCB0  beq     cr1, loc_FFDDE128
FFDDE47C  38C00002  li      r6, 0x2
FFDDE480  2C060003  cmpwi   cr0, r6, 0x3
FFDDE484  93C10038  stw     r30, 0x38(r1)
FFDDE488  93C1003C  stw     r30, 0x3C(r1)
FFDDE48C  93BC0028  stw     r29, 0x28(r28)
FFDDE490  3B600000  li      r27, 0x0
FFDDE494  4BFFFCA8  b       loc_FFDDE13C
loc_FFDDE498:
FFDDE498  4BFFF97D  bl      sub_FFDDDE14
FFDDE49C  7C7B0735  extsh.  r27, r3
FFDDE4A0  41820070  beq     loc_FFDDE510
FFDDE4A4  2C9B0001  cmpwi   cr1, r27, 0x1
FFDDE4A8  387C0000  addi    r3, r28, 0x0
FFDDE4AC  41860040  beq     cr1, loc_FFDDE4EC
FFDDE4B0  2C9B0002  cmpwi   cr1, r27, 0x2
FFDDE4B4  38C00001  li      r6, 0x1
FFDDE4B8  4186FC70  beq     cr1, loc_FFDDE128
FFDDE4BC  38C00002  li      r6, 0x2
FFDDE4C0  2C060003  cmpwi   cr0, r6, 0x3
FFDDE4C4  93C10038  stw     r30, 0x38(r1)
FFDDE4C8  93C1003C  stw     r30, 0x3C(r1)
FFDDE4CC  93BC0028  stw     r29, 0x28(r28)
FFDDE4D0  3B600000  li      r27, 0x0
FFDDE4D4  4082FC98  bne     loc_FFDDE16C
FFDDE4D8  80C1003C  lwz     r6, 0x3C(r1)
FFDDE4DC  4C421242  crset   crb2
FFDDE4E0  2C860000  cmpwi   cr1, r6, 0x0
FFDDE4E4  4086FE6C  bne     cr1, loc_FFDDE350
FFDDE4E8  4BFFFC68  b       loc_FFDDE150
loc_FFDDE4EC:
FFDDE4EC  4BFFE021  bl      sub_FFDDC50C
FFDDE4F0  2C9B0002  cmpwi   cr1, r27, 0x2
FFDDE4F4  38C00001  li      r6, 0x1
loc_FFDDE4F8:
FFDDE4F8  4186FC30  beq     cr1, loc_FFDDE128
FFDDE4FC  38C00002  li      r6, 0x2
FFDDE500  2C060003  cmpwi   cr0, r6, 0x3
FFDDE504  93C10038  stw     r30, 0x38(r1)
FFDDE508  93C1003C  stw     r30, 0x3C(r1)
FFDDE50C  4BFFFC28  b       loc_FFDDE134
loc_FFDDE510:
FFDDE510  81810068  lwz     r12, 0x68(r1)
FFDDE514  30210060  addic   r1, r1, 0x60
FFDDE518  7D8803A6  mtspr   LR, r12
FFDDE51C  BB61FFEC  lmw     r27, -0x14(r1)
FFDDE520  38600998  li      r3, 0x998
FFDDE524  4E800020  blr

glue_InitFonts:
FFDDE528  81820000  lwz     r12, 0x0(r2)                       ; TOC[+0] InitFonts
FFDDE52C  90410014  stw     r2, 0x14(r1)
FFDDE530  800C0000  lwz     r0, 0x0(r12)
FFDDE534  804C0004  lwz     r2, 0x4(r12)
FFDDE538  7C0903A6  mtspr   CTR, r0
FFDDE53C  4E800420  bctr

sub_FFDDE540:
FFDDE540  BF41FFE8  stmw    r26, -0x18(r1)
FFDDE544  83E00D32  lwz     r31, 0xD32
FFDDE548  7C0802A6  mfspr   r0, LR
FFDDE54C  835F0000  lwz     r26, 0x0(r31)
FFDDE550  90010008  stw     r0, 0x8(r1)
FFDDE554  9421FFA0  stwu    r1, -0x60(r1)
FFDDE558  387F0000  addi    r3, r31, 0x0
FFDDE55C  48000EB5  bl      glue_GetHandleSize
FFDDE560  80410014  lwz     r2, 0x14(r1)
FFDDE564  7F7A1814  addc    r27, r26, r3
FFDDE568  7C1AD840  cmplw   r26, r27
FFDDE56C  3C800001  lis     r4, 0x0001
FFDDE570  33C4FFFF  addic   r30, r4, -0x1
FFDDE574  33BAFFF0  addic   r29, r26, -0x10
FFDDE578  408000DC  bge     loc_FFDDE654
FFDDE57C  3B80FFFF  li      r28, -0x1
loc_FFDDE580:
FFDDE580  A49D0014  lhzu    r4, 0x14(r29)
FFDDE584  7C84F000  cmpw    cr1, r4, r30
FFDDE588  A89D0002  lha     r4, 0x2(r29)
FFDDE58C  2C04FFFF  cmpwi   cr0, r4, 0xFFFF
FFDDE590  4086004C  bne     cr1, loc_FFDDE5DC
FFDDE594  40820048  bne     loc_FFDDE5DC
FFDDE598  335A0014  addic   r26, r26, 0x14
FFDDE59C  7C1AD840  cmplw   r26, r27
FFDDE5A0  408000B4  bge     loc_FFDDE654
FFDDE5A4  A49D0014  lhzu    r4, 0x14(r29)
FFDDE5A8  7C84F000  cmpw    cr1, r4, r30
FFDDE5AC  A89D0002  lha     r4, 0x2(r29)
FFDDE5B0  2C04FFFF  cmpwi   cr0, r4, 0xFFFF
FFDDE5B4  40860080  bne     cr1, loc_FFDDE634
FFDDE5B8  4082007C  bne     loc_FFDDE634
FFDDE5BC  335A0014  addic   r26, r26, 0x14
FFDDE5C0  7C1AD840  cmplw   r26, r27
FFDDE5C4  4180FFBC  blt     loc_FFDDE580
FFDDE5C8  387F0000  addi    r3, r31, 0x0
FFDDE5CC  38800014  li      r4, 0x14
FFDDE5D0  48000E59  bl      glue_SetHandleSize
FFDDE5D4  80410014  lwz     r2, 0x14(r1)
FFDDE5D8  4800008C  b       loc_FFDDE664
loc_FFDDE5DC:
FFDDE5DC  807DFFFC  lwz     r3, -0x4(r29)
FFDDE5E0  48000E61  bl      glue_DisposeHandle
FFDDE5E4  80410014  lwz     r2, 0x14(r1)
FFDDE5E8  335A0014  addic   r26, r26, 0x14
FFDDE5EC  7C1AD840  cmplw   r26, r27
FFDDE5F0  B3DD0000  sth     r30, 0x0(r29)
FFDDE5F4  B39D0002  sth     r28, 0x2(r29)
FFDDE5F8  4080005C  bge     loc_FFDDE654
FFDDE5FC  A49D0014  lhzu    r4, 0x14(r29)
FFDDE600  7C84F000  cmpw    cr1, r4, r30
FFDDE604  A89D0002  lha     r4, 0x2(r29)
FFDDE608  2C04FFFF  cmpwi   cr0, r4, 0xFFFF
FFDDE60C  40860028  bne     cr1, loc_FFDDE634
FFDDE610  40820024  bne     loc_FFDDE634
FFDDE614  335A0014  addic   r26, r26, 0x14
FFDDE618  7C1AD840  cmplw   r26, r27
FFDDE61C  4180FF64  blt     loc_FFDDE580
FFDDE620  387F0000  addi    r3, r31, 0x0
FFDDE624  38800014  li      r4, 0x14
FFDDE628  48000E01  bl      glue_SetHandleSize
FFDDE62C  80410014  lwz     r2, 0x14(r1)
FFDDE630  48000034  b       loc_FFDDE664
loc_FFDDE634:
FFDDE634  807DFFFC  lwz     r3, -0x4(r29)
FFDDE638  48000E09  bl      glue_DisposeHandle
FFDDE63C  80410014  lwz     r2, 0x14(r1)
FFDDE640  335A0014  addic   r26, r26, 0x14
FFDDE644  7C1AD840  cmplw   r26, r27
FFDDE648  B3DD0000  sth     r30, 0x0(r29)
FFDDE64C  B39D0002  sth     r28, 0x2(r29)
FFDDE650  4180FF30  blt     loc_FFDDE580
loc_FFDDE654:
FFDDE654  387F0000  addi    r3, r31, 0x0
FFDDE658  38800014  li      r4, 0x14
FFDDE65C  48000DCD  bl      glue_SetHandleSize
FFDDE660  80410014  lwz     r2, 0x14(r1)
loc_FFDDE664:
FFDDE664  81810068  lwz     r12, 0x68(r1)
FFDDE668  30210060  addic   r1, r1, 0x60
FFDDE66C  7D8803A6  mtspr   LR, r12
FFDDE670  BB41FFE8  lmw     r26, -0x18(r1)
FFDDE674  38600000  li      r3, 0x0
FFDDE678  4E800020  blr

sub_FFDDE67C:
FFDDE67C  BF41FFE8  stmw    r26, -0x18(r1)
FFDDE680  3BA30000  addi    r29, r3, 0x0
FFDDE684  80600D32  lwz     r3, 0xD32
FFDDE688  3B640000  addi    r27, r4, 0x0
FFDDE68C  7C0802A6  mfspr   r0, LR
FFDDE690  3BC50000  addi    r30, r5, 0x0
FFDDE694  90010008  stw     r0, 0x8(r1)
FFDDE698  9421FFA0  stwu    r1, -0x60(r1)
FFDDE69C  3BE60000  addi    r31, r6, 0x0
FFDDE6A0  3B870000  addi    r28, r7, 0x0
FFDDE6A4  83430000  lwz     r26, 0x0(r3)
FFDDE6A8  48000D69  bl      glue_GetHandleSize
FFDDE6AC  80410014  lwz     r2, 0x14(r1)
FFDDE6B0  7CDA1814  addc    r6, r26, r3
FFDDE6B4  7C9A3040  cmplw   cr1, r26, r6
FFDDE6B8  57A5043E  clrlwi  r5, r29, 16
FFDDE6BC  30E3FFFF  addic   r7, r3, -0x1
FFDDE6C0  38600006  li      r3, 0x6
FFDDE6C4  40840130  bge     cr1, loc_FFDDE7F4
FFDDE6C8  30C6FFFF  addic   r6, r6, -0x1
FFDDE6CC  7C1A3040  cmplw   r26, r6
FFDDE6D0  39200014  li      r9, 0x14
FFDDE6D4  7CE74B96  divwu   r7, r7, r9
FFDDE6D8  30E70001  addic   r7, r7, 0x1
FFDDE6DC  7CE903A6  mtspr   CTR, r7
FFDDE6E0  7F660734  extsh   r6, r27
FFDDE6E4  57C8063E  clrlwi  r8, r30, 24
FFDDE6E8  30FAFFF0  addic   r7, r26, -0x10
loc_FFDDE6EC:
FFDDE6EC  A5270014  lhzu    r9, 0x14(r7)
FFDDE6F0  7C892800  cmpw    cr1, r9, r5
FFDDE6F4  A9270002  lha     r9, 0x2(r7)
FFDDE6F8  7F093000  cmpw    cr6, r9, r6
FFDDE6FC  4186000C  beq     cr1, loc_FFDDE708
FFDDE700  4001FFEC  bdnzf   gt, loc_FFDDE6EC
FFDDE704  480000F0  b       loc_FFDDE7F4
loc_FFDDE708:
FFDDE708  419A000C  beq     cr6, loc_FFDDE714
FFDDE70C  4001FFE0  bdnzf   gt, loc_FFDDE6EC
FFDDE710  480000E4  b       loc_FFDDE7F4
loc_FFDDE714:
FFDDE714  83C7FFFC  lwz     r30, -0x4(r7)
FFDDE718  813E0000  lwz     r9, 0x0(r30)
FFDDE71C  2C890000  cmpwi   cr1, r9, 0x0
FFDDE720  A9890000  lha     r12, 0x0(r9)
FFDDE724  5589F77E  extrwi  r9, r12, 3, 27
FFDDE728  4086000C  bne     cr1, loc_FFDDE734
FFDDE72C  4001FFC0  bdnzf   gt, loc_FFDDE6EC
FFDDE730  480000C4  b       loc_FFDDE7F4
loc_FFDDE734:
FFDDE734  7F094000  cmpw    cr6, r9, r8
FFDDE738  A1470004  lhz     r10, 0x4(r7)
FFDDE73C  419A000C  beq     cr6, loc_FFDDE748
FFDDE740  4001FFAC  bdnzf   gt, loc_FFDDE6EC
FFDDE744  480000B0  b       loc_FFDDE7F4
loc_FFDDE748:
FFDDE748  A13F0000  lhz     r9, 0x0(r31)
FFDDE74C  A1670006  lhz     r11, 0x6(r7)
FFDDE750  7C8A4800  cmpw    cr1, r10, r9
FFDDE754  A13F0002  lhz     r9, 0x2(r31)
FFDDE758  7F0B4800  cmpw    cr6, r11, r9
FFDDE75C  4186000C  beq     cr1, loc_FFDDE768
FFDDE760  4001FF8C  bdnzf   gt, loc_FFDDE6EC
FFDDE764  48000090  b       loc_FFDDE7F4
loc_FFDDE768:
FFDDE768  A1270008  lhz     r9, 0x8(r7)
FFDDE76C  A15F0004  lhz     r10, 0x4(r31)
FFDDE770  419A000C  beq     cr6, loc_FFDDE77C
FFDDE774  4001FF78  bdnzf   gt, loc_FFDDE6EC
FFDDE778  4800007C  b       loc_FFDDE7F4
loc_FFDDE77C:
FFDDE77C  7C895000  cmpw    cr1, r9, r10
FFDDE780  A147000A  lhz     r10, 0xA(r7)
FFDDE784  4186000C  beq     cr1, loc_FFDDE790
FFDDE788  4001FF64  bdnzf   gt, loc_FFDDE6EC
FFDDE78C  48000068  b       loc_FFDDE7F4
loc_FFDDE790:
FFDDE790  A13C0000  lhz     r9, 0x0(r28)
FFDDE794  A167000C  lhz     r11, 0xC(r7)
FFDDE798  7F0A4800  cmpw    cr6, r10, r9
FFDDE79C  A13C0002  lhz     r9, 0x2(r28)
FFDDE7A0  7C8B4800  cmpw    cr1, r11, r9
FFDDE7A4  419A000C  beq     cr6, loc_FFDDE7B0
FFDDE7A8  4001FF44  bdnzf   gt, loc_FFDDE6EC
FFDDE7AC  48000048  b       loc_FFDDE7F4
loc_FFDDE7B0:
FFDDE7B0  A127000E  lhz     r9, 0xE(r7)
FFDDE7B4  A15C0004  lhz     r10, 0x4(r28)
FFDDE7B8  4186000C  beq     cr1, loc_FFDDE7C4
FFDDE7BC  4001FF30  bdnzf   gt, loc_FFDDE6EC
FFDDE7C0  48000034  b       loc_FFDDE7F4
loc_FFDDE7C4:
FFDDE7C4  7F095000  cmpw    cr6, r9, r10
FFDDE7C8  419A000C  beq     cr6, loc_FFDDE7D4
FFDDE7CC  4001FF20  bdnzf   gt, loc_FFDDE6EC
FFDDE7D0  48000024  b       loc_FFDDE7F4
loc_FFDDE7D4:
FFDDE7D4  5585C23E  srwi    r5, r12, 8
FFDDE7D8  7CA01120  mtcrf   0x01, r5
FFDDE7DC  387E0000  addi    r3, r30, 0x0
FFDDE7E0  409F000C  bns     cr7, loc_FFDDE7EC
FFDDE7E4  48000C75  bl      glue_HNoPurge
FFDDE7E8  80410014  lwz     r2, 0x14(r1)
loc_FFDDE7EC:
FFDDE7EC  93C0099A  stw     r30, 0x99A                         ; W low memory TFOutFontHandle ($99A)
FFDDE7F0  38600000  li      r3, 0x0
loc_FFDDE7F4:
FFDDE7F4  81810068  lwz     r12, 0x68(r1)
FFDDE7F8  30210060  addic   r1, r1, 0x60
FFDDE7FC  7D8803A6  mtspr   LR, r12
FFDDE800  BB41FFE8  lmw     r26, -0x18(r1)
FFDDE804  4E800020  blr

sub_FFDDE808:
FFDDE808  BF01FFE0  stmw    r24, -0x20(r1)
FFDDE80C  83400D32  lwz     r26, 0xD32
FFDDE810  3BC70000  addi    r30, r7, 0x0
FFDDE814  7C0802A6  mfspr   r0, LR
FFDDE818  3B830000  addi    r28, r3, 0x0
FFDDE81C  90010008  stw     r0, 0x8(r1)
FFDDE820  3BA40000  addi    r29, r4, 0x0
FFDDE824  9421FFA0  stwu    r1, -0x60(r1)
FFDDE828  3BE50000  addi    r31, r5, 0x0
FFDDE82C  3B660000  addi    r27, r6, 0x0
FFDDE830  387A0000  addi    r3, r26, 0x0
FFDDE834  48000BDD  bl      glue_GetHandleSize
FFDDE838  80410014  lwz     r2, 0x14(r1)
FFDDE83C  833A0000  lwz     r25, 0x0(r26)
FFDDE840  3B030000  addi    r24, r3, 0x0
FFDDE844  7D19C014  addc    r8, r25, r24
FFDDE848  7C994040  cmplw   cr1, r25, r8
FFDDE84C  4C421242  crset   crb2
FFDDE850  3CA00001  lis     r5, 0x0001
FFDDE854  40840048  bge     cr1, loc_FFDDE89C
FFDDE858  30A5FFFF  addic   r5, r5, -0x1
FFDDE85C  30F90014  addic   r7, r25, 0x14
loc_FFDDE860:
FFDDE860  A1390004  lhz     r9, 0x4(r25)
FFDDE864  A9590006  lha     r10, 0x6(r25)
FFDDE868  7C892800  cmpw    cr1, r9, r5
FFDDE86C  2F0AFFFF  cmpwi   cr6, r10, 0xFFFF
FFDDE870  80790000  lwz     r3, 0x0(r25)
FFDDE874  40860008  bne     cr1, loc_FFDDE87C
FFDDE878  419A0070  beq     cr6, loc_FFDDE8E8
loc_FFDDE87C:
FFDDE87C  81230000  lwz     r9, 0x0(r3)
FFDDE880  2C890000  cmpwi   cr1, r9, 0x0
FFDDE884  4186005C  beq     cr1, loc_FFDDE8E0
FFDDE888  3B270000  addi    r25, r7, 0x0
FFDDE88C  4082005C  bne     loc_FFDDE8E8
FFDDE890  7F194040  cmplw   cr6, r25, r8
FFDDE894  30F90014  addic   r7, r25, 0x14
FFDDE898  4198FFC8  blt     cr6, loc_FFDDE860
loc_FFDDE89C:
FFDDE89C  30980014  addic   r4, r24, 0x14
FFDDE8A0  387A0000  addi    r3, r26, 0x0
FFDDE8A4  48000B85  bl      glue_SetHandleSize
FFDDE8A8  80410014  lwz     r2, 0x14(r1)
FFDDE8AC  80BA0000  lwz     r5, 0x0(r26)
FFDDE8B0  7F25C014  addc    r25, r5, r24
FFDDE8B4  48000BBD  bl      glue_MemError
FFDDE8B8  80410014  lwz     r2, 0x14(r1)
FFDDE8BC  7C650735  extsh.  r5, r3
FFDDE8C0  38B90000  addi    r5, r25, 0x0
FFDDE8C4  41820024  beq     loc_FFDDE8E8
FFDDE8C8  3339FFEC  addic   r25, r25, -0x14
FFDDE8CC  8065FFEC  lwz     r3, -0x14(r5)
FFDDE8D0  48000B71  bl      glue_DisposeHandle
FFDDE8D4  80410014  lwz     r2, 0x14(r1)
FFDDE8D8  93990000  stw     r28, 0x0(r25)
FFDDE8DC  48000010  b       loc_FFDDE8EC
loc_FFDDE8E0:
FFDDE8E0  48000B61  bl      glue_DisposeHandle
FFDDE8E4  80410014  lwz     r2, 0x14(r1)
loc_FFDDE8E8:
FFDDE8E8  93990000  stw     r28, 0x0(r25)
loc_FFDDE8EC:
FFDDE8EC  81810068  lwz     r12, 0x68(r1)
FFDDE8F0  B3B90004  sth     r29, 0x4(r25)
FFDDE8F4  30F9000E  addic   r7, r25, 0xE
FFDDE8F8  38600000  li      r3, 0x0
FFDDE8FC  B3F90006  sth     r31, 0x6(r25)
FFDDE900  7CBB34AA  lswi    r5, r27, 0x6
FFDDE904  31190008  addic   r8, r25, 0x8
FFDDE908  7CA835AA  stswi   r5, r8, 0x6
FFDDE90C  7CBE34AA  lswi    r5, r30, 0x6
FFDDE910  7D8803A6  mtspr   LR, r12
FFDDE914  30210060  addic   r1, r1, 0x60
FFDDE918  BB01FFE0  lmw     r24, -0x20(r1)
FFDDE91C  7CA735AA  stswi   r5, r7, 0x6
FFDDE920  4E800020  blr

sub_FFDDE924:
FFDDE924  80A002B6  lwz     r5, 0x2B6                          ; R low memory BasicGlob ($2B6)
FFDDE928  7C600734  extsh   r0, r3
FFDDE92C  80A50068  lwz     r5, 0x68(r5)
FFDDE930  38600006  li      r3, 0x6
FFDDE934  2C050000  cmpwi   cr0, r5, 0x0
FFDDE938  40820008  bne     loc_FFDDE940
FFDDE93C  4E800020  blr
loc_FFDDE940:
FFDDE940  80A50000  lwz     r5, 0x0(r5)
FFDDE944  80C5009A  lwz     r6, 0x9A(r5)
FFDDE948  2C860000  cmpwi   cr1, r6, 0x0
FFDDE94C  80E60000  lwz     r7, 0x0(r6)
FFDDE950  4186001C  beq     cr1, loc_FFDDE96C
FFDDE954  A8E70000  lha     r7, 0x0(r7)
FFDDE958  7C070000  cmpw    r7, r0
FFDDE95C  40820010  bne     loc_FFDDE96C
loc_FFDDE960:
FFDDE960  90C40000  stw     r6, 0x0(r4)
FFDDE964  38600000  li      r3, 0x0
FFDDE968  4E800020  blr
loc_FFDDE96C:
FFDDE96C  80C5009E  lwz     r6, 0x9E(r5)
FFDDE970  2C060000  cmpwi   cr0, r6, 0x0
FFDDE974  80A60000  lwz     r5, 0x0(r6)
FFDDE978  40820008  bne     loc_FFDDE980
FFDDE97C  4E800020  blr
loc_FFDDE980:
FFDDE980  A8A50000  lha     r5, 0x0(r5)
FFDDE984  7C850000  cmpw    cr1, r5, r0
FFDDE988  4186FFD8  beq     cr1, loc_FFDDE960
FFDDE98C  4E800020  blr

sub_FFDDE990:
FFDDE990  BFC1FFF8  stmw    r30, -0x8(r1)
FFDDE994  808002B6  lwz     r4, 0x2B6                          ; R low memory BasicGlob ($2B6)
FFDDE998  3BC30000  addi    r30, r3, 0x0
FFDDE99C  80640068  lwz     r3, 0x68(r4)
FFDDE9A0  7C0802A6  mfspr   r0, LR
FFDDE9A4  2C030000  cmpwi   cr0, r3, 0x0
FFDDE9A8  90010008  stw     r0, 0x8(r1)
FFDDE9AC  9421FFB0  stwu    r1, -0x50(r1)
FFDDE9B0  4082001C  bne     loc_FFDDE9CC
FFDDE9B4  81810058  lwz     r12, 0x58(r1)
FFDDE9B8  30210050  addic   r1, r1, 0x50
FFDDE9BC  7D8803A6  mtspr   LR, r12
FFDDE9C0  BBC1FFF8  lmw     r30, -0x8(r1)
FFDDE9C4  38600000  li      r3, 0x0
FFDDE9C8  4E800020  blr
loc_FFDDE9CC:
FFDDE9CC  83E30000  lwz     r31, 0x0(r3)
FFDDE9D0  807F009A  lwz     r3, 0x9A(r31)
FFDDE9D4  2C830000  cmpwi   cr1, r3, 0x0
FFDDE9D8  40860028  bne     cr1, loc_FFDDEA00
FFDDE9DC  807F009E  lwz     r3, 0x9E(r31)
FFDDE9E0  81810058  lwz     r12, 0x58(r1)
FFDDE9E4  907F009A  stw     r3, 0x9A(r31)
FFDDE9E8  93DF009E  stw     r30, 0x9E(r31)
FFDDE9EC  7D8803A6  mtspr   LR, r12
FFDDE9F0  30210050  addic   r1, r1, 0x50
FFDDE9F4  BBC1FFF8  lmw     r30, -0x8(r1)
FFDDE9F8  38600000  li      r3, 0x0
FFDDE9FC  4E800020  blr
loc_FFDDEA00:
FFDDEA00  48000A41  bl      glue_DisposeHandle
FFDDEA04  80410014  lwz     r2, 0x14(r1)
FFDDEA08  807F009E  lwz     r3, 0x9E(r31)
FFDDEA0C  81810058  lwz     r12, 0x58(r1)
FFDDEA10  907F009A  stw     r3, 0x9A(r31)
FFDDEA14  93DF009E  stw     r30, 0x9E(r31)
FFDDEA18  30210050  addic   r1, r1, 0x50
FFDDEA1C  7D8803A6  mtspr   LR, r12
FFDDEA20  BBC1FFF8  lmw     r30, -0x8(r1)
FFDDEA24  38600000  li      r3, 0x0
FFDDEA28  4E800020  blr

sub_FFDDEA2C:
FFDDEA2C  7C0802A6  mfspr   r0, LR
FFDDEA30  93E1FFFC  stw     r31, -0x4(r1)
FFDDEA34  90010008  stw     r0, 0x8(r1)
FFDDEA38  9421FFB0  stwu    r1, -0x50(r1)
FFDDEA3C  3BE30000  addi    r31, r3, 0x0
FFDDEA40  3880044A  li      r4, 0x44A
FFDDEA44  480009E5  bl      glue_SetHandleSize
FFDDEA48  80410014  lwz     r2, 0x14(r1)
FFDDEA4C  48000A25  bl      glue_MemError
FFDDEA50  80410014  lwz     r2, 0x14(r1)
FFDDEA54  7C600735  extsh.  r0, r3
FFDDEA58  38600019  li      r3, 0x19
FFDDEA5C  4082003C  bne     loc_FFDDEA98
FFDDEA60  809F0000  lwz     r4, 0x0(r31)
FFDDEA64  81810058  lwz     r12, 0x58(r1)
FFDDEA68  3800FFFF  li      r0, -0x1
FFDDEA6C  B004040C  sth     r0, 0x40C(r4)
FFDDEA70  7D8803A6  mtspr   LR, r12
FFDDEA74  83E1004C  lwz     r31, 0x4C(r1)
FFDDEA78  90040400  stw     r0, 0x400(r4)
FFDDEA7C  38000001  li      r0, 0x1
FFDDEA80  38600000  li      r3, 0x0
FFDDEA84  98640448  stb     r3, 0x448(r4)
FFDDEA88  30210050  addic   r1, r1, 0x50
FFDDEA8C  98640436  stb     r3, 0x436(r4)
FFDDEA90  98040439  stb     r0, 0x439(r4)
FFDDEA94  4E800020  blr
loc_FFDDEA98:
FFDDEA98  480009F1  bl      glue_SysError
FFDDEA9C  80410014  lwz     r2, 0x14(r1)
FFDDEAA0  809F0000  lwz     r4, 0x0(r31)
FFDDEAA4  81810058  lwz     r12, 0x58(r1)
FFDDEAA8  3800FFFF  li      r0, -0x1
FFDDEAAC  B004040C  sth     r0, 0x40C(r4)
FFDDEAB0  7D8803A6  mtspr   LR, r12
FFDDEAB4  83E1004C  lwz     r31, 0x4C(r1)
FFDDEAB8  90040400  stw     r0, 0x400(r4)
FFDDEABC  38000001  li      r0, 0x1
FFDDEAC0  38600000  li      r3, 0x0
FFDDEAC4  98640448  stb     r3, 0x448(r4)
FFDDEAC8  30210050  addic   r1, r1, 0x50
FFDDEACC  98640436  stb     r3, 0x436(r4)
FFDDEAD0  98040439  stb     r0, 0x439(r4)
FFDDEAD4  4E800020  blr

sub_FFDDEAD8:
FFDDEAD8  7C0802A6  mfspr   r0, LR
FFDDEADC  9421FFC0  stwu    r1, -0x40(r1)
FFDDEAE0  90010048  stw     r0, 0x48(r1)
FFDDEAE4  80600B2A  lwz     r3, 0xB2A
FFDDEAE8  4BFFFF45  bl      sub_FFDDEA2C
FFDDEAEC  81810048  lwz     r12, 0x48(r1)
FFDDEAF0  3800FFFF  li      r0, -0x1
FFDDEAF4  30210040  addic   r1, r1, 0x40
FFDDEAF8  7D8803A6  mtspr   LR, r12
FFDDEAFC  38600000  li      r3, 0x0
FFDDEB00  B0000988  sth     r0, 0x988                          ; W low memory CurFMInput ($988)
FFDDEB04  4E800020  blr

sub_FFDDEB08:
FFDDEB08  BF81FFF0  stmw    r28, -0x10(r1)
FFDDEB0C  83E008E4  lwz     r31, 0x8E4                         ; R low memory JFontInfo ($8E4)
FFDDEB10  7C0802A6  mfspr   r0, LR
FFDDEB14  2C1F0000  cmpwi   cr0, r31, 0x0
FFDDEB18  90010008  stw     r0, 0x8(r1)
FFDDEB1C  9421FFB0  stwu    r1, -0x50(r1)
FFDDEB20  387F0000  addi    r3, r31, 0x0
FFDDEB24  418200F8  beq     loc_FFDDEC1C
FFDDEB28  48000979  bl      glue_HGetState
FFDDEB2C  80410014  lwz     r2, 0x14(r1)
FFDDEB30  7C7E0774  extsb   r30, r3
FFDDEB34  387F0000  addi    r3, r31, 0x0
FFDDEB38  48000981  bl      glue_HLock
FFDDEB3C  80410014  lwz     r2, 0x14(r1)
FFDDEB40  83BF0000  lwz     r29, 0x0(r31)
FFDDEB44  3B800000  li      r28, 0x0
FFDDEB48  807D0000  lwz     r3, 0x0(r29)
FFDDEB4C  2C030000  cmpwi   cr0, r3, 0x0
FFDDEB50  418200BC  beq     loc_FFDDEC0C
loc_FFDDEB54:
FFDDEB54  80C30000  lwz     r6, 0x0(r3)
FFDDEB58  2C860000  cmpwi   cr1, r6, 0x0
FFDDEB5C  40860040  bne     cr1, loc_FFDDEB9C
FFDDEB60  339C0001  addic   r28, r28, 0x1
FFDDEB64  2C1C000C  cmpwi   cr0, r28, 0xC
FFDDEB68  408000A4  bge     loc_FFDDEC0C
FFDDEB6C  847D0004  lwzu    r3, 0x4(r29)
FFDDEB70  2C830000  cmpwi   cr1, r3, 0x0
FFDDEB74  80C30000  lwz     r6, 0x0(r3)
FFDDEB78  2C060000  cmpwi   cr0, r6, 0x0
FFDDEB7C  41860090  beq     cr1, loc_FFDDEC0C
FFDDEB80  40820070  bne     loc_FFDDEBF0
FFDDEB84  339C0001  addic   r28, r28, 0x1
FFDDEB88  2C9C000C  cmpwi   cr1, r28, 0xC
FFDDEB8C  847D0004  lwzu    r3, 0x4(r29)
FFDDEB90  2C030000  cmpwi   cr0, r3, 0x0
FFDDEB94  40840078  bge     cr1, loc_FFDDEC0C
FFDDEB98  48000070  b       loc_FFDDEC08
loc_FFDDEB9C:
FFDDEB9C  4BFFFE91  bl      sub_FFDDEA2C
FFDDEBA0  339C0001  addic   r28, r28, 0x1
FFDDEBA4  2C1C000C  cmpwi   cr0, r28, 0xC
FFDDEBA8  40800064  bge     loc_FFDDEC0C
FFDDEBAC  847D0004  lwzu    r3, 0x4(r29)
FFDDEBB0  2C830000  cmpwi   cr1, r3, 0x0
FFDDEBB4  80C30000  lwz     r6, 0x0(r3)
FFDDEBB8  2C060000  cmpwi   cr0, r6, 0x0
FFDDEBBC  41860050  beq     cr1, loc_FFDDEC0C
FFDDEBC0  40820030  bne     loc_FFDDEBF0
FFDDEBC4  339C0001  addic   r28, r28, 0x1
FFDDEBC8  2C9C000C  cmpwi   cr1, r28, 0xC
FFDDEBCC  847D0004  lwzu    r3, 0x4(r29)
FFDDEBD0  2C030000  cmpwi   cr0, r3, 0x0
FFDDEBD4  40840038  bge     cr1, loc_FFDDEC0C
FFDDEBD8  4082FF7C  bne     loc_FFDDEB54
FFDDEBDC  387F0000  addi    r3, r31, 0x0
FFDDEBE0  389E0000  addi    r4, r30, 0x0
FFDDEBE4  480008ED  bl      glue_HSetState
FFDDEBE8  80410014  lwz     r2, 0x14(r1)
FFDDEBEC  48000030  b       loc_FFDDEC1C
loc_FFDDEBF0:
FFDDEBF0  4BFFFE3D  bl      sub_FFDDEA2C
FFDDEBF4  339C0001  addic   r28, r28, 0x1
FFDDEBF8  2C9C000C  cmpwi   cr1, r28, 0xC
FFDDEBFC  847D0004  lwzu    r3, 0x4(r29)
FFDDEC00  2C030000  cmpwi   cr0, r3, 0x0
FFDDEC04  40840008  bge     cr1, loc_FFDDEC0C
loc_FFDDEC08:
FFDDEC08  4082FF4C  bne     loc_FFDDEB54
loc_FFDDEC0C:
FFDDEC0C  387F0000  addi    r3, r31, 0x0
FFDDEC10  389E0000  addi    r4, r30, 0x0
FFDDEC14  480008BD  bl      glue_HSetState
FFDDEC18  80410014  lwz     r2, 0x14(r1)
loc_FFDDEC1C:
FFDDEC1C  81810058  lwz     r12, 0x58(r1)
FFDDEC20  30210050  addic   r1, r1, 0x50
FFDDEC24  7D8803A6  mtspr   LR, r12
FFDDEC28  BB81FFF0  lmw     r28, -0x10(r1)
FFDDEC2C  38600000  li      r3, 0x0
FFDDEC30  4E800020  blr

sub_FFDDEC34:
FFDDEC34  BEE1FFDC  stmw    r23, -0x24(r1)
FFDDEC38  3BC0FFFF  li      r30, -0x1
FFDDEC3C  838008E4  lwz     r28, 0x8E4                         ; R low memory JFontInfo ($8E4)
FFDDEC40  7C0802A6  mfspr   r0, LR
FFDDEC44  80FC0000  lwz     r7, 0x0(r28)
FFDDEC48  90010008  stw     r0, 0x8(r1)
FFDDEC4C  3B7E0000  addi    r27, r30, 0x0
FFDDEC50  3AE40000  addi    r23, r4, 0x0
FFDDEC54  3B400000  li      r26, 0x0
FFDDEC58  9421FF90  stwu    r1, -0x70(r1)
FFDDEC5C  3BA50000  addi    r29, r5, 0x0
FFDDEC60  39600000  li      r11, 0x0
FFDDEC64  3B000000  li      r24, 0x0
FFDDEC68  3B3E0000  addi    r25, r30, 0x0
FFDDEC6C  3087FFFC  addic   r4, r7, -0x4
loc_FFDDEC70:
FFDDEC70  85040004  lwzu    r8, 0x4(r4)
FFDDEC74  318B0001  addic   r12, r11, 0x1
FFDDEC78  2F080000  cmpwi   cr6, r8, 0x0
FFDDEC7C  87E40004  lwzu    r31, 0x4(r4)
FFDDEC80  2C8C000C  cmpwi   cr1, r12, 0xC
FFDDEC84  2C1F0000  cmpwi   cr0, r31, 0x0
FFDDEC88  80C80000  lwz     r6, 0x0(r8)
FFDDEC8C  409A0278  bne     cr6, loc_FFDDEF04
FFDDEC90  3B0B0000  addi    r24, r11, 0x0
FFDDEC94  3B400001  li      r26, 0x1
FFDDEC98  48000278  b       loc_FFDDEF10
loc_FFDDEC9C:
FFDDEC9C  A926040C  lha     r9, 0x40C(r6)
FFDDECA0  3B6B0000  addi    r27, r11, 0x0
FFDDECA4  2F09FFFF  cmpwi   cr6, r9, 0xFFFF
FFDDECA8  409A001C  bne     cr6, loc_FFDDECC4
FFDDECAC  3B2B0000  addi    r25, r11, 0x0
FFDDECB0  2F9A0000  cmpwi   cr7, r26, 0x0
FFDDECB4  316B0002  addic   r11, r11, 0x2
FFDDECB8  40840540  bge     cr1, loc_FFDDF1F8
FFDDECBC  2C8B000C  cmpwi   cr1, r11, 0xC
FFDDECC0  48000260  b       loc_FFDDEF20
loc_FFDDECC4:
FFDDECC4  A9430000  lha     r10, 0x0(r3)
FFDDECC8  A8A30002  lha     r5, 0x2(r3)
FFDDECCC  7F095000  cmpw    cr6, r9, r10
FFDDECD0  419A0038  beq     cr6, loc_FFDDED08
FFDDECD4  2F9A0000  cmpwi   cr7, r26, 0x0
FFDDECD8  316B0002  addic   r11, r11, 0x2
FFDDECDC  4084051C  bge     cr1, loc_FFDDF1F8
FFDDECE0  2C8B000C  cmpwi   cr1, r11, 0xC
FFDDECE4  409E0514  bne     cr7, loc_FFDDF1F8
FFDDECE8  80DF0000  lwz     r6, 0x0(r31)
FFDDECEC  2F060000  cmpwi   cr6, r6, 0x0
FFDDECF0  408204C4  bne     loc_FFDDF1B4
FFDDECF4  3B400001  li      r26, 0x1
FFDDECF8  2C1A0000  cmpwi   cr0, r26, 0x0
FFDDECFC  3B0C0000  addi    r24, r12, 0x0
FFDDED00  408404FC  bge     cr1, loc_FFDDF1FC
FFDDED04  480004C0  b       loc_FFDDF1C4
loc_FFDDED08:
FFDDED08  A926040E  lha     r9, 0x40E(r6)
FFDDED0C  89430004  lbz     r10, 0x4(r3)
FFDDED10  7F892800  cmpw    cr7, r9, r5
FFDDED14  419E0038  beq     cr7, loc_FFDDED4C
FFDDED18  2F9A0000  cmpwi   cr7, r26, 0x0
FFDDED1C  316B0002  addic   r11, r11, 0x2
FFDDED20  408404D8  bge     cr1, loc_FFDDF1F8
FFDDED24  2C8B000C  cmpwi   cr1, r11, 0xC
FFDDED28  409E04D0  bne     cr7, loc_FFDDF1F8
FFDDED2C  80DF0000  lwz     r6, 0x0(r31)
FFDDED30  2F060000  cmpwi   cr6, r6, 0x0
FFDDED34  40820480  bne     loc_FFDDF1B4
FFDDED38  3B400001  li      r26, 0x1
FFDDED3C  2C1A0000  cmpwi   cr0, r26, 0x0
FFDDED40  3B0C0000  addi    r24, r12, 0x0
FFDDED44  408404B8  bge     cr1, loc_FFDDF1FC
FFDDED48  4800047C  b       loc_FFDDF1C4
loc_FFDDED4C:
FFDDED4C  89260410  lbz     r9, 0x410(r6)
FFDDED50  88A30005  lbz     r5, 0x5(r3)
FFDDED54  7F095000  cmpw    cr6, r9, r10
FFDDED58  419A0038  beq     cr6, loc_FFDDED90
FFDDED5C  2F9A0000  cmpwi   cr7, r26, 0x0
FFDDED60  316B0002  addic   r11, r11, 0x2
FFDDED64  40840494  bge     cr1, loc_FFDDF1F8
FFDDED68  2C8B000C  cmpwi   cr1, r11, 0xC
FFDDED6C  409E048C  bne     cr7, loc_FFDDF1F8
FFDDED70  80DF0000  lwz     r6, 0x0(r31)
FFDDED74  2F060000  cmpwi   cr6, r6, 0x0
FFDDED78  4082043C  bne     loc_FFDDF1B4
FFDDED7C  3B400001  li      r26, 0x1
FFDDED80  2C1A0000  cmpwi   cr0, r26, 0x0
FFDDED84  3B0C0000  addi    r24, r12, 0x0
FFDDED88  40840474  bge     cr1, loc_FFDDF1FC
FFDDED8C  48000438  b       loc_FFDDF1C4
loc_FFDDED90:
FFDDED90  89260411  lbz     r9, 0x411(r6)
FFDDED94  A9430006  lha     r10, 0x6(r3)
FFDDED98  7F892800  cmpw    cr7, r9, r5
FFDDED9C  419E0038  beq     cr7, loc_FFDDEDD4
FFDDEDA0  2F9A0000  cmpwi   cr7, r26, 0x0
FFDDEDA4  316B0002  addic   r11, r11, 0x2
FFDDEDA8  40840450  bge     cr1, loc_FFDDF1F8
FFDDEDAC  2C8B000C  cmpwi   cr1, r11, 0xC
FFDDEDB0  409E0448  bne     cr7, loc_FFDDF1F8
FFDDEDB4  80DF0000  lwz     r6, 0x0(r31)
FFDDEDB8  2F060000  cmpwi   cr6, r6, 0x0
FFDDEDBC  408203F8  bne     loc_FFDDF1B4
FFDDEDC0  3B400001  li      r26, 0x1
FFDDEDC4  2C1A0000  cmpwi   cr0, r26, 0x0
FFDDEDC8  3B0C0000  addi    r24, r12, 0x0
FFDDEDCC  40840430  bge     cr1, loc_FFDDF1FC
FFDDEDD0  480003F4  b       loc_FFDDF1C4
loc_FFDDEDD4:
FFDDEDD4  A9260412  lha     r9, 0x412(r6)
FFDDEDD8  A8A3000A  lha     r5, 0xA(r3)
FFDDEDDC  7F095000  cmpw    cr6, r9, r10
FFDDEDE0  419A0038  beq     cr6, loc_FFDDEE18
FFDDEDE4  2F9A0000  cmpwi   cr7, r26, 0x0
FFDDEDE8  316B0002  addic   r11, r11, 0x2
FFDDEDEC  4084040C  bge     cr1, loc_FFDDF1F8
FFDDEDF0  2C8B000C  cmpwi   cr1, r11, 0xC
FFDDEDF4  409E0404  bne     cr7, loc_FFDDF1F8
FFDDEDF8  80DF0000  lwz     r6, 0x0(r31)
FFDDEDFC  2F060000  cmpwi   cr6, r6, 0x0
FFDDEE00  408203B4  bne     loc_FFDDF1B4
FFDDEE04  3B400001  li      r26, 0x1
FFDDEE08  2C1A0000  cmpwi   cr0, r26, 0x0
FFDDEE0C  3B0C0000  addi    r24, r12, 0x0
FFDDEE10  408403EC  bge     cr1, loc_FFDDF1FC
FFDDEE14  480003B0  b       loc_FFDDF1C4
loc_FFDDEE18:
FFDDEE18  A9260416  lha     r9, 0x416(r6)
FFDDEE1C  A9430008  lha     r10, 0x8(r3)
FFDDEE20  7F892800  cmpw    cr7, r9, r5
FFDDEE24  419E0038  beq     cr7, loc_FFDDEE5C
FFDDEE28  2F9A0000  cmpwi   cr7, r26, 0x0
FFDDEE2C  316B0002  addic   r11, r11, 0x2
FFDDEE30  408403C8  bge     cr1, loc_FFDDF1F8
FFDDEE34  2C8B000C  cmpwi   cr1, r11, 0xC
FFDDEE38  409E03C0  bne     cr7, loc_FFDDF1F8
FFDDEE3C  80DF0000  lwz     r6, 0x0(r31)
FFDDEE40  2F060000  cmpwi   cr6, r6, 0x0
FFDDEE44  40820370  bne     loc_FFDDF1B4
FFDDEE48  3B400001  li      r26, 0x1
FFDDEE4C  2C1A0000  cmpwi   cr0, r26, 0x0
FFDDEE50  3B0C0000  addi    r24, r12, 0x0
FFDDEE54  408403A8  bge     cr1, loc_FFDDF1FC
FFDDEE58  4800036C  b       loc_FFDDF1C4
loc_FFDDEE5C:
FFDDEE5C  A9260414  lha     r9, 0x414(r6)
FFDDEE60  A8A3000E  lha     r5, 0xE(r3)
FFDDEE64  7F095000  cmpw    cr6, r9, r10
FFDDEE68  419A0038  beq     cr6, loc_FFDDEEA0
FFDDEE6C  2F9A0000  cmpwi   cr7, r26, 0x0
FFDDEE70  316B0002  addic   r11, r11, 0x2
FFDDEE74  40840384  bge     cr1, loc_FFDDF1F8
FFDDEE78  2C8B000C  cmpwi   cr1, r11, 0xC
FFDDEE7C  409E037C  bne     cr7, loc_FFDDF1F8
FFDDEE80  80DF0000  lwz     r6, 0x0(r31)
FFDDEE84  2F060000  cmpwi   cr6, r6, 0x0
FFDDEE88  4082032C  bne     loc_FFDDF1B4
FFDDEE8C  3B400001  li      r26, 0x1
FFDDEE90  2C1A0000  cmpwi   cr0, r26, 0x0
FFDDEE94  3B0C0000  addi    r24, r12, 0x0
FFDDEE98  40840364  bge     cr1, loc_FFDDF1FC
FFDDEE9C  48000328  b       loc_FFDDF1C4
loc_FFDDEEA0:
FFDDEEA0  A926041A  lha     r9, 0x41A(r6)
FFDDEEA4  A943000C  lha     r10, 0xC(r3)
FFDDEEA8  7F892800  cmpw    cr7, r9, r5
FFDDEEAC  419E0038  beq     cr7, loc_FFDDEEE4
FFDDEEB0  2F9A0000  cmpwi   cr7, r26, 0x0
FFDDEEB4  316B0002  addic   r11, r11, 0x2
FFDDEEB8  40840340  bge     cr1, loc_FFDDF1F8
FFDDEEBC  2C8B000C  cmpwi   cr1, r11, 0xC
FFDDEEC0  409E0338  bne     cr7, loc_FFDDF1F8
FFDDEEC4  80DF0000  lwz     r6, 0x0(r31)
FFDDEEC8  2F060000  cmpwi   cr6, r6, 0x0
FFDDEECC  408202E8  bne     loc_FFDDF1B4
FFDDEED0  3B400001  li      r26, 0x1
FFDDEED4  2C1A0000  cmpwi   cr0, r26, 0x0
FFDDEED8  3B0C0000  addi    r24, r12, 0x0
FFDDEEDC  40840320  bge     cr1, loc_FFDDF1FC
FFDDEEE0  480002E4  b       loc_FFDDF1C4
loc_FFDDEEE4:
FFDDEEE4  A8C60418  lha     r6, 0x418(r6)
FFDDEEE8  7F065000  cmpw    cr6, r6, r10
FFDDEEEC  419A02EC  beq     cr6, loc_FFDDF1D8
FFDDEEF0  2F9A0000  cmpwi   cr7, r26, 0x0
FFDDEEF4  316B0002  addic   r11, r11, 0x2
FFDDEEF8  40840300  bge     cr1, loc_FFDDF1F8
FFDDEEFC  2C8B000C  cmpwi   cr1, r11, 0xC
FFDDEF00  48000020  b       loc_FFDDEF20
loc_FFDDEF04:
FFDDEF04  2F060000  cmpwi   cr6, r6, 0x0
FFDDEF08  409AFD94  bne     cr6, loc_FFDDEC9C
FFDDEF0C  3BCB0000  addi    r30, r11, 0x0
loc_FFDDEF10:
FFDDEF10  2F9A0000  cmpwi   cr7, r26, 0x0
FFDDEF14  316B0002  addic   r11, r11, 0x2
FFDDEF18  408402E0  bge     cr1, loc_FFDDF1F8
FFDDEF1C  2C8B000C  cmpwi   cr1, r11, 0xC
loc_FFDDEF20:
FFDDEF20  409E02D8  bne     cr7, loc_FFDDF1F8
FFDDEF24  80DF0000  lwz     r6, 0x0(r31)
FFDDEF28  2F060000  cmpwi   cr6, r6, 0x0
FFDDEF2C  40820288  bne     loc_FFDDF1B4
FFDDEF30  3B0C0000  addi    r24, r12, 0x0
FFDDEF34  3B400001  li      r26, 0x1
FFDDEF38  48000284  b       loc_FFDDF1BC
loc_FFDDEF3C:
FFDDEF3C  A926040C  lha     r9, 0x40C(r6)
FFDDEF40  3B6C0000  addi    r27, r12, 0x0
FFDDEF44  2C09FFFF  cmpwi   cr0, r9, 0xFFFF
FFDDEF48  40820014  bne     loc_FFDDEF5C
FFDDEF4C  2C1A0000  cmpwi   cr0, r26, 0x0
FFDDEF50  3B2C0000  addi    r25, r12, 0x0
FFDDEF54  408402A8  bge     cr1, loc_FFDDF1FC
FFDDEF58  4800026C  b       loc_FFDDF1C4
loc_FFDDEF5C:
FFDDEF5C  A9030000  lha     r8, 0x0(r3)
FFDDEF60  A9430002  lha     r10, 0x2(r3)
FFDDEF64  7F094000  cmpw    cr6, r9, r8
FFDDEF68  419A003C  beq     cr6, loc_FFDDEFA4
FFDDEF6C  2C1A0000  cmpwi   cr0, r26, 0x0
FFDDEF70  4084028C  bge     cr1, loc_FFDDF1FC
FFDDEF74  4182FCFC  beq     loc_FFDDEC70
FFDDEF78  80800B2A  lwz     r4, 0xB2A
FFDDEF7C  2C990000  cmpwi   cr1, r25, 0x0
FFDDEF80  80840000  lwz     r4, 0x0(r4)
FFDDEF84  38600006  li      r3, 0x6
FFDDEF88  A884040C  lha     r4, 0x40C(r4)
FFDDEF8C  2C04FFFF  cmpwi   cr0, r4, 0xFFFF
FFDDEF90  41820390  beq     loc_FFDDF320
FFDDEF94  408402CC  bge     cr1, loc_FFDDF260
FFDDEF98  48000551  bl      glue_MaxBlockSys
FFDDEF9C  80410014  lwz     r2, 0x14(r1)
FFDDEFA0  48000284  b       loc_FFDDF224
loc_FFDDEFA4:
FFDDEFA4  A906040E  lha     r8, 0x40E(r6)
FFDDEFA8  89230004  lbz     r9, 0x4(r3)
FFDDEFAC  7C085000  cmpw    r8, r10
FFDDEFB0  4182003C  beq     loc_FFDDEFEC
FFDDEFB4  2C1A0000  cmpwi   cr0, r26, 0x0
FFDDEFB8  40840244  bge     cr1, loc_FFDDF1FC
FFDDEFBC  4182FCB4  beq     loc_FFDDEC70
FFDDEFC0  80800B2A  lwz     r4, 0xB2A
FFDDEFC4  2C990000  cmpwi   cr1, r25, 0x0
FFDDEFC8  80840000  lwz     r4, 0x0(r4)
FFDDEFCC  38600006  li      r3, 0x6
FFDDEFD0  A884040C  lha     r4, 0x40C(r4)
FFDDEFD4  2C04FFFF  cmpwi   cr0, r4, 0xFFFF
FFDDEFD8  41820348  beq     loc_FFDDF320
FFDDEFDC  40840284  bge     cr1, loc_FFDDF260
FFDDEFE0  48000509  bl      glue_MaxBlockSys
FFDDEFE4  80410014  lwz     r2, 0x14(r1)
FFDDEFE8  4800023C  b       loc_FFDDF224
loc_FFDDEFEC:
FFDDEFEC  89060410  lbz     r8, 0x410(r6)
FFDDEFF0  89430005  lbz     r10, 0x5(r3)
FFDDEFF4  7F084800  cmpw    cr6, r8, r9
FFDDEFF8  419A003C  beq     cr6, loc_FFDDF034
FFDDEFFC  2C1A0000  cmpwi   cr0, r26, 0x0
FFDDF000  408401FC  bge     cr1, loc_FFDDF1FC
FFDDF004  4182FC6C  beq     loc_FFDDEC70
FFDDF008  80800B2A  lwz     r4, 0xB2A
FFDDF00C  2C990000  cmpwi   cr1, r25, 0x0
FFDDF010  80840000  lwz     r4, 0x0(r4)
FFDDF014  38600006  li      r3, 0x6
FFDDF018  A884040C  lha     r4, 0x40C(r4)
FFDDF01C  2C04FFFF  cmpwi   cr0, r4, 0xFFFF
FFDDF020  41820300  beq     loc_FFDDF320
FFDDF024  4084023C  bge     cr1, loc_FFDDF260
FFDDF028  480004C1  bl      glue_MaxBlockSys
FFDDF02C  80410014  lwz     r2, 0x14(r1)
FFDDF030  480001F4  b       loc_FFDDF224
loc_FFDDF034:
FFDDF034  89060411  lbz     r8, 0x411(r6)
FFDDF038  A9230006  lha     r9, 0x6(r3)
FFDDF03C  7C085000  cmpw    r8, r10
FFDDF040  4182003C  beq     loc_FFDDF07C
FFDDF044  2C1A0000  cmpwi   cr0, r26, 0x0
FFDDF048  408401B4  bge     cr1, loc_FFDDF1FC
FFDDF04C  4182FC24  beq     loc_FFDDEC70
FFDDF050  80800B2A  lwz     r4, 0xB2A
FFDDF054  2C990000  cmpwi   cr1, r25, 0x0
FFDDF058  80840000  lwz     r4, 0x0(r4)
FFDDF05C  38600006  li      r3, 0x6
FFDDF060  A884040C  lha     r4, 0x40C(r4)
FFDDF064  2C04FFFF  cmpwi   cr0, r4, 0xFFFF
FFDDF068  418202B8  beq     loc_FFDDF320
FFDDF06C  408401F4  bge     cr1, loc_FFDDF260
FFDDF070  48000479  bl      glue_MaxBlockSys
FFDDF074  80410014  lwz     r2, 0x14(r1)
FFDDF078  480001AC  b       loc_FFDDF224
loc_FFDDF07C:
FFDDF07C  A9060412  lha     r8, 0x412(r6)
FFDDF080  A943000A  lha     r10, 0xA(r3)
FFDDF084  7F084800  cmpw    cr6, r8, r9
FFDDF088  419A003C  beq     cr6, loc_FFDDF0C4
FFDDF08C  2C1A0000  cmpwi   cr0, r26, 0x0
FFDDF090  4084016C  bge     cr1, loc_FFDDF1FC
FFDDF094  4182FBDC  beq     loc_FFDDEC70
FFDDF098  80800B2A  lwz     r4, 0xB2A
FFDDF09C  2C990000  cmpwi   cr1, r25, 0x0
FFDDF0A0  80840000  lwz     r4, 0x0(r4)
FFDDF0A4  38600006  li      r3, 0x6
FFDDF0A8  A884040C  lha     r4, 0x40C(r4)
FFDDF0AC  2C04FFFF  cmpwi   cr0, r4, 0xFFFF
FFDDF0B0  41820270  beq     loc_FFDDF320
FFDDF0B4  408401AC  bge     cr1, loc_FFDDF260
FFDDF0B8  48000431  bl      glue_MaxBlockSys
FFDDF0BC  80410014  lwz     r2, 0x14(r1)
FFDDF0C0  48000164  b       loc_FFDDF224
loc_FFDDF0C4:
FFDDF0C4  A9060416  lha     r8, 0x416(r6)
FFDDF0C8  A9230008  lha     r9, 0x8(r3)
FFDDF0CC  7C085000  cmpw    r8, r10
FFDDF0D0  4182003C  beq     loc_FFDDF10C
FFDDF0D4  2C1A0000  cmpwi   cr0, r26, 0x0
FFDDF0D8  40840124  bge     cr1, loc_FFDDF1FC
FFDDF0DC  4182FB94  beq     loc_FFDDEC70
FFDDF0E0  80800B2A  lwz     r4, 0xB2A
FFDDF0E4  2C990000  cmpwi   cr1, r25, 0x0
FFDDF0E8  80840000  lwz     r4, 0x0(r4)
FFDDF0EC  38600006  li      r3, 0x6
FFDDF0F0  A884040C  lha     r4, 0x40C(r4)
FFDDF0F4  2C04FFFF  cmpwi   cr0, r4, 0xFFFF
FFDDF0F8  41820228  beq     loc_FFDDF320
FFDDF0FC  40840164  bge     cr1, loc_FFDDF260
FFDDF100  480003E9  bl      glue_MaxBlockSys
FFDDF104  80410014  lwz     r2, 0x14(r1)
FFDDF108  4800011C  b       loc_FFDDF224
loc_FFDDF10C:
FFDDF10C  A9060414  lha     r8, 0x414(r6)
FFDDF110  A943000E  lha     r10, 0xE(r3)
FFDDF114  7F084800  cmpw    cr6, r8, r9
FFDDF118  419A003C  beq     cr6, loc_FFDDF154
FFDDF11C  2C1A0000  cmpwi   cr0, r26, 0x0
FFDDF120  408400DC  bge     cr1, loc_FFDDF1FC
FFDDF124  4182FB4C  beq     loc_FFDDEC70
FFDDF128  80800B2A  lwz     r4, 0xB2A
FFDDF12C  2C990000  cmpwi   cr1, r25, 0x0
FFDDF130  80840000  lwz     r4, 0x0(r4)
FFDDF134  38600006  li      r3, 0x6
FFDDF138  A884040C  lha     r4, 0x40C(r4)
FFDDF13C  2C04FFFF  cmpwi   cr0, r4, 0xFFFF
FFDDF140  418201E0  beq     loc_FFDDF320
FFDDF144  4084011C  bge     cr1, loc_FFDDF260
FFDDF148  480003A1  bl      glue_MaxBlockSys
FFDDF14C  80410014  lwz     r2, 0x14(r1)
FFDDF150  480000D4  b       loc_FFDDF224
loc_FFDDF154:
FFDDF154  A906041A  lha     r8, 0x41A(r6)
FFDDF158  A923000C  lha     r9, 0xC(r3)
FFDDF15C  7C085000  cmpw    r8, r10
FFDDF160  4182003C  beq     loc_FFDDF19C
FFDDF164  2C1A0000  cmpwi   cr0, r26, 0x0
FFDDF168  40840094  bge     cr1, loc_FFDDF1FC
FFDDF16C  4182FB04  beq     loc_FFDDEC70
FFDDF170  80800B2A  lwz     r4, 0xB2A
FFDDF174  2C990000  cmpwi   cr1, r25, 0x0
FFDDF178  80840000  lwz     r4, 0x0(r4)
FFDDF17C  38600006  li      r3, 0x6
FFDDF180  A884040C  lha     r4, 0x40C(r4)
FFDDF184  2C04FFFF  cmpwi   cr0, r4, 0xFFFF
FFDDF188  41820198  beq     loc_FFDDF320
FFDDF18C  408400D4  bge     cr1, loc_FFDDF260
FFDDF190  48000359  bl      glue_MaxBlockSys
FFDDF194  80410014  lwz     r2, 0x14(r1)
FFDDF198  4800008C  b       loc_FFDDF224
loc_FFDDF19C:
FFDDF19C  A8C60418  lha     r6, 0x418(r6)
FFDDF1A0  7F064800  cmpw    cr6, r6, r9
FFDDF1A4  419A003C  beq     cr6, loc_FFDDF1E0
FFDDF1A8  2C1A0000  cmpwi   cr0, r26, 0x0
FFDDF1AC  40840050  bge     cr1, loc_FFDDF1FC
FFDDF1B0  48000014  b       loc_FFDDF1C4
loc_FFDDF1B4:
FFDDF1B4  409AFD88  bne     cr6, loc_FFDDEF3C
FFDDF1B8  3BCC0000  addi    r30, r12, 0x0
loc_FFDDF1BC:
FFDDF1BC  2C1A0000  cmpwi   cr0, r26, 0x0
FFDDF1C0  4084003C  bge     cr1, loc_FFDDF1FC
loc_FFDDF1C4:
FFDDF1C4  4182FAAC  beq     loc_FFDDEC70
FFDDF1C8  80800B2A  lwz     r4, 0xB2A
FFDDF1CC  2C990000  cmpwi   cr1, r25, 0x0
FFDDF1D0  80840000  lwz     r4, 0x0(r4)
FFDDF1D4  48000034  b       loc_FFDDF208
loc_FFDDF1D8:
FFDDF1D8  398B0000  addi    r12, r11, 0x0
FFDDF1DC  3BE80000  addi    r31, r8, 0x0
loc_FFDDF1E0:
FFDDF1E0  93F70000  stw     r31, 0x0(r23)
FFDDF1E4  919D0000  stw     r12, 0x0(r29)
FFDDF1E8  BAE1004C  lmw     r23, 0x4C(r1)
FFDDF1EC  30210070  addic   r1, r1, 0x70
FFDDF1F0  38600000  li      r3, 0x0
FFDDF1F4  4E800020  blr
loc_FFDDF1F8:
FFDDF1F8  3BE80000  addi    r31, r8, 0x0
loc_FFDDF1FC:
FFDDF1FC  80800B2A  lwz     r4, 0xB2A
FFDDF200  2C990000  cmpwi   cr1, r25, 0x0
FFDDF204  80840000  lwz     r4, 0x0(r4)
loc_FFDDF208:
FFDDF208  A884040C  lha     r4, 0x40C(r4)
FFDDF20C  38600006  li      r3, 0x6
FFDDF210  2C04FFFF  cmpwi   cr0, r4, 0xFFFF
FFDDF214  4182010C  beq     loc_FFDDF320
FFDDF218  40840048  bge     cr1, loc_FFDDF260
FFDDF21C  480002CD  bl      glue_MaxBlockSys
FFDDF220  80410014  lwz     r2, 0x14(r1)
loc_FFDDF224:
FFDDF224  2B03044A  cmplwi  cr6, r3, 0x44A
FFDDF228  2C1A0000  cmpwi   cr0, r26, 0x0
FFDDF22C  2C9B0000  cmpwi   cr1, r27, 0x0
FFDDF230  2F9E0000  cmpwi   cr7, r30, 0x0
FFDDF234  38600006  li      r3, 0x6
FFDDF238  4099001C  ble     cr6, loc_FFDDF254
FFDDF23C  3B3E0000  addi    r25, r30, 0x0
FFDDF240  409C001C  bge     cr7, loc_FFDDF25C
FFDDF244  408200A0  bne     loc_FFDDF2E4
FFDDF248  3B3B0000  addi    r25, r27, 0x0
FFDDF24C  418400C0  blt     cr1, loc_FFDDF30C
FFDDF250  4800000C  b       loc_FFDDF25C
loc_FFDDF254:
FFDDF254  3B3B0000  addi    r25, r27, 0x0
FFDDF258  418400B4  blt     cr1, loc_FFDDF30C
loc_FFDDF25C:
FFDDF25C  80FC0000  lwz     r7, 0x0(r28)
loc_FFDDF260:
FFDDF260  573E103A  slwi    r30, r25, 2
FFDDF264  7C87F02E  lwzx    r4, r7, r30
FFDDF268  2C040000  cmpwi   cr0, r4, 0x0
FFDDF26C  4082001C  bne     loc_FFDDF288
FFDDF270  7FE7F12E  stwx    r31, r7, r30
FFDDF274  93F70000  stw     r31, 0x0(r23)
FFDDF278  933D0000  stw     r25, 0x0(r29)
FFDDF27C  38600008  li      r3, 0x8
FFDDF280  81810078  lwz     r12, 0x78(r1)
FFDDF284  4800008C  b       loc_FFDDF310
loc_FFDDF288:
FFDDF288  3BE40000  addi    r31, r4, 0x0
FFDDF28C  809F0000  lwz     r4, 0x0(r31)
FFDDF290  387F0000  addi    r3, r31, 0x0
FFDDF294  2C040000  cmpwi   cr0, r4, 0x0
FFDDF298  3880044A  li      r4, 0x44A
FFDDF29C  40820038  bne     loc_FFDDF2D4
FFDDF2A0  80C002A6  lwz     r6, 0x2A6                          ; R low memory SysZone ($2A6)
FFDDF2A4  83E00118  lwz     r31, 0x118                         ; R low memory TheZone ($118)
FFDDF2A8  90C00118  stw     r6, 0x118                          ; W low memory TheZone ($118)
FFDDF2AC  48000255  bl      glue_ReallocateHandle
FFDDF2B0  80410014  lwz     r2, 0x14(r1)
FFDDF2B4  93E00118  stw     r31, 0x118                         ; W low memory TheZone ($118)
FFDDF2B8  480001B9  bl      glue_MemError
FFDDF2BC  80410014  lwz     r2, 0x14(r1)
FFDDF2C0  7C640735  extsh.  r4, r3
FFDDF2C4  38600006  li      r3, 0x6
FFDDF2C8  40820044  bne     loc_FFDDF30C
FFDDF2CC  809C0000  lwz     r4, 0x0(r28)
FFDDF2D0  7FE4F02E  lwzx    r31, r4, r30
loc_FFDDF2D4:
FFDDF2D4  93F70000  stw     r31, 0x0(r23)
FFDDF2D8  933D0000  stw     r25, 0x0(r29)
FFDDF2DC  38600008  li      r3, 0x8
FFDDF2E0  4800002C  b       loc_FFDDF30C
loc_FFDDF2E4:
FFDDF2E4  3860044A  li      r3, 0x44A
FFDDF2E8  48000231  bl      glue_NewHandleSys
FFDDF2EC  80410014  lwz     r2, 0x14(r1)
FFDDF2F0  3BE30000  addi    r31, r3, 0x0
FFDDF2F4  4800017D  bl      glue_MemError
FFDDF2F8  80410014  lwz     r2, 0x14(r1)
FFDDF2FC  7C640735  extsh.  r4, r3
FFDDF300  3B380000  addi    r25, r24, 0x0
FFDDF304  38600006  li      r3, 0x6
FFDDF308  4182FF54  beq     loc_FFDDF25C
loc_FFDDF30C:
FFDDF30C  81810078  lwz     r12, 0x78(r1)
loc_FFDDF310:
FFDDF310  30210070  addic   r1, r1, 0x70
FFDDF314  7D8803A6  mtspr   LR, r12
FFDDF318  BAE1FFDC  lmw     r23, -0x24(r1)
FFDDF31C  4E800020  blr
loc_FFDDF320:
FFDDF320  BAE1004C  lmw     r23, 0x4C(r1)
FFDDF324  30210070  addic   r1, r1, 0x70
FFDDF328  4E800020  blr

sub_FFDDF32C:
FFDDF32C  2C040000  cmpwi   cr0, r4, 0x0
FFDDF330  80A008E4  lwz     r5, 0x8E4                          ; R low memory JFontInfo ($8E4)
FFDDF334  7C0802A6  mfspr   r0, LR
FFDDF338  BFC1FFF8  stmw    r30, -0x8(r1)
FFDDF33C  83C50000  lwz     r30, 0x0(r5)
FFDDF340  5485103A  slwi    r5, r4, 2
FFDDF344  90010008  stw     r0, 0x8(r1)
FFDDF348  7FDE2814  addc    r30, r30, r5
FFDDF34C  9421FFB0  stwu    r1, -0x50(r1)
FFDDF350  30BE0004  addic   r5, r30, 0x4
FFDDF354  4081001C  ble     loc_FFDDF370
FFDDF358  34C4FFFF  addic.  r6, r4, -0x1
FFDDF35C  7C8903A6  mtspr   CTR, r4
loc_FFDDF360:
FFDDF360  8085FFF8  lwz     r4, -0x8(r5)
FFDDF364  33DEFFFC  addic   r30, r30, -0x4
FFDDF368  9485FFFC  stwu    r4, -0x4(r5)
FFDDF36C  4000FFF4  bdnzf   lt, loc_FFDDF360
loc_FFDDF370:
FFDDF370  83E00B2A  lwz     r31, 0xB2A
FFDDF374  90600B2A  stw     r3, 0xB2A
FFDDF378  480000E1  bl      glue_HNoPurge
FFDDF37C  80410014  lwz     r2, 0x14(r1)
FFDDF380  93FE0000  stw     r31, 0x0(r30)
FFDDF384  387F0000  addi    r3, r31, 0x0
FFDDF388  480001A9  bl      glue_HPurge
FFDDF38C  80410014  lwz     r2, 0x14(r1)
FFDDF390  81810058  lwz     r12, 0x58(r1)
FFDDF394  30210050  addic   r1, r1, 0x50
FFDDF398  7D8803A6  mtspr   LR, r12
FFDDF39C  BBC1FFF8  lmw     r30, -0x8(r1)
FFDDF3A0  38600000  li      r3, 0x0
FFDDF3A4  4E800020  blr

sub_FFDDF3A8:
FFDDF3A8  7C0802A6  mfspr   r0, LR
FFDDF3AC  9421FFC0  stwu    r1, -0x40(r1)
FFDDF3B0  90010048  stw     r0, 0x48(r1)
FFDDF3B4  88000903  lbz     r0, 0x903
FFDDF3B8  7C040774  extsb   r4, r0
FFDDF3BC  2C04FFFF  cmpwi   cr0, r4, 0xFFFF
FFDDF3C0  40820018  bne     loc_FFDDF3D8
FFDDF3C4  3800FFFF  li      r0, -0x1
FFDDF3C8  B0000BC6  sth     r0, 0xBC6
FFDDF3CC  90000B4C  stw     r0, 0xB4C
FFDDF3D0  4BFFF171  bl      sub_FFDDE540
FFDDF3D4  48000020  b       loc_FFDDF3F4
loc_FFDDF3D8:
FFDDF3D8  80600BC2  lwz     r3, 0xBC2
FFDDF3DC  480000F5  bl      glue_HSetState
FFDDF3E0  80410014  lwz     r2, 0x14(r1)
FFDDF3E4  3800FFFF  li      r0, -0x1
FFDDF3E8  B0000BC6  sth     r0, 0xBC6
FFDDF3EC  90000B4C  stw     r0, 0xB4C
FFDDF3F0  4BFFF151  bl      sub_FFDDE540
loc_FFDDF3F4:
FFDDF3F4  4BFFF715  bl      sub_FFDDEB08
FFDDF3F8  4BFFF6E1  bl      sub_FFDDEAD8
FFDDF3FC  81810048  lwz     r12, 0x48(r1)
FFDDF400  30210040  addic   r1, r1, 0x40
FFDDF404  7D8803A6  mtspr   LR, r12
FFDDF408  38600000  li      r3, 0x0
FFDDF40C  4E800020  blr

glue_GetHandleSize:
FFDDF410  81820004  lwz     r12, 0x4(r2)                       ; TOC[+4] GetHandleSize
FFDDF414  90410014  stw     r2, 0x14(r1)
FFDDF418  800C0000  lwz     r0, 0x0(r12)
FFDDF41C  804C0004  lwz     r2, 0x4(r12)
FFDDF420  7C0903A6  mtspr   CTR, r0
FFDDF424  4E800420  bctr

glue_SetHandleSize:
FFDDF428  81820008  lwz     r12, 0x8(r2)                       ; TOC[+8] SetHandleSize
FFDDF42C  90410014  stw     r2, 0x14(r1)
FFDDF430  800C0000  lwz     r0, 0x0(r12)
FFDDF434  804C0004  lwz     r2, 0x4(r12)
FFDDF438  7C0903A6  mtspr   CTR, r0
FFDDF43C  4E800420  bctr

glue_DisposeHandle:
FFDDF440  8182000C  lwz     r12, 0xC(r2)                       ; TOC[+12] DisposeHandle
FFDDF444  90410014  stw     r2, 0x14(r1)
FFDDF448  800C0000  lwz     r0, 0x0(r12)
FFDDF44C  804C0004  lwz     r2, 0x4(r12)
FFDDF450  7C0903A6  mtspr   CTR, r0
FFDDF454  4E800420  bctr

glue_HNoPurge:
FFDDF458  81820010  lwz     r12, 0x10(r2)                      ; TOC[+16] HNoPurge
FFDDF45C  90410014  stw     r2, 0x14(r1)
FFDDF460  800C0000  lwz     r0, 0x0(r12)
FFDDF464  804C0004  lwz     r2, 0x4(r12)
FFDDF468  7C0903A6  mtspr   CTR, r0
FFDDF46C  4E800420  bctr

glue_MemError:
FFDDF470  81820014  lwz     r12, 0x14(r2)                      ; TOC[+20] MemError
FFDDF474  90410014  stw     r2, 0x14(r1)
FFDDF478  800C0000  lwz     r0, 0x0(r12)
FFDDF47C  804C0004  lwz     r2, 0x4(r12)
FFDDF480  7C0903A6  mtspr   CTR, r0
FFDDF484  4E800420  bctr

glue_SysError:
FFDDF488  81820018  lwz     r12, 0x18(r2)                      ; TOC[+24] SysError
FFDDF48C  90410014  stw     r2, 0x14(r1)
FFDDF490  800C0000  lwz     r0, 0x0(r12)
FFDDF494  804C0004  lwz     r2, 0x4(r12)
FFDDF498  7C0903A6  mtspr   CTR, r0
FFDDF49C  4E800420  bctr

glue_HGetState:
FFDDF4A0  8182001C  lwz     r12, 0x1C(r2)                      ; TOC[+28] HGetState
FFDDF4A4  90410014  stw     r2, 0x14(r1)
FFDDF4A8  800C0000  lwz     r0, 0x0(r12)
FFDDF4AC  804C0004  lwz     r2, 0x4(r12)
FFDDF4B0  7C0903A6  mtspr   CTR, r0
FFDDF4B4  4E800420  bctr

glue_HLock:
FFDDF4B8  81820020  lwz     r12, 0x20(r2)                      ; TOC[+32] HLock
FFDDF4BC  90410014  stw     r2, 0x14(r1)
FFDDF4C0  800C0000  lwz     r0, 0x0(r12)
FFDDF4C4  804C0004  lwz     r2, 0x4(r12)
FFDDF4C8  7C0903A6  mtspr   CTR, r0
FFDDF4CC  4E800420  bctr

glue_HSetState:
FFDDF4D0  81820024  lwz     r12, 0x24(r2)                      ; TOC[+36] HSetState
FFDDF4D4  90410014  stw     r2, 0x14(r1)
FFDDF4D8  800C0000  lwz     r0, 0x0(r12)
FFDDF4DC  804C0004  lwz     r2, 0x4(r12)
FFDDF4E0  7C0903A6  mtspr   CTR, r0
FFDDF4E4  4E800420  bctr

glue_MaxBlockSys:
FFDDF4E8  81820028  lwz     r12, 0x28(r2)                      ; TOC[+40] MaxBlockSys
FFDDF4EC  90410014  stw     r2, 0x14(r1)
FFDDF4F0  800C0000  lwz     r0, 0x0(r12)
FFDDF4F4  804C0004  lwz     r2, 0x4(r12)
FFDDF4F8  7C0903A6  mtspr   CTR, r0
FFDDF4FC  4E800420  bctr

glue_ReallocateHandle:
FFDDF500  8182002C  lwz     r12, 0x2C(r2)                      ; TOC[+44] ReallocateHandle
FFDDF504  90410014  stw     r2, 0x14(r1)
FFDDF508  800C0000  lwz     r0, 0x0(r12)
FFDDF50C  804C0004  lwz     r2, 0x4(r12)
FFDDF510  7C0903A6  mtspr   CTR, r0
FFDDF514  4E800420  bctr

glue_NewHandleSys:
FFDDF518  81820030  lwz     r12, 0x30(r2)                      ; TOC[+48] NewHandleSys
FFDDF51C  90410014  stw     r2, 0x14(r1)
FFDDF520  800C0000  lwz     r0, 0x0(r12)
FFDDF524  804C0004  lwz     r2, 0x4(r12)
FFDDF528  7C0903A6  mtspr   CTR, r0
FFDDF52C  4E800420  bctr

glue_HPurge:
FFDDF530  81820034  lwz     r12, 0x34(r2)                      ; TOC[+52] HPurge
FFDDF534  90410014  stw     r2, 0x14(r1)
FFDDF538  800C0000  lwz     r0, 0x0(r12)
FFDDF53C  804C0004  lwz     r2, 0x4(r12)
FFDDF540  7C0903A6  mtspr   CTR, r0
FFDDF544  4E800420  bctr

glue_GetQDGlobals:
FFDDF548  81820038  lwz     r12, 0x38(r2)                      ; TOC[+56] GetQDGlobals
FFDDF54C  90410014  stw     r2, 0x14(r1)
FFDDF550  800C0000  lwz     r0, 0x0(r12)
FFDDF554  804C0004  lwz     r2, 0x4(r12)
FFDDF558  7C0903A6  mtspr   CTR, r0
FFDDF55C  4E800420  bctr

glue_FixRatio:
FFDDF560  8182003C  lwz     r12, 0x3C(r2)                      ; TOC[+60] FixRatio
FFDDF564  90410014  stw     r2, 0x14(r1)
FFDDF568  800C0000  lwz     r0, 0x0(r12)
FFDDF56C  804C0004  lwz     r2, 0x4(r12)
FFDDF570  7C0903A6  mtspr   CTR, r0
FFDDF574  4E800420  bctr

glue_FixMul:
FFDDF578  81820040  lwz     r12, 0x40(r2)                      ; TOC[+64] FixMul
FFDDF57C  90410014  stw     r2, 0x14(r1)
FFDDF580  800C0000  lwz     r0, 0x0(r12)
FFDDF584  804C0004  lwz     r2, 0x4(r12)
FFDDF588  7C0903A6  mtspr   CTR, r0
FFDDF58C  4E800420  bctr

glue_FixRound:
FFDDF590  81820044  lwz     r12, 0x44(r2)                      ; TOC[+68] FixRound
FFDDF594  90410014  stw     r2, 0x14(r1)
FFDDF598  800C0000  lwz     r0, 0x0(r12)
FFDDF59C  804C0004  lwz     r2, 0x4(r12)
FFDDF5A0  7C0903A6  mtspr   CTR, r0
FFDDF5A4  4E800420  bctr

glue_sb__SearchForCache:
FFDDF5A8  81820048  lwz     r12, 0x48(r2)                      ; TOC[+72] sb__SearchForCache
FFDDF5AC  90410014  stw     r2, 0x14(r1)
FFDDF5B0  800C0000  lwz     r0, 0x0(r12)
FFDDF5B4  804C0004  lwz     r2, 0x4(r12)
FFDDF5B8  7C0903A6  mtspr   CTR, r0
FFDDF5BC  4E800420  bctr

glue_GetResource:
FFDDF5C0  8182004C  lwz     r12, 0x4C(r2)                      ; TOC[+76] GetResource
FFDDF5C4  90410014  stw     r2, 0x14(r1)
FFDDF5C8  800C0000  lwz     r0, 0x0(r12)
FFDDF5CC  804C0004  lwz     r2, 0x4(r12)
FFDDF5D0  7C0903A6  mtspr   CTR, r0
FFDDF5D4  4E800420  bctr

glue_GetMaxResourceSize:
FFDDF5D8  81820050  lwz     r12, 0x50(r2)                      ; TOC[+80] GetMaxResourceSize
FFDDF5DC  90410014  stw     r2, 0x14(r1)
FFDDF5E0  800C0000  lwz     r0, 0x0(r12)
FFDDF5E4  804C0004  lwz     r2, 0x4(r12)
FFDDF5E8  7C0903A6  mtspr   CTR, r0
FFDDF5EC  4E800420  bctr

glue_SetResLoad:
FFDDF5F0  81820054  lwz     r12, 0x54(r2)                      ; TOC[+84] SetResLoad
FFDDF5F4  90410014  stw     r2, 0x14(r1)
FFDDF5F8  800C0000  lwz     r0, 0x0(r12)
FFDDF5FC  804C0004  lwz     r2, 0x4(r12)
FFDDF600  7C0903A6  mtspr   CTR, r0
FFDDF604  4E800420  bctr

glue_GetResourceSizeOnDisk:
FFDDF608  81820058  lwz     r12, 0x58(r2)                      ; TOC[+88] GetResourceSizeOnDisk
FFDDF60C  90410014  stw     r2, 0x14(r1)
FFDDF610  800C0000  lwz     r0, 0x0(r12)
FFDDF614  804C0004  lwz     r2, 0x4(r12)
FFDDF618  7C0903A6  mtspr   CTR, r0
FFDDF61C  4E800420  bctr

glue_LoadResource:
FFDDF620  8182005C  lwz     r12, 0x5C(r2)                      ; TOC[+92] LoadResource
FFDDF624  90410014  stw     r2, 0x14(r1)
FFDDF628  800C0000  lwz     r0, 0x0(r12)
FFDDF62C  804C0004  lwz     r2, 0x4(r12)
FFDDF630  7C0903A6  mtspr   CTR, r0
FFDDF634  4E800420  bctr

glue_sb__PreFlightFontMem:
FFDDF638  81820060  lwz     r12, 0x60(r2)                      ; TOC[+96] sb__PreFlightFontMem
FFDDF63C  90410014  stw     r2, 0x14(r1)
FFDDF640  800C0000  lwz     r0, 0x0(r12)
FFDDF644  804C0004  lwz     r2, 0x4(r12)
FFDDF648  7C0903A6  mtspr   CTR, r0
FFDDF64C  4E800420  bctr

glue_PBStatusSync:
FFDDF650  81820064  lwz     r12, 0x64(r2)                      ; TOC[+100] PBStatusSync
FFDDF654  90410014  stw     r2, 0x14(r1)
FFDDF658  800C0000  lwz     r0, 0x0(r12)
FFDDF65C  804C0004  lwz     r2, 0x4(r12)
FFDDF660  7C0903A6  mtspr   CTR, r0
FFDDF664  4E800420  bctr

glue_GetZone:
FFDDF668  81820068  lwz     r12, 0x68(r2)                      ; TOC[+104] GetZone
FFDDF66C  90410014  stw     r2, 0x14(r1)
FFDDF670  800C0000  lwz     r0, 0x0(r12)
FFDDF674  804C0004  lwz     r2, 0x4(r12)
FFDDF678  7C0903A6  mtspr   CTR, r0
FFDDF67C  4E800420  bctr

glue_SystemZone:
FFDDF680  8182006C  lwz     r12, 0x6C(r2)                      ; TOC[+108] SystemZone
FFDDF684  90410014  stw     r2, 0x14(r1)
FFDDF688  800C0000  lwz     r0, 0x0(r12)
FFDDF68C  804C0004  lwz     r2, 0x4(r12)
FFDDF690  7C0903A6  mtspr   CTR, r0
FFDDF694  4E800420  bctr

glue_SetZone:
FFDDF698  81820070  lwz     r12, 0x70(r2)                      ; TOC[+112] SetZone
FFDDF69C  90410014  stw     r2, 0x14(r1)
FFDDF6A0  800C0000  lwz     r0, 0x0(r12)
FFDDF6A4  804C0004  lwz     r2, 0x4(r12)
FFDDF6A8  7C0903A6  mtspr   CTR, r0
FFDDF6AC  4E800420  bctr

glue_HandToHand:
FFDDF6B0  81820074  lwz     r12, 0x74(r2)                      ; TOC[+116] HandToHand
FFDDF6B4  90410014  stw     r2, 0x14(r1)
FFDDF6B8  800C0000  lwz     r0, 0x0(r12)
FFDDF6BC  804C0004  lwz     r2, 0x4(r12)
FFDDF6C0  7C0903A6  mtspr   CTR, r0
FFDDF6C4  4E800420  bctr

glue_BlockMove:
FFDDF6C8  81820078  lwz     r12, 0x78(r2)                      ; TOC[+120] BlockMove
FFDDF6CC  90410014  stw     r2, 0x14(r1)
FFDDF6D0  800C0000  lwz     r0, 0x0(r12)
FFDDF6D4  804C0004  lwz     r2, 0x4(r12)
FFDDF6D8  7C0903A6  mtspr   CTR, r0
FFDDF6DC  4E800420  bctr

glue_SaveTempMemState:
FFDDF6E0  8182007C  lwz     r12, 0x7C(r2)                      ; TOC[+124] SaveTempMemState
FFDDF6E4  90410014  stw     r2, 0x14(r1)
FFDDF6E8  800C0000  lwz     r0, 0x0(r12)
FFDDF6EC  804C0004  lwz     r2, 0x4(r12)
FFDDF6F0  7C0903A6  mtspr   CTR, r0
FFDDF6F4  4E800420  bctr

glue_MakeScaleTable:
FFDDF6F8  81820080  lwz     r12, 0x80(r2)                      ; TOC[+128] MakeScaleTable
FFDDF6FC  90410014  stw     r2, 0x14(r1)
FFDDF700  800C0000  lwz     r0, 0x0(r12)
FFDDF704  804C0004  lwz     r2, 0x4(r12)
FFDDF708  7C0903A6  mtspr   CTR, r0
FFDDF70C  4E800420  bctr

glue_RestoreTempMemState:
FFDDF710  81820084  lwz     r12, 0x84(r2)                      ; TOC[+132] RestoreTempMemState
FFDDF714  90410014  stw     r2, 0x14(r1)
FFDDF718  800C0000  lwz     r0, 0x0(r12)
FFDDF71C  804C0004  lwz     r2, 0x4(r12)
FFDDF720  7C0903A6  mtspr   CTR, r0
FFDDF724  4E800420  bctr

glue_NewHandleSysClear:
FFDDF728  81820088  lwz     r12, 0x88(r2)                      ; TOC[+136] NewHandleSysClear
FFDDF72C  90410014  stw     r2, 0x14(r1)
FFDDF730  800C0000  lwz     r0, 0x0(r12)
FFDDF734  804C0004  lwz     r2, 0x4(r12)
FFDDF738  7C0903A6  mtspr   CTR, r0
FFDDF73C  4E800420  bctr

glue_HomeResFile:
FFDDF740  8182008C  lwz     r12, 0x8C(r2)                      ; TOC[+140] HomeResFile
FFDDF744  90410014  stw     r2, 0x14(r1)
FFDDF748  800C0000  lwz     r0, 0x0(r12)
FFDDF74C  804C0004  lwz     r2, 0x4(r12)
FFDDF750  7C0903A6  mtspr   CTR, r0
FFDDF754  4E800420  bctr

glue_GetMap:
FFDDF758  81820090  lwz     r12, 0x90(r2)                      ; TOC[+144] GetMap
FFDDF75C  90410014  stw     r2, 0x14(r1)
FFDDF760  800C0000  lwz     r0, 0x0(r12)
FFDDF764  804C0004  lwz     r2, 0x4(r12)
FFDDF768  7C0903A6  mtspr   CTR, r0
FFDDF76C  4E800420  bctr

glue_FontScript:
FFDDF770  81820094  lwz     r12, 0x94(r2)                      ; TOC[+148] FontScript
FFDDF774  90410014  stw     r2, 0x14(r1)
FFDDF778  800C0000  lwz     r0, 0x0(r12)
FFDDF77C  804C0004  lwz     r2, 0x4(r12)
FFDDF780  7C0903A6  mtspr   CTR, r0
FFDDF784  4E800420  bctr

glue_fs__LowestPPEM:
FFDDF788  81820098  lwz     r12, 0x98(r2)                      ; TOC[+152] fs__LowestPPEM
FFDDF78C  90410014  stw     r2, 0x14(r1)
FFDDF790  800C0000  lwz     r0, 0x0(r12)
FFDDF794  804C0004  lwz     r2, 0x4(r12)
FFDDF798  7C0903A6  mtspr   CTR, r0
FFDDF79C  4E800420  bctr

glue_Font2RealScript:
FFDDF7A0  818200A0  lwz     r12, 0xA0(r2)                      ; TOC[+160] Font2RealScript
FFDDF7A4  90410014  stw     r2, 0x14(r1)
FFDDF7A8  800C0000  lwz     r0, 0x0(r12)
FFDDF7AC  804C0004  lwz     r2, 0x4(r12)
FFDDF7B0  7C0903A6  mtspr   CTR, r0
FFDDF7B4  4E800420  bctr

glue_GetScript:
FFDDF7B8  818200A4  lwz     r12, 0xA4(r2)                      ; TOC[+164] GetScript
FFDDF7BC  90410014  stw     r2, 0x14(r1)
FFDDF7C0  800C0000  lwz     r0, 0x0(r12)
FFDDF7C4  804C0004  lwz     r2, 0x4(r12)
FFDDF7C8  7C0903A6  mtspr   CTR, r0
FFDDF7CC  4E800420  bctr

glue_GetForeColor:
FFDDF7D0  818200A8  lwz     r12, 0xA8(r2)                      ; TOC[+168] GetForeColor
FFDDF7D4  90410014  stw     r2, 0x14(r1)
FFDDF7D8  800C0000  lwz     r0, 0x0(r12)
FFDDF7DC  804C0004  lwz     r2, 0x4(r12)
FFDDF7E0  7C0903A6  mtspr   CTR, r0
FFDDF7E4  4E800420  bctr

glue_GetBackColor:
FFDDF7E8  818200AC  lwz     r12, 0xAC(r2)                      ; TOC[+172] GetBackColor
FFDDF7EC  90410014  stw     r2, 0x14(r1)
FFDDF7F0  800C0000  lwz     r0, 0x0(r12)
FFDDF7F4  804C0004  lwz     r2, 0x4(r12)
FFDDF7F8  7C0903A6  mtspr   CTR, r0
FFDDF7FC  4E800420  bctr

glue_PBControlSync:
FFDDF800  818200B0  lwz     r12, 0xB0(r2)                      ; TOC[+176] PBControlSync
FFDDF804  90410014  stw     r2, 0x14(r1)
FFDDF808  800C0000  lwz     r0, 0x0(r12)
FFDDF80C  804C0004  lwz     r2, 0x4(r12)
FFDDF810  7C0903A6  mtspr   CTR, r0
FFDDF814  4E800420  bctr

sub_FFDDF818:
FFDDF818  818200B4  lwz     r12, 0xB4(r2)                      ; TOC[+180] sb__FillWidthTab
FFDDF81C  90410014  stw     r2, 0x14(r1)
FFDDF820  800C0000  lwz     r0, 0x0(r12)
FFDDF824  804C0004  lwz     r2, 0x4(r12)
FFDDF828  7C0903A6  mtspr   CTR, r0
FFDDF82C  4E800420  bctr

; ----------------------------------------------------------------------------
; data section 1 (pidata), unpacked CC bytes; addresses are offsets in the section;
; relocated words are named (imports) or point into a section (code+X / data+X).
; ----------------------------------------------------------------------------
+00008  00000000  -> code+0 = FFDD9750 __FMSwapFont
+0000C  00000014  -> data+14
+00014  00000000  -> InterfaceLib::InitFonts
+00018  00000000  -> InterfaceLib::GetHandleSize
+0001C  00000000  -> InterfaceLib::SetHandleSize
+00020  00000000  -> InterfaceLib::DisposeHandle
+00024  00000000  -> InterfaceLib::HNoPurge
+00028  00000000  -> InterfaceLib::MemError
+0002C  00000000  -> InterfaceLib::SysError
+00030  00000000  -> InterfaceLib::HGetState
+00034  00000000  -> InterfaceLib::HLock
+00038  00000000  -> InterfaceLib::HSetState
+0003C  00000000  -> InterfaceLib::MaxBlockSys
+00040  00000000  -> InterfaceLib::ReallocateHandle
+00044  00000000  -> InterfaceLib::NewHandleSys
+00048  00000000  -> InterfaceLib::HPurge
+0004C  00000000  -> PrivateInterfaceLib::GetQDGlobals
+00050  00000000  -> InterfaceLib::FixRatio
+00054  00000000  -> InterfaceLib::FixMul
+00058  00000000  -> InterfaceLib::FixRound
+0005C  00000000  -> PrivateInterfaceLib::sb__SearchForCache
+00060  00000000  -> InterfaceLib::GetResource
+00064  00000000  -> InterfaceLib::GetMaxResourceSize
+00068  00000000  -> InterfaceLib::SetResLoad
+0006C  00000000  -> InterfaceLib::GetResourceSizeOnDisk
+00070  00000000  -> InterfaceLib::LoadResource
+00074  00000000  -> PrivateInterfaceLib::sb__PreFlightFontMem
+00078  00000000  -> InterfaceLib::PBStatusSync
+0007C  00000000  -> InterfaceLib::GetZone
+00080  00000000  -> InterfaceLib::SystemZone
+00084  00000000  -> InterfaceLib::SetZone
+00088  00000000  -> InterfaceLib::HandToHand
+0008C  00000000  -> InterfaceLib::BlockMove
+00090  00000000  -> NQD::SaveTempMemState
+00094  00000000  -> NQD::MakeScaleTable
+00098  00000000  -> NQD::RestoreTempMemState
+0009C  00000000  -> InterfaceLib::NewHandleSysClear
+000A0  00000000  -> InterfaceLib::HomeResFile
+000A4  00000000  -> PrivateInterfaceLib::GetMap
+000A8  00000000  -> InterfaceLib::FontScript
+000AC  00000000  -> PrivateInterfaceLib::fs__LowestPPEM
+000B0  00000000  -> data+0
+000B4  00000000  -> PrivateInterfaceLib::Font2RealScript
+000B8  00000000  -> InterfaceLib::GetScript
+000BC  00000000  -> InterfaceLib::GetForeColor
+000C0  00000000  -> InterfaceLib::GetBackColor
+000C4  00000000  -> InterfaceLib::PBControlSync
+000C8  00000000  -> PrivateInterfaceLib::sb__FillWidthTab
; full unpacked image:
00000000  04 08 01 03 03 02 01 00 00 00 00 00 00 00 00 14  |................|
00000010  ... BC zero bytes ...

; exports (1):
;   __FMSwapFont                             class tvector section  1 offset 8
; imports (45):
;      0 InterfaceLib             InitFonts                                tvector
;      1 InterfaceLib             GetHandleSize                            tvector
;      2 InterfaceLib             SetHandleSize                            tvector
;      3 InterfaceLib             DisposeHandle                            tvector
;      4 InterfaceLib             HNoPurge                                 tvector
;      5 InterfaceLib             MemError                                 tvector
;      6 InterfaceLib             SysError                                 tvector
;      7 InterfaceLib             HGetState                                tvector
;      8 InterfaceLib             HLock                                    tvector
;      9 InterfaceLib             HSetState                                tvector
;     10 InterfaceLib             MaxBlockSys                              tvector
;     11 InterfaceLib             ReallocateHandle                         tvector
;     12 InterfaceLib             NewHandleSys                             tvector
;     13 InterfaceLib             HPurge                                   tvector
;     14 InterfaceLib             FixRatio                                 tvector
;     15 InterfaceLib             FixMul                                   tvector
;     16 InterfaceLib             FixRound                                 tvector
;     17 InterfaceLib             GetResource                              tvector
;     18 InterfaceLib             GetMaxResourceSize                       tvector
;     19 InterfaceLib             SetResLoad                               tvector
;     20 InterfaceLib             GetResourceSizeOnDisk                    tvector
;     21 InterfaceLib             LoadResource                             tvector
;     22 InterfaceLib             PBStatusSync                             tvector
;     23 InterfaceLib             GetZone                                  tvector
;     24 InterfaceLib             SystemZone                               tvector
;     25 InterfaceLib             SetZone                                  tvector
;     26 InterfaceLib             HandToHand                               tvector
;     27 InterfaceLib             BlockMove                                tvector
;     28 InterfaceLib             NewHandleSysClear                        tvector
;     29 InterfaceLib             HomeResFile                              tvector
;     30 InterfaceLib             FontScript                               tvector
;     31 InterfaceLib             GetScript                                tvector
;     32 InterfaceLib             GetForeColor                             tvector
;     33 InterfaceLib             GetBackColor                             tvector
;     34 InterfaceLib             PBControlSync                            tvector
;     35 PrivateInterfaceLib      GetQDGlobals                             tvector
;     36 PrivateInterfaceLib      sb__SearchForCache                       tvector
;     37 PrivateInterfaceLib      sb__PreFlightFontMem                     tvector
;     38 PrivateInterfaceLib      GetMap                                   tvector
;     39 PrivateInterfaceLib      fs__LowestPPEM                           tvector
;     40 PrivateInterfaceLib      Font2RealScript                          tvector
;     41 PrivateInterfaceLib      sb__FillWidthTab                         tvector
;     42 NQD                      SaveTempMemState                         tvector
;     43 NQD                      MakeScaleTable                           tvector
;     44 NQD                      RestoreTempMemState                      tvector
