; ============================================================================
; ROM resource 'nlib' 17 Resources at FFDE77B0
; ============================================================================
; data at ROM 1E77B0 (C00C bytes), entry at 1F37B0, attributes 58, combo 7800000000000000
; data header: 4b757274 c0a00000 0000c00c 0000042c
;
; Columns: address, flag, raw bytes, instruction, ; comment.
;   flag '*' executed in the coverage run, ' ' reached by control flow,
;   '?' decodes as code but neither executed nor reached, 'd' data.

; PEF container: architecture pwpc, format version 1, timestamp ABB3F75C, versions 00000000/00000000/00000000
;   3 sections (2 instantiated)
;   section 0 code       container +00FE0 len 0AEA0 (ROM 1E8790 = FFDE8790), unpacked 0AEA0, total 0AEA0, share 4, align 4
;   section 1 pidata     container +0BE80 len 0017B (ROM 1F3630 = FFDF3630), unpacked 005E8, total 00624, share 4, align 4
;   section 2 loader     container +00080 len 00F5C (ROM 1E7830 = FFDE7830), unpacked 00000, total 00000, share 4, align 2
;   init: section 1 offset E4
;   imports from PrivateInterfaceLib: 23 symbols
;   imports from InterfaceLib: 86 symbols
;
; ----------------------------------------------------------------------------
; code section 0: ROM 1E8790-1F362F = FFDE8790
; TOC (r2) = data section + 3FC; TOC[d] comments name the word at that offset.
; ----------------------------------------------------------------------------

__init:
FFDE8790  BEA1FFD4  stmw    r21, -0x2C(r1)
FFDE8794  83E20000  lwz     r31, 0x0(r2)                       ; TOC[+0] &data+0
FFDE8798  7C0802A6  mfspr   r0, LR
FFDE879C  387F0000  addi    r3, r31, 0x0
FFDE87A0  90010008  stw     r0, 0x8(r1)
FFDE87A4  9421FE30  stwu    r1, -0x1D0(r1)
FFDE87A8  48009EF1  bl      glue_LMSetJCheckLoad
FFDE87AC  80410014  lwz     r2, 0x14(r1)
FFDE87B0  80620008  lwz     r3, 0x8(r2)                        ; TOC[+8] &data+5F0
FFDE87B4  8082000C  lwz     r4, 0xC(r2)                        ; TOC[+12] &data+600
FFDE87B8  93E30000  stw     r31, 0x0(r3)
FFDE87BC  80A007EC  lwz     r5, 0x7EC
FFDE87C0  3C00726D  lis     r0, 0x726D
FFDE87C4  90A40000  stw     r5, 0x0(r4)
FFDE87C8  30606267  addic   r3, r0, 0x6267
FFDE87CC  38800003  li      r4, 0x3
FFDE87D0  48009EED  bl      glue_NewGestaltValue
FFDE87D4  80410014  lwz     r2, 0x14(r1)
FFDE87D8  48009F09  bl      glue_CurResFile
FFDE87DC  80410014  lwz     r2, 0x14(r1)
FFDE87E0  7C7D0734  extsh   r29, r3
FFDE87E4  38600000  li      r3, 0x0
FFDE87E8  48009F1D  bl      glue_UseResFile
FFDE87EC  80410014  lwz     r2, 0x14(r1)
FFDE87F0  3C006E63  lis     r0, 0x6E63
FFDE87F4d 33606D70  .ascii  "3`mp8{.."
FFDE87FC? 48009F2D  bl      glue_Count1Resources
FFDE8800? 80410014  lwz     r2, 0x14(r1)
FFDE8804? 82C20020  lwz     r22, 0x20(r2)                      ; TOC[+32] &data+610
FFDE8808? 7C600734  extsh   r0, r3
FFDE880C? B0760000  sth     r3, 0x0(r22)
FFDE8810? 54031838  slwi    r3, r0, 3
FFDE8814? 48009F39  bl      glue_NewPtr
FFDE8818? 80410014  lwz     r2, 0x14(r1)
FFDE881C? A8160000  lha     r0, 0x0(r22)
FFDE8820? 82E20028  lwz     r23, 0x28(r2)                      ; TOC[+40] &data+620
FFDE8824? 2C800000  cmpwi   cr1, r0, 0x0
FFDE8828? 90770000  stw     r3, 0x0(r23)
FFDE882C? 3B000001  li      r24, 0x1
FFDE8830? 3C007077  lis     r0, 0x7077
FFDE8834? 408500D8  ble     cr1, loc_FFDE890C
FFDE8838? 33C07063  addic   r30, r0, 0x7063
FFDE883C? 3B800004  li      r28, 0x4
FFDE8840? 3B200000  li      r25, 0x0
FFDE8844? 3B400000  li      r26, 0x0
FFDE8848? 387B0000  addi    r3, r27, 0x0
FFDE884C? 32A1009C  addic   r21, r1, 0x9C
loc_FFDE8850:
FFDE8850? 38980000  addi    r4, r24, 0x0
FFDE8854? 48009F1D  bl      glue_Get1IndResource
FFDE8858? 80410014  lwz     r2, 0x14(r1)
FFDE885C? 3BE30000  addi    r31, r3, 0x0
FFDE8860? 2C9F0000  cmpwi   cr1, r31, 0x0
FFDE8864? 4186008C  beq     cr1, loc_FFDE88F0
FFDE8868? 48009F2D  bl      glue_HLock
FFDE886C? 80410014  lwz     r2, 0x14(r1)
FFDE8870? 80170000  lwz     r0, 0x0(r23)
FFDE8874? 30A10040  addic   r5, r1, 0x40
FFDE8878? 7C80E014  addc    r4, r0, r28
FFDE887C? 30C1005C  addic   r6, r1, 0x5C
FFDE8880? 387F0000  addi    r3, r31, 0x0
FFDE8884? 48009F35  bl      glue_GetResInfo
FFDE8888? 80410014  lwz     r2, 0x14(r1)
FFDE888C? 9321004C  stw     r25, 0x4C(r1)
FFDE8890? 801F0000  lwz     r0, 0x0(r31)
FFDE8894? 387F0000  addi    r3, r31, 0x0
FFDE8898? 90010050  stw     r0, 0x50(r1)
FFDE889C? 48009F41  bl      glue_GetHandleSize
FFDE88A0? 80410014  lwz     r2, 0x14(r1)
FFDE88A4? 90610054  stw     r3, 0x54(r1)
FFDE88A8? 92A10038  stw     r21, 0x38(r1)
FFDE88AC? 9B210058  stb     r25, 0x58(r1)
FFDE88B0? 3081004C  addic   r4, r1, 0x4C
FFDE88B4? 30A1005C  addic   r5, r1, 0x5C
FFDE88B8? 31010044  addic   r8, r1, 0x44
FFDE88BC? 31210048  addic   r9, r1, 0x48
FFDE88C0? 3141003C  addic   r10, r1, 0x3C
FFDE88C4? 38600001  li      r3, 0x1
FFDE88C8? 38C00001  li      r6, 0x1
FFDE88CC? 38FE0000  addi    r7, r30, 0x0
FFDE88D0? 48009F31  bl      glue_FragPrepare
FFDE88D4? 80410014  lwz     r2, 0x14(r1)
FFDE88D8? 7C600735  extsh.  r0, r3
FFDE88DC? 80770000  lwz     r3, 0x0(r23)
FFDE88E0? 38000000  li      r0, 0x0
FFDE88E4? 40820008  bne     loc_FFDE88EC
FFDE88E8? 80010048  lwz     r0, 0x48(r1)
loc_FFDE88EC:
FFDE88EC? 7C03D12E  stwx    r0, r3, r26
loc_FFDE88F0:
FFDE88F0? A8160000  lha     r0, 0x0(r22)
FFDE88F4? 33180001  addic   r24, r24, 0x1
FFDE88F8? 7C980000  cmpw    cr1, r24, r0
FFDE88FC? 335A0008  addic   r26, r26, 0x8
FFDE8900? 339C0008  addic   r28, r28, 0x8
FFDE8904? 387B0000  addi    r3, r27, 0x0
FFDE8908? 4085FF48  ble     cr1, loc_FFDE8850
loc_FFDE890C:
FFDE890C? 387D0000  addi    r3, r29, 0x0
FFDE8910? 48009DF5  bl      glue_UseResFile
FFDE8914? 80410014  lwz     r2, 0x14(r1)
FFDE8918? 38600000  li      r3, 0x0
FFDE891C? 818101D8  lwz     r12, 0x1D8(r1)
FFDE8920? 302101D0  addic   r1, r1, 0x1D0
FFDE8924? 7D8803A6  mtspr   LR, r12
FFDE8928? BAA1FFD4  lmw     r21, -0x2C(r1)
FFDE892C? 4E800020  blr
FFDE8930? 7C0802A6  mfspr   r0, LR
FFDE8934? BFA1FFF4  stmw    r29, -0xC(r1)
FFDE8938? 90010008  stw     r0, 0x8(r1)
FFDE893C? 9421FFB0  stwu    r1, -0x50(r1)
FFDE8940? 3860000C  li      r3, 0xC
FFDE8944? 48009EE1  bl      glue_GetEmulatorRegister
FFDE8948? 80410014  lwz     r2, 0x14(r1)
FFDE894C? 3BE30000  addi    r31, r3, 0x0
FFDE8950? 38600006  li      r3, 0x6
FFDE8954? 48009ED1  bl      glue_GetEmulatorRegister
FFDE8958? 80410014  lwz     r2, 0x14(r1)
FFDE895C? 801F0000  lwz     r0, 0x0(r31)
FFDE8960? 7FA01810  subfc   r29, r0, r3
FFDE8964? 38600007  li      r3, 0x7
FFDE8968? 48009EBD  bl      glue_GetEmulatorRegister
FFDE896C? 80410014  lwz     r2, 0x14(r1)
FFDE8970? 801F0000  lwz     r0, 0x0(r31)
FFDE8974? 389D0000  addi    r4, r29, 0x0
FFDE8978? 7FC01810  subfc   r30, r0, r3
FFDE897C? 387F0000  addi    r3, r31, 0x0
FFDE8980? 4800190D  bl      sub_FFDEA28C
FFDE8984? 801F0000  lwz     r0, 0x0(r31)
FFDE8988? 38600004  li      r3, 0x4
FFDE898C? 7FA0E814  addc    r29, r0, r29
FFDE8990? 809D0008  lwz     r4, 0x8(r29)
FFDE8994? 48009EB5  bl      glue_SetEmulatorRegister
FFDE8998? 80410014  lwz     r2, 0x14(r1)
FFDE899C? 389D0000  addi    r4, r29, 0x0
FFDE89A0? 38600006  li      r3, 0x6
FFDE89A4? 48009EA5  bl      glue_SetEmulatorRegister
FFDE89A8? 80410014  lwz     r2, 0x14(r1)
FFDE89AC? 57C0083C  slwi    r0, r30, 1
FFDE89B0? 7C1E0014  addc    r0, r30, r0
FFDE89B4? 5400103A  slwi    r0, r0, 2
FFDE89B8? 7C1E0014  addc    r0, r30, r0
FFDE89BC? 807F0000  lwz     r3, 0x0(r31)
FFDE89C0? 5400103A  slwi    r0, r0, 2
FFDE89C4? 7C830014  addc    r4, r3, r0
FFDE89C8? 38600007  li      r3, 0x7
FFDE89CC? 48009E7D  bl      glue_SetEmulatorRegister
FFDE89D0? 80410014  lwz     r2, 0x14(r1)
FFDE89D4? 81810058  lwz     r12, 0x58(r1)
FFDE89D8? 30210050  addic   r1, r1, 0x50
FFDE89DC? 7D8803A6  mtspr   LR, r12
FFDE89E0? BBA1FFF4  lmw     r29, -0xC(r1)
FFDE89E4? 4E800020  blr

sub_FFDE89E8:
FFDE89E8  7C0802A6  mfspr   r0, LR
FFDE89EC  93E1FFFC  stw     r31, -0x4(r1)
FFDE89F0  90010008  stw     r0, 0x8(r1)
FFDE89F4  9421FFB0  stwu    r1, -0x50(r1)
FFDE89F8  3BE30000  addi    r31, r3, 0x0
FFDE89FC  48009E71  bl      glue_LMGetTopMapHndl
FFDE8A00  80410014  lwz     r2, 0x14(r1)
FFDE8A04  2C030000  cmpwi   cr0, r3, 0x0
FFDE8A08  41820020  beq     loc_FFDE8A28
loc_FFDE8A0C:
FFDE8A0C  80830000  lwz     r4, 0x0(r3)
FFDE8A10  80840010  lwz     r4, 0x10(r4)
FFDE8A14  7C84F840  cmplw   cr1, r4, r31
FFDE8A18  41860010  beq     cr1, loc_FFDE8A28
FFDE8A1C  38640000  addi    r3, r4, 0x0
FFDE8A20  2C030000  cmpwi   cr0, r3, 0x0
FFDE8A24  4082FFE8  bne     loc_FFDE8A0C
loc_FFDE8A28:
FFDE8A28  81810058  lwz     r12, 0x58(r1)
FFDE8A2C  83E1004C  lwz     r31, 0x4C(r1)
FFDE8A30  7D8803A6  mtspr   LR, r12
FFDE8A34  30210050  addic   r1, r1, 0x50
FFDE8A38  4E800020  blr

sub_FFDE8A3C:
FFDE8A3C  88040003  lbz     r0, 0x3(r4)
FFDE8A40  38A00000  li      r5, 0x0
FFDE8A44  2F800000  cmpwi   cr7, r0, 0x0
FFDE8A48  419E002C  beq     cr7, loc_FFDE8A74
FFDE8A4C  88040001  lbz     r0, 0x1(r4)
FFDE8A50  2C000000  cmpwi   cr0, r0, 0x0
FFDE8A54  41820028  beq     loc_FFDE8A7C
FFDE8A58  80630000  lwz     r3, 0x0(r3)
FFDE8A5C  88030017  lbz     r0, 0x17(r3)
FFDE8A60  7C001120  mtcrf   0x01, r0
FFDE8A64  409C0018  bge     cr7, loc_FFDE8A7C
FFDE8A68  80A30010  lwz     r5, 0x10(r3)
FFDE8A6C  38650000  addi    r3, r5, 0x0
FFDE8A70  4E800020  blr
loc_FFDE8A74:
FFDE8A74  80630000  lwz     r3, 0x0(r3)
FFDE8A78  80A30010  lwz     r5, 0x10(r3)
loc_FFDE8A7C:
FFDE8A7C  38650000  addi    r3, r5, 0x0
FFDE8A80  4E800020  blr

sub_FFDE8A84:
FFDE8A84  9421FFC0  stwu    r1, -0x40(r1)
FFDE8A88  90810038  stw     r4, 0x38(r1)
FFDE8A8C  7C0802A6  mfspr   r0, LR
FFDE8A90  38850000  addi    r4, r5, 0x0
FFDE8A94  9061003C  stw     r3, 0x3C(r1)
FFDE8A98  39060000  addi    r8, r6, 0x0
FFDE8A9C  90010048  stw     r0, 0x48(r1)
FFDE8AA0  38A80000  addi    r5, r8, 0x0
FFDE8AA4  48001341  bl      sub_FFDE9DE4
FFDE8AA8  80840000  lwz     r4, 0x0(r4)
FFDE8AAC  8061003C  lwz     r3, 0x3C(r1)
FFDE8AB0  80A10038  lwz     r5, 0x38(r1)
FFDE8AB4  48001359  bl      sub_FFDE9E0C
FFDE8AB8  A8080000  lha     r0, 0x0(r8)
FFDE8ABC  3860FFFF  li      r3, -0x1
FFDE8AC0  2C000000  cmpwi   cr0, r0, 0x0
FFDE8AC4  41800008  blt     loc_FFDE8ACC
FFDE8AC8  38600000  li      r3, 0x0
loc_FFDE8ACC:
FFDE8ACC  81810048  lwz     r12, 0x48(r1)
FFDE8AD0  30210040  addic   r1, r1, 0x40
FFDE8AD4  7D8803A6  mtspr   LR, r12
FFDE8AD8  4E800020  blr

sub_FFDE8ADC:
FFDE8ADC  BFA1FFF4  stmw    r29, -0xC(r1)
FFDE8AE0  7C0802A6  mfspr   r0, LR
FFDE8AE4  3BE30000  addi    r31, r3, 0x0
FFDE8AE8  90010008  stw     r0, 0x8(r1)
FFDE8AEC  9421FFB0  stwu    r1, -0x50(r1)
FFDE8AF0  48009DA1  bl      glue_LMGetROMMapHndl
FFDE8AF4  80410014  lwz     r2, 0x14(r1)
FFDE8AF8  83BF0014  lwz     r29, 0x14(r31)
FFDE8AFC  3BC30000  addi    r30, r3, 0x0
FFDE8B00  7C1DF040  cmplw   r29, r30
FFDE8B04  418200C0  beq     loc_FFDE8BC4
FFDE8B08  48009DAD  bl      glue_LMGetCurMap
FFDE8B0C  80410014  lwz     r2, 0x14(r1)
FFDE8B10  7C600734  extsh   r0, r3
FFDE8B14  2C000001  cmpwi   cr0, r0, 0x1
FFDE8B18  38600001  li      r3, 0x1
FFDE8B1C  41820010  beq     loc_FFDE8B2C
FFDE8B20  A89F0010  lha     r4, 0x10(r31)
FFDE8B24  7C802000  cmpw    cr1, r0, r4
FFDE8B28  40860018  bne     cr1, loc_FFDE8B40
loc_FFDE8B2C:
FFDE8B2C  48009DAD  bl      glue_LMSetCurMap
FFDE8B30  80410014  lwz     r2, 0x14(r1)
FFDE8B34  38000001  li      r0, 0x1
FFDE8B38  B01F0008  sth     r0, 0x8(r31)
FFDE8B3C  93DF000C  stw     r30, 0xC(r31)
loc_FFDE8B40:
FFDE8B40  387D0000  addi    r3, r29, 0x0
FFDE8B44  4BFFFEA5  bl      sub_FFDE89E8
FFDE8B48  2C030000  cmpwi   cr0, r3, 0x0
FFDE8B4C  7C83F040  cmplw   cr1, r3, r30
FFDE8B50  4082002C  bne     loc_FFDE8B7C
FFDE8B54  48009D19  bl      glue_LMGetTopMapHndl
FFDE8B58  80410014  lwz     r2, 0x14(r1)
FFDE8B5C  7C03E840  cmplw   r3, r29
FFDE8B60  387E0000  addi    r3, r30, 0x0
FFDE8B64  4082000C  bne     loc_FFDE8B70
FFDE8B68  48009D95  bl      glue_LMSetTopMapHndl
FFDE8B6C  80410014  lwz     r2, 0x14(r1)
loc_FFDE8B70:
FFDE8B70  807E0000  lwz     r3, 0x0(r30)
FFDE8B74  93A30010  stw     r29, 0x10(r3)
FFDE8B78  48000020  b       loc_FFDE8B98
loc_FFDE8B7C:
FFDE8B7C  4186001C  beq     cr1, loc_FFDE8B98
FFDE8B80  80830000  lwz     r4, 0x0(r3)
FFDE8B84  80BE0000  lwz     r5, 0x0(r30)
FFDE8B88  80040010  lwz     r0, 0x10(r4)
FFDE8B8C  90050010  stw     r0, 0x10(r5)
FFDE8B90  80630000  lwz     r3, 0x0(r3)
FFDE8B94  93C30010  stw     r30, 0x10(r3)
loc_FFDE8B98:
FFDE8B98  48009D89  bl      glue_LMGetResLoad
FFDE8B9C  80410014  lwz     r2, 0x14(r1)
FFDE8BA0  547F063E  clrlwi  r31, r3, 24
FFDE8BA4  48009DA1  bl      glue_LMGetTmpResLoad
FFDE8BA8  80410014  lwz     r2, 0x14(r1)
FFDE8BAC  5463063E  clrlwi  r3, r3, 24
FFDE8BB0  48009DB9  bl      glue_LMSetResLoad
FFDE8BB4  80410014  lwz     r2, 0x14(r1)
FFDE8BB8  387F0000  addi    r3, r31, 0x0
FFDE8BBC  48009DD1  bl      glue_LMSetTmpResLoad
FFDE8BC0  80410014  lwz     r2, 0x14(r1)
loc_FFDE8BC4:
FFDE8BC4  81810058  lwz     r12, 0x58(r1)
FFDE8BC8  30210050  addic   r1, r1, 0x50
FFDE8BCC  7D8803A6  mtspr   LR, r12
FFDE8BD0  BBA1FFF4  lmw     r29, -0xC(r1)
FFDE8BD4  4E800020  blr

sub_FFDE8BD8:
FFDE8BD8  BFA1FFF4  stmw    r29, -0xC(r1)
FFDE8BDC  7C0802A6  mfspr   r0, LR
FFDE8BE0  3BE30000  addi    r31, r3, 0x0
FFDE8BE4  90010008  stw     r0, 0x8(r1)
FFDE8BE8  9421FFB0  stwu    r1, -0x50(r1)
FFDE8BEC  48009CA5  bl      glue_LMGetROMMapHndl
FFDE8BF0  80410014  lwz     r2, 0x14(r1)
FFDE8BF4  83BF0014  lwz     r29, 0x14(r31)
FFDE8BF8  3BC30000  addi    r30, r3, 0x0
FFDE8BFC  7C1DF040  cmplw   r29, r30
FFDE8C00  418200AC  beq     loc_FFDE8CAC
FFDE8C04  48009CB1  bl      glue_LMGetCurMap
FFDE8C08  80410014  lwz     r2, 0x14(r1)
FFDE8C0C  7C600734  extsh   r0, r3
FFDE8C10  2C000001  cmpwi   cr0, r0, 0x1
FFDE8C14  40820020  bne     loc_FFDE8C34
FFDE8C18  A87F0010  lha     r3, 0x10(r31)
FFDE8C1C  809F0014  lwz     r4, 0x14(r31)
FFDE8C20  38030000  addi    r0, r3, 0x0
FFDE8C24  909F000C  stw     r4, 0xC(r31)
FFDE8C28  B01F0008  sth     r0, 0x8(r31)
FFDE8C2C  48009CAD  bl      glue_LMSetCurMap
FFDE8C30  80410014  lwz     r2, 0x14(r1)
loc_FFDE8C34:
FFDE8C34  387E0000  addi    r3, r30, 0x0
FFDE8C38  4BFFFDB1  bl      sub_FFDE89E8
FFDE8C3C  2C030000  cmpwi   cr0, r3, 0x0
FFDE8C40  38000000  li      r0, 0x0
FFDE8C44  4082002C  bne     loc_FFDE8C70
FFDE8C48  48009C25  bl      glue_LMGetTopMapHndl
FFDE8C4C  80410014  lwz     r2, 0x14(r1)
FFDE8C50  7C03F040  cmplw   r3, r30
FFDE8C54  387D0000  addi    r3, r29, 0x0
FFDE8C58  40820028  bne     loc_FFDE8C80
FFDE8C5C  48009CA1  bl      glue_LMSetTopMapHndl
FFDE8C60  80410014  lwz     r2, 0x14(r1)
FFDE8C64  48009CBD  bl      glue_LMGetResLoad
FFDE8C68  80410014  lwz     r2, 0x14(r1)
FFDE8C6C  4800001C  b       loc_FFDE8C88
loc_FFDE8C70:
FFDE8C70  80630000  lwz     r3, 0x0(r3)
FFDE8C74  93A30010  stw     r29, 0x10(r3)
FFDE8C78  807E0000  lwz     r3, 0x0(r30)
FFDE8C7C  90030010  stw     r0, 0x10(r3)
loc_FFDE8C80:
FFDE8C80  48009CA1  bl      glue_LMGetResLoad
FFDE8C84  80410014  lwz     r2, 0x14(r1)
loc_FFDE8C88:
FFDE8C88  547F063E  clrlwi  r31, r3, 24
FFDE8C8C  48009CB9  bl      glue_LMGetTmpResLoad
FFDE8C90  80410014  lwz     r2, 0x14(r1)
FFDE8C94  5463063E  clrlwi  r3, r3, 24
FFDE8C98  48009CD1  bl      glue_LMSetResLoad
FFDE8C9C  80410014  lwz     r2, 0x14(r1)
FFDE8CA0  387F0000  addi    r3, r31, 0x0
FFDE8CA4  48009CE9  bl      glue_LMSetTmpResLoad
FFDE8CA8  80410014  lwz     r2, 0x14(r1)
loc_FFDE8CAC:
FFDE8CAC  81810058  lwz     r12, 0x58(r1)
FFDE8CB0  30210050  addic   r1, r1, 0x50
FFDE8CB4  7D8803A6  mtspr   LR, r12
FFDE8CB8  BBA1FFF4  lmw     r29, -0xC(r1)
FFDE8CBC  4E800020  blr

sub_FFDE8CC0:
FFDE8CC0  BF21FFE4  stmw    r25, -0x1C(r1)
FFDE8CC4  7C0802A6  mfspr   r0, LR
FFDE8CC8  3B600000  li      r27, 0x0
FFDE8CCC  90010008  stw     r0, 0x8(r1)
FFDE8CD0  3BA70000  addi    r29, r7, 0x0
FFDE8CD4  9421FFA0  stwu    r1, -0x60(r1)
FFDE8CD8  93610038  stw     r27, 0x38(r1)
FFDE8CDC  3BE30000  addi    r31, r3, 0x0
FFDE8CE0  54DE063E  clrlwi  r30, r6, 24
FFDE8CE4  9361003C  stw     r27, 0x3C(r1)
FFDE8CE8  9B7F0001  stb     r27, 0x1(r31)
FFDE8CEC  9B7F0004  stb     r27, 0x4(r31)
FFDE8CF0  549A063E  clrlwi  r26, r4, 24
FFDE8CF4  54BC063E  clrlwi  r28, r5, 24
FFDE8CF8  B37F0008  sth     r27, 0x8(r31)
FFDE8CFC  3B260000  addi    r25, r6, 0x0
FFDE8D00  48009CB1  bl      glue_LMGetSysMap
FFDE8D04  80410014  lwz     r2, 0x14(r1)
FFDE8D08  B07F0010  sth     r3, 0x10(r31)
FFDE8D0C  48009CC9  bl      glue_LMGetSysMapHndl
FFDE8D10  80410014  lwz     r2, 0x14(r1)
FFDE8D14  907F0014  stw     r3, 0x14(r31)
FFDE8D18  9B3F0003  stb     r25, 0x3(r31)
FFDE8D1C  387E0000  addi    r3, r30, 0x0
FFDE8D20  48009CD9  bl      glue_LMSetResOneDeep
FFDE8D24  80410014  lwz     r2, 0x14(r1)
FFDE8D28  2C9A0000  cmpwi   cr1, r26, 0x0
FFDE8D2C  41860020  beq     cr1, loc_FFDE8D4C
FFDE8D30  48009CED  bl      glue_LMGetExpandMem
FFDE8D34  80410014  lwz     r2, 0x14(r1)
FFDE8D38  A86301DA  lha     r3, 0x1DA(r3)
FFDE8D3C  987F0001  stb     r3, 0x1(r31)
FFDE8D40  48009B75  bl      glue_LMGetCurMap
FFDE8D44  80410014  lwz     r2, 0x14(r1)
FFDE8D48  48000010  b       loc_FFDE8D58
loc_FFDE8D4C:
FFDE8D4C  9B7F0001  stb     r27, 0x1(r31)
FFDE8D50  48009B65  bl      glue_LMGetCurMap
FFDE8D54  80410014  lwz     r2, 0x14(r1)
loc_FFDE8D58:
FFDE8D58  B07F0006  sth     r3, 0x6(r31)
FFDE8D5C  30610038  addic   r3, r1, 0x38
FFDE8D60  389F0000  addi    r4, r31, 0x0
FFDE8D64  480003D1  bl      sub_FFDE9134
FFDE8D68  88FF0001  lbz     r7, 0x1(r31)
FFDE8D6C  7C630735  extsh.  r3, r3
FFDE8D70  2C870000  cmpwi   cr1, r7, 0x0
FFDE8D74  80E10038  lwz     r7, 0x38(r1)
FFDE8D78  90FF000C  stw     r7, 0xC(r31)
FFDE8D7C  418600F4  beq     cr1, loc_FFDE8E70
FFDE8D80  408200F0  bne     loc_FFDE8E70
FFDE8D84  48009B31  bl      glue_LMGetCurMap
FFDE8D88  80410014  lwz     r2, 0x14(r1)
FFDE8D8C  7C7E0734  extsh   r30, r3
FFDE8D90  48009C8D  bl      glue_LMGetExpandMem
FFDE8D94  80410014  lwz     r2, 0x14(r1)
FFDE8D98  A86301D6  lha     r3, 0x1D6(r3)
FFDE8D9C  7C9E1800  cmpw    cr1, r30, r3
FFDE8DA0  80610038  lwz     r3, 0x38(r1)
FFDE8DA4  4086002C  bne     cr1, loc_FFDE8DD0
FFDE8DA8  48009C75  bl      glue_LMGetExpandMem
FFDE8DAC  80410014  lwz     r2, 0x14(r1)
FFDE8DB0  A88301D8  lha     r4, 0x1D8(r3)
FFDE8DB4  3061003C  addic   r3, r1, 0x3C
FFDE8DB8  38BF0000  addi    r5, r31, 0x0
FFDE8DBC  480003B9  bl      sub_FFDE9174
FFDE8DC0  8061003C  lwz     r3, 0x3C(r1)
FFDE8DC4  80E10038  lwz     r7, 0x38(r1)
FFDE8DC8  2C830000  cmpwi   cr1, r3, 0x0
FFDE8DCC  4800004C  b       loc_FFDE8E18
loc_FFDE8DD0:
FFDE8DD0  48009C71  bl      glue_GetOverrideMap
FFDE8DD4  80410014  lwz     r2, 0x14(r1)
FFDE8DD8  9061003C  stw     r3, 0x3C(r1)
FFDE8DDC  48009AD9  bl      glue_LMGetCurMap
FFDE8DE0  80410014  lwz     r2, 0x14(r1)
FFDE8DE4  3BC30000  addi    r30, r3, 0x0
FFDE8DE8  48009C35  bl      glue_LMGetExpandMem
FFDE8DEC  80410014  lwz     r2, 0x14(r1)
FFDE8DF0  B3C301D6  sth     r30, 0x1D6(r3)
FFDE8DF4  48009C29  bl      glue_LMGetExpandMem
FFDE8DF8  80410014  lwz     r2, 0x14(r1)
FFDE8DFC  80E1003C  lwz     r7, 0x3C(r1)
FFDE8E00  80E70000  lwz     r7, 0x0(r7)
FFDE8E04  A0E70014  lhz     r7, 0x14(r7)
FFDE8E08  B0E301D8  sth     r7, 0x1D8(r3)
FFDE8E0C  8061003C  lwz     r3, 0x3C(r1)
FFDE8E10  80E10038  lwz     r7, 0x38(r1)
FFDE8E14  2C830000  cmpwi   cr1, r3, 0x0
loc_FFDE8E18:
FFDE8E18  7C033840  cmplw   r3, r7
FFDE8E1C  41860028  beq     cr1, loc_FFDE8E44
FFDE8E20  41820024  beq     loc_FFDE8E44
FFDE8E24  80630000  lwz     r3, 0x0(r3)
FFDE8E28  A3C30014  lhz     r30, 0x14(r3)
FFDE8E2C  7FC30734  extsh   r3, r30
FFDE8E30  48009AA9  bl      glue_LMSetCurMap
FFDE8E34  80410014  lwz     r2, 0x14(r1)
FFDE8E38  B3DF0008  sth     r30, 0x8(r31)
FFDE8E3C  8061003C  lwz     r3, 0x3C(r1)
FFDE8E40  907F000C  stw     r3, 0xC(r31)
loc_FFDE8E44:
FFDE8E44  807F0014  lwz     r3, 0x14(r31)
FFDE8E48  48009BF9  bl      glue_GetOverrideMap
FFDE8E4C  80410014  lwz     r2, 0x14(r1)
FFDE8E50  2C030000  cmpwi   cr0, r3, 0x0
FFDE8E54  9061003C  stw     r3, 0x3C(r1)
FFDE8E58  41820018  beq     loc_FFDE8E70
FFDE8E5C  907F0014  stw     r3, 0x14(r31)
FFDE8E60  8061003C  lwz     r3, 0x3C(r1)
FFDE8E64  80630000  lwz     r3, 0x0(r3)
FFDE8E68  A0630014  lhz     r3, 0x14(r3)
FFDE8E6C  B07F0010  sth     r3, 0x10(r31)
loc_FFDE8E70:
FFDE8E70  2C9C0000  cmpwi   cr1, r28, 0x0
FFDE8E74  4186002C  beq     cr1, loc_FFDE8EA0
FFDE8E78  48009BED  bl      glue_LMGetROMMapInsert
FFDE8E7C  80410014  lwz     r2, 0x14(r1)
FFDE8E80  5467063F  clrlwi. r7, r3, 24
FFDE8E84  987F0002  stb     r3, 0x2(r31)
FFDE8E88  387F0000  addi    r3, r31, 0x0
FFDE8E8C  41820018  beq     loc_FFDE8EA4
FFDE8E90  4BFFFC4D  bl      sub_FFDE8ADC
FFDE8E94  480099D9  bl      glue_LMGetTopMapHndl
FFDE8E98  80410014  lwz     r2, 0x14(r1)
FFDE8E9C  48000010  b       loc_FFDE8EAC
loc_FFDE8EA0:
FFDE8EA0  9B7F0002  stb     r27, 0x2(r31)
loc_FFDE8EA4:
FFDE8EA4  480099C9  bl      glue_LMGetTopMapHndl
FFDE8EA8  80410014  lwz     r2, 0x14(r1)
loc_FFDE8EAC:
FFDE8EAC  9BBF0000  stb     r29, 0x0(r31)
FFDE8EB0  907F0018  stw     r3, 0x18(r31)
FFDE8EB4  81810068  lwz     r12, 0x68(r1)
FFDE8EB8  30210060  addic   r1, r1, 0x60
FFDE8EBC  7D8803A6  mtspr   LR, r12
FFDE8EC0  BB21FFE4  lmw     r25, -0x1C(r1)
FFDE8EC4  4E800020  blr

sub_FFDE8EC8:
FFDE8EC8  7C0802A6  mfspr   r0, LR
FFDE8ECC  BFC1FFF8  stmw    r30, -0x8(r1)
FFDE8ED0  90010008  stw     r0, 0x8(r1)
FFDE8ED4  5480063F  clrlwi. r0, r4, 24
FFDE8ED8  9421FFB0  stwu    r1, -0x50(r1)
FFDE8EDC  3BE30000  addi    r31, r3, 0x0
FFDE8EE0  7CDE0734  extsh   r30, r6
FFDE8EE4  41820040  beq     loc_FFDE8F24
FFDE8EE8  881F0001  lbz     r0, 0x1(r31)
FFDE8EEC  2C800000  cmpwi   cr1, r0, 0x0
FFDE8EF0  41860034  beq     cr1, loc_FFDE8F24
FFDE8EF4  A81F0008  lha     r0, 0x8(r31)
FFDE8EF8  2C000000  cmpwi   cr0, r0, 0x0
FFDE8EFC  41820028  beq     loc_FFDE8F24
FFDE8F00  480099B5  bl      glue_LMGetCurMap
FFDE8F04  80410014  lwz     r2, 0x14(r1)
FFDE8F08  A81F0008  lha     r0, 0x8(r31)
FFDE8F0C  7C630734  extsh   r3, r3
FFDE8F10  7C030000  cmpw    r3, r0
FFDE8F14  40820010  bne     loc_FFDE8F24
FFDE8F18  A87F0006  lha     r3, 0x6(r31)
FFDE8F1C  480099BD  bl      glue_LMSetCurMap
FFDE8F20  80410014  lwz     r2, 0x14(r1)
loc_FFDE8F24:
FFDE8F24  881F0002  lbz     r0, 0x2(r31)
FFDE8F28  387F0000  addi    r3, r31, 0x0
FFDE8F2C  2C000000  cmpwi   cr0, r0, 0x0
FFDE8F30  4082FCA9  bnel    sub_FFDE8BD8
FFDE8F34  38600000  li      r3, 0x0
FFDE8F38  48009B51  bl      glue_LMSetROMMapInsert
FFDE8F3C  80410014  lwz     r2, 0x14(r1)
FFDE8F40  38600000  li      r3, 0x0
FFDE8F44  48009A49  bl      glue_LMSetTmpResLoad
FFDE8F48  80410014  lwz     r2, 0x14(r1)
FFDE8F4C  38600000  li      r3, 0x0
FFDE8F50  48009AA9  bl      glue_LMSetResOneDeep
FFDE8F54  80410014  lwz     r2, 0x14(r1)
FFDE8F58  387E0000  addi    r3, r30, 0x0
FFDE8F5C  48009B51  bl      glue_LMSetResErr
FFDE8F60  80410014  lwz     r2, 0x14(r1)
FFDE8F64  38600000  li      r3, 0x0
FFDE8F68  389E0000  addi    r4, r30, 0x0
FFDE8F6C  480098DD  bl      glue_SetEmulatorRegister
FFDE8F70  80410014  lwz     r2, 0x14(r1)
FFDE8F74  48009B5D  bl      glue_LMGetResErrProc
FFDE8F78  80410014  lwz     r2, 0x14(r1)
FFDE8F7C  2C1E0000  cmpwi   cr0, r30, 0x0
FFDE8F80  2C830000  cmpwi   cr1, r3, 0x0
FFDE8F84  41820018  beq     loc_FFDE8F9C
FFDE8F88  38BE0000  addi    r5, r30, 0x0
FFDE8F8C  38801002  li      r4, 0x1002
FFDE8F90  4186000C  beq     cr1, loc_FFDE8F9C
FFDE8F94  48009B61  bl      glue_CallUniversalProc
FFDE8F98  80410014  lwz     r2, 0x14(r1)
loc_FFDE8F9C:
FFDE8F9C  81810058  lwz     r12, 0x58(r1)
FFDE8FA0  30210050  addic   r1, r1, 0x50
FFDE8FA4  7D8803A6  mtspr   LR, r12
FFDE8FA8  BBC1FFF8  lmw     r30, -0x8(r1)
FFDE8FAC  4E800020  blr

sub_FFDE8FB0:
FFDE8FB0  7C0802A6  mfspr   r0, LR
FFDE8FB4  9421FFC0  stwu    r1, -0x40(r1)
FFDE8FB8  90010048  stw     r0, 0x48(r1)
FFDE8FBC  38600000  li      r3, 0x0
FFDE8FC0  48009AC9  bl      glue_LMSetROMMapInsert
FFDE8FC4  80410014  lwz     r2, 0x14(r1)
FFDE8FC8  38600000  li      r3, 0x0
FFDE8FCC  48009A2D  bl      glue_LMSetResOneDeep
FFDE8FD0  80410014  lwz     r2, 0x14(r1)
FFDE8FD4  81810048  lwz     r12, 0x48(r1)
FFDE8FD8  30210040  addic   r1, r1, 0x40
FFDE8FDC  7D8803A6  mtspr   LR, r12
FFDE8FE0  4E800020  blr

sub_FFDE8FE4:
FFDE8FE4  3063001C  addic   r3, r3, 0x1C
FFDE8FE8  7CA3E4AA  lswi    r5, r3, 0x1C
FFDE8FEC  38600B80  li      r3, 0xB80
FFDE8FF0  7CA3E5AA  stswi   r5, r3, 0x1C
FFDE8FF4  4E800020  blr

sub_FFDE8FF8:
FFDE8FF8  BFA1FFF4  stmw    r29, -0xC(r1)
FFDE8FFC  7C9F0734  extsh   r31, r4
FFDE9000  7C0802A6  mfspr   r0, LR
FFDE9004  54A5063E  clrlwi  r5, r5, 24
FFDE9008  90010008  stw     r0, 0x8(r1)
FFDE900C  3BA30000  addi    r29, r3, 0x0
FFDE9010  3BC00000  li      r30, 0x0
FFDE9014  54C7063E  clrlwi  r7, r6, 24
FFDE9018  38C50000  addi    r6, r5, 0x0
FFDE901C  9421FF70  stwu    r1, -0x90(r1)
FFDE9020  38A00001  li      r5, 0x1
FFDE9024  30610044  addic   r3, r1, 0x44
FFDE9028  38800001  li      r4, 0x1
FFDE902C  4BFFFC95  bl      sub_FFDE8CC0
FFDE9030  80A10050  lwz     r5, 0x50(r1)
FFDE9034  30C1003C  addic   r6, r1, 0x3C
FFDE9038  2C050000  cmpwi   cr0, r5, 0x0
FFDE903C  30E10040  addic   r7, r1, 0x40
FFDE9040  31010038  addic   r8, r1, 0x38
FFDE9044  30610044  addic   r3, r1, 0x44
FFDE9048  40820010  bne     loc_FFDE9058
FFDE904C  80A1005C  lwz     r5, 0x5C(r1)
FFDE9050  90A10038  stw     r5, 0x38(r1)
FFDE9054  48000008  b       loc_FFDE905C
loc_FFDE9058:
FFDE9058  90A10038  stw     r5, 0x38(r1)
loc_FFDE905C:
FFDE905C  38BF0000  addi    r5, r31, 0x0
FFDE9060  389D0000  addi    r4, r29, 0x0
FFDE9064  48000F49  bl      sub_FFDE9FAC
FFDE9068  7C650735  extsh.  r5, r3
FFDE906C  80610038  lwz     r3, 0x38(r1)
FFDE9070  80810040  lwz     r4, 0x40(r1)
FFDE9074  38BD0000  addi    r5, r29, 0x0
FFDE9078  40820060  bne     loc_FFDE90D8
FFDE907C  30C10044  addic   r6, r1, 0x44
FFDE9080  48001195  bl      sub_FFDEA214
FFDE9084  7C6C0735  extsh.  r12, r3
FFDE9088  80A10038  lwz     r5, 0x38(r1)
FFDE908C  80E10040  lwz     r7, 0x40(r1)
FFDE9090  30610044  addic   r3, r1, 0x44
FFDE9094  40820048  bne     loc_FFDE90DC
FFDE9098  80C50000  lwz     r6, 0x0(r5)
FFDE909C  7CC73014  addc    r6, r7, r6
FFDE90A0  83C60008  lwz     r30, 0x8(r6)
FFDE90A4  93A10060  stw     r29, 0x60(r1)
FFDE90A8  80C60008  lwz     r6, 0x8(r6)
FFDE90AC  90E10068  stw     r7, 0x68(r1)
FFDE90B0  90C10064  stw     r6, 0x64(r1)
FFDE90B4  80C50000  lwz     r6, 0x0(r5)
FFDE90B8  A0C60018  lhz     r6, 0x18(r6)
FFDE90BC  90A10070  stw     r5, 0x70(r1)
FFDE90C0  90C1006C  stw     r6, 0x6C(r1)
FFDE90C4  80A50000  lwz     r5, 0x0(r5)
FFDE90C8  A0A50014  lhz     r5, 0x14(r5)
FFDE90CC  B0A10078  sth     r5, 0x78(r1)
FFDE90D0  4BFFFF15  bl      sub_FFDE8FE4
FFDE90D4  48000008  b       loc_FFDE90DC
loc_FFDE90D8:
FFDE90D8  399E0000  addi    r12, r30, 0x0
loc_FFDE90DC:
FFDE90DC  38CC0000  addi    r6, r12, 0x0
FFDE90E0  30610044  addic   r3, r1, 0x44
FFDE90E4  38800001  li      r4, 0x1
FFDE90E8  38A00001  li      r5, 0x1
FFDE90EC  4BFFFDDD  bl      sub_FFDE8EC8
FFDE90F0  387E0000  addi    r3, r30, 0x0
FFDE90F4  81810098  lwz     r12, 0x98(r1)
FFDE90F8  30210090  addic   r1, r1, 0x90
FFDE90FC  7D8803A6  mtspr   LR, r12
FFDE9100  BBA1FFF4  lmw     r29, -0xC(r1)
FFDE9104  4E800020  blr

sub_FFDE9108:
FFDE9108  88040003  lbz     r0, 0x3(r4)
FFDE910C  2C000000  cmpwi   cr0, r0, 0x0
FFDE9110  41820014  beq     loc_FFDE9124
FFDE9114  8084000C  lwz     r4, 0xC(r4)
FFDE9118  90830000  stw     r4, 0x0(r3)
FFDE911C  38600000  li      r3, 0x0
FFDE9120  4E800020  blr
loc_FFDE9124:
FFDE9124  80840018  lwz     r4, 0x18(r4)
FFDE9128  90830000  stw     r4, 0x0(r3)
FFDE912C  38600000  li      r3, 0x0
FFDE9130  4E800020  blr

sub_FFDE9134:
FFDE9134  9421FFC0  stwu    r1, -0x40(r1)
FFDE9138  7C0802A6  mfspr   r0, LR
FFDE913C  90610038  stw     r3, 0x38(r1)
FFDE9140  90010048  stw     r0, 0x48(r1)
FFDE9144  9081003C  stw     r4, 0x3C(r1)
FFDE9148  4800976D  bl      glue_LMGetCurMap
FFDE914C  80410014  lwz     r2, 0x14(r1)
FFDE9150  7C640734  extsh   r4, r3
FFDE9154  80610038  lwz     r3, 0x38(r1)
FFDE9158  80A1003C  lwz     r5, 0x3C(r1)
FFDE915C  48000019  bl      sub_FFDE9174
FFDE9160  7C630734  extsh   r3, r3
FFDE9164  81810048  lwz     r12, 0x48(r1)
FFDE9168  30210040  addic   r1, r1, 0x40
FFDE916C  7D8803A6  mtspr   LR, r12
FFDE9170  4E800020  blr

sub_FFDE9174:
FFDE9174  BFA1FFF4  stmw    r29, -0xC(r1)
FFDE9178  7C9D0735  extsh.  r29, r4
FFDE917C  7C0802A6  mfspr   r0, LR
FFDE9180  3BC30000  addi    r30, r3, 0x0
FFDE9184  90010008  stw     r0, 0x8(r1)
FFDE9188  9421FFB0  stwu    r1, -0x50(r1)
FFDE918C  3BE00000  li      r31, 0x0
FFDE9190  40820008  bne     loc_FFDE9198
FFDE9194  ABA50010  lha     r29, 0x10(r5)
loc_FFDE9198:
FFDE9198  480096D5  bl      glue_LMGetTopMapHndl
FFDE919C  80410014  lwz     r2, 0x14(r1)
FFDE91A0  2C830000  cmpwi   cr1, r3, 0x0
FFDE91A4  41860030  beq     cr1, loc_FFDE91D4
FFDE91A8  80830000  lwz     r4, 0x0(r3)
FFDE91AC  A0A40014  lhz     r5, 0x14(r4)
FFDE91B0  7C05E800  cmpw    r5, r29
FFDE91B4  41820020  beq     loc_FFDE91D4
loc_FFDE91B8:
FFDE91B8  80640010  lwz     r3, 0x10(r4)
FFDE91BC  2C830000  cmpwi   cr1, r3, 0x0
FFDE91C0  41860014  beq     cr1, loc_FFDE91D4
FFDE91C4  80830000  lwz     r4, 0x0(r3)
FFDE91C8  A0A40014  lhz     r5, 0x14(r4)
FFDE91CC  7C05E800  cmpw    r5, r29
FFDE91D0  4082FFE8  bne     loc_FFDE91B8
loc_FFDE91D4:
FFDE91D4  907E0000  stw     r3, 0x0(r30)
FFDE91D8  40860008  bne     cr1, loc_FFDE91E0
FFDE91DC  3BE0FF3F  li      r31, -0xC1
loc_FFDE91E0:
FFDE91E0  387F0000  addi    r3, r31, 0x0
FFDE91E4  81810058  lwz     r12, 0x58(r1)
FFDE91E8  30210050  addic   r1, r1, 0x50
FFDE91EC  7D8803A6  mtspr   LR, r12
FFDE91F0  BBA1FFF4  lmw     r29, -0xC(r1)
FFDE91F4  4E800020  blr
FFDE91F8? 7C0802A6  mfspr   r0, LR
FFDE91FC? 93E1FFFC  stw     r31, -0x4(r1)
FFDE9200? 90010008  stw     r0, 0x8(r1)
FFDE9204? 9421FFA0  stwu    r1, -0x60(r1)
FFDE9208? 38050000  addi    r0, r5, 0x0
FFDE920C? 3BE60000  addi    r31, r6, 0x0
FFDE9210? 90810040  stw     r4, 0x40(r1)
FFDE9214? 90010038  stw     r0, 0x38(r1)
FFDE9218? 80A20094  lwz     r5, 0x94(r2)                       ; TOC[+148] &data+FC
FFDE921C? 9061003C  stw     r3, 0x3C(r1)
FFDE9220? 30C00000  addic   r6, r0, 0x0
FFDE9224? 38FF0000  addi    r7, r31, 0x0
FFDE9228? 4800012D  bl      sub_FFDE9354
FFDE922C? 5463063F  clrlwi. r3, r3, 24
FFDE9230? 80810040  lwz     r4, 0x40(r1)
FFDE9234? 80C10038  lwz     r6, 0x38(r1)
FFDE9238? 38FF0000  addi    r7, r31, 0x0
FFDE923C? 41820014  beq     loc_FFDE9250
FFDE9240? 80BF0014  lwz     r5, 0x14(r31)
FFDE9244? 8061003C  lwz     r3, 0x3C(r1)
FFDE9248? 480001E5  bl      sub_FFDE942C
FFDE924C? 5463063E  clrlwi  r3, r3, 24
loc_FFDE9250:
FFDE9250? 81810068  lwz     r12, 0x68(r1)
FFDE9254? 83E1005C  lwz     r31, 0x5C(r1)
FFDE9258? 7D8803A6  mtspr   LR, r12
FFDE925C? 30210060  addic   r1, r1, 0x60
FFDE9260? 4E800020  blr
FFDE9264? 80840000  lwz     r4, 0x0(r4)
FFDE9268? 80070000  lwz     r0, 0x0(r7)
FFDE926C? 7C84282E  lwzx    r4, r4, r5
FFDE9270? 38600000  li      r3, 0x0
FFDE9274? 7C040040  cmplw   r4, r0
FFDE9278? 4082000C  bne     loc_FFDE9284
FFDE927C? 90A70014  stw     r5, 0x14(r7)
FFDE9280? 38600001  li      r3, 0x1
loc_FFDE9284:
FFDE9284? 4E800020  blr
FFDE9288? 81040000  lwz     r8, 0x0(r4)
FFDE928C? A8070008  lha     r0, 0x8(r7)
FFDE9290? 7D0832AE  lhax    r8, r8, r6
FFDE9294? 38600000  li      r3, 0x0
FFDE9298? 7C080000  cmpw    r8, r0
FFDE929C? 40820014  bne     loc_FFDE92B0
FFDE92A0? 90C70018  stw     r6, 0x18(r7)
FFDE92A4? 90870010  stw     r4, 0x10(r7)
FFDE92A8? 90A70014  stw     r5, 0x14(r7)
FFDE92AC? 38600001  li      r3, 0x1
loc_FFDE92B0:
FFDE92B0? 4E800020  blr

sub_FFDE92B4:
FFDE92B4  93E1FFFC  stw     r31, -0x4(r1)
FFDE92B8  7C0802A6  mfspr   r0, LR
FFDE92BC  3BE30000  addi    r31, r3, 0x0
FFDE92C0  2C1F0000  cmpwi   cr0, r31, 0x0
FFDE92C4  90010008  stw     r0, 0x8(r1)
FFDE92C8  9421FFA0  stwu    r1, -0x60(r1)
FFDE92CC  90C10040  stw     r6, 0x40(r1)
FFDE92D0  90810038  stw     r4, 0x38(r1)
FFDE92D4  90A1003C  stw     r5, 0x3C(r1)
FFDE92D8  90E10044  stw     r7, 0x44(r1)
FFDE92DC  38C00000  li      r6, 0x0
FFDE92E0  4182005C  beq     loc_FFDE933C
FFDE92E4  39650000  addi    r11, r5, 0x0
FFDE92E8  38640000  addi    r3, r4, 0x0
FFDE92EC  389F0000  addi    r4, r31, 0x0
FFDE92F0  80A10040  lwz     r5, 0x40(r1)
FFDE92F4  38C70000  addi    r6, r7, 0x0
loc_FFDE92F8:
FFDE92F8  48009821  bl      sub_FFDF2B18
FFDE92FC  80410014  lwz     r2, 0x14(r1)
FFDE9300  5466063E  clrlwi  r6, r3, 24
FFDE9304  387F0000  addi    r3, r31, 0x0
FFDE9308  80810038  lwz     r4, 0x38(r1)
FFDE930C  4BFFF731  bl      sub_FFDE8A3C
FFDE9310  2C060000  cmpwi   cr0, r6, 0x0
FFDE9314  3BE30000  addi    r31, r3, 0x0
FFDE9318  2C9F0000  cmpwi   cr1, r31, 0x0
FFDE931C  8161003C  lwz     r11, 0x3C(r1)
FFDE9320  4082001C  bne     loc_FFDE933C
FFDE9324  38640000  addi    r3, r4, 0x0
FFDE9328  389F0000  addi    r4, r31, 0x0
FFDE932C  80A10040  lwz     r5, 0x40(r1)
FFDE9330  4186000C  beq     cr1, loc_FFDE933C
FFDE9334  80C10044  lwz     r6, 0x44(r1)
FFDE9338  4BFFFFC0  b       loc_FFDE92F8
loc_FFDE933C:
FFDE933C  38660000  addi    r3, r6, 0x0
FFDE9340  81810068  lwz     r12, 0x68(r1)
FFDE9344  83E1005C  lwz     r31, 0x5C(r1)
FFDE9348  7D8803A6  mtspr   LR, r12
FFDE934C  30210060  addic   r1, r1, 0x60
FFDE9350  4E800020  blr

sub_FFDE9354:
FFDE9354  BFC1FFF8  stmw    r30, -0x8(r1)
FFDE9358  7C0802A6  mfspr   r0, LR
FFDE935C  39040000  addi    r8, r4, 0x0
FFDE9360  90010008  stw     r0, 0x8(r1)
FFDE9364  9421FF90  stwu    r1, -0x70(r1)
FFDE9368  90A10048  stw     r5, 0x48(r1)
FFDE936C  90C1004C  stw     r6, 0x4C(r1)
FFDE9370  39200000  li      r9, 0x0
FFDE9374  30A10040  addic   r5, r1, 0x40
FFDE9378  3BE30000  addi    r31, r3, 0x0
FFDE937C  91010044  stw     r8, 0x44(r1)
FFDE9380  90E10050  stw     r7, 0x50(r1)
FFDE9384  30C10038  addic   r6, r1, 0x38
FFDE9388  3081003C  addic   r4, r1, 0x3C
FFDE938C  38680000  addi    r3, r8, 0x0
FFDE9390  4BFFF6F5  bl      sub_FFDE8A84
FFDE9394  7C630735  extsh.  r3, r3
FFDE9398  ABC10038  lha     r30, 0x38(r1)
FFDE939C  2C9E0000  cmpwi   cr1, r30, 0x0
FFDE93A0  40820074  bne     loc_FFDE9414
FFDE93A4  80A10040  lwz     r5, 0x40(r1)
FFDE93A8  81610048  lwz     r11, 0x48(r1)
FFDE93AC  387F0000  addi    r3, r31, 0x0
FFDE93B0  41840054  blt     cr1, loc_FFDE9404
FFDE93B4  80810044  lwz     r4, 0x44(r1)
FFDE93B8  80C1004C  lwz     r6, 0x4C(r1)
FFDE93BC  80E10050  lwz     r7, 0x50(r1)
loc_FFDE93C0:
FFDE93C0  48009759  bl      sub_FFDF2B18
FFDE93C4  80410014  lwz     r2, 0x14(r1)
FFDE93C8  309EFFFF  addic   r4, r30, -0x1
FFDE93CC  7C9E0735  extsh.  r30, r4
FFDE93D0  80810040  lwz     r4, 0x40(r1)
FFDE93D4  5469063E  clrlwi  r9, r3, 24
FFDE93D8  30A40008  addic   r5, r4, 0x8
FFDE93DC  2C890000  cmpwi   cr1, r9, 0x0
FFDE93E0  90A10040  stw     r5, 0x40(r1)
FFDE93E4  41800020  blt     loc_FFDE9404
FFDE93E8  81610048  lwz     r11, 0x48(r1)
FFDE93EC  387F0000  addi    r3, r31, 0x0
FFDE93F0  80810044  lwz     r4, 0x44(r1)
FFDE93F4  40860014  bne     cr1, loc_FFDE9408
FFDE93F8  80C1004C  lwz     r6, 0x4C(r1)
FFDE93FC  80E10050  lwz     r7, 0x50(r1)
FFDE9400  4BFFFFC0  b       loc_FFDE93C0
loc_FFDE9404:
FFDE9404  2C890000  cmpwi   cr1, r9, 0x0
loc_FFDE9408:
FFDE9408  307E0001  addic   r3, r30, 0x1
FFDE940C  41860008  beq     cr1, loc_FFDE9414
FFDE9410  B07F0032  sth     r3, 0x32(r31)
loc_FFDE9414:
FFDE9414  38690000  addi    r3, r9, 0x0
FFDE9418  81810078  lwz     r12, 0x78(r1)
FFDE941C  30210070  addic   r1, r1, 0x70
FFDE9420  7D8803A6  mtspr   LR, r12
FFDE9424  BBC1FFF8  lmw     r30, -0x8(r1)
FFDE9428  4E800020  blr

sub_FFDE942C:
FFDE942C? BF61FFEC  stmw    r27, -0x14(r1)
FFDE9430? 3BE40000  addi    r31, r4, 0x0
FFDE9434? 3BC30000  addi    r30, r3, 0x0
FFDE9438? 811F0000  lwz     r8, 0x0(r31)
FFDE943C? 3B650000  addi    r27, r5, 0x0
FFDE9440? 7C88D814  addc    r4, r8, r27
FFDE9444? A1240004  lhz     r9, 0x4(r4)
FFDE9448? 7C0802A6  mfspr   r0, LR
FFDE944C? 7D3D0735  extsh.  r29, r9
FFDE9450? 90010008  stw     r0, 0x8(r1)
FFDE9454? 9421FFA0  stwu    r1, -0x60(r1)
FFDE9458? 90C10038  stw     r6, 0x38(r1)
FFDE945C? A1080018  lhz     r8, 0x18(r8)
FFDE9460? A0840006  lhz     r4, 0x6(r4)
FFDE9464? 90E1003C  stw     r7, 0x3C(r1)
FFDE9468? 7F882014  addc    r28, r8, r4
FFDE946C? 38600000  li      r3, 0x0
FFDE9470? 41800054  blt     loc_FFDE94C4
FFDE9474? 39660000  addi    r11, r6, 0x0
FFDE9478? 389F0000  addi    r4, r31, 0x0
FFDE947C? 387E0000  addi    r3, r30, 0x0
FFDE9480? 38DC0000  addi    r6, r28, 0x0
loc_FFDE9484:
FFDE9484? 48009695  bl      sub_FFDF2B18
FFDE9488? 80410014  lwz     r2, 0x14(r1)
FFDE948C? 309DFFFF  addic   r4, r29, -0x1
FFDE9490? 7C9D0735  extsh.  r29, r4
FFDE9494? 5463063E  clrlwi  r3, r3, 24
FFDE9498? 2C830000  cmpwi   cr1, r3, 0x0
FFDE949C? 339C000C  addic   r28, r28, 0xC
FFDE94A0? 41800024  blt     loc_FFDE94C4
FFDE94A4? 81610038  lwz     r11, 0x38(r1)
FFDE94A8? 389F0000  addi    r4, r31, 0x0
FFDE94AC? 38BB0000  addi    r5, r27, 0x0
FFDE94B0? 40860018  bne     cr1, loc_FFDE94C8
FFDE94B4? 387E0000  addi    r3, r30, 0x0
FFDE94B8? 38DC0000  addi    r6, r28, 0x0
FFDE94BC? 80E1003C  lwz     r7, 0x3C(r1)
FFDE94C0? 4BFFFFC4  b       loc_FFDE9484
loc_FFDE94C4:
FFDE94C4? 2C830000  cmpwi   cr1, r3, 0x0
loc_FFDE94C8:
FFDE94C8? 309D0001  addic   r4, r29, 0x1
FFDE94CC? 41860008  beq     cr1, loc_FFDE94D4
FFDE94D0? B09E0030  sth     r4, 0x30(r30)
loc_FFDE94D4:
FFDE94D4? 81810068  lwz     r12, 0x68(r1)
FFDE94D8? 30210060  addic   r1, r1, 0x60
FFDE94DC? 7D8803A6  mtspr   LR, r12
FFDE94E0? BB61FFEC  lmw     r27, -0x14(r1)
FFDE94E4? 4E800020  blr

sub_FFDE94E8:
FFDE94E8  BF61FFEC  stmw    r27, -0x14(r1)
FFDE94EC  7C0802A6  mfspr   r0, LR
FFDE94F0  3BC40000  addi    r30, r4, 0x0
FFDE94F4  90010008  stw     r0, 0x8(r1)
FFDE94F8  801E0004  lwz     r0, 0x4(r30)
FFDE94FC  9421FFA0  stwu    r1, -0x60(r1)
FFDE9500  90610038  stw     r3, 0x38(r1)
FFDE9504  541F023E  clrlwi  r31, r0, 8
FFDE9508  48009655  bl      glue_LMGetROMBase
FFDE950C  80410014  lwz     r2, 0x14(r1)
FFDE9510  7FE3F814  addc    r31, r3, r31
FFDE9514  80610038  lwz     r3, 0x38(r1)
FFDE9518  48009669  bl      glue_HandleZone
FFDE951C  80410014  lwz     r2, 0x14(r1)
FFDE9520  391F0000  addi    r8, r31, 0x0
FFDE9524  87A8FFFC  lwzu    r29, -0x4(r8)
FFDE9528  3B830000  addi    r28, r3, 0x0
FFDE952C  57BD023E  clrlwi  r29, r29, 8
FFDE9530  7F7D1814  addc    r27, r29, r3
FFDE9534  937E0008  stw     r27, 0x8(r30)
FFDE9538  480093E9  bl      glue_LMGetResLoad
FFDE953C  80410014  lwz     r2, 0x14(r1)
FFDE9540  5460063F  clrlwi. r0, r3, 24
FFDE9544  387B0000  addi    r3, r27, 0x0
FFDE9548  41820014  beq     loc_FFDE955C
FFDE954C  7FFDE12E  stwx    r31, r29, r28
FFDE9550  801E0004  lwz     r0, 0x4(r30)
FFDE9554  5404463E  srwi    r4, r0, 24
FFDE9558  4800001D  bl      sub_FFDE9574
loc_FFDE955C:
FFDE955C  38600000  li      r3, 0x0
FFDE9560  81810068  lwz     r12, 0x68(r1)
FFDE9564  30210060  addic   r1, r1, 0x60
FFDE9568  7D8803A6  mtspr   LR, r12
FFDE956C  BB61FFEC  lmw     r27, -0x14(r1)
FFDE9570  4E800020  blr

sub_FFDE9574:
FFDE9574  7C0802A6  mfspr   r0, LR
FFDE9578  93E1FFFC  stw     r31, -0x4(r1)
FFDE957C  90010008  stw     r0, 0x8(r1)
FFDE9580  9421FFB0  stwu    r1, -0x50(r1)
FFDE9584  549F063E  clrlwi  r31, r4, 24
FFDE9588  90610038  stw     r3, 0x38(r1)
FFDE958C  48009619  bl      glue_HGetState
FFDE9590  80410014  lwz     r2, 0x14(r1)
FFDE9594  7FE02120  mtcrf   0x02, r31
FFDE9598  546006FE  clrlwi  r0, r3, 27
FFDE959C  30800000  addic   r4, r0, 0x0
FFDE95A0  60840020  ori     r4, r4, 0x20
FFDE95A4  4C180000  mcrf    cr0, cr6
FFDE95A8  40830008  bns     loc_FFDE95B0
FFDE95AC  600400A0  ori     r4, r0, 0xA0
loc_FFDE95B0:
FFDE95B0  4082000C  bne     loc_FFDE95BC
FFDE95B4  60800040  ori     r0, r4, 0x40
FFDE95B8  5404063E  clrlwi  r4, r0, 24
loc_FFDE95BC:
FFDE95BC  80610038  lwz     r3, 0x38(r1)
FFDE95C0  48009609  bl      glue_HSetState
FFDE95C4  80410014  lwz     r2, 0x14(r1)
FFDE95C8  81810058  lwz     r12, 0x58(r1)
FFDE95CC  83E1004C  lwz     r31, 0x4C(r1)
FFDE95D0  7D8803A6  mtspr   LR, r12
FFDE95D4  30210050  addic   r1, r1, 0x50
FFDE95D8  4E800020  blr

sub_FFDE95DC:
FFDE95DC  7C0802A6  mfspr   r0, LR
FFDE95E0  9421FFC0  stwu    r1, -0x40(r1)
FFDE95E4  90010048  stw     r0, 0x48(r1)
FFDE95E8  3D00A89F  lis     r8, 0xA89F
FFDE95EC  80070004  lwz     r0, 0x4(r7)
FFDE95F0  31086572  addic   r8, r8, 0x6572
FFDE95F4  7C004040  cmplw   r0, r8
FFDE95F8  81030000  lwz     r8, 0x0(r3)
FFDE95FC  7D082014  addc    r8, r8, r4
FFDE9600  40820034  bne     loc_FFDE9634
FFDE9604  81080004  lwz     r8, 0x4(r8)
FFDE9608  90810038  stw     r4, 0x38(r1)
FFDE960C  5504463E  srwi    r4, r8, 24
FFDE9610  7C801120  mtcrf   0x01, r4
FFDE9614  38850000  addi    r4, r5, 0x0
FFDE9618  409F0020  bns     cr7, loc_FFDE9638
FFDE961C  38A60000  addi    r5, r6, 0x0
FFDE9620  80C10038  lwz     r6, 0x38(r1)
FFDE9624  480001F1  bl      sub_FFDE9814
FFDE9628  7C630734  extsh   r3, r3
FFDE962C  81810048  lwz     r12, 0x48(r1)
FFDE9630  48000020  b       loc_FFDE9650
loc_FFDE9634:
FFDE9634  81080004  lwz     r8, 0x4(r8)
loc_FFDE9638:
FFDE9638  5507023E  clrlwi  r7, r8, 8
FFDE963C  80850000  lwz     r4, 0x0(r5)
FFDE9640  30A70004  addic   r5, r7, 0x4
FFDE9644  480006D5  bl      sub_FFDE9D18
FFDE9648  7C630734  extsh   r3, r3
FFDE964C  81810048  lwz     r12, 0x48(r1)
loc_FFDE9650:
FFDE9650  30210040  addic   r1, r1, 0x40
FFDE9654  7D8803A6  mtspr   LR, r12
FFDE9658  4E800020  blr

sub_FFDE965C:
FFDE965C  7C0802A6  mfspr   r0, LR
FFDE9660  BFC1FFF8  stmw    r30, -0x8(r1)
FFDE9664  90010008  stw     r0, 0x8(r1)
FFDE9668  80040000  lwz     r0, 0x0(r4)
FFDE966C  3BE60000  addi    r31, r6, 0x0
FFDE9670  7CE01814  addc    r7, r0, r3
FFDE9674  81070004  lwz     r8, 0x4(r7)
FFDE9678  9421FFB0  stwu    r1, -0x50(r1)
FFDE967C  5500463E  srwi    r0, r8, 24
FFDE9680  7C001120  mtcrf   0x01, r0
FFDE9684  3BC50000  addi    r30, r5, 0x0
FFDE9688  38640000  addi    r3, r4, 0x0
FFDE968C  38C00016  li      r6, 0x16
FFDE9690  38000000  li      r0, 0x0
FFDE9694  409F0064  bns     cr7, loc_FFDE96F8
FFDE9698  5505023E  clrlwi  r5, r8, 8
FFDE969C  389F0000  addi    r4, r31, 0x0
FFDE96A0  48000679  bl      sub_FFDE9D18
FFDE96A4  7C640735  extsh.  r4, r3
FFDE96A8  3C00A89F  lis     r0, 0xA89F
FFDE96AC  30E06572  addic   r7, r0, 0x6572
FFDE96B0  40820058  bne     loc_FFDE9708
FFDE96B4  801F0004  lwz     r0, 0x4(r31)
FFDE96B8  80BF0000  lwz     r5, 0x0(r31)
FFDE96BC  7C803840  cmplw   cr1, r0, r7
FFDE96C0  40860030  bne     cr1, loc_FFDE96F0
FFDE96C4  881F000B  lbz     r0, 0xB(r31)
FFDE96C8  80BF0000  lwz     r5, 0x0(r31)
FFDE96CC  7C001120  mtcrf   0x01, r0
FFDE96D0  3005FFF4  addic   r0, r5, -0xC
FFDE96D4  387F0000  addi    r3, r31, 0x0
FFDE96D8  409F0010  bns     cr7, loc_FFDE96E8
FFDE96DC  80BF000C  lwz     r5, 0xC(r31)
FFDE96E0  480004C5  bl      sub_FFDE9BA4
FFDE96E4  7C032814  addc    r0, r3, r5
loc_FFDE96E8:
FFDE96E8  901E0000  stw     r0, 0x0(r30)
FFDE96EC  4800001C  b       loc_FFDE9708
loc_FFDE96F0:
FFDE96F0  90BE0000  stw     r5, 0x0(r30)
FFDE96F4  48000014  b       loc_FFDE9708
loc_FFDE96F8:
FFDE96F8  901F0004  stw     r0, 0x4(r31)
FFDE96FC  38870000  addi    r4, r7, 0x0
FFDE9700  48000021  bl      sub_FFDE9720
FFDE9704  7C640734  extsh   r4, r3
loc_FFDE9708:
FFDE9708  38640000  addi    r3, r4, 0x0
FFDE970C  81810058  lwz     r12, 0x58(r1)
FFDE9710  30210050  addic   r1, r1, 0x50
FFDE9714  7D8803A6  mtspr   LR, r12
FFDE9718  BBC1FFF8  lmw     r30, -0x8(r1)
FFDE971C  4E800020  blr

sub_FFDE9720:
FFDE9720  7C0802A6  mfspr   r0, LR
FFDE9724  9421FFC0  stwu    r1, -0x40(r1)
FFDE9728  90010048  stw     r0, 0x48(r1)
FFDE972C  80040004  lwz     r0, 0x4(r4)
FFDE9730  38850000  addi    r4, r5, 0x0
FFDE9734  5405023E  clrlwi  r5, r0, 8
FFDE9738  38C00004  li      r6, 0x4
FFDE973C  480005DD  bl      sub_FFDE9D18
FFDE9740  7C630734  extsh   r3, r3
FFDE9744  81810048  lwz     r12, 0x48(r1)
FFDE9748  30210040  addic   r1, r1, 0x40
FFDE974C  7D8803A6  mtspr   LR, r12
FFDE9750  4E800020  blr

sub_FFDE9754:
FFDE9754  BF81FFF0  stmw    r28, -0x10(r1)
FFDE9758  3BA60000  addi    r29, r6, 0x0
FFDE975C  7C0802A6  mfspr   r0, LR
FFDE9760  3BC30000  addi    r30, r3, 0x0
FFDE9764  90010008  stw     r0, 0x8(r1)
FFDE9768  38C70000  addi    r6, r7, 0x0
FFDE976C  3BE50000  addi    r31, r5, 0x0
FFDE9770  3B840000  addi    r28, r4, 0x0
FFDE9774  387C0000  addi    r3, r28, 0x0
FFDE9778  389E0000  addi    r4, r30, 0x0
FFDE977C  9421FFB0  stwu    r1, -0x50(r1)
FFDE9780  38BD0000  addi    r5, r29, 0x0
FFDE9784  4BFFFED9  bl      sub_FFDE965C
FFDE9788  7C630735  extsh.  r3, r3
FFDE978C  40820074  bne     loc_FFDE9800
FFDE9790  809E0000  lwz     r4, 0x0(r30)
FFDE9794  7C9C2014  addc    r4, r28, r4
FFDE9798  80840004  lwz     r4, 0x4(r4)
FFDE979C  5484463E  srwi    r4, r4, 24
FFDE97A0  7C802120  mtcrf   0x02, r4
FFDE97A4  4C180000  mcrf    cr0, cr6
FFDE97A8  40830010  bns     loc_FFDE97B8
FFDE97AC  807D0000  lwz     r3, 0x0(r29)
FFDE97B0  4800943D  bl      glue_ReserveMem
FFDE97B4  80410014  lwz     r2, 0x14(r1)
loc_FFDE97B8:
FFDE97B8  807F0000  lwz     r3, 0x0(r31)
FFDE97BC  809D0000  lwz     r4, 0x0(r29)
FFDE97C0  2C030000  cmpwi   cr0, r3, 0x0
FFDE97C4  40820028  bne     loc_FFDE97EC
FFDE97C8  38640000  addi    r3, r4, 0x0
FFDE97CC  48009445  bl      glue_NewHandle
FFDE97D0  80410014  lwz     r2, 0x14(r1)
FFDE97D4  907F0000  stw     r3, 0x0(r31)
FFDE97D8  4800945D  bl      glue_MemError
FFDE97DC  80410014  lwz     r2, 0x14(r1)
FFDE97E0  48009455  bl      glue_MemError
FFDE97E4  80410014  lwz     r2, 0x14(r1)
FFDE97E8  48000014  b       loc_FFDE97FC
loc_FFDE97EC:
FFDE97EC  4800946D  bl      glue_ReallocateHandle
FFDE97F0  80410014  lwz     r2, 0x14(r1)
FFDE97F4  48009441  bl      glue_MemError
FFDE97F8  80410014  lwz     r2, 0x14(r1)
loc_FFDE97FC:
FFDE97FC  7C630734  extsh   r3, r3
loc_FFDE9800:
FFDE9800  81810058  lwz     r12, 0x58(r1)
FFDE9804  30210050  addic   r1, r1, 0x50
FFDE9808  7D8803A6  mtspr   LR, r12
FFDE980C  BB81FFF0  lmw     r28, -0x10(r1)
FFDE9810  4E800020  blr

sub_FFDE9814:
FFDE9814  7C0802A6  mfspr   r0, LR
FFDE9818  9421FFC0  stwu    r1, -0x40(r1)
FFDE981C  90010048  stw     r0, 0x48(r1)
FFDE9820  8807000A  lbz     r0, 0xA(r7)
FFDE9824  90C10038  stw     r6, 0x38(r1)
FFDE9828  2C000008  cmpwi   cr0, r0, 0x8
FFDE982C  90C1003C  stw     r6, 0x3C(r1)
FFDE9830  4082001C  bne     loc_FFDE984C
FFDE9834  38C70000  addi    r6, r7, 0x0
FFDE9838  80E1003C  lwz     r7, 0x3C(r1)
FFDE983C  480001B5  bl      sub_FFDE99F0
FFDE9840  7C630734  extsh   r3, r3
FFDE9844  81810048  lwz     r12, 0x48(r1)
FFDE9848  48000018  b       loc_FFDE9860
loc_FFDE984C:
FFDE984C  38C70000  addi    r6, r7, 0x0
FFDE9850  80E10038  lwz     r7, 0x38(r1)
FFDE9854  48000019  bl      sub_FFDE986C
FFDE9858  7C630734  extsh   r3, r3
FFDE985C  81810048  lwz     r12, 0x48(r1)
loc_FFDE9860:
FFDE9860  30210040  addic   r1, r1, 0x40
FFDE9864  7D8803A6  mtspr   LR, r12
FFDE9868  4E800020  blr

sub_FFDE986C:
FFDE986C  BF41FFE8  stmw    r26, -0x18(r1)
FFDE9870  81030000  lwz     r8, 0x0(r3)
FFDE9874  3BA60000  addi    r29, r6, 0x0
FFDE9878  80DD0000  lwz     r6, 0x0(r29)
FFDE987C  3B840000  addi    r28, r4, 0x0
FFDE9880  7CE83814  addc    r7, r8, r7
FFDE9884  80E70004  lwz     r7, 0x4(r7)
FFDE9888  30C6FFEE  addic   r6, r6, -0x12
FFDE988C  7C0802A6  mfspr   r0, LR
FFDE9890  83DC0000  lwz     r30, 0x0(r28)
FFDE9894  90010008  stw     r0, 0x8(r1)
FFDE9898  7FE62810  subfc   r31, r6, r5
FFDE989C  7FDFF014  addc    r30, r31, r30
FFDE98A0  9421FFA0  stwu    r1, -0x60(r1)
FFDE98A4  54E7023E  clrlwi  r7, r7, 8
FFDE98A8  30A70016  addic   r5, r7, 0x16
FFDE98AC  389E0000  addi    r4, r30, 0x0
FFDE98B0  48000469  bl      sub_FFDE9D18
FFDE98B4  7C7B0735  extsh.  r27, r3
FFDE98B8  40820120  bne     loc_FFDE99D8
FFDE98BC  88DD000B  lbz     r6, 0xB(r29)
FFDE98C0  387D0000  addi    r3, r29, 0x0
FFDE98C4  7CC01120  mtcrf   0x01, r6
FFDE98C8  409F0110  bns     cr7, loc_FFDE99D8
FFDE98CC  480002F5  bl      sub_FFDE9BC0
FFDE98D0  80C20020  lwz     r6, 0x20(r2)                       ; TOC[+32] &data+610
FFDE98D4  39600000  li      r11, 0x0
FFDE98D8  A8E60000  lha     r7, 0x0(r6)
FFDE98DC  7C630734  extsh   r3, r3
FFDE98E0  2C870000  cmpwi   cr1, r7, 0x0
FFDE98E4  30810038  addic   r4, r1, 0x38
FFDE98E8  390B0000  addi    r8, r11, 0x0
FFDE98EC  80C20028  lwz     r6, 0x28(r2)                       ; TOC[+40] &data+620
FFDE98F0  40850034  ble     cr1, loc_FFDE9924
FFDE98F4  7CE903A6  mtspr   CTR, r7
FFDE98F8  80C60000  lwz     r6, 0x0(r6)
FFDE98FC  34E7FFFF  addic.  r7, r7, -0x1
FFDE9900  30E6FFFC  addic   r7, r6, -0x4
FFDE9904  4800000C  b       loc_FFDE9910
loc_FFDE9908:
FFDE9908  41860040  beq     cr1, loc_FFDE9948
FFDE990C  31080001  addic   r8, r8, 0x1
loc_FFDE9910:
FFDE9910  AD270008  lhau    r9, 0x8(r7)
FFDE9914  7C891800  cmpw    cr1, r9, r3
FFDE9918  4000FFF0  bdnzf   lt, loc_FFDE9908
FFDE991C  4186002C  beq     cr1, loc_FFDE9948
FFDE9920  31080001  addic   r8, r8, 0x1
loc_FFDE9924:
FFDE9924  2C0B0000  cmpwi   cr0, r11, 0x0
FFDE9928  30BD0004  addic   r5, r29, 0x4
FFDE992C  41820028  beq     loc_FFDE9954
FFDE9930  387E0000  addi    r3, r30, 0x0
FFDE9934  809C0000  lwz     r4, 0x0(r28)
FFDE9938  480091E1  bl      sub_FFDF2B18
FFDE993C  80410014  lwz     r2, 0x14(r1)
FFDE9940  809D000C  lwz     r4, 0xC(r29)
FFDE9944  48000088  b       loc_FFDE99CC
loc_FFDE9948:
FFDE9948  55071838  slwi    r7, r8, 3
FFDE994C  7D66382E  lwzx    r11, r6, r7
FFDE9950  4BFFFFD4  b       loc_FFDE9924
loc_FFDE9954:
FFDE9954  48000289  bl      sub_FFDE9BDC
FFDE9958  7C7B0735  extsh.  r27, r3
FFDE995C  80C10038  lwz     r6, 0x38(r1)
FFDE9960  2C860000  cmpwi   cr1, r6, 0x0
FFDE9964  40820064  bne     loc_FFDE99C8
FFDE9968  38800000  li      r4, 0x0
FFDE996C  4186005C  beq     cr1, loc_FFDE99C8
FFDE9970  80C60000  lwz     r6, 0x0(r6)
FFDE9974  811C0000  lwz     r8, 0x0(r28)
FFDE9978  A0E60000  lhz     r7, 0x0(r6)
FFDE997C  7FFF4014  addc    r31, r31, r8
FFDE9980  7C663814  addc    r3, r6, r7
FFDE9984  A1060002  lhz     r8, 0x2(r6)
FFDE9988  A0E60004  lhz     r7, 0x4(r6)
FFDE998C  7FC64014  addc    r30, r6, r8
FFDE9990  7F463814  addc    r26, r6, r7
FFDE9994  48009161  bl      glue_CallUniversalProc
FFDE9998  80410014  lwz     r2, 0x14(r1)
FFDE999C  387E0000  addi    r3, r30, 0x0
FFDE99A0  38BF0000  addi    r5, r31, 0x0
FFDE99A4  80DC0000  lwz     r6, 0x0(r28)
FFDE99A8  30FD0004  addic   r7, r29, 0x4
FFDE99AC  38800FC0  li      r4, 0xFC0
FFDE99B0  48009145  bl      glue_CallUniversalProc
FFDE99B4  80410014  lwz     r2, 0x14(r1)
FFDE99B8  387A0000  addi    r3, r26, 0x0
FFDE99BC  38800000  li      r4, 0x0
FFDE99C0  48009135  bl      glue_CallUniversalProc
FFDE99C4  80410014  lwz     r2, 0x14(r1)
loc_FFDE99C8:
FFDE99C8  809D000C  lwz     r4, 0xC(r29)
loc_FFDE99CC:
FFDE99CC  387C0000  addi    r3, r28, 0x0
FFDE99D0  480092AD  bl      glue_SetHandleSize
FFDE99D4  80410014  lwz     r2, 0x14(r1)
loc_FFDE99D8:
FFDE99D8  387B0000  addi    r3, r27, 0x0
FFDE99DC  81810068  lwz     r12, 0x68(r1)
FFDE99E0  30210060  addic   r1, r1, 0x60
FFDE99E4  7D8803A6  mtspr   LR, r12
FFDE99E8  BB41FFE8  lmw     r26, -0x18(r1)
FFDE99EC  4E800020  blr

sub_FFDE99F0:
FFDE99F0  BF01FFE0  stmw    r24, -0x20(r1)
FFDE99F4  7C0802A6  mfspr   r0, LR
FFDE99F8  3B460000  addi    r26, r6, 0x0
FFDE99FC  90010008  stw     r0, 0x8(r1)
FFDE9A00  A81A0014  lha     r0, 0x14(r26)
FFDE9A04  9421FFA0  stwu    r1, -0x60(r1)
FFDE9A08  2C000000  cmpwi   cr0, r0, 0x0
FFDE9A0C  3BC30000  addi    r30, r3, 0x0
FFDE9A10  3B640000  addi    r27, r4, 0x0
FFDE9A14  3B850000  addi    r28, r5, 0x0
FFDE9A18  3B270000  addi    r25, r7, 0x0
FFDE9A1C  4082016C  bne     loc_FFDE9B88
FFDE9A20  881A0010  lbz     r0, 0x10(r26)
FFDE9A24  3B000000  li      r24, 0x0
FFDE9A28  2C800000  cmpwi   cr1, r0, 0x0
FFDE9A2C  30000001  addic   r0, r0, 0x1
FFDE9A30  7C060734  extsh   r6, r0
FFDE9A34  38180000  addi    r0, r24, 0x0
FFDE9A38  4085000C  ble     cr1, loc_FFDE9A44
FFDE9A3C  7C06E1D6  mullw   r0, r6, r28
FFDE9A40  7C004670  srawi   r0, r0, 0x8
loc_FFDE9A44:
FFDE9A44  33A00002  addic   r29, r0, 0x2
FFDE9A48  387D0000  addi    r3, r29, 0x0
FFDE9A4C  48008D01  bl      glue_NewPtr
FFDE9A50  80410014  lwz     r2, 0x14(r1)
FFDE9A54  9061003C  stw     r3, 0x3C(r1)
FFDE9A58  480091DD  bl      glue_MemError
FFDE9A5C  80410014  lwz     r2, 0x14(r1)
FFDE9A60  7C7F0735  extsh.  r31, r3
FFDE9A64  387E0000  addi    r3, r30, 0x0
FFDE9A68  40820124  bne     loc_FFDE9B8C
FFDE9A6C  80DA0000  lwz     r6, 0x0(r26)
FFDE9A70  801E0000  lwz     r0, 0x0(r30)
FFDE9A74  30C6FFEE  addic   r6, r6, -0x12
FFDE9A78  7D00C814  addc    r8, r0, r25
FFDE9A7C  7FC6E010  subfc   r30, r6, r28
FFDE9A80  80080004  lwz     r0, 0x4(r8)
FFDE9A84  839B0000  lwz     r28, 0x0(r27)
FFDE9A88  5400023E  clrlwi  r0, r0, 8
FFDE9A8C  7F9EE014  addc    r28, r30, r28
FFDE9A90  30A00016  addic   r5, r0, 0x16
FFDE9A94  389C0000  addi    r4, r28, 0x0
FFDE9A98  48000281  bl      sub_FFDE9D18
FFDE9A9C  7C7F0735  extsh.  r31, r3
FFDE9AA0  387A0000  addi    r3, r26, 0x0
FFDE9AA4  408200C4  bne     loc_FFDE9B68
FFDE9AA8  48000119  bl      sub_FFDE9BC0
FFDE9AAC  80C20020  lwz     r6, 0x20(r2)                       ; TOC[+32] &data+610
FFDE9AB0  7C630734  extsh   r3, r3
FFDE9AB4  A9060000  lha     r8, 0x0(r6)
FFDE9AB8  30810038  addic   r4, r1, 0x38
FFDE9ABC  2C880000  cmpwi   cr1, r8, 0x0
FFDE9AC0  3408FFFF  addic.  r0, r8, -0x1
FFDE9AC4  39380000  addi    r9, r24, 0x0
FFDE9AC8  80C20028  lwz     r6, 0x28(r2)                       ; TOC[+40] &data+620
FFDE9ACC  40850030  ble     cr1, loc_FFDE9AFC
FFDE9AD0  80C60000  lwz     r6, 0x0(r6)
FFDE9AD4  7D0903A6  mtspr   CTR, r8
FFDE9AD8  3106FFFC  addic   r8, r6, -0x4
FFDE9ADC  4800000C  b       loc_FFDE9AE8
loc_FFDE9AE0:
FFDE9AE0  41860044  beq     cr1, loc_FFDE9B24
FFDE9AE4  31290001  addic   r9, r9, 0x1
loc_FFDE9AE8:
FFDE9AE8  AC080008  lhau    r0, 0x8(r8)
FFDE9AEC  7C801800  cmpw    cr1, r0, r3
FFDE9AF0  4000FFF0  bdnzf   lt, loc_FFDE9AE0
FFDE9AF4  41860030  beq     cr1, loc_FFDE9B24
FFDE9AF8  31290001  addic   r9, r9, 0x1
loc_FFDE9AFC:
FFDE9AFC  2C180000  cmpwi   cr0, r24, 0x0
FFDE9B00  39780000  addi    r11, r24, 0x0
FFDE9B04  38DD0000  addi    r6, r29, 0x0
FFDE9B08  80A1003C  lwz     r5, 0x3C(r1)
FFDE9B0C  41820024  beq     loc_FFDE9B30
FFDE9B10  387C0000  addi    r3, r28, 0x0
FFDE9B14  809B0000  lwz     r4, 0x0(r27)
FFDE9B18  48009001  bl      sub_FFDF2B18
FFDE9B1C  80410014  lwz     r2, 0x14(r1)
FFDE9B20  48000048  b       loc_FFDE9B68
loc_FFDE9B24:
FFDE9B24  55281838  slwi    r8, r9, 3
FFDE9B28  7F06402E  lwzx    r24, r6, r8
FFDE9B2C  4BFFFFD0  b       loc_FFDE9AFC
loc_FFDE9B30:
FFDE9B30  480000AD  bl      sub_FFDE9BDC
FFDE9B34  7C7F0735  extsh.  r31, r3
FFDE9B38  81210038  lwz     r9, 0x38(r1)
FFDE9B3C  2C890000  cmpwi   cr1, r9, 0x0
FFDE9B40  40820028  bne     loc_FFDE9B68
FFDE9B44  391D0000  addi    r8, r29, 0x0
FFDE9B48  38803FC0  li      r4, 0x3FC0
FFDE9B4C  80E1003C  lwz     r7, 0x3C(r1)
FFDE9B50  41860018  beq     cr1, loc_FFDE9B68
FFDE9B54  80DB0000  lwz     r6, 0x0(r27)
FFDE9B58  80690000  lwz     r3, 0x0(r9)
FFDE9B5C  7CBE3014  addc    r5, r30, r6
FFDE9B60  48008F95  bl      glue_CallUniversalProc
FFDE9B64  80410014  lwz     r2, 0x14(r1)
loc_FFDE9B68:
FFDE9B68  8061003C  lwz     r3, 0x3C(r1)
FFDE9B6C  48009135  bl      glue_DisposePtr
FFDE9B70  80410014  lwz     r2, 0x14(r1)
FFDE9B74  809A000C  lwz     r4, 0xC(r26)
FFDE9B78  387B0000  addi    r3, r27, 0x0
FFDE9B7C  48009101  bl      glue_SetHandleSize
FFDE9B80  80410014  lwz     r2, 0x14(r1)
FFDE9B84  48000008  b       loc_FFDE9B8C
loc_FFDE9B88:
FFDE9B88  3BE0FF46  li      r31, -0xBA
loc_FFDE9B8C:
FFDE9B8C  387F0000  addi    r3, r31, 0x0
FFDE9B90  81810068  lwz     r12, 0x68(r1)
FFDE9B94  30210060  addic   r1, r1, 0x60
FFDE9B98  7D8803A6  mtspr   LR, r12
FFDE9B9C  BB01FFE0  lmw     r24, -0x20(r1)
FFDE9BA0  4E800020  blr

sub_FFDE9BA4:
FFDE9BA4  8803000A  lbz     r0, 0xA(r3)
FFDE9BA8  2C000008  cmpwi   cr0, r0, 0x8
FFDE9BAC  4082000C  bne     loc_FFDE9BB8
FFDE9BB0  88630011  lbz     r3, 0x11(r3)
FFDE9BB4  4E800020  blr
loc_FFDE9BB8:
FFDE9BB8  A0630012  lhz     r3, 0x12(r3)
FFDE9BBC  4E800020  blr

sub_FFDE9BC0:
FFDE9BC0  8803000A  lbz     r0, 0xA(r3)
FFDE9BC4  2C000008  cmpwi   cr0, r0, 0x8
FFDE9BC8  4082000C  bne     loc_FFDE9BD4
FFDE9BCC  A8630012  lha     r3, 0x12(r3)
FFDE9BD0  4E800020  blr
loc_FFDE9BD4:
FFDE9BD4  A8630010  lha     r3, 0x10(r3)
FFDE9BD8  4E800020  blr

sub_FFDE9BDC:
FFDE9BDC  BF41FFE8  stmw    r26, -0x18(r1)
FFDE9BE0  7C0802A6  mfspr   r0, LR
FFDE9BE4  3BC40000  addi    r30, r4, 0x0
FFDE9BE8  90010008  stw     r0, 0x8(r1)
FFDE9BEC  9421FFA0  stwu    r1, -0x60(r1)
FFDE9BF0  7C7F0734  extsh   r31, r3
FFDE9BF4  48008D2D  bl      glue_LMGetResLoad
FFDE9BF8  80410014  lwz     r2, 0x14(r1)
FFDE9BFC  547D063E  clrlwi  r29, r3, 24
FFDE9C00  38600001  li      r3, 0x1
FFDE9C04  48008D65  bl      glue_LMSetResLoad
FFDE9C08  80410014  lwz     r2, 0x14(r1)
FFDE9C0C  48008E59  bl      glue_LMGetROMMapInsert
FFDE9C10  80410014  lwz     r2, 0x14(r1)
FFDE9C14  547C063E  clrlwi  r28, r3, 24
FFDE9C18  38600000  li      r3, 0x0
FFDE9C1C  48008E6D  bl      glue_LMSetROMMapInsert
FFDE9C20  80410014  lwz     r2, 0x14(r1)
FFDE9C24  48008D21  bl      glue_LMGetTmpResLoad
FFDE9C28  80410014  lwz     r2, 0x14(r1)
FFDE9C2C  547B063E  clrlwi  r27, r3, 24
FFDE9C30  38600000  li      r3, 0x0
FFDE9C34  48008D59  bl      glue_LMSetTmpResLoad
FFDE9C38  80410014  lwz     r2, 0x14(r1)
FFDE9C3C  48009089  bl      glue_LMGetResOneDeep
FFDE9C40  80410014  lwz     r2, 0x14(r1)
FFDE9C44  547A063E  clrlwi  r26, r3, 24
FFDE9C48d 3C606463  .ascii  "<`dc0cmp"
FFDE9C50? 389F0000  addi    r4, r31, 0x0
FFDE9C54? 38A00000  li      r5, 0x0
FFDE9C58? 38C00001  li      r6, 0x1
FFDE9C5C? 4BFFF39D  bl      sub_FFDE8FF8
FFDE9C60? 907E0000  stw     r3, 0x0(r30)
FFDE9C64? 48009085  bl      glue_LMGetResErr
FFDE9C68? 80410014  lwz     r2, 0x14(r1)
FFDE9C6C? 7C7F0734  extsh   r31, r3
FFDE9C70? 387A0000  addi    r3, r26, 0x0
FFDE9C74? 48008D85  bl      glue_LMSetResOneDeep
FFDE9C78? 80410014  lwz     r2, 0x14(r1)
FFDE9C7C? 387C0000  addi    r3, r28, 0x0
FFDE9C80? 48008E09  bl      glue_LMSetROMMapInsert
FFDE9C84? 80410014  lwz     r2, 0x14(r1)
FFDE9C88? 387B0000  addi    r3, r27, 0x0
FFDE9C8C? 48008D01  bl      glue_LMSetTmpResLoad
FFDE9C90? 80410014  lwz     r2, 0x14(r1)
FFDE9C94? 387D0000  addi    r3, r29, 0x0
FFDE9C98? 48008CD1  bl      glue_LMSetResLoad
FFDE9C9C? 80410014  lwz     r2, 0x14(r1)
FFDE9CA0? 387F0000  addi    r3, r31, 0x0
FFDE9CA4? 81810068  lwz     r12, 0x68(r1)
FFDE9CA8? 30210060  addic   r1, r1, 0x60
FFDE9CAC? 7D8803A6  mtspr   LR, r12
FFDE9CB0? BB41FFE8  lmw     r26, -0x18(r1)
FFDE9CB4? 4E800020  blr

sub_FFDE9CB8:
FFDE9CB8  7C0802A6  mfspr   r0, LR
FFDE9CBC  93E1FFFC  stw     r31, -0x4(r1)
FFDE9CC0  90010008  stw     r0, 0x8(r1)
FFDE9CC4  9421FFB0  stwu    r1, -0x50(r1)
FFDE9CC8  3BE30000  addi    r31, r3, 0x0
FFDE9CCC  48009041  bl      glue_LMGetBrianBits
FFDE9CD0  80410014  lwz     r2, 0x14(r1)
FFDE9CD4  2C1F0000  cmpwi   cr0, r31, 0x0
FFDE9CD8  7C600734  extsh   r0, r3
FFDE9CDC  540305EA  rlwinm  r3, r0, 0, 23, 21
FFDE9CE0  41820018  beq     loc_FFDE9CF8
FFDE9CE4  4800904D  bl      glue_LMSetBrianBits
FFDE9CE8  80410014  lwz     r2, 0x14(r1)
FFDE9CEC  81810058  lwz     r12, 0x58(r1)
FFDE9CF0  83E1004C  lwz     r31, 0x4C(r1)
FFDE9CF4  48000018  b       loc_FFDE9D0C
loc_FFDE9CF8:
FFDE9CF8  60030200  ori     r3, r0, 0x200
FFDE9CFC  48009035  bl      glue_LMSetBrianBits
FFDE9D00  80410014  lwz     r2, 0x14(r1)
FFDE9D04  81810058  lwz     r12, 0x58(r1)
FFDE9D08  83E1004C  lwz     r31, 0x4C(r1)
loc_FFDE9D0C:
FFDE9D0C  7D8803A6  mtspr   LR, r12
FFDE9D10  30210050  addic   r1, r1, 0x50
FFDE9D14  4E800020  blr

sub_FFDE9D18:
FFDE9D18  80E30000  lwz     r7, 0x0(r3)
FFDE9D1C  9421FF90  stwu    r1, -0x70(r1)
FFDE9D20  80E70000  lwz     r7, 0x0(r7)
FFDE9D24  90810058  stw     r4, 0x58(r1)
FFDE9D28  80830000  lwz     r4, 0x0(r3)
FFDE9D2C  7C0802A6  mfspr   r0, LR
FFDE9D30  A0840014  lhz     r4, 0x14(r4)
FFDE9D34  90010078  stw     r0, 0x78(r1)
FFDE9D38  38000001  li      r0, 0x1
FFDE9D3C  90C1005C  stw     r6, 0x5C(r1)
FFDE9D40  B0810050  sth     r4, 0x50(r1)
FFDE9D44  7CA72814  addc    r5, r7, r5
FFDE9D48  30610038  addic   r3, r1, 0x38
FFDE9D4C  B0010064  sth     r0, 0x64(r1)
FFDE9D50  90A10066  stw     r5, 0x66(r1)
FFDE9D54  48009001  bl      glue_PBReadSync
FFDE9D58  80410014  lwz     r2, 0x14(r1)
FFDE9D5C  7C630734  extsh   r3, r3
FFDE9D60  81810078  lwz     r12, 0x78(r1)
FFDE9D64  30210070  addic   r1, r1, 0x70
FFDE9D68  7D8803A6  mtspr   LR, r12
FFDE9D6C  4E800020  blr

sub_FFDE9D70:
FFDE9D70  9421FF90  stwu    r1, -0x70(r1)
FFDE9D74  B0610050  sth     r3, 0x50(r1)
FFDE9D78  7C0802A6  mfspr   r0, LR
FFDE9D7C  90810058  stw     r4, 0x58(r1)
FFDE9D80  90010078  stw     r0, 0x78(r1)
FFDE9D84  38000001  li      r0, 0x1
FFDE9D88  90C1005C  stw     r6, 0x5C(r1)
FFDE9D8C  90A10066  stw     r5, 0x66(r1)
FFDE9D90  B0010064  sth     r0, 0x64(r1)
FFDE9D94  30610038  addic   r3, r1, 0x38
FFDE9D98  48008FBD  bl      glue_PBReadSync
FFDE9D9C  80410014  lwz     r2, 0x14(r1)
FFDE9DA0  7C630734  extsh   r3, r3
FFDE9DA4  81810078  lwz     r12, 0x78(r1)
FFDE9DA8  30210070  addic   r1, r1, 0x70
FFDE9DAC  7D8803A6  mtspr   LR, r12
FFDE9DB0  4E800020  blr

sub_FFDE9DB4:
FFDE9DB4  9421FF90  stwu    r1, -0x70(r1)
FFDE9DB8  B0610050  sth     r3, 0x50(r1)
FFDE9DBC  7C0802A6  mfspr   r0, LR
FFDE9DC0  30610038  addic   r3, r1, 0x38
FFDE9DC4  90010078  stw     r0, 0x78(r1)
FFDE9DC8  48008FB1  bl      glue_PBCloseSync
FFDE9DCC  80410014  lwz     r2, 0x14(r1)
FFDE9DD0  7C630734  extsh   r3, r3
FFDE9DD4  81810078  lwz     r12, 0x78(r1)
FFDE9DD8  30210070  addic   r1, r1, 0x70
FFDE9DDC  7D8803A6  mtspr   LR, r12
FFDE9DE0  4E800020  blr

sub_FFDE9DE4:
FFDE9DE4  80C30000  lwz     r6, 0x0(r3)
FFDE9DE8  A0E60018  lhz     r7, 0x18(r6)
FFDE9DEC  7C063AAE  lhax    r0, r6, r7
FFDE9DF0  7CC63814  addc    r6, r6, r7
FFDE9DF4  B0050000  sth     r0, 0x0(r5)
FFDE9DF8  80630000  lwz     r3, 0x0(r3)
FFDE9DFC  30A60002  addic   r5, r6, 0x2
FFDE9E00  7C632810  subfc   r3, r3, r5
FFDE9E04  90640000  stw     r3, 0x0(r4)
FFDE9E08  4E800020  blr

sub_FFDE9E0C:
FFDE9E0C  80630000  lwz     r3, 0x0(r3)
FFDE9E10  7C832014  addc    r4, r3, r4
FFDE9E14  A0630018  lhz     r3, 0x18(r3)
FFDE9E18  A0840006  lhz     r4, 0x6(r4)
FFDE9E1C  7C841814  addc    r4, r4, r3
FFDE9E20  90850000  stw     r4, 0x0(r5)
FFDE9E24  4E800020  blr

sub_FFDE9E28:
FFDE9E28  BFC1FFF8  stmw    r30, -0x8(r1)
FFDE9E2C  3BE30000  addi    r31, r3, 0x0
FFDE9E30  54A3063E  clrlwi  r3, r5, 24
FFDE9E34  7C0802A6  mfspr   r0, LR
FFDE9E38  54C7063E  clrlwi  r7, r6, 24
FFDE9E3C  90010008  stw     r0, 0x8(r1)
FFDE9E40  9421FF70  stwu    r1, -0x90(r1)
FFDE9E44  9081007C  stw     r4, 0x7C(r1)
FFDE9E48  3BC00000  li      r30, 0x0
FFDE9E4C  38C30000  addi    r6, r3, 0x0
FFDE9E50  38A00001  li      r5, 0x1
FFDE9E54  30610044  addic   r3, r1, 0x44
FFDE9E58  38800001  li      r4, 0x1
FFDE9E5C  4BFFEE65  bl      sub_FFDE8CC0
FFDE9E60  80810050  lwz     r4, 0x50(r1)
FFDE9E64  30C1003C  addic   r6, r1, 0x3C
FFDE9E68  2C040000  cmpwi   cr0, r4, 0x0
FFDE9E6C  30E10040  addic   r7, r1, 0x40
FFDE9E70  31010038  addic   r8, r1, 0x38
FFDE9E74  30610044  addic   r3, r1, 0x44
FFDE9E78  40820010  bne     loc_FFDE9E88
FFDE9E7C  8081005C  lwz     r4, 0x5C(r1)
FFDE9E80  90810038  stw     r4, 0x38(r1)
FFDE9E84  48000008  b       loc_FFDE9E8C
loc_FFDE9E88:
FFDE9E88  90810038  stw     r4, 0x38(r1)
loc_FFDE9E8C:
FFDE9E8C  80A1007C  lwz     r5, 0x7C(r1)
FFDE9E90  389F0000  addi    r4, r31, 0x0
FFDE9E94  4800009D  bl      sub_FFDE9F30
FFDE9E98  7C6C0735  extsh.  r12, r3
FFDE9E9C  80610038  lwz     r3, 0x38(r1)
FFDE9EA0  80810040  lwz     r4, 0x40(r1)
FFDE9EA4  38BF0000  addi    r5, r31, 0x0
FFDE9EA8  4082005C  bne     loc_FFDE9F04
FFDE9EAC  30C10044  addic   r6, r1, 0x44
FFDE9EB0  48000365  bl      sub_FFDEA214
FFDE9EB4  7C6C0735  extsh.  r12, r3
FFDE9EB8  80810038  lwz     r4, 0x38(r1)
FFDE9EBC  80E10040  lwz     r7, 0x40(r1)
FFDE9EC0  30610044  addic   r3, r1, 0x44
FFDE9EC4  40820040  bne     loc_FFDE9F04
FFDE9EC8  80C40000  lwz     r6, 0x0(r4)
FFDE9ECC  7CC73014  addc    r6, r7, r6
FFDE9ED0  83C60008  lwz     r30, 0x8(r6)
FFDE9ED4  93E10060  stw     r31, 0x60(r1)
FFDE9ED8  80C60008  lwz     r6, 0x8(r6)
FFDE9EDC  90E10068  stw     r7, 0x68(r1)
FFDE9EE0  90C10064  stw     r6, 0x64(r1)
FFDE9EE4  80C40000  lwz     r6, 0x0(r4)
FFDE9EE8  A0C60018  lhz     r6, 0x18(r6)
FFDE9EEC  90810070  stw     r4, 0x70(r1)
FFDE9EF0  90C1006C  stw     r6, 0x6C(r1)
FFDE9EF4  80840000  lwz     r4, 0x0(r4)
FFDE9EF8  A0840014  lhz     r4, 0x14(r4)
FFDE9EFC  B0810078  sth     r4, 0x78(r1)
FFDE9F00  4BFFF0E5  bl      sub_FFDE8FE4
loc_FFDE9F04:
FFDE9F04  38CC0000  addi    r6, r12, 0x0
FFDE9F08  30610044  addic   r3, r1, 0x44
FFDE9F0C  38800001  li      r4, 0x1
FFDE9F10  38A00001  li      r5, 0x1
FFDE9F14  4BFFEFB5  bl      sub_FFDE8EC8
FFDE9F18  387E0000  addi    r3, r30, 0x0
FFDE9F1C  81810098  lwz     r12, 0x98(r1)
FFDE9F20  30210090  addic   r1, r1, 0x90
FFDE9F24  7D8803A6  mtspr   LR, r12
FFDE9F28  BBC1FFF8  lmw     r30, -0x8(r1)
FFDE9F2C  4E800020  blr

sub_FFDE9F30:
FFDE9F30  BFA1FFF4  stmw    r29, -0xC(r1)
FFDE9F34  3BC60000  addi    r30, r6, 0x0
FFDE9F38  7C0802A6  mfspr   r0, LR
FFDE9F3C  3BE70000  addi    r31, r7, 0x0
FFDE9F40  90010008  stw     r0, 0x8(r1)
FFDE9F44  9421FF90  stwu    r1, -0x70(r1)
FFDE9F48  90810038  stw     r4, 0x38(r1)
FFDE9F4C  90A10044  stw     r5, 0x44(r1)
FFDE9F50  38830000  addi    r4, r3, 0x0
FFDE9F54  30E10038  addic   r7, r1, 0x38
FFDE9F58  3BA80000  addi    r29, r8, 0x0
FFDE9F5C  807D0000  lwz     r3, 0x0(r29)
FFDE9F60  80A200D8  lwz     r5, 0xD8(r2)                       ; TOC[+216] &data+108
FFDE9F64  80C200DC  lwz     r6, 0xDC(r2)                       ; TOC[+220] &data+114
FFDE9F68  4BFFF34D  bl      sub_FFDE92B4
FFDE9F6C  5460063F  clrlwi. r0, r3, 24
FFDE9F70  8001004C  lwz     r0, 0x4C(r1)
FFDE9F74  38600000  li      r3, 0x0
FFDE9F78  4182001C  beq     loc_FFDE9F94
FFDE9F7C  901E0000  stw     r0, 0x0(r30)
FFDE9F80  80010050  lwz     r0, 0x50(r1)
FFDE9F84  901F0000  stw     r0, 0x0(r31)
FFDE9F88  80010048  lwz     r0, 0x48(r1)
FFDE9F8C  901D0000  stw     r0, 0x0(r29)
FFDE9F90  48000008  b       loc_FFDE9F98
loc_FFDE9F94:
FFDE9F94  3860FF40  li      r3, -0xC0
loc_FFDE9F98:
FFDE9F98  81810078  lwz     r12, 0x78(r1)
FFDE9F9C  30210070  addic   r1, r1, 0x70
FFDE9FA0  7D8803A6  mtspr   LR, r12
FFDE9FA4  BBA1FFF4  lmw     r29, -0xC(r1)
FFDE9FA8  4E800020  blr

sub_FFDE9FAC:
FFDE9FAC  BFA1FFF4  stmw    r29, -0xC(r1)
FFDE9FB0  3BC60000  addi    r30, r6, 0x0
FFDE9FB4  7C0802A6  mfspr   r0, LR
FFDE9FB8  3BE70000  addi    r31, r7, 0x0
FFDE9FBC  90010008  stw     r0, 0x8(r1)
FFDE9FC0  9421FF90  stwu    r1, -0x70(r1)
FFDE9FC4  90810038  stw     r4, 0x38(r1)
FFDE9FC8  B0A10040  sth     r5, 0x40(r1)
FFDE9FCC  38830000  addi    r4, r3, 0x0
FFDE9FD0  30E10038  addic   r7, r1, 0x38
FFDE9FD4  3BA80000  addi    r29, r8, 0x0
FFDE9FD8  807D0000  lwz     r3, 0x0(r29)
FFDE9FDC  80A200D8  lwz     r5, 0xD8(r2)                       ; TOC[+216] &data+108
FFDE9FE0  80C200E0  lwz     r6, 0xE0(r2)                       ; TOC[+224] &data+120
FFDE9FE4  4BFFF2D1  bl      sub_FFDE92B4
FFDE9FE8  5460063F  clrlwi. r0, r3, 24
FFDE9FEC  8001004C  lwz     r0, 0x4C(r1)
FFDE9FF0  38600000  li      r3, 0x0
FFDE9FF4  4182001C  beq     loc_FFDEA010
FFDE9FF8  901E0000  stw     r0, 0x0(r30)
FFDE9FFC  80010050  lwz     r0, 0x50(r1)
FFDEA000  901F0000  stw     r0, 0x0(r31)
FFDEA004  80010048  lwz     r0, 0x48(r1)
FFDEA008  901D0000  stw     r0, 0x0(r29)
FFDEA00C  48000008  b       loc_FFDEA014
loc_FFDEA010:
FFDEA010  3860FF40  li      r3, -0xC0
loc_FFDEA014:
FFDEA014  81810078  lwz     r12, 0x78(r1)
FFDEA018  30210070  addic   r1, r1, 0x70
FFDEA01C  7D8803A6  mtspr   LR, r12
FFDEA020  BBA1FFF4  lmw     r29, -0xC(r1)
FFDEA024  4E800020  blr

sub_FFDEA028:
FFDEA028  7CC00735  extsh.  r0, r6
FFDEA02C  7CA70734  extsh   r7, r5
FFDEA030  80C30000  lwz     r6, 0x0(r3)
FFDEA034  80A40000  lwz     r5, 0x0(r4)
FFDEA038  38600000  li      r3, 0x0
FFDEA03C  7D062814  addc    r8, r6, r5
FFDEA040  41800040  blt     loc_FFDEA080
FFDEA044  3168FFF4  addic   r11, r8, -0xC
FFDEA048  ACAB000C  lhau    r5, 0xC(r11)
FFDEA04C  39200001  li      r9, 0x1
FFDEA050  7C890000  cmpw    cr1, r9, r0
FFDEA054  7C053800  cmpw    r5, r7
FFDEA058  39200002  li      r9, 0x2
loc_FFDEA05C:
FFDEA05C  4182002C  beq     loc_FFDEA088
FFDEA060  7D2A0734  extsh   r10, r9
FFDEA064  3108000C  addic   r8, r8, 0xC
FFDEA068  312A0001  addic   r9, r10, 0x1
FFDEA06C  41850014  bgt     cr1, loc_FFDEA080
FFDEA070  ACAB000C  lhau    r5, 0xC(r11)
FFDEA074  7C8A0000  cmpw    cr1, r10, r0
FFDEA078  7C053800  cmpw    r5, r7
FFDEA07C  4BFFFFE0  b       loc_FFDEA05C
loc_FFDEA080:
FFDEA080  3860FF40  li      r3, -0xC0
loc_FFDEA084:
FFDEA084  4E800020  blr
loc_FFDEA088:
FFDEA088  7CA64010  subfc   r5, r6, r8
FFDEA08C  90A40000  stw     r5, 0x0(r4)
FFDEA090  4BFFFFF4  b       loc_FFDEA084
FFDEA094? BF61FFEC  stmw    r27, -0x14(r1)
FFDEA098? 3BE40000  addi    r31, r4, 0x0
FFDEA09C? 3BC60000  addi    r30, r6, 0x0
FFDEA0A0? 3BA50000  addi    r29, r5, 0x0
FFDEA0A4? 3B670000  addi    r27, r7, 0x0
FFDEA0A8? 809F0000  lwz     r4, 0x0(r31)
FFDEA0AC? 7C0802A6  mfspr   r0, LR
FFDEA0B0? 7C64F014  addc    r3, r4, r30
FFDEA0B4? A1230002  lhz     r9, 0x2(r3)
FFDEA0B8? 3C600001  lis     r3, 0x0001
FFDEA0BC? 3063FFFF  addic   r3, r3, -0x1
FFDEA0C0? 90010008  stw     r0, 0x8(r1)
FFDEA0C4? 7C091800  cmpw    r9, r3
FFDEA0C8? 9421FFA0  stwu    r1, -0x60(r1)
FFDEA0CC? 38C00000  li      r6, 0x0
FFDEA0D0? 38A00000  li      r5, 0x0
FFDEA0D4? 3B800000  li      r28, 0x0
FFDEA0D8? 41820034  beq     loc_FFDEA10C
FFDEA0DC? A104001A  lhz     r8, 0x1A(r4)
FFDEA0E0? 807B000C  lwz     r3, 0xC(r27)
FFDEA0E4? 7C844014  addc    r4, r4, r8
FFDEA0E8? 7C892014  addc    r4, r9, r4
FFDEA0EC? 48008CB1  bl      glue_EqualString
FFDEA0F0? 80410014  lwz     r2, 0x14(r1)
FFDEA0F4? 5463063F  clrlwi. r3, r3, 24
FFDEA0F8? 41820014  beq     loc_FFDEA10C
FFDEA0FC? 93DB0018  stw     r30, 0x18(r27)
FFDEA100? 93FB0010  stw     r31, 0x10(r27)
FFDEA104? 93BB0014  stw     r29, 0x14(r27)
FFDEA108? 3B800001  li      r28, 0x1
loc_FFDEA10C:
FFDEA10C? 387C0000  addi    r3, r28, 0x0
FFDEA110? 81810068  lwz     r12, 0x68(r1)
FFDEA114? 30210060  addic   r1, r1, 0x60
FFDEA118? 7D8803A6  mtspr   LR, r12
FFDEA11C? BB61FFEC  lmw     r27, -0x14(r1)
FFDEA120? 4E800020  blr

sub_FFDEA124:
FFDEA124  BF81FFF0  stmw    r28, -0x10(r1)
FFDEA128  7C9D0734  extsh   r29, r4
FFDEA12C  7C0802A6  mfspr   r0, LR
FFDEA130  54A5063E  clrlwi  r5, r5, 24
FFDEA134  90010008  stw     r0, 0x8(r1)
FFDEA138  9421FF70  stwu    r1, -0x90(r1)
FFDEA13C  90610070  stw     r3, 0x70(r1)
FFDEA140  54C7063E  clrlwi  r7, r6, 24
FFDEA144  38C50000  addi    r6, r5, 0x0
FFDEA148  38A00001  li      r5, 0x1
FFDEA14C  3BC00000  li      r30, 0x0
FFDEA150  3BE0FF40  li      r31, -0xC0
FFDEA154  30610038  addic   r3, r1, 0x38
FFDEA158  38800001  li      r4, 0x1
FFDEA15C  4BFFEB65  bl      sub_FFDE8CC0
FFDEA160  2C1D0000  cmpwi   cr0, r29, 0x0
FFDEA164  80610070  lwz     r3, 0x70(r1)
FFDEA168  30810038  addic   r4, r1, 0x38
FFDEA16C  4081007C  ble     loc_FFDEA1E8
FFDEA170  48000311  bl      sub_FFDEA480
FFDEA174  7C7F0735  extsh.  r31, r3
FFDEA178  40820070  bne     loc_FFDEA1E8
FFDEA17C  3BE0FF40  li      r31, -0xC0
FFDEA180  4800889D  bl      glue_LMGetExpandMem
FFDEA184  80410014  lwz     r2, 0x14(r1)
FFDEA188  80A301D2  lwz     r5, 0x1D2(r3)
FFDEA18C  2C050000  cmpwi   cr0, r5, 0x0
FFDEA190  41820058  beq     loc_FFDEA1E8
FFDEA194  80C50000  lwz     r6, 0x0(r5)
FFDEA198  313DFFFF  addic   r9, r29, -0x1
FFDEA19C  80E60008  lwz     r7, 0x8(r6)
FFDEA1A0  80A10070  lwz     r5, 0x70(r1)
FFDEA1A4  7C9D3840  cmplw   cr1, r29, r7
FFDEA1A8  5527083C  slwi    r7, r9, 1
FFDEA1AC  7CE93814  addc    r7, r9, r7
FFDEA1B0  54E7103A  slwi    r7, r7, 2
FFDEA1B4  7CE63814  addc    r7, r6, r7
FFDEA1B8  30C10038  addic   r6, r1, 0x38
FFDEA1BC  4185002C  bgt     cr1, loc_FFDEA1E8
FFDEA1C0  83870010  lwz     r28, 0x10(r7)
FFDEA1C4  83A7000C  lwz     r29, 0xC(r7)
FFDEA1C8  389C0000  addi    r4, r28, 0x0
FFDEA1CC  387D0000  addi    r3, r29, 0x0
FFDEA1D0  48000045  bl      sub_FFDEA214
FFDEA1D4  7C7F0735  extsh.  r31, r3
FFDEA1D8  40820010  bne     loc_FFDEA1E8
FFDEA1DC  80BD0000  lwz     r5, 0x0(r29)
FFDEA1E0  7CBC2814  addc    r5, r28, r5
FFDEA1E4  83C50008  lwz     r30, 0x8(r5)
loc_FFDEA1E8:
FFDEA1E8  38DF0000  addi    r6, r31, 0x0
FFDEA1EC  30610038  addic   r3, r1, 0x38
FFDEA1F0  38800001  li      r4, 0x1
FFDEA1F4  38A00001  li      r5, 0x1
FFDEA1F8  4BFFECD1  bl      sub_FFDE8EC8
FFDEA1FC  387E0000  addi    r3, r30, 0x0
FFDEA200  81810098  lwz     r12, 0x98(r1)
FFDEA204  30210090  addic   r1, r1, 0x90
FFDEA208  7D8803A6  mtspr   LR, r12
FFDEA20C  BB81FFF0  lmw     r28, -0x10(r1)
FFDEA210  4E800020  blr

sub_FFDEA214:
FFDEA214  BFA1FFF4  stmw    r29, -0xC(r1)
FFDEA218  3BA30000  addi    r29, r3, 0x0
FFDEA21C  80620008  lwz     r3, 0x8(r2)                        ; TOC[+8] &data+5F0
FFDEA220  7C0802A6  mfspr   r0, LR
FFDEA224  3BC40000  addi    r30, r4, 0x0
FFDEA228  90010008  stw     r0, 0x8(r1)
FFDEA22C  9421FFB0  stwu    r1, -0x50(r1)
FFDEA230  83E30000  lwz     r31, 0x0(r3)
FFDEA234  48008B8D  bl      glue_LMGetJCheckLoad
FFDEA238  80410014  lwz     r2, 0x14(r1)
FFDEA23C  7C1F1800  cmpw    r31, r3
FFDEA240  806200EC  lwz     r3, 0xEC(r2)                       ; TOC[+236] &data+60
FFDEA244  388003E1  li      r4, 0x3E1
FFDEA248  38BD0000  addi    r5, r29, 0x0
FFDEA24C  4182001C  beq     loc_FFDEA268
FFDEA250  813D0000  lwz     r9, 0x0(r29)
FFDEA254  7CC9F014  addc    r6, r9, r30
FFDEA258  4800889D  bl      glue_CallUniversalProc
FFDEA25C  80410014  lwz     r2, 0x14(r1)
FFDEA260  7C630734  extsh   r3, r3
FFDEA264  48000014  b       loc_FFDEA278
loc_FFDEA268:
FFDEA268  387D0000  addi    r3, r29, 0x0
FFDEA26C  389E0000  addi    r4, r30, 0x0
FFDEA270  4800001D  bl      sub_FFDEA28C
FFDEA274  7C630734  extsh   r3, r3
loc_FFDEA278:
FFDEA278  81810058  lwz     r12, 0x58(r1)
FFDEA27C  30210050  addic   r1, r1, 0x50
FFDEA280  7D8803A6  mtspr   LR, r12
FFDEA284  BBA1FFF4  lmw     r29, -0xC(r1)
FFDEA288  4E800020  blr

sub_FFDEA28C:
FFDEA28C  BF21FFE4  stmw    r25, -0x1C(r1)
FFDEA290  3B830000  addi    r28, r3, 0x0
FFDEA294  7C0802A6  mfspr   r0, LR
FFDEA298  807C0000  lwz     r3, 0x0(r28)
FFDEA29C  3BE00000  li      r31, 0x0
FFDEA2A0  3BC40000  addi    r30, r4, 0x0
FFDEA2A4  7C63F014  addc    r3, r3, r30
FFDEA2A8  80630008  lwz     r3, 0x8(r3)
FFDEA2AC  3BA00000  li      r29, 0x0
FFDEA2B0  7D800026  mfcr    r12
FFDEA2B4  91810004  stw     r12, 0x4(r1)
FFDEA2B8  90010008  stw     r0, 0x8(r1)
FFDEA2BC  9421FF80  stwu    r1, -0x80(r1)
FFDEA2C0  90610038  stw     r3, 0x38(r1)
FFDEA2C4  480085CD  bl      glue_LMGetROMMapHndl
FFDEA2C8  80410014  lwz     r2, 0x14(r1)
FFDEA2CC  3B630000  addi    r27, r3, 0x0
FFDEA2D0  48008651  bl      glue_LMGetResLoad
FFDEA2D4  80410014  lwz     r2, 0x14(r1)
FFDEA2D8  547A063E  clrlwi  r26, r3, 24
FFDEA2DC  80610038  lwz     r3, 0x38(r1)
FFDEA2E0  4BFFF9D9  bl      sub_FFDE9CB8
FFDEA2E4  7E1CD840  cmplw   cr4, r28, r27
FFDEA2E8  80FC0000  lwz     r7, 0x0(r28)
FFDEA2EC  387C0000  addi    r3, r28, 0x0
FFDEA2F0  7C87F014  addc    r4, r7, r30
FFDEA2F4  4092001C  bne     cr4, loc_FFDEA310
FFDEA2F8  4BFFF1F1  bl      sub_FFDE94E8
FFDEA2FC  80FC0000  lwz     r7, 0x0(r28)
FFDEA300  7C7D0734  extsh   r29, r3
FFDEA304  7C67F014  addc    r3, r7, r30
FFDEA308  80630008  lwz     r3, 0x8(r3)
FFDEA30C  90610038  stw     r3, 0x38(r1)
loc_FFDEA310:
FFDEA310  48008AD5  bl      glue_GetZone
FFDEA314  80410014  lwz     r2, 0x14(r1)
FFDEA318  80FC0000  lwz     r7, 0x0(r28)
FFDEA31C  90610058  stw     r3, 0x58(r1)
FFDEA320  7C67F014  addc    r3, r7, r30
FFDEA324  80E30004  lwz     r7, 0x4(r3)
FFDEA328  387C0000  addi    r3, r28, 0x0
FFDEA32C  54F9463E  srwi    r25, r7, 24
FFDEA330  48008AD9  bl      glue_IsThisASystemResourceMap
FFDEA334  80410014  lwz     r2, 0x14(r1)
FFDEA338  5463063F  clrlwi. r3, r3, 24
FFDEA33C  807C0000  lwz     r3, 0x0(r28)
FFDEA340  4082001C  bne     loc_FFDEA35C
FFDEA344  88630016  lbz     r3, 0x16(r3)
FFDEA348  7F202120  mtcrf   0x02, r25
FFDEA34C  7C601120  mtcrf   0x01, r3
FFDEA350  4C180000  mcrf    cr0, cr6
FFDEA354  419F0008  bso     cr7, loc_FFDEA35C
FFDEA358  40810024  ble     loc_FFDEA37C
loc_FFDEA35C:
FFDEA35C  48008AD1  bl      glue_SystemZone
FFDEA360  80410014  lwz     r2, 0x14(r1)
FFDEA364  48008AED  bl      glue_SetZone
FFDEA368  80410014  lwz     r2, 0x14(r1)
FFDEA36C  2C1A0000  cmpwi   cr0, r26, 0x0
FFDEA370  80610038  lwz     r3, 0x38(r1)
FFDEA374  2C830000  cmpwi   cr1, r3, 0x0
FFDEA378  48000028  b       loc_FFDEA3A0
loc_FFDEA37C:
FFDEA37C  387B0000  addi    r3, r27, 0x0
FFDEA380  40920014  bne     cr4, loc_FFDEA394
FFDEA384  480087FD  bl      glue_HandleZone
FFDEA388  80410014  lwz     r2, 0x14(r1)
FFDEA38C  48008AC5  bl      glue_SetZone
FFDEA390  80410014  lwz     r2, 0x14(r1)
loc_FFDEA394:
FFDEA394  2C1A0000  cmpwi   cr0, r26, 0x0
FFDEA398  80610038  lwz     r3, 0x38(r1)
FFDEA39C  2C830000  cmpwi   cr1, r3, 0x0
loc_FFDEA3A0:
FFDEA3A0  41820094  beq     loc_FFDEA434
FFDEA3A4  30A10038  addic   r5, r1, 0x38
FFDEA3A8  30C1003C  addic   r6, r1, 0x3C
FFDEA3AC  41860010  beq     cr1, loc_FFDEA3BC
FFDEA3B0  80630000  lwz     r3, 0x0(r3)
FFDEA3B4  2C030000  cmpwi   cr0, r3, 0x0
FFDEA3B8  4082008C  bne     loc_FFDEA444
loc_FFDEA3BC:
FFDEA3BC  387C0000  addi    r3, r28, 0x0
FFDEA3C0  389E0000  addi    r4, r30, 0x0
FFDEA3C4  30E10040  addic   r7, r1, 0x40
FFDEA3C8  4BFFF38D  bl      sub_FFDE9754
FFDEA3CC  7C7D0735  extsh.  r29, r3
FFDEA3D0  80A10038  lwz     r5, 0x38(r1)
FFDEA3D4  80C1003C  lwz     r6, 0x3C(r1)
FFDEA3D8  387C0000  addi    r3, r28, 0x0
FFDEA3DC  40820068  bne     loc_FFDEA444
FFDEA3E0  389E0000  addi    r4, r30, 0x0
FFDEA3E4  30E10040  addic   r7, r1, 0x40
FFDEA3E8  4BFFF1F5  bl      sub_FFDE95DC
FFDEA3EC  7C7D0735  extsh.  r29, r3
FFDEA3F0  80FC0000  lwz     r7, 0x0(r28)
FFDEA3F4  80610038  lwz     r3, 0x38(r1)
FFDEA3F8  7CE7F014  addc    r7, r7, r30
FFDEA3FC  40820028  bne     loc_FFDEA424
FFDEA400  80E70004  lwz     r7, 0x4(r7)
FFDEA404  54E4463E  srwi    r4, r7, 24
FFDEA408  4BFFF16D  bl      sub_FFDE9574
FFDEA40C  80610038  lwz     r3, 0x38(r1)
FFDEA410  8081003C  lwz     r4, 0x3C(r1)
FFDEA414  80630000  lwz     r3, 0x0(r3)
FFDEA418  48008A5D  bl      glue_FlushEmulatorCacheRange
FFDEA41C  80410014  lwz     r2, 0x14(r1)
FFDEA420  48000024  b       loc_FFDEA444
loc_FFDEA424:
FFDEA424  48008A75  bl      glue_DisposeHandle
FFDEA428  80410014  lwz     r2, 0x14(r1)
FFDEA42C  93E10038  stw     r31, 0x38(r1)
FFDEA430  48000014  b       loc_FFDEA444
loc_FFDEA434:
FFDEA434  40860010  bne     cr1, loc_FFDEA444
FFDEA438  48008A85  bl      glue_NewEmptyHandle
FFDEA43C  80410014  lwz     r2, 0x14(r1)
FFDEA440  90610038  stw     r3, 0x38(r1)
loc_FFDEA444:
FFDEA444  80610058  lwz     r3, 0x58(r1)
FFDEA448  48008A09  bl      glue_SetZone
FFDEA44C  80410014  lwz     r2, 0x14(r1)
FFDEA450  807C0000  lwz     r3, 0x0(r28)
FFDEA454  80E10038  lwz     r7, 0x38(r1)
FFDEA458  7C63F014  addc    r3, r3, r30
FFDEA45C  90E30008  stw     r7, 0x8(r3)
FFDEA460  387D0000  addi    r3, r29, 0x0
FFDEA464  81810084  lwz     r12, 0x84(r1)
FFDEA468  80010088  lwz     r0, 0x88(r1)
FFDEA46C  7D808120  mtcrf   0x08, r12
FFDEA470  30210080  addic   r1, r1, 0x80
FFDEA474  7C0803A6  mtspr   LR, r0
FFDEA478  BB21FFE4  lmw     r25, -0x1C(r1)
FFDEA47C  4E800020  blr

sub_FFDEA480:
FFDEA480  BE81FFD0  stmw    r20, -0x30(r1)
FFDEA484  3A840000  addi    r20, r4, 0x0
FFDEA488  7C0802A6  mfspr   r0, LR
FFDEA48C  88940001  lbz     r4, 0x1(r20)
FFDEA490  3AE30000  addi    r23, r3, 0x0
FFDEA494  7D800026  mfcr    r12
FFDEA498  91810004  stw     r12, 0x4(r1)
FFDEA49C  2D040000  cmpwi   cr2, r4, 0x0
FFDEA4A0  90010008  stw     r0, 0x8(r1)
FFDEA4A4  9421FF80  stwu    r1, -0x80(r1)
FFDEA4A8  3BC00000  li      r30, 0x0
FFDEA4AC  3BE00000  li      r31, 0x0
FFDEA4B0  3AC00000  li      r22, 0x0
FFDEA4B4  3AA00000  li      r21, 0x0
FFDEA4B8  418A0008  beq     cr2, loc_FFDEA4C0
FFDEA4BC  3BE00004  li      r31, 0x4
loc_FFDEA4C0:
FFDEA4C0  88940002  lbz     r4, 0x2(r20)
FFDEA4C4  2C040000  cmpwi   cr0, r4, 0x0
FFDEA4C8  4182000C  beq     loc_FFDEA4D4
FFDEA4CC  63E40002  ori     r4, r31, 0x2
FFDEA4D0  549F043E  clrlwi  r31, r4, 16
loc_FFDEA4D4:
FFDEA4D4  88940003  lbz     r4, 0x3(r20)
FFDEA4D8  2C840000  cmpwi   cr1, r4, 0x0
FFDEA4DC  4186000C  beq     cr1, loc_FFDEA4E8
FFDEA4E0  63E40001  ori     r4, r31, 0x1
FFDEA4E4  549F043E  clrlwi  r31, r4, 16
loc_FFDEA4E8:
FFDEA4E8  48008535  bl      glue_LMGetExpandMem
FFDEA4EC  80410014  lwz     r2, 0x14(r1)
FFDEA4F0  832301D2  lwz     r25, 0x1D2(r3)
FFDEA4F4  2C190000  cmpwi   cr0, r25, 0x0
FFDEA4F8  418200B0  beq     loc_FFDEA5A8
FFDEA4FC  80990000  lwz     r4, 0x0(r25)
FFDEA500  A0A40000  lhz     r5, 0x0(r4)
FFDEA504  7C85F800  cmpw    cr1, r5, r31
FFDEA508  40860044  bne     cr1, loc_FFDEA54C
FFDEA50C  A8B40008  lha     r5, 0x8(r20)
FFDEA510  2C050000  cmpwi   cr0, r5, 0x0
FFDEA514  4082002C  bne     loc_FFDEA540
FFDEA518  4800839D  bl      glue_LMGetCurMap
FFDEA51C  80410014  lwz     r2, 0x14(r1)
FFDEA520  80990000  lwz     r4, 0x0(r25)
FFDEA524  7C660734  extsh   r6, r3
FFDEA528  A8A40002  lha     r5, 0x2(r4)
FFDEA52C  7C062800  cmpw    r6, r5
FFDEA530  4082001C  bne     loc_FFDEA54C
FFDEA534  A8B40008  lha     r5, 0x8(r20)
FFDEA538  2C850000  cmpwi   cr1, r5, 0x0
FFDEA53C  41860014  beq     cr1, loc_FFDEA550
loc_FFDEA540:
FFDEA540  A8C40002  lha     r6, 0x2(r4)
FFDEA544  7C053000  cmpw    r5, r6
FFDEA548  41820008  beq     loc_FFDEA550
loc_FFDEA54C:
FFDEA54C  93C40004  stw     r30, 0x4(r4)
loc_FFDEA550:
FFDEA550  38790000  addi    r3, r25, 0x0
FFDEA554  48008289  bl      glue_GetHandleSize
FFDEA558  80410014  lwz     r2, 0x14(r1)
FFDEA55C  3B430000  addi    r26, r3, 0x0
FFDEA560  30BAFFF4  addic   r5, r26, -0xC
FFDEA564  3C802AAB  lis     r4, 0x2AAB
FFDEA568  7CA50734  extsh   r5, r5
FFDEA56C  3084AAAB  addic   r4, r4, -0x5555
FFDEA570  7C842896  mulhw   r4, r4, r5
FFDEA574  7C840E70  srawi   r4, r4, 0x1
FFDEA578  54850FFE  srwi    r5, r4, 31
FFDEA57C  4DCE7242  crset   crb14
FFDEA580  7F442814  addc    r26, r4, r5
FFDEA584  48000058  b       loc_FFDEA5DC
loc_FFDEA588:
FFDEA588  38750000  addi    r3, r21, 0x0
FFDEA58C  81810084  lwz     r12, 0x84(r1)
FFDEA590  80010088  lwz     r0, 0x88(r1)
FFDEA594  7D830120  mtcrf   0x30, r12
FFDEA598  30210080  addic   r1, r1, 0x80
FFDEA59C  7C0803A6  mtspr   LR, r0
FFDEA5A0  BA81FFD0  lmw     r20, -0x30(r1)
FFDEA5A4  4E800020  blr
loc_FFDEA5A8:
FFDEA5A8  38600174  li      r3, 0x174
FFDEA5AC  48008935  bl      glue_NewHandleSysClear
FFDEA5B0  80410014  lwz     r2, 0x14(r1)
FFDEA5B4  3B230000  addi    r25, r3, 0x0
FFDEA5B8  4800867D  bl      glue_MemError
FFDEA5BC  80410014  lwz     r2, 0x14(r1)
FFDEA5C0  7C750734  extsh   r21, r3
FFDEA5C4  2D950000  cmpwi   cr3, r21, 0x0
FFDEA5C8  408EFFC0  bne     cr3, loc_FFDEA588
FFDEA5CC  48008451  bl      glue_LMGetExpandMem
FFDEA5D0  80410014  lwz     r2, 0x14(r1)
FFDEA5D4  932301D2  stw     r25, 0x1D2(r3)
FFDEA5D8  3B40001E  li      r26, 0x1E
loc_FFDEA5DC:
FFDEA5DC  408EFFAC  bne     cr3, loc_FFDEA588
FFDEA5E0  80990000  lwz     r4, 0x0(r25)
FFDEA5E4  B3E40000  sth     r31, 0x0(r4)
FFDEA5E8  A8B40008  lha     r5, 0x8(r20)
FFDEA5EC  2C050000  cmpwi   cr0, r5, 0x0
FFDEA5F0  40820010  bne     loc_FFDEA600
FFDEA5F4  480082C1  bl      glue_LMGetCurMap
FFDEA5F8  80410014  lwz     r2, 0x14(r1)
FFDEA5FC  7C650734  extsh   r5, r3
loc_FFDEA600:
FFDEA600  80990000  lwz     r4, 0x0(r25)
FFDEA604  B0A40002  sth     r5, 0x2(r4)
FFDEA608  80990000  lwz     r4, 0x0(r25)
FFDEA60C  80A40004  lwz     r5, 0x4(r4)
FFDEA610  7C05B840  cmplw   r5, r23
FFDEA614  4182FF74  beq     loc_FFDEA588
FFDEA618  92E40004  stw     r23, 0x4(r4)
FFDEA61C  30610038  addic   r3, r1, 0x38
FFDEA620  38940000  addi    r4, r20, 0x0
FFDEA624  4BFFEAE5  bl      sub_FFDE9108
FFDEA628  80610038  lwz     r3, 0x38(r1)
FFDEA62C  80990000  lwz     r4, 0x0(r25)
FFDEA630  2C030000  cmpwi   cr0, r3, 0x0
FFDEA634  3304000C  addic   r24, r4, 0xC
FFDEA638  41820268  beq     loc_FFDEA8A0
FFDEA63C  418A0148  beq     cr2, loc_FFDEA784
FFDEA640  3C802AAB  lis     r4, 0x2AAB
FFDEA644  3384AAAB  addic   r28, r4, -0x5555
loc_FFDEA648:
FFDEA648  38970000  addi    r4, r23, 0x0
FFDEA64C  30A1003C  addic   r5, r1, 0x3C
FFDEA650  4800047D  bl      sub_FFDEAACC
FFDEA654  7C640735  extsh.  r4, r3
FFDEA658  80610038  lwz     r3, 0x38(r1)
FFDEA65C  8081003C  lwz     r4, 0x3C(r1)
FFDEA660  30A10040  addic   r5, r1, 0x40
FFDEA664  408200FC  bne     loc_FFDEA760
FFDEA668  4BFFF7A5  bl      sub_FFDE9E0C
FFDEA66C  80A10038  lwz     r5, 0x38(r1)
FFDEA670  56C4083C  slwi    r4, r22, 1
FFDEA674  7C962014  addc    r4, r22, r4
FFDEA678  5484103A  slwi    r4, r4, 2
FFDEA67C  33A4000C  addic   r29, r4, 0xC
FFDEA680  80A50000  lwz     r5, 0x0(r5)
FFDEA684  8081003C  lwz     r4, 0x3C(r1)
FFDEA688  80C10040  lwz     r6, 0x40(r1)
FFDEA68C  7C842814  addc    r4, r4, r5
FFDEA690  7F653014  addc    r27, r5, r6
FFDEA694  A3E40004  lhz     r31, 0x4(r4)
FFDEA698  3BC00000  li      r30, 0x0
FFDEA69C  80C10038  lwz     r6, 0x38(r1)
FFDEA6A0  38790000  addi    r3, r25, 0x0
loc_FFDEA6A4:
FFDEA6A4  38960000  addi    r4, r22, 0x0
FFDEA6A8  38BB0000  addi    r5, r27, 0x0
FFDEA6AC  480001FD  bl      sub_FFDEA8A8
FFDEA6B0  5464063E  clrlwi  r4, r3, 24
FFDEA6B4  7C840034  cntlzw  r4, r4
FFDEA6B8  5484D97F  srwi.   r4, r4, 5
FFDEA6BC  4182008C  beq     loc_FFDEA748
FFDEA6C0  375AFFFF  addic.  r26, r26, -0x1
FFDEA6C4  38790000  addi    r3, r25, 0x0
FFDEA6C8  40820054  bne     loc_FFDEA71C
FFDEA6CC  48008111  bl      glue_GetHandleSize
FFDEA6D0  80410014  lwz     r2, 0x14(r1)
FFDEA6D4  3083FFF4  addic   r4, r3, -0xC
FFDEA6D8  5485083C  slwi    r5, r4, 1
FFDEA6DC  3085000C  addic   r4, r5, 0xC
FFDEA6E0  7CA50734  extsh   r5, r5
FFDEA6E4  7CBC2896  mulhw   r5, r28, r5
FFDEA6E8  7CA51670  srawi   r5, r5, 0x2
FFDEA6EC  54A60FFE  srwi    r6, r5, 31
FFDEA6F0  7CA53014  addc    r5, r5, r6
FFDEA6F4  3345FFFF  addic   r26, r5, -0x1
FFDEA6F8  38790000  addi    r3, r25, 0x0
FFDEA6FC  48008581  bl      glue_SetHandleSize
FFDEA700  80410014  lwz     r2, 0x14(r1)
FFDEA704  48008531  bl      glue_MemError
FFDEA708  80410014  lwz     r2, 0x14(r1)
FFDEA70C  7C750735  extsh.  r21, r3
FFDEA710  4082FE78  bne     loc_FFDEA588
FFDEA714  80990000  lwz     r4, 0x0(r25)
FFDEA718  7F04E814  addc    r24, r4, r29
loc_FFDEA71C:
FFDEA71C  80810038  lwz     r4, 0x38(r1)
FFDEA720  32D60001  addic   r22, r22, 0x1
FFDEA724  90980000  stw     r4, 0x0(r24)
FFDEA728  A89B0000  lha     r4, 0x0(r27)
FFDEA72C  33BD000C  addic   r29, r29, 0xC
FFDEA730  B0980008  sth     r4, 0x8(r24)
FFDEA734  80810038  lwz     r4, 0x38(r1)
FFDEA738  80840000  lwz     r4, 0x0(r4)
FFDEA73C  7C84D810  subfc   r4, r4, r27
FFDEA740  90980004  stw     r4, 0x4(r24)
FFDEA744  3318000C  addic   r24, r24, 0xC
loc_FFDEA748:
FFDEA748  33DE0001  addic   r30, r30, 0x1
FFDEA74C  7C9EF840  cmplw   cr1, r30, r31
FFDEA750  337B000C  addic   r27, r27, 0xC
FFDEA754  80C10038  lwz     r6, 0x38(r1)
FFDEA758  38790000  addi    r3, r25, 0x0
FFDEA75C  4085FF48  ble     cr1, loc_FFDEA6A4
loc_FFDEA760:
FFDEA760  80610038  lwz     r3, 0x38(r1)
FFDEA764  38940000  addi    r4, r20, 0x0
FFDEA768  4BFFE2D5  bl      sub_FFDE8A3C
FFDEA76C  2C030000  cmpwi   cr0, r3, 0x0
FFDEA770  90610038  stw     r3, 0x38(r1)
FFDEA774  4082FED4  bne     loc_FFDEA648
FFDEA778  80990000  lwz     r4, 0x0(r25)
FFDEA77C  92C40008  stw     r22, 0x8(r4)
FFDEA780  4BFFFE08  b       loc_FFDEA588
loc_FFDEA784:
FFDEA784  3C802AAB  lis     r4, 0x2AAB
FFDEA788  3384AAAB  addic   r28, r4, -0x5555
loc_FFDEA78C:
FFDEA78C  38970000  addi    r4, r23, 0x0
FFDEA790  30A1003C  addic   r5, r1, 0x3C
FFDEA794  48000339  bl      sub_FFDEAACC
FFDEA798  7C640735  extsh.  r4, r3
FFDEA79C  80610038  lwz     r3, 0x38(r1)
FFDEA7A0  8081003C  lwz     r4, 0x3C(r1)
FFDEA7A4  30A10040  addic   r5, r1, 0x40
FFDEA7A8  408200DC  bne     loc_FFDEA884
FFDEA7AC  4BFFF661  bl      sub_FFDE9E0C
FFDEA7B0  80A10038  lwz     r5, 0x38(r1)
FFDEA7B4  56C4083C  slwi    r4, r22, 1
FFDEA7B8  7C962014  addc    r4, r22, r4
FFDEA7BC  5484103A  slwi    r4, r4, 2
FFDEA7C0  3364000C  addic   r27, r4, 0xC
FFDEA7C4  80C50000  lwz     r6, 0x0(r5)
FFDEA7C8  80A10040  lwz     r5, 0x40(r1)
FFDEA7CC  8081003C  lwz     r4, 0x3C(r1)
FFDEA7D0  375AFFFF  addic.  r26, r26, -0x1
FFDEA7D4  7C843014  addc    r4, r4, r6
FFDEA7D8  7FA62814  addc    r29, r6, r5
FFDEA7DC  A3E40004  lhz     r31, 0x4(r4)
FFDEA7E0  3BC00000  li      r30, 0x0
FFDEA7E4  38790000  addi    r3, r25, 0x0
loc_FFDEA7E8:
FFDEA7E8  40820054  bne     loc_FFDEA83C
FFDEA7EC  48007FF1  bl      glue_GetHandleSize
FFDEA7F0  80410014  lwz     r2, 0x14(r1)
FFDEA7F4  3083FFF4  addic   r4, r3, -0xC
FFDEA7F8  5485083C  slwi    r5, r4, 1
FFDEA7FC  3085000C  addic   r4, r5, 0xC
FFDEA800  7CA50734  extsh   r5, r5
FFDEA804  7CBC2896  mulhw   r5, r28, r5
FFDEA808  7CA51670  srawi   r5, r5, 0x2
FFDEA80C  54A60FFE  srwi    r6, r5, 31
FFDEA810  7CA53014  addc    r5, r5, r6
FFDEA814  3345FFFF  addic   r26, r5, -0x1
FFDEA818  38790000  addi    r3, r25, 0x0
FFDEA81C  48008461  bl      glue_SetHandleSize
FFDEA820  80410014  lwz     r2, 0x14(r1)
FFDEA824  48008411  bl      glue_MemError
FFDEA828  80410014  lwz     r2, 0x14(r1)
FFDEA82C  7C750735  extsh.  r21, r3
FFDEA830  4082FD58  bne     loc_FFDEA588
FFDEA834  80990000  lwz     r4, 0x0(r25)
FFDEA838  7F04D814  addc    r24, r4, r27
loc_FFDEA83C:
FFDEA83C  80810038  lwz     r4, 0x38(r1)
FFDEA840  33DE0001  addic   r30, r30, 0x1
FFDEA844  90980000  stw     r4, 0x0(r24)
FFDEA848  A89D0000  lha     r4, 0x0(r29)
FFDEA84C  7C9EF840  cmplw   cr1, r30, r31
FFDEA850  B0980008  sth     r4, 0x8(r24)
FFDEA854  80810038  lwz     r4, 0x38(r1)
FFDEA858  32D60001  addic   r22, r22, 0x1
FFDEA85C  80840000  lwz     r4, 0x0(r4)
FFDEA860  337B000C  addic   r27, r27, 0xC
FFDEA864  7C84E810  subfc   r4, r4, r29
FFDEA868  90980004  stw     r4, 0x4(r24)
FFDEA86C  3318000C  addic   r24, r24, 0xC
FFDEA870  33BD000C  addic   r29, r29, 0xC
FFDEA874  41850010  bgt     cr1, loc_FFDEA884
FFDEA878  375AFFFF  addic.  r26, r26, -0x1
FFDEA87C  38790000  addi    r3, r25, 0x0
FFDEA880  4BFFFF68  b       loc_FFDEA7E8
loc_FFDEA884:
FFDEA884  80610038  lwz     r3, 0x38(r1)
FFDEA888  38940000  addi    r4, r20, 0x0
FFDEA88C  4BFFE1B1  bl      sub_FFDE8A3C
FFDEA890  2C030000  cmpwi   cr0, r3, 0x0
FFDEA894  90610038  stw     r3, 0x38(r1)
FFDEA898  4082FEF4  bne     loc_FFDEA78C
FFDEA89C  80990000  lwz     r4, 0x0(r25)
loc_FFDEA8A0:
FFDEA8A0  92C40008  stw     r22, 0x8(r4)
FFDEA8A4  4BFFFCE4  b       loc_FFDEA588

sub_FFDEA8A8:
FFDEA8A8  38E40000  addi    r7, r4, 0x0
FFDEA8AC  28870000  cmplwi  cr1, r7, 0x0
FFDEA8B0  7C0802A6  mfspr   r0, LR
FFDEA8B4  9421FFC0  stwu    r1, -0x40(r1)
FFDEA8B8  90010048  stw     r0, 0x48(r1)
FFDEA8BC  A9050000  lha     r8, 0x0(r5)
FFDEA8C0  80030000  lwz     r0, 0x0(r3)
FFDEA8C4  39200000  li      r9, 0x0
FFDEA8C8  40850050  ble     cr1, loc_FFDEA918
FFDEA8CC  31400008  addic   r10, r0, 0x8
FFDEA8D0  AC0A000C  lhau    r0, 0xC(r10)
FFDEA8D4  38660000  addi    r3, r6, 0x0
FFDEA8D8  7C004000  cmpw    r0, r8
FFDEA8DC  38A00008  li      r5, 0x8
FFDEA8E0  40820014  bne     loc_FFDEA8F4
loc_FFDEA8E4:
FFDEA8E4  808AFFF8  lwz     r4, -0x8(r10)
FFDEA8E8  48000281  bl      sub_FFDEAB68
FFDEA8EC  5460063F  clrlwi. r0, r3, 24
FFDEA8F0  4082003C  bne     loc_FFDEA92C
loc_FFDEA8F4:
FFDEA8F4  31290001  addic   r9, r9, 0x1
FFDEA8F8  7C893840  cmplw   cr1, r9, r7
FFDEA8FC  38660000  addi    r3, r6, 0x0
FFDEA900  38A00008  li      r5, 0x8
FFDEA904  40840014  bge     cr1, loc_FFDEA918
FFDEA908  AC0A000C  lhau    r0, 0xC(r10)
FFDEA90C  7C004000  cmpw    r0, r8
FFDEA910  4082FFE4  bne     loc_FFDEA8F4
FFDEA914  4BFFFFD0  b       loc_FFDEA8E4
loc_FFDEA918:
FFDEA918  38600000  li      r3, 0x0
loc_FFDEA91C:
FFDEA91C  81810048  lwz     r12, 0x48(r1)
FFDEA920  30210040  addic   r1, r1, 0x40
FFDEA924  7D8803A6  mtspr   LR, r12
FFDEA928  4E800020  blr
loc_FFDEA92C:
FFDEA92C  38600001  li      r3, 0x1
FFDEA930  4BFFFFEC  b       loc_FFDEA91C

sub_FFDEA934:
FFDEA934  BF21FFE4  stmw    r25, -0x1C(r1)
FFDEA938  3BC30000  addi    r30, r3, 0x0
FFDEA93C  2C1E0000  cmpwi   cr0, r30, 0x0
FFDEA940  7C0802A6  mfspr   r0, LR
FFDEA944  3BA40000  addi    r29, r4, 0x0
FFDEA948  90010008  stw     r0, 0x8(r1)
FFDEA94C  9421FF90  stwu    r1, -0x70(r1)
FFDEA950  90A10044  stw     r5, 0x44(r1)
FFDEA954  3B860000  addi    r28, r6, 0x0
FFDEA958  3B470000  addi    r26, r7, 0x0
FFDEA95C  3B60FF40  li      r27, -0xC0
FFDEA960  41820154  beq     loc_FFDEAAB4
FFDEA964  480085A1  bl      glue_LMGetHSCHndl
FFDEA968  80410014  lwz     r2, 0x14(r1)
FFDEA96C  7C03F040  cmplw   r3, r30
FFDEA970  4082004C  bne     loc_FFDEA9BC
FFDEA974  80000B88  lwz     r0, 0xB88
FFDEA978  3B600000  li      r27, 0x0
FFDEA97C  901D0000  stw     r0, 0x0(r29)
FFDEA980  80600B90  lwz     r3, 0xB90
FFDEA984  907C0000  stw     r3, 0x0(r28)
FFDEA988  80000B80  lwz     r0, 0xB80
FFDEA98C  901A0000  stw     r0, 0x0(r26)
FFDEA990  48000124  b       loc_FFDEAAB4
loc_FFDEA994:
FFDEA994  7C0C4010  subfc   r0, r12, r8
FFDEA998  81810078  lwz     r12, 0x78(r1)
FFDEA99C  901D0000  stw     r0, 0x0(r29)
FFDEA9A0  808A0000  lwz     r4, 0x0(r10)
FFDEA9A4  30210070  addic   r1, r1, 0x70
FFDEA9A8  7D8803A6  mtspr   LR, r12
FFDEA9AC  909A0000  stw     r4, 0x0(r26)
FFDEA9B0  BB41FFE8  lmw     r26, -0x18(r1)
FFDEA9B4  38600000  li      r3, 0x0
FFDEA9B8  4E800020  blr
loc_FFDEA9BC:
FFDEA9BC  387C0000  addi    r3, r28, 0x0
FFDEA9C0  80810044  lwz     r4, 0x44(r1)
FFDEA9C4  4BFFE745  bl      sub_FFDE9108
FFDEA9C8  7C600735  extsh.  r0, r3
FFDEA9CC  408200E4  bne     loc_FFDEAAB0
FFDEA9D0  807C0000  lwz     r3, 0x0(r28)
FFDEA9D4  2C830000  cmpwi   cr1, r3, 0x0
FFDEA9D8  418600DC  beq     cr1, loc_FFDEAAB4
loc_FFDEA9DC:
FFDEA9DC  3081003C  addic   r4, r1, 0x3C
FFDEA9E0  30A10040  addic   r5, r1, 0x40
FFDEA9E4  30C10038  addic   r6, r1, 0x38
FFDEA9E8  4BFFE09D  bl      sub_FFDE8A84
FFDEA9EC  7C600735  extsh.  r0, r3
FFDEA9F0  40820098  bne     loc_FFDEAA88
FFDEA9F4  ABE10038  lha     r31, 0x38(r1)
FFDEA9F8  807C0000  lwz     r3, 0x0(r28)
FFDEA9FC  2C9F0000  cmpwi   cr1, r31, 0x0
FFDEAA00  81830000  lwz     r12, 0x0(r3)
FFDEAA04  8001003C  lwz     r0, 0x3C(r1)
FFDEAA08  80810040  lwz     r4, 0x40(r1)
FFDEAA0C  7D0C0014  addc    r8, r12, r0
FFDEAA10  7D4C2014  addc    r10, r12, r4
FFDEAA14  38C00000  li      r6, 0x0
FFDEAA18  41840074  blt     cr1, loc_FFDEAA8C
FFDEAA1C  308AFFFC  addic   r4, r10, -0x4
loc_FFDEAA20:
FFDEAA20  A4E40008  lhzu    r7, 0x8(r4)
FFDEAA24  30060001  addic   r0, r6, 0x1
FFDEAA28  2C070000  cmpwi   cr0, r7, 0x0
FFDEAA2C  7C060734  extsh   r6, r0
FFDEAA30  7F06F800  cmpw    cr6, r6, r31
FFDEAA34  41800040  blt     loc_FFDEAA74
FFDEAA38  3168FFFC  addic   r11, r8, -0x4
FFDEAA3C  840B000C  lwzu    r0, 0xC(r11)
FFDEAA40  38A00001  li      r5, 0x1
FFDEAA44  7C053800  cmpw    r5, r7
FFDEAA48  7C80F040  cmplw   cr1, r0, r30
FFDEAA4C  39200002  li      r9, 0x2
loc_FFDEAA50:
FFDEAA50  4186FF44  beq     cr1, loc_FFDEA994
FFDEAA54  7D250734  extsh   r5, r9
FFDEAA58  3108000C  addic   r8, r8, 0xC
FFDEAA5C  31250001  addic   r9, r5, 0x1
FFDEAA60  41810014  bgt     loc_FFDEAA74
FFDEAA64  840B000C  lwzu    r0, 0xC(r11)
FFDEAA68  7C053800  cmpw    r5, r7
FFDEAA6C  7C80F040  cmplw   cr1, r0, r30
FFDEAA70  4BFFFFE0  b       loc_FFDEAA50
loc_FFDEAA74:
FFDEAA74  314A0008  addic   r10, r10, 0x8
FFDEAA78  4099FFA8  ble     cr6, loc_FFDEAA20
FFDEAA7C  80810044  lwz     r4, 0x44(r1)
FFDEAA80  4BFFDFBD  bl      sub_FFDE8A3C
FFDEAA84  48000010  b       loc_FFDEAA94
loc_FFDEAA88:
FFDEAA88  807C0000  lwz     r3, 0x0(r28)
loc_FFDEAA8C:
FFDEAA8C  80810044  lwz     r4, 0x44(r1)
FFDEAA90  4BFFDFAD  bl      sub_FFDE8A3C
loc_FFDEAA94:
FFDEAA94  2C030000  cmpwi   cr0, r3, 0x0
FFDEAA98  907C0000  stw     r3, 0x0(r28)
FFDEAA9C  4082FF40  bne     loc_FFDEA9DC
FFDEAAA0  81810078  lwz     r12, 0x78(r1)
FFDEAAA4  387B0000  addi    r3, r27, 0x0
FFDEAAA8  30210070  addic   r1, r1, 0x70
FFDEAAAC  48000014  b       loc_FFDEAAC0
loc_FFDEAAB0:
FFDEAAB0  33600000  addic   r27, r0, 0x0
loc_FFDEAAB4:
FFDEAAB4  81810078  lwz     r12, 0x78(r1)
FFDEAAB8  387B0000  addi    r3, r27, 0x0
FFDEAABC  30210070  addic   r1, r1, 0x70
loc_FFDEAAC0:
FFDEAAC0  7D8803A6  mtspr   LR, r12
FFDEAAC4  BB41FFE8  lmw     r26, -0x18(r1)
FFDEAAC8  4E800020  blr

sub_FFDEAACC:
FFDEAACC  7C0802A6  mfspr   r0, LR
FFDEAAD0  9421FFC0  stwu    r1, -0x40(r1)
FFDEAAD4  39240000  addi    r9, r4, 0x0
FFDEAAD8  39030000  addi    r8, r3, 0x0
FFDEAADC  39450000  addi    r10, r5, 0x0
FFDEAAE0  90010048  stw     r0, 0x48(r1)
FFDEAAE4  30A10038  addic   r5, r1, 0x38
FFDEAAE8  388A0000  addi    r4, r10, 0x0
FFDEAAEC  4BFFF2F9  bl      sub_FFDE9DE4
FFDEAAF0  A8810038  lha     r4, 0x38(r1)
FFDEAAF4  38600000  li      r3, 0x0
FFDEAAF8  2C040000  cmpwi   cr0, r4, 0x0
FFDEAAFC  38C00001  li      r6, 0x1
FFDEAB00  41800048  blt     loc_FFDEAB48
FFDEAB04  80A80000  lwz     r5, 0x0(r8)
FFDEAB08  800A0000  lwz     r0, 0x0(r10)
FFDEAB0C  7C862000  cmpw    cr1, r6, r4
FFDEAB10  7CE50014  addc    r7, r5, r0
FFDEAB14  3167FFF8  addic   r11, r7, -0x8
FFDEAB18  840B0008  lwzu    r0, 0x8(r11)
FFDEAB1C  38C00002  li      r6, 0x2
FFDEAB20  7C004840  cmplw   r0, r9
loc_FFDEAB24:
FFDEAB24  41820038  beq     loc_FFDEAB5C
FFDEAB28  7CC80734  extsh   r8, r6
FFDEAB2C  30E70008  addic   r7, r7, 0x8
FFDEAB30  30C80001  addic   r6, r8, 0x1
FFDEAB34  41850014  bgt     cr1, loc_FFDEAB48
FFDEAB38  840B0008  lwzu    r0, 0x8(r11)
FFDEAB3C  7C882000  cmpw    cr1, r8, r4
FFDEAB40  7C004840  cmplw   r0, r9
FFDEAB44  4BFFFFE0  b       loc_FFDEAB24
loc_FFDEAB48:
FFDEAB48  3860FFFF  li      r3, -0x1
loc_FFDEAB4C:
FFDEAB4C  81810048  lwz     r12, 0x48(r1)
FFDEAB50  30210040  addic   r1, r1, 0x40
FFDEAB54  7D8803A6  mtspr   LR, r12
FFDEAB58  4E800020  blr
loc_FFDEAB5C:
FFDEAB5C  7C053810  subfc   r0, r5, r7
FFDEAB60  900A0000  stw     r0, 0x0(r10)
FFDEAB64  4BFFFFE8  b       loc_FFDEAB4C

sub_FFDEAB68:
FFDEAB68  7C841840  cmplw   cr1, r4, r3
FFDEAB6C  54A0063E  clrlwi  r0, r5, 24
FFDEAB70  4186003C  beq     cr1, loc_FFDEABAC
FFDEAB74  80840000  lwz     r4, 0x0(r4)
FFDEAB78  88A40017  lbz     r5, 0x17(r4)
FFDEAB7C  7C052839  and.    r5, r0, r5
FFDEAB80  48000014  b       loc_FFDEAB94
loc_FFDEAB84:
FFDEAB84  41860030  beq     cr1, loc_FFDEABB4
FFDEAB88  80840000  lwz     r4, 0x0(r4)
FFDEAB8C  88A40017  lbz     r5, 0x17(r4)
FFDEAB90  7C052839  and.    r5, r0, r5
loc_FFDEAB94:
FFDEAB94  41820020  beq     loc_FFDEABB4
FFDEAB98  80840010  lwz     r4, 0x10(r4)
FFDEAB9C  2C840000  cmpwi   cr1, r4, 0x0
FFDEABA0  7F041840  cmplw   cr6, r4, r3
FFDEABA4  409AFFE0  bne     cr6, loc_FFDEAB84
FFDEABA8  4186000C  beq     cr1, loc_FFDEABB4
loc_FFDEABAC:
FFDEABAC  38600001  li      r3, 0x1
loc_FFDEABB0:
FFDEABB0  4E800020  blr
loc_FFDEABB4:
FFDEABB4  38600000  li      r3, 0x0
FFDEABB8  4BFFFFF8  b       loc_FFDEABB0

sub_FFDEABBC:
FFDEABBC  7C0802A6  mfspr   r0, LR
FFDEABC0  93E1FFFC  stw     r31, -0x4(r1)
FFDEABC4  5486063E  clrlwi  r6, r4, 24
FFDEABC8  90010008  stw     r0, 0x8(r1)
FFDEABCC  9421FF70  stwu    r1, -0x90(r1)
FFDEABD0  90610070  stw     r3, 0x70(r1)
FFDEABD4  3BE00000  li      r31, 0x0
FFDEABD8  30610038  addic   r3, r1, 0x38
FFDEABDC  38800001  li      r4, 0x1
FFDEABE0  38A00001  li      r5, 0x1
FFDEABE4  38E00000  li      r7, 0x0
FFDEABE8  4BFFE0D9  bl      sub_FFDE8CC0
FFDEABEC  80610070  lwz     r3, 0x70(r1)
FFDEABF0  30810038  addic   r4, r1, 0x38
FFDEABF4  4BFFF88D  bl      sub_FFDEA480
FFDEABF8  7C660735  extsh.  r6, r3
FFDEABFC  4082002C  bne     loc_FFDEAC28
FFDEAC00  48007E1D  bl      glue_LMGetExpandMem
FFDEAC04  80410014  lwz     r2, 0x14(r1)
FFDEAC08  806301D2  lwz     r3, 0x1D2(r3)
FFDEAC0C  38C0FF40  li      r6, -0xC0
FFDEAC10  2C030000  cmpwi   cr0, r3, 0x0
FFDEAC14  41820014  beq     loc_FFDEAC28
FFDEAC18  80630000  lwz     r3, 0x0(r3)
FFDEAC1C  38DF0000  addi    r6, r31, 0x0
FFDEAC20  80630008  lwz     r3, 0x8(r3)
FFDEAC24  7C7F0734  extsh   r31, r3
loc_FFDEAC28:
FFDEAC28  30610038  addic   r3, r1, 0x38
FFDEAC2C  38800001  li      r4, 0x1
FFDEAC30  38A00001  li      r5, 0x1
FFDEAC34  4BFFE295  bl      sub_FFDE8EC8
FFDEAC38  387F0000  addi    r3, r31, 0x0
FFDEAC3C  81810098  lwz     r12, 0x98(r1)
FFDEAC40  83E1008C  lwz     r31, 0x8C(r1)
FFDEAC44  7D8803A6  mtspr   LR, r12
FFDEAC48  30210090  addic   r1, r1, 0x90
FFDEAC4C  4E800020  blr

__Get1IndResource:
FFDEAC50  7C0802A6  mfspr   r0, LR
FFDEAC54  93E1FFFC  stw     r31, -0x4(r1)
FFDEAC58  90010008  stw     r0, 0x8(r1)
FFDEAC5C  9421FFA0  stwu    r1, -0x60(r1)
FFDEAC60  90610044  stw     r3, 0x44(r1)
FFDEAC64  7C9F0734  extsh   r31, r4
FFDEAC68  38600001  li      r3, 0x1
FFDEAC6C  48007BB9  bl      glue_GetEmulatorRegister
FFDEAC70  80410014  lwz     r2, 0x14(r1)
FFDEAC74  90610038  stw     r3, 0x38(r1)
FFDEAC78  38600002  li      r3, 0x2
FFDEAC7C  48007BA9  bl      glue_GetEmulatorRegister
FFDEAC80  80410014  lwz     r2, 0x14(r1)
FFDEAC84  9061003C  stw     r3, 0x3C(r1)
FFDEAC88  38600005  li      r3, 0x5
FFDEAC8C  48007B99  bl      glue_GetEmulatorRegister
FFDEAC90  80410014  lwz     r2, 0x14(r1)
FFDEAC94  90610048  stw     r3, 0x48(r1)
FFDEAC98  80610044  lwz     r3, 0x44(r1)
FFDEAC9C  389F0000  addi    r4, r31, 0x0
FFDEACA0  38A00001  li      r5, 0x1
FFDEACA4  38C00001  li      r6, 0x1
FFDEACA8  4BFFF47D  bl      sub_FFDEA124
FFDEACAC  9061004C  stw     r3, 0x4C(r1)
FFDEACB0  80810038  lwz     r4, 0x38(r1)
FFDEACB4  38600001  li      r3, 0x1
FFDEACB8  48007B91  bl      glue_SetEmulatorRegister
FFDEACBC  80410014  lwz     r2, 0x14(r1)
FFDEACC0  8081003C  lwz     r4, 0x3C(r1)
FFDEACC4  38600002  li      r3, 0x2
FFDEACC8  48007B81  bl      glue_SetEmulatorRegister
FFDEACCC  80410014  lwz     r2, 0x14(r1)
FFDEACD0  80810048  lwz     r4, 0x48(r1)
FFDEACD4  38600005  li      r3, 0x5
FFDEACD8  48007B71  bl      glue_SetEmulatorRegister
FFDEACDC  80410014  lwz     r2, 0x14(r1)
FFDEACE0  8061004C  lwz     r3, 0x4C(r1)
FFDEACE4  81810068  lwz     r12, 0x68(r1)
FFDEACE8  83E1005C  lwz     r31, 0x5C(r1)
FFDEACEC  7D8803A6  mtspr   LR, r12
FFDEACF0  30210060  addic   r1, r1, 0x60
FFDEACF4  4E800020  blr

__GetIndResource:
FFDEACF8  7C0802A6  mfspr   r0, LR
FFDEACFC  93E1FFFC  stw     r31, -0x4(r1)
FFDEAD00  90010008  stw     r0, 0x8(r1)
FFDEAD04  9421FFA0  stwu    r1, -0x60(r1)
FFDEAD08  90610044  stw     r3, 0x44(r1)
FFDEAD0C  7C9F0734  extsh   r31, r4
FFDEAD10  38600001  li      r3, 0x1
FFDEAD14  48007B11  bl      glue_GetEmulatorRegister
FFDEAD18  80410014  lwz     r2, 0x14(r1)
FFDEAD1C  90610038  stw     r3, 0x38(r1)
FFDEAD20  38600002  li      r3, 0x2
FFDEAD24  48007B01  bl      glue_GetEmulatorRegister
FFDEAD28  80410014  lwz     r2, 0x14(r1)
FFDEAD2C  9061003C  stw     r3, 0x3C(r1)
FFDEAD30  38600005  li      r3, 0x5
FFDEAD34  48007AF1  bl      glue_GetEmulatorRegister
FFDEAD38  80410014  lwz     r2, 0x14(r1)
FFDEAD3C  90610048  stw     r3, 0x48(r1)
FFDEAD40  80610044  lwz     r3, 0x44(r1)
FFDEAD44  389F0000  addi    r4, r31, 0x0
FFDEAD48  38A00000  li      r5, 0x0
FFDEAD4C  38C00001  li      r6, 0x1
FFDEAD50  4BFFF3D5  bl      sub_FFDEA124
FFDEAD54  9061004C  stw     r3, 0x4C(r1)
FFDEAD58  80810038  lwz     r4, 0x38(r1)
FFDEAD5C  38600001  li      r3, 0x1
FFDEAD60  48007AE9  bl      glue_SetEmulatorRegister
FFDEAD64  80410014  lwz     r2, 0x14(r1)
FFDEAD68  8081003C  lwz     r4, 0x3C(r1)
FFDEAD6C  38600002  li      r3, 0x2
FFDEAD70  48007AD9  bl      glue_SetEmulatorRegister
FFDEAD74  80410014  lwz     r2, 0x14(r1)
FFDEAD78  80810048  lwz     r4, 0x48(r1)
FFDEAD7C  38600005  li      r3, 0x5
FFDEAD80  48007AC9  bl      glue_SetEmulatorRegister
FFDEAD84  80410014  lwz     r2, 0x14(r1)
FFDEAD88  8061004C  lwz     r3, 0x4C(r1)
FFDEAD8C  81810068  lwz     r12, 0x68(r1)
FFDEAD90  83E1005C  lwz     r31, 0x5C(r1)
FFDEAD94  7D8803A6  mtspr   LR, r12
FFDEAD98  30210060  addic   r1, r1, 0x60
FFDEAD9C  4E800020  blr

__GetResource:
FFDEADA0  BFA1FFF4  stmw    r29, -0xC(r1)
FFDEADA4  3BC30000  addi    r30, r3, 0x0
FFDEADA8  7C0802A6  mfspr   r0, LR
FFDEADAC  7C9F0734  extsh   r31, r4
FFDEADB0  90010008  stw     r0, 0x8(r1)
FFDEADB4  9421FF90  stwu    r1, -0x70(r1)
FFDEADB8  38600001  li      r3, 0x1
FFDEADBC  48007A69  bl      glue_GetEmulatorRegister
FFDEADC0  80410014  lwz     r2, 0x14(r1)
FFDEADC4  90610040  stw     r3, 0x40(r1)
FFDEADC8  38600002  li      r3, 0x2
FFDEADCC  48007A59  bl      glue_GetEmulatorRegister
FFDEADD0  80410014  lwz     r2, 0x14(r1)
FFDEADD4  90610044  stw     r3, 0x44(r1)
FFDEADD8  38600005  li      r3, 0x5
FFDEADDC  48007A49  bl      glue_GetEmulatorRegister
FFDEADE0  80410014  lwz     r2, 0x14(r1)
FFDEADE4  3C005044  lis     r0, 0x5044
FFDEADE8  30004546  addic   r0, r0, 0x4546
FFDEADEC  7C1E0040  cmplw   r30, r0
FFDEADF0  2C9F0000  cmpwi   cr1, r31, 0x0
FFDEADF4  9061004C  stw     r3, 0x4C(r1)
FFDEADF8  40820098  bne     loc_FFDEAE90
FFDEADFC  2C1F0007  cmpwi   cr0, r31, 0x7
FFDEAE00  41840090  blt     cr1, loc_FFDEAE90
FFDEAE04  30610038  addic   r3, r1, 0x38
FFDEAE08  3081003C  addic   r4, r1, 0x3C
FFDEAE0C  41810084  bgt     loc_FFDEAE90
FFDEAE10  48008119  bl      glue_MFGetPrTypeStrings
FFDEAE14  80410014  lwz     r2, 0x14(r1)
FFDEAE18  5460063F  clrlwi. r0, r3, 24
FFDEAE1C  80610038  lwz     r3, 0x38(r1)
FFDEAE20  8081003C  lwz     r4, 0x3C(r1)
FFDEAE24  38A00000  li      r5, 0x0
FFDEAE28  41820068  beq     loc_FFDEAE90
FFDEAE2C  38C00000  li      r6, 0x0
FFDEAE30  4800811D  bl      glue_RelString
FFDEAE34  80410014  lwz     r2, 0x14(r1)
FFDEAE38  7C600735  extsh.  r0, r3
FFDEAE3C  83A10038  lwz     r29, 0x38(r1)
FFDEAE40  41820050  beq     loc_FFDEAE90
FFDEAE44  4800812D  bl      glue_LMGetBootDrive
FFDEAE48  80410014  lwz     r2, 0x14(r1)
FFDEAE4C  38830000  addi    r4, r3, 0x0
FFDEAE50  387D0000  addi    r3, r29, 0x0
FFDEAE54  38A00000  li      r5, 0x0
FFDEAE58  4800813D  bl      glue_OpenRFPerm
FFDEAE5C  80410014  lwz     r2, 0x14(r1)
FFDEAE60  7C7D0734  extsh   r29, r3
FFDEAE64  48008155  bl      glue_PrDrvrOpen
FFDEAE68  80410014  lwz     r2, 0x14(r1)
FFDEAE6C  387D0000  addi    r3, r29, 0x0
FFDEAE70  4800816D  bl      glue_CloseResFile
FFDEAE74  80410014  lwz     r2, 0x14(r1)
FFDEAE78  480079F5  bl      glue_LMGetTopMapHndl
FFDEAE7C  80410014  lwz     r2, 0x14(r1)
FFDEAE80  80630000  lwz     r3, 0x0(r3)
FFDEAE84  A0630014  lhz     r3, 0x14(r3)
FFDEAE88  48007A51  bl      glue_LMSetCurMap
FFDEAE8C  80410014  lwz     r2, 0x14(r1)
loc_FFDEAE90:
FFDEAE90  387E0000  addi    r3, r30, 0x0
FFDEAE94  389F0000  addi    r4, r31, 0x0
FFDEAE98  38A00000  li      r5, 0x0
FFDEAE9C  38C00001  li      r6, 0x1
FFDEAEA0  4BFFE159  bl      sub_FFDE8FF8
FFDEAEA4  90610050  stw     r3, 0x50(r1)
FFDEAEA8  80810040  lwz     r4, 0x40(r1)
FFDEAEAC  38600001  li      r3, 0x1
FFDEAEB0  48007999  bl      glue_SetEmulatorRegister
FFDEAEB4  80410014  lwz     r2, 0x14(r1)
FFDEAEB8  80810044  lwz     r4, 0x44(r1)
FFDEAEBC  38600002  li      r3, 0x2
FFDEAEC0  48007989  bl      glue_SetEmulatorRegister
FFDEAEC4  80410014  lwz     r2, 0x14(r1)
FFDEAEC8  8081004C  lwz     r4, 0x4C(r1)
FFDEAECC  38600005  li      r3, 0x5
FFDEAED0  48007979  bl      glue_SetEmulatorRegister
FFDEAED4  80410014  lwz     r2, 0x14(r1)
FFDEAED8  80610050  lwz     r3, 0x50(r1)
FFDEAEDC  81810078  lwz     r12, 0x78(r1)
FFDEAEE0  30210070  addic   r1, r1, 0x70
FFDEAEE4  7D8803A6  mtspr   LR, r12
FFDEAEE8  BBA1FFF4  lmw     r29, -0xC(r1)
FFDEAEEC  4E800020  blr

__RGetResource:
FFDEAEF0  BFC1FFF8  stmw    r30, -0x8(r1)
FFDEAEF4  7C0802A6  mfspr   r0, LR
FFDEAEF8  7C9F0734  extsh   r31, r4
FFDEAEFC  90010008  stw     r0, 0x8(r1)
FFDEAF00  9421FFA0  stwu    r1, -0x60(r1)
FFDEAF04  90610044  stw     r3, 0x44(r1)
FFDEAF08  38600001  li      r3, 0x1
FFDEAF0C  48007919  bl      glue_GetEmulatorRegister
FFDEAF10  80410014  lwz     r2, 0x14(r1)
FFDEAF14  90610038  stw     r3, 0x38(r1)
FFDEAF18  38600002  li      r3, 0x2
FFDEAF1C  48007909  bl      glue_GetEmulatorRegister
FFDEAF20  80410014  lwz     r2, 0x14(r1)
FFDEAF24  9061003C  stw     r3, 0x3C(r1)
FFDEAF28  38600005  li      r3, 0x5
FFDEAF2C  480078F9  bl      glue_GetEmulatorRegister
FFDEAF30  80410014  lwz     r2, 0x14(r1)
FFDEAF34  90610048  stw     r3, 0x48(r1)
FFDEAF38  38600000  li      r3, 0x0
FFDEAF3C  48007B4D  bl      glue_LMSetROMMapInsert
FFDEAF40  80410014  lwz     r2, 0x14(r1)
FFDEAF44  80610044  lwz     r3, 0x44(r1)
FFDEAF48  389F0000  addi    r4, r31, 0x0
FFDEAF4C  38A00000  li      r5, 0x0
FFDEAF50  38C00001  li      r6, 0x1
FFDEAF54  4BFFE0A5  bl      sub_FFDE8FF8
FFDEAF58  3BC30000  addi    r30, r3, 0x0
FFDEAF5C  2C1E0000  cmpwi   cr0, r30, 0x0
FFDEAF60  38600001  li      r3, 0x1
FFDEAF64  40820038  bne     loc_FFDEAF9C
FFDEAF68  48007B21  bl      glue_LMSetROMMapInsert
FFDEAF6C  80410014  lwz     r2, 0x14(r1)
FFDEAF70  480079B1  bl      glue_LMGetResLoad
FFDEAF74  80410014  lwz     r2, 0x14(r1)
FFDEAF78  5463063E  clrlwi  r3, r3, 24
FFDEAF7C  48007A11  bl      glue_LMSetTmpResLoad
FFDEAF80  80410014  lwz     r2, 0x14(r1)
FFDEAF84  80610044  lwz     r3, 0x44(r1)
FFDEAF88  389F0000  addi    r4, r31, 0x0
FFDEAF8C  38A00000  li      r5, 0x0
FFDEAF90  38C00001  li      r6, 0x1
FFDEAF94  4BFFE065  bl      sub_FFDE8FF8
FFDEAF98  3BC30000  addi    r30, r3, 0x0
loc_FFDEAF9C:
FFDEAF9C  80810038  lwz     r4, 0x38(r1)
FFDEAFA0  38600001  li      r3, 0x1
FFDEAFA4  480078A5  bl      glue_SetEmulatorRegister
FFDEAFA8  80410014  lwz     r2, 0x14(r1)
FFDEAFAC  8081003C  lwz     r4, 0x3C(r1)
FFDEAFB0  38600002  li      r3, 0x2
FFDEAFB4  48007895  bl      glue_SetEmulatorRegister
FFDEAFB8  80410014  lwz     r2, 0x14(r1)
FFDEAFBC  80810048  lwz     r4, 0x48(r1)
FFDEAFC0  38600005  li      r3, 0x5
FFDEAFC4  48007885  bl      glue_SetEmulatorRegister
FFDEAFC8  80410014  lwz     r2, 0x14(r1)
FFDEAFCC  387E0000  addi    r3, r30, 0x0
FFDEAFD0  81810068  lwz     r12, 0x68(r1)
FFDEAFD4  30210060  addic   r1, r1, 0x60
FFDEAFD8  7D8803A6  mtspr   LR, r12
FFDEAFDC  BBC1FFF8  lmw     r30, -0x8(r1)
FFDEAFE0  4E800020  blr

__Get1Resource:
FFDEAFE4  7C0802A6  mfspr   r0, LR
FFDEAFE8  93E1FFFC  stw     r31, -0x4(r1)
FFDEAFEC  90010008  stw     r0, 0x8(r1)
FFDEAFF0  9421FFA0  stwu    r1, -0x60(r1)
FFDEAFF4  90610044  stw     r3, 0x44(r1)
FFDEAFF8  7C9F0734  extsh   r31, r4
FFDEAFFC  38600001  li      r3, 0x1
FFDEB000  48007825  bl      glue_GetEmulatorRegister
FFDEB004  80410014  lwz     r2, 0x14(r1)
FFDEB008  90610038  stw     r3, 0x38(r1)
FFDEB00C  38600002  li      r3, 0x2
FFDEB010  48007815  bl      glue_GetEmulatorRegister
FFDEB014  80410014  lwz     r2, 0x14(r1)
FFDEB018  9061003C  stw     r3, 0x3C(r1)
FFDEB01C  38600005  li      r3, 0x5
FFDEB020  48007805  bl      glue_GetEmulatorRegister
FFDEB024  80410014  lwz     r2, 0x14(r1)
FFDEB028  90610048  stw     r3, 0x48(r1)
FFDEB02C  80610044  lwz     r3, 0x44(r1)
FFDEB030  389F0000  addi    r4, r31, 0x0
FFDEB034  38A00001  li      r5, 0x1
FFDEB038  38C00001  li      r6, 0x1
FFDEB03C  4BFFDFBD  bl      sub_FFDE8FF8
FFDEB040  9061004C  stw     r3, 0x4C(r1)
FFDEB044  80810038  lwz     r4, 0x38(r1)
FFDEB048  38600001  li      r3, 0x1
FFDEB04C  480077FD  bl      glue_SetEmulatorRegister
FFDEB050  80410014  lwz     r2, 0x14(r1)
FFDEB054  8081003C  lwz     r4, 0x3C(r1)
FFDEB058  38600002  li      r3, 0x2
FFDEB05C  480077ED  bl      glue_SetEmulatorRegister
FFDEB060  80410014  lwz     r2, 0x14(r1)
FFDEB064  80810048  lwz     r4, 0x48(r1)
FFDEB068  38600005  li      r3, 0x5
FFDEB06C  480077DD  bl      glue_SetEmulatorRegister
FFDEB070  80410014  lwz     r2, 0x14(r1)
FFDEB074  8061004C  lwz     r3, 0x4C(r1)
FFDEB078  81810068  lwz     r12, 0x68(r1)
FFDEB07C  83E1005C  lwz     r31, 0x5C(r1)
FFDEB080  7D8803A6  mtspr   LR, r12
FFDEB084  30210060  addic   r1, r1, 0x60
FFDEB088  4E800020  blr

__GetNamedResource:
FFDEB08C  BFC1FFF8  stmw    r30, -0x8(r1)
FFDEB090  3BC30000  addi    r30, r3, 0x0
FFDEB094  7C0802A6  mfspr   r0, LR
FFDEB098  38600001  li      r3, 0x1
FFDEB09C  90010008  stw     r0, 0x8(r1)
FFDEB0A0  9421FFA0  stwu    r1, -0x60(r1)
FFDEB0A4  90810044  stw     r4, 0x44(r1)
FFDEB0A8  4800777D  bl      glue_GetEmulatorRegister
FFDEB0AC  80410014  lwz     r2, 0x14(r1)
FFDEB0B0  90610038  stw     r3, 0x38(r1)
FFDEB0B4  38600002  li      r3, 0x2
FFDEB0B8  4800776D  bl      glue_GetEmulatorRegister
FFDEB0BC  80410014  lwz     r2, 0x14(r1)
FFDEB0C0  9061003C  stw     r3, 0x3C(r1)
FFDEB0C4  38600005  li      r3, 0x5
FFDEB0C8  4800775D  bl      glue_GetEmulatorRegister
FFDEB0CC  80410014  lwz     r2, 0x14(r1)
FFDEB0D0  90610048  stw     r3, 0x48(r1)
FFDEB0D4  387E0000  addi    r3, r30, 0x0
FFDEB0D8  80810044  lwz     r4, 0x44(r1)
FFDEB0DC  38A00000  li      r5, 0x0
FFDEB0E0  38C00001  li      r6, 0x1
FFDEB0E4  4BFFED45  bl      sub_FFDE9E28
FFDEB0E8  3BE30000  addi    r31, r3, 0x0
FFDEB0EC  48007931  bl      glue_LMGetExpandMem
FFDEB0F0  80410014  lwz     r2, 0x14(r1)
FFDEB0F4  A8030128  lha     r0, 0x128(r3)
FFDEB0F8  2C1F0000  cmpwi   cr0, r31, 0x0
FFDEB0FC  2C800000  cmpwi   cr1, r0, 0x0
FFDEB100  4186006C  beq     cr1, loc_FFDEB16C
FFDEB104  3C004452  lis     r0, 0x4452
FFDEB108  30005652  addic   r0, r0, 0x5652
FFDEB10C  7F1E0040  cmplw   cr6, r30, r0
FFDEB110  4082005C  bne     loc_FFDEB16C
FFDEB114  80610044  lwz     r3, 0x44(r1)
FFDEB118  409A0054  bne     cr6, loc_FFDEB16C
FFDEB11C  48007EE5  bl      glue_StringToAppleItemHdl
FFDEB120  80410014  lwz     r2, 0x14(r1)
FFDEB124  2C030000  cmpwi   cr0, r3, 0x0
FFDEB128  38600000  li      r3, 0x0
FFDEB12C  41820040  beq     loc_FFDEB16C
FFDEB130  4800797D  bl      glue_LMSetResErr
FFDEB134  80410014  lwz     r2, 0x14(r1)
FFDEB138  83C20130  lwz     r30, 0x130(r2)                     ; TOC[+304] &data+90
FFDEB13C  38600000  li      r3, 0x0
FFDEB140  83FE0000  lwz     r31, 0x0(r30)
FFDEB144  2C1F0000  cmpwi   cr0, r31, 0x0
FFDEB148  40820024  bne     loc_FFDEB16C
FFDEB14C  48007AC5  bl      glue_NewHandle
FFDEB150  80410014  lwz     r2, 0x14(r1)
FFDEB154  907E0000  stw     r3, 0x0(r30)
FFDEB158  48007ADD  bl      glue_MemError
FFDEB15C  80410014  lwz     r2, 0x14(r1)
FFDEB160  4800794D  bl      glue_LMSetResErr
FFDEB164  80410014  lwz     r2, 0x14(r1)
FFDEB168  83FE0000  lwz     r31, 0x0(r30)
loc_FFDEB16C:
FFDEB16C  80810038  lwz     r4, 0x38(r1)
FFDEB170  38600001  li      r3, 0x1
FFDEB174  480076D5  bl      glue_SetEmulatorRegister
FFDEB178  80410014  lwz     r2, 0x14(r1)
FFDEB17C  8081003C  lwz     r4, 0x3C(r1)
FFDEB180  38600002  li      r3, 0x2
FFDEB184  480076C5  bl      glue_SetEmulatorRegister
FFDEB188  80410014  lwz     r2, 0x14(r1)
FFDEB18C  80810048  lwz     r4, 0x48(r1)
FFDEB190  38600005  li      r3, 0x5
FFDEB194  480076B5  bl      glue_SetEmulatorRegister
FFDEB198  80410014  lwz     r2, 0x14(r1)
FFDEB19C  7FE00034  cntlzw  r0, r31
FFDEB1A0  5404D97E  srwi    r4, r0, 5
FFDEB1A4  38600012  li      r3, 0x12
FFDEB1A8  480076A1  bl      glue_SetEmulatorRegister
FFDEB1AC  80410014  lwz     r2, 0x14(r1)
FFDEB1B0  387F0000  addi    r3, r31, 0x0
FFDEB1B4  81810068  lwz     r12, 0x68(r1)
FFDEB1B8  30210060  addic   r1, r1, 0x60
FFDEB1BC  7D8803A6  mtspr   LR, r12
FFDEB1C0  BBC1FFF8  lmw     r30, -0x8(r1)
FFDEB1C4  4E800020  blr

__Get1NamedResource:
FFDEB1C8  9421FFA0  stwu    r1, -0x60(r1)
FFDEB1CC  90610044  stw     r3, 0x44(r1)
FFDEB1D0  7C0802A6  mfspr   r0, LR
FFDEB1D4  90810048  stw     r4, 0x48(r1)
FFDEB1D8  90010068  stw     r0, 0x68(r1)
FFDEB1DC  38600001  li      r3, 0x1
FFDEB1E0  48007645  bl      glue_GetEmulatorRegister
FFDEB1E4  80410014  lwz     r2, 0x14(r1)
FFDEB1E8  90610038  stw     r3, 0x38(r1)
FFDEB1EC  38600002  li      r3, 0x2
FFDEB1F0  48007635  bl      glue_GetEmulatorRegister
FFDEB1F4  80410014  lwz     r2, 0x14(r1)
FFDEB1F8  9061003C  stw     r3, 0x3C(r1)
FFDEB1FC  38600005  li      r3, 0x5
FFDEB200  48007625  bl      glue_GetEmulatorRegister
FFDEB204  80410014  lwz     r2, 0x14(r1)
FFDEB208  9061004C  stw     r3, 0x4C(r1)
FFDEB20C  80610044  lwz     r3, 0x44(r1)
FFDEB210  80810048  lwz     r4, 0x48(r1)
FFDEB214  38A00001  li      r5, 0x1
FFDEB218  38C00001  li      r6, 0x1
FFDEB21C  4BFFEC0D  bl      sub_FFDE9E28
FFDEB220  90610050  stw     r3, 0x50(r1)
FFDEB224  80810038  lwz     r4, 0x38(r1)
FFDEB228  38600001  li      r3, 0x1
FFDEB22C  4800761D  bl      glue_SetEmulatorRegister
FFDEB230  80410014  lwz     r2, 0x14(r1)
FFDEB234  8081003C  lwz     r4, 0x3C(r1)
FFDEB238  38600002  li      r3, 0x2
FFDEB23C  4800760D  bl      glue_SetEmulatorRegister
FFDEB240  80410014  lwz     r2, 0x14(r1)
FFDEB244  8081004C  lwz     r4, 0x4C(r1)
FFDEB248  38600005  li      r3, 0x5
FFDEB24C  480075FD  bl      glue_SetEmulatorRegister
FFDEB250  80410014  lwz     r2, 0x14(r1)
FFDEB254  80610050  lwz     r3, 0x50(r1)
FFDEB258  81810068  lwz     r12, 0x68(r1)
FFDEB25C  30210060  addic   r1, r1, 0x60
FFDEB260  7D8803A6  mtspr   LR, r12
FFDEB264  4E800020  blr

__CountResources:
FFDEB268  7C0802A6  mfspr   r0, LR
FFDEB26C  93E1FFFC  stw     r31, -0x4(r1)
FFDEB270  90010008  stw     r0, 0x8(r1)
FFDEB274  9421FFA0  stwu    r1, -0x60(r1)
FFDEB278  90610044  stw     r3, 0x44(r1)
FFDEB27C  38600001  li      r3, 0x1
FFDEB280  480075A5  bl      glue_GetEmulatorRegister
FFDEB284  80410014  lwz     r2, 0x14(r1)
FFDEB288  90610038  stw     r3, 0x38(r1)
FFDEB28C  38600002  li      r3, 0x2
FFDEB290  48007595  bl      glue_GetEmulatorRegister
FFDEB294  80410014  lwz     r2, 0x14(r1)
FFDEB298  9061003C  stw     r3, 0x3C(r1)
FFDEB29C  38600005  li      r3, 0x5
FFDEB2A0  48007585  bl      glue_GetEmulatorRegister
FFDEB2A4  80410014  lwz     r2, 0x14(r1)
FFDEB2A8  90610048  stw     r3, 0x48(r1)
FFDEB2AC  80610044  lwz     r3, 0x44(r1)
FFDEB2B0  38800000  li      r4, 0x0
FFDEB2B4  4BFFF909  bl      sub_FFDEABBC
FFDEB2B8  7C7F0734  extsh   r31, r3
FFDEB2BC  80810038  lwz     r4, 0x38(r1)
FFDEB2C0  38600001  li      r3, 0x1
FFDEB2C4  48007585  bl      glue_SetEmulatorRegister
FFDEB2C8  80410014  lwz     r2, 0x14(r1)
FFDEB2CC  8081003C  lwz     r4, 0x3C(r1)
FFDEB2D0  38600002  li      r3, 0x2
FFDEB2D4  48007575  bl      glue_SetEmulatorRegister
FFDEB2D8  80410014  lwz     r2, 0x14(r1)
FFDEB2DC  80810048  lwz     r4, 0x48(r1)
FFDEB2E0  38600005  li      r3, 0x5
FFDEB2E4  48007565  bl      glue_SetEmulatorRegister
FFDEB2E8  80410014  lwz     r2, 0x14(r1)
FFDEB2EC  387F0000  addi    r3, r31, 0x0
FFDEB2F0  81810068  lwz     r12, 0x68(r1)
FFDEB2F4  83E1005C  lwz     r31, 0x5C(r1)
FFDEB2F8  7D8803A6  mtspr   LR, r12
FFDEB2FC  30210060  addic   r1, r1, 0x60
FFDEB300  4E800020  blr

__Count1Resources:
FFDEB304  7C0802A6  mfspr   r0, LR
FFDEB308  93E1FFFC  stw     r31, -0x4(r1)
FFDEB30C  90010008  stw     r0, 0x8(r1)
FFDEB310  9421FFA0  stwu    r1, -0x60(r1)
FFDEB314  90610044  stw     r3, 0x44(r1)
FFDEB318  38600001  li      r3, 0x1
FFDEB31C  48007509  bl      glue_GetEmulatorRegister
FFDEB320  80410014  lwz     r2, 0x14(r1)
FFDEB324  90610038  stw     r3, 0x38(r1)
FFDEB328  38600002  li      r3, 0x2
FFDEB32C  480074F9  bl      glue_GetEmulatorRegister
FFDEB330  80410014  lwz     r2, 0x14(r1)
FFDEB334  9061003C  stw     r3, 0x3C(r1)
FFDEB338  38600005  li      r3, 0x5
FFDEB33C  480074E9  bl      glue_GetEmulatorRegister
FFDEB340  80410014  lwz     r2, 0x14(r1)
FFDEB344  90610048  stw     r3, 0x48(r1)
FFDEB348  80610044  lwz     r3, 0x44(r1)
FFDEB34C  38800001  li      r4, 0x1
FFDEB350  4BFFF86D  bl      sub_FFDEABBC
FFDEB354  7C7F0734  extsh   r31, r3
FFDEB358  80810038  lwz     r4, 0x38(r1)
FFDEB35C  38600001  li      r3, 0x1
FFDEB360  480074E9  bl      glue_SetEmulatorRegister
FFDEB364  80410014  lwz     r2, 0x14(r1)
FFDEB368  8081003C  lwz     r4, 0x3C(r1)
FFDEB36C  38600002  li      r3, 0x2
FFDEB370  480074D9  bl      glue_SetEmulatorRegister
FFDEB374  80410014  lwz     r2, 0x14(r1)
FFDEB378  80810048  lwz     r4, 0x48(r1)
FFDEB37C  38600005  li      r3, 0x5
FFDEB380  480074C9  bl      glue_SetEmulatorRegister
FFDEB384  80410014  lwz     r2, 0x14(r1)
FFDEB388  387F0000  addi    r3, r31, 0x0
FFDEB38C  81810068  lwz     r12, 0x68(r1)
FFDEB390  83E1005C  lwz     r31, 0x5C(r1)
FFDEB394  7D8803A6  mtspr   LR, r12
FFDEB398  30210060  addic   r1, r1, 0x60
FFDEB39C  4E800020  blr

sub_FFDEB3A0:
FFDEB3A0  7C0802A6  mfspr   r0, LR
FFDEB3A4  93E1FFFC  stw     r31, -0x4(r1)
FFDEB3A8  90010008  stw     r0, 0x8(r1)
FFDEB3AC  9421FFB0  stwu    r1, -0x50(r1)
FFDEB3B0  547F043E  clrlwi  r31, r3, 16
FFDEB3B4  48007C71  bl      glue_LMGetFSFCBLen
FFDEB3B8  80410014  lwz     r2, 0x14(r1)
FFDEB3BC  7C600734  extsh   r0, r3
FFDEB3C0  7FFF0396  divwu   r31, r31, r0
FFDEB3C4  48007C85  bl      glue_LMGetFSMVars
FFDEB3C8  80410014  lwz     r2, 0x14(r1)
FFDEB3CC  8063001A  lwz     r3, 0x1A(r3)
FFDEB3D0  A0030002  lhz     r0, 0x2(r3)
FFDEB3D4  7C00F9D6  mullw   r0, r0, r31
FFDEB3D8  7C030014  addc    r0, r3, r0
FFDEB3DC  30600004  addic   r3, r0, 0x4
FFDEB3E0  81810058  lwz     r12, 0x58(r1)
FFDEB3E4  83E1004C  lwz     r31, 0x4C(r1)
FFDEB3E8  7D8803A6  mtspr   LR, r12
FFDEB3EC  30210050  addic   r1, r1, 0x50
FFDEB3F0  4E800020  blr

__IsThisASystemResourceMap:
FFDEB3F4  BFC1FFF8  stmw    r30, -0x8(r1)
FFDEB3F8  3BC30000  addi    r30, r3, 0x0
FFDEB3FC  2C1E0000  cmpwi   cr0, r30, 0x0
FFDEB400  7C0802A6  mfspr   r0, LR
FFDEB404  38600000  li      r3, 0x0
FFDEB408  90010008  stw     r0, 0x8(r1)
FFDEB40C  9421FFB0  stwu    r1, -0x50(r1)
FFDEB410  3BE00000  li      r31, 0x0
FFDEB414  40820014  bne     loc_FFDEB428
FFDEB418  3860FF3F  li      r3, -0xC1
FFDEB41C  48007691  bl      glue_LMSetResErr
FFDEB420  80410014  lwz     r2, 0x14(r1)
FFDEB424  48000044  b       loc_FFDEB468
loc_FFDEB428:
FFDEB428  48007685  bl      glue_LMSetResErr
FFDEB42C  80410014  lwz     r2, 0x14(r1)
FFDEB430  48007461  bl      glue_LMGetROMMapHndl
FFDEB434  80410014  lwz     r2, 0x14(r1)
FFDEB438  7C1E1840  cmplw   r30, r3
FFDEB43C  41820028  beq     loc_FFDEB464
FFDEB440  807E0000  lwz     r3, 0x0(r30)
FFDEB444  A0630014  lhz     r3, 0x14(r3)
FFDEB448  4BFFFF59  bl      sub_FFDEB3A0
FFDEB44C  80830000  lwz     r4, 0x0(r3)
FFDEB450  2C840000  cmpwi   cr1, r4, 0x0
FFDEB454  40860014  bne     cr1, loc_FFDEB468
FFDEB458  80630004  lwz     r3, 0x4(r3)
FFDEB45C  28030001  cmplwi  cr0, r3, 0x1
FFDEB460  40820008  bne     loc_FFDEB468
loc_FFDEB464:
FFDEB464  3BE00001  li      r31, 0x1
loc_FFDEB468:
FFDEB468  48007881  bl      glue_LMGetResErr
FFDEB46C  80410014  lwz     r2, 0x14(r1)
FFDEB470  7C640734  extsh   r4, r3
FFDEB474  38600000  li      r3, 0x0
FFDEB478  480073D1  bl      glue_SetEmulatorRegister
FFDEB47C  80410014  lwz     r2, 0x14(r1)
FFDEB480  387F0000  addi    r3, r31, 0x0
FFDEB484  81810058  lwz     r12, 0x58(r1)
FFDEB488  30210050  addic   r1, r1, 0x50
FFDEB48C  7D8803A6  mtspr   LR, r12
FFDEB490  BBC1FFF8  lmw     r30, -0x8(r1)
FFDEB494  4E800020  blr

__GetMap:
FFDEB498  BFC1FFF8  stmw    r30, -0x8(r1)
FFDEB49C  7C7F0735  extsh.  r31, r3
FFDEB4A0  7C0802A6  mfspr   r0, LR
FFDEB4A4  90010008  stw     r0, 0x8(r1)
FFDEB4A8  9421FFB0  stwu    r1, -0x50(r1)
FFDEB4AC  40820010  bne     loc_FFDEB4BC
FFDEB4B0  48007501  bl      glue_LMGetSysMap
FFDEB4B4  80410014  lwz     r2, 0x14(r1)
FFDEB4B8  7C7F0734  extsh   r31, r3
loc_FFDEB4BC:
FFDEB4BC  480073B1  bl      glue_LMGetTopMapHndl
FFDEB4C0  80410014  lwz     r2, 0x14(r1)
FFDEB4C4  3BC30000  addi    r30, r3, 0x0
FFDEB4C8  2C1E0000  cmpwi   cr0, r30, 0x0
FFDEB4CC  3860FF3F  li      r3, -0xC1
FFDEB4D0  41820034  beq     loc_FFDEB504
FFDEB4D4  809E0000  lwz     r4, 0x0(r30)
FFDEB4D8  A0C40014  lhz     r6, 0x14(r4)
FFDEB4DC  7C86F800  cmpw    cr1, r6, r31
FFDEB4E0  41860020  beq     cr1, loc_FFDEB500
loc_FFDEB4E4:
FFDEB4E4  83C40010  lwz     r30, 0x10(r4)
FFDEB4E8  2C1E0000  cmpwi   cr0, r30, 0x0
FFDEB4EC  41820018  beq     loc_FFDEB504
FFDEB4F0  809E0000  lwz     r4, 0x0(r30)
FFDEB4F4  A0C40014  lhz     r6, 0x14(r4)
FFDEB4F8  7C86F800  cmpw    cr1, r6, r31
FFDEB4FC  4086FFE8  bne     cr1, loc_FFDEB4E4
loc_FFDEB500:
FFDEB500  4082000C  bne     loc_FFDEB50C
loc_FFDEB504:
FFDEB504  480075A9  bl      glue_LMSetResErr
FFDEB508  80410014  lwz     r2, 0x14(r1)
loc_FFDEB50C:
FFDEB50C  480077DD  bl      glue_LMGetResErr
FFDEB510  80410014  lwz     r2, 0x14(r1)
FFDEB514  7C640734  extsh   r4, r3
FFDEB518  38600000  li      r3, 0x0
FFDEB51C  4800732D  bl      glue_SetEmulatorRegister
FFDEB520  80410014  lwz     r2, 0x14(r1)
FFDEB524  387E0000  addi    r3, r30, 0x0
FFDEB528  81810058  lwz     r12, 0x58(r1)
FFDEB52C  30210050  addic   r1, r1, 0x50
FFDEB530  7D8803A6  mtspr   LR, r12
FFDEB534  BBC1FFF8  lmw     r30, -0x8(r1)
FFDEB538  4E800020  blr

__CurResFile:
FFDEB53C  7C0802A6  mfspr   r0, LR
FFDEB540  93E1FFFC  stw     r31, -0x4(r1)
FFDEB544  90010008  stw     r0, 0x8(r1)
FFDEB548  9421FFA0  stwu    r1, -0x60(r1)
FFDEB54C  38600001  li      r3, 0x1
FFDEB550  480072D5  bl      glue_GetEmulatorRegister
FFDEB554  80410014  lwz     r2, 0x14(r1)
FFDEB558  90610038  stw     r3, 0x38(r1)
FFDEB55C  38600002  li      r3, 0x2
FFDEB560  480072C5  bl      glue_GetEmulatorRegister
FFDEB564  80410014  lwz     r2, 0x14(r1)
FFDEB568  9061003C  stw     r3, 0x3C(r1)
FFDEB56C  38600005  li      r3, 0x5
FFDEB570  480072B5  bl      glue_GetEmulatorRegister
FFDEB574  80410014  lwz     r2, 0x14(r1)
FFDEB578  90610044  stw     r3, 0x44(r1)
FFDEB57C  48000051  bl      sub_FFDEB5CC
FFDEB580  7C7F0734  extsh   r31, r3
FFDEB584  80810038  lwz     r4, 0x38(r1)
FFDEB588  38600001  li      r3, 0x1
FFDEB58C  480072BD  bl      glue_SetEmulatorRegister
FFDEB590  80410014  lwz     r2, 0x14(r1)
FFDEB594  8081003C  lwz     r4, 0x3C(r1)
FFDEB598  38600002  li      r3, 0x2
FFDEB59C  480072AD  bl      glue_SetEmulatorRegister
FFDEB5A0  80410014  lwz     r2, 0x14(r1)
FFDEB5A4  80810044  lwz     r4, 0x44(r1)
FFDEB5A8  38600005  li      r3, 0x5
FFDEB5AC  4800729D  bl      glue_SetEmulatorRegister
FFDEB5B0  80410014  lwz     r2, 0x14(r1)
FFDEB5B4  387F0000  addi    r3, r31, 0x0
FFDEB5B8  81810068  lwz     r12, 0x68(r1)
FFDEB5BC  83E1005C  lwz     r31, 0x5C(r1)
FFDEB5C0  7D8803A6  mtspr   LR, r12
FFDEB5C4  30210060  addic   r1, r1, 0x60
FFDEB5C8  4E800020  blr

sub_FFDEB5CC:
FFDEB5CC  7C0802A6  mfspr   r0, LR
FFDEB5D0  93E1FFFC  stw     r31, -0x4(r1)
FFDEB5D4  90010008  stw     r0, 0x8(r1)
FFDEB5D8  9421FFB0  stwu    r1, -0x50(r1)
FFDEB5DC  480072D9  bl      glue_LMGetCurMap
FFDEB5E0  80410014  lwz     r2, 0x14(r1)
FFDEB5E4  7C7F0734  extsh   r31, r3
FFDEB5E8  4BFFD9C9  bl      sub_FFDE8FB0
FFDEB5EC  387F0000  addi    r3, r31, 0x0
FFDEB5F0  81810058  lwz     r12, 0x58(r1)
FFDEB5F4  83E1004C  lwz     r31, 0x4C(r1)
FFDEB5F8  7D8803A6  mtspr   LR, r12
FFDEB5FC  30210050  addic   r1, r1, 0x50
FFDEB600  4E800020  blr

__CountTypes:
FFDEB604  7C0802A6  mfspr   r0, LR
FFDEB608  93E1FFFC  stw     r31, -0x4(r1)
FFDEB60C  90010008  stw     r0, 0x8(r1)
FFDEB610  9421FFA0  stwu    r1, -0x60(r1)
FFDEB614  38600001  li      r3, 0x1
FFDEB618  4800720D  bl      glue_GetEmulatorRegister
FFDEB61C  80410014  lwz     r2, 0x14(r1)
FFDEB620  90610038  stw     r3, 0x38(r1)
FFDEB624  38600002  li      r3, 0x2
FFDEB628  480071FD  bl      glue_GetEmulatorRegister
FFDEB62C  80410014  lwz     r2, 0x14(r1)
FFDEB630  9061003C  stw     r3, 0x3C(r1)
FFDEB634  38600005  li      r3, 0x5
FFDEB638  480071ED  bl      glue_GetEmulatorRegister
FFDEB63C  80410014  lwz     r2, 0x14(r1)
FFDEB640  90610044  stw     r3, 0x44(r1)
FFDEB644  38600000  li      r3, 0x0
FFDEB648  480000E5  bl      sub_FFDEB72C
FFDEB64C  7C7F0734  extsh   r31, r3
FFDEB650  80810038  lwz     r4, 0x38(r1)
FFDEB654  38600001  li      r3, 0x1
FFDEB658  480071F1  bl      glue_SetEmulatorRegister
FFDEB65C  80410014  lwz     r2, 0x14(r1)
FFDEB660  8081003C  lwz     r4, 0x3C(r1)
FFDEB664  38600002  li      r3, 0x2
FFDEB668  480071E1  bl      glue_SetEmulatorRegister
FFDEB66C  80410014  lwz     r2, 0x14(r1)
FFDEB670  80810044  lwz     r4, 0x44(r1)
FFDEB674  38600005  li      r3, 0x5
FFDEB678  480071D1  bl      glue_SetEmulatorRegister
FFDEB67C  80410014  lwz     r2, 0x14(r1)
FFDEB680  387F0000  addi    r3, r31, 0x0
FFDEB684  81810068  lwz     r12, 0x68(r1)
FFDEB688  83E1005C  lwz     r31, 0x5C(r1)
FFDEB68C  7D8803A6  mtspr   LR, r12
FFDEB690  30210060  addic   r1, r1, 0x60
FFDEB694  4E800020  blr

__Count1Types:
FFDEB698  7C0802A6  mfspr   r0, LR
FFDEB69C  93E1FFFC  stw     r31, -0x4(r1)
FFDEB6A0  90010008  stw     r0, 0x8(r1)
FFDEB6A4  9421FFA0  stwu    r1, -0x60(r1)
FFDEB6A8  38600001  li      r3, 0x1
FFDEB6AC  48007179  bl      glue_GetEmulatorRegister
FFDEB6B0  80410014  lwz     r2, 0x14(r1)
FFDEB6B4  90610038  stw     r3, 0x38(r1)
FFDEB6B8  38600002  li      r3, 0x2
FFDEB6BC  48007169  bl      glue_GetEmulatorRegister
FFDEB6C0  80410014  lwz     r2, 0x14(r1)
FFDEB6C4  9061003C  stw     r3, 0x3C(r1)
FFDEB6C8  38600005  li      r3, 0x5
FFDEB6CC  48007159  bl      glue_GetEmulatorRegister
FFDEB6D0  80410014  lwz     r2, 0x14(r1)
FFDEB6D4  90610044  stw     r3, 0x44(r1)
FFDEB6D8  38600001  li      r3, 0x1
FFDEB6DC  48000051  bl      sub_FFDEB72C
FFDEB6E0  7C7F0734  extsh   r31, r3
FFDEB6E4  80810038  lwz     r4, 0x38(r1)
FFDEB6E8  38600001  li      r3, 0x1
FFDEB6EC  4800715D  bl      glue_SetEmulatorRegister
FFDEB6F0  80410014  lwz     r2, 0x14(r1)
FFDEB6F4  8081003C  lwz     r4, 0x3C(r1)
FFDEB6F8  38600002  li      r3, 0x2
FFDEB6FC  4800714D  bl      glue_SetEmulatorRegister
FFDEB700  80410014  lwz     r2, 0x14(r1)
FFDEB704  80810044  lwz     r4, 0x44(r1)
FFDEB708  38600005  li      r3, 0x5
FFDEB70C  4800713D  bl      glue_SetEmulatorRegister
FFDEB710  80410014  lwz     r2, 0x14(r1)
FFDEB714  387F0000  addi    r3, r31, 0x0
FFDEB718  81810068  lwz     r12, 0x68(r1)
FFDEB71C  83E1005C  lwz     r31, 0x5C(r1)
FFDEB720  7D8803A6  mtspr   LR, r12
FFDEB724  30210060  addic   r1, r1, 0x60
FFDEB728  4E800020  blr

sub_FFDEB72C:
FFDEB72C  BFA1FFF4  stmw    r29, -0xC(r1)
FFDEB730  7C0802A6  mfspr   r0, LR
FFDEB734  5466063E  clrlwi  r6, r3, 24
FFDEB738  90010008  stw     r0, 0x8(r1)
FFDEB73C  3BE00000  li      r31, 0x0
FFDEB740  9421FF60  stwu    r1, -0xA0(r1)
FFDEB744  3061004C  addic   r3, r1, 0x4C
FFDEB748  38800001  li      r4, 0x1
FFDEB74C  38A00001  li      r5, 0x1
FFDEB750  38E00000  li      r7, 0x0
FFDEB754  4BFFD56D  bl      sub_FFDE8CC0
FFDEB758  3061003C  addic   r3, r1, 0x3C
FFDEB75C  3081004C  addic   r4, r1, 0x4C
FFDEB760  4BFFD9A9  bl      sub_FFDE9108
FFDEB764  7C7D0734  extsh   r29, r3
FFDEB768  8061003C  lwz     r3, 0x3C(r1)
FFDEB76C  93E10044  stw     r31, 0x44(r1)
FFDEB770  2C030000  cmpwi   cr0, r3, 0x0
FFDEB774  93E10048  stw     r31, 0x48(r1)
FFDEB778  B3E10038  sth     r31, 0x38(r1)
FFDEB77C  30810040  addic   r4, r1, 0x40
FFDEB780  4182001C  beq     loc_FFDEB79C
FFDEB784  30A1003A  addic   r5, r1, 0x3A
FFDEB788  4BFFE65D  bl      sub_FFDE9DE4
FFDEB78C  8061003C  lwz     r3, 0x3C(r1)
FFDEB790  80810040  lwz     r4, 0x40(r1)
FFDEB794  80630000  lwz     r3, 0x0(r3)
FFDEB798  7FC32014  addc    r30, r3, r4
loc_FFDEB79C:
FFDEB79C  A921003A  lha     r9, 0x3A(r1)
FFDEB7A0  30610038  addic   r3, r1, 0x38
FFDEB7A4  2C090000  cmpwi   cr0, r9, 0x0
FFDEB7A8  30810044  addic   r4, r1, 0x44
FFDEB7AC  30A1003C  addic   r5, r1, 0x3C
FFDEB7B0  30C1004C  addic   r6, r1, 0x4C
FFDEB7B4  41800018  blt     loc_FFDEB7CC
FFDEB7B8  391E0000  addi    r8, r30, 0x0
FFDEB7BC  38E00000  li      r7, 0x0
FFDEB7C0  39400000  li      r10, 0x0
FFDEB7C4  48000239  bl      sub_FFDEB9FC
FFDEB7C8  ABE10038  lha     r31, 0x38(r1)
loc_FFDEB7CC:
FFDEB7CC  38DD0000  addi    r6, r29, 0x0
FFDEB7D0  3061004C  addic   r3, r1, 0x4C
FFDEB7D4  38800001  li      r4, 0x1
FFDEB7D8  38A00001  li      r5, 0x1
FFDEB7DC  4BFFD6ED  bl      sub_FFDE8EC8
FFDEB7E0  387F0000  addi    r3, r31, 0x0
FFDEB7E4  818100A8  lwz     r12, 0xA8(r1)
FFDEB7E8  302100A0  addic   r1, r1, 0xA0
FFDEB7EC  7D8803A6  mtspr   LR, r12
FFDEB7F0  BBA1FFF4  lmw     r29, -0xC(r1)
FFDEB7F4  4E800020  blr

__GetIndType:
FFDEB7F8  7C0802A6  mfspr   r0, LR
FFDEB7FC  93E1FFFC  stw     r31, -0x4(r1)
FFDEB800  90010008  stw     r0, 0x8(r1)
FFDEB804  9421FFA0  stwu    r1, -0x60(r1)
FFDEB808  90610044  stw     r3, 0x44(r1)
FFDEB80C  7C9F0734  extsh   r31, r4
FFDEB810  38600001  li      r3, 0x1
FFDEB814  48007011  bl      glue_GetEmulatorRegister
FFDEB818  80410014  lwz     r2, 0x14(r1)
FFDEB81C  90610038  stw     r3, 0x38(r1)
FFDEB820  38600002  li      r3, 0x2
FFDEB824  48007001  bl      glue_GetEmulatorRegister
FFDEB828  80410014  lwz     r2, 0x14(r1)
FFDEB82C  9061003C  stw     r3, 0x3C(r1)
FFDEB830  38600005  li      r3, 0x5
FFDEB834  48006FF1  bl      glue_GetEmulatorRegister
FFDEB838  80410014  lwz     r2, 0x14(r1)
FFDEB83C  90610048  stw     r3, 0x48(r1)
FFDEB840  80610044  lwz     r3, 0x44(r1)
FFDEB844  389F0000  addi    r4, r31, 0x0
FFDEB848  38A00000  li      r5, 0x0
FFDEB84C  480000E5  bl      sub_FFDEB930
FFDEB850  80810038  lwz     r4, 0x38(r1)
FFDEB854  38600001  li      r3, 0x1
FFDEB858  48006FF1  bl      glue_SetEmulatorRegister
FFDEB85C  80410014  lwz     r2, 0x14(r1)
FFDEB860  8081003C  lwz     r4, 0x3C(r1)
FFDEB864  38600002  li      r3, 0x2
FFDEB868  48006FE1  bl      glue_SetEmulatorRegister
FFDEB86C  80410014  lwz     r2, 0x14(r1)
FFDEB870  80810048  lwz     r4, 0x48(r1)
FFDEB874  38600005  li      r3, 0x5
FFDEB878  48006FD1  bl      glue_SetEmulatorRegister
FFDEB87C  80410014  lwz     r2, 0x14(r1)
FFDEB880  81810068  lwz     r12, 0x68(r1)
FFDEB884  83E1005C  lwz     r31, 0x5C(r1)
FFDEB888  7D8803A6  mtspr   LR, r12
FFDEB88C  30210060  addic   r1, r1, 0x60
FFDEB890  4E800020  blr

__Get1IndType:
FFDEB894  7C0802A6  mfspr   r0, LR
FFDEB898  93E1FFFC  stw     r31, -0x4(r1)
FFDEB89C  90010008  stw     r0, 0x8(r1)
FFDEB8A0  9421FFA0  stwu    r1, -0x60(r1)
FFDEB8A4  90610044  stw     r3, 0x44(r1)
FFDEB8A8  7C9F0734  extsh   r31, r4
FFDEB8AC  38600001  li      r3, 0x1
FFDEB8B0  48006F75  bl      glue_GetEmulatorRegister
FFDEB8B4  80410014  lwz     r2, 0x14(r1)
FFDEB8B8  90610038  stw     r3, 0x38(r1)
FFDEB8BC  38600002  li      r3, 0x2
FFDEB8C0  48006F65  bl      glue_GetEmulatorRegister
FFDEB8C4  80410014  lwz     r2, 0x14(r1)
FFDEB8C8  9061003C  stw     r3, 0x3C(r1)
FFDEB8CC  38600005  li      r3, 0x5
FFDEB8D0  48006F55  bl      glue_GetEmulatorRegister
FFDEB8D4  80410014  lwz     r2, 0x14(r1)
FFDEB8D8  90610048  stw     r3, 0x48(r1)
FFDEB8DC  80610044  lwz     r3, 0x44(r1)
FFDEB8E0  389F0000  addi    r4, r31, 0x0
FFDEB8E4  38A00001  li      r5, 0x1
FFDEB8E8  48000049  bl      sub_FFDEB930
FFDEB8EC  80810038  lwz     r4, 0x38(r1)
FFDEB8F0  38600001  li      r3, 0x1
FFDEB8F4  48006F55  bl      glue_SetEmulatorRegister
FFDEB8F8  80410014  lwz     r2, 0x14(r1)
FFDEB8FC  8081003C  lwz     r4, 0x3C(r1)
FFDEB900  38600002  li      r3, 0x2
FFDEB904  48006F45  bl      glue_SetEmulatorRegister
FFDEB908  80410014  lwz     r2, 0x14(r1)
FFDEB90C  80810048  lwz     r4, 0x48(r1)
FFDEB910  38600005  li      r3, 0x5
FFDEB914  48006F35  bl      glue_SetEmulatorRegister
FFDEB918  80410014  lwz     r2, 0x14(r1)
FFDEB91C  81810068  lwz     r12, 0x68(r1)
FFDEB920  83E1005C  lwz     r31, 0x5C(r1)
FFDEB924  7D8803A6  mtspr   LR, r12
FFDEB928  30210060  addic   r1, r1, 0x60
FFDEB92C  4E800020  blr

sub_FFDEB930:
FFDEB930  BF81FFF0  stmw    r28, -0x10(r1)
FFDEB934  54A6063E  clrlwi  r6, r5, 24
FFDEB938  7C9E0734  extsh   r30, r4
FFDEB93C  7C0802A6  mfspr   r0, LR
FFDEB940  3BE30000  addi    r31, r3, 0x0
FFDEB944  90010008  stw     r0, 0x8(r1)
FFDEB948  9421FF60  stwu    r1, -0xA0(r1)
FFDEB94C  3BA00000  li      r29, 0x0
FFDEB950  93BF0000  stw     r29, 0x0(r31)
FFDEB954  3061004C  addic   r3, r1, 0x4C
FFDEB958  38800001  li      r4, 0x1
FFDEB95C  38A00001  li      r5, 0x1
FFDEB960  38E00000  li      r7, 0x0
FFDEB964  4BFFD35D  bl      sub_FFDE8CC0
FFDEB968  3061003C  addic   r3, r1, 0x3C
FFDEB96C  3081004C  addic   r4, r1, 0x4C
FFDEB970  4BFFD799  bl      sub_FFDE9108
FFDEB974  7C7C0734  extsh   r28, r3
FFDEB978  8061003C  lwz     r3, 0x3C(r1)
FFDEB97C  30810040  addic   r4, r1, 0x40
FFDEB980  2C030000  cmpwi   cr0, r3, 0x0
FFDEB984  30A10038  addic   r5, r1, 0x38
FFDEB988  4182004C  beq     loc_FFDEB9D4
FFDEB98C  4BFFE459  bl      sub_FFDE9DE4
FFDEB990  A9210038  lha     r9, 0x38(r1)
FFDEB994  8081003C  lwz     r4, 0x3C(r1)
FFDEB998  2C090000  cmpwi   cr0, r9, 0x0
FFDEB99C  80840000  lwz     r4, 0x0(r4)
FFDEB9A0  80A10040  lwz     r5, 0x40(r1)
FFDEB9A4  3061003A  addic   r3, r1, 0x3A
FFDEB9A8  7D042814  addc    r8, r4, r5
FFDEB9AC  41800028  blt     loc_FFDEB9D4
FFDEB9B0  B3A1003A  sth     r29, 0x3A(r1)
FFDEB9B4  93A10044  stw     r29, 0x44(r1)
FFDEB9B8  93A10048  stw     r29, 0x48(r1)
FFDEB9BC  38FE0000  addi    r7, r30, 0x0
FFDEB9C0  395F0000  addi    r10, r31, 0x0
FFDEB9C4  30810044  addic   r4, r1, 0x44
FFDEB9C8  30A1003C  addic   r5, r1, 0x3C
FFDEB9CC  30C1004C  addic   r6, r1, 0x4C
FFDEB9D0  4800002D  bl      sub_FFDEB9FC
loc_FFDEB9D4:
FFDEB9D4  38DC0000  addi    r6, r28, 0x0
FFDEB9D8  3061004C  addic   r3, r1, 0x4C
FFDEB9DC  38800001  li      r4, 0x1
FFDEB9E0  38A00001  li      r5, 0x1
FFDEB9E4  4BFFD4E5  bl      sub_FFDE8EC8
FFDEB9E8  818100A8  lwz     r12, 0xA8(r1)
FFDEB9EC  302100A0  addic   r1, r1, 0xA0
FFDEB9F0  7D8803A6  mtspr   LR, r12
FFDEB9F4  BB81FFF0  lmw     r28, -0x10(r1)
FFDEB9F8  4E800020  blr

sub_FFDEB9FC:
FFDEB9FC  BFC1FFF8  stmw    r30, -0x8(r1)
FFDEBA00  7C0802A6  mfspr   r0, LR
FFDEBA04  7D800026  mfcr    r12
FFDEBA08  91810004  stw     r12, 0x4(r1)
FFDEBA0C  90010008  stw     r0, 0x8(r1)
FFDEBA10  9421FFA0  stwu    r1, -0x60(r1)
FFDEBA14  90E10088  stw     r7, 0x88(r1)
FFDEBA18  91210090  stw     r9, 0x90(r1)
FFDEBA1C  90A10080  stw     r5, 0x80(r1)
FFDEBA20  3BE00000  li      r31, 0x0
FFDEBA24  90610078  stw     r3, 0x78(r1)
FFDEBA28  9081007C  stw     r4, 0x7C(r1)
FFDEBA2C  90C10084  stw     r6, 0x84(r1)
FFDEBA30  9101008C  stw     r8, 0x8C(r1)
FFDEBA34  91410094  stw     r10, 0x94(r1)
FFDEBA38  B0E10088  sth     r7, 0x88(r1)
FFDEBA3C  B1210090  sth     r9, 0x90(r1)
FFDEBA40  93E1003C  stw     r31, 0x3C(r1)
FFDEBA44  80A50000  lwz     r5, 0x0(r5)
FFDEBA48  3BC00000  li      r30, 0x0
FFDEBA4C  2C850000  cmpwi   cr1, r5, 0x0
FFDEBA50  41860164  beq     cr1, loc_FFDEBBB4
FFDEBA54  80C1007C  lwz     r6, 0x7C(r1)
FFDEBA58  80A1008C  lwz     r5, 0x8C(r1)
FFDEBA5C  80660000  lwz     r3, 0x0(r6)
FFDEBA60  80850000  lwz     r4, 0x0(r5)
FFDEBA64  48000018  b       loc_FFDEBA7C
loc_FFDEBA68:
FFDEBA68  41860114  beq     cr1, loc_FFDEBB7C
FFDEBA6C  80C1007C  lwz     r6, 0x7C(r1)
FFDEBA70  80A1008C  lwz     r5, 0x8C(r1)
FFDEBA74  80660000  lwz     r3, 0x0(r6)
FFDEBA78  80850000  lwz     r4, 0x0(r5)
loc_FFDEBA7C:
FFDEBA7C  48000145  bl      sub_FFDEBBC0
FFDEBA80  5465063F  clrlwi. r5, r3, 24
FFDEBA84  80A10078  lwz     r5, 0x78(r1)
FFDEBA88  40820040  bne     loc_FFDEBAC8
FFDEBA8C  A8C50000  lha     r6, 0x0(r5)
FFDEBA90  3BC00001  li      r30, 0x1
FFDEBA94  30C60001  addic   r6, r6, 0x1
FFDEBA98  B0C50000  sth     r6, 0x0(r5)
FFDEBA9C  80A10078  lwz     r5, 0x78(r1)
FFDEBAA0  A8C10088  lha     r6, 0x88(r1)
FFDEBAA4  A8E50000  lha     r7, 0x0(r5)
FFDEBAA8  80A1008C  lwz     r5, 0x8C(r1)
FFDEBAAC  7C863800  cmpw    cr1, r6, r7
FFDEBAB0  80C1007C  lwz     r6, 0x7C(r1)
FFDEBAB4  418600E4  beq     cr1, loc_FFDEBB98
FFDEBAB8  80A50000  lwz     r5, 0x0(r5)
FFDEBABC  90A60004  stw     r5, 0x4(r6)
FFDEBAC0  80A1007C  lwz     r5, 0x7C(r1)
FFDEBAC4  90A1003C  stw     r5, 0x3C(r1)
loc_FFDEBAC8:
FFDEBAC8  A8A10090  lha     r5, 0x90(r1)
FFDEBACC  80C1008C  lwz     r6, 0x8C(r1)
FFDEBAD0  30A5FFFF  addic   r5, r5, -0x1
FFDEBAD4  B0A10090  sth     r5, 0x90(r1)
FFDEBAD8  7CA50735  extsh.  r5, r5
FFDEBADC  30A60008  addic   r5, r6, 0x8
FFDEBAE0  90A1008C  stw     r5, 0x8C(r1)
FFDEBAE4  80A10080  lwz     r5, 0x80(r1)
FFDEBAE8  80810084  lwz     r4, 0x84(r1)
FFDEBAEC  40800058  bge     loc_FFDEBB44
FFDEBAF0  80650000  lwz     r3, 0x0(r5)
FFDEBAF4  4BFFCF49  bl      sub_FFDE8A3C
FFDEBAF8  80A10080  lwz     r5, 0x80(r1)
FFDEBAFC  30810038  addic   r4, r1, 0x38
FFDEBB00  90650000  stw     r3, 0x0(r5)
FFDEBB04  80A10080  lwz     r5, 0x80(r1)
FFDEBB08  80650000  lwz     r3, 0x0(r5)
FFDEBB0C  2C830000  cmpwi   cr1, r3, 0x0
FFDEBB10  41860034  beq     cr1, loc_FFDEBB44
FFDEBB14  38A10090  addi    r5, r1, 0x90
FFDEBB18  4BFFE2CD  bl      sub_FFDE9DE4
FFDEBB1C  80A10080  lwz     r5, 0x80(r1)
FFDEBB20  80E10038  lwz     r7, 0x38(r1)
FFDEBB24  80C50000  lwz     r6, 0x0(r5)
FFDEBB28  80C60000  lwz     r6, 0x0(r6)
FFDEBB2C  7CC63814  addc    r6, r6, r7
FFDEBB30  90C1008C  stw     r6, 0x8C(r1)
FFDEBB34  2E1E0000  cmpwi   cr4, r30, 0x0
FFDEBB38  80610078  lwz     r3, 0x78(r1)
FFDEBB3C  3081003C  addic   r4, r1, 0x3C
FFDEBB40  48000010  b       loc_FFDEBB50
loc_FFDEBB44:
FFDEBB44  2E1E0000  cmpwi   cr4, r30, 0x0
FFDEBB48  80610078  lwz     r3, 0x78(r1)
FFDEBB4C  3081003C  addic   r4, r1, 0x3C
loc_FFDEBB50:
FFDEBB50  80C10084  lwz     r6, 0x84(r1)
FFDEBB54  4192001C  beq     cr4, loc_FFDEBB70
FFDEBB58  A8E10088  lha     r7, 0x88(r1)
FFDEBB5C  8101008C  lwz     r8, 0x8C(r1)
FFDEBB60  A9210090  lha     r9, 0x90(r1)
FFDEBB64  81410094  lwz     r10, 0x94(r1)
FFDEBB68  4BFFFE95  bl      sub_FFDEB9FC
FFDEBB6C  80A10080  lwz     r5, 0x80(r1)
loc_FFDEBB70:
FFDEBB70  80A50000  lwz     r5, 0x0(r5)
FFDEBB74  2C850000  cmpwi   cr1, r5, 0x0
FFDEBB78  4192FEF0  beq     cr4, loc_FFDEBA68
loc_FFDEBB7C:
FFDEBB7C  81810064  lwz     r12, 0x64(r1)
FFDEBB80  80010068  lwz     r0, 0x68(r1)
FFDEBB84  7D808120  mtcrf   0x08, r12
FFDEBB88  30210060  addic   r1, r1, 0x60
FFDEBB8C  7C0803A6  mtspr   LR, r0
FFDEBB90  BBC1FFF8  lmw     r30, -0x8(r1)
FFDEBB94  4E800020  blr
loc_FFDEBB98:
FFDEBB98  80A10080  lwz     r5, 0x80(r1)
FFDEBB9C  93E50000  stw     r31, 0x0(r5)
FFDEBBA0  80A1008C  lwz     r5, 0x8C(r1)
FFDEBBA4  80C10094  lwz     r6, 0x94(r1)
FFDEBBA8  80A50000  lwz     r5, 0x0(r5)
FFDEBBAC  90A60000  stw     r5, 0x0(r6)
FFDEBBB0  4BFFFFCC  b       loc_FFDEBB7C
loc_FFDEBBB4:
FFDEBBB4  BBC10058  lmw     r30, 0x58(r1)
FFDEBBB8  30210060  addic   r1, r1, 0x60
FFDEBBBC  4E800020  blr

sub_FFDEBBC0:
FFDEBBC0  2C030000  cmpwi   cr0, r3, 0x0
FFDEBBC4  41820034  beq     loc_FFDEBBF8
FFDEBBC8  80030004  lwz     r0, 0x4(r3)
FFDEBBCC  80630000  lwz     r3, 0x0(r3)
FFDEBBD0  7C802040  cmplw   cr1, r0, r4
FFDEBBD4  2C030000  cmpwi   cr0, r3, 0x0
FFDEBBD8  48000018  b       loc_FFDEBBF0
loc_FFDEBBDC:
FFDEBBDC  41860024  beq     cr1, loc_FFDEBC00
FFDEBBE0  80030004  lwz     r0, 0x4(r3)
FFDEBBE4  80630000  lwz     r3, 0x0(r3)
FFDEBBE8  7C802040  cmplw   cr1, r0, r4
FFDEBBEC  2C030000  cmpwi   cr0, r3, 0x0
loc_FFDEBBF0:
FFDEBBF0  4082FFEC  bne     loc_FFDEBBDC
FFDEBBF4  4186000C  beq     cr1, loc_FFDEBC00
loc_FFDEBBF8:
FFDEBBF8  38600000  li      r3, 0x0
loc_FFDEBBFC:
FFDEBBFC  4E800020  blr
loc_FFDEBC00:
FFDEBC00  38600001  li      r3, 0x1
FFDEBC04  4BFFFFF8  b       loc_FFDEBBFC

__GetResFileAttrs:
FFDEBC08  7C0802A6  mfspr   r0, LR
FFDEBC0C  93E1FFFC  stw     r31, -0x4(r1)
FFDEBC10  7C7F0734  extsh   r31, r3
FFDEBC14  90010008  stw     r0, 0x8(r1)
FFDEBC18  9421FFA0  stwu    r1, -0x60(r1)
FFDEBC1C  38600001  li      r3, 0x1
FFDEBC20  48006C05  bl      glue_GetEmulatorRegister
FFDEBC24  80410014  lwz     r2, 0x14(r1)
FFDEBC28  90610038  stw     r3, 0x38(r1)
FFDEBC2C  38600002  li      r3, 0x2
FFDEBC30  48006BF5  bl      glue_GetEmulatorRegister
FFDEBC34  80410014  lwz     r2, 0x14(r1)
FFDEBC38  9061003C  stw     r3, 0x3C(r1)
FFDEBC3C  38600005  li      r3, 0x5
FFDEBC40  48006BE5  bl      glue_GetEmulatorRegister
FFDEBC44  80410014  lwz     r2, 0x14(r1)
FFDEBC48  90610044  stw     r3, 0x44(r1)
FFDEBC4C  387F0000  addi    r3, r31, 0x0
FFDEBC50  48000051  bl      sub_FFDEBCA0
FFDEBC54  7C7F0734  extsh   r31, r3
FFDEBC58  80810038  lwz     r4, 0x38(r1)
FFDEBC5C  38600001  li      r3, 0x1
FFDEBC60  48006BE9  bl      glue_SetEmulatorRegister
FFDEBC64  80410014  lwz     r2, 0x14(r1)
FFDEBC68  8081003C  lwz     r4, 0x3C(r1)
FFDEBC6C  38600002  li      r3, 0x2
FFDEBC70  48006BD9  bl      glue_SetEmulatorRegister
FFDEBC74  80410014  lwz     r2, 0x14(r1)
FFDEBC78  80810044  lwz     r4, 0x44(r1)
FFDEBC7C  38600005  li      r3, 0x5
FFDEBC80  48006BC9  bl      glue_SetEmulatorRegister
FFDEBC84  80410014  lwz     r2, 0x14(r1)
FFDEBC88  387F0000  addi    r3, r31, 0x0
FFDEBC8C  81810068  lwz     r12, 0x68(r1)
FFDEBC90  83E1005C  lwz     r31, 0x5C(r1)
FFDEBC94  7D8803A6  mtspr   LR, r12
FFDEBC98  30210060  addic   r1, r1, 0x60
FFDEBC9C  4E800020  blr

sub_FFDEBCA0:
FFDEBCA0  BFC1FFF8  stmw    r30, -0x8(r1)
FFDEBCA4  7C0802A6  mfspr   r0, LR
FFDEBCA8  7C7F0734  extsh   r31, r3
FFDEBCAC  90010008  stw     r0, 0x8(r1)
FFDEBCB0  9421FF70  stwu    r1, -0x90(r1)
FFDEBCB4  3061003C  addic   r3, r1, 0x3C
FFDEBCB8  38800000  li      r4, 0x0
FFDEBCBC  38A00000  li      r5, 0x0
FFDEBCC0  38C00000  li      r6, 0x0
FFDEBCC4  38E00000  li      r7, 0x0
FFDEBCC8  4BFFCFF9  bl      sub_FFDE8CC0
FFDEBCCC  389F0000  addi    r4, r31, 0x0
FFDEBCD0  30610038  addic   r3, r1, 0x38
FFDEBCD4  30A1003C  addic   r5, r1, 0x3C
FFDEBCD8  4BFFD49D  bl      sub_FFDE9174
FFDEBCDC  7C660735  extsh.  r6, r3
FFDEBCE0  80A10038  lwz     r5, 0x38(r1)
FFDEBCE4  3061003C  addic   r3, r1, 0x3C
FFDEBCE8  2C850000  cmpwi   cr1, r5, 0x0
FFDEBCEC  38800000  li      r4, 0x0
FFDEBCF0  40820010  bne     loc_FFDEBD00
FFDEBCF4  4186000C  beq     cr1, loc_FFDEBD00
FFDEBCF8  80A50000  lwz     r5, 0x0(r5)
FFDEBCFC  8BC50016  lbz     r30, 0x16(r5)
loc_FFDEBD00:
FFDEBD00  38A00000  li      r5, 0x0
FFDEBD04  4BFFD1C5  bl      sub_FFDE8EC8
FFDEBD08  387E0000  addi    r3, r30, 0x0
FFDEBD0C  81810098  lwz     r12, 0x98(r1)
FFDEBD10  30210090  addic   r1, r1, 0x90
FFDEBD14  7D8803A6  mtspr   LR, r12
FFDEBD18  BBC1FFF8  lmw     r30, -0x8(r1)
FFDEBD1C  4E800020  blr

__SetResFileAttrs:
FFDEBD20  BFC1FFF8  stmw    r30, -0x8(r1)
FFDEBD24  7C7E0734  extsh   r30, r3
FFDEBD28  7C0802A6  mfspr   r0, LR
FFDEBD2C  7C9F0734  extsh   r31, r4
FFDEBD30  90010008  stw     r0, 0x8(r1)
FFDEBD34  9421FFA0  stwu    r1, -0x60(r1)
FFDEBD38  38600001  li      r3, 0x1
FFDEBD3C  48006AE9  bl      glue_GetEmulatorRegister
FFDEBD40  80410014  lwz     r2, 0x14(r1)
FFDEBD44  90610038  stw     r3, 0x38(r1)
FFDEBD48  38600002  li      r3, 0x2
FFDEBD4C  48006AD9  bl      glue_GetEmulatorRegister
FFDEBD50  80410014  lwz     r2, 0x14(r1)
FFDEBD54  9061003C  stw     r3, 0x3C(r1)
FFDEBD58  38600005  li      r3, 0x5
FFDEBD5C  48006AC9  bl      glue_GetEmulatorRegister
FFDEBD60  80410014  lwz     r2, 0x14(r1)
FFDEBD64  90610044  stw     r3, 0x44(r1)
FFDEBD68  387E0000  addi    r3, r30, 0x0
FFDEBD6C  389F0000  addi    r4, r31, 0x0
FFDEBD70  48000049  bl      sub_FFDEBDB8
FFDEBD74  80810038  lwz     r4, 0x38(r1)
FFDEBD78  38600001  li      r3, 0x1
FFDEBD7C  48006ACD  bl      glue_SetEmulatorRegister
FFDEBD80  80410014  lwz     r2, 0x14(r1)
FFDEBD84  8081003C  lwz     r4, 0x3C(r1)
FFDEBD88  38600002  li      r3, 0x2
FFDEBD8C  48006ABD  bl      glue_SetEmulatorRegister
FFDEBD90  80410014  lwz     r2, 0x14(r1)
FFDEBD94  80810044  lwz     r4, 0x44(r1)
FFDEBD98  38600005  li      r3, 0x5
FFDEBD9C  48006AAD  bl      glue_SetEmulatorRegister
FFDEBDA0  80410014  lwz     r2, 0x14(r1)
FFDEBDA4  81810068  lwz     r12, 0x68(r1)
FFDEBDA8  30210060  addic   r1, r1, 0x60
FFDEBDAC  7D8803A6  mtspr   LR, r12
FFDEBDB0  BBC1FFF8  lmw     r30, -0x8(r1)
FFDEBDB4  4E800020  blr

sub_FFDEBDB8:
FFDEBDB8  BFC1FFF8  stmw    r30, -0x8(r1)
FFDEBDBC  3BE40000  addi    r31, r4, 0x0
FFDEBDC0  7C0802A6  mfspr   r0, LR
FFDEBDC4  7C7E0734  extsh   r30, r3
FFDEBDC8  90010008  stw     r0, 0x8(r1)
FFDEBDCC  9421FF70  stwu    r1, -0x90(r1)
FFDEBDD0  3061003C  addic   r3, r1, 0x3C
FFDEBDD4  38800000  li      r4, 0x0
FFDEBDD8  38A00000  li      r5, 0x0
FFDEBDDC  38C00000  li      r6, 0x0
FFDEBDE0  38E00000  li      r7, 0x0
FFDEBDE4  4BFFCEDD  bl      sub_FFDE8CC0
FFDEBDE8  389E0000  addi    r4, r30, 0x0
FFDEBDEC  30610038  addic   r3, r1, 0x38
FFDEBDF0  30A1003C  addic   r5, r1, 0x3C
FFDEBDF4  4BFFD381  bl      sub_FFDE9174
FFDEBDF8  7C630735  extsh.  r3, r3
FFDEBDFC  80A10038  lwz     r5, 0x38(r1)
FFDEBE00  3061003C  addic   r3, r1, 0x3C
FFDEBE04  2C850000  cmpwi   cr1, r5, 0x0
FFDEBE08  38800000  li      r4, 0x0
FFDEBE0C  40820010  bne     loc_FFDEBE1C
FFDEBE10  4186000C  beq     cr1, loc_FFDEBE1C
FFDEBE14  80A50000  lwz     r5, 0x0(r5)
FFDEBE18  9BE50016  stb     r31, 0x16(r5)
loc_FFDEBE1C:
FFDEBE1C  38A00000  li      r5, 0x0
FFDEBE20  38C00000  li      r6, 0x0
FFDEBE24  4BFFD0A5  bl      sub_FFDE8EC8
FFDEBE28  81810098  lwz     r12, 0x98(r1)
FFDEBE2C  30210090  addic   r1, r1, 0x90
FFDEBE30  7D8803A6  mtspr   LR, r12
FFDEBE34  BBC1FFF8  lmw     r30, -0x8(r1)
FFDEBE38  4E800020  blr

__DetachResource:
FFDEBE3C  9421FFB0  stwu    r1, -0x50(r1)
FFDEBE40  90610044  stw     r3, 0x44(r1)
FFDEBE44  7C0802A6  mfspr   r0, LR
FFDEBE48  38600001  li      r3, 0x1
FFDEBE4C  90010058  stw     r0, 0x58(r1)
FFDEBE50  480069D5  bl      glue_GetEmulatorRegister
FFDEBE54  80410014  lwz     r2, 0x14(r1)
FFDEBE58  90610038  stw     r3, 0x38(r1)
FFDEBE5C  38600002  li      r3, 0x2
FFDEBE60  480069C5  bl      glue_GetEmulatorRegister
FFDEBE64  80410014  lwz     r2, 0x14(r1)
FFDEBE68  9061003C  stw     r3, 0x3C(r1)
FFDEBE6C  38600005  li      r3, 0x5
FFDEBE70  480069B5  bl      glue_GetEmulatorRegister
FFDEBE74  80410014  lwz     r2, 0x14(r1)
FFDEBE78  90610048  stw     r3, 0x48(r1)
FFDEBE7C  80610044  lwz     r3, 0x44(r1)
FFDEBE80  48000045  bl      sub_FFDEBEC4
FFDEBE84  80810038  lwz     r4, 0x38(r1)
FFDEBE88  38600001  li      r3, 0x1
FFDEBE8C  480069BD  bl      glue_SetEmulatorRegister
FFDEBE90  80410014  lwz     r2, 0x14(r1)
FFDEBE94  8081003C  lwz     r4, 0x3C(r1)
FFDEBE98  38600002  li      r3, 0x2
FFDEBE9C  480069AD  bl      glue_SetEmulatorRegister
FFDEBEA0  80410014  lwz     r2, 0x14(r1)
FFDEBEA4  80810048  lwz     r4, 0x48(r1)
FFDEBEA8  38600005  li      r3, 0x5
FFDEBEAC  4800699D  bl      glue_SetEmulatorRegister
FFDEBEB0  80410014  lwz     r2, 0x14(r1)
FFDEBEB4  81810058  lwz     r12, 0x58(r1)
FFDEBEB8  30210050  addic   r1, r1, 0x50
FFDEBEBC  7D8803A6  mtspr   LR, r12
FFDEBEC0  4E800020  blr

sub_FFDEBEC4:
FFDEBEC4  7C0802A6  mfspr   r0, LR
FFDEBEC8  BFC1FFF8  stmw    r30, -0x8(r1)
FFDEBECC  90010008  stw     r0, 0x8(r1)
FFDEBED0  9421FF70  stwu    r1, -0x90(r1)
FFDEBED4  9061007C  stw     r3, 0x7C(r1)
FFDEBED8  30610044  addic   r3, r1, 0x44
FFDEBEDC  38800001  li      r4, 0x1
FFDEBEE0  38A00001  li      r5, 0x1
FFDEBEE4  38C00000  li      r6, 0x0
FFDEBEE8  38E00001  li      r7, 0x1
FFDEBEEC  4BFFCDD5  bl      sub_FFDE8CC0
FFDEBEF0  8061007C  lwz     r3, 0x7C(r1)
FFDEBEF4  30810038  addic   r4, r1, 0x38
FFDEBEF8  30C1003C  addic   r6, r1, 0x3C
FFDEBEFC  30E10040  addic   r7, r1, 0x40
FFDEBF00  30A10044  addic   r5, r1, 0x44
FFDEBF04  4BFFEA31  bl      sub_FFDEA934
FFDEBF08  7C7E0735  extsh.  r30, r3
FFDEBF0C  8081003C  lwz     r4, 0x3C(r1)
FFDEBF10  40820068  bne     loc_FFDEBF78
FFDEBF14  80840000  lwz     r4, 0x0(r4)
FFDEBF18  80E10038  lwz     r7, 0x38(r1)
FFDEBF1C  A0C40014  lhz     r6, 0x14(r4)
FFDEBF20  7FE43814  addc    r31, r4, r7
FFDEBF24  2C860003  cmpwi   cr1, r6, 0x3
FFDEBF28  41860050  beq     cr1, loc_FFDEBF78
FFDEBF2C  809F0004  lwz     r4, 0x4(r31)
FFDEBF30  5484463E  srwi    r4, r4, 24
FFDEBF34  7C801120  mtcrf   0x01, r4
FFDEBF38  419E003C  beq     cr7, loc_FFDEBF74
FFDEBF3C  807F0008  lwz     r3, 0x8(r31)
FFDEBF40  4800712D  bl      glue_HClrRBit
FFDEBF44  80410014  lwz     r2, 0x14(r1)
FFDEBF48  80610040  lwz     r3, 0x40(r1)
FFDEBF4C  48001A5D  bl      sub_FFDED9A8
FFDEBF50  38800000  li      r4, 0x0
FFDEBF54  909F0008  stw     r4, 0x8(r31)
FFDEBF58  38600000  li      r3, 0x0
FFDEBF5C  48007135  bl      glue_LMSetHSCHndl
FFDEBF60  80410014  lwz     r2, 0x14(r1)
FFDEBF64  38DE0000  addi    r6, r30, 0x0
FFDEBF68  30610044  addic   r3, r1, 0x44
FFDEBF6C  38800001  li      r4, 0x1
FFDEBF70  48000014  b       loc_FFDEBF84
loc_FFDEBF74:
FFDEBF74  3BC0FF3A  li      r30, -0xC6
loc_FFDEBF78:
FFDEBF78  38DE0000  addi    r6, r30, 0x0
FFDEBF7C  30610044  addic   r3, r1, 0x44
FFDEBF80  38800001  li      r4, 0x1
loc_FFDEBF84:
FFDEBF84  38A00001  li      r5, 0x1
FFDEBF88  4BFFCF41  bl      sub_FFDE8EC8
FFDEBF8C  81810098  lwz     r12, 0x98(r1)
FFDEBF90  30210090  addic   r1, r1, 0x90
FFDEBF94  7D8803A6  mtspr   LR, r12
FFDEBF98  BBC1FFF8  lmw     r30, -0x8(r1)
FFDEBF9C  4E800020  blr

__GetResAttrs:
FFDEBFA0  7C0802A6  mfspr   r0, LR
FFDEBFA4  93E1FFFC  stw     r31, -0x4(r1)
FFDEBFA8  90010008  stw     r0, 0x8(r1)
FFDEBFAC  9421FFA0  stwu    r1, -0x60(r1)
FFDEBFB0  90610044  stw     r3, 0x44(r1)
FFDEBFB4  38600001  li      r3, 0x1
FFDEBFB8  4800686D  bl      glue_GetEmulatorRegister
FFDEBFBC  80410014  lwz     r2, 0x14(r1)
FFDEBFC0  90610038  stw     r3, 0x38(r1)
FFDEBFC4  38600002  li      r3, 0x2
FFDEBFC8  4800685D  bl      glue_GetEmulatorRegister
FFDEBFCC  80410014  lwz     r2, 0x14(r1)
FFDEBFD0  9061003C  stw     r3, 0x3C(r1)
FFDEBFD4  38600005  li      r3, 0x5
FFDEBFD8  4800684D  bl      glue_GetEmulatorRegister
FFDEBFDC  80410014  lwz     r2, 0x14(r1)
FFDEBFE0  90610048  stw     r3, 0x48(r1)
FFDEBFE4  80610044  lwz     r3, 0x44(r1)
FFDEBFE8  48000051  bl      sub_FFDEC038
FFDEBFEC  7C7F0734  extsh   r31, r3
FFDEBFF0  80810038  lwz     r4, 0x38(r1)
FFDEBFF4  38600001  li      r3, 0x1
FFDEBFF8  48006851  bl      glue_SetEmulatorRegister
FFDEBFFC  80410014  lwz     r2, 0x14(r1)
FFDEC000  8081003C  lwz     r4, 0x3C(r1)
FFDEC004  38600002  li      r3, 0x2
FFDEC008  48006841  bl      glue_SetEmulatorRegister
FFDEC00C  80410014  lwz     r2, 0x14(r1)
FFDEC010  80810048  lwz     r4, 0x48(r1)
FFDEC014  38600005  li      r3, 0x5
FFDEC018  48006831  bl      glue_SetEmulatorRegister
FFDEC01C  80410014  lwz     r2, 0x14(r1)
FFDEC020  387F0000  addi    r3, r31, 0x0
FFDEC024  81810068  lwz     r12, 0x68(r1)
FFDEC028  83E1005C  lwz     r31, 0x5C(r1)
FFDEC02C  7D8803A6  mtspr   LR, r12
FFDEC030  30210060  addic   r1, r1, 0x60
FFDEC034  4E800020  blr

sub_FFDEC038:
FFDEC038  7C0802A6  mfspr   r0, LR
FFDEC03C  93E1FFFC  stw     r31, -0x4(r1)
FFDEC040  90010008  stw     r0, 0x8(r1)
FFDEC044  9421FF70  stwu    r1, -0x90(r1)
FFDEC048  9061007C  stw     r3, 0x7C(r1)
FFDEC04C  3BE00000  li      r31, 0x0
FFDEC050  93E10038  stw     r31, 0x38(r1)
FFDEC054  30610044  addic   r3, r1, 0x44
FFDEC058  38800001  li      r4, 0x1
FFDEC05C  38A00001  li      r5, 0x1
FFDEC060  38C00000  li      r6, 0x0
FFDEC064  38E00000  li      r7, 0x0
FFDEC068  4BFFCC59  bl      sub_FFDE8CC0
FFDEC06C  8061007C  lwz     r3, 0x7C(r1)
FFDEC070  30810038  addic   r4, r1, 0x38
FFDEC074  30C1003C  addic   r6, r1, 0x3C
FFDEC078  30E10040  addic   r7, r1, 0x40
FFDEC07C  30A10044  addic   r5, r1, 0x44
FFDEC080  4BFFE8B5  bl      sub_FFDEA934
FFDEC084  7C660735  extsh.  r6, r3
FFDEC088  80A1003C  lwz     r5, 0x3C(r1)
FFDEC08C  30610044  addic   r3, r1, 0x44
FFDEC090  38800001  li      r4, 0x1
FFDEC094  40820018  bne     loc_FFDEC0AC
FFDEC098  80A50000  lwz     r5, 0x0(r5)
FFDEC09C  80E10038  lwz     r7, 0x38(r1)
FFDEC0A0  7CA53814  addc    r5, r5, r7
FFDEC0A4  80A50004  lwz     r5, 0x4(r5)
FFDEC0A8  54BF463E  srwi    r31, r5, 24
loc_FFDEC0AC:
FFDEC0AC  38A00001  li      r5, 0x1
FFDEC0B0  4BFFCE19  bl      sub_FFDE8EC8
FFDEC0B4  387F0000  addi    r3, r31, 0x0
FFDEC0B8  81810098  lwz     r12, 0x98(r1)
FFDEC0BC  83E1008C  lwz     r31, 0x8C(r1)
FFDEC0C0  7D8803A6  mtspr   LR, r12
FFDEC0C4  30210090  addic   r1, r1, 0x90
FFDEC0C8  4E800020  blr

__SetResAttrs:
FFDEC0CC  7C0802A6  mfspr   r0, LR
FFDEC0D0  93E1FFFC  stw     r31, -0x4(r1)
FFDEC0D4  90010008  stw     r0, 0x8(r1)
FFDEC0D8  9421FFA0  stwu    r1, -0x60(r1)
FFDEC0DC  90610044  stw     r3, 0x44(r1)
FFDEC0E0  7C9F0734  extsh   r31, r4
FFDEC0E4  38600001  li      r3, 0x1
FFDEC0E8  4800673D  bl      glue_GetEmulatorRegister
FFDEC0EC  80410014  lwz     r2, 0x14(r1)
FFDEC0F0  90610038  stw     r3, 0x38(r1)
FFDEC0F4  38600002  li      r3, 0x2
FFDEC0F8  4800672D  bl      glue_GetEmulatorRegister
FFDEC0FC  80410014  lwz     r2, 0x14(r1)
FFDEC100  9061003C  stw     r3, 0x3C(r1)
FFDEC104  38600005  li      r3, 0x5
FFDEC108  4800671D  bl      glue_GetEmulatorRegister
FFDEC10C  80410014  lwz     r2, 0x14(r1)
FFDEC110  90610048  stw     r3, 0x48(r1)
FFDEC114  80610044  lwz     r3, 0x44(r1)
FFDEC118  389F0000  addi    r4, r31, 0x0
FFDEC11C  48000049  bl      sub_FFDEC164
FFDEC120  80810038  lwz     r4, 0x38(r1)
FFDEC124  38600001  li      r3, 0x1
FFDEC128  48006721  bl      glue_SetEmulatorRegister
FFDEC12C  80410014  lwz     r2, 0x14(r1)
FFDEC130  8081003C  lwz     r4, 0x3C(r1)
FFDEC134  38600002  li      r3, 0x2
FFDEC138  48006711  bl      glue_SetEmulatorRegister
FFDEC13C  80410014  lwz     r2, 0x14(r1)
FFDEC140  80810048  lwz     r4, 0x48(r1)
FFDEC144  38600005  li      r3, 0x5
FFDEC148  48006701  bl      glue_SetEmulatorRegister
FFDEC14C  80410014  lwz     r2, 0x14(r1)
FFDEC150  81810068  lwz     r12, 0x68(r1)
FFDEC154  83E1005C  lwz     r31, 0x5C(r1)
FFDEC158  7D8803A6  mtspr   LR, r12
FFDEC15C  30210060  addic   r1, r1, 0x60
FFDEC160  4E800020  blr

sub_FFDEC164:
FFDEC164  BFC1FFF8  stmw    r30, -0x8(r1)
FFDEC168  7C9F0734  extsh   r31, r4
FFDEC16C  7C0802A6  mfspr   r0, LR
FFDEC170  38800000  li      r4, 0x0
FFDEC174  90010008  stw     r0, 0x8(r1)
FFDEC178  9421FF70  stwu    r1, -0x90(r1)
FFDEC17C  9061007C  stw     r3, 0x7C(r1)
FFDEC180  90810038  stw     r4, 0x38(r1)
FFDEC184  30610044  addic   r3, r1, 0x44
FFDEC188  38800001  li      r4, 0x1
FFDEC18C  38A00001  li      r5, 0x1
FFDEC190  38C00000  li      r6, 0x0
FFDEC194  38E00000  li      r7, 0x0
FFDEC198  4BFFCB29  bl      sub_FFDE8CC0
FFDEC19C  8061007C  lwz     r3, 0x7C(r1)
FFDEC1A0  30810038  addic   r4, r1, 0x38
FFDEC1A4  30C1003C  addic   r6, r1, 0x3C
FFDEC1A8  30E10040  addic   r7, r1, 0x40
FFDEC1AC  30A10044  addic   r5, r1, 0x44
FFDEC1B0  4BFFE785  bl      sub_FFDEA934
FFDEC1B4  7C7E0735  extsh.  r30, r3
FFDEC1B8  8061003C  lwz     r3, 0x3C(r1)
FFDEC1BC  80810038  lwz     r4, 0x38(r1)
FFDEC1C0  40820034  bne     loc_FFDEC1F4
FFDEC1C4  80630000  lwz     r3, 0x0(r3)
FFDEC1C8  7C632014  addc    r3, r3, r4
FFDEC1CC  80830004  lwz     r4, 0x4(r3)
FFDEC1D0  53E4C00E  insrwi  r4, r31, 8, 0
FFDEC1D4  90830004  stw     r4, 0x4(r3)
FFDEC1D8  8061003C  lwz     r3, 0x3C(r1)
FFDEC1DC  80630000  lwz     r3, 0x0(r3)
FFDEC1E0  88830016  lbz     r4, 0x16(r3)
FFDEC1E4  60840020  ori     r4, r4, 0x20
FFDEC1E8  98830016  stb     r4, 0x16(r3)
FFDEC1EC  8061003C  lwz     r3, 0x3C(r1)
FFDEC1F0  48002941  bl      sub_FFDEEB30
loc_FFDEC1F4:
FFDEC1F4  38DE0000  addi    r6, r30, 0x0
FFDEC1F8  30610044  addic   r3, r1, 0x44
FFDEC1FC  38800001  li      r4, 0x1
FFDEC200  38A00001  li      r5, 0x1
FFDEC204  4BFFCCC5  bl      sub_FFDE8EC8
FFDEC208  81810098  lwz     r12, 0x98(r1)
FFDEC20C  30210090  addic   r1, r1, 0x90
FFDEC210  7D8803A6  mtspr   LR, r12
FFDEC214  BBC1FFF8  lmw     r30, -0x8(r1)
FFDEC218  4E800020  blr

__GetResInfo:
FFDEC21C  9421FFA0  stwu    r1, -0x60(r1)
FFDEC220  90610044  stw     r3, 0x44(r1)
FFDEC224  7C0802A6  mfspr   r0, LR
FFDEC228  90810048  stw     r4, 0x48(r1)
FFDEC22C  90010068  stw     r0, 0x68(r1)
FFDEC230  90A1004C  stw     r5, 0x4C(r1)
FFDEC234  90C10050  stw     r6, 0x50(r1)
FFDEC238  38600001  li      r3, 0x1
FFDEC23C  480065E9  bl      glue_GetEmulatorRegister
FFDEC240  80410014  lwz     r2, 0x14(r1)
FFDEC244  90610038  stw     r3, 0x38(r1)
FFDEC248  38600002  li      r3, 0x2
FFDEC24C  480065D9  bl      glue_GetEmulatorRegister
FFDEC250  80410014  lwz     r2, 0x14(r1)
FFDEC254  9061003C  stw     r3, 0x3C(r1)
FFDEC258  38600005  li      r3, 0x5
FFDEC25C  480065C9  bl      glue_GetEmulatorRegister
FFDEC260  80410014  lwz     r2, 0x14(r1)
FFDEC264  90610054  stw     r3, 0x54(r1)
FFDEC268  80610044  lwz     r3, 0x44(r1)
FFDEC26C  80810048  lwz     r4, 0x48(r1)
FFDEC270  80A1004C  lwz     r5, 0x4C(r1)
FFDEC274  80C10050  lwz     r6, 0x50(r1)
FFDEC278  48000045  bl      sub_FFDEC2BC
FFDEC27C  80810038  lwz     r4, 0x38(r1)
FFDEC280  38600001  li      r3, 0x1
FFDEC284  480065C5  bl      glue_SetEmulatorRegister
FFDEC288  80410014  lwz     r2, 0x14(r1)
FFDEC28C  8081003C  lwz     r4, 0x3C(r1)
FFDEC290  38600002  li      r3, 0x2
FFDEC294  480065B5  bl      glue_SetEmulatorRegister
FFDEC298  80410014  lwz     r2, 0x14(r1)
FFDEC29C  80810054  lwz     r4, 0x54(r1)
FFDEC2A0  38600005  li      r3, 0x5
FFDEC2A4  480065A5  bl      glue_SetEmulatorRegister
FFDEC2A8  80410014  lwz     r2, 0x14(r1)
FFDEC2AC  81810068  lwz     r12, 0x68(r1)
FFDEC2B0  30210060  addic   r1, r1, 0x60
FFDEC2B4  7D8803A6  mtspr   LR, r12
FFDEC2B8  4E800020  blr

sub_FFDEC2BC:
FFDEC2BC  BF61FFEC  stmw    r27, -0x14(r1)
FFDEC2C0  3B640000  addi    r27, r4, 0x0
FFDEC2C4  3BE50000  addi    r31, r5, 0x0
FFDEC2C8  3BC60000  addi    r30, r6, 0x0
FFDEC2CC  7C0802A6  mfspr   r0, LR
FFDEC2D0  3BA00000  li      r29, 0x0
FFDEC2D4  90010008  stw     r0, 0x8(r1)
FFDEC2D8  9421FF60  stwu    r1, -0xA0(r1)
FFDEC2DC  9061007C  stw     r3, 0x7C(r1)
FFDEC2E0  93A10038  stw     r29, 0x38(r1)
FFDEC2E4  30610044  addic   r3, r1, 0x44
FFDEC2E8  38800001  li      r4, 0x1
FFDEC2EC  38A00001  li      r5, 0x1
FFDEC2F0  38C00000  li      r6, 0x0
FFDEC2F4  38E00000  li      r7, 0x0
FFDEC2F8  4BFFC9C9  bl      sub_FFDE8CC0
FFDEC2FC  8061007C  lwz     r3, 0x7C(r1)
FFDEC300  30810038  addic   r4, r1, 0x38
FFDEC304  30C1003C  addic   r6, r1, 0x3C
FFDEC308  30E10040  addic   r7, r1, 0x40
FFDEC30C  30A10044  addic   r5, r1, 0x44
FFDEC310  4BFFE625  bl      sub_FFDEA934
FFDEC314  7C7C0735  extsh.  r28, r3
FFDEC318  2C9F0000  cmpwi   cr1, r31, 0x0
FFDEC31C  2F1B0000  cmpwi   cr6, r27, 0x0
FFDEC320  2F9E0000  cmpwi   cr7, r30, 0x0
FFDEC324  40820074  bne     loc_FFDEC398
FFDEC328  3C600001  lis     r3, 0x0001
FFDEC32C  3103FFFF  addic   r8, r3, -0x1
FFDEC330  80610040  lwz     r3, 0x40(r1)
FFDEC334  41860008  beq     cr1, loc_FFDEC33C
FFDEC338  907F0000  stw     r3, 0x0(r31)
loc_FFDEC33C:
FFDEC33C  8061003C  lwz     r3, 0x3C(r1)
FFDEC340  81410038  lwz     r10, 0x38(r1)
FFDEC344  80630000  lwz     r3, 0x0(r3)
FFDEC348  7D235014  addc    r9, r3, r10
FFDEC34C  419A000C  beq     cr6, loc_FFDEC358
FFDEC350  7C6352AE  lhax    r3, r3, r10
FFDEC354  B07B0000  sth     r3, 0x0(r27)
loc_FFDEC358:
FFDEC358  419E0040  beq     cr7, loc_FFDEC398
FFDEC35C  A1290002  lhz     r9, 0x2(r9)
FFDEC360  8061003C  lwz     r3, 0x3C(r1)
FFDEC364  7C894000  cmpw    cr1, r9, r8
FFDEC368  389E0000  addi    r4, r30, 0x0
FFDEC36C  41860028  beq     cr1, loc_FFDEC394
FFDEC370  80630000  lwz     r3, 0x0(r3)
FFDEC374  A103001A  lhz     r8, 0x1A(r3)
FFDEC378  7C634014  addc    r3, r3, r8
FFDEC37C  7D0918AE  lbzx    r8, r9, r3
FFDEC380  7C691814  addc    r3, r9, r3
FFDEC384  30A80001  addic   r5, r8, 0x1
FFDEC388  48006D2D  bl      glue_BlockMoveData
FFDEC38C  80410014  lwz     r2, 0x14(r1)
FFDEC390  48000008  b       loc_FFDEC398
loc_FFDEC394:
FFDEC394  9BBE0000  stb     r29, 0x0(r30)
loc_FFDEC398:
FFDEC398  38DC0000  addi    r6, r28, 0x0
FFDEC39C  30610044  addic   r3, r1, 0x44
FFDEC3A0  38800001  li      r4, 0x1
FFDEC3A4  38A00001  li      r5, 0x1
FFDEC3A8  4BFFCB21  bl      sub_FFDE8EC8
FFDEC3AC  818100A8  lwz     r12, 0xA8(r1)
FFDEC3B0  302100A0  addic   r1, r1, 0xA0
FFDEC3B4  7D8803A6  mtspr   LR, r12
FFDEC3B8  BB61FFEC  lmw     r27, -0x14(r1)
FFDEC3BC  4E800020  blr

__LoadResource:
FFDEC3C0  9421FFA0  stwu    r1, -0x60(r1)
FFDEC3C4  90610044  stw     r3, 0x44(r1)
FFDEC3C8  7C0802A6  mfspr   r0, LR
FFDEC3CC  38600001  li      r3, 0x1
FFDEC3D0  90010068  stw     r0, 0x68(r1)
FFDEC3D4  48006451  bl      glue_GetEmulatorRegister
FFDEC3D8  80410014  lwz     r2, 0x14(r1)
FFDEC3DC  90610038  stw     r3, 0x38(r1)
FFDEC3E0  38600002  li      r3, 0x2
FFDEC3E4  48006441  bl      glue_GetEmulatorRegister
FFDEC3E8  80410014  lwz     r2, 0x14(r1)
FFDEC3EC  9061003C  stw     r3, 0x3C(r1)
FFDEC3F0  38600005  li      r3, 0x5
FFDEC3F4  48006431  bl      glue_GetEmulatorRegister
FFDEC3F8  80410014  lwz     r2, 0x14(r1)
FFDEC3FC  90610048  stw     r3, 0x48(r1)
FFDEC400  38600000  li      r3, 0x0
FFDEC404  48006421  bl      glue_GetEmulatorRegister
FFDEC408  80410014  lwz     r2, 0x14(r1)
FFDEC40C  9061004C  stw     r3, 0x4C(r1)
FFDEC410  38600004  li      r3, 0x4
FFDEC414  48006411  bl      glue_GetEmulatorRegister
FFDEC418  80410014  lwz     r2, 0x14(r1)
FFDEC41C  90610050  stw     r3, 0x50(r1)
FFDEC420  80610044  lwz     r3, 0x44(r1)
FFDEC424  38800001  li      r4, 0x1
FFDEC428  48000065  bl      sub_FFDEC48C
FFDEC42C  8081004C  lwz     r4, 0x4C(r1)
FFDEC430  38600000  li      r3, 0x0
FFDEC434  48006415  bl      glue_SetEmulatorRegister
FFDEC438  80410014  lwz     r2, 0x14(r1)
FFDEC43C  80810050  lwz     r4, 0x50(r1)
FFDEC440  38600004  li      r3, 0x4
FFDEC444  48006405  bl      glue_SetEmulatorRegister
FFDEC448  80410014  lwz     r2, 0x14(r1)
FFDEC44C  80810038  lwz     r4, 0x38(r1)
FFDEC450  38600001  li      r3, 0x1
FFDEC454  480063F5  bl      glue_SetEmulatorRegister
FFDEC458  80410014  lwz     r2, 0x14(r1)
FFDEC45C  8081003C  lwz     r4, 0x3C(r1)
FFDEC460  38600002  li      r3, 0x2
FFDEC464  480063E5  bl      glue_SetEmulatorRegister
FFDEC468  80410014  lwz     r2, 0x14(r1)
FFDEC46C  80810048  lwz     r4, 0x48(r1)
FFDEC470  38600005  li      r3, 0x5
FFDEC474  480063D5  bl      glue_SetEmulatorRegister
FFDEC478  80410014  lwz     r2, 0x14(r1)
FFDEC47C  81810068  lwz     r12, 0x68(r1)
FFDEC480  30210060  addic   r1, r1, 0x60
FFDEC484  7D8803A6  mtspr   LR, r12
FFDEC488  4E800020  blr

sub_FFDEC48C:
FFDEC48C  BFC1FFF8  stmw    r30, -0x8(r1)
FFDEC490  5487063E  clrlwi  r7, r4, 24
FFDEC494  7C0802A6  mfspr   r0, LR
FFDEC498  3BE30000  addi    r31, r3, 0x0
FFDEC49C  90010008  stw     r0, 0x8(r1)
FFDEC4A0  9421FF70  stwu    r1, -0x90(r1)
FFDEC4A4  30610044  addic   r3, r1, 0x44
FFDEC4A8  38800001  li      r4, 0x1
FFDEC4AC  38A00001  li      r5, 0x1
FFDEC4B0  38C00000  li      r6, 0x0
FFDEC4B4  4BFFC80D  bl      sub_FFDE8CC0
FFDEC4B8  30810038  addic   r4, r1, 0x38
FFDEC4BC  30C1003C  addic   r6, r1, 0x3C
FFDEC4C0  30E10040  addic   r7, r1, 0x40
FFDEC4C4  387F0000  addi    r3, r31, 0x0
FFDEC4C8  30A10044  addic   r5, r1, 0x44
FFDEC4CC  4BFFE469  bl      sub_FFDEA934
FFDEC4D0  7C7E0735  extsh.  r30, r3
FFDEC4D4  2C9F0000  cmpwi   cr1, r31, 0x0
FFDEC4D8  40820060  bne     loc_FFDEC538
FFDEC4DC  801F0000  lwz     r0, 0x0(r31)
FFDEC4E0  2C000000  cmpwi   cr0, r0, 0x0
FFDEC4E4  40820070  bne     loc_FFDEC554
FFDEC4E8  48006439  bl      glue_LMGetResLoad
FFDEC4EC  80410014  lwz     r2, 0x14(r1)
FFDEC4F0  547F063E  clrlwi  r31, r3, 24
FFDEC4F4  38600001  li      r3, 0x1
FFDEC4F8  48006471  bl      glue_LMSetResLoad
FFDEC4FC  80410014  lwz     r2, 0x14(r1)
FFDEC500  8061003C  lwz     r3, 0x3C(r1)
FFDEC504  80810038  lwz     r4, 0x38(r1)
FFDEC508  80A10040  lwz     r5, 0x40(r1)
FFDEC50C  30C10044  addic   r6, r1, 0x44
FFDEC510  4BFFDD05  bl      sub_FFDEA214
FFDEC514  7C7E0734  extsh   r30, r3
FFDEC518  387F0000  addi    r3, r31, 0x0
FFDEC51C  4800644D  bl      glue_LMSetResLoad
FFDEC520  80410014  lwz     r2, 0x14(r1)
FFDEC524  38DE0000  addi    r6, r30, 0x0
FFDEC528  30610044  addic   r3, r1, 0x44
FFDEC52C  38800001  li      r4, 0x1
FFDEC530  38A00001  li      r5, 0x1
FFDEC534  48000030  b       loc_FFDEC564
loc_FFDEC538:
FFDEC538  4186001C  beq     cr1, loc_FFDEC554
FFDEC53C  83FF0000  lwz     r31, 0x0(r31)
FFDEC540  4800661D  bl      glue_LMGetROMBase
FFDEC544  80410014  lwz     r2, 0x14(r1)
FFDEC548  7C1F1840  cmplw   r31, r3
FFDEC54C  40810008  ble     loc_FFDEC554
FFDEC550  3BC00000  li      r30, 0x0
loc_FFDEC554:
FFDEC554  38DE0000  addi    r6, r30, 0x0
FFDEC558  30610044  addic   r3, r1, 0x44
FFDEC55C  38800001  li      r4, 0x1
FFDEC560  38A00001  li      r5, 0x1
loc_FFDEC564:
FFDEC564  4BFFC965  bl      sub_FFDE8EC8
FFDEC568  81810098  lwz     r12, 0x98(r1)
FFDEC56C  30210090  addic   r1, r1, 0x90
FFDEC570  7D8803A6  mtspr   LR, r12
FFDEC574  BBC1FFF8  lmw     r30, -0x8(r1)
FFDEC578  4E800020  blr

__HomeResFile:
FFDEC57C  7C0802A6  mfspr   r0, LR
FFDEC580  93E1FFFC  stw     r31, -0x4(r1)
FFDEC584  90010008  stw     r0, 0x8(r1)
FFDEC588  9421FFA0  stwu    r1, -0x60(r1)
FFDEC58C  90610044  stw     r3, 0x44(r1)
FFDEC590  38600001  li      r3, 0x1
FFDEC594  48006291  bl      glue_GetEmulatorRegister
FFDEC598  80410014  lwz     r2, 0x14(r1)
FFDEC59C  90610038  stw     r3, 0x38(r1)
FFDEC5A0  38600002  li      r3, 0x2
FFDEC5A4  48006281  bl      glue_GetEmulatorRegister
FFDEC5A8  80410014  lwz     r2, 0x14(r1)
FFDEC5AC  9061003C  stw     r3, 0x3C(r1)
FFDEC5B0  38600005  li      r3, 0x5
FFDEC5B4  48006271  bl      glue_GetEmulatorRegister
FFDEC5B8  80410014  lwz     r2, 0x14(r1)
FFDEC5BC  90610048  stw     r3, 0x48(r1)
FFDEC5C0  80610044  lwz     r3, 0x44(r1)
FFDEC5C4  48000051  bl      sub_FFDEC614
FFDEC5C8  7C7F0734  extsh   r31, r3
FFDEC5CC  80810038  lwz     r4, 0x38(r1)
FFDEC5D0  38600001  li      r3, 0x1
FFDEC5D4  48006275  bl      glue_SetEmulatorRegister
FFDEC5D8  80410014  lwz     r2, 0x14(r1)
FFDEC5DC  8081003C  lwz     r4, 0x3C(r1)
FFDEC5E0  38600002  li      r3, 0x2
FFDEC5E4  48006265  bl      glue_SetEmulatorRegister
FFDEC5E8  80410014  lwz     r2, 0x14(r1)
FFDEC5EC  80810048  lwz     r4, 0x48(r1)
FFDEC5F0  38600005  li      r3, 0x5
FFDEC5F4  48006255  bl      glue_SetEmulatorRegister
FFDEC5F8  80410014  lwz     r2, 0x14(r1)
FFDEC5FC  387F0000  addi    r3, r31, 0x0
FFDEC600  81810068  lwz     r12, 0x68(r1)
FFDEC604  83E1005C  lwz     r31, 0x5C(r1)
FFDEC608  7D8803A6  mtspr   LR, r12
FFDEC60C  30210060  addic   r1, r1, 0x60
FFDEC610  4E800020  blr

sub_FFDEC614:
FFDEC614  BFC1FFF8  stmw    r30, -0x8(r1)
FFDEC618  7C0802A6  mfspr   r0, LR
FFDEC61C  3BE0FFFF  li      r31, -0x1
FFDEC620  90010008  stw     r0, 0x8(r1)
FFDEC624  9421FF70  stwu    r1, -0x90(r1)
FFDEC628  9061007C  stw     r3, 0x7C(r1)
FFDEC62C  30610044  addic   r3, r1, 0x44
FFDEC630  38800001  li      r4, 0x1
FFDEC634  38A00001  li      r5, 0x1
FFDEC638  38C00000  li      r6, 0x0
FFDEC63C  38E00000  li      r7, 0x0
FFDEC640  4BFFC681  bl      sub_FFDE8CC0
FFDEC644  8061007C  lwz     r3, 0x7C(r1)
FFDEC648  30810038  addic   r4, r1, 0x38
FFDEC64C  30C1003C  addic   r6, r1, 0x3C
FFDEC650  30E10040  addic   r7, r1, 0x40
FFDEC654  30A10044  addic   r5, r1, 0x44
FFDEC658  4BFFE2DD  bl      sub_FFDEA934
FFDEC65C  7C7E0735  extsh.  r30, r3
FFDEC660  8061003C  lwz     r3, 0x3C(r1)
FFDEC664  40820028  bne     loc_FFDEC68C
FFDEC668  80630000  lwz     r3, 0x0(r3)
FFDEC66C  A0630014  lhz     r3, 0x14(r3)
FFDEC670  7C7F0734  extsh   r31, r3
FFDEC674  4800633D  bl      glue_LMGetSysMap
FFDEC678  80410014  lwz     r2, 0x14(r1)
FFDEC67C  7C630734  extsh   r3, r3
FFDEC680  7C1F1800  cmpw    r31, r3
FFDEC684  40820008  bne     loc_FFDEC68C
FFDEC688  3BE00000  li      r31, 0x0
loc_FFDEC68C:
FFDEC68C  38DE0000  addi    r6, r30, 0x0
FFDEC690  30610044  addic   r3, r1, 0x44
FFDEC694  38800001  li      r4, 0x1
FFDEC698  38A00001  li      r5, 0x1
FFDEC69C  4BFFC82D  bl      sub_FFDE8EC8
FFDEC6A0  387F0000  addi    r3, r31, 0x0
FFDEC6A4  81810098  lwz     r12, 0x98(r1)
FFDEC6A8  30210090  addic   r1, r1, 0x90
FFDEC6AC  7D8803A6  mtspr   LR, r12
FFDEC6B0  BBC1FFF8  lmw     r30, -0x8(r1)
FFDEC6B4  4E800020  blr

__ReleaseResource:
FFDEC6B8  9421FFB0  stwu    r1, -0x50(r1)
FFDEC6BC  90610044  stw     r3, 0x44(r1)
FFDEC6C0  7C0802A6  mfspr   r0, LR
FFDEC6C4  38600001  li      r3, 0x1
FFDEC6C8  90010058  stw     r0, 0x58(r1)
FFDEC6CC  48006159  bl      glue_GetEmulatorRegister
FFDEC6D0  80410014  lwz     r2, 0x14(r1)
FFDEC6D4  90610038  stw     r3, 0x38(r1)
FFDEC6D8  38600002  li      r3, 0x2
FFDEC6DC  48006149  bl      glue_GetEmulatorRegister
FFDEC6E0  80410014  lwz     r2, 0x14(r1)
FFDEC6E4  9061003C  stw     r3, 0x3C(r1)
FFDEC6E8  38600005  li      r3, 0x5
FFDEC6EC  48006139  bl      glue_GetEmulatorRegister
FFDEC6F0  80410014  lwz     r2, 0x14(r1)
FFDEC6F4  90610048  stw     r3, 0x48(r1)
FFDEC6F8  80610044  lwz     r3, 0x44(r1)
FFDEC6FC  48000045  bl      sub_FFDEC740
FFDEC700  80810038  lwz     r4, 0x38(r1)
FFDEC704  38600001  li      r3, 0x1
FFDEC708  48006141  bl      glue_SetEmulatorRegister
FFDEC70C  80410014  lwz     r2, 0x14(r1)
FFDEC710  8081003C  lwz     r4, 0x3C(r1)
FFDEC714  38600002  li      r3, 0x2
FFDEC718  48006131  bl      glue_SetEmulatorRegister
FFDEC71C  80410014  lwz     r2, 0x14(r1)
FFDEC720  80810048  lwz     r4, 0x48(r1)
FFDEC724  38600005  li      r3, 0x5
FFDEC728  48006121  bl      glue_SetEmulatorRegister
FFDEC72C  80410014  lwz     r2, 0x14(r1)
FFDEC730  81810058  lwz     r12, 0x58(r1)
FFDEC734  30210050  addic   r1, r1, 0x50
FFDEC738  7D8803A6  mtspr   LR, r12
FFDEC73C  4E800020  blr

sub_FFDEC740:
FFDEC740  7C0802A6  mfspr   r0, LR
FFDEC744  BFC1FFF8  stmw    r30, -0x8(r1)
FFDEC748  90010008  stw     r0, 0x8(r1)
FFDEC74C  9421FF70  stwu    r1, -0x90(r1)
FFDEC750  9061007C  stw     r3, 0x7C(r1)
FFDEC754  30610044  addic   r3, r1, 0x44
FFDEC758  38800001  li      r4, 0x1
FFDEC75C  38A00001  li      r5, 0x1
FFDEC760  38C00000  li      r6, 0x0
FFDEC764  38E00001  li      r7, 0x1
FFDEC768  4BFFC559  bl      sub_FFDE8CC0
FFDEC76C  8061007C  lwz     r3, 0x7C(r1)
FFDEC770  30810038  addic   r4, r1, 0x38
FFDEC774  30C1003C  addic   r6, r1, 0x3C
FFDEC778  30E10040  addic   r7, r1, 0x40
FFDEC77C  30A10044  addic   r5, r1, 0x44
FFDEC780  4BFFE1B5  bl      sub_FFDEA934
FFDEC784  7C7E0735  extsh.  r30, r3
FFDEC788  8081003C  lwz     r4, 0x3C(r1)
FFDEC78C  40820054  bne     loc_FFDEC7E0
FFDEC790  80840000  lwz     r4, 0x0(r4)
FFDEC794  80E10038  lwz     r7, 0x38(r1)
FFDEC798  A0C40014  lhz     r6, 0x14(r4)
FFDEC79C  7FE43814  addc    r31, r4, r7
FFDEC7A0  2C860003  cmpwi   cr1, r6, 0x3
FFDEC7A4  4186003C  beq     cr1, loc_FFDEC7E0
FFDEC7A8  809F0004  lwz     r4, 0x4(r31)
FFDEC7AC  5484463E  srwi    r4, r4, 24
FFDEC7B0  7C801120  mtcrf   0x01, r4
FFDEC7B4  419E002C  beq     cr7, loc_FFDEC7E0
FFDEC7B8  807F0008  lwz     r3, 0x8(r31)
FFDEC7BC  480066DD  bl      glue_DisposeHandle
FFDEC7C0  80410014  lwz     r2, 0x14(r1)
FFDEC7C4  80610040  lwz     r3, 0x40(r1)
FFDEC7C8  480011E1  bl      sub_FFDED9A8
FFDEC7CC  38800000  li      r4, 0x0
FFDEC7D0  909F0008  stw     r4, 0x8(r31)
FFDEC7D4  38600000  li      r3, 0x0
FFDEC7D8  480068B9  bl      glue_LMSetHSCHndl
FFDEC7DC  80410014  lwz     r2, 0x14(r1)
loc_FFDEC7E0:
FFDEC7E0  38DE0000  addi    r6, r30, 0x0
FFDEC7E4  30610044  addic   r3, r1, 0x44
FFDEC7E8  38800001  li      r4, 0x1
FFDEC7EC  38A00001  li      r5, 0x1
FFDEC7F0  4BFFC6D9  bl      sub_FFDE8EC8
FFDEC7F4  81810098  lwz     r12, 0x98(r1)
FFDEC7F8  30210090  addic   r1, r1, 0x90
FFDEC7FC  7D8803A6  mtspr   LR, r12
FFDEC800  BBC1FFF8  lmw     r30, -0x8(r1)
FFDEC804  4E800020  blr

__UseResFile:
FFDEC808  7C0802A6  mfspr   r0, LR
FFDEC80C  93E1FFFC  stw     r31, -0x4(r1)
FFDEC810  7C7F0734  extsh   r31, r3
FFDEC814  90010008  stw     r0, 0x8(r1)
FFDEC818  9421FFA0  stwu    r1, -0x60(r1)
FFDEC81C  38600001  li      r3, 0x1
FFDEC820  48006005  bl      glue_GetEmulatorRegister
FFDEC824  80410014  lwz     r2, 0x14(r1)
FFDEC828  90610038  stw     r3, 0x38(r1)
FFDEC82C  38600002  li      r3, 0x2
FFDEC830  48005FF5  bl      glue_GetEmulatorRegister
FFDEC834  80410014  lwz     r2, 0x14(r1)
FFDEC838  9061003C  stw     r3, 0x3C(r1)
FFDEC83C  38600005  li      r3, 0x5
FFDEC840  48005FE5  bl      glue_GetEmulatorRegister
FFDEC844  80410014  lwz     r2, 0x14(r1)
FFDEC848  90610044  stw     r3, 0x44(r1)
FFDEC84C  387F0000  addi    r3, r31, 0x0
FFDEC850  48000049  bl      sub_FFDEC898
FFDEC854  80810038  lwz     r4, 0x38(r1)
FFDEC858  38600001  li      r3, 0x1
FFDEC85C  48005FED  bl      glue_SetEmulatorRegister
FFDEC860  80410014  lwz     r2, 0x14(r1)
FFDEC864  8081003C  lwz     r4, 0x3C(r1)
FFDEC868  38600002  li      r3, 0x2
FFDEC86C  48005FDD  bl      glue_SetEmulatorRegister
FFDEC870  80410014  lwz     r2, 0x14(r1)
FFDEC874  80810044  lwz     r4, 0x44(r1)
FFDEC878  38600005  li      r3, 0x5
FFDEC87C  48005FCD  bl      glue_SetEmulatorRegister
FFDEC880  80410014  lwz     r2, 0x14(r1)
FFDEC884  81810068  lwz     r12, 0x68(r1)
FFDEC888  83E1005C  lwz     r31, 0x5C(r1)
FFDEC88C  7D8803A6  mtspr   LR, r12
FFDEC890  30210060  addic   r1, r1, 0x60
FFDEC894  4E800020  blr

sub_FFDEC898:
FFDEC898  7C0802A6  mfspr   r0, LR
FFDEC89C  93E1FFFC  stw     r31, -0x4(r1)
FFDEC8A0  90010008  stw     r0, 0x8(r1)
FFDEC8A4  9421FF70  stwu    r1, -0x90(r1)
FFDEC8A8  7C7F0734  extsh   r31, r3
FFDEC8AC  3061003C  addic   r3, r1, 0x3C
FFDEC8B0  38800000  li      r4, 0x0
FFDEC8B4  38A00000  li      r5, 0x0
FFDEC8B8  38C00000  li      r6, 0x0
FFDEC8BC  38E00000  li      r7, 0x0
FFDEC8C0  4BFFC401  bl      sub_FFDE8CC0
FFDEC8C4  389F0000  addi    r4, r31, 0x0
FFDEC8C8  30610038  addic   r3, r1, 0x38
FFDEC8CC  30A1003C  addic   r5, r1, 0x3C
FFDEC8D0  4BFFC8A5  bl      sub_FFDE9174
FFDEC8D4  7C7F0735  extsh.  r31, r3
FFDEC8D8  80610038  lwz     r3, 0x38(r1)
FFDEC8DC  2C830000  cmpwi   cr1, r3, 0x0
FFDEC8E0  40820018  bne     loc_FFDEC8F8
FFDEC8E4  41860014  beq     cr1, loc_FFDEC8F8
FFDEC8E8  80630000  lwz     r3, 0x0(r3)
FFDEC8EC  A0630014  lhz     r3, 0x14(r3)
FFDEC8F0  48005FE9  bl      glue_LMSetCurMap
FFDEC8F4  80410014  lwz     r2, 0x14(r1)
loc_FFDEC8F8:
FFDEC8F8  38DF0000  addi    r6, r31, 0x0
FFDEC8FC  3061003C  addic   r3, r1, 0x3C
FFDEC900  38800000  li      r4, 0x0
FFDEC904  38A00000  li      r5, 0x0
FFDEC908  4BFFC5C1  bl      sub_FFDE8EC8
FFDEC90C  81810098  lwz     r12, 0x98(r1)
FFDEC910  83E1008C  lwz     r31, 0x8C(r1)
FFDEC914  7D8803A6  mtspr   LR, r12
FFDEC918  30210090  addic   r1, r1, 0x90
FFDEC91C  4E800020  blr

__ReadPartialResource:
FFDEC920  9421FFA0  stwu    r1, -0x60(r1)
FFDEC924  90610044  stw     r3, 0x44(r1)
FFDEC928  7C0802A6  mfspr   r0, LR
FFDEC92C  90810048  stw     r4, 0x48(r1)
FFDEC930  90010068  stw     r0, 0x68(r1)
FFDEC934  90A1004C  stw     r5, 0x4C(r1)
FFDEC938  90C10050  stw     r6, 0x50(r1)
FFDEC93C  38600001  li      r3, 0x1
FFDEC940  48005EE5  bl      glue_GetEmulatorRegister
FFDEC944  80410014  lwz     r2, 0x14(r1)
FFDEC948  90610038  stw     r3, 0x38(r1)
FFDEC94C  38600002  li      r3, 0x2
FFDEC950  48005ED5  bl      glue_GetEmulatorRegister
FFDEC954  80410014  lwz     r2, 0x14(r1)
FFDEC958  9061003C  stw     r3, 0x3C(r1)
FFDEC95C  38600005  li      r3, 0x5
FFDEC960  48005EC5  bl      glue_GetEmulatorRegister
FFDEC964  80410014  lwz     r2, 0x14(r1)
FFDEC968  90610054  stw     r3, 0x54(r1)
FFDEC96C  80610044  lwz     r3, 0x44(r1)
FFDEC970  80810048  lwz     r4, 0x48(r1)
FFDEC974  80A1004C  lwz     r5, 0x4C(r1)
FFDEC978  80C10050  lwz     r6, 0x50(r1)
FFDEC97C  48000045  bl      sub_FFDEC9C0
FFDEC980  80810038  lwz     r4, 0x38(r1)
FFDEC984  38600001  li      r3, 0x1
FFDEC988  48005EC1  bl      glue_SetEmulatorRegister
FFDEC98C  80410014  lwz     r2, 0x14(r1)
FFDEC990  8081003C  lwz     r4, 0x3C(r1)
FFDEC994  38600002  li      r3, 0x2
FFDEC998  48005EB1  bl      glue_SetEmulatorRegister
FFDEC99C  80410014  lwz     r2, 0x14(r1)
FFDEC9A0  80810054  lwz     r4, 0x54(r1)
FFDEC9A4  38600005  li      r3, 0x5
FFDEC9A8  48005EA1  bl      glue_SetEmulatorRegister
FFDEC9AC  80410014  lwz     r2, 0x14(r1)
FFDEC9B0  81810068  lwz     r12, 0x68(r1)
FFDEC9B4  30210060  addic   r1, r1, 0x60
FFDEC9B8  7D8803A6  mtspr   LR, r12
FFDEC9BC  4E800020  blr

sub_FFDEC9C0:
FFDEC9C0  7C0802A6  mfspr   r0, LR
FFDEC9C4  93E1FFFC  stw     r31, -0x4(r1)
FFDEC9C8  3BE40000  addi    r31, r4, 0x0
FFDEC9CC  90010008  stw     r0, 0x8(r1)
FFDEC9D0  9421FF60  stwu    r1, -0xA0(r1)
FFDEC9D4  9061007C  stw     r3, 0x7C(r1)
FFDEC9D8  90A10080  stw     r5, 0x80(r1)
FFDEC9DC  90C10084  stw     r6, 0x84(r1)
FFDEC9E0  30610044  addic   r3, r1, 0x44
FFDEC9E4  38800001  li      r4, 0x1
FFDEC9E8  38A00001  li      r5, 0x1
FFDEC9EC  38C00000  li      r6, 0x0
FFDEC9F0  38E00000  li      r7, 0x0
FFDEC9F4  4BFFC2CD  bl      sub_FFDE8CC0
FFDEC9F8  8061007C  lwz     r3, 0x7C(r1)
FFDEC9FC  30810038  addic   r4, r1, 0x38
FFDECA00  30C1003C  addic   r6, r1, 0x3C
FFDECA04  30E10040  addic   r7, r1, 0x40
FFDECA08  30A10044  addic   r5, r1, 0x44
FFDECA0C  4BFFDF29  bl      sub_FFDEA934
FFDECA10  7C660735  extsh.  r6, r3
FFDECA14  80810080  lwz     r4, 0x80(r1)
FFDECA18  8061003C  lwz     r3, 0x3C(r1)
FFDECA1C  80A10038  lwz     r5, 0x38(r1)
FFDECA20  40820028  bne     loc_FFDECA48
FFDECA24  80030000  lwz     r0, 0x0(r3)
FFDECA28  80C10084  lwz     r6, 0x84(r1)
FFDECA2C  7CA02814  addc    r5, r0, r5
FFDECA30  80050004  lwz     r0, 0x4(r5)
FFDECA34  5400023E  clrlwi  r0, r0, 8
FFDECA38  30000004  addic   r0, r0, 0x4
FFDECA3C  7CA0F814  addc    r5, r0, r31
FFDECA40  4BFFD2D9  bl      sub_FFDE9D18
FFDECA44  7C660734  extsh   r6, r3
loc_FFDECA48:
FFDECA48  30610044  addic   r3, r1, 0x44
FFDECA4C  38800001  li      r4, 0x1
FFDECA50  38A00001  li      r5, 0x1
FFDECA54  4BFFC475  bl      sub_FFDE8EC8
FFDECA58  818100A8  lwz     r12, 0xA8(r1)
FFDECA5C  83E1009C  lwz     r31, 0x9C(r1)
FFDECA60  7D8803A6  mtspr   LR, r12
FFDECA64  302100A0  addic   r1, r1, 0xA0
FFDECA68  4E800020  blr

__SizeResource:
FFDECA6C  9421FFB0  stwu    r1, -0x50(r1)
FFDECA70  90610044  stw     r3, 0x44(r1)
FFDECA74  7C0802A6  mfspr   r0, LR
FFDECA78  38600001  li      r3, 0x1
FFDECA7C  90010058  stw     r0, 0x58(r1)
FFDECA80  48005DA5  bl      glue_GetEmulatorRegister
FFDECA84  80410014  lwz     r2, 0x14(r1)
FFDECA88  90610038  stw     r3, 0x38(r1)
FFDECA8C  38600002  li      r3, 0x2
FFDECA90  48005D95  bl      glue_GetEmulatorRegister
FFDECA94  80410014  lwz     r2, 0x14(r1)
FFDECA98  9061003C  stw     r3, 0x3C(r1)
FFDECA9C  38600005  li      r3, 0x5
FFDECAA0  48005D85  bl      glue_GetEmulatorRegister
FFDECAA4  80410014  lwz     r2, 0x14(r1)
FFDECAA8  90610048  stw     r3, 0x48(r1)
FFDECAAC  80610044  lwz     r3, 0x44(r1)
FFDECAB0  4800004D  bl      sub_FFDECAFC
FFDECAB4  9061004C  stw     r3, 0x4C(r1)
FFDECAB8  80810038  lwz     r4, 0x38(r1)
FFDECABC  38600001  li      r3, 0x1
FFDECAC0  48005D89  bl      glue_SetEmulatorRegister
FFDECAC4  80410014  lwz     r2, 0x14(r1)
FFDECAC8  8081003C  lwz     r4, 0x3C(r1)
FFDECACC  38600002  li      r3, 0x2
FFDECAD0  48005D79  bl      glue_SetEmulatorRegister
FFDECAD4  80410014  lwz     r2, 0x14(r1)
FFDECAD8  80810048  lwz     r4, 0x48(r1)
FFDECADC  38600005  li      r3, 0x5
FFDECAE0  48005D69  bl      glue_SetEmulatorRegister
FFDECAE4  80410014  lwz     r2, 0x14(r1)
FFDECAE8  8061004C  lwz     r3, 0x4C(r1)
FFDECAEC  81810058  lwz     r12, 0x58(r1)
FFDECAF0  30210050  addic   r1, r1, 0x50
FFDECAF4  7D8803A6  mtspr   LR, r12
FFDECAF8  4E800020  blr

sub_FFDECAFC:
FFDECAFC  BF81FFF0  stmw    r28, -0x10(r1)
FFDECB00  3BA30000  addi    r29, r3, 0x0
FFDECB04  7C0802A6  mfspr   r0, LR
FFDECB08  38600000  li      r3, 0x0
FFDECB0C  90010008  stw     r0, 0x8(r1)
FFDECB10  9421FF50  stwu    r1, -0xB0(r1)
FFDECB14  90610038  stw     r3, 0x38(r1)
FFDECB18  3BE0FFFF  li      r31, -0x1
FFDECB1C  30610060  addic   r3, r1, 0x60
FFDECB20  38800001  li      r4, 0x1
FFDECB24  38A00001  li      r5, 0x1
FFDECB28  38C00000  li      r6, 0x0
FFDECB2C  38E00000  li      r7, 0x0
FFDECB30  4BFFC191  bl      sub_FFDE8CC0
FFDECB34  30810038  addic   r4, r1, 0x38
FFDECB38  30C1003C  addic   r6, r1, 0x3C
FFDECB3C  30E10040  addic   r7, r1, 0x40
FFDECB40  387D0000  addi    r3, r29, 0x0
FFDECB44  30A10060  addic   r5, r1, 0x60
FFDECB48  4BFFDDED  bl      sub_FFDEA934
FFDECB4C  7C7E0735  extsh.  r30, r3
FFDECB50  2C9D0000  cmpwi   cr1, r29, 0x0
FFDECB54  40820060  bne     loc_FFDECBB4
FFDECB58  807D0000  lwz     r3, 0x0(r29)
FFDECB5C  8081003C  lwz     r4, 0x3C(r1)
FFDECB60  2C030000  cmpwi   cr0, r3, 0x0
FFDECB64  80610038  lwz     r3, 0x38(r1)
FFDECB68  30A10044  addic   r5, r1, 0x44
FFDECB6C  30C10048  addic   r6, r1, 0x48
FFDECB70  41820018  beq     loc_FFDECB88
FFDECB74  387D0000  addi    r3, r29, 0x0
FFDECB78  48005C65  bl      glue_GetHandleSize
FFDECB7C  80410014  lwz     r2, 0x14(r1)
FFDECB80  3BE30000  addi    r31, r3, 0x0
FFDECB84  4800004C  b       loc_FFDECBD0
loc_FFDECB88:
FFDECB88  81240000  lwz     r9, 0x0(r4)
FFDECB8C  7FA91814  addc    r29, r9, r3
FFDECB90  839D0004  lwz     r28, 0x4(r29)
FFDECB94  4BFFCAC9  bl      sub_FFDE965C
FFDECB98  7C7E0735  extsh.  r30, r3
FFDECB9C  807D0004  lwz     r3, 0x4(r29)
FFDECBA0  5383000E  rlwimi  r3, r28, 0, 0, 7
FFDECBA4  40820008  bne     loc_FFDECBAC
FFDECBA8  83E10044  lwz     r31, 0x44(r1)
loc_FFDECBAC:
FFDECBAC  907D0004  stw     r3, 0x4(r29)
FFDECBB0  48000020  b       loc_FFDECBD0
loc_FFDECBB4:
FFDECBB4  80620130  lwz     r3, 0x130(r2)                      ; TOC[+304] &data+90
FFDECBB8  80630000  lwz     r3, 0x0(r3)
FFDECBBC  41860014  beq     cr1, loc_FFDECBD0
FFDECBC0  7C1D1840  cmplw   r29, r3
FFDECBC4  4082000C  bne     loc_FFDECBD0
FFDECBC8  3BE00004  li      r31, 0x4
FFDECBCC  3BC00000  li      r30, 0x0
loc_FFDECBD0:
FFDECBD0  38DE0000  addi    r6, r30, 0x0
FFDECBD4  30610060  addic   r3, r1, 0x60
FFDECBD8  38800001  li      r4, 0x1
FFDECBDC  38A00001  li      r5, 0x1
FFDECBE0  4BFFC2E9  bl      sub_FFDE8EC8
FFDECBE4  387F0000  addi    r3, r31, 0x0
FFDECBE8  818100B8  lwz     r12, 0xB8(r1)
FFDECBEC  302100B0  addic   r1, r1, 0xB0
FFDECBF0  7D8803A6  mtspr   LR, r12
FFDECBF4  BB81FFF0  lmw     r28, -0x10(r1)
FFDECBF8  4E800020  blr

__UniqueID:
FFDECBFC  7C0802A6  mfspr   r0, LR
FFDECC00  93E1FFFC  stw     r31, -0x4(r1)
FFDECC04  90010008  stw     r0, 0x8(r1)
FFDECC08  9421FFA0  stwu    r1, -0x60(r1)
FFDECC0C  90610044  stw     r3, 0x44(r1)
FFDECC10  38600001  li      r3, 0x1
FFDECC14  48005C11  bl      glue_GetEmulatorRegister
FFDECC18  80410014  lwz     r2, 0x14(r1)
FFDECC1C  90610038  stw     r3, 0x38(r1)
FFDECC20  38600002  li      r3, 0x2
FFDECC24  48005C01  bl      glue_GetEmulatorRegister
FFDECC28  80410014  lwz     r2, 0x14(r1)
FFDECC2C  9061003C  stw     r3, 0x3C(r1)
FFDECC30  38600005  li      r3, 0x5
FFDECC34  48005BF1  bl      glue_GetEmulatorRegister
FFDECC38  80410014  lwz     r2, 0x14(r1)
FFDECC3C  90610048  stw     r3, 0x48(r1)
FFDECC40  80610044  lwz     r3, 0x44(r1)
FFDECC44  38800000  li      r4, 0x0
FFDECC48  480000ED  bl      sub_FFDECD34
FFDECC4C  7C7F0734  extsh   r31, r3
FFDECC50  80810038  lwz     r4, 0x38(r1)
FFDECC54  38600001  li      r3, 0x1
FFDECC58  48005BF1  bl      glue_SetEmulatorRegister
FFDECC5C  80410014  lwz     r2, 0x14(r1)
FFDECC60  8081003C  lwz     r4, 0x3C(r1)
FFDECC64  38600002  li      r3, 0x2
FFDECC68  48005BE1  bl      glue_SetEmulatorRegister
FFDECC6C  80410014  lwz     r2, 0x14(r1)
FFDECC70  80810048  lwz     r4, 0x48(r1)
FFDECC74  38600005  li      r3, 0x5
FFDECC78  48005BD1  bl      glue_SetEmulatorRegister
FFDECC7C  80410014  lwz     r2, 0x14(r1)
FFDECC80  387F0000  addi    r3, r31, 0x0
FFDECC84  81810068  lwz     r12, 0x68(r1)
FFDECC88  83E1005C  lwz     r31, 0x5C(r1)
FFDECC8C  7D8803A6  mtspr   LR, r12
FFDECC90  30210060  addic   r1, r1, 0x60
FFDECC94  4E800020  blr

__Unique1ID:
FFDECC98  7C0802A6  mfspr   r0, LR
FFDECC9C  93E1FFFC  stw     r31, -0x4(r1)
FFDECCA0  90010008  stw     r0, 0x8(r1)
FFDECCA4  9421FFA0  stwu    r1, -0x60(r1)
FFDECCA8  90610044  stw     r3, 0x44(r1)
FFDECCAC  38600001  li      r3, 0x1
FFDECCB0  48005B75  bl      glue_GetEmulatorRegister
FFDECCB4  80410014  lwz     r2, 0x14(r1)
FFDECCB8  90610038  stw     r3, 0x38(r1)
FFDECCBC  38600002  li      r3, 0x2
FFDECCC0  48005B65  bl      glue_GetEmulatorRegister
FFDECCC4  80410014  lwz     r2, 0x14(r1)
FFDECCC8  9061003C  stw     r3, 0x3C(r1)
FFDECCCC  38600005  li      r3, 0x5
FFDECCD0  48005B55  bl      glue_GetEmulatorRegister
FFDECCD4  80410014  lwz     r2, 0x14(r1)
FFDECCD8  90610048  stw     r3, 0x48(r1)
FFDECCDC  80610044  lwz     r3, 0x44(r1)
FFDECCE0  38800001  li      r4, 0x1
FFDECCE4  48000051  bl      sub_FFDECD34
FFDECCE8  7C7F0734  extsh   r31, r3
FFDECCEC  80810038  lwz     r4, 0x38(r1)
FFDECCF0  38600001  li      r3, 0x1
FFDECCF4  48005B55  bl      glue_SetEmulatorRegister
FFDECCF8  80410014  lwz     r2, 0x14(r1)
FFDECCFC  8081003C  lwz     r4, 0x3C(r1)
FFDECD00  38600002  li      r3, 0x2
FFDECD04  48005B45  bl      glue_SetEmulatorRegister
FFDECD08  80410014  lwz     r2, 0x14(r1)
FFDECD0C  80810048  lwz     r4, 0x48(r1)
FFDECD10  38600005  li      r3, 0x5
FFDECD14  48005B35  bl      glue_SetEmulatorRegister
FFDECD18  80410014  lwz     r2, 0x14(r1)
FFDECD1C  387F0000  addi    r3, r31, 0x0
FFDECD20  81810068  lwz     r12, 0x68(r1)
FFDECD24  83E1005C  lwz     r31, 0x5C(r1)
FFDECD28  7D8803A6  mtspr   LR, r12
FFDECD2C  30210060  addic   r1, r1, 0x60
FFDECD30  4E800020  blr

sub_FFDECD34:
FFDECD34  7C0802A6  mfspr   r0, LR
FFDECD38  5486063E  clrlwi  r6, r4, 24
FFDECD3C  93E1FFFC  stw     r31, -0x4(r1)
FFDECD40  90010008  stw     r0, 0x8(r1)
FFDECD44  9421FF70  stwu    r1, -0x90(r1)
FFDECD48  9061007C  stw     r3, 0x7C(r1)
FFDECD4C  30610044  addic   r3, r1, 0x44
FFDECD50  38800001  li      r4, 0x1
FFDECD54  38A00001  li      r5, 0x1
FFDECD58  38E00000  li      r7, 0x0
FFDECD5C  4BFFBF65  bl      sub_FFDE8CC0
loc_FFDECD60:
FFDECD60  30610038  addic   r3, r1, 0x38
FFDECD64  30810044  addic   r4, r1, 0x44
FFDECD68  4BFFC3A1  bl      sub_FFDE9108
FFDECD6C  4800636D  bl      glue_Random
FFDECD70  80410014  lwz     r2, 0x14(r1)
FFDECD74  7C7F0734  extsh   r31, r3
FFDECD78  2C1F0080  cmpwi   cr0, r31, 0x80
FFDECD7C  40800018  bge     loc_FFDECD94
loc_FFDECD80:
FFDECD80  48006359  bl      glue_Random
FFDECD84  80410014  lwz     r2, 0x14(r1)
FFDECD88  7C7F0734  extsh   r31, r3
FFDECD8C  2C9F0080  cmpwi   cr1, r31, 0x80
FFDECD90  4184FFF0  blt     cr1, loc_FFDECD80
loc_FFDECD94:
FFDECD94  80610038  lwz     r3, 0x38(r1)
FFDECD98  8081007C  lwz     r4, 0x7C(r1)
FFDECD9C  2C030000  cmpwi   cr0, r3, 0x0
FFDECDA0  30A1003C  addic   r5, r1, 0x3C
FFDECDA4  41820068  beq     loc_FFDECE0C
loc_FFDECDA8:
FFDECDA8  4BFFDD25  bl      sub_FFDEAACC
FFDECDAC  7C630735  extsh.  r3, r3
FFDECDB0  8081003C  lwz     r4, 0x3C(r1)
FFDECDB4  30A10040  addic   r5, r1, 0x40
FFDECDB8  80610038  lwz     r3, 0x38(r1)
FFDECDBC  40820030  bne     loc_FFDECDEC
FFDECDC0  4BFFD04D  bl      sub_FFDE9E0C
FFDECDC4  80610038  lwz     r3, 0x38(r1)
FFDECDC8  80C1003C  lwz     r6, 0x3C(r1)
FFDECDCC  80A30000  lwz     r5, 0x0(r3)
FFDECDD0  30810040  addic   r4, r1, 0x40
FFDECDD4  7CA62814  addc    r5, r6, r5
FFDECDD8  A0C50004  lhz     r6, 0x4(r5)
FFDECDDC  38BF0000  addi    r5, r31, 0x0
FFDECDE0  4BFFD249  bl      sub_FFDEA028
FFDECDE4  7C630735  extsh.  r3, r3
FFDECDE8  4182FF78  beq     loc_FFDECD60
loc_FFDECDEC:
FFDECDEC  80610038  lwz     r3, 0x38(r1)
FFDECDF0  30810044  addic   r4, r1, 0x44
FFDECDF4  4BFFBC49  bl      sub_FFDE8A3C
FFDECDF8  2C030000  cmpwi   cr0, r3, 0x0
FFDECDFC  90610038  stw     r3, 0x38(r1)
FFDECE00  8081007C  lwz     r4, 0x7C(r1)
FFDECE04  30A1003C  addic   r5, r1, 0x3C
FFDECE08  4082FFA0  bne     loc_FFDECDA8
loc_FFDECE0C:
FFDECE0C  30610044  addic   r3, r1, 0x44
FFDECE10  38800001  li      r4, 0x1
FFDECE14  38A00001  li      r5, 0x1
FFDECE18  38C00000  li      r6, 0x0
FFDECE1C  4BFFC0AD  bl      sub_FFDE8EC8
FFDECE20  387F0000  addi    r3, r31, 0x0
FFDECE24  81810098  lwz     r12, 0x98(r1)
FFDECE28  83E1008C  lwz     r31, 0x8C(r1)
FFDECE2C  7D8803A6  mtspr   LR, r12
FFDECE30  30210090  addic   r1, r1, 0x90
FFDECE34  4E800020  blr

__RsrcMapEntry:
FFDECE38  9421FFB0  stwu    r1, -0x50(r1)
FFDECE3C  90610044  stw     r3, 0x44(r1)
FFDECE40  7C0802A6  mfspr   r0, LR
FFDECE44  38600001  li      r3, 0x1
FFDECE48  90010058  stw     r0, 0x58(r1)
FFDECE4C  480059D9  bl      glue_GetEmulatorRegister
FFDECE50  80410014  lwz     r2, 0x14(r1)
FFDECE54  90610038  stw     r3, 0x38(r1)
FFDECE58  38600002  li      r3, 0x2
FFDECE5C  480059C9  bl      glue_GetEmulatorRegister
FFDECE60  80410014  lwz     r2, 0x14(r1)
FFDECE64  9061003C  stw     r3, 0x3C(r1)
FFDECE68  38600005  li      r3, 0x5
FFDECE6C  480059B9  bl      glue_GetEmulatorRegister
FFDECE70  80410014  lwz     r2, 0x14(r1)
FFDECE74  90610048  stw     r3, 0x48(r1)
FFDECE78  80610044  lwz     r3, 0x44(r1)
FFDECE7C  38800000  li      r4, 0x0
FFDECE80  4800004D  bl      sub_FFDECECC
FFDECE84  9061004C  stw     r3, 0x4C(r1)
FFDECE88  80810038  lwz     r4, 0x38(r1)
FFDECE8C  38600001  li      r3, 0x1
FFDECE90  480059B9  bl      glue_SetEmulatorRegister
FFDECE94  80410014  lwz     r2, 0x14(r1)
FFDECE98  8081003C  lwz     r4, 0x3C(r1)
FFDECE9C  38600002  li      r3, 0x2
FFDECEA0  480059A9  bl      glue_SetEmulatorRegister
FFDECEA4  80410014  lwz     r2, 0x14(r1)
FFDECEA8  80810048  lwz     r4, 0x48(r1)
FFDECEAC  38600005  li      r3, 0x5
FFDECEB0  48005999  bl      glue_SetEmulatorRegister
FFDECEB4  80410014  lwz     r2, 0x14(r1)
FFDECEB8  8061004C  lwz     r3, 0x4C(r1)
FFDECEBC  81810058  lwz     r12, 0x58(r1)
FFDECEC0  30210050  addic   r1, r1, 0x50
FFDECEC4  7D8803A6  mtspr   LR, r12
FFDECEC8  4E800020  blr

sub_FFDECECC:
FFDECECC  9421FF80  stwu    r1, -0x80(r1)
FFDECED0  9061007C  stw     r3, 0x7C(r1)
FFDECED4  5486063E  clrlwi  r6, r4, 24
FFDECED8  7C0802A6  mfspr   r0, LR
FFDECEDC  30610044  addic   r3, r1, 0x44
FFDECEE0  90010088  stw     r0, 0x88(r1)
FFDECEE4  3800FFFF  li      r0, -0x1
FFDECEE8  90010038  stw     r0, 0x38(r1)
FFDECEEC  38800001  li      r4, 0x1
FFDECEF0  38A00001  li      r5, 0x1
FFDECEF4  38E00000  li      r7, 0x0
FFDECEF8  4BFFBDC9  bl      sub_FFDE8CC0
FFDECEFC  8061007C  lwz     r3, 0x7C(r1)
FFDECF00  30810038  addic   r4, r1, 0x38
FFDECF04  30C1003C  addic   r6, r1, 0x3C
FFDECF08  30E10040  addic   r7, r1, 0x40
FFDECF0C  30A10044  addic   r5, r1, 0x44
FFDECF10  4BFFDA25  bl      sub_FFDEA934
FFDECF14  7C660734  extsh   r6, r3
FFDECF18  30610044  addic   r3, r1, 0x44
FFDECF1C  38800001  li      r4, 0x1
FFDECF20  38A00001  li      r5, 0x1
FFDECF24  4BFFBFA5  bl      sub_FFDE8EC8
FFDECF28  80610038  lwz     r3, 0x38(r1)
FFDECF2C  81810088  lwz     r12, 0x88(r1)
FFDECF30  30210080  addic   r1, r1, 0x80
FFDECF34  7D8803A6  mtspr   LR, r12
FFDECF38  4E800020  blr

__OpenResFile:
FFDECF3C  BFA1FFF4  stmw    r29, -0xC(r1)
FFDECF40  3BE30000  addi    r31, r3, 0x0
FFDECF44  7C0802A6  mfspr   r0, LR
FFDECF48  38600001  li      r3, 0x1
FFDECF4C  90010008  stw     r0, 0x8(r1)
FFDECF50  9421FFA0  stwu    r1, -0x60(r1)
FFDECF54  480058D1  bl      glue_GetEmulatorRegister
FFDECF58  80410014  lwz     r2, 0x14(r1)
FFDECF5C  90610038  stw     r3, 0x38(r1)
FFDECF60  38600002  li      r3, 0x2
FFDECF64  480058C1  bl      glue_GetEmulatorRegister
FFDECF68  80410014  lwz     r2, 0x14(r1)
FFDECF6C  9061003C  stw     r3, 0x3C(r1)
FFDECF70  38600005  li      r3, 0x5
FFDECF74  480058B1  bl      glue_GetEmulatorRegister
FFDECF78  80410014  lwz     r2, 0x14(r1)
FFDECF7C  90610044  stw     r3, 0x44(r1)
FFDECF80  480059A1  bl      glue_LMGetResLoad
FFDECF84  80410014  lwz     r2, 0x14(r1)
FFDECF88  547E063E  clrlwi  r30, r3, 24
FFDECF8C  38600000  li      r3, 0x0
FFDECF90  480059D9  bl      glue_LMSetResLoad
FFDECF94  80410014  lwz     r2, 0x14(r1)
FFDECF98  3C000001  lis     r0, 0x0001
FFDECF9C  3060E000  addic   r3, r0, -0x2000
FFDECFA0  4800615D  bl      glue_GetString
FFDECFA4  80410014  lwz     r2, 0x14(r1)
FFDECFA8  3BA30000  addi    r29, r3, 0x0
FFDECFAC  387E0000  addi    r3, r30, 0x0
FFDECFB0  480059B9  bl      glue_LMSetResLoad
FFDECFB4  80410014  lwz     r2, 0x14(r1)
FFDECFB8  2C1D0000  cmpwi   cr0, r29, 0x0
FFDECFBC  38600000  li      r3, 0x0
FFDECFC0  38800000  li      r4, 0x0
FFDECFC4  38BF0000  addi    r5, r31, 0x0
FFDECFC8  41820044  beq     loc_FFDED00C
FFDECFCC  801D0000  lwz     r0, 0x0(r29)
FFDECFD0  2C800000  cmpwi   cr1, r0, 0x0
FFDECFD4  7C00F840  cmplw   r0, r31
FFDECFD8  41860034  beq     cr1, loc_FFDED00C
FFDECFDC  40820030  bne     loc_FFDED00C
FFDECFE0  48006141  bl      glue_PrLoadDriver
FFDECFE4  80410014  lwz     r2, 0x14(r1)
FFDECFE8  7C630734  extsh   r3, r3
FFDECFEC  ABE00952  lha     r31, 0x952
FFDECFF0  48005ABD  bl      glue_LMSetResErr
FFDECFF4  80410014  lwz     r2, 0x14(r1)
FFDECFF8  80810038  lwz     r4, 0x38(r1)
FFDECFFC  38600001  li      r3, 0x1
FFDED000  48005849  bl      glue_SetEmulatorRegister
FFDED004  80410014  lwz     r2, 0x14(r1)
FFDED008  48000024  b       loc_FFDED02C
loc_FFDED00C:
FFDED00C  38C00000  li      r6, 0x0
FFDED010  38E00001  li      r7, 0x1
FFDED014  480001B5  bl      sub_FFDED1C8
FFDED018  7C7F0734  extsh   r31, r3
FFDED01C  80810038  lwz     r4, 0x38(r1)
FFDED020  38600001  li      r3, 0x1
FFDED024  48005825  bl      glue_SetEmulatorRegister
FFDED028  80410014  lwz     r2, 0x14(r1)
loc_FFDED02C:
FFDED02C  8081003C  lwz     r4, 0x3C(r1)
FFDED030  38600002  li      r3, 0x2
FFDED034  48005815  bl      glue_SetEmulatorRegister
FFDED038  80410014  lwz     r2, 0x14(r1)
FFDED03C  80810044  lwz     r4, 0x44(r1)
FFDED040  38600005  li      r3, 0x5
FFDED044  48005805  bl      glue_SetEmulatorRegister
FFDED048  80410014  lwz     r2, 0x14(r1)
FFDED04C  387F0000  addi    r3, r31, 0x0
FFDED050  81810068  lwz     r12, 0x68(r1)
FFDED054  30210060  addic   r1, r1, 0x60
FFDED058  7D8803A6  mtspr   LR, r12
FFDED05C  BBA1FFF4  lmw     r29, -0xC(r1)
FFDED060  4E800020  blr

__OpenRFPerm:
FFDED064  BFC1FFF8  stmw    r30, -0x8(r1)
FFDED068  7C0802A6  mfspr   r0, LR
FFDED06C  7C9E0734  extsh   r30, r4
FFDED070  90010008  stw     r0, 0x8(r1)
FFDED074  9421FFA0  stwu    r1, -0x60(r1)
FFDED078  90610044  stw     r3, 0x44(r1)
FFDED07C  7CBF0774  extsb   r31, r5
FFDED080  38600001  li      r3, 0x1
FFDED084  480057A1  bl      glue_GetEmulatorRegister
FFDED088  80410014  lwz     r2, 0x14(r1)
FFDED08C  90610038  stw     r3, 0x38(r1)
FFDED090  38600002  li      r3, 0x2
FFDED094  48005791  bl      glue_GetEmulatorRegister
FFDED098  80410014  lwz     r2, 0x14(r1)
FFDED09C  9061003C  stw     r3, 0x3C(r1)
FFDED0A0  38600005  li      r3, 0x5
FFDED0A4  48005781  bl      glue_GetEmulatorRegister
FFDED0A8  80410014  lwz     r2, 0x14(r1)
FFDED0AC  90610048  stw     r3, 0x48(r1)
FFDED0B0  387E0000  addi    r3, r30, 0x0
FFDED0B4  80A10044  lwz     r5, 0x44(r1)
FFDED0B8  38DF0000  addi    r6, r31, 0x0
FFDED0BC  38800000  li      r4, 0x0
FFDED0C0  38E00001  li      r7, 0x1
FFDED0C4  48000105  bl      sub_FFDED1C8
FFDED0C8  7C7F0734  extsh   r31, r3
FFDED0CC  80810038  lwz     r4, 0x38(r1)
FFDED0D0  38600001  li      r3, 0x1
FFDED0D4  48005775  bl      glue_SetEmulatorRegister
FFDED0D8  80410014  lwz     r2, 0x14(r1)
FFDED0DC  8081003C  lwz     r4, 0x3C(r1)
FFDED0E0  38600002  li      r3, 0x2
FFDED0E4  48005765  bl      glue_SetEmulatorRegister
FFDED0E8  80410014  lwz     r2, 0x14(r1)
FFDED0EC  80810048  lwz     r4, 0x48(r1)
FFDED0F0  38600005  li      r3, 0x5
FFDED0F4  48005755  bl      glue_SetEmulatorRegister
FFDED0F8  80410014  lwz     r2, 0x14(r1)
FFDED0FC  387F0000  addi    r3, r31, 0x0
FFDED100  81810068  lwz     r12, 0x68(r1)
FFDED104  30210060  addic   r1, r1, 0x60
FFDED108  7D8803A6  mtspr   LR, r12
FFDED10C  BBC1FFF8  lmw     r30, -0x8(r1)
FFDED110  4E800020  blr

__HOpenResFile:
FFDED114  BFC1FFF8  stmw    r30, -0x8(r1)
FFDED118  7C7E0734  extsh   r30, r3
FFDED11C  7C0802A6  mfspr   r0, LR
FFDED120  7CDF0774  extsb   r31, r6
FFDED124  90010008  stw     r0, 0x8(r1)
FFDED128  9421FFA0  stwu    r1, -0x60(r1)
FFDED12C  90810044  stw     r4, 0x44(r1)
FFDED130  90A10048  stw     r5, 0x48(r1)
FFDED134  38600001  li      r3, 0x1
FFDED138  480056ED  bl      glue_GetEmulatorRegister
FFDED13C  80410014  lwz     r2, 0x14(r1)
FFDED140  90610038  stw     r3, 0x38(r1)
FFDED144  38600002  li      r3, 0x2
FFDED148  480056DD  bl      glue_GetEmulatorRegister
FFDED14C  80410014  lwz     r2, 0x14(r1)
FFDED150  9061003C  stw     r3, 0x3C(r1)
FFDED154  38600005  li      r3, 0x5
FFDED158  480056CD  bl      glue_GetEmulatorRegister
FFDED15C  80410014  lwz     r2, 0x14(r1)
FFDED160  9061004C  stw     r3, 0x4C(r1)
FFDED164  387E0000  addi    r3, r30, 0x0
FFDED168  80810044  lwz     r4, 0x44(r1)
FFDED16C  80A10048  lwz     r5, 0x48(r1)
FFDED170  38DF0000  addi    r6, r31, 0x0
FFDED174  38E00001  li      r7, 0x1
FFDED178  48000051  bl      sub_FFDED1C8
FFDED17C  7C7F0734  extsh   r31, r3
FFDED180  80810038  lwz     r4, 0x38(r1)
FFDED184  38600001  li      r3, 0x1
FFDED188  480056C1  bl      glue_SetEmulatorRegister
FFDED18C  80410014  lwz     r2, 0x14(r1)
FFDED190  8081003C  lwz     r4, 0x3C(r1)
FFDED194  38600002  li      r3, 0x2
FFDED198  480056B1  bl      glue_SetEmulatorRegister
FFDED19C  80410014  lwz     r2, 0x14(r1)
FFDED1A0  8081004C  lwz     r4, 0x4C(r1)
FFDED1A4  38600005  li      r3, 0x5
FFDED1A8  480056A1  bl      glue_SetEmulatorRegister
FFDED1AC  80410014  lwz     r2, 0x14(r1)
FFDED1B0  387F0000  addi    r3, r31, 0x0
FFDED1B4  81810068  lwz     r12, 0x68(r1)
FFDED1B8  30210060  addic   r1, r1, 0x60
FFDED1BC  7D8803A6  mtspr   LR, r12
FFDED1C0  BBC1FFF8  lmw     r30, -0x8(r1)
FFDED1C4  4E800020  blr

sub_FFDED1C8:
FFDED1C8  BFC1FFF8  stmw    r30, -0x8(r1)
FFDED1CC  7CDF0774  extsb   r31, r6
FFDED1D0  7C0802A6  mfspr   r0, LR
FFDED1D4  7C7E0734  extsh   r30, r3
FFDED1D8  90010008  stw     r0, 0x8(r1)
FFDED1DC  9421FF70  stwu    r1, -0x90(r1)
FFDED1E0  90810078  stw     r4, 0x78(r1)
FFDED1E4  90A1007C  stw     r5, 0x7C(r1)
FFDED1E8  54E7063E  clrlwi  r7, r7, 24
FFDED1EC  30610040  addic   r3, r1, 0x40
FFDED1F0  38800000  li      r4, 0x0
FFDED1F4  38A00000  li      r5, 0x0
FFDED1F8  38C00000  li      r6, 0x0
FFDED1FC  4BFFBAC5  bl      sub_FFDE8CC0
FFDED200  38BE0000  addi    r5, r30, 0x0
FFDED204  80C10078  lwz     r6, 0x78(r1)
FFDED208  80E1007C  lwz     r7, 0x7C(r1)
FFDED20C  391F0000  addi    r8, r31, 0x0
FFDED210  3061003C  addic   r3, r1, 0x3C
FFDED214  3081003A  addic   r4, r1, 0x3A
FFDED218  31210038  addic   r9, r1, 0x38
FFDED21C  31410040  addic   r10, r1, 0x40
FFDED220  48000081  bl      sub_FFDED2A0
FFDED224  7C7F0735  extsh.  r31, r3
FFDED228  A861003A  lha     r3, 0x3A(r1)
FFDED22C  40820048  bne     loc_FFDED274
FFDED230  480056A9  bl      glue_LMSetCurMap
FFDED234  80410014  lwz     r2, 0x14(r1)
FFDED238  88610038  lbz     r3, 0x38(r1)
FFDED23C  2C030000  cmpwi   cr0, r3, 0x0
FFDED240  41820034  beq     loc_FFDED274
FFDED244  48005629  bl      glue_LMGetTopMapHndl
FFDED248  80410014  lwz     r2, 0x14(r1)
FFDED24C  8081003C  lwz     r4, 0x3C(r1)
FFDED250  80840000  lwz     r4, 0x0(r4)
FFDED254  90640010  stw     r3, 0x10(r4)
FFDED258  8061003C  lwz     r3, 0x3C(r1)
FFDED25C  480056A1  bl      glue_LMSetTopMapHndl
FFDED260  80410014  lwz     r2, 0x14(r1)
FFDED264  30610040  addic   r3, r1, 0x40
FFDED268  480003A1  bl      sub_FFDED608
FFDED26C  8061003C  lwz     r3, 0x3C(r1)
FFDED270  480006D9  bl      sub_FFDED948
loc_FFDED274:
FFDED274  38DF0000  addi    r6, r31, 0x0
FFDED278  30610040  addic   r3, r1, 0x40
FFDED27C  38800000  li      r4, 0x0
FFDED280  38A00000  li      r5, 0x0
FFDED284  4BFFBC45  bl      sub_FFDE8EC8
FFDED288  A861003A  lha     r3, 0x3A(r1)
FFDED28C  81810098  lwz     r12, 0x98(r1)
FFDED290  30210090  addic   r1, r1, 0x90
FFDED294  7D8803A6  mtspr   LR, r12
FFDED298  BBC1FFF8  lmw     r30, -0x8(r1)
FFDED29C  4E800020  blr

sub_FFDED2A0:
FFDED2A0  7C0802A6  mfspr   r0, LR
FFDED2A4  9421FFC0  stwu    r1, -0x40(r1)
FFDED2A8  90010048  stw     r0, 0x48(r1)
FFDED2AC  8162000C  lwz     r11, 0xC(r2)                       ; TOC[+12] &data+600
FFDED2B0  7CA00734  extsh   r0, r5
FFDED2B4  818007EC  lwz     r12, 0x7EC
FFDED2B8  80AB0000  lwz     r5, 0x0(r11)
FFDED2BC  7D0B0774  extsb   r11, r8
FFDED2C0  7C056000  cmpw    r5, r12
FFDED2C4  81020154  lwz     r8, 0x154(r2)                      ; TOC[+340] &data+A0
FFDED2C8  38A30000  addi    r5, r3, 0x0
FFDED2CC  4182003C  beq     loc_FFDED308
FFDED2D0  38680000  addi    r3, r8, 0x0
FFDED2D4  39060000  addi    r8, r6, 0x0
FFDED2D8  39470000  addi    r10, r7, 0x0
FFDED2DC  38C40000  addi    r6, r4, 0x0
FFDED2E0  3C80000E  lis     r4, 0x000E
FFDED2E4  91210038  stw     r9, 0x38(r1)
FFDED2E8  392A0000  addi    r9, r10, 0x0
FFDED2EC  30E00000  addic   r7, r0, 0x0
FFDED2F0  394B0000  addi    r10, r11, 0x0
FFDED2F4  3084FBE1  addic   r4, r4, -0x41F
FFDED2F8  480057FD  bl      glue_CallUniversalProc
FFDED2FC  80410014  lwz     r2, 0x14(r1)
FFDED300  7C630734  extsh   r3, r3
FFDED304  48000014  b       loc_FFDED318
loc_FFDED308:
FFDED308  30A00000  addic   r5, r0, 0x0
FFDED30C  390B0000  addi    r8, r11, 0x0
FFDED310  48000019  bl      sub_FFDED328
FFDED314  7C630734  extsh   r3, r3
loc_FFDED318:
FFDED318  81810048  lwz     r12, 0x48(r1)
FFDED31C  30210040  addic   r1, r1, 0x40
FFDED320  7D8803A6  mtspr   LR, r12
FFDED324  4E800020  blr

sub_FFDED328:
FFDED328  BEE1FFDC  stmw    r23, -0x24(r1)
FFDED32C  3BA30000  addi    r29, r3, 0x0
FFDED330  7C0802A6  mfspr   r0, LR
FFDED334  3BC40000  addi    r30, r4, 0x0
FFDED338  90010008  stw     r0, 0x8(r1)
FFDED33C  9421FF80  stwu    r1, -0x80(r1)
FFDED340  7CBA0734  extsh   r26, r5
FFDED344  3B80FFFF  li      r28, -0x1
FFDED348  B39E0000  sth     r28, 0x0(r30)
FFDED34C  91410040  stw     r10, 0x40(r1)
FFDED350  3B600000  li      r27, 0x0
FFDED354  3BE90000  addi    r31, r9, 0x0
FFDED358  90E1003C  stw     r7, 0x3C(r1)
FFDED35C  937D0000  stw     r27, 0x0(r29)
FFDED360  7D190774  extsb   r25, r8
FFDED364  90C10038  stw     r6, 0x38(r1)
FFDED368  9B7F0000  stb     r27, 0x0(r31)
FFDED36C  38600028  li      r3, 0x28
FFDED370  480058A1  bl      glue_NewHandle
FFDED374  80410014  lwz     r2, 0x14(r1)
FFDED378  3B030000  addi    r24, r3, 0x0
FFDED37C  480058B9  bl      glue_MemError
FFDED380  80410014  lwz     r2, 0x14(r1)
FFDED384  7C770735  extsh.  r23, r3
FFDED388  389A0000  addi    r4, r26, 0x0
FFDED38C  80A10038  lwz     r5, 0x38(r1)
FFDED390  387E0000  addi    r3, r30, 0x0
FFDED394  4082016C  bne     loc_FFDED500
FFDED398  931D0000  stw     r24, 0x0(r29)
FFDED39C  80C1003C  lwz     r6, 0x3C(r1)
FFDED3A0  38F90000  addi    r7, r25, 0x0
FFDED3A4  81010040  lwz     r8, 0x40(r1)
FFDED3A8  48000515  bl      sub_FFDED8BC
FFDED3AC  7C770735  extsh.  r23, r3
FFDED3B0  2C97FFCF  cmpwi   cr1, r23, 0xFFCF
FFDED3B4  A87E0000  lha     r3, 0x0(r30)
FFDED3B8  40820104  bne     loc_FFDED4BC
FFDED3BC  3AE0FFD9  li      r23, -0x27
FFDED3C0  4800041D  bl      sub_FFDED7DC
FFDED3C4  28830000  cmplwi  cr1, r3, 0x0
FFDED3C8  809D0000  lwz     r4, 0x0(r29)
FFDED3CC  A87E0000  lha     r3, 0x0(r30)
FFDED3D0  38A00000  li      r5, 0x0
FFDED3D4  38C00024  li      r6, 0x24
FFDED3D8  408500B0  ble     cr1, loc_FFDED488
FFDED3DC  80840000  lwz     r4, 0x0(r4)
FFDED3E0  4BFFC991  bl      sub_FFDE9D70
FFDED3E4  7C770735  extsh.  r23, r3
FFDED3E8  807D0000  lwz     r3, 0x0(r29)
FFDED3EC  408200A4  bne     loc_FFDED490
FFDED3F0  80830000  lwz     r4, 0x0(r3)
FFDED3F4  8084000C  lwz     r4, 0xC(r4)
FFDED3F8  48005885  bl      glue_SetHandleSize
FFDED3FC  80410014  lwz     r2, 0x14(r1)
FFDED400  48005835  bl      glue_MemError
FFDED404  80410014  lwz     r2, 0x14(r1)
FFDED408  7C770735  extsh.  r23, r3
FFDED40C  809D0000  lwz     r4, 0x0(r29)
FFDED410  A87E0000  lha     r3, 0x0(r30)
FFDED414  4082007C  bne     loc_FFDED490
FFDED418  80C40000  lwz     r6, 0x0(r4)
FFDED41C  80E60004  lwz     r7, 0x4(r6)
FFDED420  8106000C  lwz     r8, 0xC(r6)
FFDED424  30860010  addic   r4, r6, 0x10
FFDED428  30C8FFF0  addic   r6, r8, -0x10
FFDED42C  30A70010  addic   r5, r7, 0x10
FFDED430  4BFFC941  bl      sub_FFDE9D70
FFDED434  7C770735  extsh.  r23, r3
FFDED438  807D0000  lwz     r3, 0x0(r29)
FFDED43C  40820054  bne     loc_FFDED490
FFDED440  480000D9  bl      sub_FFDED518
FFDED444  7C770735  extsh.  r23, r3
FFDED448  809D0000  lwz     r4, 0x0(r29)
FFDED44C  38E00001  li      r7, 0x1
FFDED450  40820040  bne     loc_FFDED490
FFDED454  80840000  lwz     r4, 0x0(r4)
FFDED458  88C40017  lbz     r6, 0x17(r4)
FFDED45C  54C607F4  rlwinm  r6, r6, 0, 31, 26
FFDED460  98C40017  stb     r6, 0x17(r4)
FFDED464  809D0000  lwz     r4, 0x0(r29)
FFDED468  A87E0000  lha     r3, 0x0(r30)
FFDED46C  80840000  lwz     r4, 0x0(r4)
FFDED470  B0640014  sth     r3, 0x14(r4)
FFDED474  809D0000  lwz     r4, 0x0(r29)
FFDED478  80840000  lwz     r4, 0x0(r4)
FFDED47C  93640010  stw     r27, 0x10(r4)
FFDED480  98FF0000  stb     r7, 0x0(r31)
FFDED484  48000008  b       loc_FFDED48C
loc_FFDED488:
FFDED488  4C421182  crclr   crb2
loc_FFDED48C:
FFDED48C  41820074  beq     loc_FFDED500
loc_FFDED490:
FFDED490  38780000  addi    r3, r24, 0x0
FFDED494  48005A05  bl      glue_DisposeHandle
FFDED498  80410014  lwz     r2, 0x14(r1)
FFDED49C  937D0000  stw     r27, 0x0(r29)
FFDED4A0  A87E0000  lha     r3, 0x0(r30)
FFDED4A4  4BFFC911  bl      sub_FFDE9DB4
FFDED4A8  B39E0000  sth     r28, 0x0(r30)
FFDED4AC  38770000  addi    r3, r23, 0x0
FFDED4B0  81810088  lwz     r12, 0x88(r1)
FFDED4B4  30210080  addic   r1, r1, 0x80
FFDED4B8  48000054  b       loc_FFDED50C
loc_FFDED4BC:
FFDED4BC  38780000  addi    r3, r24, 0x0
FFDED4C0  40860040  bne     cr1, loc_FFDED500
FFDED4C4  480059D5  bl      glue_DisposeHandle
FFDED4C8  80410014  lwz     r2, 0x14(r1)
FFDED4CC  387D0000  addi    r3, r29, 0x0
FFDED4D0  80A10040  lwz     r5, 0x40(r1)
FFDED4D4  A89E0000  lha     r4, 0x0(r30)
FFDED4D8  4BFFBC9D  bl      sub_FFDE9174
FFDED4DC  7C640735  extsh.  r4, r3
FFDED4E0  4182001C  beq     loc_FFDED4FC
FFDED4E4  B39E0000  sth     r28, 0x0(r30)
FFDED4E8  38770000  addi    r3, r23, 0x0
FFDED4EC  81810088  lwz     r12, 0x88(r1)
FFDED4F0  30210080  addic   r1, r1, 0x80
FFDED4F4  7D8803A6  mtspr   LR, r12
FFDED4F8  48000018  b       loc_FFDED510
loc_FFDED4FC:
FFDED4FC  3AE00000  li      r23, 0x0
loc_FFDED500:
FFDED500  38770000  addi    r3, r23, 0x0
FFDED504  81810088  lwz     r12, 0x88(r1)
FFDED508  30210080  addic   r1, r1, 0x80
loc_FFDED50C:
FFDED50C  7D8803A6  mtspr   LR, r12
loc_FFDED510:
FFDED510  BAE1FFDC  lmw     r23, -0x24(r1)
FFDED514  4E800020  blr

sub_FFDED518:
FFDED518  38C30000  addi    r6, r3, 0x0
FFDED51C  7C0802A6  mfspr   r0, LR
FFDED520  9421FFC0  stwu    r1, -0x40(r1)
FFDED524  90010048  stw     r0, 0x48(r1)
FFDED528  3900FF39  li      r8, -0xC7
FFDED52C  81260000  lwz     r9, 0x0(r6)
FFDED530  480015D5  bl      sub_FFDEEB04
FFDED534  3C000100  lis     r0, 0x0100
FFDED538  3000FFFF  addic   r0, r0, -0x1
FFDED53C  7C030040  cmplw   r3, r0
FFDED540  408000B4  bge     loc_FFDED5F4
FFDED544  A0090018  lhz     r0, 0x18(r9)
FFDED548  38660000  addi    r3, r6, 0x0
FFDED54C  7C001120  mtcrf   0x01, r0
FFDED550  3081003C  addic   r4, r1, 0x3C
FFDED554  30A10038  addic   r5, r1, 0x38
FFDED558  419F009C  bso     cr7, loc_FFDED5F4
FFDED55C  4BFFC889  bl      sub_FFDE9DE4
FFDED560  A8A10038  lha     r5, 0x38(r1)
FFDED564  A089001A  lhz     r4, 0x1A(r9)
FFDED568  2C050000  cmpwi   cr0, r5, 0x0
FFDED56C  8001003C  lwz     r0, 0x3C(r1)
FFDED570  2F840000  cmpwi   cr7, r4, 0x0
FFDED574  7D492014  addc    r10, r9, r4
FFDED578  7C090014  addc    r0, r9, r0
FFDED57C  38800000  li      r4, 0x0
FFDED580  41800030  blt     loc_FFDED5B0
FFDED584  38600000  li      r3, 0x0
FFDED588  30C0FFFC  addic   r6, r0, -0x4
loc_FFDED58C:
FFDED58C  30E30001  addic   r7, r3, 0x1
FFDED590  7CE30734  extsh   r3, r7
FFDED594  A4E60008  lhzu    r7, 0x8(r6)
FFDED598  7C032800  cmpw    r3, r5
FFDED59C  30E70001  addic   r7, r7, 0x1
FFDED5A0  7C872014  addc    r4, r7, r4
FFDED5A4  7C840734  extsh   r4, r4
FFDED5A8  30000008  addic   r0, r0, 0x8
FFDED5AC  4081FFE0  ble     loc_FFDED58C
loc_FFDED5B0:
FFDED5B0  5485083C  slwi    r5, r4, 1
FFDED5B4  7C842814  addc    r4, r4, r5
FFDED5B8  5484103A  slwi    r4, r4, 2
FFDED5BC  7C002014  addc    r0, r0, r4
FFDED5C0  409D0020  ble     cr7, loc_FFDED5E0
FFDED5C4  7F8A0040  cmplw   cr7, r10, r0
FFDED5C8  419C002C  blt     cr7, loc_FFDED5F4
FFDED5CC  39000000  li      r8, 0x0
FFDED5D0  38680000  addi    r3, r8, 0x0
FFDED5D4  81810048  lwz     r12, 0x48(r1)
FFDED5D8  30210040  addic   r1, r1, 0x40
FFDED5DC  48000024  b       loc_FFDED600
loc_FFDED5E0:
FFDED5E0  8089000C  lwz     r4, 0xC(r9)
FFDED5E4  7C090010  subfc   r0, r9, r0
FFDED5E8  7C002040  cmplw   r0, r4
FFDED5EC  41810008  bgt     loc_FFDED5F4
FFDED5F0  39000000  li      r8, 0x0
loc_FFDED5F4:
FFDED5F4  38680000  addi    r3, r8, 0x0
FFDED5F8  81810048  lwz     r12, 0x48(r1)
FFDED5FC  30210040  addic   r1, r1, 0x40
loc_FFDED600:
FFDED600  7D8803A6  mtspr   LR, r12
FFDED604  4E800020  blr

sub_FFDED608:
FFDED608  7C0802A6  mfspr   r0, LR
FFDED60C  BF81FFF0  stmw    r28, -0x10(r1)
FFDED610  90010008  stw     r0, 0x8(r1)
FFDED614  9421FFA0  stwu    r1, -0x60(r1)
FFDED618  38830000  addi    r4, r3, 0x0
FFDED61C  90810048  stw     r4, 0x48(r1)
FFDED620  3061003C  addic   r3, r1, 0x3C
FFDED624  4BFFBB11  bl      sub_FFDE9134
FFDED628  7C7F0735  extsh.  r31, r3
FFDED62C  40820198  bne     loc_FFDED7C4
FFDED630  8061003C  lwz     r3, 0x3C(r1)
FFDED634  30810040  addic   r4, r1, 0x40
FFDED638  30A10044  addic   r5, r1, 0x44
FFDED63C  30C10038  addic   r6, r1, 0x38
FFDED640  4BFFB445  bl      sub_FFDE8A84
FFDED644  7C7F0735  extsh.  r31, r3
FFDED648  3BC00000  li      r30, 0x0
FFDED64C  40820174  bne     loc_FFDED7C0
FFDED650  A8E10038  lha     r7, 0x38(r1)
FFDED654  8061003C  lwz     r3, 0x3C(r1)
FFDED658  2F870000  cmpwi   cr7, r7, 0x0
FFDED65C  80030000  lwz     r0, 0x0(r3)
FFDED660  80810044  lwz     r4, 0x44(r1)
FFDED664  80610040  lwz     r3, 0x40(r1)
FFDED668  7CA02014  addc    r5, r0, r4
FFDED66C  7C001814  addc    r0, r0, r3
FFDED670  39200000  li      r9, 0x0
FFDED674  419C0050  blt     cr7, loc_FFDED6C4
FFDED678  3080FFFC  addic   r4, r0, -0x4
FFDED67C  3065FFFC  addic   r3, r5, -0x4
loc_FFDED680:
FFDED680  A4030008  lhzu    r0, 0x8(r3)
FFDED684  31090001  addic   r8, r9, 0x1
FFDED688  2C800000  cmpwi   cr1, r0, 0x0
FFDED68C  7D090734  extsh   r9, r8
FFDED690  41840028  blt     cr1, loc_FFDED6B8
FFDED694  38E00001  li      r7, 0x1
FFDED698  38000002  li      r0, 0x2
loc_FFDED69C:
FFDED69C  97C4000C  stwu    r30, 0xC(r4)
FFDED6A0  A1050004  lhz     r8, 0x4(r5)
FFDED6A4  7F874000  cmpw    cr7, r7, r8
FFDED6A8  7C070734  extsh   r7, r0
FFDED6AC  30070001  addic   r0, r7, 0x1
FFDED6B0  409DFFEC  ble     cr7, loc_FFDED69C
FFDED6B4  A8E10038  lha     r7, 0x38(r1)
loc_FFDED6B8:
FFDED6B8  7C093800  cmpw    r9, r7
FFDED6BC  30A50008  addic   r5, r5, 0x8
FFDED6C0  4081FFC0  ble     loc_FFDED680
loc_FFDED6C4:
FFDED6C4  4800525D  bl      glue_LMGetResLoad
FFDED6C8  80410014  lwz     r2, 0x14(r1)
FFDED6CC  5460063F  clrlwi. r0, r3, 24
FFDED6D0  418200F4  beq     loc_FFDED7C4
FFDED6D4  8061003C  lwz     r3, 0x3C(r1)
FFDED6D8  30810040  addic   r4, r1, 0x40
FFDED6DC  30A10044  addic   r5, r1, 0x44
FFDED6E0  30C10038  addic   r6, r1, 0x38
FFDED6E4  4BFFB3A1  bl      sub_FFDE8A84
FFDED6E8  A8010038  lha     r0, 0x38(r1)
FFDED6EC  8081003C  lwz     r4, 0x3C(r1)
FFDED6F0  2F800000  cmpwi   cr7, r0, 0x0
FFDED6F4  80A40000  lwz     r5, 0x0(r4)
FFDED6F8  80810044  lwz     r4, 0x44(r1)
FFDED6FC  80E10040  lwz     r7, 0x40(r1)
FFDED700  7C7F0734  extsh   r31, r3
FFDED704  7CE53814  addc    r7, r5, r7
FFDED708  7C852014  addc    r4, r5, r4
FFDED70C  3BA00000  li      r29, 0x0
FFDED710  419C00B4  blt     cr7, loc_FFDED7C4
loc_FFDED714:
FFDED714  A0640004  lhz     r3, 0x4(r4)
FFDED718  3B800000  li      r28, 0x0
FFDED71C  2C030000  cmpwi   cr0, r3, 0x0
FFDED720  80C10048  lwz     r6, 0x48(r1)
FFDED724  41800078  blt     loc_FFDED79C
loc_FFDED728:
FFDED728  80070004  lwz     r0, 0x4(r7)
FFDED72C  93C70008  stw     r30, 0x8(r7)
FFDED730  5400463E  srwi    r0, r0, 24
FFDED734  7C001120  mtcrf   0x01, r0
FFDED738  8061003C  lwz     r3, 0x3C(r1)
FFDED73C  409D0040  ble     cr7, loc_FFDED77C
FFDED740  80030000  lwz     r0, 0x0(r3)
FFDED744  80A40000  lwz     r5, 0x0(r4)
FFDED748  7C002010  subfc   r0, r0, r4
FFDED74C  90010044  stw     r0, 0x44(r1)
FFDED750  80030000  lwz     r0, 0x0(r3)
FFDED754  7C803810  subfc   r4, r0, r7
FFDED758  90810040  stw     r4, 0x40(r1)
FFDED75C  4BFFCAB9  bl      sub_FFDEA214
FFDED760  8081003C  lwz     r4, 0x3C(r1)
FFDED764  7C7F0734  extsh   r31, r3
FFDED768  80040000  lwz     r0, 0x0(r4)
FFDED76C  80810040  lwz     r4, 0x40(r1)
FFDED770  80610044  lwz     r3, 0x44(r1)
FFDED774  7CE02014  addc    r7, r0, r4
FFDED778  7C801814  addc    r4, r0, r3
loc_FFDED77C:
FFDED77C  307C0001  addic   r3, r28, 0x1
FFDED780  A0040004  lhz     r0, 0x4(r4)
FFDED784  7C7C0734  extsh   r28, r3
FFDED788  7C1C0000  cmpw    r28, r0
FFDED78C  30E7000C  addic   r7, r7, 0xC
FFDED790  80C10048  lwz     r6, 0x48(r1)
FFDED794  4081FF94  ble     loc_FFDED728
FFDED798  A8010038  lha     r0, 0x38(r1)
loc_FFDED79C:
FFDED79C  307D0001  addic   r3, r29, 0x1
FFDED7A0  7C7D0734  extsh   r29, r3
FFDED7A4  7F9D0000  cmpw    cr7, r29, r0
FFDED7A8  30840008  addic   r4, r4, 0x8
FFDED7AC  409DFF68  ble     cr7, loc_FFDED714
FFDED7B0  387F0000  addi    r3, r31, 0x0
FFDED7B4  81810068  lwz     r12, 0x68(r1)
FFDED7B8  30210060  addic   r1, r1, 0x60
FFDED7BC  48000014  b       loc_FFDED7D0
loc_FFDED7C0:
FFDED7C0  3BE00000  li      r31, 0x0
loc_FFDED7C4:
FFDED7C4  387F0000  addi    r3, r31, 0x0
FFDED7C8  81810068  lwz     r12, 0x68(r1)
FFDED7CC  30210060  addic   r1, r1, 0x60
loc_FFDED7D0:
FFDED7D0  7D8803A6  mtspr   LR, r12
FFDED7D4  BB81FFF0  lmw     r28, -0x10(r1)
FFDED7D8  4E800020  blr

sub_FFDED7DC:
FFDED7DC  9421FF90  stwu    r1, -0x70(r1)
FFDED7E0  B0610050  sth     r3, 0x50(r1)
FFDED7E4  7C0802A6  mfspr   r0, LR
FFDED7E8  30610038  addic   r3, r1, 0x38
FFDED7EC  90010078  stw     r0, 0x78(r1)
FFDED7F0  48005955  bl      glue_PBGetEOFSync
FFDED7F4  80410014  lwz     r2, 0x14(r1)
FFDED7F8  7C600735  extsh.  r0, r3
FFDED7FC  80610054  lwz     r3, 0x54(r1)
FFDED800  41820008  beq     loc_FFDED808
FFDED804  38600000  li      r3, 0x0
loc_FFDED808:
FFDED808  81810078  lwz     r12, 0x78(r1)
FFDED80C  30210070  addic   r1, r1, 0x70
FFDED810  7D8803A6  mtspr   LR, r12
FFDED814  4E800020  blr

sub_FFDED818:
FFDED818  7C0802A6  mfspr   r0, LR
FFDED81C  9421FF90  stwu    r1, -0x70(r1)
FFDED820  90010078  stw     r0, 0x78(r1)
FFDED824  38A30000  addi    r5, r3, 0x0
FFDED828  38C00000  li      r6, 0x0
FFDED82C  480007B9  bl      sub_FFDEDFE4
FFDED830  5463063F  clrlwi. r3, r3, 24
FFDED834  30610038  addic   r3, r1, 0x38
FFDED838  40820020  bne     loc_FFDED858
FFDED83C  80A50000  lwz     r5, 0x0(r5)
FFDED840  A0A50014  lhz     r5, 0x14(r5)
FFDED844  90810054  stw     r4, 0x54(r1)
FFDED848  B0A10050  sth     r5, 0x50(r1)
FFDED84C  4800591D  bl      glue_PBSetEOFSync
FFDED850  80410014  lwz     r2, 0x14(r1)
FFDED854  7C660734  extsh   r6, r3
loc_FFDED858:
FFDED858  38660000  addi    r3, r6, 0x0
FFDED85C  81810078  lwz     r12, 0x78(r1)
FFDED860  30210070  addic   r1, r1, 0x70
FFDED864  7D8803A6  mtspr   LR, r12
FFDED868  4E800020  blr
FFDED86C? 7C0802A6  mfspr   r0, LR
FFDED870? 9421FF90  stwu    r1, -0x70(r1)
FFDED874? 90010078  stw     r0, 0x78(r1)
FFDED878? 38830000  addi    r4, r3, 0x0
FFDED87C? 38A00000  li      r5, 0x0
FFDED880? 48000765  bl      sub_FFDEDFE4
FFDED884? 5463063F  clrlwi. r3, r3, 24
FFDED888? 30610038  addic   r3, r1, 0x38
FFDED88C? 4082001C  bne     loc_FFDED8A8
FFDED890? 80840000  lwz     r4, 0x0(r4)
FFDED894? A0840014  lhz     r4, 0x14(r4)
FFDED898? B0810050  sth     r4, 0x50(r1)
FFDED89C? 480058F1  bl      glue_PBFlushFileSync
FFDED8A0? 80410014  lwz     r2, 0x14(r1)
FFDED8A4? 7C650734  extsh   r5, r3
loc_FFDED8A8:
FFDED8A8? 38650000  addi    r3, r5, 0x0
FFDED8AC? 81810078  lwz     r12, 0x78(r1)
FFDED8B0? 30210070  addic   r1, r1, 0x70
FFDED8B4? 7D8803A6  mtspr   LR, r12
FFDED8B8? 4E800020  blr

sub_FFDED8BC:
FFDED8BC  BF81FFF0  stmw    r28, -0x10(r1)
FFDED8C0  7C0802A6  mfspr   r0, LR
FFDED8C4  3BE30000  addi    r31, r3, 0x0
FFDED8C8  90010008  stw     r0, 0x8(r1)
FFDED8CC  9421FF30  stwu    r1, -0xD0(r1)
FFDED8D0  B0810038  sth     r4, 0x38(r1)
FFDED8D4  3B870000  addi    r28, r7, 0x0
FFDED8D8  3BC50000  addi    r30, r5, 0x0
FFDED8DC  30610038  addic   r3, r1, 0x38
FFDED8E0  3BA60000  addi    r29, r6, 0x0
FFDED8E4  38880000  addi    r4, r8, 0x0
FFDED8E8  38BD0000  addi    r5, r29, 0x0
FFDED8EC  480001A5  bl      sub_FFDEDA90
FFDED8F0  A8010038  lha     r0, 0x38(r1)
FFDED8F4  38E00000  li      r7, 0x0
FFDED8F8  9B810055  stb     r28, 0x55(r1)
FFDED8FC  90E10046  stw     r7, 0x46(r1)
FFDED900  93A1004C  stw     r29, 0x4C(r1)
FFDED904  93C1006A  stw     r30, 0x6A(r1)
FFDED908  B0010050  sth     r0, 0x50(r1)
FFDED90C  90E1005A  stw     r7, 0x5A(r1)
FFDED910  3061003A  addic   r3, r1, 0x3A
FFDED914  4800589D  bl      glue_PBHOpenRFSync
FFDED918  80410014  lwz     r2, 0x14(r1)
FFDED91C  7C630735  extsh.  r3, r3
FFDED920  2C83FFCF  cmpwi   cr1, r3, 0xFFCF
FFDED924  A8010052  lha     r0, 0x52(r1)
FFDED928  41820008  beq     loc_FFDED930
FFDED92C  40860008  bne     cr1, loc_FFDED934
loc_FFDED930:
FFDED930  B01F0000  sth     r0, 0x0(r31)
loc_FFDED934:
FFDED934  818100D8  lwz     r12, 0xD8(r1)
FFDED938  302100D0  addic   r1, r1, 0xD0
FFDED93C  7D8803A6  mtspr   LR, r12
FFDED940  BB81FFF0  lmw     r28, -0x10(r1)
FFDED944  4E800020  blr

sub_FFDED948:
FFDED948  7C0802A6  mfspr   r0, LR
FFDED94C  93E1FFFC  stw     r31, -0x4(r1)
FFDED950  3FE0464F  lis     r31, 0x464F
FFDED954  90010008  stw     r0, 0x8(r1)
FFDED958  9421FFB0  stwu    r1, -0x50(r1)
FFDED95C  9061003C  stw     r3, 0x3C(r1)
FFDED960  309F4E54  addic   r4, r31, 0x4E54
FFDED964  30A10038  addic   r5, r1, 0x38
FFDED968  4BFFD165  bl      sub_FFDEAACC
FFDED96C  7C600735  extsh.  r0, r3
FFDED970  8061003C  lwz     r3, 0x3C(r1)
FFDED974  309F4E44  addic   r4, r31, 0x4E44
FFDED978  30A10038  addic   r5, r1, 0x38
FFDED97C  41820010  beq     loc_FFDED98C
FFDED980  4BFFD14D  bl      sub_FFDEAACC
FFDED984  7C600735  extsh.  r0, r3
FFDED988  40820008  bne     loc_FFDED990
loc_FFDED98C:
FFDED98C  48000029  bl      sub_FFDED9B4
loc_FFDED990:
FFDED990  480000A1  bl      sub_FFDEDA30
FFDED994  81810058  lwz     r12, 0x58(r1)
FFDED998  83E1004C  lwz     r31, 0x4C(r1)
FFDED99C  7D8803A6  mtspr   LR, r12
FFDED9A0  30210050  addic   r1, r1, 0x50
FFDED9A4  4E800020  blr

sub_FFDED9A8:
FFDED9A8  9421FFC0  stwu    r1, -0x40(r1)
FFDED9AC  30210040  addic   r1, r1, 0x40
FFDED9B0  48000004  b       sub_FFDED9B4

sub_FFDED9B4:
FFDED9B4  7C0802A6  mfspr   r0, LR
FFDED9B8  BFC1FFF8  stmw    r30, -0x8(r1)
FFDED9BC  90010008  stw     r0, 0x8(r1)
FFDED9C0  9421FFB0  stwu    r1, -0x50(r1)
FFDED9C4  3860FFFF  li      r3, -0x1
FFDED9C8  4800580D  bl      glue_LMSetLastSPExtra
FFDED9CC  80410014  lwz     r2, 0x14(r1)
FFDED9D0  4800504D  bl      glue_LMGetExpandMem
FFDED9D4  80410014  lwz     r2, 0x14(r1)
FFDED9D8  83E30068  lwz     r31, 0x68(r3)
FFDED9DC  807F0000  lwz     r3, 0x0(r31)
FFDED9E0  8063009A  lwz     r3, 0x9A(r3)
FFDED9E4  480054B5  bl      glue_DisposeHandle
FFDED9E8  80410014  lwz     r2, 0x14(r1)
FFDED9EC  807F0000  lwz     r3, 0x0(r31)
FFDED9F0  3BC00000  li      r30, 0x0
FFDED9F4  93C3009A  stw     r30, 0x9A(r3)
FFDED9F8  807F0000  lwz     r3, 0x0(r31)
FFDED9FC  8063009E  lwz     r3, 0x9E(r3)
FFDEDA00  48005499  bl      glue_DisposeHandle
FFDEDA04  80410014  lwz     r2, 0x14(r1)
FFDEDA08  809F0000  lwz     r4, 0x0(r31)
FFDEDA0C  38600000  li      r3, 0x0
FFDEDA10  93C4009E  stw     r30, 0x9E(r4)
FFDEDA14  480057E5  bl      glue_LMSetLastFOND
FFDEDA18  80410014  lwz     r2, 0x14(r1)
FFDEDA1C  81810058  lwz     r12, 0x58(r1)
FFDEDA20  30210050  addic   r1, r1, 0x50
FFDEDA24  7D8803A6  mtspr   LR, r12
FFDEDA28  BBC1FFF8  lmw     r30, -0x8(r1)
FFDEDA2C  4E800020  blr

sub_FFDEDA30:
FFDEDA30  7C0802A6  mfspr   r0, LR
FFDEDA34  BFC1FFF8  stmw    r30, -0x8(r1)
FFDEDA38  90010008  stw     r0, 0x8(r1)
FFDEDA3C  9421FFB0  stwu    r1, -0x50(r1)
FFDEDA40  48004FDD  bl      glue_LMGetExpandMem
FFDEDA44  80410014  lwz     r2, 0x14(r1)
FFDEDA48  3BE00000  li      r31, 0x0
FFDEDA4C  B3E301D6  sth     r31, 0x1D6(r3)
FFDEDA50  48004FCD  bl      glue_LMGetExpandMem
FFDEDA54  80410014  lwz     r2, 0x14(r1)
FFDEDA58  83C301D2  lwz     r30, 0x1D2(r3)
FFDEDA5C  2C1E0000  cmpwi   cr0, r30, 0x0
FFDEDA60  4182001C  beq     loc_FFDEDA7C
FFDEDA64  48004FB9  bl      glue_LMGetExpandMem
FFDEDA68  80410014  lwz     r2, 0x14(r1)
FFDEDA6C  93E301D2  stw     r31, 0x1D2(r3)
FFDEDA70  387E0000  addi    r3, r30, 0x0
FFDEDA74  48005425  bl      glue_DisposeHandle
FFDEDA78  80410014  lwz     r2, 0x14(r1)
loc_FFDEDA7C:
FFDEDA7C  81810058  lwz     r12, 0x58(r1)
FFDEDA80  30210050  addic   r1, r1, 0x50
FFDEDA84  7D8803A6  mtspr   LR, r12
FFDEDA88  BBC1FFF8  lmw     r30, -0x8(r1)
FFDEDA8C  4E800020  blr

sub_FFDEDA90:
FFDEDA90  BF21FFE4  stmw    r25, -0x1C(r1)
FFDEDA94  3BE40000  addi    r31, r4, 0x0
FFDEDA98  83DF0014  lwz     r30, 0x14(r31)
FFDEDA9C  7C0802A6  mfspr   r0, LR
FFDEDAA0  2C9E0000  cmpwi   cr1, r30, 0x0
FFDEDAA4  90010008  stw     r0, 0x8(r1)
FFDEDAA8  9421FFA0  stwu    r1, -0x60(r1)
FFDEDAAC  3BA30000  addi    r29, r3, 0x0
FFDEDAB0  3B650000  addi    r27, r5, 0x0
FFDEDAB4  3CE05354  lis     r7, 0x5354
FFDEDAB8  3CC00001  lis     r6, 0x0001
FFDEDABC  418600BC  beq     cr1, loc_FFDEDB78
FFDEDAC0  33475220  addic   r26, r7, 0x5220
FFDEDAC4  3386E000  addic   r28, r6, -0x2000
FFDEDAC8  3B20FFFF  li      r25, -0x1
loc_FFDEDACC:
FFDEDACC  387E0000  addi    r3, r30, 0x0
FFDEDAD0  389A0000  addi    r4, r26, 0x0
FFDEDAD4  30A10038  addic   r5, r1, 0x38
FFDEDAD8  4BFFCFF5  bl      sub_FFDEAACC
FFDEDADC  7C660735  extsh.  r6, r3
FFDEDAE0  80810038  lwz     r4, 0x38(r1)
FFDEDAE4  30A1003C  addic   r5, r1, 0x3C
FFDEDAE8  387E0000  addi    r3, r30, 0x0
FFDEDAEC  40820060  bne     loc_FFDEDB4C
FFDEDAF0  4BFFC31D  bl      sub_FFDE9E0C
FFDEDAF4  38850000  addi    r4, r5, 0x0
FFDEDAF8  80DE0000  lwz     r6, 0x0(r30)
FFDEDAFC  80E10038  lwz     r7, 0x38(r1)
FFDEDB00  387E0000  addi    r3, r30, 0x0
FFDEDB04  7CC73014  addc    r6, r7, r6
FFDEDB08  A0C60004  lhz     r6, 0x4(r6)
FFDEDB0C  38BC0000  addi    r5, r28, 0x0
FFDEDB10  4BFFC519  bl      sub_FFDEA028
FFDEDB14  7C660735  extsh.  r6, r3
FFDEDB18  80FE0000  lwz     r7, 0x0(r30)
FFDEDB1C  80C1003C  lwz     r6, 0x3C(r1)
FFDEDB20  7CC73014  addc    r6, r7, r6
FFDEDB24  40820028  bne     loc_FFDEDB4C
FFDEDB28  80C60008  lwz     r6, 0x8(r6)
FFDEDB2C  2C860000  cmpwi   cr1, r6, 0x0
FFDEDB30  4186001C  beq     cr1, loc_FFDEDB4C
FFDEDB34  80C60000  lwz     r6, 0x0(r6)
FFDEDB38  2C060000  cmpwi   cr0, r6, 0x0
FFDEDB3C  7C86D840  cmplw   cr1, r6, r27
FFDEDB40  4182000C  beq     loc_FFDEDB4C
FFDEDB44  40860008  bne     cr1, loc_FFDEDB4C
FFDEDB48  B33D0000  sth     r25, 0x0(r29)
loc_FFDEDB4C:
FFDEDB4C  387E0000  addi    r3, r30, 0x0
FFDEDB50  389F0000  addi    r4, r31, 0x0
FFDEDB54  4BFFAEE9  bl      sub_FFDE8A3C
FFDEDB58  3BC30000  addi    r30, r3, 0x0
FFDEDB5C  2C9E0000  cmpwi   cr1, r30, 0x0
FFDEDB60  4086FF6C  bne     cr1, loc_FFDEDACC
FFDEDB64  81810068  lwz     r12, 0x68(r1)
FFDEDB68  30210060  addic   r1, r1, 0x60
FFDEDB6C  7D8803A6  mtspr   LR, r12
FFDEDB70  BB21FFE4  lmw     r25, -0x1C(r1)
FFDEDB74  4E800020  blr
loc_FFDEDB78:
FFDEDB78  8361004C  lwz     r27, 0x4C(r1)
FFDEDB7C  BBA10054  lmw     r29, 0x54(r1)
FFDEDB80  30210060  addic   r1, r1, 0x60
FFDEDB84  4E800020  blr

__CreateResFile:
FFDEDB88  9421FFB0  stwu    r1, -0x50(r1)
FFDEDB8C  90610044  stw     r3, 0x44(r1)
FFDEDB90  7C0802A6  mfspr   r0, LR
FFDEDB94  38600001  li      r3, 0x1
FFDEDB98  90010058  stw     r0, 0x58(r1)
FFDEDB9C  48004C89  bl      glue_GetEmulatorRegister
FFDEDBA0  80410014  lwz     r2, 0x14(r1)
FFDEDBA4  90610038  stw     r3, 0x38(r1)
FFDEDBA8  38600002  li      r3, 0x2
FFDEDBAC  48004C79  bl      glue_GetEmulatorRegister
FFDEDBB0  80410014  lwz     r2, 0x14(r1)
FFDEDBB4  9061003C  stw     r3, 0x3C(r1)
FFDEDBB8  38600005  li      r3, 0x5
FFDEDBBC  48004C69  bl      glue_GetEmulatorRegister
FFDEDBC0  80410014  lwz     r2, 0x14(r1)
FFDEDBC4  90610048  stw     r3, 0x48(r1)
FFDEDBC8  80A10044  lwz     r5, 0x44(r1)
FFDEDBCC  38600000  li      r3, 0x0
FFDEDBD0  38800000  li      r4, 0x0
FFDEDBD4  480000E5  bl      sub_FFDEDCB8
FFDEDBD8  80810038  lwz     r4, 0x38(r1)
FFDEDBDC  38600001  li      r3, 0x1
FFDEDBE0  48004C69  bl      glue_SetEmulatorRegister
FFDEDBE4  80410014  lwz     r2, 0x14(r1)
FFDEDBE8  8081003C  lwz     r4, 0x3C(r1)
FFDEDBEC  38600002  li      r3, 0x2
FFDEDBF0  48004C59  bl      glue_SetEmulatorRegister
FFDEDBF4  80410014  lwz     r2, 0x14(r1)
FFDEDBF8  80810048  lwz     r4, 0x48(r1)
FFDEDBFC  38600005  li      r3, 0x5
FFDEDC00  48004C49  bl      glue_SetEmulatorRegister
FFDEDC04  80410014  lwz     r2, 0x14(r1)
FFDEDC08  81810058  lwz     r12, 0x58(r1)
FFDEDC0C  30210050  addic   r1, r1, 0x50
FFDEDC10  7D8803A6  mtspr   LR, r12
FFDEDC14  4E800020  blr

__HCreateResFile:
FFDEDC18  7C0802A6  mfspr   r0, LR
FFDEDC1C  93E1FFFC  stw     r31, -0x4(r1)
FFDEDC20  7C7F0734  extsh   r31, r3
FFDEDC24  90010008  stw     r0, 0x8(r1)
FFDEDC28  9421FFA0  stwu    r1, -0x60(r1)
FFDEDC2C  90810044  stw     r4, 0x44(r1)
FFDEDC30  90A10048  stw     r5, 0x48(r1)
FFDEDC34  38600001  li      r3, 0x1
FFDEDC38  48004BED  bl      glue_GetEmulatorRegister
FFDEDC3C  80410014  lwz     r2, 0x14(r1)
FFDEDC40  90610038  stw     r3, 0x38(r1)
FFDEDC44  38600002  li      r3, 0x2
FFDEDC48  48004BDD  bl      glue_GetEmulatorRegister
FFDEDC4C  80410014  lwz     r2, 0x14(r1)
FFDEDC50  9061003C  stw     r3, 0x3C(r1)
FFDEDC54  38600005  li      r3, 0x5
FFDEDC58  48004BCD  bl      glue_GetEmulatorRegister
FFDEDC5C  80410014  lwz     r2, 0x14(r1)
FFDEDC60  9061004C  stw     r3, 0x4C(r1)
FFDEDC64  387F0000  addi    r3, r31, 0x0
FFDEDC68  80810044  lwz     r4, 0x44(r1)
FFDEDC6C  80A10048  lwz     r5, 0x48(r1)
FFDEDC70  48000049  bl      sub_FFDEDCB8
FFDEDC74  80810038  lwz     r4, 0x38(r1)
FFDEDC78  38600001  li      r3, 0x1
FFDEDC7C  48004BCD  bl      glue_SetEmulatorRegister
FFDEDC80  80410014  lwz     r2, 0x14(r1)
FFDEDC84  8081003C  lwz     r4, 0x3C(r1)
FFDEDC88  38600002  li      r3, 0x2
FFDEDC8C  48004BBD  bl      glue_SetEmulatorRegister
FFDEDC90  80410014  lwz     r2, 0x14(r1)
FFDEDC94  8081004C  lwz     r4, 0x4C(r1)
FFDEDC98  38600005  li      r3, 0x5
FFDEDC9C  48004BAD  bl      glue_SetEmulatorRegister
FFDEDCA0  80410014  lwz     r2, 0x14(r1)
FFDEDCA4  81810068  lwz     r12, 0x68(r1)
FFDEDCA8  83E1005C  lwz     r31, 0x5C(r1)
FFDEDCAC  7D8803A6  mtspr   LR, r12
FFDEDCB0  30210060  addic   r1, r1, 0x60
FFDEDCB4  4E800020  blr

sub_FFDEDCB8:
FFDEDCB8  BFC1FFF8  stmw    r30, -0x8(r1)
FFDEDCBC  7C0802A6  mfspr   r0, LR
FFDEDCC0  7C7F0734  extsh   r31, r3
FFDEDCC4  90010008  stw     r0, 0x8(r1)
FFDEDCC8  9421FF70  stwu    r1, -0x90(r1)
FFDEDCCC  90A10078  stw     r5, 0x78(r1)
FFDEDCD0  90810074  stw     r4, 0x74(r1)
FFDEDCD4  3061003C  addic   r3, r1, 0x3C
FFDEDCD8  38800000  li      r4, 0x0
FFDEDCDC  38A00000  li      r5, 0x0
FFDEDCE0  38C00000  li      r6, 0x0
FFDEDCE4  38E00000  li      r7, 0x0
FFDEDCE8  4BFFAFD9  bl      sub_FFDE8CC0
FFDEDCEC  30610038  addic   r3, r1, 0x38
FFDEDCF0  389F0000  addi    r4, r31, 0x0
FFDEDCF4  80A10074  lwz     r5, 0x74(r1)
FFDEDCF8  80C10078  lwz     r6, 0x78(r1)
FFDEDCFC  38E00000  li      r7, 0x0
FFDEDD00  3101003C  addic   r8, r1, 0x3C
FFDEDD04  4BFFFBB9  bl      sub_FFDED8BC
FFDEDD08  7C7E0734  extsh   r30, r3
FFDEDD0C  2C1EFFD5  cmpwi   cr0, r30, 0xFFD5
FFDEDD10  387F0000  addi    r3, r31, 0x0
FFDEDD14  80810074  lwz     r4, 0x74(r1)
FFDEDD18  80A10078  lwz     r5, 0x78(r1)
FFDEDD1C  40820034  bne     loc_FFDEDD50
FFDEDD20  48000159  bl      sub_FFDEDE78
FFDEDD24  7C7E0735  extsh.  r30, r3
FFDEDD28  389F0000  addi    r4, r31, 0x0
FFDEDD2C  80A10074  lwz     r5, 0x74(r1)
FFDEDD30  30610038  addic   r3, r1, 0x38
FFDEDD34  40820080  bne     loc_FFDEDDB4
FFDEDD38  80C10078  lwz     r6, 0x78(r1)
FFDEDD3C  38E00000  li      r7, 0x0
FFDEDD40  3101003C  addic   r8, r1, 0x3C
FFDEDD44  4BFFFB79  bl      sub_FFDED8BC
FFDEDD48  7C7E0735  extsh.  r30, r3
FFDEDD4C  48000008  b       loc_FFDEDD54
loc_FFDEDD50:
FFDEDD50  2C1E0000  cmpwi   cr0, r30, 0x0
loc_FFDEDD54:
FFDEDD54  A8610038  lha     r3, 0x38(r1)
FFDEDD58  4082005C  bne     loc_FFDEDDB4
FFDEDD5C  3BC0FFD0  li      r30, -0x30
FFDEDD60  4BFFFA7D  bl      sub_FFDED7DC
FFDEDD64  2C030000  cmpwi   cr0, r3, 0x0
FFDEDD68  80020000  lwz     r0, 0x0(r2)                        ; TOC[+0] &data+0
FFDEDD6C  A8610038  lha     r3, 0x38(r1)
FFDEDD70  33E00020  addic   r31, r0, 0x20
FFDEDD74  389F0000  addi    r4, r31, 0x0
FFDEDD78  40820030  bne     loc_FFDEDDA8
FFDEDD7C  38A00000  li      r5, 0x0
FFDEDD80  38C00010  li      r6, 0x10
FFDEDD84  480000B1  bl      sub_FFDEDE34
FFDEDD88  7C7E0735  extsh.  r30, r3
FFDEDD8C  389F0000  addi    r4, r31, 0x0
FFDEDD90  A8610038  lha     r3, 0x38(r1)
FFDEDD94  38A00100  li      r5, 0x100
FFDEDD98  40820010  bne     loc_FFDEDDA8
FFDEDD9C  38C0001E  li      r6, 0x1E
FFDEDDA0  48000095  bl      sub_FFDEDE34
FFDEDDA4  7C7E0734  extsh   r30, r3
loc_FFDEDDA8:
FFDEDDA8  A8610038  lha     r3, 0x38(r1)
FFDEDDAC  2C030000  cmpwi   cr0, r3, 0x0
FFDEDDB0  4181C005  bgtl    sub_FFDE9DB4
loc_FFDEDDB4:
FFDEDDB4  38DE0000  addi    r6, r30, 0x0
FFDEDDB8  3061003C  addic   r3, r1, 0x3C
FFDEDDBC  38800000  li      r4, 0x0
FFDEDDC0  38A00000  li      r5, 0x0
FFDEDDC4  4BFFB105  bl      sub_FFDE8EC8
FFDEDDC8  81810098  lwz     r12, 0x98(r1)
FFDEDDCC  30210090  addic   r1, r1, 0x90
FFDEDDD0  7D8803A6  mtspr   LR, r12
FFDEDDD4  BBC1FFF8  lmw     r30, -0x8(r1)
FFDEDDD8  4E800020  blr

sub_FFDEDDDC:
FFDEDDDC  80E30000  lwz     r7, 0x0(r3)
FFDEDDE0  9421FF90  stwu    r1, -0x70(r1)
FFDEDDE4  80E70000  lwz     r7, 0x0(r7)
FFDEDDE8  90810058  stw     r4, 0x58(r1)
FFDEDDEC  80830000  lwz     r4, 0x0(r3)
FFDEDDF0  7C0802A6  mfspr   r0, LR
FFDEDDF4  A0840014  lhz     r4, 0x14(r4)
FFDEDDF8  90010078  stw     r0, 0x78(r1)
FFDEDDFC  38000001  li      r0, 0x1
FFDEDE00  90C1005C  stw     r6, 0x5C(r1)
FFDEDE04  B0810050  sth     r4, 0x50(r1)
FFDEDE08  7CA72814  addc    r5, r7, r5
FFDEDE0C  30610038  addic   r3, r1, 0x38
FFDEDE10  B0010064  sth     r0, 0x64(r1)
FFDEDE14  90A10066  stw     r5, 0x66(r1)
FFDEDE18  48005405  bl      glue_PBWriteSync
FFDEDE1C  80410014  lwz     r2, 0x14(r1)
FFDEDE20  7C630734  extsh   r3, r3
FFDEDE24  81810078  lwz     r12, 0x78(r1)
FFDEDE28  30210070  addic   r1, r1, 0x70
FFDEDE2C  7D8803A6  mtspr   LR, r12
FFDEDE30  4E800020  blr

sub_FFDEDE34:
FFDEDE34  9421FF90  stwu    r1, -0x70(r1)
FFDEDE38  B0610050  sth     r3, 0x50(r1)
FFDEDE3C  7C0802A6  mfspr   r0, LR
FFDEDE40  90810058  stw     r4, 0x58(r1)
FFDEDE44  90010078  stw     r0, 0x78(r1)
FFDEDE48  38000001  li      r0, 0x1
FFDEDE4C  90C1005C  stw     r6, 0x5C(r1)
FFDEDE50  90A10066  stw     r5, 0x66(r1)
FFDEDE54  B0010064  sth     r0, 0x64(r1)
FFDEDE58  30610038  addic   r3, r1, 0x38
FFDEDE5C  480053C1  bl      glue_PBWriteSync
FFDEDE60  80410014  lwz     r2, 0x14(r1)
FFDEDE64  7C630734  extsh   r3, r3
FFDEDE68  81810078  lwz     r12, 0x78(r1)
FFDEDE6C  30210070  addic   r1, r1, 0x70
FFDEDE70  7D8803A6  mtspr   LR, r12
FFDEDE74  4E800020  blr

sub_FFDEDE78:
FFDEDE78  9421FF40  stwu    r1, -0xC0(r1)
FFDEDE7C  B061004E  sth     r3, 0x4E(r1)
FFDEDE80  7C0802A6  mfspr   r0, LR
FFDEDE84  90A1004A  stw     r5, 0x4A(r1)
FFDEDE88  900100C8  stw     r0, 0xC8(r1)
FFDEDE8C  38000000  li      r0, 0x0
FFDEDE90  90810068  stw     r4, 0x68(r1)
FFDEDE94  90010044  stw     r0, 0x44(r1)
FFDEDE98  30610038  addic   r3, r1, 0x38
FFDEDE9C  480053A5  bl      glue_PBHCreateSync
FFDEDEA0  80410014  lwz     r2, 0x14(r1)
FFDEDEA4  7C630734  extsh   r3, r3
FFDEDEA8  818100C8  lwz     r12, 0xC8(r1)
FFDEDEAC  302100C0  addic   r1, r1, 0xC0
FFDEDEB0  7D8803A6  mtspr   LR, r12
FFDEDEB4  4E800020  blr

__WriteResource:
FFDEDEB8  9421FFB0  stwu    r1, -0x50(r1)
FFDEDEBC  90610044  stw     r3, 0x44(r1)
FFDEDEC0  7C0802A6  mfspr   r0, LR
FFDEDEC4  38600001  li      r3, 0x1
FFDEDEC8  90010058  stw     r0, 0x58(r1)
FFDEDECC  48004959  bl      glue_GetEmulatorRegister
FFDEDED0  80410014  lwz     r2, 0x14(r1)
FFDEDED4  90610038  stw     r3, 0x38(r1)
FFDEDED8  38600002  li      r3, 0x2
FFDEDEDC  48004949  bl      glue_GetEmulatorRegister
FFDEDEE0  80410014  lwz     r2, 0x14(r1)
FFDEDEE4  9061003C  stw     r3, 0x3C(r1)
FFDEDEE8  38600005  li      r3, 0x5
FFDEDEEC  48004939  bl      glue_GetEmulatorRegister
FFDEDEF0  80410014  lwz     r2, 0x14(r1)
FFDEDEF4  90610048  stw     r3, 0x48(r1)
FFDEDEF8  80610044  lwz     r3, 0x44(r1)
FFDEDEFC  48000045  bl      sub_FFDEDF40
FFDEDF00  80810038  lwz     r4, 0x38(r1)
FFDEDF04  38600001  li      r3, 0x1
FFDEDF08  48004941  bl      glue_SetEmulatorRegister
FFDEDF0C  80410014  lwz     r2, 0x14(r1)
FFDEDF10  8081003C  lwz     r4, 0x3C(r1)
FFDEDF14  38600002  li      r3, 0x2
FFDEDF18  48004931  bl      glue_SetEmulatorRegister
FFDEDF1C  80410014  lwz     r2, 0x14(r1)
FFDEDF20  80810048  lwz     r4, 0x48(r1)
FFDEDF24  38600005  li      r3, 0x5
FFDEDF28  48004921  bl      glue_SetEmulatorRegister
FFDEDF2C  80410014  lwz     r2, 0x14(r1)
FFDEDF30  81810058  lwz     r12, 0x58(r1)
FFDEDF34  30210050  addic   r1, r1, 0x50
FFDEDF38  7D8803A6  mtspr   LR, r12
FFDEDF3C  4E800020  blr

sub_FFDEDF40:
FFDEDF40  9421FF80  stwu    r1, -0x80(r1)
FFDEDF44  9061007C  stw     r3, 0x7C(r1)
FFDEDF48  7C0802A6  mfspr   r0, LR
FFDEDF4C  30610044  addic   r3, r1, 0x44
FFDEDF50  90010088  stw     r0, 0x88(r1)
FFDEDF54  38800000  li      r4, 0x0
FFDEDF58  38A00000  li      r5, 0x0
FFDEDF5C  38C00000  li      r6, 0x0
FFDEDF60  38E00000  li      r7, 0x0
FFDEDF64  4BFFAD5D  bl      sub_FFDE8CC0
FFDEDF68  30810038  addic   r4, r1, 0x38
FFDEDF6C  30C1003C  addic   r6, r1, 0x3C
FFDEDF70  30E10040  addic   r7, r1, 0x40
FFDEDF74  8061007C  lwz     r3, 0x7C(r1)
FFDEDF78  30A10044  addic   r5, r1, 0x44
FFDEDF7C  4BFFC9B9  bl      sub_FFDEA934
FFDEDF80  7C660735  extsh.  r6, r3
FFDEDF84  8061003C  lwz     r3, 0x3C(r1)
FFDEDF88  4082003C  bne     loc_FFDEDFC4
FFDEDF8C  48000059  bl      sub_FFDEDFE4
FFDEDF90  5464063F  clrlwi. r4, r3, 24
FFDEDF94  8081003C  lwz     r4, 0x3C(r1)
FFDEDF98  80010038  lwz     r0, 0x38(r1)
FFDEDF9C  40820028  bne     loc_FFDEDFC4
FFDEDFA0  80640000  lwz     r3, 0x0(r4)
FFDEDFA4  80A1007C  lwz     r5, 0x7C(r1)
FFDEDFA8  7C630014  addc    r3, r3, r0
FFDEDFAC  80030004  lwz     r0, 0x4(r3)
FFDEDFB0  5400463E  srwi    r0, r0, 24
FFDEDFB4  7C001120  mtcrf   0x01, r0
FFDEDFB8  409E000C  bne     cr7, loc_FFDEDFC4
FFDEDFBC  48000039  bl      sub_FFDEDFF4
FFDEDFC0  7C660734  extsh   r6, r3
loc_FFDEDFC4:
FFDEDFC4  30610044  addic   r3, r1, 0x44
FFDEDFC8  38800000  li      r4, 0x0
FFDEDFCC  38A00000  li      r5, 0x0
FFDEDFD0  4BFFAEF9  bl      sub_FFDE8EC8
FFDEDFD4  81810088  lwz     r12, 0x88(r1)
FFDEDFD8  30210080  addic   r1, r1, 0x80
FFDEDFDC  7D8803A6  mtspr   LR, r12
FFDEDFE0  4E800020  blr

sub_FFDEDFE4:
FFDEDFE4  80630000  lwz     r3, 0x0(r3)
FFDEDFE8  88030016  lbz     r0, 0x16(r3)
FFDEDFEC  54030630  rlwinm  r3, r0, 0, 24, 24
FFDEDFF0  4E800020  blr

sub_FFDEDFF4:
FFDEDFF4  BFA1FFF4  stmw    r29, -0xC(r1)
FFDEDFF8  3BE40000  addi    r31, r4, 0x0
FFDEDFFC  80830004  lwz     r4, 0x4(r3)
FFDEE000  7C0802A6  mfspr   r0, LR
FFDEE004  5486463E  srwi    r6, r4, 24
FFDEE008  90010008  stw     r0, 0x8(r1)
FFDEE00C  54C607FA  rlwinm  r6, r6, 0, 31, 29
FFDEE010  3BA50000  addi    r29, r5, 0x0
FFDEE014  549E023E  clrlwi  r30, r4, 8
FFDEE018  38E40000  addi    r7, r4, 0x0
FFDEE01C  50C7C00E  insrwi  r7, r6, 8, 0
FFDEE020  90E30004  stw     r7, 0x4(r3)
FFDEE024  807F0000  lwz     r3, 0x0(r31)
FFDEE028  9421FFB0  stwu    r1, -0x50(r1)
FFDEE02C  80830000  lwz     r4, 0x0(r3)
FFDEE030  387D0000  addi    r3, r29, 0x0
FFDEE034  7FC4F014  addc    r30, r4, r30
FFDEE038  480047A5  bl      glue_GetHandleSize
FFDEE03C  80410014  lwz     r2, 0x14(r1)
FFDEE040  2C030000  cmpwi   cr0, r3, 0x0
FFDEE044  90610038  stw     r3, 0x38(r1)
FFDEE048  30810038  addic   r4, r1, 0x38
FFDEE04C  38BE0000  addi    r5, r30, 0x0
FFDEE050  38C00004  li      r6, 0x4
FFDEE054  4080000C  bge     loc_FFDEE060
FFDEE058  38600000  li      r3, 0x0
FFDEE05C  90610038  stw     r3, 0x38(r1)
loc_FFDEE060:
FFDEE060  807F0000  lwz     r3, 0x0(r31)
FFDEE064  A0630014  lhz     r3, 0x14(r3)
FFDEE068  4BFFFDCD  bl      sub_FFDEDE34
FFDEE06C  7C630735  extsh.  r3, r3
FFDEE070  809F0000  lwz     r4, 0x0(r31)
FFDEE074  30BE0004  addic   r5, r30, 0x4
FFDEE078  80C10038  lwz     r6, 0x38(r1)
FFDEE07C  40820014  bne     loc_FFDEE090
FFDEE080  A0640014  lhz     r3, 0x14(r4)
FFDEE084  809D0000  lwz     r4, 0x0(r29)
FFDEE088  4BFFFDAD  bl      sub_FFDEDE34
FFDEE08C  7C630734  extsh   r3, r3
loc_FFDEE090:
FFDEE090  81810058  lwz     r12, 0x58(r1)
FFDEE094  30210050  addic   r1, r1, 0x50
FFDEE098  7D8803A6  mtspr   LR, r12
FFDEE09C  BBA1FFF4  lmw     r29, -0xC(r1)
FFDEE0A0  4E800020  blr

__AddResource:
FFDEE0A4  7C0802A6  mfspr   r0, LR
FFDEE0A8  93E1FFFC  stw     r31, -0x4(r1)
FFDEE0AC  90010008  stw     r0, 0x8(r1)
FFDEE0B0  9421FF90  stwu    r1, -0x70(r1)
FFDEE0B4  90610044  stw     r3, 0x44(r1)
FFDEE0B8  90810048  stw     r4, 0x48(r1)
FFDEE0BC  90C1004C  stw     r6, 0x4C(r1)
FFDEE0C0  7CBF0734  extsh   r31, r5
FFDEE0C4  38600001  li      r3, 0x1
FFDEE0C8  4800475D  bl      glue_GetEmulatorRegister
FFDEE0CC  80410014  lwz     r2, 0x14(r1)
FFDEE0D0  90610038  stw     r3, 0x38(r1)
FFDEE0D4  38600002  li      r3, 0x2
FFDEE0D8  4800474D  bl      glue_GetEmulatorRegister
FFDEE0DC  80410014  lwz     r2, 0x14(r1)
FFDEE0E0  9061003C  stw     r3, 0x3C(r1)
FFDEE0E4  38600005  li      r3, 0x5
FFDEE0E8  4800473D  bl      glue_GetEmulatorRegister
FFDEE0EC  80410014  lwz     r2, 0x14(r1)
FFDEE0F0  90610050  stw     r3, 0x50(r1)
FFDEE0F4  80610044  lwz     r3, 0x44(r1)
FFDEE0F8  80810048  lwz     r4, 0x48(r1)
FFDEE0FC  38BF0000  addi    r5, r31, 0x0
FFDEE100  80C1004C  lwz     r6, 0x4C(r1)
FFDEE104  48000049  bl      sub_FFDEE14C
FFDEE108  80810038  lwz     r4, 0x38(r1)
FFDEE10C  38600001  li      r3, 0x1
FFDEE110  48004739  bl      glue_SetEmulatorRegister
FFDEE114  80410014  lwz     r2, 0x14(r1)
FFDEE118  8081003C  lwz     r4, 0x3C(r1)
FFDEE11C  38600002  li      r3, 0x2
FFDEE120  48004729  bl      glue_SetEmulatorRegister
FFDEE124  80410014  lwz     r2, 0x14(r1)
FFDEE128  80810050  lwz     r4, 0x50(r1)
FFDEE12C  38600005  li      r3, 0x5
FFDEE130  48004719  bl      glue_SetEmulatorRegister
FFDEE134  80410014  lwz     r2, 0x14(r1)
FFDEE138  81810078  lwz     r12, 0x78(r1)
FFDEE13C  83E1006C  lwz     r31, 0x6C(r1)
FFDEE140  7D8803A6  mtspr   LR, r12
FFDEE144  30210070  addic   r1, r1, 0x70
FFDEE148  4E800020  blr

sub_FFDEE14C:
FFDEE14C  7C0802A6  mfspr   r0, LR
FFDEE150  93E1FFFC  stw     r31, -0x4(r1)
FFDEE154  90010008  stw     r0, 0x8(r1)
FFDEE158  9421FF70  stwu    r1, -0x90(r1)
FFDEE15C  90A100B0  stw     r5, 0xB0(r1)
FFDEE160  906100A8  stw     r3, 0xA8(r1)
FFDEE164  908100AC  stw     r4, 0xAC(r1)
FFDEE168  90C100B4  stw     r6, 0xB4(r1)
FFDEE16C  B0A100B0  sth     r5, 0xB0(r1)
FFDEE170  3BE0FF3E  li      r31, -0xC2
FFDEE174  30610044  addic   r3, r1, 0x44
FFDEE178  38800000  li      r4, 0x0
FFDEE17C  38A00000  li      r5, 0x0
FFDEE180  38C00000  li      r6, 0x0
FFDEE184  38E00000  li      r7, 0x0
FFDEE188  4BFFAB39  bl      sub_FFDE8CC0
FFDEE18C  4BFFF8A5  bl      sub_FFDEDA30
FFDEE190  806100A8  lwz     r3, 0xA8(r1)
FFDEE194  30810038  addic   r4, r1, 0x38
FFDEE198  2C030000  cmpwi   cr0, r3, 0x0
FFDEE19C  38E100AC  addi    r7, r1, 0xAC
FFDEE1A0  30A10044  addic   r5, r1, 0x44
FFDEE1A4  418200E0  beq     loc_FFDEE284
FFDEE1A8  30C1003C  addic   r6, r1, 0x3C
FFDEE1AC  4BFFC789  bl      sub_FFDEA934
FFDEE1B0  7C600735  extsh.  r0, r3
FFDEE1B4  3061003C  addic   r3, r1, 0x3C
FFDEE1B8  30810044  addic   r4, r1, 0x44
FFDEE1BC  418200C8  beq     loc_FFDEE284
FFDEE1C0  4BFFAF75  bl      sub_FFDE9134
FFDEE1C4  7C7F0735  extsh.  r31, r3
FFDEE1C8  8061003C  lwz     r3, 0x3C(r1)
FFDEE1CC  808100A8  lwz     r4, 0xA8(r1)
FFDEE1D0  408200B4  bne     loc_FFDEE284
FFDEE1D4  480003CD  bl      sub_FFDEE5A0
FFDEE1D8  7C7F0735  extsh.  r31, r3
FFDEE1DC  808100AC  lwz     r4, 0xAC(r1)
FFDEE1E0  30A10040  addic   r5, r1, 0x40
FFDEE1E4  38C00001  li      r6, 0x1
FFDEE1E8  8061003C  lwz     r3, 0x3C(r1)
FFDEE1EC  40820098  bne     loc_FFDEE284
FFDEE1F0  480000BD  bl      sub_FFDEE2AC
FFDEE1F4  80810040  lwz     r4, 0x40(r1)
FFDEE1F8  A80100B0  lha     r0, 0xB0(r1)
FFDEE1FC  7C7F0734  extsh   r31, r3
FFDEE200  B0040000  sth     r0, 0x0(r4)
FFDEE204  80610040  lwz     r3, 0x40(r1)
FFDEE208  38800001  li      r4, 0x1
FFDEE20C  80030004  lwz     r0, 0x4(r3)
FFDEE210  5080C80E  rlwimi  r0, r4, 25, 0, 7
FFDEE214  90030004  stw     r0, 0x4(r3)
FFDEE218  80610040  lwz     r3, 0x40(r1)
FFDEE21C  80030004  lwz     r0, 0x4(r3)
FFDEE220  5400000E  clrrwi  r0, r0, 24
FFDEE224  90030004  stw     r0, 0x4(r3)
FFDEE228  806100A8  lwz     r3, 0xA8(r1)
FFDEE22C  48005039  bl      glue_HSetRBit
FFDEE230  80410014  lwz     r2, 0x14(r1)
FFDEE234  80610040  lwz     r3, 0x40(r1)
FFDEE238  800100A8  lwz     r0, 0xA8(r1)
FFDEE23C  90030008  stw     r0, 0x8(r3)
FFDEE240  80A1003C  lwz     r5, 0x3C(r1)
FFDEE244  80810040  lwz     r4, 0x40(r1)
FFDEE248  806100B4  lwz     r3, 0xB4(r1)
FFDEE24C  80050000  lwz     r0, 0x0(r5)
FFDEE250  7C002010  subfc   r0, r0, r4
FFDEE254  90010038  stw     r0, 0x38(r1)
FFDEE258  48000469  bl      sub_FFDEE6C0
FFDEE25C  8081003C  lwz     r4, 0x3C(r1)
FFDEE260  80010038  lwz     r0, 0x38(r1)
FFDEE264  80640000  lwz     r3, 0x0(r4)
FFDEE268  7C630014  addc    r3, r3, r0
FFDEE26C  90610040  stw     r3, 0x40(r1)
FFDEE270  480004ED  bl      sub_FFDEE75C
FFDEE274  8061003C  lwz     r3, 0x3C(r1)
FFDEE278  80810038  lwz     r4, 0x38(r1)
FFDEE27C  80A100AC  lwz     r5, 0xAC(r1)
FFDEE280  48004315  bl      sub_FFDF2594
loc_FFDEE284:
FFDEE284  38DF0000  addi    r6, r31, 0x0
FFDEE288  30610044  addic   r3, r1, 0x44
FFDEE28C  38800000  li      r4, 0x0
FFDEE290  38A00000  li      r5, 0x0
FFDEE294  4BFFAC35  bl      sub_FFDE8EC8
FFDEE298  81810098  lwz     r12, 0x98(r1)
FFDEE29C  83E1008C  lwz     r31, 0x8C(r1)
FFDEE2A0  7D8803A6  mtspr   LR, r12
FFDEE2A4  30210090  addic   r1, r1, 0x90
FFDEE2A8  4E800020  blr

sub_FFDEE2AC:
FFDEE2AC  BEE1FFDC  stmw    r23, -0x24(r1)
FFDEE2B0  54C7063F  clrlwi. r7, r6, 24
FFDEE2B4  7C0802A6  mfspr   r0, LR
FFDEE2B8  3BA40000  addi    r29, r4, 0x0
FFDEE2BC  90010008  stw     r0, 0x8(r1)
FFDEE2C0  9421FF80  stwu    r1, -0x80(r1)
FFDEE2C4  3BC50000  addi    r30, r5, 0x0
FFDEE2C8  3B830000  addi    r28, r3, 0x0
FFDEE2CC  41820018  beq     loc_FFDEE2E4
FFDEE2D0  80FC0000  lwz     r7, 0x0(r28)
FFDEE2D4  89070016  lbz     r8, 0x16(r7)
FFDEE2D8  61080020  ori     r8, r8, 0x20
FFDEE2DC  99070016  stb     r8, 0x16(r7)
FFDEE2E0  48000851  bl      sub_FFDEEB30
loc_FFDEE2E4:
FFDEE2E4  387C0000  addi    r3, r28, 0x0
FFDEE2E8  389D0000  addi    r4, r29, 0x0
FFDEE2EC  30A1003C  addic   r5, r1, 0x3C
FFDEE2F0  4BFFC7DD  bl      sub_FFDEAACC
FFDEE2F4  7C670735  extsh.  r7, r3
FFDEE2F8  3AE0000C  li      r23, 0xC
FFDEE2FC  389C0000  addi    r4, r28, 0x0
FFDEE300  3860000C  li      r3, 0xC
FFDEE304  408200A0  bne     loc_FFDEE3A4
FFDEE308  4800019D  bl      sub_FFDEE4A4
FFDEE30C  811C0000  lwz     r8, 0x0(r28)
FFDEE310  3860000C  li      r3, 0xC
FFDEE314  80E1003C  lwz     r7, 0x3C(r1)
FFDEE318  7FE83814  addc    r31, r8, r7
FFDEE31C  A0FF0004  lhz     r7, 0x4(r31)
FFDEE320  A17F0006  lhz     r11, 0x6(r31)
FFDEE324  31070001  addic   r8, r7, 0x1
FFDEE328  B11F0004  sth     r8, 0x4(r31)
FFDEE32C  80FC0000  lwz     r7, 0x0(r28)
FFDEE330  55090BFC  clrlslwi r9, r8, 16, 1
FFDEE334  A1470018  lhz     r10, 0x18(r7)
FFDEE338  5508043E  clrlwi  r8, r8, 16
FFDEE33C  7D084814  addc    r8, r8, r9
FFDEE340  5509103A  slwi    r9, r8, 2
FFDEE344  A107001A  lhz     r8, 0x1A(r7)
FFDEE348  7D475014  addc    r10, r7, r10
FFDEE34C  7D4A5814  addc    r10, r10, r11
FFDEE350  7F4A4814  addc    r26, r10, r9
FFDEE354  7CE74014  addc    r7, r7, r8
FFDEE358  30A7FFF4  addic   r5, r7, -0xC
FFDEE35C  389A0000  addi    r4, r26, 0x0
FFDEE360  48000209  bl      sub_FFDEE568
FFDEE364  33FF0008  addic   r31, r31, 0x8
FFDEE368  387C0000  addi    r3, r28, 0x0
FFDEE36C  30810040  addic   r4, r1, 0x40
FFDEE370  30A10038  addic   r5, r1, 0x38
FFDEE374  4BFFBA71  bl      sub_FFDE9DE4
FFDEE378  8101003C  lwz     r8, 0x3C(r1)
FFDEE37C  80E10040  lwz     r7, 0x40(r1)
FFDEE380  A8810038  lha     r4, 0x38(r1)
FFDEE384  7CE74010  subfc   r7, r7, r8
FFDEE388  54E7E8FE  srwi    r7, r7, 3
FFDEE38C  7CE72010  subfc   r7, r7, r4
FFDEE390  30E7FFFF  addic   r7, r7, -0x1
FFDEE394  B0E10038  sth     r7, 0x38(r1)
FFDEE398  7CE40734  extsh   r4, r7
FFDEE39C  387F0000  addi    r3, r31, 0x0
FFDEE3A0  480000B4  b       loc_FFDEE454
loc_FFDEE3A4:
FFDEE3A4  38600014  li      r3, 0x14
FFDEE3A8  480000FD  bl      sub_FFDEE4A4
FFDEE3AC  387C0000  addi    r3, r28, 0x0
FFDEE3B0  3081003C  addic   r4, r1, 0x3C
FFDEE3B4  30A10038  addic   r5, r1, 0x38
FFDEE3B8  4BFFBA2D  bl      sub_FFDE9DE4
FFDEE3BC  A8E10038  lha     r7, 0x38(r1)
FFDEE3C0  8081003C  lwz     r4, 0x3C(r1)
FFDEE3C4  2C070000  cmpwi   cr0, r7, 0x0
FFDEE3C8  30A10044  addic   r5, r1, 0x44
FFDEE3CC  387C0000  addi    r3, r28, 0x0
FFDEE3D0  3BE40000  addi    r31, r4, 0x0
FFDEE3D4  41800014  blt     loc_FFDEE3E8
FFDEE3D8  4BFFBA35  bl      sub_FFDE9E0C
FFDEE3DC  83E10044  lwz     r31, 0x44(r1)
FFDEE3E0  831C0000  lwz     r24, 0x0(r28)
FFDEE3E4  4800000C  b       loc_FFDEE3F0
loc_FFDEE3E8:
FFDEE3E8  93E10044  stw     r31, 0x44(r1)
FFDEE3EC  831C0000  lwz     r24, 0x0(r28)
loc_FFDEE3F0:
FFDEE3F0  3AE00008  li      r23, 0x8
FFDEE3F4  A0F8001A  lhz     r7, 0x1A(r24)
FFDEE3F8  7F38F814  addc    r25, r24, r31
FFDEE3FC  7F583814  addc    r26, r24, r7
FFDEE400  337AFFEC  addic   r27, r26, -0x14
FFDEE404  38600008  li      r3, 0x8
FFDEE408  38990000  addi    r4, r25, 0x0
FFDEE40C  38BB0000  addi    r5, r27, 0x0
FFDEE410  48000159  bl      sub_FFDEE568
FFDEE414  A9010038  lha     r8, 0x38(r1)
FFDEE418  80FC0000  lwz     r7, 0x0(r28)
FFDEE41C  31280001  addic   r9, r8, 0x1
FFDEE420  A1070018  lhz     r8, 0x18(r7)
FFDEE424  B1210038  sth     r9, 0x38(r1)
FFDEE428  7D27432E  sthx    r9, r7, r8
FFDEE42C  7CE74014  addc    r7, r7, r8
FFDEE430  7FB8F92E  stwx    r29, r24, r31
FFDEE434  39200000  li      r9, 0x0
FFDEE438  7D07D810  subfc   r8, r7, r27
FFDEE43C  B1190006  sth     r8, 0x6(r25)
FFDEE440  B1390004  sth     r9, 0x4(r25)
FFDEE444  335AFFF4  addic   r26, r26, -0xC
FFDEE448  33E70002  addic   r31, r7, 0x2
FFDEE44C  A8810038  lha     r4, 0x38(r1)
FFDEE450  387F0000  addi    r3, r31, 0x0
loc_FFDEE454:
FFDEE454  38B70000  addi    r5, r23, 0x0
FFDEE458  48000021  bl      sub_FFDEE478
FFDEE45C  935E0000  stw     r26, 0x0(r30)
FFDEE460  38600000  li      r3, 0x0
FFDEE464  81810088  lwz     r12, 0x88(r1)
FFDEE468  30210080  addic   r1, r1, 0x80
FFDEE46C  7D8803A6  mtspr   LR, r12
FFDEE470  BAE1FFDC  lmw     r23, -0x24(r1)
FFDEE474  4E800020  blr

sub_FFDEE478:
FFDEE478  7C800735  extsh.  r0, r4
FFDEE47C  3063FFFE  addic   r3, r3, -0x2
FFDEE480  3000FFFF  addic   r0, r0, -0x1
FFDEE484  4180001C  blt     loc_FFDEE4A0
loc_FFDEE488:
FFDEE488  7C000735  extsh.  r0, r0
FFDEE48C  A0830008  lhz     r4, 0x8(r3)
FFDEE490  3000FFFF  addic   r0, r0, -0x1
FFDEE494  7C852014  addc    r4, r5, r4
FFDEE498  B4830008  sthu    r4, 0x8(r3)
FFDEE49C  4080FFEC  bge     loc_FFDEE488
loc_FFDEE4A0:
FFDEE4A0  4E800020  blr

sub_FFDEE4A4:
FFDEE4A4  BFA1FFF4  stmw    r29, -0xC(r1)
FFDEE4A8  7C0802A6  mfspr   r0, LR
FFDEE4AC  3BA40000  addi    r29, r4, 0x0
FFDEE4B0  80FD0000  lwz     r7, 0x0(r29)
FFDEE4B4  7D800026  mfcr    r12
FFDEE4B8  3BC30000  addi    r30, r3, 0x0
FFDEE4BC  2E1E0000  cmpwi   cr4, r30, 0x0
FFDEE4C0  91810004  stw     r12, 0x4(r1)
FFDEE4C4  90010008  stw     r0, 0x8(r1)
FFDEE4C8  9421FFB0  stwu    r1, -0x50(r1)
FFDEE4CC  83E7000C  lwz     r31, 0xC(r7)
FFDEE4D0  4091000C  ble     cr4, loc_FFDEE4DC
FFDEE4D4  48000059  bl      sub_FFDEE52C
FFDEE4D8  80FD0000  lwz     r7, 0x0(r29)
loc_FFDEE4DC:
FFDEE4DC  A087001A  lhz     r4, 0x1A(r7)
FFDEE4E0  7CA7F814  addc    r5, r7, r31
FFDEE4E4  387E0000  addi    r3, r30, 0x0
FFDEE4E8  7C872014  addc    r4, r7, r4
FFDEE4EC  4800007D  bl      sub_FFDEE568
FFDEE4F0  80FD0000  lwz     r7, 0x0(r29)
FFDEE4F4  389D0000  addi    r4, r29, 0x0
FFDEE4F8  A107001A  lhz     r8, 0x1A(r7)
FFDEE4FC  387E0000  addi    r3, r30, 0x0
FFDEE500  7D1E4014  addc    r8, r30, r8
FFDEE504  B107001A  sth     r8, 0x1A(r7)
FFDEE508  41900025  bltl    cr4, sub_FFDEE52C
FFDEE50C  4DEF7B82  crmove  crb15, crb15
FFDEE510  81810054  lwz     r12, 0x54(r1)
FFDEE514  80010058  lwz     r0, 0x58(r1)
FFDEE518  7D808120  mtcrf   0x08, r12
FFDEE51C  30210050  addic   r1, r1, 0x50
FFDEE520  7C0803A6  mtspr   LR, r0
FFDEE524  BBA1FFF4  lmw     r29, -0xC(r1)
FFDEE528  4E800020  blr

sub_FFDEE52C:
FFDEE52C  7C0802A6  mfspr   r0, LR
FFDEE530  80A40000  lwz     r5, 0x0(r4)
FFDEE534  9421FFC0  stwu    r1, -0x40(r1)
FFDEE538  90010048  stw     r0, 0x48(r1)
FFDEE53C  8005000C  lwz     r0, 0xC(r5)
FFDEE540  7C001814  addc    r0, r0, r3
FFDEE544  38640000  addi    r3, r4, 0x0
FFDEE548  9005000C  stw     r0, 0xC(r5)
FFDEE54C  30800000  addic   r4, r0, 0x0
FFDEE550  4800472D  bl      glue_SetHandleSize
FFDEE554  80410014  lwz     r2, 0x14(r1)
FFDEE558  81810048  lwz     r12, 0x48(r1)
FFDEE55C  30210040  addic   r1, r1, 0x40
FFDEE560  7D8803A6  mtspr   LR, r12
FFDEE564  4E800020  blr

sub_FFDEE568:
FFDEE568  7CA42810  subfc   r5, r4, r5
FFDEE56C  54A5023E  clrlwi  r5, r5, 8
FFDEE570  7C0802A6  mfspr   r0, LR
FFDEE574  9421FFC0  stwu    r1, -0x40(r1)
FFDEE578  90010048  stw     r0, 0x48(r1)
FFDEE57C  7C041814  addc    r0, r4, r3
FFDEE580  38640000  addi    r3, r4, 0x0
FFDEE584  30800000  addic   r4, r0, 0x0
FFDEE588  48004B2D  bl      glue_BlockMoveData
FFDEE58C  80410014  lwz     r2, 0x14(r1)
FFDEE590  81810048  lwz     r12, 0x48(r1)
FFDEE594  30210040  addic   r1, r1, 0x40
FFDEE598  7D8803A6  mtspr   LR, r12
FFDEE59C  4E800020  blr

sub_FFDEE5A0:
FFDEE5A0  BFA1FFF4  stmw    r29, -0xC(r1)
FFDEE5A4  7C0802A6  mfspr   r0, LR
FFDEE5A8  3BE40000  addi    r31, r4, 0x0
FFDEE5AC  90010008  stw     r0, 0x8(r1)
FFDEE5B0  9421FFB0  stwu    r1, -0x50(r1)
FFDEE5B4  90610038  stw     r3, 0x38(r1)
FFDEE5B8  48004225  bl      glue_GetHandleSize
FFDEE5BC  80410014  lwz     r2, 0x14(r1)
FFDEE5C0  3BC30000  addi    r30, r3, 0x0
FFDEE5C4  309E0118  addic   r4, r30, 0x118
FFDEE5C8  80610038  lwz     r3, 0x38(r1)
FFDEE5CC  480046B1  bl      glue_SetHandleSize
FFDEE5D0  80410014  lwz     r2, 0x14(r1)
FFDEE5D4  48004661  bl      glue_MemError
FFDEE5D8  80410014  lwz     r2, 0x14(r1)
FFDEE5DC  7C7D0734  extsh   r29, r3
FFDEE5E0  389E0000  addi    r4, r30, 0x0
FFDEE5E4  80610038  lwz     r3, 0x38(r1)
FFDEE5E8  48004695  bl      glue_SetHandleSize
FFDEE5EC  80410014  lwz     r2, 0x14(r1)
FFDEE5F0  2C9D0000  cmpwi   cr1, r29, 0x0
FFDEE5F4  80610038  lwz     r3, 0x38(r1)
FFDEE5F8  40860048  bne     cr1, loc_FFDEE640
FFDEE5FC  4BFFF9E9  bl      sub_FFDEDFE4
FFDEE600  5460063F  clrlwi. r0, r3, 24
FFDEE604  2C9F0000  cmpwi   cr1, r31, 0x0
FFDEE608  40820038  bne     loc_FFDEE640
FFDEE60C  387F0000  addi    r3, r31, 0x0
FFDEE610  41860030  beq     cr1, loc_FFDEE640
FFDEE614  480041C9  bl      glue_GetHandleSize
FFDEE618  80410014  lwz     r2, 0x14(r1)
FFDEE61C  3BE30000  addi    r31, r3, 0x0
FFDEE620  48004615  bl      glue_MemError
FFDEE624  80410014  lwz     r2, 0x14(r1)
FFDEE628  7C7D0735  extsh.  r29, r3
FFDEE62C  309F0118  addic   r4, r31, 0x118
FFDEE630  80610038  lwz     r3, 0x38(r1)
FFDEE634  4082000C  bne     loc_FFDEE640
FFDEE638  48000021  bl      sub_FFDEE658
FFDEE63C  7C7D0734  extsh   r29, r3
loc_FFDEE640:
FFDEE640  387D0000  addi    r3, r29, 0x0
FFDEE644  81810058  lwz     r12, 0x58(r1)
FFDEE648  30210050  addic   r1, r1, 0x50
FFDEE64C  7D8803A6  mtspr   LR, r12
FFDEE650  BBA1FFF4  lmw     r29, -0xC(r1)
FFDEE654  4E800020  blr

sub_FFDEE658:
FFDEE658  BFC1FFF8  stmw    r30, -0x8(r1)
FFDEE65C  3BE30000  addi    r31, r3, 0x0
FFDEE660  807F0000  lwz     r3, 0x0(r31)
FFDEE664  7C0802A6  mfspr   r0, LR
FFDEE668  3BC40000  addi    r30, r4, 0x0
FFDEE66C  90010008  stw     r0, 0x8(r1)
FFDEE670  9421FFB0  stwu    r1, -0x50(r1)
FFDEE674  A0630014  lhz     r3, 0x14(r3)
FFDEE678  4BFFF165  bl      sub_FFDED7DC
FFDEE67C  7C83F014  addc    r4, r3, r30
FFDEE680  3C600100  lis     r3, 0x0100
FFDEE684  7C041840  cmplw   r4, r3
FFDEE688  387F0000  addi    r3, r31, 0x0
FFDEE68C  4080001C  bge     loc_FFDEE6A8
FFDEE690  4BFFF189  bl      sub_FFDED818
FFDEE694  7C630734  extsh   r3, r3
FFDEE698  81810058  lwz     r12, 0x58(r1)
FFDEE69C  30210050  addic   r1, r1, 0x50
FFDEE6A0  7D8803A6  mtspr   LR, r12
FFDEE6A4  48000014  b       loc_FFDEE6B8
loc_FFDEE6A8:
FFDEE6A8  3860FFD9  li      r3, -0x27
FFDEE6AC  81810058  lwz     r12, 0x58(r1)
FFDEE6B0  30210050  addic   r1, r1, 0x50
FFDEE6B4  7D8803A6  mtspr   LR, r12
loc_FFDEE6B8:
FFDEE6B8  BBC1FFF8  lmw     r30, -0x8(r1)
FFDEE6BC  4E800020  blr

sub_FFDEE6C0:
FFDEE6C0  BF61FFEC  stmw    r27, -0x14(r1)
FFDEE6C4  3BA30000  addi    r29, r3, 0x0
FFDEE6C8  7C0802A6  mfspr   r0, LR
FFDEE6CC  3BC40000  addi    r30, r4, 0x0
FFDEE6D0  90010008  stw     r0, 0x8(r1)
FFDEE6D4  9421FFA0  stwu    r1, -0x60(r1)
FFDEE6D8  3BE50000  addi    r31, r5, 0x0
FFDEE6DC  3B80FFFF  li      r28, -0x1
FFDEE6E0  38600000  li      r3, 0x0
FFDEE6E4  480049AD  bl      glue_LMSetHSCHndl
FFDEE6E8  80410014  lwz     r2, 0x14(r1)
FFDEE6EC  2C1D0000  cmpwi   cr0, r29, 0x0
FFDEE6F0  41820054  beq     loc_FFDEE744
FFDEE6F4  88FD0000  lbz     r7, 0x0(r29)
FFDEE6F8  389F0000  addi    r4, r31, 0x0
FFDEE6FC  2C870000  cmpwi   cr1, r7, 0x0
FFDEE700  33670001  addic   r27, r7, 0x1
FFDEE704  387B0000  addi    r3, r27, 0x0
FFDEE708  4085003C  ble     cr1, loc_FFDEE744
FFDEE70C  80FF0000  lwz     r7, 0x0(r31)
FFDEE710  7FC7F010  subfc   r30, r7, r30
FFDEE714  8387000C  lwz     r28, 0xC(r7)
FFDEE718  4BFFFE15  bl      sub_FFDEE52C
FFDEE71C  80FF0000  lwz     r7, 0x0(r31)
FFDEE720  387D0000  addi    r3, r29, 0x0
FFDEE724  7FC7F014  addc    r30, r7, r30
FFDEE728  7C87E014  addc    r4, r7, r28
FFDEE72C  38BB0000  addi    r5, r27, 0x0
FFDEE730  48004985  bl      glue_BlockMoveData
FFDEE734  80410014  lwz     r2, 0x14(r1)
FFDEE738  80FF0000  lwz     r7, 0x0(r31)
FFDEE73C  A0E7001A  lhz     r7, 0x1A(r7)
FFDEE740  7F87E010  subfc   r28, r7, r28
loc_FFDEE744:
FFDEE744  B39E0002  sth     r28, 0x2(r30)
FFDEE748  81810068  lwz     r12, 0x68(r1)
FFDEE74C  30210060  addic   r1, r1, 0x60
FFDEE750  7D8803A6  mtspr   LR, r12
FFDEE754  BB61FFEC  lmw     r27, -0x14(r1)
FFDEE758  4E800020  blr

sub_FFDEE75C:
FFDEE75C  BFC1FFF8  stmw    r30, -0x8(r1)
FFDEE760  3BC30000  addi    r30, r3, 0x0
FFDEE764  7C0802A6  mfspr   r0, LR
FFDEE768  3BE40000  addi    r31, r4, 0x0
FFDEE76C  90010008  stw     r0, 0x8(r1)
FFDEE770  9421FFB0  stwu    r1, -0x50(r1)
FFDEE774  807E0008  lwz     r3, 0x8(r30)
FFDEE778  48004065  bl      glue_GetHandleSize
FFDEE77C  80410014  lwz     r2, 0x14(r1)
FFDEE780  30C30004  addic   r6, r3, 0x4
FFDEE784  387F0000  addi    r3, r31, 0x0
FFDEE788  4800037D  bl      sub_FFDEEB04
FFDEE78C  809F0000  lwz     r4, 0x0(r31)
FFDEE790  813E0004  lwz     r9, 0x4(r30)
FFDEE794  80040000  lwz     r0, 0x0(r4)
FFDEE798  7C001810  subfc   r0, r0, r3
FFDEE79C  5009023E  insrwi  r9, r0, 24, 8
FFDEE7A0  913E0004  stw     r9, 0x4(r30)
FFDEE7A4  88640016  lbz     r3, 0x16(r4)
FFDEE7A8  7C003014  addc    r0, r0, r6
FFDEE7AC  60630060  ori     r3, r3, 0x60
FFDEE7B0  98640016  stb     r3, 0x16(r4)
FFDEE7B4  90040008  stw     r0, 0x8(r4)
FFDEE7B8  387F0000  addi    r3, r31, 0x0
FFDEE7BC  48000375  bl      sub_FFDEEB30
FFDEE7C0  387F0000  addi    r3, r31, 0x0
FFDEE7C4  48000341  bl      sub_FFDEEB04
FFDEE7C8  38830000  addi    r4, r3, 0x0
FFDEE7CC  387F0000  addi    r3, r31, 0x0
FFDEE7D0  4BFFF049  bl      sub_FFDED818
FFDEE7D4  81810058  lwz     r12, 0x58(r1)
FFDEE7D8  30210050  addic   r1, r1, 0x50
FFDEE7DC  7D8803A6  mtspr   LR, r12
FFDEE7E0  BBC1FFF8  lmw     r30, -0x8(r1)
FFDEE7E4  4E800020  blr

sub_FFDEE7E8:
FFDEE7E8  BFC1FFF8  stmw    r30, -0x8(r1)
FFDEE7EC  3BE30000  addi    r31, r3, 0x0
FFDEE7F0  7C0802A6  mfspr   r0, LR
FFDEE7F4  807F0008  lwz     r3, 0x8(r31)
FFDEE7F8  90010008  stw     r0, 0x8(r1)
FFDEE7FC  9421FFB0  stwu    r1, -0x50(r1)
FFDEE800  90810038  stw     r4, 0x38(r1)
FFDEE804  48003FD9  bl      glue_GetHandleSize
FFDEE808  80410014  lwz     r2, 0x14(r1)
FFDEE80C  33C30004  addic   r30, r3, 0x4
FFDEE810  387F0000  addi    r3, r31, 0x0
FFDEE814  80810038  lwz     r4, 0x38(r1)
FFDEE818  48000049  bl      sub_FFDEE860
FFDEE81C  7C03F040  cmplw   r3, r30
FFDEE820  80610038  lwz     r3, 0x38(r1)
FFDEE824  38830000  addi    r4, r3, 0x0
FFDEE828  40800014  bge     loc_FFDEE83C
FFDEE82C  387F0000  addi    r3, r31, 0x0
FFDEE830  4BFFFF2D  bl      sub_FFDEE75C
FFDEE834  81810058  lwz     r12, 0x58(r1)
FFDEE838  48000018  b       loc_FFDEE850
loc_FFDEE83C:
FFDEE83C  480002C9  bl      sub_FFDEEB04
FFDEE840  38830000  addi    r4, r3, 0x0
FFDEE844  80610038  lwz     r3, 0x38(r1)
FFDEE848  4BFFEFD1  bl      sub_FFDED818
FFDEE84C  81810058  lwz     r12, 0x58(r1)
loc_FFDEE850:
FFDEE850  30210050  addic   r1, r1, 0x50
FFDEE854  7D8803A6  mtspr   LR, r12
FFDEE858  BBC1FFF8  lmw     r30, -0x8(r1)
FFDEE85C  4E800020  blr

sub_FFDEE860:
FFDEE860  BF81FFF0  stmw    r28, -0x10(r1)
FFDEE864  3BE40000  addi    r31, r4, 0x0
FFDEE868  83DF0000  lwz     r30, 0x0(r31)
FFDEE86C  80C30004  lwz     r6, 0x4(r3)
FFDEE870  80BE0000  lwz     r5, 0x0(r30)
FFDEE874  54DC023E  clrlwi  r28, r6, 8
FFDEE878  809E0004  lwz     r4, 0x4(r30)
FFDEE87C  7C0802A6  mfspr   r0, LR
FFDEE880  7FA52011  subfc.  r29, r5, r4
FFDEE884  90010008  stw     r0, 0x8(r1)
FFDEE888  38BF0000  addi    r5, r31, 0x0
FFDEE88C  9421FFB0  stwu    r1, -0x50(r1)
FFDEE890  30C10038  addic   r6, r1, 0x38
FFDEE894  386000FF  li      r3, 0xFF
FFDEE898  4180003C  blt     loc_FFDEE8D4
FFDEE89C  7C9CE840  cmplw   cr1, r28, r29
FFDEE8A0  389C0000  addi    r4, r28, 0x0
FFDEE8A4  41850030  bgt     cr1, loc_FFDEE8D4
FFDEE8A8  4800015D  bl      sub_FFDEEA04
FFDEE8AC  80810038  lwz     r4, 0x38(r1)
FFDEE8B0  7C03E840  cmplw   r3, r29
FFDEE8B4  2C840000  cmpwi   cr1, r4, 0x0
FFDEE8B8  41860008  beq     cr1, loc_FFDEE8C0
FFDEE8BC  4081003C  ble     loc_FFDEE8F8
loc_FFDEE8C0:
FFDEE8C0  387D0000  addi    r3, r29, 0x0
FFDEE8C4  7C7C1810  subfc   r3, r28, r3
FFDEE8C8  81810058  lwz     r12, 0x58(r1)
FFDEE8CC  30210050  addic   r1, r1, 0x50
FFDEE8D0  48000034  b       loc_FFDEE904
loc_FFDEE8D4:
FFDEE8D4  389C0000  addi    r4, r28, 0x0
FFDEE8D8  4800012D  bl      sub_FFDEEA04
FFDEE8DC  80810038  lwz     r4, 0x38(r1)
FFDEE8E0  2C840000  cmpwi   cr1, r4, 0x0
FFDEE8E4  40860014  bne     cr1, loc_FFDEE8F8
FFDEE8E8  387F0000  addi    r3, r31, 0x0
FFDEE8EC  48000219  bl      sub_FFDEEB04
FFDEE8F0  809E0000  lwz     r4, 0x0(r30)
FFDEE8F4  7C641810  subfc   r3, r4, r3
loc_FFDEE8F8:
FFDEE8F8  7C7C1810  subfc   r3, r28, r3
FFDEE8FC  81810058  lwz     r12, 0x58(r1)
FFDEE900  30210050  addic   r1, r1, 0x50
loc_FFDEE904:
FFDEE904  7D8803A6  mtspr   LR, r12
FFDEE908  BB81FFF0  lmw     r28, -0x10(r1)
FFDEE90C  4E800020  blr

sub_FFDEE910:
FFDEE910  BFC1FFF8  stmw    r30, -0x8(r1)
FFDEE914  7C0802A6  mfspr   r0, LR
FFDEE918  39440000  addi    r10, r4, 0x0
FFDEE91C  90010008  stw     r0, 0x8(r1)
FFDEE920  9421FFA0  stwu    r1, -0x60(r1)
FFDEE924  3081003C  addic   r4, r1, 0x3C
FFDEE928  39650000  addi    r11, r5, 0x0
FFDEE92C  30C10038  addic   r6, r1, 0x38
FFDEE930  30A10040  addic   r5, r1, 0x40
FFDEE934  547F063E  clrlwi  r31, r3, 24
FFDEE938  3BC00000  li      r30, 0x0
FFDEE93C  93CB0000  stw     r30, 0x0(r11)
FFDEE940  3920FFFF  li      r9, -0x1
FFDEE944  386A0000  addi    r3, r10, 0x0
FFDEE948  4BFFA13D  bl      sub_FFDE8A84
FFDEE94C  7C600735  extsh.  r0, r3
FFDEE950  4082009C  bne     loc_FFDEE9EC
FFDEE954  A8010038  lha     r0, 0x38(r1)
FFDEE958  810A0000  lwz     r8, 0x0(r10)
FFDEE95C  2F000000  cmpwi   cr6, r0, 0x0
FFDEE960  8181003C  lwz     r12, 0x3C(r1)
FFDEE964  80E10040  lwz     r7, 0x40(r1)
FFDEE968  7C886014  addc    r4, r8, r12
FFDEE96C  7CE83814  addc    r7, r8, r7
FFDEE970  4198007C  blt     cr6, loc_FFDEE9EC
FFDEE974  2C9F00FF  cmpwi   cr1, r31, 0xFF
FFDEE978  3107FFFC  addic   r8, r7, -0x4
loc_FFDEE97C:
FFDEE97C  A5880008  lhzu    r12, 0x8(r8)
FFDEE980  30FE0001  addic   r7, r30, 0x1
FFDEE984  7D860735  extsh.  r6, r12
FFDEE988  7CFE0734  extsh   r30, r7
FFDEE98C  30E6FFFF  addic   r7, r6, -0x1
FFDEE990  7CE60734  extsh   r6, r7
FFDEE994  41800050  blt     loc_FFDEE9E4
FFDEE998  30E4FFF8  addic   r7, r4, -0x8
FFDEE99C  3006FFFF  addic   r0, r6, -0x1
loc_FFDEE9A0:
FFDEE9A0  8587000C  lwzu    r12, 0xC(r7)
FFDEE9A4  558A023E  clrlwi  r10, r12, 8
FFDEE9A8  7F0A4840  cmplw   cr6, r10, r9
FFDEE9AC  40980020  bge     cr6, loc_FFDEE9CC
FFDEE9B0  41860010  beq     cr1, loc_FFDEE9C0
FFDEE9B4  558C463E  srwi    r12, r12, 24
FFDEE9B8  7FEC6039  and.    r12, r31, r12
FFDEE9BC  41820010  beq     loc_FFDEE9CC
loc_FFDEE9C0:
FFDEE9C0  908B0000  stw     r4, 0x0(r11)
FFDEE9C4  81870000  lwz     r12, 0x0(r7)
FFDEE9C8  5589023E  clrlwi  r9, r12, 8
loc_FFDEE9CC:
FFDEE9CC  2C060000  cmpwi   cr0, r6, 0x0
FFDEE9D0  7C060734  extsh   r6, r0
FFDEE9D4  3084000C  addic   r4, r4, 0xC
FFDEE9D8  3006FFFF  addic   r0, r6, -0x1
FFDEE9DC  4080FFC4  bge     loc_FFDEE9A0
FFDEE9E0  A8010038  lha     r0, 0x38(r1)
loc_FFDEE9E4:
FFDEE9E4  7F1E0000  cmpw    cr6, r30, r0
FFDEE9E8  4099FF94  ble     cr6, loc_FFDEE97C
loc_FFDEE9EC:
FFDEE9EC  38690000  addi    r3, r9, 0x0
FFDEE9F0  81810068  lwz     r12, 0x68(r1)
FFDEE9F4  30210060  addic   r1, r1, 0x60
FFDEE9F8  7D8803A6  mtspr   LR, r12
FFDEE9FC  BBC1FFF8  lmw     r30, -0x8(r1)
FFDEEA00  4E800020  blr

sub_FFDEEA04:
FFDEEA04  BFA1FFF4  stmw    r29, -0xC(r1)
FFDEEA08  7C0802A6  mfspr   r0, LR
FFDEEA0C  3BE40000  addi    r31, r4, 0x0
FFDEEA10  90010008  stw     r0, 0x8(r1)
FFDEEA14  9421FFA0  stwu    r1, -0x60(r1)
FFDEEA18  3960FFFF  li      r11, -0x1
FFDEEA1C  3081003C  addic   r4, r1, 0x3C
FFDEEA20  3BC50000  addi    r30, r5, 0x0
FFDEEA24  30A10040  addic   r5, r1, 0x40
FFDEEA28  39460000  addi    r10, r6, 0x0
FFDEEA2C  30C10038  addic   r6, r1, 0x38
FFDEEA30  5469063E  clrlwi  r9, r3, 24
FFDEEA34  3BA00000  li      r29, 0x0
FFDEEA38  93AA0000  stw     r29, 0x0(r10)
FFDEEA3C  387E0000  addi    r3, r30, 0x0
FFDEEA40  4BFFA045  bl      sub_FFDE8A84
FFDEEA44  7C630735  extsh.  r3, r3
FFDEEA48  408200A4  bne     loc_FFDEEAEC
FFDEEA4C  A8610038  lha     r3, 0x38(r1)
FFDEEA50  811E0000  lwz     r8, 0x0(r30)
FFDEEA54  2C830000  cmpwi   cr1, r3, 0x0
FFDEEA58  8181003C  lwz     r12, 0x3C(r1)
FFDEEA5C  80E10040  lwz     r7, 0x40(r1)
FFDEEA60  7C886014  addc    r4, r8, r12
FFDEEA64  7CE83814  addc    r7, r8, r7
FFDEEA68  41840084  blt     cr1, loc_FFDEEAEC
FFDEEA6C  2F0900FF  cmpwi   cr6, r9, 0xFF
FFDEEA70  30E7FFFC  addic   r7, r7, -0x4
loc_FFDEEA74:
FFDEEA74  A5870008  lhzu    r12, 0x8(r7)
FFDEEA78  311D0001  addic   r8, r29, 0x1
FFDEEA7C  7D800735  extsh.  r0, r12
FFDEEA80  7D1D0734  extsh   r29, r8
FFDEEA84  3100FFFF  addic   r8, r0, -0x1
FFDEEA88  7D000734  extsh   r0, r8
FFDEEA8C  41800058  blt     loc_FFDEEAE4
FFDEEA90  3064FFF8  addic   r3, r4, -0x8
FFDEEA94  3100FFFF  addic   r8, r0, -0x1
loc_FFDEEA98:
FFDEEA98  8583000C  lwzu    r12, 0xC(r3)
FFDEEA9C  5586023E  clrlwi  r6, r12, 8
FFDEEAA0  7C86F840  cmplw   cr1, r6, r31
FFDEEAA4  7F865840  cmplw   cr7, r6, r11
FFDEEAA8  40850024  ble     cr1, loc_FFDEEACC
FFDEEAAC  409C0020  bge     cr7, loc_FFDEEACC
FFDEEAB0  419A0010  beq     cr6, loc_FFDEEAC0
FFDEEAB4  558C463E  srwi    r12, r12, 24
FFDEEAB8  7D2C6039  and.    r12, r9, r12
FFDEEABC  41820010  beq     loc_FFDEEACC
loc_FFDEEAC0:
FFDEEAC0  908A0000  stw     r4, 0x0(r10)
FFDEEAC4  81830000  lwz     r12, 0x0(r3)
FFDEEAC8  558B023E  clrlwi  r11, r12, 8
loc_FFDEEACC:
FFDEEACC  2C000000  cmpwi   cr0, r0, 0x0
FFDEEAD0  7D000734  extsh   r0, r8
FFDEEAD4  3084000C  addic   r4, r4, 0xC
FFDEEAD8  3100FFFF  addic   r8, r0, -0x1
FFDEEADC  4080FFBC  bge     loc_FFDEEA98
FFDEEAE0  A8610038  lha     r3, 0x38(r1)
loc_FFDEEAE4:
FFDEEAE4  7C9D1800  cmpw    cr1, r29, r3
FFDEEAE8  4085FF8C  ble     cr1, loc_FFDEEA74
loc_FFDEEAEC:
FFDEEAEC  386B0000  addi    r3, r11, 0x0
FFDEEAF0  81810068  lwz     r12, 0x68(r1)
FFDEEAF4  30210060  addic   r1, r1, 0x60
FFDEEAF8  7D8803A6  mtspr   LR, r12
FFDEEAFC  BBA1FFF4  lmw     r29, -0xC(r1)
FFDEEB00  4E800020  blr

sub_FFDEEB04:
FFDEEB04  80630000  lwz     r3, 0x0(r3)
FFDEEB08  8003000C  lwz     r0, 0xC(r3)
FFDEEB0C  80830000  lwz     r4, 0x0(r3)
FFDEEB10  80A30004  lwz     r5, 0x4(r3)
FFDEEB14  80630008  lwz     r3, 0x8(r3)
FFDEEB18  7C050014  addc    r0, r5, r0
FFDEEB1C  7C641814  addc    r3, r4, r3
FFDEEB20  7C030040  cmplw   r3, r0
FFDEEB24  41810008  bgt     loc_FFDEEB2C
FFDEEB28  30600000  addic   r3, r0, 0x0
loc_FFDEEB2C:
FFDEEB2C  4E800020  blr

sub_FFDEEB30:
FFDEEB30  80830000  lwz     r4, 0x0(r3)
FFDEEB34  7C0802A6  mfspr   r0, LR
FFDEEB38  88840017  lbz     r4, 0x17(r4)
FFDEEB3C  93E1FFFC  stw     r31, -0x4(r1)
FFDEEB40  548506BD  rlwinm. r5, r4, 0, 26, 30
FFDEEB44  7C801120  mtcrf   0x01, r4
FFDEEB48  90010008  stw     r0, 0x8(r1)
FFDEEB4C  9421FFB0  stwu    r1, -0x50(r1)
FFDEEB50  3BE00000  li      r31, 0x0
FFDEEB54  41820060  beq     loc_FFDEEBB4
FFDEEB58  409E0014  bne     cr7, loc_FFDEEB6C
FFDEEB5C  48000065  bl      sub_FFDEEBC0
FFDEEB60  3BE30000  addi    r31, r3, 0x0
FFDEEB64  2C1F0000  cmpwi   cr0, r31, 0x0
FFDEEB68  48000024  b       loc_FFDEEB8C
loc_FFDEEB6C:
FFDEEB6C  4800429D  bl      glue_IsThisASystemResourceMap
FFDEEB70  80410014  lwz     r2, 0x14(r1)
FFDEEB74  5463063F  clrlwi. r3, r3, 24
FFDEEB78  41820010  beq     loc_FFDEEB88
FFDEEB7C  48003E59  bl      glue_LMGetSysMapHndl
FFDEEB80  80410014  lwz     r2, 0x14(r1)
FFDEEB84  3BE30000  addi    r31, r3, 0x0
loc_FFDEEB88:
FFDEEB88  2C1F0000  cmpwi   cr0, r31, 0x0
loc_FFDEEB8C:
FFDEEB8C  41820014  beq     loc_FFDEEBA0
FFDEEB90  807F0000  lwz     r3, 0x0(r31)
FFDEEB94  88830016  lbz     r4, 0x16(r3)
FFDEEB98  60840020  ori     r4, r4, 0x20
FFDEEB9C  98830016  stb     r4, 0x16(r3)
loc_FFDEEBA0:
FFDEEBA0  81810058  lwz     r12, 0x58(r1)
FFDEEBA4  83E1004C  lwz     r31, 0x4C(r1)
FFDEEBA8  7D8803A6  mtspr   LR, r12
FFDEEBAC  30210050  addic   r1, r1, 0x50
FFDEEBB0  4E800020  blr
loc_FFDEEBB4:
FFDEEBB4  83E1004C  lwz     r31, 0x4C(r1)
FFDEEBB8  30210050  addic   r1, r1, 0x50
FFDEEBBC  4E800020  blr

sub_FFDEEBC0:
FFDEEBC0  2C030000  cmpwi   cr0, r3, 0x0
FFDEEBC4  41820030  beq     loc_FFDEEBF4
FFDEEBC8  80830000  lwz     r4, 0x0(r3)
FFDEEBCC  88040017  lbz     r0, 0x17(r4)
FFDEEBD0  7C001120  mtcrf   0x01, r0
FFDEEBD4  409E0020  bne     cr7, loc_FFDEEBF4
loc_FFDEEBD8:
FFDEEBD8  80640010  lwz     r3, 0x10(r4)
FFDEEBDC  2C030000  cmpwi   cr0, r3, 0x0
FFDEEBE0  41820014  beq     loc_FFDEEBF4
FFDEEBE4  80830000  lwz     r4, 0x0(r3)
FFDEEBE8  88040017  lbz     r0, 0x17(r4)
FFDEEBEC  7C001120  mtcrf   0x01, r0
FFDEEBF0  419EFFE8  beq     cr7, loc_FFDEEBD8
loc_FFDEEBF4:
FFDEEBF4  4E800020  blr

__ChangedResource:
FFDEEBF8  9421FFB0  stwu    r1, -0x50(r1)
FFDEEBFC  90610044  stw     r3, 0x44(r1)
FFDEEC00  7C0802A6  mfspr   r0, LR
FFDEEC04  38600001  li      r3, 0x1
FFDEEC08  90010058  stw     r0, 0x58(r1)
FFDEEC0C  48003C19  bl      glue_GetEmulatorRegister
FFDEEC10  80410014  lwz     r2, 0x14(r1)
FFDEEC14  90610038  stw     r3, 0x38(r1)
FFDEEC18  38600002  li      r3, 0x2
FFDEEC1C  48003C09  bl      glue_GetEmulatorRegister
FFDEEC20  80410014  lwz     r2, 0x14(r1)
FFDEEC24  9061003C  stw     r3, 0x3C(r1)
FFDEEC28  38600005  li      r3, 0x5
FFDEEC2C  48003BF9  bl      glue_GetEmulatorRegister
FFDEEC30  80410014  lwz     r2, 0x14(r1)
FFDEEC34  90610048  stw     r3, 0x48(r1)
FFDEEC38  80610044  lwz     r3, 0x44(r1)
FFDEEC3C  48000045  bl      sub_FFDEEC80
FFDEEC40  80810038  lwz     r4, 0x38(r1)
FFDEEC44  38600001  li      r3, 0x1
FFDEEC48  48003C01  bl      glue_SetEmulatorRegister
FFDEEC4C  80410014  lwz     r2, 0x14(r1)
FFDEEC50  8081003C  lwz     r4, 0x3C(r1)
FFDEEC54  38600002  li      r3, 0x2
FFDEEC58  48003BF1  bl      glue_SetEmulatorRegister
FFDEEC5C  80410014  lwz     r2, 0x14(r1)
FFDEEC60  80810048  lwz     r4, 0x48(r1)
FFDEEC64  38600005  li      r3, 0x5
FFDEEC68  48003BE1  bl      glue_SetEmulatorRegister
FFDEEC6C  80410014  lwz     r2, 0x14(r1)
FFDEEC70  81810058  lwz     r12, 0x58(r1)
FFDEEC74  30210050  addic   r1, r1, 0x50
FFDEEC78  7D8803A6  mtspr   LR, r12
FFDEEC7C  4E800020  blr

sub_FFDEEC80:
FFDEEC80  7C0802A6  mfspr   r0, LR
FFDEEC84  BFC1FFF8  stmw    r30, -0x8(r1)
FFDEEC88  90010008  stw     r0, 0x8(r1)
FFDEEC8C  9421FF70  stwu    r1, -0x90(r1)
FFDEEC90  9061007C  stw     r3, 0x7C(r1)
FFDEEC94  30610044  addic   r3, r1, 0x44
FFDEEC98  38800001  li      r4, 0x1
FFDEEC9C  38A00001  li      r5, 0x1
FFDEECA0  38C00000  li      r6, 0x0
FFDEECA4  38E00000  li      r7, 0x0
FFDEECA8  4BFFA019  bl      sub_FFDE8CC0
FFDEECAC  30810038  addic   r4, r1, 0x38
FFDEECB0  30C1003C  addic   r6, r1, 0x3C
FFDEECB4  30E10040  addic   r7, r1, 0x40
FFDEECB8  8061007C  lwz     r3, 0x7C(r1)
FFDEECBC  30A10044  addic   r5, r1, 0x44
FFDEECC0  4BFFBC75  bl      sub_FFDEA934
FFDEECC4  7C7F0735  extsh.  r31, r3
FFDEECC8  80810038  lwz     r4, 0x38(r1)
FFDEECCC  80A10040  lwz     r5, 0x40(r1)
FFDEECD0  8061003C  lwz     r3, 0x3C(r1)
FFDEECD4  408200B4  bne     loc_FFDEED88
FFDEECD8  480038BD  bl      sub_FFDF2594
FFDEECDC  8061003C  lwz     r3, 0x3C(r1)
FFDEECE0  80810038  lwz     r4, 0x38(r1)
FFDEECE4  80030000  lwz     r0, 0x0(r3)
FFDEECE8  8061007C  lwz     r3, 0x7C(r1)
FFDEECEC  7FE40014  addc    r31, r4, r0
FFDEECF0  48003EB5  bl      glue_HGetState
FFDEECF4  80410014  lwz     r2, 0x14(r1)
FFDEECF8  547E063E  clrlwi  r30, r3, 24
FFDEECFC  8061007C  lwz     r3, 0x7C(r1)
FFDEED00  48004589  bl      glue_HNoPurge
FFDEED04  80410014  lwz     r2, 0x14(r1)
FFDEED08  801F0004  lwz     r0, 0x4(r31)
FFDEED0C  8061003C  lwz     r3, 0x3C(r1)
FFDEED10  5400463E  srwi    r0, r0, 24
FFDEED14  7C001120  mtcrf   0x01, r0
FFDEED18  8081007C  lwz     r4, 0x7C(r1)
FFDEED1C  3BE0FF3A  li      r31, -0xC6
FFDEED20  419C0058  blt     cr7, loc_FFDEED78
FFDEED24  4BFFF87D  bl      sub_FFDEE5A0
FFDEED28  7C7F0735  extsh.  r31, r3
FFDEED2C  8061003C  lwz     r3, 0x3C(r1)
FFDEED30  80010038  lwz     r0, 0x38(r1)
FFDEED34  40820044  bne     loc_FFDEED78
FFDEED38  80630000  lwz     r3, 0x0(r3)
FFDEED3C  7C601814  addc    r3, r0, r3
FFDEED40  80830004  lwz     r4, 0x4(r3)
FFDEED44  5480463E  srwi    r0, r4, 24
FFDEED48  60000002  ori     r0, r0, 0x2
FFDEED4C  5004C00E  insrwi  r4, r0, 8, 0
FFDEED50  90830004  stw     r4, 0x4(r3)
FFDEED54  8081003C  lwz     r4, 0x3C(r1)
FFDEED58  4BFFFA91  bl      sub_FFDEE7E8
FFDEED5C  8061003C  lwz     r3, 0x3C(r1)
FFDEED60  80630000  lwz     r3, 0x0(r3)
FFDEED64  88030016  lbz     r0, 0x16(r3)
FFDEED68  60000020  ori     r0, r0, 0x20
FFDEED6C  98030016  stb     r0, 0x16(r3)
FFDEED70  8061003C  lwz     r3, 0x3C(r1)
FFDEED74  4BFFFDBD  bl      sub_FFDEEB30
loc_FFDEED78:
FFDEED78  8061007C  lwz     r3, 0x7C(r1)
FFDEED7C  389E0000  addi    r4, r30, 0x0
FFDEED80  48003E49  bl      glue_HSetState
FFDEED84  80410014  lwz     r2, 0x14(r1)
loc_FFDEED88:
FFDEED88  38DF0000  addi    r6, r31, 0x0
FFDEED8C  30610044  addic   r3, r1, 0x44
FFDEED90  38800001  li      r4, 0x1
FFDEED94  38A00001  li      r5, 0x1
FFDEED98  4BFFA131  bl      sub_FFDE8EC8
FFDEED9C  81810098  lwz     r12, 0x98(r1)
FFDEEDA0  30210090  addic   r1, r1, 0x90
FFDEEDA4  7D8803A6  mtspr   LR, r12
FFDEEDA8  BBC1FFF8  lmw     r30, -0x8(r1)
FFDEEDAC  4E800020  blr

__SetResInfo:
FFDEEDB0  7C0802A6  mfspr   r0, LR
FFDEEDB4  93E1FFFC  stw     r31, -0x4(r1)
FFDEEDB8  90010008  stw     r0, 0x8(r1)
FFDEEDBC  9421FFA0  stwu    r1, -0x60(r1)
FFDEEDC0  90610044  stw     r3, 0x44(r1)
FFDEEDC4  90A10048  stw     r5, 0x48(r1)
FFDEEDC8  7C9F0734  extsh   r31, r4
FFDEEDCC  38600001  li      r3, 0x1
FFDEEDD0  48003A55  bl      glue_GetEmulatorRegister
FFDEEDD4  80410014  lwz     r2, 0x14(r1)
FFDEEDD8  90610038  stw     r3, 0x38(r1)
FFDEEDDC  38600002  li      r3, 0x2
FFDEEDE0  48003A45  bl      glue_GetEmulatorRegister
FFDEEDE4  80410014  lwz     r2, 0x14(r1)
FFDEEDE8  9061003C  stw     r3, 0x3C(r1)
FFDEEDEC  38600005  li      r3, 0x5
FFDEEDF0  48003A35  bl      glue_GetEmulatorRegister
FFDEEDF4  80410014  lwz     r2, 0x14(r1)
FFDEEDF8  9061004C  stw     r3, 0x4C(r1)
FFDEEDFC  80610044  lwz     r3, 0x44(r1)
FFDEEE00  389F0000  addi    r4, r31, 0x0
FFDEEE04  80A10048  lwz     r5, 0x48(r1)
FFDEEE08  48000049  bl      sub_FFDEEE50
FFDEEE0C  80810038  lwz     r4, 0x38(r1)
FFDEEE10  38600001  li      r3, 0x1
FFDEEE14  48003A35  bl      glue_SetEmulatorRegister
FFDEEE18  80410014  lwz     r2, 0x14(r1)
FFDEEE1C  8081003C  lwz     r4, 0x3C(r1)
FFDEEE20  38600002  li      r3, 0x2
FFDEEE24  48003A25  bl      glue_SetEmulatorRegister
FFDEEE28  80410014  lwz     r2, 0x14(r1)
FFDEEE2C  8081004C  lwz     r4, 0x4C(r1)
FFDEEE30  38600005  li      r3, 0x5
FFDEEE34  48003A15  bl      glue_SetEmulatorRegister
FFDEEE38  80410014  lwz     r2, 0x14(r1)
FFDEEE3C  81810068  lwz     r12, 0x68(r1)
FFDEEE40  83E1005C  lwz     r31, 0x5C(r1)
FFDEEE44  7D8803A6  mtspr   LR, r12
FFDEEE48  30210060  addic   r1, r1, 0x60
FFDEEE4C  4E800020  blr

sub_FFDEEE50:
FFDEEE50  BF81FFF0  stmw    r28, -0x10(r1)
FFDEEE54  7C0802A6  mfspr   r0, LR
FFDEEE58  3BC50000  addi    r30, r5, 0x0
FFDEEE5C  3BE40000  addi    r31, r4, 0x0
FFDEEE60  7D800026  mfcr    r12
FFDEEE64  91810004  stw     r12, 0x4(r1)
FFDEEE68  90010008  stw     r0, 0x8(r1)
FFDEEE6C  9421FF70  stwu    r1, -0x90(r1)
FFDEEE70  9061007C  stw     r3, 0x7C(r1)
FFDEEE74  38C00000  li      r6, 0x0
FFDEEE78  90C10038  stw     r6, 0x38(r1)
FFDEEE7C  30610044  addic   r3, r1, 0x44
FFDEEE80  38800001  li      r4, 0x1
FFDEEE84  38A00001  li      r5, 0x1
FFDEEE88  38E00000  li      r7, 0x0
FFDEEE8C  4BFF9E35  bl      sub_FFDE8CC0
FFDEEE90  8061007C  lwz     r3, 0x7C(r1)
FFDEEE94  30810038  addic   r4, r1, 0x38
FFDEEE98  30C1003C  addic   r6, r1, 0x3C
FFDEEE9C  30E10040  addic   r7, r1, 0x40
FFDEEEA0  30A10044  addic   r5, r1, 0x44
FFDEEEA4  4BFFBA91  bl      sub_FFDEA934
FFDEEEA8  7C7D0734  extsh   r29, r3
FFDEEEAC  2E1D0000  cmpwi   cr4, r29, 0x0
FFDEEEB0  81010038  lwz     r8, 0x38(r1)
FFDEEEB4  8061003C  lwz     r3, 0x3C(r1)
FFDEEEB8  409200BC  bne     cr4, loc_FFDEEF74
FFDEEEBC  80C30000  lwz     r6, 0x0(r3)
FFDEEEC0  2C1E0000  cmpwi   cr0, r30, 0x0
FFDEEEC4  7F864014  addc    r28, r6, r8
FFDEEEC8  80DC0004  lwz     r6, 0x4(r28)
FFDEEECC  54C6463E  srwi    r6, r6, 24
FFDEEED0  7CC01120  mtcrf   0x01, r6
FFDEEED4  419C009C  blt     cr7, loc_FFDEEF70
FFDEEED8  38800000  li      r4, 0x0
FFDEEEDC  41820064  beq     loc_FFDEEF40
FFDEEEE0  4BFFF6C1  bl      sub_FFDEE5A0
FFDEEEE4  7C7D0734  extsh   r29, r3
FFDEEEE8  2E1D0000  cmpwi   cr4, r29, 0x0
FFDEEEEC  8081003C  lwz     r4, 0x3C(r1)
FFDEEEF0  81010038  lwz     r8, 0x38(r1)
FFDEEEF4  40920080  bne     cr4, loc_FFDEEF74
FFDEEEF8  80C40000  lwz     r6, 0x0(r4)
FFDEEEFC  7C664014  addc    r3, r6, r8
FFDEEF00  480000A5  bl      sub_FFDEEFA4
FFDEEF04  80A1003C  lwz     r5, 0x3C(r1)
FFDEEF08  81010038  lwz     r8, 0x38(r1)
FFDEEF0C  80C50000  lwz     r6, 0x0(r5)
FFDEEF10  387E0000  addi    r3, r30, 0x0
FFDEEF14  7C864014  addc    r4, r6, r8
FFDEEF18  4BFFF7A9  bl      sub_FFDEE6C0
FFDEEF1C  80C1003C  lwz     r6, 0x3C(r1)
FFDEEF20  81210038  lwz     r9, 0x38(r1)
FFDEEF24  81060000  lwz     r8, 0x0(r6)
FFDEEF28  38660000  addi    r3, r6, 0x0
FFDEEF2C  7F884814  addc    r28, r8, r9
FFDEEF30  4BFFFBD5  bl      sub_FFDEEB04
FFDEEF34  38830000  addi    r4, r3, 0x0
FFDEEF38  38660000  addi    r3, r6, 0x0
FFDEEF3C  4BFFE8DD  bl      sub_FFDED818
loc_FFDEEF40:
FFDEEF40  40920034  bne     cr4, loc_FFDEEF74
FFDEEF44  B3FC0000  sth     r31, 0x0(r28)
FFDEEF48  80C1003C  lwz     r6, 0x3C(r1)
FFDEEF4C  80C60000  lwz     r6, 0x0(r6)
FFDEEF50  89060016  lbz     r8, 0x16(r6)
FFDEEF54  61080020  ori     r8, r8, 0x20
FFDEEF58  99060016  stb     r8, 0x16(r6)
FFDEEF5C  8061003C  lwz     r3, 0x3C(r1)
FFDEEF60  4BFFFBD1  bl      sub_FFDEEB30
FFDEEF64  38DD0000  addi    r6, r29, 0x0
FFDEEF68  30610044  addic   r3, r1, 0x44
FFDEEF6C  48000010  b       loc_FFDEEF7C
loc_FFDEEF70:
FFDEEF70  3BA0FF3A  li      r29, -0xC6
loc_FFDEEF74:
FFDEEF74  38DD0000  addi    r6, r29, 0x0
FFDEEF78  30610044  addic   r3, r1, 0x44
loc_FFDEEF7C:
FFDEEF7C  38800001  li      r4, 0x1
FFDEEF80  38A00001  li      r5, 0x1
FFDEEF84  4BFF9F45  bl      sub_FFDE8EC8
FFDEEF88  81810094  lwz     r12, 0x94(r1)
FFDEEF8C  80010098  lwz     r0, 0x98(r1)
FFDEEF90  7D808120  mtcrf   0x08, r12
FFDEEF94  30210090  addic   r1, r1, 0x90
FFDEEF98  7C0803A6  mtspr   LR, r0
FFDEEF9C  BB81FFF0  lmw     r28, -0x10(r1)
FFDEEFA0  4E800020  blr

sub_FFDEEFA4:
FFDEEFA4  BF61FFEC  stmw    r27, -0x14(r1)
FFDEEFA8  3BE30000  addi    r31, r3, 0x0
FFDEEFAC  A3DF0002  lhz     r30, 0x2(r31)
FFDEEFB0  3CE00001  lis     r7, 0x0001
FFDEEFB4  33A7FFFF  addic   r29, r7, -0x1
FFDEEFB8  7C1EE840  cmplw   r30, r29
FFDEEFBC  7C0802A6  mfspr   r0, LR
FFDEEFC0  3B640000  addi    r27, r4, 0x0
FFDEEFC4  90010008  stw     r0, 0x8(r1)
FFDEEFC8  9421FF90  stwu    r1, -0x70(r1)
FFDEEFCC  41820148  beq     loc_FFDEF114
FFDEEFD0  387E0000  addi    r3, r30, 0x0
FFDEEFD4  389F0000  addi    r4, r31, 0x0
FFDEEFD8  38BB0000  addi    r5, r27, 0x0
FFDEEFDC  48000149  bl      sub_FFDEF124
FFDEEFE0  5467063F  clrlwi. r7, r3, 24
FFDEEFE4  40820118  bne     loc_FFDEF0FC
FFDEEFE8  80FB0000  lwz     r7, 0x0(r27)
FFDEEFEC  A107001A  lhz     r8, 0x1A(r7)
FFDEEFF0  8147000C  lwz     r10, 0xC(r7)
FFDEEFF4  7D074014  addc    r8, r7, r8
FFDEEFF8  7D3E40AE  lbzx    r9, r30, r8
FFDEEFFC  7CA75014  addc    r5, r7, r10
FFDEF000  7D270774  extsb   r7, r9
FFDEF004  7D1E4014  addc    r8, r30, r8
FFDEF008  33870001  addic   r28, r7, 0x1
FFDEF00C  7C88E014  addc    r4, r8, r28
FFDEF010  2387FFFF  subfic  r28, r7, -0x1
FFDEF014  387C0000  addi    r3, r28, 0x0
FFDEF018  4BFFF551  bl      sub_FFDEE568
FFDEF01C  80FB0000  lwz     r7, 0x0(r27)
FFDEF020  387C0000  addi    r3, r28, 0x0
FFDEF024  7CE7F810  subfc   r7, r7, r31
FFDEF028  90E1003C  stw     r7, 0x3C(r1)
FFDEF02C  389B0000  addi    r4, r27, 0x0
FFDEF030  4BFFF4FD  bl      sub_FFDEE52C
FFDEF034  811B0000  lwz     r8, 0x0(r27)
FFDEF038  80E1003C  lwz     r7, 0x3C(r1)
FFDEF03C  3081003C  addic   r4, r1, 0x3C
FFDEF040  7FE83814  addc    r31, r8, r7
FFDEF044  30A10040  addic   r5, r1, 0x40
FFDEF048  30C10038  addic   r6, r1, 0x38
FFDEF04C  387B0000  addi    r3, r27, 0x0
FFDEF050  4BFF9A35  bl      sub_FFDE8A84
FFDEF054  7C670735  extsh.  r7, r3
FFDEF058  408200A4  bne     loc_FFDEF0FC
FFDEF05C  A9410038  lha     r10, 0x38(r1)
FFDEF060  80FB0000  lwz     r7, 0x0(r27)
FFDEF064  8101003C  lwz     r8, 0x3C(r1)
FFDEF068  2C8A0000  cmpwi   cr1, r10, 0x0
FFDEF06C  81210040  lwz     r9, 0x40(r1)
FFDEF070  7CA74014  addc    r5, r7, r8
FFDEF074  7D274814  addc    r9, r7, r9
FFDEF078  38000000  li      r0, 0x0
FFDEF07C  41840080  blt     cr1, loc_FFDEF0FC
FFDEF080  30E9FFFC  addic   r7, r9, -0x4
loc_FFDEF084:
FFDEF084  A5870008  lhzu    r12, 0x8(r7)
FFDEF088  31000001  addic   r8, r0, 0x1
FFDEF08C  2C0C0000  cmpwi   cr0, r12, 0x0
FFDEF090  7D000734  extsh   r0, r8
FFDEF094  4180005C  blt     loc_FFDEF0F0
FFDEF098  3105FFF6  addic   r8, r5, -0xA
FFDEF09C  A568000C  lhzu    r11, 0xC(r8)
FFDEF0A0  39400001  li      r10, 0x1
FFDEF0A4  7F0BE800  cmpw    cr6, r11, r29
FFDEF0A8  7C0BF040  cmplw   r11, r30
FFDEF0AC  38600002  li      r3, 0x2
FFDEF0B0  30A5000C  addic   r5, r5, 0xC
loc_FFDEF0B4:
FFDEF0B4  419A0014  beq     cr6, loc_FFDEF0C8
FFDEF0B8  7D7C5814  addc    r11, r28, r11
FFDEF0BC  4081000C  ble     loc_FFDEF0C8
FFDEF0C0  B1680000  sth     r11, 0x0(r8)
FFDEF0C4  A1890004  lhz     r12, 0x4(r9)
loc_FFDEF0C8:
FFDEF0C8  7C8A6000  cmpw    cr1, r10, r12
FFDEF0CC  7C6A0734  extsh   r10, r3
FFDEF0D0  306A0001  addic   r3, r10, 0x1
FFDEF0D4  41850018  bgt     cr1, loc_FFDEF0EC
FFDEF0D8  A568000C  lhzu    r11, 0xC(r8)
FFDEF0DC  30A5000C  addic   r5, r5, 0xC
FFDEF0E0  7F0BE800  cmpw    cr6, r11, r29
FFDEF0E4  7C0BF040  cmplw   r11, r30
FFDEF0E8  4BFFFFCC  b       loc_FFDEF0B4
loc_FFDEF0EC:
FFDEF0EC  A9410038  lha     r10, 0x38(r1)
loc_FFDEF0F0:
FFDEF0F0  7C805000  cmpw    cr1, r0, r10
FFDEF0F4  31290008  addic   r9, r9, 0x8
FFDEF0F8  4085FF8C  ble     cr1, loc_FFDEF084
loc_FFDEF0FC:
FFDEF0FC  B3BF0002  sth     r29, 0x2(r31)
FFDEF100  81810078  lwz     r12, 0x78(r1)
FFDEF104  30210070  addic   r1, r1, 0x70
FFDEF108  7D8803A6  mtspr   LR, r12
FFDEF10C  BB61FFEC  lmw     r27, -0x14(r1)
FFDEF110  4E800020  blr
loc_FFDEF114:
FFDEF114  8361005C  lwz     r27, 0x5C(r1)
FFDEF118  BBA10064  lmw     r29, 0x64(r1)
FFDEF11C  30210070  addic   r1, r1, 0x70
FFDEF120  4E800020  blr

sub_FFDEF124:
FFDEF124  7C0802A6  mfspr   r0, LR
FFDEF128  93E1FFFC  stw     r31, -0x4(r1)
FFDEF12C  90010008  stw     r0, 0x8(r1)
FFDEF130  9421FFA0  stwu    r1, -0x60(r1)
FFDEF134  30C10038  addic   r6, r1, 0x38
FFDEF138  39640000  addi    r11, r4, 0x0
FFDEF13C  3081003C  addic   r4, r1, 0x3C
FFDEF140  39450000  addi    r10, r5, 0x0
FFDEF144  30A10040  addic   r5, r1, 0x40
FFDEF148  39230000  addi    r9, r3, 0x0
FFDEF14C  386A0000  addi    r3, r10, 0x0
FFDEF150  4BFF9935  bl      sub_FFDE8A84
FFDEF154  7C640735  extsh.  r4, r3
FFDEF158  4082008C  bne     loc_FFDEF1E4
FFDEF15C  A8610038  lha     r3, 0x38(r1)
FFDEF160  80CA0000  lwz     r6, 0x0(r10)
FFDEF164  8101003C  lwz     r8, 0x3C(r1)
FFDEF168  2C830000  cmpwi   cr1, r3, 0x0
FFDEF16C  80810040  lwz     r4, 0x40(r1)
FFDEF170  7CE64014  addc    r7, r6, r8
FFDEF174  7C862014  addc    r4, r6, r4
FFDEF178  38A00000  li      r5, 0x0
FFDEF17C  41840068  blt     cr1, loc_FFDEF1E4
FFDEF180  3084FFFC  addic   r4, r4, -0x4
loc_FFDEF184:
FFDEF184  A5440008  lhzu    r10, 0x8(r4)
FFDEF188  30C50001  addic   r6, r5, 0x1
FFDEF18C  2C0A0000  cmpwi   cr0, r10, 0x0
FFDEF190  7CC50734  extsh   r5, r6
FFDEF194  7F851800  cmpw    cr7, r5, r3
FFDEF198  41800048  blt     loc_FFDEF1E0
FFDEF19C  30C7FFF6  addic   r6, r7, -0xA
FFDEF1A0  A586000C  lhzu    r12, 0xC(r6)
FFDEF1A4  39000001  li      r8, 0x1
FFDEF1A8  7C875840  cmplw   cr1, r7, r11
FFDEF1AC  7C0C4840  cmplw   r12, r9
FFDEF1B0  7F085000  cmpw    cr6, r8, r10
loc_FFDEF1B4:
FFDEF1B4  40820008  bne     loc_FFDEF1BC
FFDEF1B8  40860040  bne     cr1, loc_FFDEF1F8
loc_FFDEF1BC:
FFDEF1BC  31080001  addic   r8, r8, 0x1
FFDEF1C0  30E7000C  addic   r7, r7, 0xC
FFDEF1C4  7D080734  extsh   r8, r8
FFDEF1C8  41990018  bgt     cr6, loc_FFDEF1E0
FFDEF1CC  A586000C  lhzu    r12, 0xC(r6)
FFDEF1D0  7F085000  cmpw    cr6, r8, r10
FFDEF1D4  7C0C4840  cmplw   r12, r9
FFDEF1D8  7C875840  cmplw   cr1, r7, r11
FFDEF1DC  4BFFFFD8  b       loc_FFDEF1B4
loc_FFDEF1E0:
FFDEF1E0  409DFFA4  ble     cr7, loc_FFDEF184
loc_FFDEF1E4:
FFDEF1E4  81810068  lwz     r12, 0x68(r1)
FFDEF1E8  30210060  addic   r1, r1, 0x60
FFDEF1EC  7D8803A6  mtspr   LR, r12
FFDEF1F0  38600000  li      r3, 0x0
FFDEF1F4  4E800020  blr
loc_FFDEF1F8:
FFDEF1F8  81810068  lwz     r12, 0x68(r1)
FFDEF1FC  30210060  addic   r1, r1, 0x60
FFDEF200  7D8803A6  mtspr   LR, r12
FFDEF204  38600001  li      r3, 0x1
FFDEF208  4E800020  blr

__GetOverrideMap:
FFDEF20C  9421FFB0  stwu    r1, -0x50(r1)
FFDEF210  90610044  stw     r3, 0x44(r1)
FFDEF214  7C0802A6  mfspr   r0, LR
FFDEF218  38600001  li      r3, 0x1
FFDEF21C  90010058  stw     r0, 0x58(r1)
FFDEF220  48003605  bl      glue_GetEmulatorRegister
FFDEF224  80410014  lwz     r2, 0x14(r1)
FFDEF228  90610038  stw     r3, 0x38(r1)
FFDEF22C  38600002  li      r3, 0x2
FFDEF230  480035F5  bl      glue_GetEmulatorRegister
FFDEF234  80410014  lwz     r2, 0x14(r1)
FFDEF238  9061003C  stw     r3, 0x3C(r1)
FFDEF23C  38600005  li      r3, 0x5
FFDEF240  480035E5  bl      glue_GetEmulatorRegister
FFDEF244  80410014  lwz     r2, 0x14(r1)
FFDEF248  90610048  stw     r3, 0x48(r1)
FFDEF24C  80610044  lwz     r3, 0x44(r1)
FFDEF250  4800004D  bl      sub_FFDEF29C
FFDEF254  9061004C  stw     r3, 0x4C(r1)
FFDEF258  80810038  lwz     r4, 0x38(r1)
FFDEF25C  38600001  li      r3, 0x1
FFDEF260  480035E9  bl      glue_SetEmulatorRegister
FFDEF264  80410014  lwz     r2, 0x14(r1)
FFDEF268  8081003C  lwz     r4, 0x3C(r1)
FFDEF26C  38600002  li      r3, 0x2
FFDEF270  480035D9  bl      glue_SetEmulatorRegister
FFDEF274  80410014  lwz     r2, 0x14(r1)
FFDEF278  80810048  lwz     r4, 0x48(r1)
FFDEF27C  38600005  li      r3, 0x5
FFDEF280  480035C9  bl      glue_SetEmulatorRegister
FFDEF284  80410014  lwz     r2, 0x14(r1)
FFDEF288  8061004C  lwz     r3, 0x4C(r1)
FFDEF28C  81810058  lwz     r12, 0x58(r1)
FFDEF290  30210050  addic   r1, r1, 0x50
FFDEF294  7D8803A6  mtspr   LR, r12
FFDEF298  4E800020  blr

sub_FFDEF29C:
FFDEF29C  BF81FFF0  stmw    r28, -0x10(r1)
FFDEF2A0  3BA00000  li      r29, 0x0
FFDEF2A4  7C0802A6  mfspr   r0, LR
FFDEF2A8  3B830000  addi    r28, r3, 0x0
FFDEF2AC  90010008  stw     r0, 0x8(r1)
FFDEF2B0  9421FFB0  stwu    r1, -0x50(r1)
FFDEF2B4  3BDD0000  addi    r30, r29, 0x0
FFDEF2B8  3BFD0000  addi    r31, r29, 0x0
FFDEF2BC  480035B1  bl      glue_LMGetTopMapHndl
FFDEF2C0  80410014  lwz     r2, 0x14(r1)
FFDEF2C4  2C030000  cmpwi   cr0, r3, 0x0
FFDEF2C8  41820048  beq     loc_FFDEF310
loc_FFDEF2CC:
FFDEF2CC  7F83E040  cmplw   cr7, r3, r28
FFDEF2D0  2C1F0000  cmpwi   cr0, r31, 0x0
FFDEF2D4  419E003C  beq     cr7, loc_FFDEF310
FFDEF2D8  80830000  lwz     r4, 0x0(r3)
FFDEF2DC  88A40017  lbz     r5, 0x17(r4)
FFDEF2E0  7CA01120  mtcrf   0x01, r5
FFDEF2E4  409E0014  bne     cr7, loc_FFDEF2F8
FFDEF2E8  40820014  bne     loc_FFDEF2FC
FFDEF2EC  3BE30000  addi    r31, r3, 0x0
FFDEF2F0  80640010  lwz     r3, 0x10(r4)
FFDEF2F4  4800000C  b       loc_FFDEF300
loc_FFDEF2F8:
FFDEF2F8  3BFD0000  addi    r31, r29, 0x0
loc_FFDEF2FC:
FFDEF2FC  80640010  lwz     r3, 0x10(r4)
loc_FFDEF300:
FFDEF300  2C030000  cmpwi   cr0, r3, 0x0
FFDEF304  4082FFC8  bne     loc_FFDEF2CC
FFDEF308  2F9F0000  cmpwi   cr7, r31, 0x0
FFDEF30C  48000010  b       loc_FFDEF31C
loc_FFDEF310:
FFDEF310  2C030000  cmpwi   cr0, r3, 0x0
FFDEF314  2F9F0000  cmpwi   cr7, r31, 0x0
FFDEF318  4082000C  bne     loc_FFDEF324
loc_FFDEF31C:
FFDEF31C  3BC0FF3F  li      r30, -0xC1
FFDEF320  48000010  b       loc_FFDEF330
loc_FFDEF324:
FFDEF324  409E0008  bne     cr7, loc_FFDEF32C
FFDEF328  3BFC0000  addi    r31, r28, 0x0
loc_FFDEF32C:
FFDEF32C  3BBF0000  addi    r29, r31, 0x0
loc_FFDEF330:
FFDEF330  387E0000  addi    r3, r30, 0x0
FFDEF334  48003779  bl      glue_LMSetResErr
FFDEF338  80410014  lwz     r2, 0x14(r1)
FFDEF33C  387D0000  addi    r3, r29, 0x0
FFDEF340  81810058  lwz     r12, 0x58(r1)
FFDEF344  30210050  addic   r1, r1, 0x50
FFDEF348  7D8803A6  mtspr   LR, r12
FFDEF34C  BB81FFF0  lmw     r28, -0x10(r1)
FFDEF350  4E800020  blr

__CloseResFile:
FFDEF354  7C0802A6  mfspr   r0, LR
FFDEF358  93E1FFFC  stw     r31, -0x4(r1)
FFDEF35C  7C7F0734  extsh   r31, r3
FFDEF360  90010008  stw     r0, 0x8(r1)
FFDEF364  9421FFA0  stwu    r1, -0x60(r1)
FFDEF368  38600001  li      r3, 0x1
FFDEF36C  480034B9  bl      glue_GetEmulatorRegister
FFDEF370  80410014  lwz     r2, 0x14(r1)
FFDEF374  90610038  stw     r3, 0x38(r1)
FFDEF378  38600002  li      r3, 0x2
FFDEF37C  480034A9  bl      glue_GetEmulatorRegister
FFDEF380  80410014  lwz     r2, 0x14(r1)
FFDEF384  9061003C  stw     r3, 0x3C(r1)
FFDEF388  38600005  li      r3, 0x5
FFDEF38C  48003499  bl      glue_GetEmulatorRegister
FFDEF390  80410014  lwz     r2, 0x14(r1)
FFDEF394  90610044  stw     r3, 0x44(r1)
FFDEF398  387F0000  addi    r3, r31, 0x0
FFDEF39C  48000049  bl      sub_FFDEF3E4
FFDEF3A0  80810038  lwz     r4, 0x38(r1)
FFDEF3A4  38600001  li      r3, 0x1
FFDEF3A8  480034A1  bl      glue_SetEmulatorRegister
FFDEF3AC  80410014  lwz     r2, 0x14(r1)
FFDEF3B0  8081003C  lwz     r4, 0x3C(r1)
FFDEF3B4  38600002  li      r3, 0x2
FFDEF3B8  48003491  bl      glue_SetEmulatorRegister
FFDEF3BC  80410014  lwz     r2, 0x14(r1)
FFDEF3C0  80810044  lwz     r4, 0x44(r1)
FFDEF3C4  38600005  li      r3, 0x5
FFDEF3C8  48003481  bl      glue_SetEmulatorRegister
FFDEF3CC  80410014  lwz     r2, 0x14(r1)
FFDEF3D0  81810068  lwz     r12, 0x68(r1)
FFDEF3D4  83E1005C  lwz     r31, 0x5C(r1)
FFDEF3D8  7D8803A6  mtspr   LR, r12
FFDEF3DC  30210060  addic   r1, r1, 0x60
FFDEF3E0  4E800020  blr

sub_FFDEF3E4:
FFDEF3E4  BFA1FFF4  stmw    r29, -0xC(r1)
FFDEF3E8  7C0802A6  mfspr   r0, LR
FFDEF3EC  7C7E0734  extsh   r30, r3
FFDEF3F0  90010008  stw     r0, 0x8(r1)
FFDEF3F4  3BE00000  li      r31, 0x0
FFDEF3F8  9421FF70  stwu    r1, -0x90(r1)
FFDEF3FC  30610044  addic   r3, r1, 0x44
FFDEF400  38800000  li      r4, 0x0
FFDEF404  38A00000  li      r5, 0x0
FFDEF408  38C00000  li      r6, 0x0
FFDEF40C  38E00001  li      r7, 0x1
FFDEF410  4BFF98B1  bl      sub_FFDE8CC0
FFDEF414  38600000  li      r3, 0x0
FFDEF418  48003C79  bl      glue_LMSetHSCHndl
FFDEF41C  80410014  lwz     r2, 0x14(r1)
FFDEF420  2C9E0000  cmpwi   cr1, r30, 0x0
FFDEF424  30610044  addic   r3, r1, 0x44
FFDEF428  418601E9  beql    cr1, sub_FFDEF610
FFDEF42C  4DEF7B82  crmove  crb15, crb15
FFDEF430  3061003C  addic   r3, r1, 0x3C
FFDEF434  389E0000  addi    r4, r30, 0x0
FFDEF438  30A10044  addic   r5, r1, 0x44
FFDEF43C  4BFF9D39  bl      sub_FFDE9174
FFDEF440  7C7D0735  extsh.  r29, r3
FFDEF444  8061003C  lwz     r3, 0x3C(r1)
FFDEF448  408201A0  bne     loc_FFDEF5E8
FFDEF44C  80830000  lwz     r4, 0x0(r3)
FFDEF450  88840017  lbz     r4, 0x17(r4)
FFDEF454  7C802120  mtcrf   0x02, r4
FFDEF458  4C980000  mcrf    cr1, cr6
FFDEF45C  4187018C  bso     cr1, loc_FFDEF5E8
FFDEF460  4BFFE4E9  bl      sub_FFDED948
FFDEF464  387E0000  addi    r3, r30, 0x0
FFDEF468  48003E45  bl      glue_UpdateResFile
FFDEF46C  80410014  lwz     r2, 0x14(r1)
FFDEF470  8061003C  lwz     r3, 0x3C(r1)
FFDEF474  30810040  addic   r4, r1, 0x40
FFDEF478  30A10038  addic   r5, r1, 0x38
FFDEF47C  480001F5  bl      sub_FFDEF670
FFDEF480  7C630735  extsh.  r3, r3
FFDEF484  A9210038  lha     r9, 0x38(r1)
FFDEF488  8061003C  lwz     r3, 0x3C(r1)
FFDEF48C  2C890000  cmpwi   cr1, r9, 0x0
FFDEF490  80810040  lwz     r4, 0x40(r1)
FFDEF494  40820070  bne     loc_FFDEF504
FFDEF498  81630000  lwz     r11, 0x0(r3)
FFDEF49C  3BC00000  li      r30, 0x0
FFDEF4A0  7C8B2014  addc    r4, r11, r4
FFDEF4A4  41840060  blt     cr1, loc_FFDEF504
FFDEF4A8  80C40008  lwz     r6, 0x8(r4)
FFDEF4AC  7D4B2010  subfc   r10, r11, r4
FFDEF4B0  2C060000  cmpwi   cr0, r6, 0x0
FFDEF4B4  41820028  beq     loc_FFDEF4DC
loc_FFDEF4B8:
FFDEF4B8  91410040  stw     r10, 0x40(r1)
FFDEF4BC  80640008  lwz     r3, 0x8(r4)
FFDEF4C0  480039D9  bl      glue_DisposeHandle
FFDEF4C4  80410014  lwz     r2, 0x14(r1)
FFDEF4C8  8061003C  lwz     r3, 0x3C(r1)
FFDEF4CC  80810040  lwz     r4, 0x40(r1)
FFDEF4D0  81630000  lwz     r11, 0x0(r3)
FFDEF4D4  A9210038  lha     r9, 0x38(r1)
FFDEF4D8  7C8B2014  addc    r4, r11, r4
loc_FFDEF4DC:
FFDEF4DC  30DE0001  addic   r6, r30, 0x1
FFDEF4E0  7CDE0734  extsh   r30, r6
FFDEF4E4  7C9E4800  cmpw    cr1, r30, r9
FFDEF4E8  3084000C  addic   r4, r4, 0xC
FFDEF4EC  7D4B2010  subfc   r10, r11, r4
FFDEF4F0  41850014  bgt     cr1, loc_FFDEF504
FFDEF4F4  80C40008  lwz     r6, 0x8(r4)
FFDEF4F8  2C060000  cmpwi   cr0, r6, 0x0
FFDEF4FC  4182FFE0  beq     loc_FFDEF4DC
FFDEF500  4BFFFFB8  b       loc_FFDEF4B8
loc_FFDEF504:
FFDEF504  4BFF94E5  bl      sub_FFDE89E8
FFDEF508  8081003C  lwz     r4, 0x3C(r1)
FFDEF50C  2C830000  cmpwi   cr1, r3, 0x0
FFDEF510  80840000  lwz     r4, 0x0(r4)
FFDEF514  83C40010  lwz     r30, 0x10(r4)
FFDEF518  4086001C  bne     cr1, loc_FFDEF534
FFDEF51C  387E0000  addi    r3, r30, 0x0
FFDEF520  480033DD  bl      glue_LMSetTopMapHndl
FFDEF524  80410014  lwz     r2, 0x14(r1)
FFDEF528  480034AD  bl      glue_LMGetSysMapHndl
FFDEF52C  80410014  lwz     r2, 0x14(r1)
FFDEF530  48000014  b       loc_FFDEF544
loc_FFDEF534:
FFDEF534  80630000  lwz     r3, 0x0(r3)
FFDEF538  93C30010  stw     r30, 0x10(r3)
FFDEF53C  48003499  bl      glue_LMGetSysMapHndl
FFDEF540  80410014  lwz     r2, 0x14(r1)
loc_FFDEF544:
FFDEF544  8081003C  lwz     r4, 0x3C(r1)
FFDEF548  A8C1004A  lha     r6, 0x4A(r1)
FFDEF54C  7C841840  cmplw   cr1, r4, r3
FFDEF550  40860058  bne     cr1, loc_FFDEF5A8
FFDEF554  4800333D  bl      glue_LMGetROMMapHndl
FFDEF558  80410014  lwz     r2, 0x14(r1)
FFDEF55C  3BC30000  addi    r30, r3, 0x0
FFDEF560  4800339D  bl      glue_LMSetTopMapHndl
FFDEF564  80410014  lwz     r2, 0x14(r1)
FFDEF568  387E0000  addi    r3, r30, 0x0
FFDEF56C  48003D65  bl      glue_LMSetSysMapHndl
FFDEF570  80410014  lwz     r2, 0x14(r1)
FFDEF574  38600001  li      r3, 0x1
FFDEF578  48003361  bl      glue_LMSetCurMap
FFDEF57C  80410014  lwz     r2, 0x14(r1)
FFDEF580  38600001  li      r3, 0x1
FFDEF584  48003D71  bl      glue_LMSetSysMap
FFDEF588  80410014  lwz     r2, 0x14(r1)
FFDEF58C  807E0000  lwz     r3, 0x0(r30)
FFDEF590  93E30010  stw     r31, 0x10(r3)
FFDEF594  8061003C  lwz     r3, 0x3C(r1)
FFDEF598  80630000  lwz     r3, 0x0(r3)
FFDEF59C  A0630014  lhz     r3, 0x14(r3)
FFDEF5A0  4BFFA815  bl      sub_FFDE9DB4
FFDEF5A4  48000034  b       loc_FFDEF5D8
loc_FFDEF5A8:
FFDEF5A8  80640000  lwz     r3, 0x0(r4)
FFDEF5AC  A0630014  lhz     r3, 0x14(r3)
FFDEF5B0  7C861800  cmpw    cr1, r6, r3
FFDEF5B4  40860020  bne     cr1, loc_FFDEF5D4
FFDEF5B8  807E0000  lwz     r3, 0x0(r30)
FFDEF5BC  A0630014  lhz     r3, 0x14(r3)
FFDEF5C0  48003319  bl      glue_LMSetCurMap
FFDEF5C4  80410014  lwz     r2, 0x14(r1)
FFDEF5C8  8061003C  lwz     r3, 0x3C(r1)
FFDEF5CC  80630000  lwz     r3, 0x0(r3)
FFDEF5D0  A0630014  lhz     r3, 0x14(r3)
loc_FFDEF5D4:
FFDEF5D4  4BFFA7E1  bl      sub_FFDE9DB4
loc_FFDEF5D8:
FFDEF5D8  7C7D0734  extsh   r29, r3
FFDEF5DC  8061003C  lwz     r3, 0x3C(r1)
FFDEF5E0  480038B9  bl      glue_DisposeHandle
FFDEF5E4  80410014  lwz     r2, 0x14(r1)
loc_FFDEF5E8:
FFDEF5E8  38DD0000  addi    r6, r29, 0x0
FFDEF5EC  30610044  addic   r3, r1, 0x44
FFDEF5F0  38800000  li      r4, 0x0
FFDEF5F4  38A00000  li      r5, 0x0
FFDEF5F8  4BFF98D1  bl      sub_FFDE8EC8
FFDEF5FC  81810098  lwz     r12, 0x98(r1)
FFDEF600  30210090  addic   r1, r1, 0x90
FFDEF604  7D8803A6  mtspr   LR, r12
FFDEF608  BBA1FFF4  lmw     r29, -0xC(r1)
FFDEF60C  4E800020  blr

sub_FFDEF610:
FFDEF610  7C0802A6  mfspr   r0, LR
FFDEF614  93E1FFFC  stw     r31, -0x4(r1)
FFDEF618  90010008  stw     r0, 0x8(r1)
FFDEF61C  9421FFB0  stwu    r1, -0x50(r1)
FFDEF620  3BE30000  addi    r31, r3, 0x0
FFDEF624  48003249  bl      glue_LMGetTopMapHndl
FFDEF628  80410014  lwz     r2, 0x14(r1)
FFDEF62C  83FF0014  lwz     r31, 0x14(r31)
FFDEF630  7C03F840  cmplw   r3, r31
FFDEF634  41820024  beq     loc_FFDEF658
loc_FFDEF638:
FFDEF638  80630000  lwz     r3, 0x0(r3)
FFDEF63C  A0630014  lhz     r3, 0x14(r3)
FFDEF640  4800399D  bl      glue_CloseResFile
FFDEF644  80410014  lwz     r2, 0x14(r1)
FFDEF648  48003225  bl      glue_LMGetTopMapHndl
FFDEF64C  80410014  lwz     r2, 0x14(r1)
FFDEF650  7C03F840  cmplw   r3, r31
FFDEF654  4082FFE4  bne     loc_FFDEF638
loc_FFDEF658:
FFDEF658  38600000  li      r3, 0x0
FFDEF65C  81810058  lwz     r12, 0x58(r1)
FFDEF660  83E1004C  lwz     r31, 0x4C(r1)
FFDEF664  7D8803A6  mtspr   LR, r12
FFDEF668  30210050  addic   r1, r1, 0x50
FFDEF66C  4E800020  blr

sub_FFDEF670:
FFDEF670  9421FFC0  stwu    r1, -0x40(r1)
FFDEF674  39430000  addi    r10, r3, 0x0
FFDEF678  7C0802A6  mfspr   r0, LR
FFDEF67C  39250000  addi    r9, r5, 0x0
FFDEF680  90010048  stw     r0, 0x48(r1)
FFDEF684  30A1003C  addic   r5, r1, 0x3C
FFDEF688  30C10038  addic   r6, r1, 0x38
FFDEF68C  4BFF93F9  bl      sub_FFDE8A84
FFDEF690  7C630735  extsh.  r3, r3
FFDEF694  A8010038  lha     r0, 0x38(r1)
FFDEF698  80A1003C  lwz     r5, 0x3C(r1)
FFDEF69C  2C800000  cmpwi   cr1, r0, 0x0
FFDEF6A0  38800000  li      r4, 0x0
FFDEF6A4  40820040  bne     loc_FFDEF6E4
FFDEF6A8  80CA0000  lwz     r6, 0x0(r10)
FFDEF6AC  38E40000  addi    r7, r4, 0x0
FFDEF6B0  7CA62814  addc    r5, r6, r5
FFDEF6B4  41840028  blt     cr1, loc_FFDEF6DC
FFDEF6B8  30A5FFFC  addic   r5, r5, -0x4
loc_FFDEF6BC:
FFDEF6BC  30C70001  addic   r6, r7, 0x1
FFDEF6C0  7CC70734  extsh   r7, r6
FFDEF6C4  A4C50008  lhzu    r6, 0x8(r5)
FFDEF6C8  7C070000  cmpw    r7, r0
FFDEF6CC  30C60001  addic   r6, r6, 0x1
FFDEF6D0  7C862014  addc    r4, r6, r4
FFDEF6D4  7C840734  extsh   r4, r4
FFDEF6D8  4081FFE4  ble     loc_FFDEF6BC
loc_FFDEF6DC:
FFDEF6DC  3004FFFF  addic   r0, r4, -0x1
FFDEF6E0  B0090000  sth     r0, 0x0(r9)
loc_FFDEF6E4:
FFDEF6E4  81810048  lwz     r12, 0x48(r1)
FFDEF6E8  30210040  addic   r1, r1, 0x40
FFDEF6EC  7D8803A6  mtspr   LR, r12
FFDEF6F0  4E800020  blr

__MaxSizeResource:
FFDEF6F4  9421FFB0  stwu    r1, -0x50(r1)
FFDEF6F8  90610044  stw     r3, 0x44(r1)
FFDEF6FC  7C0802A6  mfspr   r0, LR
FFDEF700  38600001  li      r3, 0x1
FFDEF704  90010058  stw     r0, 0x58(r1)
FFDEF708  4800311D  bl      glue_GetEmulatorRegister
FFDEF70C  80410014  lwz     r2, 0x14(r1)
FFDEF710  90610038  stw     r3, 0x38(r1)
FFDEF714  38600002  li      r3, 0x2
FFDEF718  4800310D  bl      glue_GetEmulatorRegister
FFDEF71C  80410014  lwz     r2, 0x14(r1)
FFDEF720  9061003C  stw     r3, 0x3C(r1)
FFDEF724  38600005  li      r3, 0x5
FFDEF728  480030FD  bl      glue_GetEmulatorRegister
FFDEF72C  80410014  lwz     r2, 0x14(r1)
FFDEF730  90610048  stw     r3, 0x48(r1)
FFDEF734  80610044  lwz     r3, 0x44(r1)
FFDEF738  4800004D  bl      sub_FFDEF784
FFDEF73C  9061004C  stw     r3, 0x4C(r1)
FFDEF740  80810038  lwz     r4, 0x38(r1)
FFDEF744  38600001  li      r3, 0x1
FFDEF748  48003101  bl      glue_SetEmulatorRegister
FFDEF74C  80410014  lwz     r2, 0x14(r1)
FFDEF750  8081003C  lwz     r4, 0x3C(r1)
FFDEF754  38600002  li      r3, 0x2
FFDEF758  480030F1  bl      glue_SetEmulatorRegister
FFDEF75C  80410014  lwz     r2, 0x14(r1)
FFDEF760  80810048  lwz     r4, 0x48(r1)
FFDEF764  38600005  li      r3, 0x5
FFDEF768  480030E1  bl      glue_SetEmulatorRegister
FFDEF76C  80410014  lwz     r2, 0x14(r1)
FFDEF770  8061004C  lwz     r3, 0x4C(r1)
FFDEF774  81810058  lwz     r12, 0x58(r1)
FFDEF778  30210050  addic   r1, r1, 0x50
FFDEF77C  7D8803A6  mtspr   LR, r12
FFDEF780  4E800020  blr

sub_FFDEF784:
FFDEF784  BFA1FFF4  stmw    r29, -0xC(r1)
FFDEF788  7C0802A6  mfspr   r0, LR
FFDEF78C  38800000  li      r4, 0x0
FFDEF790  90010008  stw     r0, 0x8(r1)
FFDEF794  3BC30000  addi    r30, r3, 0x0
FFDEF798  3BE0FFFF  li      r31, -0x1
FFDEF79C  9421FF70  stwu    r1, -0x90(r1)
FFDEF7A0  90810038  stw     r4, 0x38(r1)
FFDEF7A4  30610044  addic   r3, r1, 0x44
FFDEF7A8  38800001  li      r4, 0x1
FFDEF7AC  38A00001  li      r5, 0x1
FFDEF7B0  38C00000  li      r6, 0x0
FFDEF7B4  38E00000  li      r7, 0x0
FFDEF7B8  4BFF9509  bl      sub_FFDE8CC0
FFDEF7BC  30810038  addic   r4, r1, 0x38
FFDEF7C0  30C1003C  addic   r6, r1, 0x3C
FFDEF7C4  30E10040  addic   r7, r1, 0x40
FFDEF7C8  387E0000  addi    r3, r30, 0x0
FFDEF7CC  30A10044  addic   r5, r1, 0x44
FFDEF7D0  4BFFB165  bl      sub_FFDEA934
FFDEF7D4  7C7D0735  extsh.  r29, r3
FFDEF7D8  40820044  bne     loc_FFDEF81C
FFDEF7DC  809E0000  lwz     r4, 0x0(r30)
FFDEF7E0  387E0000  addi    r3, r30, 0x0
FFDEF7E4  2C840000  cmpwi   cr1, r4, 0x0
FFDEF7E8  8081003C  lwz     r4, 0x3C(r1)
FFDEF7EC  80C10038  lwz     r6, 0x38(r1)
FFDEF7F0  4186001C  beq     cr1, loc_FFDEF80C
FFDEF7F4  48002FE9  bl      glue_GetHandleSize
FFDEF7F8  80410014  lwz     r2, 0x14(r1)
FFDEF7FC  3BE30000  addi    r31, r3, 0x0
FFDEF800  38DD0000  addi    r6, r29, 0x0
FFDEF804  30610044  addic   r3, r1, 0x44
FFDEF808  4800001C  b       loc_FFDEF824
loc_FFDEF80C:
FFDEF80C  80E40000  lwz     r7, 0x0(r4)
FFDEF810  7C673014  addc    r3, r7, r6
FFDEF814  4BFFF04D  bl      sub_FFDEE860
FFDEF818  3BE30000  addi    r31, r3, 0x0
loc_FFDEF81C:
FFDEF81C  38DD0000  addi    r6, r29, 0x0
FFDEF820  30610044  addic   r3, r1, 0x44
loc_FFDEF824:
FFDEF824  38800001  li      r4, 0x1
FFDEF828  38A00001  li      r5, 0x1
FFDEF82C  4BFF969D  bl      sub_FFDE8EC8
FFDEF830  387F0000  addi    r3, r31, 0x0
FFDEF834  81810098  lwz     r12, 0x98(r1)
FFDEF838  30210090  addic   r1, r1, 0x90
FFDEF83C  7D8803A6  mtspr   LR, r12
FFDEF840  BBA1FFF4  lmw     r29, -0xC(r1)
FFDEF844  4E800020  blr

__SetResLoad:
FFDEF848  7C0802A6  mfspr   r0, LR
FFDEF84C  93E1FFFC  stw     r31, -0x4(r1)
FFDEF850  547F063E  clrlwi  r31, r3, 24
FFDEF854  90010008  stw     r0, 0x8(r1)
FFDEF858  9421FFA0  stwu    r1, -0x60(r1)
FFDEF85C  38600001  li      r3, 0x1
FFDEF860  48002FC5  bl      glue_GetEmulatorRegister
FFDEF864  80410014  lwz     r2, 0x14(r1)
FFDEF868  90610038  stw     r3, 0x38(r1)
FFDEF86C  38600002  li      r3, 0x2
FFDEF870  48002FB5  bl      glue_GetEmulatorRegister
FFDEF874  80410014  lwz     r2, 0x14(r1)
FFDEF878  9061003C  stw     r3, 0x3C(r1)
FFDEF87C  38600005  li      r3, 0x5
FFDEF880  48002FA5  bl      glue_GetEmulatorRegister
FFDEF884  80410014  lwz     r2, 0x14(r1)
FFDEF888  90610044  stw     r3, 0x44(r1)
FFDEF88C  387F0000  addi    r3, r31, 0x0
FFDEF890  48000049  bl      sub_FFDEF8D8
FFDEF894  80810038  lwz     r4, 0x38(r1)
FFDEF898  38600001  li      r3, 0x1
FFDEF89C  48002FAD  bl      glue_SetEmulatorRegister
FFDEF8A0  80410014  lwz     r2, 0x14(r1)
FFDEF8A4  8081003C  lwz     r4, 0x3C(r1)
FFDEF8A8  38600002  li      r3, 0x2
FFDEF8AC  48002F9D  bl      glue_SetEmulatorRegister
FFDEF8B0  80410014  lwz     r2, 0x14(r1)
FFDEF8B4  80810044  lwz     r4, 0x44(r1)
FFDEF8B8  38600005  li      r3, 0x5
FFDEF8BC  48002F8D  bl      glue_SetEmulatorRegister
FFDEF8C0  80410014  lwz     r2, 0x14(r1)
FFDEF8C4  81810068  lwz     r12, 0x68(r1)
FFDEF8C8  83E1005C  lwz     r31, 0x5C(r1)
FFDEF8CC  7D8803A6  mtspr   LR, r12
FFDEF8D0  30210060  addic   r1, r1, 0x60
FFDEF8D4  4E800020  blr

sub_FFDEF8D8:
FFDEF8D8  7C0802A6  mfspr   r0, LR
FFDEF8DC  9421FFC0  stwu    r1, -0x40(r1)
FFDEF8E0  90010048  stw     r0, 0x48(r1)
FFDEF8E4  5463063E  clrlwi  r3, r3, 24
FFDEF8E8  48003081  bl      glue_LMSetResLoad
FFDEF8EC  80410014  lwz     r2, 0x14(r1)
FFDEF8F0  4BFF96C1  bl      sub_FFDE8FB0
FFDEF8F4  81810048  lwz     r12, 0x48(r1)
FFDEF8F8  30210040  addic   r1, r1, 0x40
FFDEF8FC  7D8803A6  mtspr   LR, r12
FFDEF900  4E800020  blr

__WritePartialResource:
FFDEF904  9421FFA0  stwu    r1, -0x60(r1)
FFDEF908  90610044  stw     r3, 0x44(r1)
FFDEF90C  7C0802A6  mfspr   r0, LR
FFDEF910  90810048  stw     r4, 0x48(r1)
FFDEF914  90010068  stw     r0, 0x68(r1)
FFDEF918  90A1004C  stw     r5, 0x4C(r1)
FFDEF91C  90C10050  stw     r6, 0x50(r1)
FFDEF920  38600001  li      r3, 0x1
FFDEF924  48002F01  bl      glue_GetEmulatorRegister
FFDEF928  80410014  lwz     r2, 0x14(r1)
FFDEF92C  90610038  stw     r3, 0x38(r1)
FFDEF930  38600002  li      r3, 0x2
FFDEF934  48002EF1  bl      glue_GetEmulatorRegister
FFDEF938  80410014  lwz     r2, 0x14(r1)
FFDEF93C  9061003C  stw     r3, 0x3C(r1)
FFDEF940  38600005  li      r3, 0x5
FFDEF944  48002EE1  bl      glue_GetEmulatorRegister
FFDEF948  80410014  lwz     r2, 0x14(r1)
FFDEF94C  90610054  stw     r3, 0x54(r1)
FFDEF950  80610044  lwz     r3, 0x44(r1)
FFDEF954  80810048  lwz     r4, 0x48(r1)
FFDEF958  80A1004C  lwz     r5, 0x4C(r1)
FFDEF95C  80C10050  lwz     r6, 0x50(r1)
FFDEF960  48000045  bl      sub_FFDEF9A4
FFDEF964  80810038  lwz     r4, 0x38(r1)
FFDEF968  38600001  li      r3, 0x1
FFDEF96C  48002EDD  bl      glue_SetEmulatorRegister
FFDEF970  80410014  lwz     r2, 0x14(r1)
FFDEF974  8081003C  lwz     r4, 0x3C(r1)
FFDEF978  38600002  li      r3, 0x2
FFDEF97C  48002ECD  bl      glue_SetEmulatorRegister
FFDEF980  80410014  lwz     r2, 0x14(r1)
FFDEF984  80810054  lwz     r4, 0x54(r1)
FFDEF988  38600005  li      r3, 0x5
FFDEF98C  48002EBD  bl      glue_SetEmulatorRegister
FFDEF990  80410014  lwz     r2, 0x14(r1)
FFDEF994  81810068  lwz     r12, 0x68(r1)
FFDEF998  30210060  addic   r1, r1, 0x60
FFDEF99C  7D8803A6  mtspr   LR, r12
FFDEF9A0  4E800020  blr

sub_FFDEF9A4:
FFDEF9A4  7C0802A6  mfspr   r0, LR
FFDEF9A8  93E1FFFC  stw     r31, -0x4(r1)
FFDEF9AC  3BE40000  addi    r31, r4, 0x0
FFDEF9B0  90010008  stw     r0, 0x8(r1)
FFDEF9B4  9421FF60  stwu    r1, -0xA0(r1)
FFDEF9B8  9061007C  stw     r3, 0x7C(r1)
FFDEF9BC  90A10080  stw     r5, 0x80(r1)
FFDEF9C0  90C10084  stw     r6, 0x84(r1)
FFDEF9C4  30610044  addic   r3, r1, 0x44
FFDEF9C8  38800001  li      r4, 0x1
FFDEF9CC  38A00001  li      r5, 0x1
FFDEF9D0  38C00000  li      r6, 0x0
FFDEF9D4  38E00000  li      r7, 0x0
FFDEF9D8  4BFF92E9  bl      sub_FFDE8CC0
FFDEF9DC  8061007C  lwz     r3, 0x7C(r1)
FFDEF9E0  30810038  addic   r4, r1, 0x38
FFDEF9E4  30C1003C  addic   r6, r1, 0x3C
FFDEF9E8  30E10040  addic   r7, r1, 0x40
FFDEF9EC  30A10044  addic   r5, r1, 0x44
FFDEF9F0  4BFFAF45  bl      sub_FFDEA934
FFDEF9F4  7C660735  extsh.  r6, r3
FFDEF9F8  8061003C  lwz     r3, 0x3C(r1)
FFDEF9FC  40820048  bne     loc_FFDEFA44
FFDEFA00  4BFFE5E5  bl      sub_FFDEDFE4
FFDEFA04  5460063F  clrlwi. r0, r3, 24
FFDEFA08  80810080  lwz     r4, 0x80(r1)
FFDEFA0C  8061003C  lwz     r3, 0x3C(r1)
FFDEFA10  80A10038  lwz     r5, 0x38(r1)
FFDEFA14  4082002C  bne     loc_FFDEFA40
FFDEFA18  80030000  lwz     r0, 0x0(r3)
FFDEFA1C  80C10084  lwz     r6, 0x84(r1)
FFDEFA20  7CA02814  addc    r5, r0, r5
FFDEFA24  80050004  lwz     r0, 0x4(r5)
FFDEFA28  5400023E  clrlwi  r0, r0, 8
FFDEFA2C  30000004  addic   r0, r0, 0x4
FFDEFA30  7CA0F814  addc    r5, r0, r31
FFDEFA34  4BFFE3A9  bl      sub_FFDEDDDC
FFDEFA38  7C660734  extsh   r6, r3
FFDEFA3C  48000008  b       loc_FFDEFA44
loc_FFDEFA40:
FFDEFA40  38C0FF39  li      r6, -0xC7
loc_FFDEFA44:
FFDEFA44  30610044  addic   r3, r1, 0x44
FFDEFA48  38800001  li      r4, 0x1
FFDEFA4C  38A00001  li      r5, 0x1
FFDEFA50  4BFF9479  bl      sub_FFDE8EC8
FFDEFA54  818100A8  lwz     r12, 0xA8(r1)
FFDEFA58  83E1009C  lwz     r31, 0x9C(r1)
FFDEFA5C  7D8803A6  mtspr   LR, r12
FFDEFA60  302100A0  addic   r1, r1, 0xA0
FFDEFA64  4E800020  blr

__RmveResource:
FFDEFA68  9421FFB0  stwu    r1, -0x50(r1)
FFDEFA6C  90610044  stw     r3, 0x44(r1)
FFDEFA70  7C0802A6  mfspr   r0, LR
FFDEFA74  38600001  li      r3, 0x1
FFDEFA78  90010058  stw     r0, 0x58(r1)
FFDEFA7C  48002DA9  bl      glue_GetEmulatorRegister
FFDEFA80  80410014  lwz     r2, 0x14(r1)
FFDEFA84  90610038  stw     r3, 0x38(r1)
FFDEFA88  38600002  li      r3, 0x2
FFDEFA8C  48002D99  bl      glue_GetEmulatorRegister
FFDEFA90  80410014  lwz     r2, 0x14(r1)
FFDEFA94  9061003C  stw     r3, 0x3C(r1)
FFDEFA98  38600005  li      r3, 0x5
FFDEFA9C  48002D89  bl      glue_GetEmulatorRegister
FFDEFAA0  80410014  lwz     r2, 0x14(r1)
FFDEFAA4  90610048  stw     r3, 0x48(r1)
FFDEFAA8  80610044  lwz     r3, 0x44(r1)
FFDEFAAC  48000045  bl      sub_FFDEFAF0
FFDEFAB0  80810038  lwz     r4, 0x38(r1)
FFDEFAB4  38600001  li      r3, 0x1
FFDEFAB8  48002D91  bl      glue_SetEmulatorRegister
FFDEFABC  80410014  lwz     r2, 0x14(r1)
FFDEFAC0  8081003C  lwz     r4, 0x3C(r1)
FFDEFAC4  38600002  li      r3, 0x2
FFDEFAC8  48002D81  bl      glue_SetEmulatorRegister
FFDEFACC  80410014  lwz     r2, 0x14(r1)
FFDEFAD0  80810048  lwz     r4, 0x48(r1)
FFDEFAD4  38600005  li      r3, 0x5
FFDEFAD8  48002D71  bl      glue_SetEmulatorRegister
FFDEFADC  80410014  lwz     r2, 0x14(r1)
FFDEFAE0  81810058  lwz     r12, 0x58(r1)
FFDEFAE4  30210050  addic   r1, r1, 0x50
FFDEFAE8  7D8803A6  mtspr   LR, r12
FFDEFAEC  4E800020  blr

sub_FFDEFAF0:
FFDEFAF0  BFA1FFF4  stmw    r29, -0xC(r1)
FFDEFAF4  7C0802A6  mfspr   r0, LR
FFDEFAF8  3BE0FF3C  li      r31, -0xC4
FFDEFAFC  90010008  stw     r0, 0x8(r1)
FFDEFB00  9421FF60  stwu    r1, -0xA0(r1)
FFDEFB04  90610088  stw     r3, 0x88(r1)
FFDEFB08  30610050  addic   r3, r1, 0x50
FFDEFB0C  38800001  li      r4, 0x1
FFDEFB10  38A00001  li      r5, 0x1
FFDEFB14  38C00000  li      r6, 0x0
FFDEFB18  38E00000  li      r7, 0x0
FFDEFB1C  4BFF91A5  bl      sub_FFDE8CC0
FFDEFB20  4BFFDF11  bl      sub_FFDEDA30
FFDEFB24  3081003C  addic   r4, r1, 0x3C
FFDEFB28  30C10040  addic   r6, r1, 0x40
FFDEFB2C  30E10044  addic   r7, r1, 0x44
FFDEFB30  80610088  lwz     r3, 0x88(r1)
FFDEFB34  30A10050  addic   r5, r1, 0x50
FFDEFB38  4BFFADFD  bl      sub_FFDEA934
FFDEFB3C  7C600735  extsh.  r0, r3
FFDEFB40  8081003C  lwz     r4, 0x3C(r1)
FFDEFB44  80A10044  lwz     r5, 0x44(r1)
FFDEFB48  80610040  lwz     r3, 0x40(r1)
FFDEFB4C  408201F8  bne     loc_FFDEFD44
FFDEFB50  48002A45  bl      sub_FFDF2594
FFDEFB54  80610040  lwz     r3, 0x40(r1)
FFDEFB58  8001003C  lwz     r0, 0x3C(r1)
FFDEFB5C  80630000  lwz     r3, 0x0(r3)
FFDEFB60  7FC01814  addc    r30, r0, r3
FFDEFB64  801E0004  lwz     r0, 0x4(r30)
FFDEFB68  5400463E  srwi    r0, r0, 24
FFDEFB6C  7C001120  mtcrf   0x01, r0
FFDEFB70  419C01D4  blt     cr7, loc_FFDEFD44
FFDEFB74  48002D41  bl      glue_LMGetCurMap
FFDEFB78  80410014  lwz     r2, 0x14(r1)
FFDEFB7C  7C7D0734  extsh   r29, r3
FFDEFB80  80610040  lwz     r3, 0x40(r1)
FFDEFB84  80830000  lwz     r4, 0x0(r3)
FFDEFB88  A0040014  lhz     r0, 0x14(r4)
FFDEFB8C  7C00E800  cmpw    r0, r29
FFDEFB90  41820050  beq     loc_FFDEFBE0
FFDEFB94  48002EAD  bl      glue_GetOverrideMap
FFDEFB98  80410014  lwz     r2, 0x14(r1)
FFDEFB9C  80630000  lwz     r3, 0x0(r3)
FFDEFBA0  A0030014  lhz     r0, 0x14(r3)
FFDEFBA4  7C00E800  cmpw    r0, r29
FFDEFBA8  41820038  beq     loc_FFDEFBE0
FFDEFBAC  48002E29  bl      glue_LMGetSysMapHndl
FFDEFBB0  80410014  lwz     r2, 0x14(r1)
FFDEFBB4  48002E8D  bl      glue_GetOverrideMap
FFDEFBB8  80410014  lwz     r2, 0x14(r1)
FFDEFBBC  80830000  lwz     r4, 0x0(r3)
FFDEFBC0  80610040  lwz     r3, 0x40(r1)
FFDEFBC4  A0040014  lhz     r0, 0x14(r4)
FFDEFBC8  7C00E800  cmpw    r0, r29
FFDEFBCC  40820178  bne     loc_FFDEFD44
FFDEFBD0  48003239  bl      glue_IsThisASystemResourceMap
FFDEFBD4  80410014  lwz     r2, 0x14(r1)
FFDEFBD8  5460063F  clrlwi. r0, r3, 24
FFDEFBDC  41820168  beq     loc_FFDEFD44
loc_FFDEFBE0:
FFDEFBE0  80610088  lwz     r3, 0x88(r1)
FFDEFBE4  48003489  bl      glue_HClrRBit
FFDEFBE8  80410014  lwz     r2, 0x14(r1)
FFDEFBEC  80610040  lwz     r3, 0x40(r1)
FFDEFBF0  80630000  lwz     r3, 0x0(r3)
FFDEFBF4  88030016  lbz     r0, 0x16(r3)
FFDEFBF8  60000060  ori     r0, r0, 0x60
FFDEFBFC  98030016  stb     r0, 0x16(r3)
FFDEFC00  80610040  lwz     r3, 0x40(r1)
FFDEFC04  4BFFEF2D  bl      sub_FFDEEB30
FFDEFC08  38600000  li      r3, 0x0
FFDEFC0C  48003485  bl      glue_LMSetHSCHndl
FFDEFC10  80410014  lwz     r2, 0x14(r1)
FFDEFC14  387E0000  addi    r3, r30, 0x0
FFDEFC18  80810040  lwz     r4, 0x40(r1)
FFDEFC1C  4BFFF389  bl      sub_FFDEEFA4
FFDEFC20  80610040  lwz     r3, 0x40(r1)
FFDEFC24  8001003C  lwz     r0, 0x3C(r1)
FFDEFC28  80830000  lwz     r4, 0x0(r3)
FFDEFC2C  3860FFF4  li      r3, -0xC
FFDEFC30  A104001A  lhz     r8, 0x1A(r4)
FFDEFC34  7C002014  addc    r0, r0, r4
FFDEFC38  7FC44014  addc    r30, r4, r8
FFDEFC3C  3080000C  addic   r4, r0, 0xC
FFDEFC40  38BE0000  addi    r5, r30, 0x0
FFDEFC44  4BFFE925  bl      sub_FFDEE568
FFDEFC48  3BE0FFF4  li      r31, -0xC
FFDEFC4C  80610040  lwz     r3, 0x40(r1)
FFDEFC50  80810044  lwz     r4, 0x44(r1)
FFDEFC54  30A10048  addic   r5, r1, 0x48
FFDEFC58  4BFFAE75  bl      sub_FFDEAACC
FFDEFC5C  80610040  lwz     r3, 0x40(r1)
FFDEFC60  80010048  lwz     r0, 0x48(r1)
FFDEFC64  81030000  lwz     r8, 0x0(r3)
FFDEFC68  3081004C  addic   r4, r1, 0x4C
FFDEFC6C  7D480014  addc    r10, r8, r0
FFDEFC70  310A0008  addic   r8, r10, 0x8
FFDEFC74  30A10038  addic   r5, r1, 0x38
FFDEFC78  4BFFA16D  bl      sub_FFDE9DE4
FFDEFC7C  80610048  lwz     r3, 0x48(r1)
FFDEFC80  8001004C  lwz     r0, 0x4C(r1)
FFDEFC84  A8810038  lha     r4, 0x38(r1)
FFDEFC88  7C001810  subfc   r0, r0, r3
FFDEFC8C  5400E8FE  srwi    r0, r0, 3
FFDEFC90  7C002010  subfc   r0, r0, r4
FFDEFC94  3000FFFF  addic   r0, r0, -0x1
FFDEFC98  7C040735  extsh.  r4, r0
FFDEFC9C  B0010038  sth     r0, 0x38(r1)
FFDEFCA0  38680000  addi    r3, r8, 0x0
FFDEFCA4  38A0FFF4  li      r5, -0xC
FFDEFCA8  4080E7D1  bgel    sub_FFDEE478
FFDEFCAC  A00A0004  lhz     r0, 0x4(r10)
FFDEFCB0  38880000  addi    r4, r8, 0x0
FFDEFCB4  3100FFFF  addic   r8, r0, -0x1
FFDEFCB8  3C000001  lis     r0, 0x0001
FFDEFCBC  3000FFFF  addic   r0, r0, -0x1
FFDEFCC0  5503043E  clrlwi  r3, r8, 16
FFDEFCC4  7C030000  cmpw    r3, r0
FFDEFCC8  30BEFFF4  addic   r5, r30, -0xC
FFDEFCCC  B10A0004  sth     r8, 0x4(r10)
FFDEFCD0  3860FFF8  li      r3, -0x8
FFDEFCD4  40820040  bne     loc_FFDEFD14
FFDEFCD8  4BFFE891  bl      sub_FFDEE568
FFDEFCDC  80610040  lwz     r3, 0x40(r1)
FFDEFCE0  3BE0FFEC  li      r31, -0x14
FFDEFCE4  80830000  lwz     r4, 0x0(r3)
FFDEFCE8  38A0FFF8  li      r5, -0x8
FFDEFCEC  A0640018  lhz     r3, 0x18(r4)
FFDEFCF0  7D041AAE  lhax    r8, r4, r3
FFDEFCF4  7C041814  addc    r0, r4, r3
FFDEFCF8  3108FFFF  addic   r8, r8, -0x1
FFDEFCFC  B1010038  sth     r8, 0x38(r1)
FFDEFD00  7D041B2E  sthx    r8, r4, r3
FFDEFD04  A8810038  lha     r4, 0x38(r1)
FFDEFD08  30600002  addic   r3, r0, 0x2
FFDEFD0C  2C040000  cmpwi   cr0, r4, 0x0
FFDEFD10  4080E769  bgel    sub_FFDEE478
loc_FFDEFD14:
FFDEFD14  387F0000  addi    r3, r31, 0x0
FFDEFD18  80810040  lwz     r4, 0x40(r1)
FFDEFD1C  4BFFE789  bl      sub_FFDEE4A4
FFDEFD20  2C1D0001  cmpwi   cr0, r29, 0x1
FFDEFD24  81010040  lwz     r8, 0x40(r1)
FFDEFD28  38680000  addi    r3, r8, 0x0
FFDEFD2C  41820014  beq     loc_FFDEFD40
FFDEFD30  4BFFEDD5  bl      sub_FFDEEB04
FFDEFD34  38830000  addi    r4, r3, 0x0
FFDEFD38  38680000  addi    r3, r8, 0x0
FFDEFD3C  4BFFDADD  bl      sub_FFDED818
loc_FFDEFD40:
FFDEFD40  3BE00000  li      r31, 0x0
loc_FFDEFD44:
FFDEFD44  38600000  li      r3, 0x0
FFDEFD48  48003349  bl      glue_LMSetHSCHndl
FFDEFD4C  80410014  lwz     r2, 0x14(r1)
FFDEFD50  38DF0000  addi    r6, r31, 0x0
FFDEFD54  30610050  addic   r3, r1, 0x50
FFDEFD58  38800001  li      r4, 0x1
FFDEFD5C  38A00001  li      r5, 0x1
FFDEFD60  4BFF9169  bl      sub_FFDE8EC8
FFDEFD64  818100A8  lwz     r12, 0xA8(r1)
FFDEFD68  302100A0  addic   r1, r1, 0xA0
FFDEFD6C  7D8803A6  mtspr   LR, r12
FFDEFD70  BBA1FFF4  lmw     r29, -0xC(r1)
FFDEFD74  4E800020  blr

__ResError:
FFDEFD78  7C0802A6  mfspr   r0, LR
FFDEFD7C  93E1FFFC  stw     r31, -0x4(r1)
FFDEFD80  90010008  stw     r0, 0x8(r1)
FFDEFD84  9421FFA0  stwu    r1, -0x60(r1)
FFDEFD88  38600001  li      r3, 0x1
FFDEFD8C  48002A99  bl      glue_GetEmulatorRegister
FFDEFD90  80410014  lwz     r2, 0x14(r1)
FFDEFD94  90610038  stw     r3, 0x38(r1)
FFDEFD98  38600002  li      r3, 0x2
FFDEFD9C  48002A89  bl      glue_GetEmulatorRegister
FFDEFDA0  80410014  lwz     r2, 0x14(r1)
FFDEFDA4  9061003C  stw     r3, 0x3C(r1)
FFDEFDA8  38600005  li      r3, 0x5
FFDEFDAC  48002A79  bl      glue_GetEmulatorRegister
FFDEFDB0  80410014  lwz     r2, 0x14(r1)
FFDEFDB4  90610044  stw     r3, 0x44(r1)
FFDEFDB8  48000051  bl      sub_FFDEFE08
FFDEFDBC  7C7F0734  extsh   r31, r3
FFDEFDC0  80810038  lwz     r4, 0x38(r1)
FFDEFDC4  38600001  li      r3, 0x1
FFDEFDC8  48002A81  bl      glue_SetEmulatorRegister
FFDEFDCC  80410014  lwz     r2, 0x14(r1)
FFDEFDD0  8081003C  lwz     r4, 0x3C(r1)
FFDEFDD4  38600002  li      r3, 0x2
FFDEFDD8  48002A71  bl      glue_SetEmulatorRegister
FFDEFDDC  80410014  lwz     r2, 0x14(r1)
FFDEFDE0  80810044  lwz     r4, 0x44(r1)
FFDEFDE4  38600005  li      r3, 0x5
FFDEFDE8  48002A61  bl      glue_SetEmulatorRegister
FFDEFDEC  80410014  lwz     r2, 0x14(r1)
FFDEFDF0  387F0000  addi    r3, r31, 0x0
FFDEFDF4  81810068  lwz     r12, 0x68(r1)
FFDEFDF8  83E1005C  lwz     r31, 0x5C(r1)
FFDEFDFC  7D8803A6  mtspr   LR, r12
FFDEFE00  30210060  addic   r1, r1, 0x60
FFDEFE04  4E800020  blr

sub_FFDEFE08:
FFDEFE08  7C0802A6  mfspr   r0, LR
FFDEFE0C  93E1FFFC  stw     r31, -0x4(r1)
FFDEFE10  90010008  stw     r0, 0x8(r1)
FFDEFE14  9421FFB0  stwu    r1, -0x50(r1)
FFDEFE18  48002ED1  bl      glue_LMGetResErr
FFDEFE1C  80410014  lwz     r2, 0x14(r1)
FFDEFE20  7C7F0734  extsh   r31, r3
FFDEFE24  4BFF918D  bl      sub_FFDE8FB0
FFDEFE28  387F0000  addi    r3, r31, 0x0
FFDEFE2C  81810058  lwz     r12, 0x58(r1)
FFDEFE30  83E1004C  lwz     r31, 0x4C(r1)
FFDEFE34  7D8803A6  mtspr   LR, r12
FFDEFE38  30210050  addic   r1, r1, 0x50
FFDEFE3C  4E800020  blr

__SetScanOverride:
FFDEFE40  7C0802A6  mfspr   r0, LR
FFDEFE44  93E1FFFC  stw     r31, -0x4(r1)
FFDEFE48  547F063E  clrlwi  r31, r3, 24
FFDEFE4C  90010008  stw     r0, 0x8(r1)
FFDEFE50  9421FFA0  stwu    r1, -0x60(r1)
FFDEFE54  38600001  li      r3, 0x1
FFDEFE58  480029CD  bl      glue_GetEmulatorRegister
FFDEFE5C  80410014  lwz     r2, 0x14(r1)
FFDEFE60  90610038  stw     r3, 0x38(r1)
FFDEFE64  38600002  li      r3, 0x2
FFDEFE68  480029BD  bl      glue_GetEmulatorRegister
FFDEFE6C  80410014  lwz     r2, 0x14(r1)
FFDEFE70  9061003C  stw     r3, 0x3C(r1)
FFDEFE74  38600005  li      r3, 0x5
FFDEFE78  480029AD  bl      glue_GetEmulatorRegister
FFDEFE7C  80410014  lwz     r2, 0x14(r1)
FFDEFE80  90610044  stw     r3, 0x44(r1)
FFDEFE84  387F0000  addi    r3, r31, 0x0
FFDEFE88  48000049  bl      sub_FFDEFED0
FFDEFE8C  80810038  lwz     r4, 0x38(r1)
FFDEFE90  38600001  li      r3, 0x1
FFDEFE94  480029B5  bl      glue_SetEmulatorRegister
FFDEFE98  80410014  lwz     r2, 0x14(r1)
FFDEFE9C  8081003C  lwz     r4, 0x3C(r1)
FFDEFEA0  38600002  li      r3, 0x2
FFDEFEA4  480029A5  bl      glue_SetEmulatorRegister
FFDEFEA8  80410014  lwz     r2, 0x14(r1)
FFDEFEAC  80810044  lwz     r4, 0x44(r1)
FFDEFEB0  38600005  li      r3, 0x5
FFDEFEB4  48002995  bl      glue_SetEmulatorRegister
FFDEFEB8  80410014  lwz     r2, 0x14(r1)
FFDEFEBC  81810068  lwz     r12, 0x68(r1)
FFDEFEC0  83E1005C  lwz     r31, 0x5C(r1)
FFDEFEC4  7D8803A6  mtspr   LR, r12
FFDEFEC8  30210060  addic   r1, r1, 0x60
FFDEFECC  4E800020  blr

sub_FFDEFED0:
FFDEFED0  7C0802A6  mfspr   r0, LR
FFDEFED4  93E1FFFC  stw     r31, -0x4(r1)
FFDEFED8  90010008  stw     r0, 0x8(r1)
FFDEFEDC  9421FFB0  stwu    r1, -0x50(r1)
FFDEFEE0  547F063E  clrlwi  r31, r3, 24
FFDEFEE4  48002B39  bl      glue_LMGetExpandMem
FFDEFEE8  80410014  lwz     r2, 0x14(r1)
FFDEFEEC  B3E301DA  sth     r31, 0x1DA(r3)
FFDEFEF0  38600000  li      r3, 0x0
FFDEFEF4  48002BB9  bl      glue_LMSetResErr
FFDEFEF8  80410014  lwz     r2, 0x14(r1)
FFDEFEFC  81810058  lwz     r12, 0x58(r1)
FFDEFF00  83E1004C  lwz     r31, 0x4C(r1)
FFDEFF04  7D8803A6  mtspr   LR, r12
FFDEFF08  30210050  addic   r1, r1, 0x50
FFDEFF0C  4E800020  blr

__GetOverrideAttributes:
FFDEFF10  7C0802A6  mfspr   r0, LR
FFDEFF14  93E1FFFC  stw     r31, -0x4(r1)
FFDEFF18  90010008  stw     r0, 0x8(r1)
FFDEFF1C  9421FFA0  stwu    r1, -0x60(r1)
FFDEFF20  90610044  stw     r3, 0x44(r1)
FFDEFF24  38600001  li      r3, 0x1
FFDEFF28  480028FD  bl      glue_GetEmulatorRegister
FFDEFF2C  80410014  lwz     r2, 0x14(r1)
FFDEFF30  90610038  stw     r3, 0x38(r1)
FFDEFF34  38600002  li      r3, 0x2
FFDEFF38  480028ED  bl      glue_GetEmulatorRegister
FFDEFF3C  80410014  lwz     r2, 0x14(r1)
FFDEFF40  9061003C  stw     r3, 0x3C(r1)
FFDEFF44  38600005  li      r3, 0x5
FFDEFF48  480028DD  bl      glue_GetEmulatorRegister
FFDEFF4C  80410014  lwz     r2, 0x14(r1)
FFDEFF50  90610048  stw     r3, 0x48(r1)
FFDEFF54  80610044  lwz     r3, 0x44(r1)
FFDEFF58  48000051  bl      sub_FFDEFFA8
FFDEFF5C  547F063E  clrlwi  r31, r3, 24
FFDEFF60  80810038  lwz     r4, 0x38(r1)
FFDEFF64  38600001  li      r3, 0x1
FFDEFF68  480028E1  bl      glue_SetEmulatorRegister
FFDEFF6C  80410014  lwz     r2, 0x14(r1)
FFDEFF70  8081003C  lwz     r4, 0x3C(r1)
FFDEFF74  38600002  li      r3, 0x2
FFDEFF78  480028D1  bl      glue_SetEmulatorRegister
FFDEFF7C  80410014  lwz     r2, 0x14(r1)
FFDEFF80  80810048  lwz     r4, 0x48(r1)
FFDEFF84  38600005  li      r3, 0x5
FFDEFF88  480028C1  bl      glue_SetEmulatorRegister
FFDEFF8C  80410014  lwz     r2, 0x14(r1)
FFDEFF90  387F0000  addi    r3, r31, 0x0
FFDEFF94  81810068  lwz     r12, 0x68(r1)
FFDEFF98  83E1005C  lwz     r31, 0x5C(r1)
FFDEFF9C  7D8803A6  mtspr   LR, r12
FFDEFFA0  30210060  addic   r1, r1, 0x60
FFDEFFA4  4E800020  blr

sub_FFDEFFA8:
FFDEFFA8  BFA1FFF4  stmw    r29, -0xC(r1)
FFDEFFAC  3BC00000  li      r30, 0x0
FFDEFFB0  7C0802A6  mfspr   r0, LR
FFDEFFB4  3BA30000  addi    r29, r3, 0x0
FFDEFFB8  90010008  stw     r0, 0x8(r1)
FFDEFFBC  3BFE0000  addi    r31, r30, 0x0
FFDEFFC0  9421FF80  stwu    r1, -0x80(r1)
FFDEFFC4  30610038  addic   r3, r1, 0x38
FFDEFFC8  38800001  li      r4, 0x1
FFDEFFCC  38A00000  li      r5, 0x0
FFDEFFD0  38C00000  li      r6, 0x0
FFDEFFD4  38E00000  li      r7, 0x0
FFDEFFD8  4BFF8CE9  bl      sub_FFDE8CC0
FFDEFFDC  2C1D0000  cmpwi   cr0, r29, 0x0
FFDEFFE0  30610038  addic   r3, r1, 0x38
FFDEFFE4  38800001  li      r4, 0x1
FFDEFFE8  38A00000  li      r5, 0x0
FFDEFFEC  41820014  beq     loc_FFDF0000
FFDEFFF0  813D0000  lwz     r9, 0x0(r29)
FFDEFFF4  89290017  lbz     r9, 0x17(r9)
FFDEFFF8  553E06BC  rlwinm  r30, r9, 0, 26, 30
FFDEFFFC  48000008  b       loc_FFDF0004
loc_FFDF0000:
FFDF0000  3BE0FF93  li      r31, -0x6D
loc_FFDF0004:
FFDF0004  38DF0000  addi    r6, r31, 0x0
FFDF0008  4BFF8EC1  bl      sub_FFDE8EC8
FFDF000C  387E0000  addi    r3, r30, 0x0
FFDF0010  81810088  lwz     r12, 0x88(r1)
FFDF0014  30210080  addic   r1, r1, 0x80
FFDF0018  7D8803A6  mtspr   LR, r12
FFDF001C  BBA1FFF4  lmw     r29, -0xC(r1)
FFDF0020  4E800020  blr

__SetOverrideAttributes:
FFDF0024  7C0802A6  mfspr   r0, LR
FFDF0028  93E1FFFC  stw     r31, -0x4(r1)
FFDF002C  90010008  stw     r0, 0x8(r1)
FFDF0030  9421FFA0  stwu    r1, -0x60(r1)
FFDF0034  90610044  stw     r3, 0x44(r1)
FFDF0038  549F063E  clrlwi  r31, r4, 24
FFDF003C  38600001  li      r3, 0x1
FFDF0040  480027E5  bl      glue_GetEmulatorRegister
FFDF0044  80410014  lwz     r2, 0x14(r1)
FFDF0048  90610038  stw     r3, 0x38(r1)
FFDF004C  38600002  li      r3, 0x2
FFDF0050  480027D5  bl      glue_GetEmulatorRegister
FFDF0054  80410014  lwz     r2, 0x14(r1)
FFDF0058  9061003C  stw     r3, 0x3C(r1)
FFDF005C  38600005  li      r3, 0x5
FFDF0060  480027C5  bl      glue_GetEmulatorRegister
FFDF0064  80410014  lwz     r2, 0x14(r1)
FFDF0068  90610048  stw     r3, 0x48(r1)
FFDF006C  80610044  lwz     r3, 0x44(r1)
FFDF0070  389F0000  addi    r4, r31, 0x0
FFDF0074  48000049  bl      sub_FFDF00BC
FFDF0078  80810038  lwz     r4, 0x38(r1)
FFDF007C  38600001  li      r3, 0x1
FFDF0080  480027C9  bl      glue_SetEmulatorRegister
FFDF0084  80410014  lwz     r2, 0x14(r1)
FFDF0088  8081003C  lwz     r4, 0x3C(r1)
FFDF008C  38600002  li      r3, 0x2
FFDF0090  480027B9  bl      glue_SetEmulatorRegister
FFDF0094  80410014  lwz     r2, 0x14(r1)
FFDF0098  80810048  lwz     r4, 0x48(r1)
FFDF009C  38600005  li      r3, 0x5
FFDF00A0  480027A9  bl      glue_SetEmulatorRegister
FFDF00A4  80410014  lwz     r2, 0x14(r1)
FFDF00A8  81810068  lwz     r12, 0x68(r1)
FFDF00AC  83E1005C  lwz     r31, 0x5C(r1)
FFDF00B0  7D8803A6  mtspr   LR, r12
FFDF00B4  30210060  addic   r1, r1, 0x60
FFDF00B8  4E800020  blr

sub_FFDF00BC:
FFDF00BC  BFA1FFF4  stmw    r29, -0xC(r1)
FFDF00C0  549E063E  clrlwi  r30, r4, 24
FFDF00C4  7C0802A6  mfspr   r0, LR
FFDF00C8  3BA30000  addi    r29, r3, 0x0
FFDF00CC  90010008  stw     r0, 0x8(r1)
FFDF00D0  3BE00000  li      r31, 0x0
FFDF00D4  9421FF80  stwu    r1, -0x80(r1)
FFDF00D8  30610038  addic   r3, r1, 0x38
FFDF00DC  38800001  li      r4, 0x1
FFDF00E0  38A00000  li      r5, 0x0
FFDF00E4  38C00000  li      r6, 0x0
FFDF00E8  38E00000  li      r7, 0x0
FFDF00EC  4BFF8BD5  bl      sub_FFDE8CC0
FFDF00F0  2C1D0000  cmpwi   cr0, r29, 0x0
FFDF00F4  30610038  addic   r3, r1, 0x38
FFDF00F8  38800001  li      r4, 0x1
FFDF00FC  38A00000  li      r5, 0x0
FFDF0100  4182001C  beq     loc_FFDF011C
FFDF0104  811D0000  lwz     r8, 0x0(r29)
FFDF0108  89280017  lbz     r9, 0x17(r8)
FFDF010C  552907FE  clrlwi  r9, r9, 31
FFDF0110  7D29F378  or      r9, r9, r30
FFDF0114  99280017  stb     r9, 0x17(r8)
FFDF0118  48000008  b       loc_FFDF0120
loc_FFDF011C:
FFDF011C  3BE0FF93  li      r31, -0x6D
loc_FFDF0120:
FFDF0120  38DF0000  addi    r6, r31, 0x0
FFDF0124  4BFF8DA5  bl      sub_FFDE8EC8
FFDF0128  81810088  lwz     r12, 0x88(r1)
FFDF012C  30210080  addic   r1, r1, 0x80
FFDF0130  7D8803A6  mtspr   LR, r12
FFDF0134  BBA1FFF4  lmw     r29, -0xC(r1)
FFDF0138  4E800020  blr

__GetNextFond:
FFDF013C  9421FFB0  stwu    r1, -0x50(r1)
FFDF0140  90610044  stw     r3, 0x44(r1)
FFDF0144  7C0802A6  mfspr   r0, LR
FFDF0148  38600001  li      r3, 0x1
FFDF014C  90010058  stw     r0, 0x58(r1)
FFDF0150  480026D5  bl      glue_GetEmulatorRegister
FFDF0154  80410014  lwz     r2, 0x14(r1)
FFDF0158  90610038  stw     r3, 0x38(r1)
FFDF015C  38600002  li      r3, 0x2
FFDF0160  480026C5  bl      glue_GetEmulatorRegister
FFDF0164  80410014  lwz     r2, 0x14(r1)
FFDF0168  9061003C  stw     r3, 0x3C(r1)
FFDF016C  38600005  li      r3, 0x5
FFDF0170  480026B5  bl      glue_GetEmulatorRegister
FFDF0174  80410014  lwz     r2, 0x14(r1)
FFDF0178  90610048  stw     r3, 0x48(r1)
FFDF017C  80610044  lwz     r3, 0x44(r1)
FFDF0180  4800004D  bl      sub_FFDF01CC
FFDF0184  9061004C  stw     r3, 0x4C(r1)
FFDF0188  80810038  lwz     r4, 0x38(r1)
FFDF018C  38600001  li      r3, 0x1
FFDF0190  480026B9  bl      glue_SetEmulatorRegister
FFDF0194  80410014  lwz     r2, 0x14(r1)
FFDF0198  8081003C  lwz     r4, 0x3C(r1)
FFDF019C  38600002  li      r3, 0x2
FFDF01A0  480026A9  bl      glue_SetEmulatorRegister
FFDF01A4  80410014  lwz     r2, 0x14(r1)
FFDF01A8  80810048  lwz     r4, 0x48(r1)
FFDF01AC  38600005  li      r3, 0x5
FFDF01B0  48002699  bl      glue_SetEmulatorRegister
FFDF01B4  80410014  lwz     r2, 0x14(r1)
FFDF01B8  8061004C  lwz     r3, 0x4C(r1)
FFDF01BC  81810058  lwz     r12, 0x58(r1)
FFDF01C0  30210050  addic   r1, r1, 0x50
FFDF01C4  7D8803A6  mtspr   LR, r12
FFDF01C8  4E800020  blr

sub_FFDF01CC:
FFDF01CC  BF81FFF0  stmw    r28, -0x10(r1)
FFDF01D0  7C0802A6  mfspr   r0, LR
FFDF01D4  3BE00000  li      r31, 0x0
FFDF01D8  90010008  stw     r0, 0x8(r1)
FFDF01DC  9421FEA0  stwu    r1, -0x160(r1)
FFDF01E0  90610140  stw     r3, 0x140(r1)
FFDF01E4  30810038  addic   r4, r1, 0x38
FFDF01E8  30A1003C  addic   r5, r1, 0x3C
FFDF01EC  30C10040  addic   r6, r1, 0x40
FFDF01F0  480025C9  bl      glue_GetResInfo
FFDF01F4  80410014  lwz     r2, 0x14(r1)
FFDF01F8  48003121  bl      glue_ResError
FFDF01FC  80410014  lwz     r2, 0x14(r1)
FFDF0200  7C7D0735  extsh.  r29, r3
FFDF0204  3C80464F  lis     r4, 0x464F
FFDF0208  8061003C  lwz     r3, 0x3C(r1)
FFDF020C  33C44E44  addic   r30, r4, 0x4E44
FFDF0210  7C83F040  cmplw   cr1, r3, r30
FFDF0214  4082007C  bne     loc_FFDF0290
FFDF0218  40860074  bne     cr1, loc_FFDF028C
FFDF021C  480024C5  bl      glue_CurResFile
FFDF0220  80410014  lwz     r2, 0x14(r1)
FFDF0224  7C7C0734  extsh   r28, r3
FFDF0228  80610140  lwz     r3, 0x140(r1)
FFDF022C  48003111  bl      glue_HomeResFile
FFDF0230  80410014  lwz     r2, 0x14(r1)
FFDF0234  4800312D  bl      glue_GetMap
FFDF0238  80410014  lwz     r2, 0x14(r1)
FFDF023C  4BFFE985  bl      sub_FFDEEBC0
FFDF0240  2C830000  cmpwi   cr1, r3, 0x0
FFDF0244  41860038  beq     cr1, loc_FFDF027C
FFDF0248  80630000  lwz     r3, 0x0(r3)
FFDF024C  80630010  lwz     r3, 0x10(r3)
FFDF0250  2C030000  cmpwi   cr0, r3, 0x0
FFDF0254  41820028  beq     loc_FFDF027C
FFDF0258  80630000  lwz     r3, 0x0(r3)
FFDF025C  A0630014  lhz     r3, 0x14(r3)
FFDF0260  480024A5  bl      glue_UseResFile
FFDF0264  80410014  lwz     r2, 0x14(r1)
FFDF0268  387E0000  addi    r3, r30, 0x0
FFDF026C  A8810038  lha     r4, 0x38(r1)
FFDF0270  48003115  bl      glue_GetResource
FFDF0274  80410014  lwz     r2, 0x14(r1)
FFDF0278  3BE30000  addi    r31, r3, 0x0
loc_FFDF027C:
FFDF027C  387C0000  addi    r3, r28, 0x0
FFDF0280  48002485  bl      glue_UseResFile
FFDF0284  80410014  lwz     r2, 0x14(r1)
FFDF0288  48000008  b       loc_FFDF0290
loc_FFDF028C:
FFDF028C  3BA0FF40  li      r29, -0xC0
loc_FFDF0290:
FFDF0290  387D0000  addi    r3, r29, 0x0
FFDF0294  48002819  bl      glue_LMSetResErr
FFDF0298  80410014  lwz     r2, 0x14(r1)
FFDF029C  387F0000  addi    r3, r31, 0x0
FFDF02A0  81810168  lwz     r12, 0x168(r1)
FFDF02A4  30210160  addic   r1, r1, 0x160
FFDF02A8  7D8803A6  mtspr   LR, r12
FFDF02AC  BB81FFF0  lmw     r28, -0x10(r1)
FFDF02B0  4E800020  blr

__InsertOverrideMap:
FFDF02B4  9421FFB0  stwu    r1, -0x50(r1)
FFDF02B8  90610044  stw     r3, 0x44(r1)
FFDF02BC  7C0802A6  mfspr   r0, LR
FFDF02C0  90810048  stw     r4, 0x48(r1)
FFDF02C4  90010058  stw     r0, 0x58(r1)
FFDF02C8  38600001  li      r3, 0x1
FFDF02CC  48002559  bl      glue_GetEmulatorRegister
FFDF02D0  80410014  lwz     r2, 0x14(r1)
FFDF02D4  90610038  stw     r3, 0x38(r1)
FFDF02D8  38600002  li      r3, 0x2
FFDF02DC  48002549  bl      glue_GetEmulatorRegister
FFDF02E0  80410014  lwz     r2, 0x14(r1)
FFDF02E4  9061003C  stw     r3, 0x3C(r1)
FFDF02E8  38600005  li      r3, 0x5
FFDF02EC  48002539  bl      glue_GetEmulatorRegister
FFDF02F0  80410014  lwz     r2, 0x14(r1)
FFDF02F4  9061004C  stw     r3, 0x4C(r1)
FFDF02F8  80610044  lwz     r3, 0x44(r1)
FFDF02FC  80810048  lwz     r4, 0x48(r1)
FFDF0300  48000045  bl      sub_FFDF0344
FFDF0304  80810038  lwz     r4, 0x38(r1)
FFDF0308  38600001  li      r3, 0x1
FFDF030C  4800253D  bl      glue_SetEmulatorRegister
FFDF0310  80410014  lwz     r2, 0x14(r1)
FFDF0314  8081003C  lwz     r4, 0x3C(r1)
FFDF0318  38600002  li      r3, 0x2
FFDF031C  4800252D  bl      glue_SetEmulatorRegister
FFDF0320  80410014  lwz     r2, 0x14(r1)
FFDF0324  8081004C  lwz     r4, 0x4C(r1)
FFDF0328  38600005  li      r3, 0x5
FFDF032C  4800251D  bl      glue_SetEmulatorRegister
FFDF0330  80410014  lwz     r2, 0x14(r1)
FFDF0334  81810058  lwz     r12, 0x58(r1)
FFDF0338  30210050  addic   r1, r1, 0x50
FFDF033C  7D8803A6  mtspr   LR, r12
FFDF0340  4E800020  blr

sub_FFDF0344:
FFDF0344  BF61FFEC  stmw    r27, -0x14(r1)
FFDF0348  3B840000  addi    r28, r4, 0x0
FFDF034C  7C0802A6  mfspr   r0, LR
FFDF0350  3BE30000  addi    r31, r3, 0x0
FFDF0354  90010008  stw     r0, 0x8(r1)
FFDF0358  3BC0FF93  li      r30, -0x6D
FFDF035C  9421FF70  stwu    r1, -0x90(r1)
FFDF0360  30610038  addic   r3, r1, 0x38
FFDF0364  38800001  li      r4, 0x1
FFDF0368  38A00000  li      r5, 0x0
FFDF036C  38C00000  li      r6, 0x0
FFDF0370  38E00000  li      r7, 0x0
FFDF0374  4BFF894D  bl      sub_FFDE8CC0
FFDF0378  2C1C0000  cmpwi   cr0, r28, 0x0
FFDF037C  2C9F0000  cmpwi   cr1, r31, 0x0
FFDF0380  41820148  beq     loc_FFDF04C8
FFDF0384  7C1CF840  cmplw   r28, r31
FFDF0388  41860140  beq     cr1, loc_FFDF04C8
FFDF038C  3BA00000  li      r29, 0x0
FFDF0390  3B600000  li      r27, 0x0
FFDF0394  3BC0FFCE  li      r30, -0x32
FFDF0398  41820130  beq     loc_FFDF04C8
FFDF039C  3BC0FF39  li      r30, -0xC7
FFDF03A0  480024CD  bl      glue_LMGetTopMapHndl
FFDF03A4  80410014  lwz     r2, 0x14(r1)
FFDF03A8  2C830000  cmpwi   cr1, r3, 0x0
FFDF03AC  7C03F840  cmplw   r3, r31
FFDF03B0  41860118  beq     cr1, loc_FFDF04C8
FFDF03B4  41820034  beq     loc_FFDF03E8
FFDF03B8  81030000  lwz     r8, 0x0(r3)
FFDF03BC  3B630000  addi    r27, r3, 0x0
FFDF03C0  80680010  lwz     r3, 0x10(r8)
FFDF03C4  48000014  b       loc_FFDF03D8
loc_FFDF03C8:
FFDF03C8  41860100  beq     cr1, loc_FFDF04C8
FFDF03CC  81030000  lwz     r8, 0x0(r3)
FFDF03D0  3B630000  addi    r27, r3, 0x0
FFDF03D4  80680010  lwz     r3, 0x10(r8)
loc_FFDF03D8:
FFDF03D8  2C830000  cmpwi   cr1, r3, 0x0
FFDF03DC  7C03F840  cmplw   r3, r31
FFDF03E0  4082FFE8  bne     loc_FFDF03C8
FFDF03E4  418600E4  beq     cr1, loc_FFDF04C8
loc_FFDF03E8:
FFDF03E8  2C1B0000  cmpwi   cr0, r27, 0x0
FFDF03EC  418600DC  beq     cr1, loc_FFDF04C8
FFDF03F0  81030000  lwz     r8, 0x0(r3)
FFDF03F4  80680010  lwz     r3, 0x10(r8)
FFDF03F8  4082001C  bne     loc_FFDF0414
FFDF03FC  48002501  bl      glue_LMSetTopMapHndl
FFDF0400  80410014  lwz     r2, 0x14(r1)
FFDF0404  387C0000  addi    r3, r28, 0x0
FFDF0408  48002639  bl      glue_GetOverrideMap
FFDF040C  80410014  lwz     r2, 0x14(r1)
FFDF0410  48000018  b       loc_FFDF0428
loc_FFDF0414:
FFDF0414  811B0000  lwz     r8, 0x0(r27)
FFDF0418  90680010  stw     r3, 0x10(r8)
FFDF041C  387C0000  addi    r3, r28, 0x0
FFDF0420  48002621  bl      glue_GetOverrideMap
FFDF0424  80410014  lwz     r2, 0x14(r1)
loc_FFDF0428:
FFDF0428  3B830000  addi    r28, r3, 0x0
FFDF042C  2C1C0000  cmpwi   cr0, r28, 0x0
FFDF0430  3B600000  li      r27, 0x0
FFDF0434  41820094  beq     loc_FFDF04C8
FFDF0438  48002435  bl      glue_LMGetTopMapHndl
FFDF043C  80410014  lwz     r2, 0x14(r1)
FFDF0440  7C03E040  cmplw   r3, r28
FFDF0444  811F0000  lwz     r8, 0x0(r31)
FFDF0448  41820018  beq     loc_FFDF0460
loc_FFDF044C:
FFDF044C  81230000  lwz     r9, 0x0(r3)
FFDF0450  3B630000  addi    r27, r3, 0x0
FFDF0454  80690010  lwz     r3, 0x10(r9)
FFDF0458  7C83E040  cmplw   cr1, r3, r28
FFDF045C  4086FFF0  bne     cr1, loc_FFDF044C
loc_FFDF0460:
FFDF0460  2C1B0000  cmpwi   cr0, r27, 0x0
FFDF0464  93880010  stw     r28, 0x10(r8)
FFDF0468  387F0000  addi    r3, r31, 0x0
FFDF046C  40820018  bne     loc_FFDF0484
FFDF0470  4800248D  bl      glue_LMSetTopMapHndl
FFDF0474  80410014  lwz     r2, 0x14(r1)
FFDF0478  811F0000  lwz     r8, 0x0(r31)
FFDF047C  3BC00000  li      r30, 0x0
FFDF0480  48000014  b       loc_FFDF0494
loc_FFDF0484:
FFDF0484  811B0000  lwz     r8, 0x0(r27)
FFDF0488  93E80010  stw     r31, 0x10(r8)
FFDF048C  811F0000  lwz     r8, 0x0(r31)
FFDF0490  3BC00000  li      r30, 0x0
loc_FFDF0494:
FFDF0494  89280017  lbz     r9, 0x17(r8)
FFDF0498  6129001A  ori     r9, r9, 0x1A
FFDF049C  99280017  stb     r9, 0x17(r8)
FFDF04A0  811C0000  lwz     r8, 0x0(r28)
FFDF04A4  89280017  lbz     r9, 0x17(r8)
FFDF04A8  61290004  ori     r9, r9, 0x4
FFDF04AC  99280017  stb     r9, 0x17(r8)
FFDF04B0  811F0000  lwz     r8, 0x0(r31)
FFDF04B4  A0680014  lhz     r3, 0x14(r8)
FFDF04B8  48000039  bl      sub_FFDF04F0
FFDF04BC  48002561  bl      glue_LMGetExpandMem
FFDF04C0  80410014  lwz     r2, 0x14(r1)
FFDF04C4  B3A301D6  sth     r29, 0x1D6(r3)
loc_FFDF04C8:
FFDF04C8  38DE0000  addi    r6, r30, 0x0
FFDF04CC  30610038  addic   r3, r1, 0x38
FFDF04D0  38800001  li      r4, 0x1
FFDF04D4  38A00000  li      r5, 0x0
FFDF04D8  4BFF89F1  bl      sub_FFDE8EC8
FFDF04DC  81810098  lwz     r12, 0x98(r1)
FFDF04E0  30210090  addic   r1, r1, 0x90
FFDF04E4  7D8803A6  mtspr   LR, r12
FFDF04E8  BB61FFEC  lmw     r27, -0x14(r1)
FFDF04EC  4E800020  blr

sub_FFDF04F0:
FFDF04F0  7C0802A6  mfspr   r0, LR
FFDF04F4  9421FFC0  stwu    r1, -0x40(r1)
FFDF04F8  90010048  stw     r0, 0x48(r1)
FFDF04FC  7C630734  extsh   r3, r3
FFDF0500  4BFFAEA1  bl      sub_FFDEB3A0
FFDF0504  38000000  li      r0, 0x0
FFDF0508  38800001  li      r4, 0x1
FFDF050C  90830004  stw     r4, 0x4(r3)
FFDF0510  90030000  stw     r0, 0x0(r3)
FFDF0514  81810048  lwz     r12, 0x48(r1)
FFDF0518  30210040  addic   r1, r1, 0x40
FFDF051C  7D8803A6  mtspr   LR, r12
FFDF0520  4E800020  blr

__OpenResFileUnderSystemMap:
FFDF0524  7C0802A6  mfspr   r0, LR
FFDF0528  93E1FFFC  stw     r31, -0x4(r1)
FFDF052C  90010008  stw     r0, 0x8(r1)
FFDF0530  9421FFA0  stwu    r1, -0x60(r1)
FFDF0534  90610044  stw     r3, 0x44(r1)
FFDF0538  7C9F0774  extsb   r31, r4
FFDF053C  38600001  li      r3, 0x1
FFDF0540  480022E5  bl      glue_GetEmulatorRegister
FFDF0544  80410014  lwz     r2, 0x14(r1)
FFDF0548  90610038  stw     r3, 0x38(r1)
FFDF054C  38600002  li      r3, 0x2
FFDF0550  480022D5  bl      glue_GetEmulatorRegister
FFDF0554  80410014  lwz     r2, 0x14(r1)
FFDF0558  9061003C  stw     r3, 0x3C(r1)
FFDF055C  38600005  li      r3, 0x5
FFDF0560  480022C5  bl      glue_GetEmulatorRegister
FFDF0564  80410014  lwz     r2, 0x14(r1)
FFDF0568  90610048  stw     r3, 0x48(r1)
FFDF056C  80610044  lwz     r3, 0x44(r1)
FFDF0570  389F0000  addi    r4, r31, 0x0
FFDF0574  48000051  bl      sub_FFDF05C4
FFDF0578  7C7F0734  extsh   r31, r3
FFDF057C  80810038  lwz     r4, 0x38(r1)
FFDF0580  38600001  li      r3, 0x1
FFDF0584  480022C5  bl      glue_SetEmulatorRegister
FFDF0588  80410014  lwz     r2, 0x14(r1)
FFDF058C  8081003C  lwz     r4, 0x3C(r1)
FFDF0590  38600002  li      r3, 0x2
FFDF0594  480022B5  bl      glue_SetEmulatorRegister
FFDF0598  80410014  lwz     r2, 0x14(r1)
FFDF059C  80810048  lwz     r4, 0x48(r1)
FFDF05A0  38600005  li      r3, 0x5
FFDF05A4  480022A5  bl      glue_SetEmulatorRegister
FFDF05A8  80410014  lwz     r2, 0x14(r1)
FFDF05AC  387F0000  addi    r3, r31, 0x0
FFDF05B0  81810068  lwz     r12, 0x68(r1)
FFDF05B4  83E1005C  lwz     r31, 0x5C(r1)
FFDF05B8  7D8803A6  mtspr   LR, r12
FFDF05BC  30210060  addic   r1, r1, 0x60
FFDF05C0  4E800020  blr

sub_FFDF05C4:
FFDF05C4  BF21FFE4  stmw    r25, -0x1C(r1)
FFDF05C8  7C0802A6  mfspr   r0, LR
FFDF05CC  3B830000  addi    r28, r3, 0x0
FFDF05D0  7D800026  mfcr    r12
FFDF05D4  91810004  stw     r12, 0x4(r1)
FFDF05D8  90010008  stw     r0, 0x8(r1)
FFDF05DC  9421FF30  stwu    r1, -0xD0(r1)
FFDF05E0  7C9E0774  extsb   r30, r4
FFDF05E4  3BE00000  li      r31, 0x0
FFDF05E8  93E10044  stw     r31, 0x44(r1)
FFDF05EC  30DC0006  addic   r6, r28, 0x6
FFDF05F0  90C1004A  stw     r6, 0x4A(r1)
FFDF05F4  A87C0000  lha     r3, 0x0(r28)
FFDF05F8  3BA0FFFF  li      r29, -0x1
FFDF05FC  B061004E  sth     r3, 0x4E(r1)
FFDF0600  80DC0002  lwz     r6, 0x2(r28)
FFDF0604  B3E10054  sth     r31, 0x54(r1)
FFDF0608  90C10068  stw     r6, 0x68(r1)
FFDF060C  30610038  addic   r3, r1, 0x38
FFDF0610  48002D99  bl      glue_PBGetCatInfoSync
FFDF0614  80410014  lwz     r2, 0x14(r1)
FFDF0618  7C790734  extsh   r25, r3
FFDF061C  2D990000  cmpwi   cr3, r25, 0x0
FFDF0620  80610058  lwz     r3, 0x58(r1)
FFDF0624  8081009C  lwz     r4, 0x9C(r1)
FFDF0628  408E00F0  bne     cr3, loc_FFDF0718
FFDF062C  48000119  bl      sub_FFDF0744
FFDF0630  5466063F  clrlwi. r6, r3, 24
FFDF0634  41820024  beq     loc_FFDF0658
FFDF0638  3BE00001  li      r31, 0x1
FFDF063C  480023E1  bl      glue_LMGetExpandMem
FFDF0640  80410014  lwz     r2, 0x14(r1)
FFDF0644  A8C301EA  lha     r6, 0x1EA(r3)
FFDF0648  2C060080  cmpwi   cr0, r6, 0x80
FFDF064C  4180000C  blt     loc_FFDF0658
FFDF0650  3B20FFD6  li      r25, -0x2A
FFDF0654  4DCE7182  crclr   crb14
loc_FFDF0658:
FFDF0658  408E00C0  bne     cr3, loc_FFDF0718
FFDF065C  48002259  bl      glue_LMGetCurMap
FFDF0660  80410014  lwz     r2, 0x14(r1)
FFDF0664  7C7B0734  extsh   r27, r3
FFDF0668  48002D65  bl      glue_LMGetTheZone
FFDF066C  80410014  lwz     r2, 0x14(r1)
FFDF0670  906100A4  stw     r3, 0xA4(r1)
FFDF0674  48002D7D  bl      glue_LMGetSysZone
FFDF0678  80410014  lwz     r2, 0x14(r1)
FFDF067C  48002D99  bl      glue_LMSetTheZone
FFDF0680  80410014  lwz     r2, 0x14(r1)
FFDF0684  480021E9  bl      glue_LMGetTopMapHndl
FFDF0688  80410014  lwz     r2, 0x14(r1)
FFDF068C  3B430000  addi    r26, r3, 0x0
FFDF0690  387C0000  addi    r3, r28, 0x0
FFDF0694  389E0000  addi    r4, r30, 0x0
FFDF0698  48002DA1  bl      glue_FSpOpenResFile
FFDF069C  80410014  lwz     r2, 0x14(r1)
FFDF06A0  7C7D0734  extsh   r29, r3
FFDF06A4  48002645  bl      glue_LMGetResErr
FFDF06A8  80410014  lwz     r2, 0x14(r1)
FFDF06AC  2C1D0000  cmpwi   cr0, r29, 0x0
FFDF06B0  7C790734  extsh   r25, r3
FFDF06B4  4081004C  ble     loc_FFDF0700
FFDF06B8  480021B5  bl      glue_LMGetTopMapHndl
FFDF06BC  80410014  lwz     r2, 0x14(r1)
FFDF06C0  7C03D040  cmplw   r3, r26
FFDF06C4  41820038  beq     loc_FFDF06FC
FFDF06C8  480021A5  bl      glue_LMGetTopMapHndl
FFDF06CC  80410014  lwz     r2, 0x14(r1)
FFDF06D0  480000CD  bl      sub_FFDF079C
FFDF06D4  2C1F0000  cmpwi   cr0, r31, 0x0
FFDF06D8  41820018  beq     loc_FFDF06F0
FFDF06DC  48002341  bl      glue_LMGetExpandMem
FFDF06E0  80410014  lwz     r2, 0x14(r1)
FFDF06E4  A8C301EA  lha     r6, 0x1EA(r3)
FFDF06E8  30C60001  addic   r6, r6, 0x1
FFDF06EC  B0C301EA  sth     r6, 0x1EA(r3)
loc_FFDF06F0:
FFDF06F0  387D0000  addi    r3, r29, 0x0
FFDF06F4  4BFFFDFD  bl      sub_FFDF04F0
FFDF06F8  48000008  b       loc_FFDF0700
loc_FFDF06FC:
FFDF06FC  3B20FFCF  li      r25, -0x31
loc_FFDF0700:
FFDF0700  806100A4  lwz     r3, 0xA4(r1)
FFDF0704  48002D11  bl      glue_LMSetTheZone
FFDF0708  80410014  lwz     r2, 0x14(r1)
FFDF070C  387B0000  addi    r3, r27, 0x0
FFDF0710  480021C9  bl      glue_LMSetCurMap
FFDF0714  80410014  lwz     r2, 0x14(r1)
loc_FFDF0718:
FFDF0718  38790000  addi    r3, r25, 0x0
FFDF071C  48002391  bl      glue_LMSetResErr
FFDF0720  80410014  lwz     r2, 0x14(r1)
FFDF0724  387D0000  addi    r3, r29, 0x0
FFDF0728  818100D4  lwz     r12, 0xD4(r1)
FFDF072C  800100D8  lwz     r0, 0xD8(r1)
FFDF0730  7D810120  mtcrf   0x10, r12
FFDF0734  302100D0  addic   r1, r1, 0xD0
FFDF0738  7C0803A6  mtspr   LR, r0
FFDF073C  BB21FFE4  lmw     r25, -0x1C(r1)
FFDF0740  4E800020  blr

sub_FFDF0744:
FFDF0744  80C20000  lwz     r6, 0x0(r2)                        ; TOC[+0] &data+0
FFDF0748  38800001  li      r4, 0x1
FFDF074C  2C040003  cmpwi   cr0, r4, 0x3
FFDF0750  38A00000  li      r5, 0x0
FFDF0754  30E60040  addic   r7, r6, 0x40
FFDF0758  7CA7282E  lwzx    r5, r7, r5
FFDF075C  38000002  li      r0, 0x2
FFDF0760  7C832840  cmplw   cr1, r3, r5
FFDF0764  38800004  li      r4, 0x4
loc_FFDF0768:
FFDF0768  4186002C  beq     cr1, loc_FFDF0794
FFDF076C  7C060734  extsh   r6, r0
FFDF0770  30060001  addic   r0, r6, 0x1
FFDF0774  40800018  bge     loc_FFDF078C
FFDF0778  7CA7202E  lwzx    r5, r7, r4
FFDF077C  2C060003  cmpwi   cr0, r6, 0x3
FFDF0780  7C832840  cmplw   cr1, r3, r5
FFDF0784  54C4103A  slwi    r4, r6, 2
FFDF0788  4BFFFFE0  b       loc_FFDF0768
loc_FFDF078C:
FFDF078C  38600000  li      r3, 0x0
loc_FFDF0790:
FFDF0790  4E800020  blr
loc_FFDF0794:
FFDF0794  38600001  li      r3, 0x1
FFDF0798  4BFFFFF8  b       loc_FFDF0790

sub_FFDF079C:
FFDF079C  93E1FFFC  stw     r31, -0x4(r1)
FFDF07A0  7C0802A6  mfspr   r0, LR
FFDF07A4  3BE30000  addi    r31, r3, 0x0
FFDF07A8  807F0000  lwz     r3, 0x0(r31)
FFDF07AC  90010008  stw     r0, 0x8(r1)
FFDF07B0  88830017  lbz     r4, 0x17(r3)
FFDF07B4  9421FFB0  stwu    r1, -0x50(r1)
FFDF07B8  6084001C  ori     r4, r4, 0x1C
FFDF07BC  98830017  stb     r4, 0x17(r3)
FFDF07C0  480020AD  bl      glue_LMGetTopMapHndl
FFDF07C4  80410014  lwz     r2, 0x14(r1)
FFDF07C8  7C03F840  cmplw   r3, r31
FFDF07CC  807F0000  lwz     r3, 0x0(r31)
FFDF07D0  40820010  bne     loc_FFDF07E0
FFDF07D4  80630010  lwz     r3, 0x10(r3)
FFDF07D8  48002125  bl      glue_LMSetTopMapHndl
FFDF07DC  80410014  lwz     r2, 0x14(r1)
loc_FFDF07E0:
FFDF07E0  480021F5  bl      glue_LMGetSysMapHndl
FFDF07E4  80410014  lwz     r2, 0x14(r1)
FFDF07E8  80830000  lwz     r4, 0x0(r3)
FFDF07EC  80BF0000  lwz     r5, 0x0(r31)
FFDF07F0  80C40010  lwz     r6, 0x10(r4)
FFDF07F4  2C060000  cmpwi   cr0, r6, 0x0
FFDF07F8  40820010  bne     loc_FFDF0808
FFDF07FC  88850017  lbz     r4, 0x17(r5)
FFDF0800  54840776  rlwinm  r4, r4, 0, 29, 27
FFDF0804  98850017  stb     r4, 0x17(r5)
loc_FFDF0808:
FFDF0808  809F0000  lwz     r4, 0x0(r31)
FFDF080C  90C40010  stw     r6, 0x10(r4)
FFDF0810  80630000  lwz     r3, 0x0(r3)
FFDF0814  93E30010  stw     r31, 0x10(r3)
FFDF0818  81810058  lwz     r12, 0x58(r1)
FFDF081C  83E1004C  lwz     r31, 0x4C(r1)
FFDF0820  7D8803A6  mtspr   LR, r12
FFDF0824  30210050  addic   r1, r1, 0x50
FFDF0828  4E800020  blr

__CloseResFileUnderSystemMap:
FFDF082C  7C0802A6  mfspr   r0, LR
FFDF0830  93E1FFFC  stw     r31, -0x4(r1)
FFDF0834  7C7F0734  extsh   r31, r3
FFDF0838  90010008  stw     r0, 0x8(r1)
FFDF083C  9421FFA0  stwu    r1, -0x60(r1)
FFDF0840  38600001  li      r3, 0x1
FFDF0844  48001FE1  bl      glue_GetEmulatorRegister
FFDF0848  80410014  lwz     r2, 0x14(r1)
FFDF084C  90610038  stw     r3, 0x38(r1)
FFDF0850  38600002  li      r3, 0x2
FFDF0854  48001FD1  bl      glue_GetEmulatorRegister
FFDF0858  80410014  lwz     r2, 0x14(r1)
FFDF085C  9061003C  stw     r3, 0x3C(r1)
FFDF0860  38600005  li      r3, 0x5
FFDF0864  48001FC1  bl      glue_GetEmulatorRegister
FFDF0868  80410014  lwz     r2, 0x14(r1)
FFDF086C  90610044  stw     r3, 0x44(r1)
FFDF0870  387F0000  addi    r3, r31, 0x0
FFDF0874  48000049  bl      sub_FFDF08BC
FFDF0878  80810038  lwz     r4, 0x38(r1)
FFDF087C  38600001  li      r3, 0x1
FFDF0880  48001FC9  bl      glue_SetEmulatorRegister
FFDF0884  80410014  lwz     r2, 0x14(r1)
FFDF0888  8081003C  lwz     r4, 0x3C(r1)
FFDF088C  38600002  li      r3, 0x2
FFDF0890  48001FB9  bl      glue_SetEmulatorRegister
FFDF0894  80410014  lwz     r2, 0x14(r1)
FFDF0898  80810044  lwz     r4, 0x44(r1)
FFDF089C  38600005  li      r3, 0x5
FFDF08A0  48001FA9  bl      glue_SetEmulatorRegister
FFDF08A4  80410014  lwz     r2, 0x14(r1)
FFDF08A8  81810068  lwz     r12, 0x68(r1)
FFDF08AC  83E1005C  lwz     r31, 0x5C(r1)
FFDF08B0  7D8803A6  mtspr   LR, r12
FFDF08B4  30210060  addic   r1, r1, 0x60
FFDF08B8  4E800020  blr

sub_FFDF08BC:
FFDF08BC  BFA1FFF4  stmw    r29, -0xC(r1)
FFDF08C0  7C7F0734  extsh   r31, r3
FFDF08C4  7C0802A6  mfspr   r0, LR
FFDF08C8  387F0000  addi    r3, r31, 0x0
FFDF08CC  90010008  stw     r0, 0x8(r1)
FFDF08D0  9421FFB0  stwu    r1, -0x50(r1)
FFDF08D4  48002A8D  bl      glue_GetMap
FFDF08D8  80410014  lwz     r2, 0x14(r1)
FFDF08DC  3BC30000  addi    r30, r3, 0x0
FFDF08E0  2C1E0000  cmpwi   cr0, r30, 0x0
FFDF08E4  41820110  beq     loc_FFDF09F4
FFDF08E8  48002135  bl      glue_LMGetExpandMem
FFDF08EC  80410014  lwz     r2, 0x14(r1)
FFDF08F0  3BA30000  addi    r29, r3, 0x0
FFDF08F4  48002B69  bl      glue_LMGetFCBSPtr
FFDF08F8  80410014  lwz     r2, 0x14(r1)
FFDF08FC  7C7F1814  addc    r3, r31, r3
FFDF0900  8083003A  lwz     r4, 0x3A(r3)
FFDF0904  80630032  lwz     r3, 0x32(r3)
FFDF0908  4BFFFE3D  bl      sub_FFDF0744
FFDF090C  5463063F  clrlwi. r3, r3, 24
FFDF0910  4182002C  beq     loc_FFDF093C
FFDF0914  A89D01EA  lha     r4, 0x1EA(r29)
FFDF0918  807D0068  lwz     r3, 0x68(r29)
FFDF091C  3084FFFF  addic   r4, r4, -0x1
FFDF0920  B09D01EA  sth     r4, 0x1EA(r29)
FFDF0924  80630000  lwz     r3, 0x0(r3)
FFDF0928  38A00000  li      r5, 0x0
FFDF092C  A8830098  lha     r4, 0x98(r3)
FFDF0930  7C84F800  cmpw    cr1, r4, r31
FFDF0934  40860008  bne     cr1, loc_FFDF093C
FFDF0938  B0A30098  sth     r5, 0x98(r3)
loc_FFDF093C:
FFDF093C  807E0000  lwz     r3, 0x0(r30)
FFDF0940  88630017  lbz     r3, 0x17(r3)
FFDF0944  7C601120  mtcrf   0x01, r3
FFDF0948  419C0054  blt     cr7, loc_FFDF099C
FFDF094C  48002089  bl      glue_LMGetSysMapHndl
FFDF0950  80410014  lwz     r2, 0x14(r1)
FFDF0954  2C830000  cmpwi   cr1, r3, 0x0
FFDF0958  41860088  beq     cr1, loc_FFDF09E0
FFDF095C  80830000  lwz     r4, 0x0(r3)
FFDF0960  80840010  lwz     r4, 0x10(r4)
FFDF0964  7C04F040  cmplw   r4, r30
FFDF0968  41820020  beq     loc_FFDF0988
loc_FFDF096C:
FFDF096C  38640000  addi    r3, r4, 0x0
FFDF0970  2C830000  cmpwi   cr1, r3, 0x0
FFDF0974  4186006C  beq     cr1, loc_FFDF09E0
FFDF0978  80830000  lwz     r4, 0x0(r3)
FFDF097C  80840010  lwz     r4, 0x10(r4)
FFDF0980  7C04F040  cmplw   r4, r30
FFDF0984  4082FFE8  bne     loc_FFDF096C
loc_FFDF0988:
FFDF0988  41860058  beq     cr1, loc_FFDF09E0
FFDF098C  80630000  lwz     r3, 0x0(r3)
FFDF0990  88830017  lbz     r4, 0x17(r3)
FFDF0994  54840776  rlwinm  r4, r4, 0, 29, 27
FFDF0998  98830017  stb     r4, 0x17(r3)
loc_FFDF099C:
FFDF099C  A87D0128  lha     r3, 0x128(r29)
FFDF09A0  2C030000  cmpwi   cr0, r3, 0x0
FFDF09A4  4182000C  beq     loc_FFDF09B0
FFDF09A8  48002AD9  bl      glue_BeginSystemMode
FFDF09AC  80410014  lwz     r2, 0x14(r1)
loc_FFDF09B0:
FFDF09B0  809E0000  lwz     r4, 0x0(r30)
FFDF09B4  387F0000  addi    r3, r31, 0x0
FFDF09B8  88A40017  lbz     r5, 0x17(r4)
FFDF09BC  54A50734  rlwinm  r5, r5, 0, 28, 26
FFDF09C0  98A40017  stb     r5, 0x17(r4)
FFDF09C4  48002619  bl      glue_CloseResFile
FFDF09C8  80410014  lwz     r2, 0x14(r1)
FFDF09CC  A87D0128  lha     r3, 0x128(r29)
FFDF09D0  2C030000  cmpwi   cr0, r3, 0x0
FFDF09D4  4182000C  beq     loc_FFDF09E0
FFDF09D8  48002ACD  bl      glue_EndSystemMode
FFDF09DC  80410014  lwz     r2, 0x14(r1)
loc_FFDF09E0:
FFDF09E0  81810058  lwz     r12, 0x58(r1)
FFDF09E4  30210050  addic   r1, r1, 0x50
FFDF09E8  7D8803A6  mtspr   LR, r12
FFDF09EC  BBA1FFF4  lmw     r29, -0xC(r1)
FFDF09F0  4E800020  blr
loc_FFDF09F4:
FFDF09F4  81810058  lwz     r12, 0x58(r1)
FFDF09F8  30210050  addic   r1, r1, 0x50
FFDF09FC  7D8803A6  mtspr   LR, r12
FFDF0A00  BBC1FFF8  lmw     r30, -0x8(r1)
FFDF0A04  4E800020  blr

__ResolveIDConflict:
FFDF0A08  7C0802A6  mfspr   r0, LR
FFDF0A0C  93E1FFFC  stw     r31, -0x4(r1)
FFDF0A10  7C7F0734  extsh   r31, r3
FFDF0A14  90010008  stw     r0, 0x8(r1)
FFDF0A18  9421FFA0  stwu    r1, -0x60(r1)
FFDF0A1C  38600001  li      r3, 0x1
FFDF0A20  48001E05  bl      glue_GetEmulatorRegister
FFDF0A24  80410014  lwz     r2, 0x14(r1)
FFDF0A28  90610038  stw     r3, 0x38(r1)
FFDF0A2C  38600002  li      r3, 0x2
FFDF0A30  48001DF5  bl      glue_GetEmulatorRegister
FFDF0A34  80410014  lwz     r2, 0x14(r1)
FFDF0A38  9061003C  stw     r3, 0x3C(r1)
FFDF0A3C  38600005  li      r3, 0x5
FFDF0A40  48001DE5  bl      glue_GetEmulatorRegister
FFDF0A44  80410014  lwz     r2, 0x14(r1)
FFDF0A48  90610044  stw     r3, 0x44(r1)
FFDF0A4C  387F0000  addi    r3, r31, 0x0
FFDF0A50  48000051  bl      sub_FFDF0AA0
FFDF0A54  547F063E  clrlwi  r31, r3, 24
FFDF0A58  80810038  lwz     r4, 0x38(r1)
FFDF0A5C  38600001  li      r3, 0x1
FFDF0A60  48001DE9  bl      glue_SetEmulatorRegister
FFDF0A64  80410014  lwz     r2, 0x14(r1)
FFDF0A68  8081003C  lwz     r4, 0x3C(r1)
FFDF0A6C  38600002  li      r3, 0x2
FFDF0A70  48001DD9  bl      glue_SetEmulatorRegister
FFDF0A74  80410014  lwz     r2, 0x14(r1)
FFDF0A78  80810044  lwz     r4, 0x44(r1)
FFDF0A7C  38600005  li      r3, 0x5
FFDF0A80  48001DC9  bl      glue_SetEmulatorRegister
FFDF0A84  80410014  lwz     r2, 0x14(r1)
FFDF0A88  387F0000  addi    r3, r31, 0x0
FFDF0A8C  81810068  lwz     r12, 0x68(r1)
FFDF0A90  83E1005C  lwz     r31, 0x5C(r1)
FFDF0A94  7D8803A6  mtspr   LR, r12
FFDF0A98  30210060  addic   r1, r1, 0x60
FFDF0A9C  4E800020  blr

sub_FFDF0AA0:
FFDF0AA0  BE01FFC0  stmw    r16, -0x40(r1)
FFDF0AA4  7C0802A6  mfspr   r0, LR
FFDF0AA8  7D800026  mfcr    r12
FFDF0AAC  91810004  stw     r12, 0x4(r1)
FFDF0AB0  90010008  stw     r0, 0x8(r1)
FFDF0AB4  9421FD60  stwu    r1, -0x2A0(r1)
FFDF0AB8  7C770734  extsh   r23, r3
FFDF0ABC  3B200000  li      r25, 0x0
FFDF0AC0  B3210042  sth     r25, 0x42(r1)
FFDF0AC4  9321004C  stw     r25, 0x4C(r1)
FFDF0AC8  9B210040  stb     r25, 0x40(r1)
FFDF0ACC  39400100  li      r10, 0x100
FFDF0AD0  B1410044  sth     r10, 0x44(r1)
FFDF0AD4  48001D99  bl      glue_LMGetTopMapHndl
FFDF0AD8  80410014  lwz     r2, 0x14(r1)
FFDF0ADC  3AA30000  addi    r21, r3, 0x0
FFDF0AE0  48001DD5  bl      glue_LMGetCurMap
FFDF0AE4  80410014  lwz     r2, 0x14(r1)
FFDF0AE8  7C780734  extsh   r24, r3
FFDF0AEC  48001E35  bl      glue_LMGetResLoad
FFDF0AF0  80410014  lwz     r2, 0x14(r1)
FFDF0AF4  5473063E  clrlwi  r19, r3, 24
FFDF0AF8  38600000  li      r3, 0x0
FFDF0AFC  48001E6D  bl      glue_LMSetResLoad
FFDF0B00  80410014  lwz     r2, 0x14(r1)
FFDF0B04  2C950000  cmpwi   cr1, r21, 0x0
FFDF0B08  3A550000  addi    r18, r21, 0x0
FFDF0B0C  2C120000  cmpwi   cr0, r18, 0x0
FFDF0B10  3A200000  li      r17, 0x0
FFDF0B14  41860034  beq     cr1, loc_FFDF0B48
FFDF0B18  81520000  lwz     r10, 0x0(r18)
FFDF0B1C  A16A0014  lhz     r11, 0x14(r10)
FFDF0B20  7C8BB800  cmpw    cr1, r11, r23
FFDF0B24  41860024  beq     cr1, loc_FFDF0B48
loc_FFDF0B28:
FFDF0B28  3A320000  addi    r17, r18, 0x0
FFDF0B2C  824A0010  lwz     r18, 0x10(r10)
FFDF0B30  2C120000  cmpwi   cr0, r18, 0x0
FFDF0B34  4182032C  beq     loc_FFDF0E60
FFDF0B38  81520000  lwz     r10, 0x0(r18)
FFDF0B3C  A16A0014  lhz     r11, 0x14(r10)
FFDF0B40  7C8BB800  cmpw    cr1, r11, r23
FFDF0B44  4086FFE4  bne     cr1, loc_FFDF0B28
loc_FFDF0B48:
FFDF0B48  2E110000  cmpwi   cr4, r17, 0x0
FFDF0B4C  41820314  beq     loc_FFDF0E60
FFDF0B50  81520000  lwz     r10, 0x0(r18)
FFDF0B54  82CA0010  lwz     r22, 0x10(r10)
FFDF0B58  40920018  bne     cr4, loc_FFDF0B70
FFDF0B5C  38760000  addi    r3, r22, 0x0
FFDF0B60  48001D9D  bl      glue_LMSetTopMapHndl
FFDF0B64  80410014  lwz     r2, 0x14(r1)
FFDF0B68  81520000  lwz     r10, 0x0(r18)
FFDF0B6C  48000010  b       loc_FFDF0B7C
loc_FFDF0B70:
FFDF0B70  81510000  lwz     r10, 0x0(r17)
FFDF0B74  92CA0010  stw     r22, 0x10(r10)
FFDF0B78  81520000  lwz     r10, 0x0(r18)
loc_FFDF0B7C:
FFDF0B7C  932A0010  stw     r25, 0x10(r10)
FFDF0B80  48001CED  bl      glue_LMGetTopMapHndl
FFDF0B84  80410014  lwz     r2, 0x14(r1)
FFDF0B88  3A030000  addi    r16, r3, 0x0
FFDF0B8C  81500000  lwz     r10, 0x0(r16)
FFDF0B90  38720000  addi    r3, r18, 0x0
FFDF0B94  A14A0014  lhz     r10, 0x14(r10)
FFDF0B98  7D540734  extsh   r20, r10
FFDF0B9C  48001D61  bl      glue_LMSetTopMapHndl
FFDF0BA0  80410014  lwz     r2, 0x14(r1)
FFDF0BA4  38770000  addi    r3, r23, 0x0
FFDF0BA8  48001D31  bl      glue_LMSetCurMap
FFDF0BAC  80410014  lwz     r2, 0x14(r1)
FFDF0BB0  3D40464F  lis     r10, 0x464F
FFDF0BB4  338A4E44  addic   r28, r10, 0x4E44
FFDF0BB8  3B600001  li      r27, 0x1
FFDF0BBC  387C0000  addi    r3, r28, 0x0
FFDF0BC0  38800001  li      r4, 0x1
FFDF0BC4  48002905  bl      glue_GetIndResource
FFDF0BC8  80410014  lwz     r2, 0x14(r1)
FFDF0BCC  3BC30000  addi    r30, r3, 0x0
FFDF0BD0  2C1E0000  cmpwi   cr0, r30, 0x0
FFDF0BD4  418201EC  beq     loc_FFDF0DC0
loc_FFDF0BD8:
FFDF0BD8  48002135  bl      glue_LMGetBrianBits
FFDF0BDC  80410014  lwz     r2, 0x14(r1)
FFDF0BE0  547FBFFE  extrwi  r31, r3, 1, 22
FFDF0BE4  387E0000  addi    r3, r30, 0x0
FFDF0BE8  48002905  bl      glue_LoadResource
FFDF0BEC  80410014  lwz     r2, 0x14(r1)
FFDF0BF0  387E0000  addi    r3, r30, 0x0
FFDF0BF4  30810046  addic   r4, r1, 0x46
FFDF0BF8  30A10050  addic   r5, r1, 0x50
FFDF0BFC  30C10058  addic   r6, r1, 0x58
FFDF0C00  48001BB9  bl      glue_GetResInfo
FFDF0C04  80410014  lwz     r2, 0x14(r1)
FFDF0C08  38700000  addi    r3, r16, 0x0
FFDF0C0C  48001CF1  bl      glue_LMSetTopMapHndl
FFDF0C10  80410014  lwz     r2, 0x14(r1)
FFDF0C14  38740000  addi    r3, r20, 0x0
FFDF0C18  48001CC1  bl      glue_LMSetCurMap
FFDF0C1C  80410014  lwz     r2, 0x14(r1)
FFDF0C20  387C0000  addi    r3, r28, 0x0
FFDF0C24  30810058  addic   r4, r1, 0x58
FFDF0C28  480028E9  bl      glue_GetNamedResource
FFDF0C2C  80410014  lwz     r2, 0x14(r1)
FFDF0C30  3B430000  addi    r26, r3, 0x0
FFDF0C34  2C1A0000  cmpwi   cr0, r26, 0x0
FFDF0C38  A8810046  lha     r4, 0x46(r1)
FFDF0C3C  387C0000  addi    r3, r28, 0x0
FFDF0C40  41820088  beq     loc_FFDF0CC8
FFDF0C44  480020C9  bl      glue_LMGetBrianBits
FFDF0C48  80410014  lwz     r2, 0x14(r1)
FFDF0C4C  547DBFFE  extrwi  r29, r3, 1, 22
FFDF0C50  30810048  addic   r4, r1, 0x48
FFDF0C54  30A10054  addic   r5, r1, 0x54
FFDF0C58  30C10158  addic   r6, r1, 0x158
FFDF0C5C  387A0000  addi    r3, r26, 0x0
FFDF0C60  48001B59  bl      glue_GetResInfo
FFDF0C64  80410014  lwz     r2, 0x14(r1)
FFDF0C68  A8A10048  lha     r5, 0x48(r1)
FFDF0C6C  A9410046  lha     r10, 0x46(r1)
FFDF0C70  30E10044  addic   r7, r1, 0x44
FFDF0C74  7C055000  cmpw    r5, r10
FFDF0C78  31010042  addic   r8, r1, 0x42
FFDF0C7C  387E0000  addi    r3, r30, 0x0
FFDF0C80  38800001  li      r4, 0x1
FFDF0C84  4182001C  beq     loc_FFDF0CA0
FFDF0C88  92010038  stw     r16, 0x38(r1)
FFDF0C8C  9281003C  stw     r20, 0x3C(r1)
FFDF0C90  30C10040  addic   r6, r1, 0x40
FFDF0C94  39320000  addi    r9, r18, 0x0
FFDF0C98  39570000  addi    r10, r23, 0x0
FFDF0C9C  48000209  bl      sub_FFDF0EA4
loc_FFDF0CA0:
FFDF0CA0  38700000  addi    r3, r16, 0x0
FFDF0CA4  48001C59  bl      glue_LMSetTopMapHndl
FFDF0CA8  80410014  lwz     r2, 0x14(r1)
FFDF0CAC  38740000  addi    r3, r20, 0x0
FFDF0CB0  48001C29  bl      glue_LMSetCurMap
FFDF0CB4  80410014  lwz     r2, 0x14(r1)
FFDF0CB8  387A0000  addi    r3, r26, 0x0
FFDF0CBC  389D0000  addi    r4, r29, 0x0
FFDF0CC0  480003B5  bl      sub_FFDF1074
FFDF0CC4  48000094  b       loc_FFDF0D58
loc_FFDF0CC8:
FFDF0CC8  480026BD  bl      glue_GetResource
FFDF0CCC  80410014  lwz     r2, 0x14(r1)
FFDF0CD0  3BA30000  addi    r29, r3, 0x0
FFDF0CD4  2C1D0000  cmpwi   cr0, r29, 0x0
FFDF0CD8  41820080  beq     loc_FFDF0D58
FFDF0CDC  48002031  bl      glue_LMGetBrianBits
FFDF0CE0  80410014  lwz     r2, 0x14(r1)
FFDF0CE4  547ABFFE  extrwi  r26, r3, 1, 22
FFDF0CE8  30810048  addic   r4, r1, 0x48
FFDF0CEC  30A10054  addic   r5, r1, 0x54
FFDF0CF0  30C10158  addic   r6, r1, 0x158
FFDF0CF4  387D0000  addi    r3, r29, 0x0
FFDF0CF8  48001AC1  bl      glue_GetResInfo
FFDF0CFC  80410014  lwz     r2, 0x14(r1)
FFDF0D00  387D0000  addi    r3, r29, 0x0
FFDF0D04  389A0000  addi    r4, r26, 0x0
FFDF0D08  4800036D  bl      sub_FFDF1074
FFDF0D0C  30810158  addic   r4, r1, 0x158
FFDF0D10  30610058  addic   r3, r1, 0x58
FFDF0D14  38A00000  li      r5, 0x0
FFDF0D18  38C00000  li      r6, 0x0
FFDF0D1C  48002081  bl      glue_EqualString
FFDF0D20  80410014  lwz     r2, 0x14(r1)
FFDF0D24  546A063F  clrlwi. r10, r3, 24
FFDF0D28  A8A10048  lha     r5, 0x48(r1)
FFDF0D2C  30E10044  addic   r7, r1, 0x44
FFDF0D30  31010042  addic   r8, r1, 0x42
FFDF0D34  40820024  bne     loc_FFDF0D58
FFDF0D38  92010038  stw     r16, 0x38(r1)
FFDF0D3C  9281003C  stw     r20, 0x3C(r1)
FFDF0D40  387E0000  addi    r3, r30, 0x0
FFDF0D44  38800000  li      r4, 0x0
FFDF0D48  30C10040  addic   r6, r1, 0x40
FFDF0D4C  39320000  addi    r9, r18, 0x0
FFDF0D50  39570000  addi    r10, r23, 0x0
FFDF0D54  48000151  bl      sub_FFDF0EA4
loc_FFDF0D58:
FFDF0D58  387E0000  addi    r3, r30, 0x0
FFDF0D5C  3081004C  addic   r4, r1, 0x4C
FFDF0D60  30A10040  addic   r5, r1, 0x40
FFDF0D64  38D20000  addi    r6, r18, 0x0
FFDF0D68  38F70000  addi    r7, r23, 0x0
FFDF0D6C  39100000  addi    r8, r16, 0x0
FFDF0D70  39340000  addi    r9, r20, 0x0
FFDF0D74  48000345  bl      sub_FFDF10B8
FFDF0D78  38720000  addi    r3, r18, 0x0
FFDF0D7C  48001B81  bl      glue_LMSetTopMapHndl
FFDF0D80  80410014  lwz     r2, 0x14(r1)
FFDF0D84  38770000  addi    r3, r23, 0x0
FFDF0D88  48001B51  bl      glue_LMSetCurMap
FFDF0D8C  80410014  lwz     r2, 0x14(r1)
FFDF0D90  387E0000  addi    r3, r30, 0x0
FFDF0D94  389F0000  addi    r4, r31, 0x0
FFDF0D98  480002DD  bl      sub_FFDF1074
FFDF0D9C  315B0001  addic   r10, r27, 0x1
FFDF0DA0  7D440734  extsh   r4, r10
FFDF0DA4  3B640000  addi    r27, r4, 0x0
FFDF0DA8  387C0000  addi    r3, r28, 0x0
FFDF0DAC  4800271D  bl      glue_GetIndResource
FFDF0DB0  80410014  lwz     r2, 0x14(r1)
FFDF0DB4  3BC30000  addi    r30, r3, 0x0
FFDF0DB8  2C1E0000  cmpwi   cr0, r30, 0x0
FFDF0DBC  4082FE1C  bne     loc_FFDF0BD8
loc_FFDF0DC0:
FFDF0DC0  38720000  addi    r3, r18, 0x0
FFDF0DC4  40920024  bne     cr4, loc_FFDF0DE8
FFDF0DC8  48001B35  bl      glue_LMSetTopMapHndl
FFDF0DCC  80410014  lwz     r2, 0x14(r1)
FFDF0DD0  81520000  lwz     r10, 0x0(r18)
FFDF0DD4  92CA0010  stw     r22, 0x10(r10)
FFDF0DD8  8061004C  lwz     r3, 0x4C(r1)
FFDF0DDC  2C030000  cmpwi   cr0, r3, 0x0
FFDF0DE0  4182002C  beq     loc_FFDF0E0C
FFDF0DE4  48000020  b       loc_FFDF0E04
loc_FFDF0DE8:
FFDF0DE8  81510000  lwz     r10, 0x0(r17)
FFDF0DEC  924A0010  stw     r18, 0x10(r10)
FFDF0DF0  81520000  lwz     r10, 0x0(r18)
FFDF0DF4  92CA0010  stw     r22, 0x10(r10)
FFDF0DF8  8061004C  lwz     r3, 0x4C(r1)
FFDF0DFC  2C030000  cmpwi   cr0, r3, 0x0
FFDF0E00  4182000C  beq     loc_FFDF0E0C
loc_FFDF0E04:
FFDF0E04  48002095  bl      glue_DisposeHandle
FFDF0E08  80410014  lwz     r2, 0x14(r1)
loc_FFDF0E0C:
FFDF0E0C  89410040  lbz     r10, 0x40(r1)
FFDF0E10  2C0A0000  cmpwi   cr0, r10, 0x0
FFDF0E14  4182004C  beq     loc_FFDF0E60
FFDF0E18  48001C05  bl      glue_LMGetExpandMem
FFDF0E1C  80410014  lwz     r2, 0x14(r1)
FFDF0E20  83E30068  lwz     r31, 0x68(r3)
FFDF0E24  815F0000  lwz     r10, 0x0(r31)
FFDF0E28  806A009A  lwz     r3, 0x9A(r10)
FFDF0E2C  4800206D  bl      glue_DisposeHandle
FFDF0E30  80410014  lwz     r2, 0x14(r1)
FFDF0E34  815F0000  lwz     r10, 0x0(r31)
FFDF0E38  932A009A  stw     r25, 0x9A(r10)
FFDF0E3C  815F0000  lwz     r10, 0x0(r31)
FFDF0E40  806A009E  lwz     r3, 0x9E(r10)
FFDF0E44  48002055  bl      glue_DisposeHandle
FFDF0E48  80410014  lwz     r2, 0x14(r1)
FFDF0E4C  815F0000  lwz     r10, 0x0(r31)
FFDF0E50  38770000  addi    r3, r23, 0x0
FFDF0E54  932A009E  stw     r25, 0x9E(r10)
FFDF0E58  48002455  bl      glue_UpdateResFile
FFDF0E5C  80410014  lwz     r2, 0x14(r1)
loc_FFDF0E60:
FFDF0E60  38750000  addi    r3, r21, 0x0
FFDF0E64  48001A99  bl      glue_LMSetTopMapHndl
FFDF0E68  80410014  lwz     r2, 0x14(r1)
FFDF0E6C  38780000  addi    r3, r24, 0x0
FFDF0E70  48001A69  bl      glue_LMSetCurMap
FFDF0E74  80410014  lwz     r2, 0x14(r1)
FFDF0E78  38730000  addi    r3, r19, 0x0
FFDF0E7C  48001AED  bl      glue_LMSetResLoad
FFDF0E80  80410014  lwz     r2, 0x14(r1)
FFDF0E84  88610040  lbz     r3, 0x40(r1)
FFDF0E88  818102A4  lwz     r12, 0x2A4(r1)
FFDF0E8C  800102A8  lwz     r0, 0x2A8(r1)
FFDF0E90  7D808120  mtcrf   0x08, r12
FFDF0E94  302102A0  addic   r1, r1, 0x2A0
FFDF0E98  7C0803A6  mtspr   LR, r0
FFDF0E9C  BA01FFC0  lmw     r16, -0x40(r1)
FFDF0EA0  4E800020  blr

sub_FFDF0EA4:
FFDF0EA4  BEC1FFD8  stmw    r22, -0x28(r1)
FFDF0EA8  7C0802A6  mfspr   r0, LR
FFDF0EAC  7D800026  mfcr    r12
FFDF0EB0  90010008  stw     r0, 0x8(r1)
FFDF0EB4  5480063E  clrlwi  r0, r4, 24
FFDF0EB8  91810004  stw     r12, 0x4(r1)
FFDF0EBC  9421FF90  stwu    r1, -0x70(r1)
FFDF0EC0  54A4042E  rlwinm  r4, r5, 0, 16, 23
FFDF0EC4  7C9A0735  extsh.  r26, r4
FFDF0EC8  7D590734  extsh   r25, r10
FFDF0ECC  2D800000  cmpwi   cr3, r0, 0x0
FFDF0ED0  800100AC  lwz     r0, 0xAC(r1)
FFDF0ED4  3BA30000  addi    r29, r3, 0x0
FFDF0ED8  3BC60000  addi    r30, r6, 0x0
FFDF0EDC  3B670000  addi    r27, r7, 0x0
FFDF0EE0  91210038  stw     r9, 0x38(r1)
FFDF0EE4  7C180734  extsh   r24, r0
FFDF0EE8  7CB70734  extsh   r23, r5
FFDF0EEC  408E0108  bne     cr3, loc_FFDF0FF4
FFDF0EF0  301A01FF  addic   r0, r26, 0x1FF
FFDF0EF4  7C1C0734  extsh   r28, r0
FFDF0EF8  A8080000  lha     r0, 0x0(r8)
FFDF0EFC  4082000C  bne     loc_FFDF0F08
FFDF0F00  3B400100  li      r26, 0x100
FFDF0F04  3B8003FF  li      r28, 0x3FF
loc_FFDF0F08:
FFDF0F08  7C80D000  cmpw    cr1, r0, r26
FFDF0F0C  3C00464F  lis     r0, 0x464F
FFDF0F10  32C04E44  addic   r22, r0, 0x4E44
FFDF0F14  41860014  beq     cr1, loc_FFDF0F28
FFDF0F18  B3480000  sth     r26, 0x0(r8)
FFDF0F1C  B35B0000  sth     r26, 0x0(r27)
FFDF0F20  7C9AE000  cmpw    cr1, r26, r28
FFDF0F24  4800000C  b       loc_FFDF0F30
loc_FFDF0F28:
FFDF0F28  AB5B0000  lha     r26, 0x0(r27)
FFDF0F2C  7C9AE000  cmpw    cr1, r26, r28
loc_FFDF0F30:
FFDF0F30  41850128  bgt     cr1, loc_FFDF1058
loc_FFDF0F34:
FFDF0F34  7F1AB800  cmpw    cr6, r26, r23
FFDF0F38  38760000  addi    r3, r22, 0x0
FFDF0F3C  389A0000  addi    r4, r26, 0x0
FFDF0F40  419A0088  beq     cr6, loc_FFDF0FC8
FFDF0F44  48002441  bl      glue_GetResource
FFDF0F48  80410014  lwz     r2, 0x14(r1)
FFDF0F4C  3BE30000  addi    r31, r3, 0x0
FFDF0F50  2C9F0000  cmpwi   cr1, r31, 0x0
FFDF0F54  80610038  lwz     r3, 0x38(r1)
FFDF0F58  4186001C  beq     cr1, loc_FFDF0F74
FFDF0F5C  48001DB1  bl      glue_LMGetBrianBits
FFDF0F60  80410014  lwz     r2, 0x14(r1)
FFDF0F64  5464BFFE  extrwi  r4, r3, 1, 22
FFDF0F68  387F0000  addi    r3, r31, 0x0
FFDF0F6C  48000109  bl      sub_FFDF1074
FFDF0F70  48000040  b       loc_FFDF0FB0
loc_FFDF0F74:
FFDF0F74  48001989  bl      glue_LMSetTopMapHndl
FFDF0F78  80410014  lwz     r2, 0x14(r1)
FFDF0F7C  38790000  addi    r3, r25, 0x0
FFDF0F80  48001959  bl      glue_LMSetCurMap
FFDF0F84  80410014  lwz     r2, 0x14(r1)
FFDF0F88  38760000  addi    r3, r22, 0x0
FFDF0F8C  389A0000  addi    r4, r26, 0x0
FFDF0F90  480023F5  bl      glue_GetResource
FFDF0F94  80410014  lwz     r2, 0x14(r1)
FFDF0F98  3BE30000  addi    r31, r3, 0x0
FFDF0F9C  2C9F0000  cmpwi   cr1, r31, 0x0
FFDF0FA0  38800000  li      r4, 0x0
FFDF0FA4  41860048  beq     cr1, loc_FFDF0FEC
FFDF0FA8  387F0000  addi    r3, r31, 0x0
FFDF0FAC  480000C9  bl      sub_FFDF1074
loc_FFDF0FB0:
FFDF0FB0  806100A8  lwz     r3, 0xA8(r1)
FFDF0FB4  48001949  bl      glue_LMSetTopMapHndl
FFDF0FB8  80410014  lwz     r2, 0x14(r1)
FFDF0FBC  38780000  addi    r3, r24, 0x0
FFDF0FC0  48001919  bl      glue_LMSetCurMap
FFDF0FC4  80410014  lwz     r2, 0x14(r1)
loc_FFDF0FC8:
FFDF0FC8  301A0001  addic   r0, r26, 0x1
FFDF0FCC  7C1A0734  extsh   r26, r0
FFDF0FD0  7C9AE000  cmpw    cr1, r26, r28
FFDF0FD4  4085FF60  ble     cr1, loc_FFDF0F34
FFDF0FD8  81810074  lwz     r12, 0x74(r1)
FFDF0FDC  80010078  lwz     r0, 0x78(r1)
FFDF0FE0  7D810120  mtcrf   0x10, r12
FFDF0FE4  30210070  addic   r1, r1, 0x70
FFDF0FE8  48000080  b       loc_FFDF1068
loc_FFDF0FEC:
FFDF0FEC  3BE00001  li      r31, 0x1
FFDF0FF0  48000024  b       loc_FFDF1014
loc_FFDF0FF4:
FFDF0FF4  38690000  addi    r3, r9, 0x0
FFDF0FF8  48001905  bl      glue_LMSetTopMapHndl
FFDF0FFC  80410014  lwz     r2, 0x14(r1)
FFDF1000  38790000  addi    r3, r25, 0x0
FFDF1004  480018D5  bl      glue_LMSetCurMap
FFDF1008  80410014  lwz     r2, 0x14(r1)
FFDF100C  3B570000  addi    r26, r23, 0x0
FFDF1010  3BE00001  li      r31, 0x1
loc_FFDF1014:
FFDF1014  809D0000  lwz     r4, 0x0(r29)
FFDF1018  387D0000  addi    r3, r29, 0x0
FFDF101C  B3440002  sth     r26, 0x2(r4)
FFDF1020  389A0000  addi    r4, r26, 0x0
FFDF1024  38A00000  li      r5, 0x0
FFDF1028  4800250D  bl      glue_SetResInfo
FFDF102C  80410014  lwz     r2, 0x14(r1)
FFDF1030  387D0000  addi    r3, r29, 0x0
FFDF1034  48002525  bl      glue_ChangedResource
FFDF1038  80410014  lwz     r2, 0x14(r1)
FFDF103C  387D0000  addi    r3, r29, 0x0
FFDF1040  4800253D  bl      glue_WriteResource
FFDF1044  80410014  lwz     r2, 0x14(r1)
FFDF1048  408E000C  bne     cr3, loc_FFDF1054
FFDF104C  301A0001  addic   r0, r26, 0x1
FFDF1050  B01B0000  sth     r0, 0x0(r27)
loc_FFDF1054:
FFDF1054  9BFE0000  stb     r31, 0x0(r30)
loc_FFDF1058:
FFDF1058  81810074  lwz     r12, 0x74(r1)
FFDF105C  80010078  lwz     r0, 0x78(r1)
FFDF1060  7D810120  mtcrf   0x10, r12
FFDF1064  30210070  addic   r1, r1, 0x70
loc_FFDF1068:
FFDF1068  7C0803A6  mtspr   LR, r0
FFDF106C  BAC1FFD8  lmw     r22, -0x28(r1)
FFDF1070  4E800020  blr

sub_FFDF1074:
FFDF1074  7C0802A6  mfspr   r0, LR
FFDF1078  9421FFC0  stwu    r1, -0x40(r1)
FFDF107C  90010048  stw     r0, 0x48(r1)
FFDF1080  5480063F  clrlwi. r0, r4, 24
FFDF1084  90610038  stw     r3, 0x38(r1)
FFDF1088  40820028  bne     loc_FFDF10B0
FFDF108C  48002515  bl      glue_DetachResource
FFDF1090  80410014  lwz     r2, 0x14(r1)
FFDF1094  80610038  lwz     r3, 0x38(r1)
FFDF1098  48001E01  bl      glue_DisposeHandle
FFDF109C  80410014  lwz     r2, 0x14(r1)
FFDF10A0  81810048  lwz     r12, 0x48(r1)
FFDF10A4  30210040  addic   r1, r1, 0x40
FFDF10A8  7D8803A6  mtspr   LR, r12
FFDF10AC  4E800020  blr
loc_FFDF10B0:
FFDF10B0  30210040  addic   r1, r1, 0x40
FFDF10B4  4E800020  blr

sub_FFDF10B8:
FFDF10B8  BEC1FFD8  stmw    r22, -0x28(r1)
FFDF10BC  3AE30000  addi    r23, r3, 0x0
FFDF10C0  7C0802A6  mfspr   r0, LR
FFDF10C4  7D3C0734  extsh   r28, r9
FFDF10C8  90010008  stw     r0, 0x8(r1)
FFDF10CC  9421FF80  stwu    r1, -0x80(r1)
FFDF10D0  90C1003C  stw     r6, 0x3C(r1)
FFDF10D4  3B040000  addi    r24, r4, 0x0
FFDF10D8  3B650000  addi    r27, r5, 0x0
FFDF10DC  91010040  stw     r8, 0x40(r1)
FFDF10E0  7CF90734  extsh   r25, r7
FFDF10E4  38660000  addi    r3, r6, 0x0
FFDF10E8  48001815  bl      glue_LMSetTopMapHndl
FFDF10EC  80410014  lwz     r2, 0x14(r1)
FFDF10F0  38790000  addi    r3, r25, 0x0
FFDF10F4  480017E5  bl      glue_LMSetCurMap
FFDF10F8  80410014  lwz     r2, 0x14(r1)
FFDF10FC  80170000  lwz     r0, 0x0(r23)
FFDF1100  2C800000  cmpwi   cr1, r0, 0x0
FFDF1104  40860010  bne     cr1, loc_FFDF1114
FFDF1108  38770000  addi    r3, r23, 0x0
FFDF110C  480023E1  bl      glue_LoadResource
FFDF1110  80410014  lwz     r2, 0x14(r1)
loc_FFDF1114:
FFDF1114  38770000  addi    r3, r23, 0x0
FFDF1118  4800167D  bl      glue_HLock
FFDF111C  80410014  lwz     r2, 0x14(r1)
FFDF1120  83D70000  lwz     r30, 0x0(r23)
FFDF1124  AADE0034  lha     r22, 0x34(r30)
FFDF1128  2C960000  cmpwi   cr1, r22, 0x0
FFDF112C  41840234  blt     cr1, loc_FFDF1360
FFDF1130  80780000  lwz     r3, 0x0(r24)
FFDF1134  30160001  addic   r0, r22, 0x1
FFDF1138  2C030000  cmpwi   cr0, r3, 0x0
FFDF113C  541F103A  slwi    r31, r0, 2
FFDF1140  4082003C  bne     loc_FFDF117C
FFDF1144  307F0002  addic   r3, r31, 0x2
FFDF1148  48001D99  bl      glue_NewHandleSysClear
FFDF114C  80410014  lwz     r2, 0x14(r1)
FFDF1150  3BE30000  addi    r31, r3, 0x0
FFDF1154  48001AE1  bl      glue_MemError
FFDF1158  80410014  lwz     r2, 0x14(r1)
FFDF115C  2C9F0000  cmpwi   cr1, r31, 0x0
FFDF1160  7C600734  extsh   r0, r3
FFDF1164  4186003C  beq     cr1, loc_FFDF11A0
FFDF1168  80FF0000  lwz     r7, 0x0(r31)
FFDF116C  3900FFFF  li      r8, -0x1
FFDF1170  B1070000  sth     r8, 0x0(r7)
FFDF1174  93F80000  stw     r31, 0x0(r24)
FFDF1178  48000028  b       loc_FFDF11A0
loc_FFDF117C:
FFDF117C  48001661  bl      glue_GetHandleSize
FFDF1180  80410014  lwz     r2, 0x14(r1)
FFDF1184  7C9F1814  addc    r4, r31, r3
FFDF1188  80780000  lwz     r3, 0x0(r24)
FFDF118C  48001AF1  bl      glue_SetHandleSize
FFDF1190  80410014  lwz     r2, 0x14(r1)
FFDF1194  48001AA1  bl      glue_MemError
FFDF1198  80410014  lwz     r2, 0x14(r1)
FFDF119C  7C600734  extsh   r0, r3
loc_FFDF11A0:
FFDF11A0  2C800000  cmpwi   cr1, r0, 0x0
FFDF11A4  408601BC  bne     cr1, loc_FFDF1360
FFDF11A8  33FE0034  addic   r31, r30, 0x34
FFDF11AC  3BC00001  li      r30, 0x1
loc_FFDF11B0:
FFDF11B0  3B40FFFF  li      r26, -0x1
FFDF11B4  8061003C  lwz     r3, 0x3C(r1)
FFDF11B8  48001745  bl      glue_LMSetTopMapHndl
FFDF11BC  80410014  lwz     r2, 0x14(r1)
FFDF11C0  38790000  addi    r3, r25, 0x0
FFDF11C4  48001715  bl      glue_LMSetCurMap
FFDF11C8  80410014  lwz     r2, 0x14(r1)
FFDF11CC  AC7F0006  lhau    r3, 0x6(r31)
FFDF11D0  30810038  addic   r4, r1, 0x38
FFDF11D4  4800021D  bl      sub_FFDF13F0
FFDF11D8  2C830000  cmpwi   cr1, r3, 0x0
FFDF11DC  90610044  stw     r3, 0x44(r1)
FFDF11E0  4086001C  bne     cr1, loc_FFDF11FC
FFDF11E4  A87F0000  lha     r3, 0x0(r31)
FFDF11E8  80980000  lwz     r4, 0x0(r24)
FFDF11EC  4800029D  bl      sub_FFDF1488
FFDF11F0  7C7A0734  extsh   r26, r3
FFDF11F4  2C9AFFFF  cmpwi   cr1, r26, 0xFFFF
FFDF11F8  48000114  b       loc_FFDF130C
loc_FFDF11FC:
FFDF11FC  80610040  lwz     r3, 0x40(r1)
FFDF1200  480016FD  bl      glue_LMSetTopMapHndl
FFDF1204  80410014  lwz     r2, 0x14(r1)
FFDF1208  387C0000  addi    r3, r28, 0x0
FFDF120C  480016CD  bl      glue_LMSetCurMap
FFDF1210  80410014  lwz     r2, 0x14(r1)
FFDF1214  A89F0000  lha     r4, 0x0(r31)
FFDF1218  80610044  lwz     r3, 0x44(r1)
FFDF121C  48002169  bl      glue_GetResource
FFDF1220  80410014  lwz     r2, 0x14(r1)
FFDF1224  3BA30000  addi    r29, r3, 0x0
FFDF1228  2C9D0000  cmpwi   cr1, r29, 0x0
FFDF122C  4086001C  bne     cr1, loc_FFDF1248
FFDF1230  A89F0000  lha     r4, 0x0(r31)
FFDF1234  80610044  lwz     r3, 0x44(r1)
FFDF1238  48000149  bl      sub_FFDF1380
FFDF123C  3BA30000  addi    r29, r3, 0x0
FFDF1240  2C9D0000  cmpwi   cr1, r29, 0x0
FFDF1244  418600C4  beq     cr1, loc_FFDF1308
loc_FFDF1248:
FFDF1248  48001AC5  bl      glue_LMGetBrianBits
FFDF124C  80410014  lwz     r2, 0x14(r1)
FFDF1250  5464BFFE  extrwi  r4, r3, 1, 22
FFDF1254  387D0000  addi    r3, r29, 0x0
FFDF1258  4BFFFE1D  bl      sub_FFDF1074
FFDF125C  80610040  lwz     r3, 0x40(r1)
FFDF1260  4800169D  bl      glue_LMSetTopMapHndl
FFDF1264  80410014  lwz     r2, 0x14(r1)
FFDF1268  387C0000  addi    r3, r28, 0x0
FFDF126C  4800166D  bl      glue_LMSetCurMap
FFDF1270  80410014  lwz     r2, 0x14(r1)
FFDF1274  80610044  lwz     r3, 0x44(r1)
FFDF1278  4800234D  bl      glue_UniqueID
FFDF127C  80410014  lwz     r2, 0x14(r1)
FFDF1280  7C7A0734  extsh   r26, r3
FFDF1284  80610044  lwz     r3, 0x44(r1)
FFDF1288  389A0000  addi    r4, r26, 0x0
FFDF128C  480000F5  bl      sub_FFDF1380
FFDF1290  3BA30000  addi    r29, r3, 0x0
FFDF1294  2C9D0000  cmpwi   cr1, r29, 0x0
FFDF1298  4086FFB0  bne     cr1, loc_FFDF1248
FFDF129C  8061003C  lwz     r3, 0x3C(r1)
FFDF12A0  4800165D  bl      glue_LMSetTopMapHndl
FFDF12A4  80410014  lwz     r2, 0x14(r1)
FFDF12A8  38790000  addi    r3, r25, 0x0
FFDF12AC  4800162D  bl      glue_LMSetCurMap
FFDF12B0  80410014  lwz     r2, 0x14(r1)
FFDF12B4  80610044  lwz     r3, 0x44(r1)
FFDF12B8  389A0000  addi    r4, r26, 0x0
FFDF12BC  480020C9  bl      glue_GetResource
FFDF12C0  80410014  lwz     r2, 0x14(r1)
FFDF12C4  3BA30000  addi    r29, r3, 0x0
FFDF12C8  2C9D0000  cmpwi   cr1, r29, 0x0
FFDF12CC  4086FF7C  bne     cr1, loc_FFDF1248
FFDF12D0  80610044  lwz     r3, 0x44(r1)
FFDF12D4  389A0000  addi    r4, r26, 0x0
FFDF12D8  480000A9  bl      sub_FFDF1380
FFDF12DC  3BA30000  addi    r29, r3, 0x0
FFDF12E0  2C9D0000  cmpwi   cr1, r29, 0x0
FFDF12E4  4086FF64  bne     cr1, loc_FFDF1248
FFDF12E8  A87F0000  lha     r3, 0x0(r31)
FFDF12EC  80B80000  lwz     r5, 0x0(r24)
FFDF12F0  389A0000  addi    r4, r26, 0x0
FFDF12F4  480001F9  bl      sub_FFDF14EC
FFDF12F8  80610038  lwz     r3, 0x38(r1)
FFDF12FC  38A00000  li      r5, 0x0
FFDF1300  48002235  bl      glue_SetResInfo
FFDF1304  80410014  lwz     r2, 0x14(r1)
loc_FFDF1308:
FFDF1308  2C9AFFFF  cmpwi   cr1, r26, 0xFFFF
loc_FFDF130C:
FFDF130C  4186000C  beq     cr1, loc_FFDF1318
FFDF1310  B35F0000  sth     r26, 0x0(r31)
FFDF1314  9BDB0000  stb     r30, 0x0(r27)
loc_FFDF1318:
FFDF1318  3016FFFF  addic   r0, r22, -0x1
FFDF131C  7C160735  extsh.  r22, r0
FFDF1320  4080FE90  bge     loc_FFDF11B0
FFDF1324  881B0000  lbz     r0, 0x0(r27)
FFDF1328  2C800000  cmpwi   cr1, r0, 0x0
FFDF132C  41860034  beq     cr1, loc_FFDF1360
FFDF1330  8061003C  lwz     r3, 0x3C(r1)
FFDF1334  480015C9  bl      glue_LMSetTopMapHndl
FFDF1338  80410014  lwz     r2, 0x14(r1)
FFDF133C  38790000  addi    r3, r25, 0x0
FFDF1340  48001599  bl      glue_LMSetCurMap
FFDF1344  80410014  lwz     r2, 0x14(r1)
FFDF1348  38770000  addi    r3, r23, 0x0
FFDF134C  4800220D  bl      glue_ChangedResource
FFDF1350  80410014  lwz     r2, 0x14(r1)
FFDF1354  38770000  addi    r3, r23, 0x0
FFDF1358  48002225  bl      glue_WriteResource
FFDF135C  80410014  lwz     r2, 0x14(r1)
loc_FFDF1360:
FFDF1360  38770000  addi    r3, r23, 0x0
FFDF1364  48002285  bl      glue_HUnlock
FFDF1368  80410014  lwz     r2, 0x14(r1)
FFDF136C  81810088  lwz     r12, 0x88(r1)
FFDF1370  30210080  addic   r1, r1, 0x80
FFDF1374  7D8803A6  mtspr   LR, r12
FFDF1378  BAC1FFD8  lmw     r22, -0x28(r1)
FFDF137C  4E800020  blr

sub_FFDF1380:
FFDF1380  3CA04E46  lis     r5, 0x4E46
FFDF1384  7C0802A6  mfspr   r0, LR
FFDF1388  9421FFC0  stwu    r1, -0x40(r1)
FFDF138C  90010048  stw     r0, 0x48(r1)
FFDF1390  3C00464F  lis     r0, 0x464F
FFDF1394  30004E54  addic   r0, r0, 0x4E54
FFDF1398  7C030040  cmplw   r3, r0
FFDF139C  30A54E54  addic   r5, r5, 0x4E54
FFDF13A0  7C832840  cmplw   cr1, r3, r5
FFDF13A4  7C840734  extsh   r4, r4
FFDF13A8  38A00000  li      r5, 0x0
FFDF13AC  4082001C  bne     loc_FFDF13C8
FFDF13B0  3C004E46  lis     r0, 0x4E46
FFDF13B4  30604E54  addic   r3, r0, 0x4E54
FFDF13B8  48001FCD  bl      glue_GetResource
FFDF13BC  80410014  lwz     r2, 0x14(r1)
FFDF13C0  38A30000  addi    r5, r3, 0x0
FFDF13C4  48000018  b       loc_FFDF13DC
loc_FFDF13C8:
FFDF13C8  30600000  addic   r3, r0, 0x0
FFDF13CC  40860010  bne     cr1, loc_FFDF13DC
FFDF13D0  48001FB5  bl      glue_GetResource
FFDF13D4  80410014  lwz     r2, 0x14(r1)
FFDF13D8  38A30000  addi    r5, r3, 0x0
loc_FFDF13DC:
FFDF13DC  38650000  addi    r3, r5, 0x0
FFDF13E0  81810048  lwz     r12, 0x48(r1)
FFDF13E4  30210040  addic   r1, r1, 0x40
FFDF13E8  7D8803A6  mtspr   LR, r12
FFDF13EC  4E800020  blr

sub_FFDF13F0:
FFDF13F0  BF21FFE4  stmw    r25, -0x1C(r1)
FFDF13F4  83620000  lwz     r27, 0x0(r2)                       ; TOC[+0] &data+0
FFDF13F8  7C0802A6  mfspr   r0, LR
FFDF13FC  3B840000  addi    r28, r4, 0x0
FFDF1400  90010008  stw     r0, 0x8(r1)
FFDF1404  333B004C  addic   r25, r27, 0x4C
FFDF1408  7C7A0734  extsh   r26, r3
FFDF140C  389A0000  addi    r4, r26, 0x0
FFDF1410  3BC00000  li      r30, 0x0
FFDF1414  9421FFA0  stwu    r1, -0x60(r1)
FFDF1418  3BE00000  li      r31, 0x0
FFDF141C  3BA00000  li      r29, 0x0
FFDF1420  7C79F02E  lwzx    r3, r25, r30
FFDF1424  48001F61  bl      glue_GetResource
FFDF1428  80410014  lwz     r2, 0x14(r1)
loc_FFDF142C:
FFDF142C  2C830000  cmpwi   cr1, r3, 0x0
FFDF1430  30BF0001  addic   r5, r31, 0x1
FFDF1434  7CBF0734  extsh   r31, r5
FFDF1438  2C1F0003  cmpwi   cr0, r31, 0x3
FFDF143C  4086003C  bne     cr1, loc_FFDF1478
FFDF1440  57FE103A  slwi    r30, r31, 2
FFDF1444  389A0000  addi    r4, r26, 0x0
FFDF1448  40800014  bge     loc_FFDF145C
FFDF144C  7C79F02E  lwzx    r3, r25, r30
FFDF1450  48001F35  bl      glue_GetResource
FFDF1454  80410014  lwz     r2, 0x14(r1)
FFDF1458  4BFFFFD4  b       loc_FFDF142C
loc_FFDF145C:
FFDF145C  93BC0000  stw     r29, 0x0(r28)
FFDF1460  38600000  li      r3, 0x0
loc_FFDF1464:
FFDF1464  81810068  lwz     r12, 0x68(r1)
FFDF1468  30210060  addic   r1, r1, 0x60
FFDF146C  7D8803A6  mtspr   LR, r12
FFDF1470  BB21FFE4  lmw     r25, -0x1C(r1)
FFDF1474  4E800020  blr
loc_FFDF1478:
FFDF1478  907C0000  stw     r3, 0x0(r28)
FFDF147C  7CBBF014  addc    r5, r27, r30
FFDF1480  8065004C  lwz     r3, 0x4C(r5)
FFDF1484  4BFFFFE0  b       loc_FFDF1464

sub_FFDF1488:
FFDF1488  80A40000  lwz     r5, 0x0(r4)
FFDF148C  7C600734  extsh   r0, r3
FFDF1490  A8E50000  lha     r7, 0x0(r5)
FFDF1494  30850002  addic   r4, r5, 0x2
FFDF1498  2C870000  cmpwi   cr1, r7, 0x0
FFDF149C  3067FFFF  addic   r3, r7, -0x1
FFDF14A0  7C670735  extsh.  r7, r3
FFDF14A4  3860FFFF  li      r3, -0x1
FFDF14A8  41840038  blt     cr1, loc_FFDF14E0
FFDF14AC  30C5FFFE  addic   r6, r5, -0x2
FFDF14B0  ACA60004  lhau    r5, 0x4(r6)
FFDF14B4  3107FFFF  addic   r8, r7, -0x1
FFDF14B8  7C850000  cmpw    cr1, r5, r0
loc_FFDF14BC:
FFDF14BC  41860028  beq     cr1, loc_FFDF14E4
FFDF14C0  7D050734  extsh   r5, r8
FFDF14C4  30840004  addic   r4, r4, 0x4
FFDF14C8  3105FFFF  addic   r8, r5, -0x1
FFDF14CC  41800014  blt     loc_FFDF14E0
FFDF14D0  ACE60004  lhau    r7, 0x4(r6)
FFDF14D4  2C050000  cmpwi   cr0, r5, 0x0
FFDF14D8  7C870000  cmpw    cr1, r7, r0
FFDF14DC  4BFFFFE0  b       loc_FFDF14BC
loc_FFDF14E0:
FFDF14E0  4E800020  blr
loc_FFDF14E4:
FFDF14E4  A8640002  lha     r3, 0x2(r4)
FFDF14E8  4BFFFFF8  b       loc_FFDF14E0

sub_FFDF14EC:
FFDF14EC  80C50000  lwz     r6, 0x0(r5)
FFDF14F0  A8060000  lha     r0, 0x0(r6)
FFDF14F4  30000001  addic   r0, r0, 0x1
FFDF14F8  B0060000  sth     r0, 0x0(r6)
FFDF14FC  7C000734  extsh   r0, r0
FFDF1500  80C50000  lwz     r6, 0x0(r5)
FFDF1504  5400103A  slwi    r0, r0, 2
FFDF1508  7CC03014  addc    r6, r0, r6
FFDF150C  B0660002  sth     r3, 0x2(r6)
FFDF1510  80A50000  lwz     r5, 0x0(r5)
FFDF1514  7CA02814  addc    r5, r0, r5
FFDF1518  B0850004  sth     r4, 0x4(r5)
FFDF151C  4E800020  blr

__UpdateResFile:
FFDF1520  7C0802A6  mfspr   r0, LR
FFDF1524  93E1FFFC  stw     r31, -0x4(r1)
FFDF1528  7C7F0734  extsh   r31, r3
FFDF152C  90010008  stw     r0, 0x8(r1)
FFDF1530  9421FFA0  stwu    r1, -0x60(r1)
FFDF1534  38600001  li      r3, 0x1
FFDF1538  480012ED  bl      glue_GetEmulatorRegister
FFDF153C  80410014  lwz     r2, 0x14(r1)
FFDF1540  90610038  stw     r3, 0x38(r1)
FFDF1544  38600002  li      r3, 0x2
FFDF1548  480012DD  bl      glue_GetEmulatorRegister
FFDF154C  80410014  lwz     r2, 0x14(r1)
FFDF1550  9061003C  stw     r3, 0x3C(r1)
FFDF1554  38600005  li      r3, 0x5
FFDF1558  480012CD  bl      glue_GetEmulatorRegister
FFDF155C  80410014  lwz     r2, 0x14(r1)
FFDF1560  90610044  stw     r3, 0x44(r1)
FFDF1564  387F0000  addi    r3, r31, 0x0
FFDF1568  48000049  bl      sub_FFDF15B0
FFDF156C  80810038  lwz     r4, 0x38(r1)
FFDF1570  38600001  li      r3, 0x1
FFDF1574  480012D5  bl      glue_SetEmulatorRegister
FFDF1578  80410014  lwz     r2, 0x14(r1)
FFDF157C  8081003C  lwz     r4, 0x3C(r1)
FFDF1580  38600002  li      r3, 0x2
FFDF1584  480012C5  bl      glue_SetEmulatorRegister
FFDF1588  80410014  lwz     r2, 0x14(r1)
FFDF158C  80810044  lwz     r4, 0x44(r1)
FFDF1590  38600005  li      r3, 0x5
FFDF1594  480012B5  bl      glue_SetEmulatorRegister
FFDF1598  80410014  lwz     r2, 0x14(r1)
FFDF159C  81810068  lwz     r12, 0x68(r1)
FFDF15A0  83E1005C  lwz     r31, 0x5C(r1)
FFDF15A4  7D8803A6  mtspr   LR, r12
FFDF15A8  30210060  addic   r1, r1, 0x60
FFDF15AC  4E800020  blr

sub_FFDF15B0:
FFDF15B0  BFA1FFF4  stmw    r29, -0xC(r1)
FFDF15B4  7C0802A6  mfspr   r0, LR
FFDF15B8  7C7F0734  extsh   r31, r3
FFDF15BC  90010008  stw     r0, 0x8(r1)
FFDF15C0  9421FF70  stwu    r1, -0x90(r1)
FFDF15C4  3061003C  addic   r3, r1, 0x3C
FFDF15C8  38800000  li      r4, 0x0
FFDF15CC  38A00000  li      r5, 0x0
FFDF15D0  38C00000  li      r6, 0x0
FFDF15D4  38E00000  li      r7, 0x0
FFDF15D8  4BFF76E9  bl      sub_FFDE8CC0
FFDF15DC  389F0000  addi    r4, r31, 0x0
FFDF15E0  30610038  addic   r3, r1, 0x38
FFDF15E4  30A1003C  addic   r5, r1, 0x3C
FFDF15E8  4BFF7B8D  bl      sub_FFDE9174
FFDF15EC  7C7F0735  extsh.  r31, r3
FFDF15F0  80810038  lwz     r4, 0x38(r1)
FFDF15F4  2C840000  cmpwi   cr1, r4, 0x0
FFDF15F8  40820098  bne     loc_FFDF1690
FFDF15FC  3061003C  addic   r3, r1, 0x3C
FFDF1600  41860090  beq     cr1, loc_FFDF1690
FFDF1604  480000B9  bl      sub_FFDF16BC
FFDF1608  7C7F0735  extsh.  r31, r3
FFDF160C  80610038  lwz     r3, 0x38(r1)
FFDF1610  40820080  bne     loc_FFDF1690
FFDF1614  4800142D  bl      glue_GetOverrideMap
FFDF1618  80410014  lwz     r2, 0x14(r1)
FFDF161C  3BC30000  addi    r30, r3, 0x0
FFDF1620  480013B5  bl      glue_LMGetSysMapHndl
FFDF1624  80410014  lwz     r2, 0x14(r1)
FFDF1628  7C9E1840  cmplw   cr1, r30, r3
FFDF162C  83A10038  lwz     r29, 0x38(r1)
FFDF1630  7C1EE840  cmplw   r30, r29
FFDF1634  41860008  beq     cr1, loc_FFDF163C
FFDF1638  41820058  beq     loc_FFDF1690
loc_FFDF163C:
FFDF163C  48001399  bl      glue_LMGetSysMapHndl
FFDF1640  80410014  lwz     r2, 0x14(r1)
FFDF1644  7C9D1840  cmplw   cr1, r29, r3
FFDF1648  38000000  li      r0, 0x0
FFDF164C  3061003C  addic   r3, r1, 0x3C
FFDF1650  389E0000  addi    r4, r30, 0x0
FFDF1654  40860010  bne     cr1, loc_FFDF1664
FFDF1658  90010038  stw     r0, 0x38(r1)
FFDF165C  7C9E0040  cmplw   cr1, r30, r0
FFDF1660  4800000C  b       loc_FFDF166C
loc_FFDF1664:
FFDF1664  80010038  lwz     r0, 0x38(r1)
FFDF1668  7C9E0040  cmplw   cr1, r30, r0
loc_FFDF166C:
FFDF166C  41860024  beq     cr1, loc_FFDF1690
loc_FFDF1670:
FFDF1670  4800004D  bl      sub_FFDF16BC
FFDF1674  807E0000  lwz     r3, 0x0(r30)
FFDF1678  80010038  lwz     r0, 0x38(r1)
FFDF167C  83C30010  lwz     r30, 0x10(r3)
FFDF1680  3061003C  addic   r3, r1, 0x3C
FFDF1684  7C9E0040  cmplw   cr1, r30, r0
FFDF1688  389E0000  addi    r4, r30, 0x0
FFDF168C  4086FFE4  bne     cr1, loc_FFDF1670
loc_FFDF1690:
FFDF1690  4BFFC3A1  bl      sub_FFDEDA30
FFDF1694  38DF0000  addi    r6, r31, 0x0
FFDF1698  3061003C  addic   r3, r1, 0x3C
FFDF169C  38800000  li      r4, 0x0
FFDF16A0  38A00000  li      r5, 0x0
FFDF16A4  4BFF7825  bl      sub_FFDE8EC8
FFDF16A8  81810098  lwz     r12, 0x98(r1)
FFDF16AC  30210090  addic   r1, r1, 0x90
FFDF16B0  7D8803A6  mtspr   LR, r12
FFDF16B4  BBA1FFF4  lmw     r29, -0xC(r1)
FFDF16B8  4E800020  blr

sub_FFDF16BC:
FFDF16BC  BFA1FFF4  stmw    r29, -0xC(r1)
FFDF16C0  7C0802A6  mfspr   r0, LR
FFDF16C4  3BC40000  addi    r30, r4, 0x0
FFDF16C8  90010008  stw     r0, 0x8(r1)
FFDF16CC  9421FFA0  stwu    r1, -0x60(r1)
FFDF16D0  3BE00000  li      r31, 0x0
FFDF16D4  90610044  stw     r3, 0x44(r1)
FFDF16D8  39200000  li      r9, 0x0
FFDF16DC  387E0000  addi    r3, r30, 0x0
FFDF16E0  4BFFC905  bl      sub_FFDEDFE4
FFDF16E4  5460063F  clrlwi. r0, r3, 24
FFDF16E8  408202BC  bne     loc_FFDF19A4
FFDF16EC  80DE0000  lwz     r6, 0x0(r30)
FFDF16F0  387E0000  addi    r3, r30, 0x0
FFDF16F4  88060016  lbz     r0, 0x16(r6)
FFDF16F8  7C002120  mtcrf   0x02, r0
FFDF16FC  4C180000  mcrf    cr0, cr6
FFDF1700  408202A8  bne     loc_FFDF19A8
FFDF1704  4BFFD401  bl      sub_FFDEEB04
FFDF1708  38830000  addi    r4, r3, 0x0
FFDF170C  387E0000  addi    r3, r30, 0x0
FFDF1710  4BFFC109  bl      sub_FFDED818
FFDF1714  7C690735  extsh.  r9, r3
FFDF1718  80DE0000  lwz     r6, 0x0(r30)
FFDF171C  4082028C  bne     loc_FFDF19A8
FFDF1720  88060016  lbz     r0, 0x16(r6)
FFDF1724  38600002  li      r3, 0x2
FFDF1728  7C002120  mtcrf   0x02, r0
FFDF172C  540006B0  rlwinm  r0, r0, 0, 26, 24
FFDF1730  389E0000  addi    r4, r30, 0x0
FFDF1734  30A1003C  addic   r5, r1, 0x3C
FFDF1738  4F980000  mcrf    cr7, cr6
FFDF173C  409D01C4  ble     cr7, loc_FFDF1900
FFDF1740  98060016  stb     r0, 0x16(r6)
FFDF1744  815E0000  lwz     r10, 0x0(r30)
FFDF1748  80610044  lwz     r3, 0x44(r1)
FFDF174C  800A0000  lwz     r0, 0x0(r10)
FFDF1750  812A0004  lwz     r9, 0x4(r10)
FFDF1754  80C201E0  lwz     r6, 0x1E0(r2)                      ; TOC[+480] &data+12C
FFDF1758  7CE90010  subfc   r7, r9, r0
FFDF175C  90E10038  stw     r7, 0x38(r1)
FFDF1760  812A0004  lwz     r9, 0x4(r10)
FFDF1764  800A0000  lwz     r0, 0x0(r10)
FFDF1768  80A201E4  lwz     r5, 0x1E4(r2)                      ; TOC[+484] &data+138
FFDF176C  7C004840  cmplw   r0, r9
FFDF1770  40810008  ble     loc_FFDF1778
FFDF1774  4BFF7BE1  bl      sub_FFDE9354
loc_FFDF1778:
FFDF1778  93E10038  stw     r31, 0x38(r1)
FFDF177C  386000FF  li      r3, 0xFF
FFDF1780  389E0000  addi    r4, r30, 0x0
FFDF1784  30A1003C  addic   r5, r1, 0x3C
FFDF1788  4BFFD189  bl      sub_FFDEE910
FFDF178C  8061003C  lwz     r3, 0x3C(r1)
FFDF1790  80010038  lwz     r0, 0x38(r1)
FFDF1794  2F830000  cmpwi   cr7, r3, 0x0
FFDF1798  419E0158  beq     cr7, loc_FFDF18F0
FFDF179C  81230004  lwz     r9, 0x4(r3)
FFDF17A0  5526023E  clrlwi  r6, r9, 8
FFDF17A4  7C060040  cmplw   r6, r0
FFDF17A8  4082009C  bne     loc_FFDF1844
loc_FFDF17AC:
FFDF17AC  5520463E  srwi    r0, r9, 24
FFDF17B0  7C001120  mtcrf   0x01, r0
FFDF17B4  389E0000  addi    r4, r30, 0x0
FFDF17B8  30A10040  addic   r5, r1, 0x40
FFDF17BC  409E0024  bne     cr7, loc_FFDF17E0
FFDF17C0  80A30008  lwz     r5, 0x8(r3)
FFDF17C4  4BFFC831  bl      sub_FFDEDFF4
FFDF17C8  8061003C  lwz     r3, 0x3C(r1)
FFDF17CC  80630008  lwz     r3, 0x8(r3)
FFDF17D0  4800100D  bl      glue_GetHandleSize
FFDF17D4  80410014  lwz     r2, 0x14(r1)
FFDF17D8  31230004  addic   r9, r3, 0x4
FFDF17DC  48000018  b       loc_FFDF17F4
loc_FFDF17E0:
FFDF17E0  38830000  addi    r4, r3, 0x0
FFDF17E4  387E0000  addi    r3, r30, 0x0
FFDF17E8  4BFF7F39  bl      sub_FFDE9720
FFDF17EC  80610040  lwz     r3, 0x40(r1)
FFDF17F0  31230004  addic   r9, r3, 0x4
loc_FFDF17F4:
FFDF17F4  80C1003C  lwz     r6, 0x3C(r1)
FFDF17F8  386000FF  li      r3, 0xFF
FFDF17FC  91210040  stw     r9, 0x40(r1)
FFDF1800  80060004  lwz     r0, 0x4(r6)
FFDF1804  38BE0000  addi    r5, r30, 0x0
FFDF1808  5400023E  clrlwi  r0, r0, 8
FFDF180C  7C004814  addc    r0, r0, r9
FFDF1810  90010038  stw     r0, 0x38(r1)
FFDF1814  80060004  lwz     r0, 0x4(r6)
FFDF1818  30C1003C  addic   r6, r1, 0x3C
FFDF181C  5404023E  clrlwi  r4, r0, 8
FFDF1820  4BFFD1E5  bl      sub_FFDEEA04
FFDF1824  8061003C  lwz     r3, 0x3C(r1)
FFDF1828  80C10038  lwz     r6, 0x38(r1)
FFDF182C  2F830000  cmpwi   cr7, r3, 0x0
FFDF1830  419E00C0  beq     cr7, loc_FFDF18F0
FFDF1834  81230004  lwz     r9, 0x4(r3)
FFDF1838  5520023E  clrlwi  r0, r9, 8
FFDF183C  7C003040  cmplw   r0, r6
FFDF1840  4182FF6C  beq     loc_FFDF17AC
loc_FFDF1844:
FFDF1844  801E0000  lwz     r0, 0x0(r30)
FFDF1848  7FA01810  subfc   r29, r0, r3
FFDF184C  419E00A4  beq     cr7, loc_FFDF18F0
FFDF1850  387E0000  addi    r3, r30, 0x0
FFDF1854  4BFFD2B1  bl      sub_FFDEEB04
FFDF1858  80C1003C  lwz     r6, 0x3C(r1)
FFDF185C  813E0000  lwz     r9, 0x0(r30)
FFDF1860  80060004  lwz     r0, 0x4(r6)
FFDF1864  80C90000  lwz     r6, 0x0(r9)
FFDF1868  5400023E  clrlwi  r0, r0, 8
FFDF186C  7C001810  subfc   r0, r0, r3
FFDF1870  7FE60010  subfc   r31, r6, r0
FFDF1874  48001D99  bl      glue_MaxBlock
FFDF1878  80410014  lwz     r2, 0x14(r1)
FFDF187C  7C03F840  cmplw   r3, r31
FFDF1880  2B830400  cmplwi  cr7, r3, 0x400
FFDF1884  40800020  bge     loc_FFDF18A4
FFDF1888  389D0000  addi    r4, r29, 0x0
FFDF188C  30A10038  addic   r5, r1, 0x38
FFDF1890  409D0058  ble     cr7, loc_FFDF18E8
FFDF1894  90610048  stw     r3, 0x48(r1)
FFDF1898  48001379  bl      glue_NewHandle
FFDF189C  80410014  lwz     r2, 0x14(r1)
FFDF18A0  48000014  b       loc_FFDF18B4
loc_FFDF18A4:
FFDF18A4  387F0000  addi    r3, r31, 0x0
FFDF18A8  90610048  stw     r3, 0x48(r1)
FFDF18AC  48001365  bl      glue_NewHandle
FFDF18B0  80410014  lwz     r2, 0x14(r1)
loc_FFDF18B4:
FFDF18B4  3BE30000  addi    r31, r3, 0x0
FFDF18B8  48000EDD  bl      glue_HLock
FFDF18BC  80410014  lwz     r2, 0x14(r1)
FFDF18C0  80810048  lwz     r4, 0x48(r1)
FFDF18C4  38DD0000  addi    r6, r29, 0x0
FFDF18C8  807F0000  lwz     r3, 0x0(r31)
FFDF18CC  30E10038  addic   r7, r1, 0x38
FFDF18D0  38BE0000  addi    r5, r30, 0x0
FFDF18D4  48000149  bl      sub_FFDF1A1C
FFDF18D8  387F0000  addi    r3, r31, 0x0
FFDF18DC  480015BD  bl      glue_DisposeHandle
FFDF18E0  80410014  lwz     r2, 0x14(r1)
FFDF18E4  4800000C  b       loc_FFDF18F0
loc_FFDF18E8:
FFDF18E8  387E0000  addi    r3, r30, 0x0
FFDF18EC  480000F9  bl      sub_FFDF19E4
loc_FFDF18F0:
FFDF18F0  807E0000  lwz     r3, 0x0(r30)
FFDF18F4  80010038  lwz     r0, 0x38(r1)
FFDF18F8  90030008  stw     r0, 0x8(r3)
FFDF18FC  4800004C  b       loc_FFDF1948
loc_FFDF1900:
FFDF1900  4BFFD011  bl      sub_FFDEE910
FFDF1904  8061003C  lwz     r3, 0x3C(r1)
FFDF1908  389E0000  addi    r4, r30, 0x0
FFDF190C  2C030000  cmpwi   cr0, r3, 0x0
FFDF1910  41820038  beq     loc_FFDF1948
loc_FFDF1914:
FFDF1914  80A30008  lwz     r5, 0x8(r3)
FFDF1918  4BFFC6DD  bl      sub_FFDEDFF4
FFDF191C  80C1003C  lwz     r6, 0x3C(r1)
FFDF1920  38600002  li      r3, 0x2
FFDF1924  80060004  lwz     r0, 0x4(r6)
FFDF1928  38BE0000  addi    r5, r30, 0x0
FFDF192C  5404023E  clrlwi  r4, r0, 8
FFDF1930  30C1003C  addic   r6, r1, 0x3C
FFDF1934  4BFFD0D1  bl      sub_FFDEEA04
FFDF1938  8061003C  lwz     r3, 0x3C(r1)
FFDF193C  389E0000  addi    r4, r30, 0x0
FFDF1940  2C030000  cmpwi   cr0, r3, 0x0
FFDF1944  4082FFD0  bne     loc_FFDF1914
loc_FFDF1948:
FFDF1948  809E0000  lwz     r4, 0x0(r30)
FFDF194C  88040016  lbz     r0, 0x16(r4)
FFDF1950  80C40008  lwz     r6, 0x8(r4)
FFDF1954  540006F2  rlwinm  r0, r0, 0, 27, 25
FFDF1958  98040016  stb     r0, 0x16(r4)
FFDF195C  80040000  lwz     r0, 0x0(r4)
FFDF1960  A0640014  lhz     r3, 0x14(r4)
FFDF1964  7CA03014  addc    r5, r0, r6
FFDF1968  90A40004  stw     r5, 0x4(r4)
FFDF196C  80C4000C  lwz     r6, 0xC(r4)
FFDF1970  4BFFC4C5  bl      sub_FFDEDE34
FFDF1974  809E0000  lwz     r4, 0x0(r30)
FFDF1978  38A00000  li      r5, 0x0
FFDF197C  A0640014  lhz     r3, 0x14(r4)
FFDF1980  38C00010  li      r6, 0x10
FFDF1984  4BFFC4B1  bl      sub_FFDEDE34
FFDF1988  387E0000  addi    r3, r30, 0x0
FFDF198C  4BFFD179  bl      sub_FFDEEB04
FFDF1990  38830000  addi    r4, r3, 0x0
FFDF1994  387E0000  addi    r3, r30, 0x0
FFDF1998  4BFFBE81  bl      sub_FFDED818
FFDF199C  7C690734  extsh   r9, r3
FFDF19A0  48000008  b       loc_FFDF19A8
loc_FFDF19A4:
FFDF19A4  3920FF39  li      r9, -0xC7
loc_FFDF19A8:
FFDF19A8  38690000  addi    r3, r9, 0x0
FFDF19AC  81810068  lwz     r12, 0x68(r1)
FFDF19B0  30210060  addic   r1, r1, 0x60
FFDF19B4  7D8803A6  mtspr   LR, r12
FFDF19B8  BBA1FFF4  lmw     r29, -0xC(r1)
FFDF19BC  4E800020  blr
FFDF19C0? 80040000  lwz     r0, 0x0(r4)
FFDF19C4? 38600000  li      r3, 0x0
FFDF19C8? 7C803014  addc    r4, r0, r6
FFDF19CC? 80040004  lwz     r0, 0x4(r4)
FFDF19D0? 5406023E  clrlwi  r6, r0, 8
FFDF19D4? 7CE73014  addc    r7, r7, r6
FFDF19D8? 50E0023E  insrwi  r0, r7, 24, 8
FFDF19DC? 90040004  stw     r0, 0x4(r4)
FFDF19E0? 4E800020  blr

sub_FFDF19E4:
FFDF19E4  38E50000  addi    r7, r5, 0x0
FFDF19E8  38C40000  addi    r6, r4, 0x0
FFDF19EC  7C0802A6  mfspr   r0, LR
FFDF19F0  9421FBC0  stwu    r1, -0x440(r1)
FFDF19F4  38800400  li      r4, 0x400
FFDF19F8  38A30000  addi    r5, r3, 0x0
FFDF19FC  90010448  stw     r0, 0x448(r1)
FFDF1A00  30610038  addic   r3, r1, 0x38
FFDF1A04  48000019  bl      sub_FFDF1A1C
FFDF1A08  7C630734  extsh   r3, r3
FFDF1A0C  81810448  lwz     r12, 0x448(r1)
FFDF1A10  30210440  addic   r1, r1, 0x440
FFDF1A14  7D8803A6  mtspr   LR, r12
FFDF1A18  4E800020  blr

sub_FFDF1A1C:
FFDF1A1C  BF81FFF0  stmw    r28, -0x10(r1)
FFDF1A20  3BE30000  addi    r31, r3, 0x0
FFDF1A24  7C0802A6  mfspr   r0, LR
FFDF1A28  3BC70000  addi    r30, r7, 0x0
FFDF1A2C  90010008  stw     r0, 0x8(r1)
FFDF1A30  3B850000  addi    r28, r5, 0x0
FFDF1A34  80BE0000  lwz     r5, 0x0(r30)
FFDF1A38  9421FFA0  stwu    r1, -0x60(r1)
FFDF1A3C  93E1003C  stw     r31, 0x3C(r1)
FFDF1A40  90A10038  stw     r5, 0x38(r1)
FFDF1A44  93E10040  stw     r31, 0x40(r1)
FFDF1A48  80FC0000  lwz     r7, 0x0(r28)
FFDF1A4C  7FBF2014  addc    r29, r31, r4
FFDF1A50  7C873015  addc.   r4, r7, r6
FFDF1A54  90810044  stw     r4, 0x44(r1)
FFDF1A58  38FF0000  addi    r7, r31, 0x0
FFDF1A5C  418200A8  beq     loc_FFDF1B04
FFDF1A60  80A40004  lwz     r5, 0x4(r4)
FFDF1A64  387C0000  addi    r3, r28, 0x0
FFDF1A68  54A5463E  srwi    r5, r5, 24
FFDF1A6C  7CA01120  mtcrf   0x01, r5
FFDF1A70  38BF0000  addi    r5, r31, 0x0
FFDF1A74  38DD0000  addi    r6, r29, 0x0
FFDF1A78  30E1003C  addic   r7, r1, 0x3C
loc_FFDF1A7C:
FFDF1A7C  409E0018  bne     cr7, loc_FFDF1A94
FFDF1A80  31010040  addic   r8, r1, 0x40
FFDF1A84  393E0000  addi    r9, r30, 0x0
FFDF1A88  31410038  addic   r10, r1, 0x38
FFDF1A8C  480000BD  bl      sub_FFDF1B48
FFDF1A90  48000024  b       loc_FFDF1AB4
loc_FFDF1A94:
FFDF1A94  387C0000  addi    r3, r28, 0x0
FFDF1A98  38BF0000  addi    r5, r31, 0x0
FFDF1A9C  38DD0000  addi    r6, r29, 0x0
FFDF1AA0  30E1003C  addic   r7, r1, 0x3C
FFDF1AA4  31010040  addic   r8, r1, 0x40
FFDF1AA8  393E0000  addi    r9, r30, 0x0
FFDF1AAC  31410038  addic   r10, r1, 0x38
FFDF1AB0  4800023D  bl      sub_FFDF1CEC
loc_FFDF1AB4:
FFDF1AB4  80A10044  lwz     r5, 0x44(r1)
FFDF1AB8  386000FF  li      r3, 0xFF
FFDF1ABC  80C50004  lwz     r6, 0x4(r5)
FFDF1AC0  38BC0000  addi    r5, r28, 0x0
FFDF1AC4  54C4023E  clrlwi  r4, r6, 8
FFDF1AC8  30C10044  addic   r6, r1, 0x44
FFDF1ACC  4BFFCF39  bl      sub_FFDEEA04
FFDF1AD0  80810044  lwz     r4, 0x44(r1)
FFDF1AD4  387C0000  addi    r3, r28, 0x0
FFDF1AD8  2C040000  cmpwi   cr0, r4, 0x0
FFDF1ADC  38BF0000  addi    r5, r31, 0x0
FFDF1AE0  38DD0000  addi    r6, r29, 0x0
FFDF1AE4  30E1003C  addic   r7, r1, 0x3C
FFDF1AE8  41820014  beq     loc_FFDF1AFC
FFDF1AEC  81040004  lwz     r8, 0x4(r4)
FFDF1AF0  5508463E  srwi    r8, r8, 24
FFDF1AF4  7D001120  mtcrf   0x01, r8
FFDF1AF8  4BFFFF84  b       loc_FFDF1A7C
loc_FFDF1AFC:
FFDF1AFC  80A10038  lwz     r5, 0x38(r1)
FFDF1B00  80E1003C  lwz     r7, 0x3C(r1)
loc_FFDF1B04:
FFDF1B04  80DC0000  lwz     r6, 0x0(r28)
FFDF1B08  7FBF3810  subfc   r29, r31, r7
FFDF1B0C  80E60000  lwz     r7, 0x0(r6)
FFDF1B10  A0660014  lhz     r3, 0x14(r6)
FFDF1B14  7CA53814  addc    r5, r5, r7
FFDF1B18  389F0000  addi    r4, r31, 0x0
FFDF1B1C  38DD0000  addi    r6, r29, 0x0
FFDF1B20  4BFFC315  bl      sub_FFDEDE34
FFDF1B24  80A10038  lwz     r5, 0x38(r1)
FFDF1B28  7C630734  extsh   r3, r3
FFDF1B2C  7CA5E814  addc    r5, r5, r29
FFDF1B30  90BE0000  stw     r5, 0x0(r30)
FFDF1B34  81810068  lwz     r12, 0x68(r1)
FFDF1B38  30210060  addic   r1, r1, 0x60
FFDF1B3C  7D8803A6  mtspr   LR, r12
FFDF1B40  BB81FFF0  lmw     r28, -0x10(r1)
FFDF1B44  4E800020  blr

sub_FFDF1B48:
FFDF1B48  BEE1FFDC  stmw    r23, -0x24(r1)
FFDF1B4C  39630000  addi    r11, r3, 0x0
FFDF1B50  7C0802A6  mfspr   r0, LR
FFDF1B54  3BE40000  addi    r31, r4, 0x0
FFDF1B58  90010008  stw     r0, 0x8(r1)
FFDF1B5C  9421FF90  stwu    r1, -0x70(r1)
FFDF1B60  38650000  addi    r3, r5, 0x0
FFDF1B64  90A1003C  stw     r5, 0x3C(r1)
FFDF1B68  3AE60000  addi    r23, r6, 0x0
FFDF1B6C  3B070000  addi    r24, r7, 0x0
FFDF1B70  38980000  addi    r4, r24, 0x0
FFDF1B74  38CB0000  addi    r6, r11, 0x0
FFDF1B78  3B280000  addi    r25, r8, 0x0
FFDF1B7C  38B90000  addi    r5, r25, 0x0
FFDF1B80  3B4A0000  addi    r26, r10, 0x0
FFDF1B84  91610038  stw     r11, 0x38(r1)
FFDF1B88  3BC90000  addi    r30, r9, 0x0
FFDF1B8C  38FA0000  addi    r7, r26, 0x0
FFDF1B90  480003ED  bl      sub_FFDF1F7C
FFDF1B94  7C7C0734  extsh   r28, r3
FFDF1B98  807F0008  lwz     r3, 0x8(r31)
FFDF1B9C  48000C41  bl      glue_GetHandleSize
FFDF1BA0  80410014  lwz     r2, 0x14(r1)
FFDF1BA4  3B630000  addi    r27, r3, 0x0
FFDF1BA8  2B1B0000  cmplwi  cr6, r27, 0x0
FFDF1BAC  80780000  lwz     r3, 0x0(r24)
FFDF1BB0  80BA0000  lwz     r5, 0x0(r26)
FFDF1BB4  8081003C  lwz     r4, 0x3C(r1)
FFDF1BB8  38DF0000  addi    r6, r31, 0x0
FFDF1BBC  480004FD  bl      sub_FFDF20B8
FFDF1BC0  38780000  addi    r3, r24, 0x0
FFDF1BC4  38990000  addi    r4, r25, 0x0
FFDF1BC8  38BB0000  addi    r5, r27, 0x0
FFDF1BCC  38DE0000  addi    r6, r30, 0x0
FFDF1BD0  4800050D  bl      sub_FFDF20DC
FFDF1BD4  80780000  lwz     r3, 0x0(r24)
FFDF1BD8  80F90000  lwz     r7, 0x0(r25)
FFDF1BDC  7C9B1814  addc    r4, r27, r3
FFDF1BE0  7C843840  cmplw   cr1, r4, r7
FFDF1BE4  80DF0008  lwz     r6, 0x8(r31)
FFDF1BE8  38830000  addi    r4, r3, 0x0
FFDF1BEC  39060000  addi    r8, r6, 0x0
FFDF1BF0  38BB0000  addi    r5, r27, 0x0
FFDF1BF4  408500A0  ble     cr1, loc_FFDF1C94
FFDF1BF8  83E80000  lwz     r31, 0x0(r8)
FFDF1BFC  409900CC  ble     cr6, loc_FFDF1CC8
loc_FFDF1C00:
FFDF1C00  80980000  lwz     r4, 0x0(r24)
FFDF1C04  387F0000  addi    r3, r31, 0x0
FFDF1C08  7FA4B810  subfc   r29, r4, r23
FFDF1C0C  7C1DD840  cmplw   r29, r27
FFDF1C10  40810008  ble     loc_FFDF1C18
FFDF1C14  3BBB0000  addi    r29, r27, 0x0
loc_FFDF1C18:
FFDF1C18  38BD0000  addi    r5, r29, 0x0
FFDF1C1C  48001499  bl      glue_BlockMoveData
FFDF1C20  80410014  lwz     r2, 0x14(r1)
FFDF1C24  809E0000  lwz     r4, 0x0(r30)
FFDF1C28  7C9BE840  cmplw   cr1, r27, r29
FFDF1C2C  7C9D2014  addc    r4, r29, r4
FFDF1C30  909E0000  stw     r4, 0x0(r30)
FFDF1C34  80980000  lwz     r4, 0x0(r24)
FFDF1C38  8061003C  lwz     r3, 0x3C(r1)
FFDF1C3C  7D04E814  addc    r8, r4, r29
FFDF1C40  91180000  stw     r8, 0x0(r24)
FFDF1C44  80B90000  lwz     r5, 0x0(r25)
FFDF1C48  38980000  addi    r4, r24, 0x0
FFDF1C4C  7C082840  cmplw   r8, r5
FFDF1C50  38B90000  addi    r5, r25, 0x0
FFDF1C54  80C10038  lwz     r6, 0x38(r1)
FFDF1C58  38FA0000  addi    r7, r26, 0x0
FFDF1C5C  40810008  ble     loc_FFDF1C64
FFDF1C60  91190000  stw     r8, 0x0(r25)
loc_FFDF1C64:
FFDF1C64  40850010  ble     cr1, loc_FFDF1C74
FFDF1C68  48000315  bl      sub_FFDF1F7C
FFDF1C6C  7C7C0735  extsh.  r28, r3
FFDF1C70  40820050  bne     loc_FFDF1CC0
loc_FFDF1C74:
FFDF1C74  7F7DD810  subfc   r27, r29, r27
FFDF1C78  289B0000  cmplwi  cr1, r27, 0x0
FFDF1C7C  7FFDF814  addc    r31, r29, r31
FFDF1C80  4185FF80  bgt     cr1, loc_FFDF1C00
FFDF1C84  80780000  lwz     r3, 0x0(r24)
FFDF1C88  80F90000  lwz     r7, 0x0(r25)
FFDF1C8C  7C033840  cmplw   r3, r7
FFDF1C90  4800003C  b       loc_FFDF1CCC
loc_FFDF1C94:
FFDF1C94  80660000  lwz     r3, 0x0(r6)
FFDF1C98  4800141D  bl      glue_BlockMoveData
FFDF1C9C  80410014  lwz     r2, 0x14(r1)
FFDF1CA0  809E0000  lwz     r4, 0x0(r30)
FFDF1CA4  7C9B2014  addc    r4, r27, r4
FFDF1CA8  909E0000  stw     r4, 0x0(r30)
FFDF1CAC  80980000  lwz     r4, 0x0(r24)
FFDF1CB0  7C7B2014  addc    r3, r27, r4
FFDF1CB4  90780000  stw     r3, 0x0(r24)
FFDF1CB8  80F90000  lwz     r7, 0x0(r25)
FFDF1CBC  4800000C  b       loc_FFDF1CC8
loc_FFDF1CC0:
FFDF1CC0  80780000  lwz     r3, 0x0(r24)
FFDF1CC4  80F90000  lwz     r7, 0x0(r25)
loc_FFDF1CC8:
FFDF1CC8  7C033840  cmplw   r3, r7
loc_FFDF1CCC:
FFDF1CCC  40810008  ble     loc_FFDF1CD4
FFDF1CD0  90790000  stw     r3, 0x0(r25)
loc_FFDF1CD4:
FFDF1CD4  387C0000  addi    r3, r28, 0x0
FFDF1CD8  81810078  lwz     r12, 0x78(r1)
FFDF1CDC  30210070  addic   r1, r1, 0x70
FFDF1CE0  7D8803A6  mtspr   LR, r12
FFDF1CE4  BAE1FFDC  lmw     r23, -0x24(r1)
FFDF1CE8  4E800020  blr

sub_FFDF1CEC:
FFDF1CEC  BF21FFE4  stmw    r25, -0x1C(r1)
FFDF1CF0  3BE40000  addi    r31, r4, 0x0
FFDF1CF4  809F0004  lwz     r4, 0x4(r31)
FFDF1CF8  7C0802A6  mfspr   r0, LR
FFDF1CFC  3B290000  addi    r25, r9, 0x0
FFDF1D00  90010008  stw     r0, 0x8(r1)
FFDF1D04  9421FF90  stwu    r1, -0x70(r1)
FFDF1D08  3B6A0000  addi    r27, r10, 0x0
FFDF1D0C  90A10040  stw     r5, 0x40(r1)
FFDF1D10  80B90000  lwz     r5, 0x0(r25)
FFDF1D14  5484023E  clrlwi  r4, r4, 8
FFDF1D18  3B470000  addi    r26, r7, 0x0
FFDF1D1C  7C042840  cmplw   r4, r5
FFDF1D20  90610038  stw     r3, 0x38(r1)
FFDF1D24  807A0000  lwz     r3, 0x0(r26)
FFDF1D28  3B800000  li      r28, 0x0
FFDF1D2C  3BA80000  addi    r29, r8, 0x0
FFDF1D30  7D052010  subfc   r8, r5, r4
FFDF1D34  7C834014  addc    r4, r3, r8
FFDF1D38  90C1003C  stw     r6, 0x3C(r1)
FFDF1D3C  30C40004  addic   r6, r4, 0x4
FFDF1D40  418001A0  blt     loc_FFDF1EE0
FFDF1D44  80BD0000  lwz     r5, 0x0(r29)
FFDF1D48  389A0000  addi    r4, r26, 0x0
FFDF1D4C  7C862840  cmplw   cr1, r6, r5
FFDF1D50  38BD0000  addi    r5, r29, 0x0
FFDF1D54  80C10038  lwz     r6, 0x38(r1)
FFDF1D58  38FB0000  addi    r7, r27, 0x0
FFDF1D5C  40850048  ble     cr1, loc_FFDF1DA4
FFDF1D60  80610040  lwz     r3, 0x40(r1)
FFDF1D64  48000219  bl      sub_FFDF1F7C
FFDF1D68  809F0004  lwz     r4, 0x4(r31)
FFDF1D6C  80610040  lwz     r3, 0x40(r1)
FFDF1D70  5485023E  clrlwi  r5, r4, 8
FFDF1D74  90B90000  stw     r5, 0x0(r25)
FFDF1D78  80FA0000  lwz     r7, 0x0(r26)
FFDF1D7C  8081003C  lwz     r4, 0x3C(r1)
FFDF1D80  80C10038  lwz     r6, 0x38(r1)
FFDF1D84  391D0000  addi    r8, r29, 0x0
FFDF1D88  480002B5  bl      sub_FFDF203C
FFDF1D8C  809F0004  lwz     r4, 0x4(r31)
FFDF1D90  80B90000  lwz     r5, 0x0(r25)
FFDF1D94  7C7C0734  extsh   r28, r3
FFDF1D98  5484023E  clrlwi  r4, r4, 8
FFDF1D9C  7D052010  subfc   r8, r5, r4
FFDF1DA0  807A0000  lwz     r3, 0x0(r26)
loc_FFDF1DA4:
FFDF1DA4  38DF0000  addi    r6, r31, 0x0
FFDF1DA8  80BB0000  lwz     r5, 0x0(r27)
FFDF1DAC  80810040  lwz     r4, 0x40(r1)
FFDF1DB0  48000309  bl      sub_FFDF20B8
FFDF1DB4  809A0000  lwz     r4, 0x0(r26)
FFDF1DB8  7CC44014  addc    r6, r4, r8
FFDF1DBC  38660000  addi    r3, r6, 0x0
FFDF1DC0  48000191  bl      sub_FFDF1F50
FFDF1DC4  33C30004  addic   r30, r3, 0x4
FFDF1DC8  80BD0000  lwz     r5, 0x0(r29)
FFDF1DCC  7C86F014  addc    r4, r6, r30
FFDF1DD0  7C042840  cmplw   r4, r5
FFDF1DD4  80990000  lwz     r4, 0x0(r25)
FFDF1DD8  80BA0000  lwz     r5, 0x0(r26)
FFDF1DDC  7C843014  addc    r4, r4, r6
FFDF1DE0  7CE52010  subfc   r7, r5, r4
FFDF1DE4  38850000  addi    r4, r5, 0x0
FFDF1DE8  38660000  addi    r3, r6, 0x0
FFDF1DEC  38BE0000  addi    r5, r30, 0x0
FFDF1DF0  408100CC  ble     loc_FFDF1EBC
FFDF1DF4  90F90000  stw     r7, 0x0(r25)
FFDF1DF8  80BD0000  lwz     r5, 0x0(r29)
FFDF1DFC  809A0000  lwz     r4, 0x0(r26)
FFDF1E00  7FE62810  subfc   r31, r6, r5
FFDF1E04  38BF0000  addi    r5, r31, 0x0
FFDF1E08  480012AD  bl      glue_BlockMoveData
FFDF1E0C  80410014  lwz     r2, 0x14(r1)
FFDF1E10  809A0000  lwz     r4, 0x0(r26)
FFDF1E14  7CC4F814  addc    r6, r4, r31
FFDF1E18  90DD0000  stw     r6, 0x0(r29)
FFDF1E1C  80BA0000  lwz     r5, 0x0(r26)
FFDF1E20  80990000  lwz     r4, 0x0(r25)
FFDF1E24  7CA5F014  addc    r5, r5, r30
FFDF1E28  7C053040  cmplw   r5, r6
FFDF1E2C  40810074  ble     loc_FFDF1EA0
loc_FFDF1E30:
FFDF1E30  7C84F814  addc    r4, r4, r31
FFDF1E34  90990000  stw     r4, 0x0(r25)
FFDF1E38  809A0000  lwz     r4, 0x0(r26)
FFDF1E3C  80610040  lwz     r3, 0x40(r1)
FFDF1E40  7C84F814  addc    r4, r4, r31
FFDF1E44  909A0000  stw     r4, 0x0(r26)
FFDF1E48  909D0000  stw     r4, 0x0(r29)
FFDF1E4C  389A0000  addi    r4, r26, 0x0
FFDF1E50  38BD0000  addi    r5, r29, 0x0
FFDF1E54  80C10038  lwz     r6, 0x38(r1)
FFDF1E58  38FB0000  addi    r7, r27, 0x0
FFDF1E5C  48000121  bl      sub_FFDF1F7C
FFDF1E60  80B90000  lwz     r5, 0x0(r25)
FFDF1E64  80FA0000  lwz     r7, 0x0(r26)
FFDF1E68  80610040  lwz     r3, 0x40(r1)
FFDF1E6C  8081003C  lwz     r4, 0x3C(r1)
FFDF1E70  80C10038  lwz     r6, 0x38(r1)
FFDF1E74  391D0000  addi    r8, r29, 0x0
FFDF1E78  480001C5  bl      sub_FFDF203C
FFDF1E7C  809A0000  lwz     r4, 0x0(r26)
FFDF1E80  80BD0000  lwz     r5, 0x0(r29)
FFDF1E84  7FDFF010  subfc   r30, r31, r30
FFDF1E88  7CC4F014  addc    r6, r4, r30
FFDF1E8C  7C062840  cmplw   r6, r5
FFDF1E90  7C7C0734  extsh   r28, r3
FFDF1E94  7FE42810  subfc   r31, r4, r5
FFDF1E98  80990000  lwz     r4, 0x0(r25)
FFDF1E9C  4181FF94  bgt     loc_FFDF1E30
loc_FFDF1EA0:
FFDF1EA0  80990000  lwz     r4, 0x0(r25)
FFDF1EA4  7C84F014  addc    r4, r4, r30
FFDF1EA8  90990000  stw     r4, 0x0(r25)
FFDF1EAC  809A0000  lwz     r4, 0x0(r26)
FFDF1EB0  7C84F014  addc    r4, r4, r30
FFDF1EB4  909A0000  stw     r4, 0x0(r26)
FFDF1EB8  48000070  b       loc_FFDF1F28
loc_FFDF1EBC:
FFDF1EBC  480011F9  bl      glue_BlockMoveData
FFDF1EC0  80410014  lwz     r2, 0x14(r1)
FFDF1EC4  80990000  lwz     r4, 0x0(r25)
FFDF1EC8  7C84F014  addc    r4, r4, r30
FFDF1ECC  90990000  stw     r4, 0x0(r25)
FFDF1ED0  809A0000  lwz     r4, 0x0(r26)
FFDF1ED4  7C84F014  addc    r4, r4, r30
FFDF1ED8  909A0000  stw     r4, 0x0(r26)
FFDF1EDC  4800004C  b       loc_FFDF1F28
loc_FFDF1EE0:
FFDF1EE0  80C10038  lwz     r6, 0x38(r1)
FFDF1EE4  80610040  lwz     r3, 0x40(r1)
FFDF1EE8  389A0000  addi    r4, r26, 0x0
FFDF1EEC  38BD0000  addi    r5, r29, 0x0
FFDF1EF0  38FB0000  addi    r7, r27, 0x0
FFDF1EF4  48000089  bl      sub_FFDF1F7C
FFDF1EF8  7C7C0734  extsh   r28, r3
FFDF1EFC  80BB0000  lwz     r5, 0x0(r27)
FFDF1F00  80810040  lwz     r4, 0x40(r1)
FFDF1F04  38DF0000  addi    r6, r31, 0x0
FFDF1F08  807A0000  lwz     r3, 0x0(r26)
FFDF1F0C  480001AD  bl      sub_FFDF20B8
FFDF1F10  38D90000  addi    r6, r25, 0x0
FFDF1F14  387A0000  addi    r3, r26, 0x0
FFDF1F18  389D0000  addi    r4, r29, 0x0
FFDF1F1C  38A00000  li      r5, 0x0
FFDF1F20  480001BD  bl      sub_FFDF20DC
FFDF1F24  809A0000  lwz     r4, 0x0(r26)
loc_FFDF1F28:
FFDF1F28  80BD0000  lwz     r5, 0x0(r29)
FFDF1F2C  387C0000  addi    r3, r28, 0x0
FFDF1F30  7C042840  cmplw   r4, r5
FFDF1F34  40810008  ble     loc_FFDF1F3C
FFDF1F38  909D0000  stw     r4, 0x0(r29)
loc_FFDF1F3C:
FFDF1F3C  81810078  lwz     r12, 0x78(r1)
FFDF1F40  30210070  addic   r1, r1, 0x70
FFDF1F44  7D8803A6  mtspr   LR, r12
FFDF1F48  BB21FFE4  lmw     r25, -0x1C(r1)
FFDF1F4C  4E800020  blr

sub_FFDF1F50:
FFDF1F50  88830000  lbz     r4, 0x0(r3)
FFDF1F54  88A30001  lbz     r5, 0x1(r3)
FFDF1F58  88030003  lbz     r0, 0x3(r3)
FFDF1F5C  88630002  lbz     r3, 0x2(r3)
FFDF1F60  5484402E  slwi    r4, r4, 8
FFDF1F64  7C852014  addc    r4, r5, r4
FFDF1F68  5484402E  slwi    r4, r4, 8
FFDF1F6C  7C632014  addc    r3, r3, r4
FFDF1F70  5463402E  slwi    r3, r3, 8
FFDF1F74  7C601814  addc    r3, r0, r3
FFDF1F78  4E800020  blr

sub_FFDF1F7C:
FFDF1F7C  BF41FFE8  stmw    r26, -0x18(r1)
FFDF1F80  7C0802A6  mfspr   r0, LR
FFDF1F84  3BA40000  addi    r29, r4, 0x0
FFDF1F88  90010008  stw     r0, 0x8(r1)
FFDF1F8C  801D0000  lwz     r0, 0x0(r29)
FFDF1F90  3BC30000  addi    r30, r3, 0x0
FFDF1F94  7C1E0011  subfc.  r0, r30, r0
FFDF1F98  9421FFA0  stwu    r1, -0x60(r1)
FFDF1F9C  3BE50000  addi    r31, r5, 0x0
FFDF1FA0  3B670000  addi    r27, r7, 0x0
FFDF1FA4  3B400000  li      r26, 0x0
FFDF1FA8  4182007C  beq     loc_FFDF2024
FFDF1FAC  80660000  lwz     r3, 0x0(r6)
FFDF1FB0  80BB0000  lwz     r5, 0x0(r27)
FFDF1FB4  81030000  lwz     r8, 0x0(r3)
FFDF1FB8  389E0000  addi    r4, r30, 0x0
FFDF1FBC  7CA54014  addc    r5, r5, r8
FFDF1FC0  7C002814  addc    r0, r0, r5
FFDF1FC4  5400002C  clrrwi  r0, r0, 9
FFDF1FC8  7C802840  cmplw   cr1, r0, r5
FFDF1FCC  7F850010  subfc   r28, r5, r0
FFDF1FD0  38DC0000  addi    r6, r28, 0x0
FFDF1FD4  40850050  ble     cr1, loc_FFDF2024
FFDF1FD8  A0630014  lhz     r3, 0x14(r3)
FFDF1FDC  4BFFBE59  bl      sub_FFDEDE34
FFDF1FE0  7C7A0735  extsh.  r26, r3
FFDF1FE4  801B0000  lwz     r0, 0x0(r27)
FFDF1FE8  7C7EE014  addc    r3, r30, r28
FFDF1FEC  7C1C0014  addc    r0, r28, r0
FFDF1FF0  389E0000  addi    r4, r30, 0x0
FFDF1FF4  40820030  bne     loc_FFDF2024
FFDF1FF8  901B0000  stw     r0, 0x0(r27)
FFDF1FFC  801F0000  lwz     r0, 0x0(r31)
FFDF2000  7C1C0010  subfc   r0, r28, r0
FFDF2004  901F0000  stw     r0, 0x0(r31)
FFDF2008  801D0000  lwz     r0, 0x0(r29)
FFDF200C  7C1C0010  subfc   r0, r28, r0
FFDF2010  901D0000  stw     r0, 0x0(r29)
FFDF2014  801F0000  lwz     r0, 0x0(r31)
FFDF2018  7CBE0010  subfc   r5, r30, r0
FFDF201C  48001099  bl      glue_BlockMoveData
FFDF2020  80410014  lwz     r2, 0x14(r1)
loc_FFDF2024:
FFDF2024  387A0000  addi    r3, r26, 0x0
FFDF2028  81810068  lwz     r12, 0x68(r1)
FFDF202C  30210060  addic   r1, r1, 0x60
FFDF2030  7D8803A6  mtspr   LR, r12
FFDF2034  BB41FFE8  lmw     r26, -0x18(r1)
FFDF2038  4E800020  blr

sub_FFDF203C:
FFDF203C  BFA1FFF4  stmw    r29, -0xC(r1)
FFDF2040  7C0802A6  mfspr   r0, LR
FFDF2044  39440000  addi    r10, r4, 0x0
FFDF2048  90010008  stw     r0, 0x8(r1)
FFDF204C  9421FFB0  stwu    r1, -0x50(r1)
FFDF2050  39250000  addi    r9, r5, 0x0
FFDF2054  3BC70000  addi    r30, r7, 0x0
FFDF2058  3BE80000  addi    r31, r8, 0x0
FFDF205C  38660000  addi    r3, r6, 0x0
FFDF2060  4BFFCAA5  bl      sub_FFDEEB04
FFDF2064  80C60000  lwz     r6, 0x0(r6)
FFDF2068  7D691810  subfc   r11, r9, r3
FFDF206C  81060000  lwz     r8, 0x0(r6)
FFDF2070  7CFE5010  subfc   r7, r30, r10
FFDF2074  7FA85810  subfc   r29, r8, r11
FFDF2078  7C1D3840  cmplw   r29, r7
FFDF207C  7CA94014  addc    r5, r9, r8
FFDF2080  A0660014  lhz     r3, 0x14(r6)
FFDF2084  389E0000  addi    r4, r30, 0x0
FFDF2088  41800008  blt     loc_FFDF2090
FFDF208C  3BA70000  addi    r29, r7, 0x0
loc_FFDF2090:
FFDF2090  38DD0000  addi    r6, r29, 0x0
FFDF2094  4BFF7CDD  bl      sub_FFDE9D70
FFDF2098  7CDEE814  addc    r6, r30, r29
FFDF209C  90DF0000  stw     r6, 0x0(r31)
FFDF20A0  7C630734  extsh   r3, r3
FFDF20A4  81810058  lwz     r12, 0x58(r1)
FFDF20A8  30210050  addic   r1, r1, 0x50
FFDF20AC  7D8803A6  mtspr   LR, r12
FFDF20B0  BBA1FFF4  lmw     r29, -0xC(r1)
FFDF20B4  4E800020  blr

sub_FFDF20B8:
FFDF20B8  7C041810  subfc   r0, r4, r3
FFDF20BC  7C002814  addc    r0, r0, r5
FFDF20C0  80A60004  lwz     r5, 0x4(r6)
FFDF20C4  54A3463E  srwi    r3, r5, 24
FFDF20C8  5005023E  insrwi  r5, r0, 24, 8
FFDF20CC  546007FA  rlwinm  r0, r3, 0, 31, 29
FFDF20D0  5005C00E  insrwi  r5, r0, 8, 0
FFDF20D4  90A60004  stw     r5, 0x4(r6)
FFDF20D8  4E800020  blr

sub_FFDF20DC:
FFDF20DC  38000003  li      r0, 0x3
FFDF20E0  80E30000  lwz     r7, 0x0(r3)
FFDF20E4  39000018  li      r8, 0x18
loc_FFDF20E8:
FFDF20E8  3000FFFF  addic   r0, r0, -0x1
FFDF20EC  7CA84430  srw     r8, r5, r8
FFDF20F0  99070000  stb     r8, 0x0(r7)
FFDF20F4  80E30000  lwz     r7, 0x0(r3)
FFDF20F8  7C000735  extsh.  r0, r0
FFDF20FC  30E70001  addic   r7, r7, 0x1
FFDF2100  90E30000  stw     r7, 0x0(r3)
FFDF2104  54081838  slwi    r8, r0, 3
FFDF2108  4080FFE0  bge     loc_FFDF20E8
FFDF210C  80A60000  lwz     r5, 0x0(r6)
FFDF2110  30A50004  addic   r5, r5, 0x4
FFDF2114  90A60000  stw     r5, 0x0(r6)
FFDF2118  80A30000  lwz     r5, 0x0(r3)
FFDF211C  80640000  lwz     r3, 0x0(r4)
FFDF2120  7C851840  cmplw   cr1, r5, r3
FFDF2124  40850008  ble     cr1, loc_FFDF212C
FFDF2128  90A40000  stw     r5, 0x0(r4)
loc_FFDF212C:
FFDF212C  4E800020  blr

__SetResourceSize:
FFDF2130  9421FFB0  stwu    r1, -0x50(r1)
FFDF2134  90610044  stw     r3, 0x44(r1)
FFDF2138  7C0802A6  mfspr   r0, LR
FFDF213C  90810048  stw     r4, 0x48(r1)
FFDF2140  90010058  stw     r0, 0x58(r1)
FFDF2144  38600001  li      r3, 0x1
FFDF2148  480006DD  bl      glue_GetEmulatorRegister
FFDF214C  80410014  lwz     r2, 0x14(r1)
FFDF2150  90610038  stw     r3, 0x38(r1)
FFDF2154  38600002  li      r3, 0x2
FFDF2158  480006CD  bl      glue_GetEmulatorRegister
FFDF215C  80410014  lwz     r2, 0x14(r1)
FFDF2160  9061003C  stw     r3, 0x3C(r1)
FFDF2164  38600005  li      r3, 0x5
FFDF2168  480006BD  bl      glue_GetEmulatorRegister
FFDF216C  80410014  lwz     r2, 0x14(r1)
FFDF2170  9061004C  stw     r3, 0x4C(r1)
FFDF2174  80610044  lwz     r3, 0x44(r1)
FFDF2178  80810048  lwz     r4, 0x48(r1)
FFDF217C  48000045  bl      sub_FFDF21C0
FFDF2180  80810038  lwz     r4, 0x38(r1)
FFDF2184  38600001  li      r3, 0x1
FFDF2188  480006C1  bl      glue_SetEmulatorRegister
FFDF218C  80410014  lwz     r2, 0x14(r1)
FFDF2190  8081003C  lwz     r4, 0x3C(r1)
FFDF2194  38600002  li      r3, 0x2
FFDF2198  480006B1  bl      glue_SetEmulatorRegister
FFDF219C  80410014  lwz     r2, 0x14(r1)
FFDF21A0  8081004C  lwz     r4, 0x4C(r1)
FFDF21A4  38600005  li      r3, 0x5
FFDF21A8  480006A1  bl      glue_SetEmulatorRegister
FFDF21AC  80410014  lwz     r2, 0x14(r1)
FFDF21B0  81810058  lwz     r12, 0x58(r1)
FFDF21B4  30210050  addic   r1, r1, 0x50
FFDF21B8  7D8803A6  mtspr   LR, r12
FFDF21BC  4E800020  blr

sub_FFDF21C0:
FFDF21C0  7C0802A6  mfspr   r0, LR
FFDF21C4  BEE1FFDC  stmw    r23, -0x24(r1)
FFDF21C8  90010008  stw     r0, 0x8(r1)
FFDF21CC  9421FF50  stwu    r1, -0xB0(r1)
FFDF21D0  906100C8  stw     r3, 0xC8(r1)
FFDF21D4  908100CC  stw     r4, 0xCC(r1)
FFDF21D8  30610044  addic   r3, r1, 0x44
FFDF21DC  38800001  li      r4, 0x1
FFDF21E0  38A00001  li      r5, 0x1
FFDF21E4  38C00000  li      r6, 0x0
FFDF21E8  38E00000  li      r7, 0x0
FFDF21EC  4BFF6AD5  bl      sub_FFDE8CC0
FFDF21F0  806100C8  lwz     r3, 0xC8(r1)
FFDF21F4  30810038  addic   r4, r1, 0x38
FFDF21F8  30C1003C  addic   r6, r1, 0x3C
FFDF21FC  30E10040  addic   r7, r1, 0x40
FFDF2200  30A10044  addic   r5, r1, 0x44
FFDF2204  4BFF8731  bl      sub_FFDEA934
FFDF2208  7C7C0735  extsh.  r28, r3
FFDF220C  8061003C  lwz     r3, 0x3C(r1)
FFDF2210  408201C0  bne     loc_FFDF23D0
FFDF2214  4BFFBDD1  bl      sub_FFDEDFE4
FFDF2218  5460063F  clrlwi. r0, r3, 24
FFDF221C  3C000100  lis     r0, 0x0100
FFDF2220  806100CC  lwz     r3, 0xCC(r1)
FFDF2224  3000FFFF  addic   r0, r0, -0x1
FFDF2228  7C830000  cmpw    cr1, r3, r0
FFDF222C  408201A0  bne     loc_FFDF23CC
FFDF2230  30030004  addic   r0, r3, 0x4
FFDF2234  8081003C  lwz     r4, 0x3C(r1)
FFDF2238  80610038  lwz     r3, 0x38(r1)
FFDF223C  40840188  bge     cr1, loc_FFDF23C4
FFDF2240  900100CC  stw     r0, 0xCC(r1)
FFDF2244  80040000  lwz     r0, 0x0(r4)
FFDF2248  7EE01814  addc    r23, r0, r3
FFDF224C  38770000  addi    r3, r23, 0x0
FFDF2250  4BFFC611  bl      sub_FFDEE860
FFDF2254  808100CC  lwz     r4, 0xCC(r1)
FFDF2258  7C832040  cmplw   cr1, r3, r4
FFDF225C  8061003C  lwz     r3, 0x3C(r1)
FFDF2260  40840128  bge     cr1, loc_FFDF2388
FFDF2264  4BFFC3F5  bl      sub_FFDEE658
FFDF2268  7C7C0735  extsh.  r28, r3
FFDF226C  4082011C  bne     loc_FFDF2388
FFDF2270  4800139D  bl      glue_MaxBlock
FFDF2274  80410014  lwz     r2, 0x14(r1)
FFDF2278  28830800  cmplwi  cr1, r3, 0x800
FFDF227C  800100CC  lwz     r0, 0xCC(r1)
FFDF2280  40840008  bge     cr1, loc_FFDF2288
FFDF2284  38600800  li      r3, 0x800
loc_FFDF2288:
FFDF2288  7C601810  subfc   r3, r0, r3
FFDF228C  7CC31910  subfe   r6, r3, r3
FFDF2290  7C633038  and     r3, r3, r6
FFDF2294  7FC01814  addc    r30, r0, r3
FFDF2298  387E0000  addi    r3, r30, 0x0
FFDF229C  480004B1  bl      glue_NewPtr
FFDF22A0  80410014  lwz     r2, 0x14(r1)
FFDF22A4  3B030000  addi    r24, r3, 0x0
FFDF22A8  2C980000  cmpwi   cr1, r24, 0x0
FFDF22AC  80010038  lwz     r0, 0x38(r1)
FFDF22B0  8061003C  lwz     r3, 0x3C(r1)
FFDF22B4  418600D4  beq     cr1, loc_FFDF2388
FFDF22B8  80C30000  lwz     r6, 0x0(r3)
FFDF22BC  7EE60014  addc    r23, r6, r0
FFDF22C0  80170004  lwz     r0, 0x4(r23)
FFDF22C4  5419023E  clrlwi  r25, r0, 8
FFDF22C8  4BFFC83D  bl      sub_FFDEEB04
FFDF22CC  80C1003C  lwz     r6, 0x3C(r1)
FFDF22D0  3B430000  addi    r26, r3, 0x0
FFDF22D4  80660000  lwz     r3, 0x0(r6)
FFDF22D8  800100CC  lwz     r0, 0xCC(r1)
FFDF22DC  80C30000  lwz     r6, 0x0(r3)
FFDF22E0  3B7E0000  addi    r27, r30, 0x0
FFDF22E4  7FA6D010  subfc   r29, r6, r26
FFDF22E8  7C00E814  addc    r0, r0, r29
FFDF22EC  90030008  stw     r0, 0x8(r3)
FFDF22F0  83E100CC  lwz     r31, 0xCC(r1)
FFDF22F4  8061003C  lwz     r3, 0x3C(r1)
FFDF22F8  289F0000  cmplwi  cr1, r31, 0x0
FFDF22FC  7C1FF040  cmplw   r31, r30
FFDF2300  38980000  addi    r4, r24, 0x0
FFDF2304  40850060  ble     cr1, loc_FFDF2364
FFDF2308  38B90000  addi    r5, r25, 0x0
loc_FFDF230C:
FFDF230C  40800008  bge     loc_FFDF2314
FFDF2310  3B7F0000  addi    r27, r31, 0x0
loc_FFDF2314:
FFDF2314  38DB0000  addi    r6, r27, 0x0
FFDF2318  4BFF7A01  bl      sub_FFDE9D18
FFDF231C  8061003C  lwz     r3, 0x3C(r1)
FFDF2320  38980000  addi    r4, r24, 0x0
FFDF2324  80630000  lwz     r3, 0x0(r3)
FFDF2328  38BA0000  addi    r5, r26, 0x0
FFDF232C  A0630014  lhz     r3, 0x14(r3)
FFDF2330  38DB0000  addi    r6, r27, 0x0
FFDF2334  4BFFBB01  bl      sub_FFDEDE34
FFDF2338  7FFBF810  subfc   r31, r27, r31
FFDF233C  289F0000  cmplwi  cr1, r31, 0x0
FFDF2340  7C7C0734  extsh   r28, r3
FFDF2344  7F3BC814  addc    r25, r27, r25
FFDF2348  7F5AD814  addc    r26, r26, r27
FFDF234C  40850018  ble     cr1, loc_FFDF2364
FFDF2350  7C1FF040  cmplw   r31, r30
FFDF2354  8061003C  lwz     r3, 0x3C(r1)
FFDF2358  38980000  addi    r4, r24, 0x0
FFDF235C  38B90000  addi    r5, r25, 0x0
FFDF2360  4BFFFFAC  b       loc_FFDF230C
loc_FFDF2364:
FFDF2364  80170004  lwz     r0, 0x4(r23)
FFDF2368  38780000  addi    r3, r24, 0x0
FFDF236C  5406463E  srwi    r6, r0, 24
FFDF2370  54C607FA  rlwinm  r6, r6, 0, 31, 29
FFDF2374  50C0C00E  insrwi  r0, r6, 8, 0
FFDF2378  53A0023E  insrwi  r0, r29, 24, 8
FFDF237C  90170004  stw     r0, 0x4(r23)
FFDF2380  48000921  bl      glue_DisposePtr
FFDF2384  80410014  lwz     r2, 0x14(r1)
loc_FFDF2388:
FFDF2388  8061003C  lwz     r3, 0x3C(r1)
FFDF238C  388100CC  addi    r4, r1, 0xCC
FFDF2390  80630000  lwz     r3, 0x0(r3)
FFDF2394  38C00004  li      r6, 0x4
FFDF2398  88030016  lbz     r0, 0x16(r3)
FFDF239C  60000060  ori     r0, r0, 0x60
FFDF23A0  98030016  stb     r0, 0x16(r3)
FFDF23A4  800100CC  lwz     r0, 0xCC(r1)
FFDF23A8  8061003C  lwz     r3, 0x3C(r1)
FFDF23AC  3000FFFC  addic   r0, r0, -0x4
FFDF23B0  900100CC  stw     r0, 0xCC(r1)
FFDF23B4  80170004  lwz     r0, 0x4(r23)
FFDF23B8  5405023E  clrlwi  r5, r0, 8
FFDF23BC  4BFFBA21  bl      sub_FFDEDDDC
FFDF23C0  48000010  b       loc_FFDF23D0
loc_FFDF23C4:
FFDF23C4  3B80FF3D  li      r28, -0xC3
FFDF23C8  48000008  b       loc_FFDF23D0
loc_FFDF23CC:
FFDF23CC  3B80FF39  li      r28, -0xC7
loc_FFDF23D0:
FFDF23D0  38DC0000  addi    r6, r28, 0x0
FFDF23D4  30610044  addic   r3, r1, 0x44
FFDF23D8  38800001  li      r4, 0x1
FFDF23DC  38A00001  li      r5, 0x1
FFDF23E0  4BFF6AE9  bl      sub_FFDE8EC8
FFDF23E4  818100B8  lwz     r12, 0xB8(r1)
FFDF23E8  302100B0  addic   r1, r1, 0xB0
FFDF23EC  7D8803A6  mtspr   LR, r12
FFDF23F0  BAE1FFDC  lmw     r23, -0x24(r1)
FFDF23F4  4E800020  blr

__RsrcZoneInit:
FFDF23F8  7C0802A6  mfspr   r0, LR
FFDF23FC  9421FFB0  stwu    r1, -0x50(r1)
FFDF2400  90010058  stw     r0, 0x58(r1)
FFDF2404  38600001  li      r3, 0x1
FFDF2408  4800041D  bl      glue_GetEmulatorRegister
FFDF240C  80410014  lwz     r2, 0x14(r1)
FFDF2410  90610038  stw     r3, 0x38(r1)
FFDF2414  38600002  li      r3, 0x2
FFDF2418  4800040D  bl      glue_GetEmulatorRegister
FFDF241C  80410014  lwz     r2, 0x14(r1)
FFDF2420  9061003C  stw     r3, 0x3C(r1)
FFDF2424  38600005  li      r3, 0x5
FFDF2428  480003FD  bl      glue_GetEmulatorRegister
FFDF242C  80410014  lwz     r2, 0x14(r1)
FFDF2430  90610044  stw     r3, 0x44(r1)
FFDF2434  48000045  bl      sub_FFDF2478
FFDF2438  80810038  lwz     r4, 0x38(r1)
FFDF243C  38600001  li      r3, 0x1
FFDF2440  48000409  bl      glue_SetEmulatorRegister
FFDF2444  80410014  lwz     r2, 0x14(r1)
FFDF2448  8081003C  lwz     r4, 0x3C(r1)
FFDF244C  38600002  li      r3, 0x2
FFDF2450  480003F9  bl      glue_SetEmulatorRegister
FFDF2454  80410014  lwz     r2, 0x14(r1)
FFDF2458  80810044  lwz     r4, 0x44(r1)
FFDF245C  38600005  li      r3, 0x5
FFDF2460  480003E9  bl      glue_SetEmulatorRegister
FFDF2464  80410014  lwz     r2, 0x14(r1)
FFDF2468  81810058  lwz     r12, 0x58(r1)
FFDF246C  30210050  addic   r1, r1, 0x50
FFDF2470  7D8803A6  mtspr   LR, r12
FFDF2474  4E800020  blr

sub_FFDF2478:
FFDF2478  7C0802A6  mfspr   r0, LR
FFDF247C  BF61FFEC  stmw    r27, -0x14(r1)
FFDF2480  90010008  stw     r0, 0x8(r1)
FFDF2484  9421FF60  stwu    r1, -0xA0(r1)
FFDF2488  30610040  addic   r3, r1, 0x40
FFDF248C  38800001  li      r4, 0x1
FFDF2490  38A00000  li      r5, 0x0
FFDF2494  38C00000  li      r6, 0x0
FFDF2498  38E00001  li      r7, 0x1
FFDF249C  4BFF6825  bl      sub_FFDE8CC0
FFDF24A0  4800098D  bl      glue_SystemZone
FFDF24A4  80410014  lwz     r2, 0x14(r1)
FFDF24A8  A8A10050  lha     r5, 0x50(r1)
FFDF24AC  3BE30000  addi    r31, r3, 0x0
FFDF24B0  2C050000  cmpwi   cr0, r5, 0x0
FFDF24B4  418000B8  blt     loc_FFDF256C
FFDF24B8  4BFFB579  bl      sub_FFDEDA30
FFDF24BC  30610040  addic   r3, r1, 0x40
FFDF24C0  4BFFD151  bl      sub_FFDEF610
FFDF24C4  83C10054  lwz     r30, 0x54(r1)
FFDF24C8  2C1E0000  cmpwi   cr0, r30, 0x0
FFDF24CC  418200A0  beq     loc_FFDF256C
FFDF24D0  3BA00000  li      r29, 0x0
loc_FFDF24D4:
FFDF24D4  80BE0000  lwz     r5, 0x0(r30)
FFDF24D8  3081003C  addic   r4, r1, 0x3C
FFDF24DC  A0E50014  lhz     r7, 0x14(r5)
FFDF24E0  30A10038  addic   r5, r1, 0x38
FFDF24E4  2C870003  cmpwi   cr1, r7, 0x3
FFDF24E8  387E0000  addi    r3, r30, 0x0
FFDF24EC  41860068  beq     cr1, loc_FFDF2554
FFDF24F0  4BFFD181  bl      sub_FFDEF670
FFDF24F4  7C650735  extsh.  r5, r3
FFDF24F8  A8A10038  lha     r5, 0x38(r1)
FFDF24FC  813E0000  lwz     r9, 0x0(r30)
FFDF2500  2C850000  cmpwi   cr1, r5, 0x0
FFDF2504  80E1003C  lwz     r7, 0x3C(r1)
FFDF2508  4082004C  bne     loc_FFDF2554
FFDF250C  7CE93814  addc    r7, r9, r7
FFDF2510  3387FFFC  addic   r28, r7, -0x4
FFDF2514  3B600000  li      r27, 0x0
FFDF2518  4184003C  blt     cr1, loc_FFDF2554
loc_FFDF251C:
FFDF251C  847C000C  lwzu    r3, 0xC(r28)
FFDF2520  2C030000  cmpwi   cr0, r3, 0x0
FFDF2524  41820020  beq     loc_FFDF2544
FFDF2528  48000659  bl      glue_HandleZone
FFDF252C  80410014  lwz     r2, 0x14(r1)
FFDF2530  7C1F1840  cmplw   r31, r3
FFDF2534  A8A10038  lha     r5, 0x38(r1)
FFDF2538  4182000C  beq     loc_FFDF2544
FFDF253C  93BC0000  stw     r29, 0x0(r28)
FFDF2540  A8A10038  lha     r5, 0x38(r1)
loc_FFDF2544:
FFDF2544  30FB0001  addic   r7, r27, 0x1
FFDF2548  7CFB0734  extsh   r27, r7
FFDF254C  7C9B2800  cmpw    cr1, r27, r5
FFDF2550  4085FFCC  ble     cr1, loc_FFDF251C
loc_FFDF2554:
FFDF2554  387E0000  addi    r3, r30, 0x0
FFDF2558  30810040  addic   r4, r1, 0x40
FFDF255C  4BFF64E1  bl      sub_FFDE8A3C
FFDF2560  3BC30000  addi    r30, r3, 0x0
FFDF2564  2C1E0000  cmpwi   cr0, r30, 0x0
FFDF2568  4082FF6C  bne     loc_FFDF24D4
loc_FFDF256C:
FFDF256C  30610040  addic   r3, r1, 0x40
FFDF2570  38800001  li      r4, 0x1
FFDF2574  38A00000  li      r5, 0x0
FFDF2578  38C00000  li      r6, 0x0
FFDF257C  4BFF694D  bl      sub_FFDE8EC8
FFDF2580  818100A8  lwz     r12, 0xA8(r1)
FFDF2584  302100A0  addic   r1, r1, 0xA0
FFDF2588  7D8803A6  mtspr   LR, r12
FFDF258C  BB61FFEC  lmw     r27, -0x14(r1)
FFDF2590  4E800020  blr

sub_FFDF2594:
FFDF2594  BF81FFF0  stmw    r28, -0x10(r1)
FFDF2598d 3D20464F  .ascii  "= FO1)ND"
FFDF25A0? 7C054840  cmplw   r5, r9
FFDF25A4? 7C0802A6  mfspr   r0, LR
FFDF25A8? 3BA30000  addi    r29, r3, 0x0
FFDF25AC? 90010008  stw     r0, 0x8(r1)
FFDF25B0? 9421FFB0  stwu    r1, -0x50(r1)
FFDF25B4? 3BC40000  addi    r30, r4, 0x0
FFDF25B8? 40820078  bne     loc_FFDF2630
FFDF25BC? 807D0000  lwz     r3, 0x0(r29)
FFDF25C0? 7FE3F014  addc    r31, r3, r30
FFDF25C4? 48000459  bl      glue_LMGetExpandMem
FFDF25C8? 80410014  lwz     r2, 0x14(r1)
FFDF25CC? 83830068  lwz     r28, 0x68(r3)
FFDF25D0? 389F0000  addi    r4, r31, 0x0
FFDF25D4? 807C0000  lwz     r3, 0x0(r28)
FFDF25D8? 8063009A  lwz     r3, 0x9A(r3)
FFDF25DC? 48000065  bl      sub_FFDF2640
FFDF25E0? 5463063F  clrlwi. r3, r3, 24
FFDF25E4? 38800000  li      r4, 0x0
FFDF25E8? 807C0000  lwz     r3, 0x0(r28)
FFDF25EC? 41820008  beq     loc_FFDF25F4
FFDF25F0? 9083009A  stw     r4, 0x9A(r3)
loc_FFDF25F4:
FFDF25F4? 809D0000  lwz     r4, 0x0(r29)
FFDF25F8? 807C0000  lwz     r3, 0x0(r28)
FFDF25FC? 7C84F014  addc    r4, r4, r30
FFDF2600? 8063009E  lwz     r3, 0x9E(r3)
FFDF2604? 4800003D  bl      sub_FFDF2640
FFDF2608? 5463063F  clrlwi. r3, r3, 24
FFDF260C? 807C0000  lwz     r3, 0x0(r28)
FFDF2610? 38800000  li      r4, 0x0
FFDF2614? 41820008  beq     loc_FFDF261C
FFDF2618? 9083009E  stw     r4, 0x9E(r3)
loc_FFDF261C:
FFDF261C? 81810058  lwz     r12, 0x58(r1)
FFDF2620? 30210050  addic   r1, r1, 0x50
FFDF2624? 7D8803A6  mtspr   LR, r12
FFDF2628? BB81FFF0  lmw     r28, -0x10(r1)
FFDF262C? 4E800020  blr
loc_FFDF2630:
FFDF2630? 83C10048  lwz     r30, 0x48(r1)
FFDF2634? 83A10044  lwz     r29, 0x44(r1)
FFDF2638? 30210050  addic   r1, r1, 0x50
FFDF263C? 4E800020  blr

sub_FFDF2640:
FFDF2640? 2C030000  cmpwi   cr0, r3, 0x0
FFDF2644? 7C0802A6  mfspr   r0, LR
FFDF2648? 9421FFC0  stwu    r1, -0x40(r1)
FFDF264C? 90010048  stw     r0, 0x48(r1)
FFDF2650? 4182003C  beq     loc_FFDF268C
FFDF2654? 80A30000  lwz     r5, 0x0(r3)
FFDF2658? 2C850000  cmpwi   cr1, r5, 0x0
FFDF265C? 41860030  beq     cr1, loc_FFDF268C
FFDF2660? A8840000  lha     r4, 0x0(r4)
FFDF2664? A8050000  lha     r0, 0x0(r5)
FFDF2668? 7C040000  cmpw    r4, r0
FFDF266C? 40820020  bne     loc_FFDF268C
FFDF2670? 48000829  bl      glue_DisposeHandle
FFDF2674? 80410014  lwz     r2, 0x14(r1)
FFDF2678? 38600001  li      r3, 0x1
FFDF267C? 81810048  lwz     r12, 0x48(r1)
FFDF2680? 30210040  addic   r1, r1, 0x40
FFDF2684? 7D8803A6  mtspr   LR, r12
FFDF2688? 4E800020  blr
loc_FFDF268C:
FFDF268C? 30210040  addic   r1, r1, 0x40
FFDF2690? 38600000  li      r3, 0x0
FFDF2694? 4E800020  blr

glue_LMSetJCheckLoad:
FFDF2698  81820004  lwz     r12, 0x4(r2)                       ; TOC[+4] LMSetJCheckLoad
FFDF269C  90410014  stw     r2, 0x14(r1)
FFDF26A0  800C0000  lwz     r0, 0x0(r12)
FFDF26A4  804C0004  lwz     r2, 0x4(r12)
FFDF26A8  7C0903A6  mtspr   CTR, r0
FFDF26AC  4E800420  bctr
FFDF26B0d 00000000  .long   0x00000000
FFDF26B4d 000C8000  .long   0x000C8000
FFDF26B8d 00000000  .long   0x00000000

glue_NewGestaltValue:
FFDF26BC  81820010  lwz     r12, 0x10(r2)                      ; TOC[+16] NewGestaltValue
FFDF26C0  90410014  stw     r2, 0x14(r1)
FFDF26C4  800C0000  lwz     r0, 0x0(r12)
FFDF26C8  804C0004  lwz     r2, 0x4(r12)
FFDF26CC  7C0903A6  mtspr   CTR, r0
FFDF26D0  4E800420  bctr
FFDF26D4d 00000000  .long   0x00000000
FFDF26D8d 000C8000  .long   0x000C8000
FFDF26DCd 00000000  .long   0x00000000

glue_CurResFile:
FFDF26E0  81820014  lwz     r12, 0x14(r2)                      ; TOC[+20] CurResFile
FFDF26E4  90410014  stw     r2, 0x14(r1)
FFDF26E8  800C0000  lwz     r0, 0x0(r12)
FFDF26EC  804C0004  lwz     r2, 0x4(r12)
FFDF26F0  7C0903A6  mtspr   CTR, r0
FFDF26F4  4E800420  bctr
FFDF26F8d 00000000  .long   0x00000000
FFDF26FCd 000C8000  .long   0x000C8000
FFDF2700d 00000000  .long   0x00000000

glue_UseResFile:
FFDF2704  81820018  lwz     r12, 0x18(r2)                      ; TOC[+24] UseResFile
FFDF2708  90410014  stw     r2, 0x14(r1)
FFDF270C  800C0000  lwz     r0, 0x0(r12)
FFDF2710  804C0004  lwz     r2, 0x4(r12)
FFDF2714  7C0903A6  mtspr   CTR, r0
FFDF2718  4E800420  bctr
FFDF271Cd 00000000  .long   0x00000000
FFDF2720d 000C8000  .long   0x000C8000
FFDF2724d 00000000  .long   0x00000000

glue_Count1Resources:
FFDF2728  8182001C  lwz     r12, 0x1C(r2)                      ; TOC[+28] Count1Resources
FFDF272C  90410014  stw     r2, 0x14(r1)
FFDF2730  800C0000  lwz     r0, 0x0(r12)
FFDF2734  804C0004  lwz     r2, 0x4(r12)
FFDF2738  7C0903A6  mtspr   CTR, r0
FFDF273C  4E800420  bctr
FFDF2740d 00000000  .long   0x00000000
FFDF2744d 000C8000  .long   0x000C8000
FFDF2748d 00000000  .long   0x00000000

glue_NewPtr:
FFDF274C  81820024  lwz     r12, 0x24(r2)                      ; TOC[+36] NewPtr
FFDF2750  90410014  stw     r2, 0x14(r1)
FFDF2754  800C0000  lwz     r0, 0x0(r12)
FFDF2758  804C0004  lwz     r2, 0x4(r12)
FFDF275C  7C0903A6  mtspr   CTR, r0
FFDF2760  4E800420  bctr
FFDF2764d 00000000  .long   0x00000000
FFDF2768d 000C8000  .long   0x000C8000
FFDF276Cd 00000000  .long   0x00000000

glue_Get1IndResource:
FFDF2770  8182002C  lwz     r12, 0x2C(r2)                      ; TOC[+44] Get1IndResource
FFDF2774  90410014  stw     r2, 0x14(r1)
FFDF2778  800C0000  lwz     r0, 0x0(r12)
FFDF277C  804C0004  lwz     r2, 0x4(r12)
FFDF2780  7C0903A6  mtspr   CTR, r0
FFDF2784  4E800420  bctr
FFDF2788d 00000000  .long   0x00000000
FFDF278Cd 000C8000  .long   0x000C8000
FFDF2790d 00000000  .long   0x00000000

glue_HLock:
FFDF2794  81820030  lwz     r12, 0x30(r2)                      ; TOC[+48] HLock
FFDF2798  90410014  stw     r2, 0x14(r1)
FFDF279C  800C0000  lwz     r0, 0x0(r12)
FFDF27A0  804C0004  lwz     r2, 0x4(r12)
FFDF27A4  7C0903A6  mtspr   CTR, r0
FFDF27A8  4E800420  bctr
FFDF27ACd 00000000  .long   0x00000000
FFDF27B0d 000C8000  .long   0x000C8000
FFDF27B4d 00000000  .long   0x00000000

glue_GetResInfo:
FFDF27B8  81820034  lwz     r12, 0x34(r2)                      ; TOC[+52] GetResInfo
FFDF27BC  90410014  stw     r2, 0x14(r1)
FFDF27C0  800C0000  lwz     r0, 0x0(r12)
FFDF27C4  804C0004  lwz     r2, 0x4(r12)
FFDF27C8  7C0903A6  mtspr   CTR, r0
FFDF27CC  4E800420  bctr
FFDF27D0d 00000000  .long   0x00000000
FFDF27D4d 000C8000  .long   0x000C8000
FFDF27D8d 00000000  .long   0x00000000

glue_GetHandleSize:
FFDF27DC  81820038  lwz     r12, 0x38(r2)                      ; TOC[+56] GetHandleSize
FFDF27E0  90410014  stw     r2, 0x14(r1)
FFDF27E4  800C0000  lwz     r0, 0x0(r12)
FFDF27E8  804C0004  lwz     r2, 0x4(r12)
FFDF27EC  7C0903A6  mtspr   CTR, r0
FFDF27F0  4E800420  bctr
FFDF27F4d 00000000  .long   0x00000000
FFDF27F8d 000C8000  .long   0x000C8000
FFDF27FCd 00000000  .long   0x00000000

glue_FragPrepare:
FFDF2800  8182003C  lwz     r12, 0x3C(r2)                      ; TOC[+60] FragPrepare
FFDF2804  90410014  stw     r2, 0x14(r1)
FFDF2808  800C0000  lwz     r0, 0x0(r12)
FFDF280C  804C0004  lwz     r2, 0x4(r12)
FFDF2810  7C0903A6  mtspr   CTR, r0
FFDF2814  4E800420  bctr
FFDF2818d 00000000  .long   0x00000000
FFDF281Cd 000C8000  .long   0x000C8000
FFDF2820d 00000000  .long   0x00000000

glue_GetEmulatorRegister:
FFDF2824  81820040  lwz     r12, 0x40(r2)                      ; TOC[+64] GetEmulatorRegister
FFDF2828  90410014  stw     r2, 0x14(r1)
FFDF282C  800C0000  lwz     r0, 0x0(r12)
FFDF2830  804C0004  lwz     r2, 0x4(r12)
FFDF2834  7C0903A6  mtspr   CTR, r0
FFDF2838  4E800420  bctr
FFDF283Cd 00000000  .long   0x00000000
FFDF2840d 000C8000  .long   0x000C8000
FFDF2844d 00000000  .long   0x00000000

glue_SetEmulatorRegister:
FFDF2848  81820044  lwz     r12, 0x44(r2)                      ; TOC[+68] SetEmulatorRegister
FFDF284C  90410014  stw     r2, 0x14(r1)
FFDF2850  800C0000  lwz     r0, 0x0(r12)
FFDF2854  804C0004  lwz     r2, 0x4(r12)
FFDF2858  7C0903A6  mtspr   CTR, r0
FFDF285C  4E800420  bctr
FFDF2860d 00000000  .long   0x00000000
FFDF2864d 000C8000  .long   0x000C8000
FFDF2868d 00000000  .long   0x00000000

glue_LMGetTopMapHndl:
FFDF286C  81820048  lwz     r12, 0x48(r2)                      ; TOC[+72] LMGetTopMapHndl
FFDF2870  90410014  stw     r2, 0x14(r1)
FFDF2874  800C0000  lwz     r0, 0x0(r12)
FFDF2878  804C0004  lwz     r2, 0x4(r12)
FFDF287C  7C0903A6  mtspr   CTR, r0
FFDF2880  4E800420  bctr
FFDF2884d 00000000  .long   0x00000000
FFDF2888d 000C8000  .long   0x000C8000
FFDF288Cd 00000000  .long   0x00000000

glue_LMGetROMMapHndl:
FFDF2890  8182004C  lwz     r12, 0x4C(r2)                      ; TOC[+76] LMGetROMMapHndl
FFDF2894  90410014  stw     r2, 0x14(r1)
FFDF2898  800C0000  lwz     r0, 0x0(r12)
FFDF289C  804C0004  lwz     r2, 0x4(r12)
FFDF28A0  7C0903A6  mtspr   CTR, r0
FFDF28A4  4E800420  bctr
FFDF28A8d 00000000  .long   0x00000000
FFDF28ACd 000C8000  .long   0x000C8000
FFDF28B0d 00000000  .long   0x00000000

glue_LMGetCurMap:
FFDF28B4  81820050  lwz     r12, 0x50(r2)                      ; TOC[+80] LMGetCurMap
FFDF28B8  90410014  stw     r2, 0x14(r1)
FFDF28BC  800C0000  lwz     r0, 0x0(r12)
FFDF28C0  804C0004  lwz     r2, 0x4(r12)
FFDF28C4  7C0903A6  mtspr   CTR, r0
FFDF28C8  4E800420  bctr
FFDF28CCd 00000000  .long   0x00000000
FFDF28D0d 000C8000  .long   0x000C8000
FFDF28D4d 00000000  .long   0x00000000

glue_LMSetCurMap:
FFDF28D8  81820054  lwz     r12, 0x54(r2)                      ; TOC[+84] LMSetCurMap
FFDF28DC  90410014  stw     r2, 0x14(r1)
FFDF28E0  800C0000  lwz     r0, 0x0(r12)
FFDF28E4  804C0004  lwz     r2, 0x4(r12)
FFDF28E8  7C0903A6  mtspr   CTR, r0
FFDF28EC  4E800420  bctr
FFDF28F0d 00000000  .long   0x00000000
FFDF28F4d 000C8000  .long   0x000C8000
FFDF28F8d 00000000  .long   0x00000000

glue_LMSetTopMapHndl:
FFDF28FC  81820058  lwz     r12, 0x58(r2)                      ; TOC[+88] LMSetTopMapHndl
FFDF2900  90410014  stw     r2, 0x14(r1)
FFDF2904  800C0000  lwz     r0, 0x0(r12)
FFDF2908  804C0004  lwz     r2, 0x4(r12)
FFDF290C  7C0903A6  mtspr   CTR, r0
FFDF2910  4E800420  bctr
FFDF2914d 00000000  .long   0x00000000
FFDF2918d 000C8000  .long   0x000C8000
FFDF291Cd 00000000  .long   0x00000000

glue_LMGetResLoad:
FFDF2920  8182005C  lwz     r12, 0x5C(r2)                      ; TOC[+92] LMGetResLoad
FFDF2924  90410014  stw     r2, 0x14(r1)
FFDF2928  800C0000  lwz     r0, 0x0(r12)
FFDF292C  804C0004  lwz     r2, 0x4(r12)
FFDF2930  7C0903A6  mtspr   CTR, r0
FFDF2934  4E800420  bctr
FFDF2938d 00000000  .long   0x00000000
FFDF293Cd 000C8000  .long   0x000C8000
FFDF2940d 00000000  .long   0x00000000

glue_LMGetTmpResLoad:
FFDF2944  81820060  lwz     r12, 0x60(r2)                      ; TOC[+96] LMGetTmpResLoad
FFDF2948  90410014  stw     r2, 0x14(r1)
FFDF294C  800C0000  lwz     r0, 0x0(r12)
FFDF2950  804C0004  lwz     r2, 0x4(r12)
FFDF2954  7C0903A6  mtspr   CTR, r0
FFDF2958  4E800420  bctr
FFDF295Cd 00000000  .long   0x00000000
FFDF2960d 000C8000  .long   0x000C8000
FFDF2964d 00000000  .long   0x00000000

glue_LMSetResLoad:
FFDF2968  81820064  lwz     r12, 0x64(r2)                      ; TOC[+100] LMSetResLoad
FFDF296C  90410014  stw     r2, 0x14(r1)
FFDF2970  800C0000  lwz     r0, 0x0(r12)
FFDF2974  804C0004  lwz     r2, 0x4(r12)
FFDF2978  7C0903A6  mtspr   CTR, r0
FFDF297C  4E800420  bctr
FFDF2980d 00000000  .long   0x00000000
FFDF2984d 000C8000  .long   0x000C8000
FFDF2988d 00000000  .long   0x00000000

glue_LMSetTmpResLoad:
FFDF298C  81820068  lwz     r12, 0x68(r2)                      ; TOC[+104] LMSetTmpResLoad
FFDF2990  90410014  stw     r2, 0x14(r1)
FFDF2994  800C0000  lwz     r0, 0x0(r12)
FFDF2998  804C0004  lwz     r2, 0x4(r12)
FFDF299C  7C0903A6  mtspr   CTR, r0
FFDF29A0  4E800420  bctr
FFDF29A4d 00000000  .long   0x00000000
FFDF29A8d 000C8000  .long   0x000C8000
FFDF29ACd 00000000  .long   0x00000000

glue_LMGetSysMap:
FFDF29B0  8182006C  lwz     r12, 0x6C(r2)                      ; TOC[+108] LMGetSysMap
FFDF29B4  90410014  stw     r2, 0x14(r1)
FFDF29B8  800C0000  lwz     r0, 0x0(r12)
FFDF29BC  804C0004  lwz     r2, 0x4(r12)
FFDF29C0  7C0903A6  mtspr   CTR, r0
FFDF29C4  4E800420  bctr
FFDF29C8d 00000000  .long   0x00000000
FFDF29CCd 000C8000  .long   0x000C8000
FFDF29D0d 00000000  .long   0x00000000

glue_LMGetSysMapHndl:
FFDF29D4  81820070  lwz     r12, 0x70(r2)                      ; TOC[+112] LMGetSysMapHndl
FFDF29D8  90410014  stw     r2, 0x14(r1)
FFDF29DC  800C0000  lwz     r0, 0x0(r12)
FFDF29E0  804C0004  lwz     r2, 0x4(r12)
FFDF29E4  7C0903A6  mtspr   CTR, r0
FFDF29E8  4E800420  bctr
FFDF29ECd 00000000  .long   0x00000000
FFDF29F0d 000C8000  .long   0x000C8000
FFDF29F4d 00000000  .long   0x00000000

glue_LMSetResOneDeep:
FFDF29F8  81820074  lwz     r12, 0x74(r2)                      ; TOC[+116] LMSetResOneDeep
FFDF29FC  90410014  stw     r2, 0x14(r1)
FFDF2A00  800C0000  lwz     r0, 0x0(r12)
FFDF2A04  804C0004  lwz     r2, 0x4(r12)
FFDF2A08  7C0903A6  mtspr   CTR, r0
FFDF2A0C  4E800420  bctr
FFDF2A10d 00000000  .long   0x00000000
FFDF2A14d 000C8000  .long   0x000C8000
FFDF2A18d 00000000  .long   0x00000000

glue_LMGetExpandMem:
FFDF2A1C  81820078  lwz     r12, 0x78(r2)                      ; TOC[+120] LMGetExpandMem
FFDF2A20  90410014  stw     r2, 0x14(r1)
FFDF2A24  800C0000  lwz     r0, 0x0(r12)
FFDF2A28  804C0004  lwz     r2, 0x4(r12)
FFDF2A2C  7C0903A6  mtspr   CTR, r0
FFDF2A30  4E800420  bctr
FFDF2A34d 00000000  .long   0x00000000
FFDF2A38d 000C8000  .long   0x000C8000
FFDF2A3Cd 00000000  .long   0x00000000

glue_GetOverrideMap:
FFDF2A40  8182007C  lwz     r12, 0x7C(r2)                      ; TOC[+124] GetOverrideMap
FFDF2A44  90410014  stw     r2, 0x14(r1)
FFDF2A48  800C0000  lwz     r0, 0x0(r12)
FFDF2A4C  804C0004  lwz     r2, 0x4(r12)
FFDF2A50  7C0903A6  mtspr   CTR, r0
FFDF2A54  4E800420  bctr
FFDF2A58d 00000000  .long   0x00000000
FFDF2A5Cd 000C8000  .long   0x000C8000
FFDF2A60d 00000000  .long   0x00000000

glue_LMGetROMMapInsert:
FFDF2A64  81820080  lwz     r12, 0x80(r2)                      ; TOC[+128] LMGetROMMapInsert
FFDF2A68  90410014  stw     r2, 0x14(r1)
FFDF2A6C  800C0000  lwz     r0, 0x0(r12)
FFDF2A70  804C0004  lwz     r2, 0x4(r12)
FFDF2A74  7C0903A6  mtspr   CTR, r0
FFDF2A78  4E800420  bctr
FFDF2A7Cd 00000000  .long   0x00000000
FFDF2A80d 000C8000  .long   0x000C8000
FFDF2A84d 00000000  .long   0x00000000

glue_LMSetROMMapInsert:
FFDF2A88  81820084  lwz     r12, 0x84(r2)                      ; TOC[+132] LMSetROMMapInsert
FFDF2A8C  90410014  stw     r2, 0x14(r1)
FFDF2A90  800C0000  lwz     r0, 0x0(r12)
FFDF2A94  804C0004  lwz     r2, 0x4(r12)
FFDF2A98  7C0903A6  mtspr   CTR, r0
FFDF2A9C  4E800420  bctr
FFDF2AA0d 00000000  .long   0x00000000
FFDF2AA4d 000C8000  .long   0x000C8000
FFDF2AA8d 00000000  .long   0x00000000

glue_LMSetResErr:
FFDF2AAC  81820088  lwz     r12, 0x88(r2)                      ; TOC[+136] LMSetResErr
FFDF2AB0  90410014  stw     r2, 0x14(r1)
FFDF2AB4  800C0000  lwz     r0, 0x0(r12)
FFDF2AB8  804C0004  lwz     r2, 0x4(r12)
FFDF2ABC  7C0903A6  mtspr   CTR, r0
FFDF2AC0  4E800420  bctr
FFDF2AC4d 00000000  .long   0x00000000
FFDF2AC8d 000C8000  .long   0x000C8000
FFDF2ACCd 00000000  .long   0x00000000

glue_LMGetResErrProc:
FFDF2AD0  8182008C  lwz     r12, 0x8C(r2)                      ; TOC[+140] LMGetResErrProc
FFDF2AD4  90410014  stw     r2, 0x14(r1)
FFDF2AD8  800C0000  lwz     r0, 0x0(r12)
FFDF2ADC  804C0004  lwz     r2, 0x4(r12)
FFDF2AE0  7C0903A6  mtspr   CTR, r0
FFDF2AE4  4E800420  bctr
FFDF2AE8d 00000000  .long   0x00000000
FFDF2AECd 000C8000  .long   0x000C8000
FFDF2AF0d 00000000  .long   0x00000000

glue_CallUniversalProc:
FFDF2AF4  81820090  lwz     r12, 0x90(r2)                      ; TOC[+144] CallUniversalProc
FFDF2AF8  90410014  stw     r2, 0x14(r1)
FFDF2AFC  800C0000  lwz     r0, 0x0(r12)
FFDF2B00  804C0004  lwz     r2, 0x4(r12)
FFDF2B04  7C0903A6  mtspr   CTR, r0
FFDF2B08  4E800420  bctr
FFDF2B0Cd 00000000  .long   0x00000000
FFDF2B10d 000C8000  .long   0x000C8000
FFDF2B14d 00000000  .long   0x00000000

sub_FFDF2B18:
FFDF2B18  800B0000  lwz     r0, 0x0(r11)
FFDF2B1C  90410014  stw     r2, 0x14(r1)
FFDF2B20  7C0903A6  mtspr   CTR, r0
FFDF2B24  804B0004  lwz     r2, 0x4(r11)
FFDF2B28  7D6C5B78  mr      r12, r11
FFDF2B2C  816B0008  lwz     r11, 0x8(r11)
FFDF2B30  4E800420  bctr
FFDF2B34? 4E800020  blr
FFDF2B38d 00000000  .long   0x00000000
FFDF2B3Cd 000C0000  .long   0x000C0000
FFDF2B40d ........  .space  0x1C                      ; zero to FFDF2B5C

glue_LMGetROMBase:
FFDF2B5C  81820098  lwz     r12, 0x98(r2)                      ; TOC[+152] LMGetROMBase
FFDF2B60  90410014  stw     r2, 0x14(r1)
FFDF2B64  800C0000  lwz     r0, 0x0(r12)
FFDF2B68  804C0004  lwz     r2, 0x4(r12)
FFDF2B6C  7C0903A6  mtspr   CTR, r0
FFDF2B70  4E800420  bctr
FFDF2B74d 00000000  .long   0x00000000
FFDF2B78d 000C8000  .long   0x000C8000
FFDF2B7Cd 00000000  .long   0x00000000

glue_HandleZone:
FFDF2B80  8182009C  lwz     r12, 0x9C(r2)                      ; TOC[+156] HandleZone
FFDF2B84  90410014  stw     r2, 0x14(r1)
FFDF2B88  800C0000  lwz     r0, 0x0(r12)
FFDF2B8C  804C0004  lwz     r2, 0x4(r12)
FFDF2B90  7C0903A6  mtspr   CTR, r0
FFDF2B94  4E800420  bctr
FFDF2B98d 00000000  .long   0x00000000
FFDF2B9Cd 000C8000  .long   0x000C8000
FFDF2BA0d 00000000  .long   0x00000000

glue_HGetState:
FFDF2BA4  818200A0  lwz     r12, 0xA0(r2)                      ; TOC[+160] HGetState
FFDF2BA8  90410014  stw     r2, 0x14(r1)
FFDF2BAC  800C0000  lwz     r0, 0x0(r12)
FFDF2BB0  804C0004  lwz     r2, 0x4(r12)
FFDF2BB4  7C0903A6  mtspr   CTR, r0
FFDF2BB8  4E800420  bctr
FFDF2BBCd 00000000  .long   0x00000000
FFDF2BC0d 000C8000  .long   0x000C8000
FFDF2BC4d 00000000  .long   0x00000000

glue_HSetState:
FFDF2BC8  818200A4  lwz     r12, 0xA4(r2)                      ; TOC[+164] HSetState
FFDF2BCC  90410014  stw     r2, 0x14(r1)
FFDF2BD0  800C0000  lwz     r0, 0x0(r12)
FFDF2BD4  804C0004  lwz     r2, 0x4(r12)
FFDF2BD8  7C0903A6  mtspr   CTR, r0
FFDF2BDC  4E800420  bctr
FFDF2BE0d 00000000  .long   0x00000000
FFDF2BE4d 000C8000  .long   0x000C8000
FFDF2BE8d 00000000  .long   0x00000000

glue_ReserveMem:
FFDF2BEC  818200A8  lwz     r12, 0xA8(r2)                      ; TOC[+168] ReserveMem
FFDF2BF0  90410014  stw     r2, 0x14(r1)
FFDF2BF4  800C0000  lwz     r0, 0x0(r12)
FFDF2BF8  804C0004  lwz     r2, 0x4(r12)
FFDF2BFC  7C0903A6  mtspr   CTR, r0
FFDF2C00  4E800420  bctr
FFDF2C04d 00000000  .long   0x00000000
FFDF2C08d 000C8000  .long   0x000C8000
FFDF2C0Cd 00000000  .long   0x00000000

glue_NewHandle:
FFDF2C10  818200AC  lwz     r12, 0xAC(r2)                      ; TOC[+172] NewHandle
FFDF2C14  90410014  stw     r2, 0x14(r1)
FFDF2C18  800C0000  lwz     r0, 0x0(r12)
FFDF2C1C  804C0004  lwz     r2, 0x4(r12)
FFDF2C20  7C0903A6  mtspr   CTR, r0
FFDF2C24  4E800420  bctr
FFDF2C28d 00000000  .long   0x00000000
FFDF2C2Cd 000C8000  .long   0x000C8000
FFDF2C30d 00000000  .long   0x00000000

glue_MemError:
FFDF2C34  818200B0  lwz     r12, 0xB0(r2)                      ; TOC[+176] MemError
FFDF2C38  90410014  stw     r2, 0x14(r1)
FFDF2C3C  800C0000  lwz     r0, 0x0(r12)
FFDF2C40  804C0004  lwz     r2, 0x4(r12)
FFDF2C44  7C0903A6  mtspr   CTR, r0
FFDF2C48  4E800420  bctr
FFDF2C4Cd 00000000  .long   0x00000000
FFDF2C50d 000C8000  .long   0x000C8000
FFDF2C54d 00000000  .long   0x00000000

glue_ReallocateHandle:
FFDF2C58  818200B4  lwz     r12, 0xB4(r2)                      ; TOC[+180] ReallocateHandle
FFDF2C5C  90410014  stw     r2, 0x14(r1)
FFDF2C60  800C0000  lwz     r0, 0x0(r12)
FFDF2C64  804C0004  lwz     r2, 0x4(r12)
FFDF2C68  7C0903A6  mtspr   CTR, r0
FFDF2C6C  4E800420  bctr
FFDF2C70d 00000000  .long   0x00000000
FFDF2C74d 000C8000  .long   0x000C8000
FFDF2C78d 00000000  .long   0x00000000

glue_SetHandleSize:
FFDF2C7C  818200B8  lwz     r12, 0xB8(r2)                      ; TOC[+184] SetHandleSize
FFDF2C80  90410014  stw     r2, 0x14(r1)
FFDF2C84  800C0000  lwz     r0, 0x0(r12)
FFDF2C88  804C0004  lwz     r2, 0x4(r12)
FFDF2C8C  7C0903A6  mtspr   CTR, r0
FFDF2C90  4E800420  bctr
FFDF2C94d 00000000  .long   0x00000000
FFDF2C98d 000C8000  .long   0x000C8000
FFDF2C9Cd 00000000  .long   0x00000000

glue_DisposePtr:
FFDF2CA0  818200BC  lwz     r12, 0xBC(r2)                      ; TOC[+188] DisposePtr
FFDF2CA4  90410014  stw     r2, 0x14(r1)
FFDF2CA8  800C0000  lwz     r0, 0x0(r12)
FFDF2CAC  804C0004  lwz     r2, 0x4(r12)
FFDF2CB0  7C0903A6  mtspr   CTR, r0
FFDF2CB4  4E800420  bctr
FFDF2CB8d 00000000  .long   0x00000000
FFDF2CBCd 000C8000  .long   0x000C8000
FFDF2CC0d 00000000  .long   0x00000000

glue_LMGetResOneDeep:
FFDF2CC4  818200C0  lwz     r12, 0xC0(r2)                      ; TOC[+192] LMGetResOneDeep
FFDF2CC8  90410014  stw     r2, 0x14(r1)
FFDF2CCC  800C0000  lwz     r0, 0x0(r12)
FFDF2CD0  804C0004  lwz     r2, 0x4(r12)
FFDF2CD4  7C0903A6  mtspr   CTR, r0
FFDF2CD8  4E800420  bctr
FFDF2CDCd 00000000  .long   0x00000000
FFDF2CE0d 000C8000  .long   0x000C8000
FFDF2CE4d 00000000  .long   0x00000000

glue_LMGetResErr:
FFDF2CE8  818200C4  lwz     r12, 0xC4(r2)                      ; TOC[+196] LMGetResErr
FFDF2CEC  90410014  stw     r2, 0x14(r1)
FFDF2CF0  800C0000  lwz     r0, 0x0(r12)
FFDF2CF4  804C0004  lwz     r2, 0x4(r12)
FFDF2CF8  7C0903A6  mtspr   CTR, r0
FFDF2CFC  4E800420  bctr
FFDF2D00d 00000000  .long   0x00000000
FFDF2D04d 000C8000  .long   0x000C8000
FFDF2D08d 00000000  .long   0x00000000

glue_LMGetBrianBits:
FFDF2D0C  818200C8  lwz     r12, 0xC8(r2)                      ; TOC[+200] LMGetBrianBits
FFDF2D10  90410014  stw     r2, 0x14(r1)
FFDF2D14  800C0000  lwz     r0, 0x0(r12)
FFDF2D18  804C0004  lwz     r2, 0x4(r12)
FFDF2D1C  7C0903A6  mtspr   CTR, r0
FFDF2D20  4E800420  bctr
FFDF2D24d 00000000  .long   0x00000000
FFDF2D28d 000C8000  .long   0x000C8000
FFDF2D2Cd 00000000  .long   0x00000000

glue_LMSetBrianBits:
FFDF2D30  818200CC  lwz     r12, 0xCC(r2)                      ; TOC[+204] LMSetBrianBits
FFDF2D34  90410014  stw     r2, 0x14(r1)
FFDF2D38  800C0000  lwz     r0, 0x0(r12)
FFDF2D3C  804C0004  lwz     r2, 0x4(r12)
FFDF2D40  7C0903A6  mtspr   CTR, r0
FFDF2D44  4E800420  bctr
FFDF2D48d 00000000  .long   0x00000000
FFDF2D4Cd 000C8000  .long   0x000C8000
FFDF2D50d 00000000  .long   0x00000000

glue_PBReadSync:
FFDF2D54  818200D0  lwz     r12, 0xD0(r2)                      ; TOC[+208] PBReadSync
FFDF2D58  90410014  stw     r2, 0x14(r1)
FFDF2D5C  800C0000  lwz     r0, 0x0(r12)
FFDF2D60  804C0004  lwz     r2, 0x4(r12)
FFDF2D64  7C0903A6  mtspr   CTR, r0
FFDF2D68  4E800420  bctr
FFDF2D6Cd 00000000  .long   0x00000000
FFDF2D70d 000C8000  .long   0x000C8000
FFDF2D74d 00000000  .long   0x00000000

glue_PBCloseSync:
FFDF2D78  818200D4  lwz     r12, 0xD4(r2)                      ; TOC[+212] PBCloseSync
FFDF2D7C  90410014  stw     r2, 0x14(r1)
FFDF2D80  800C0000  lwz     r0, 0x0(r12)
FFDF2D84  804C0004  lwz     r2, 0x4(r12)
FFDF2D88  7C0903A6  mtspr   CTR, r0
FFDF2D8C  4E800420  bctr
FFDF2D90d 00000000  .long   0x00000000
FFDF2D94d 000C8000  .long   0x000C8000
FFDF2D98d 00000000  .long   0x00000000

glue_EqualString:
FFDF2D9C  818200E4  lwz     r12, 0xE4(r2)                      ; TOC[+228] EqualString
FFDF2DA0  90410014  stw     r2, 0x14(r1)
FFDF2DA4  800C0000  lwz     r0, 0x0(r12)
FFDF2DA8  804C0004  lwz     r2, 0x4(r12)
FFDF2DAC  7C0903A6  mtspr   CTR, r0
FFDF2DB0  4E800420  bctr
FFDF2DB4d 00000000  .long   0x00000000
FFDF2DB8d 000C8000  .long   0x000C8000
FFDF2DBCd 00000000  .long   0x00000000

glue_LMGetJCheckLoad:
FFDF2DC0  818200E8  lwz     r12, 0xE8(r2)                      ; TOC[+232] LMGetJCheckLoad
FFDF2DC4  90410014  stw     r2, 0x14(r1)
FFDF2DC8  800C0000  lwz     r0, 0x0(r12)
FFDF2DCC  804C0004  lwz     r2, 0x4(r12)
FFDF2DD0  7C0903A6  mtspr   CTR, r0
FFDF2DD4  4E800420  bctr
FFDF2DD8d 00000000  .long   0x00000000
FFDF2DDCd 000C8000  .long   0x000C8000
FFDF2DE0d 00000000  .long   0x00000000

glue_GetZone:
FFDF2DE4  818200F0  lwz     r12, 0xF0(r2)                      ; TOC[+240] GetZone
FFDF2DE8  90410014  stw     r2, 0x14(r1)
FFDF2DEC  800C0000  lwz     r0, 0x0(r12)
FFDF2DF0  804C0004  lwz     r2, 0x4(r12)
FFDF2DF4  7C0903A6  mtspr   CTR, r0
FFDF2DF8  4E800420  bctr
FFDF2DFCd 00000000  .long   0x00000000
FFDF2E00d 000C8000  .long   0x000C8000
FFDF2E04d 00000000  .long   0x00000000

glue_IsThisASystemResourceMap:
FFDF2E08  818200F4  lwz     r12, 0xF4(r2)                      ; TOC[+244] IsThisASystemResourceMap
FFDF2E0C  90410014  stw     r2, 0x14(r1)
FFDF2E10  800C0000  lwz     r0, 0x0(r12)
FFDF2E14  804C0004  lwz     r2, 0x4(r12)
FFDF2E18  7C0903A6  mtspr   CTR, r0
FFDF2E1C  4E800420  bctr
FFDF2E20d 00000000  .long   0x00000000
FFDF2E24d 000C8000  .long   0x000C8000
FFDF2E28d 00000000  .long   0x00000000

glue_SystemZone:
FFDF2E2C  818200F8  lwz     r12, 0xF8(r2)                      ; TOC[+248] SystemZone
FFDF2E30  90410014  stw     r2, 0x14(r1)
FFDF2E34  800C0000  lwz     r0, 0x0(r12)
FFDF2E38  804C0004  lwz     r2, 0x4(r12)
FFDF2E3C  7C0903A6  mtspr   CTR, r0
FFDF2E40  4E800420  bctr
FFDF2E44d 00000000  .long   0x00000000
FFDF2E48d 000C8000  .long   0x000C8000
FFDF2E4Cd 00000000  .long   0x00000000

glue_SetZone:
FFDF2E50  818200FC  lwz     r12, 0xFC(r2)                      ; TOC[+252] SetZone
FFDF2E54  90410014  stw     r2, 0x14(r1)
FFDF2E58  800C0000  lwz     r0, 0x0(r12)
FFDF2E5C  804C0004  lwz     r2, 0x4(r12)
FFDF2E60  7C0903A6  mtspr   CTR, r0
FFDF2E64  4E800420  bctr
FFDF2E68d 00000000  .long   0x00000000
FFDF2E6Cd 000C8000  .long   0x000C8000
FFDF2E70d 00000000  .long   0x00000000

glue_FlushEmulatorCacheRange:
FFDF2E74  81820100  lwz     r12, 0x100(r2)                     ; TOC[+256] FlushEmulatorCacheRange
FFDF2E78  90410014  stw     r2, 0x14(r1)
FFDF2E7C  800C0000  lwz     r0, 0x0(r12)
FFDF2E80  804C0004  lwz     r2, 0x4(r12)
FFDF2E84  7C0903A6  mtspr   CTR, r0
FFDF2E88  4E800420  bctr
FFDF2E8Cd 00000000  .long   0x00000000
FFDF2E90d 000C8000  .long   0x000C8000
FFDF2E94d 00000000  .long   0x00000000

glue_DisposeHandle:
FFDF2E98  81820104  lwz     r12, 0x104(r2)                     ; TOC[+260] DisposeHandle
FFDF2E9C  90410014  stw     r2, 0x14(r1)
FFDF2EA0  800C0000  lwz     r0, 0x0(r12)
FFDF2EA4  804C0004  lwz     r2, 0x4(r12)
FFDF2EA8  7C0903A6  mtspr   CTR, r0
FFDF2EAC  4E800420  bctr
FFDF2EB0d 00000000  .long   0x00000000
FFDF2EB4d 000C8000  .long   0x000C8000
FFDF2EB8d 00000000  .long   0x00000000

glue_NewEmptyHandle:
FFDF2EBC  81820108  lwz     r12, 0x108(r2)                     ; TOC[+264] NewEmptyHandle
FFDF2EC0  90410014  stw     r2, 0x14(r1)
FFDF2EC4  800C0000  lwz     r0, 0x0(r12)
FFDF2EC8  804C0004  lwz     r2, 0x4(r12)
FFDF2ECC  7C0903A6  mtspr   CTR, r0
FFDF2ED0  4E800420  bctr
FFDF2ED4d 00000000  .long   0x00000000
FFDF2ED8d 000C8000  .long   0x000C8000
FFDF2EDCd 00000000  .long   0x00000000

glue_NewHandleSysClear:
FFDF2EE0  8182010C  lwz     r12, 0x10C(r2)                     ; TOC[+268] NewHandleSysClear
FFDF2EE4  90410014  stw     r2, 0x14(r1)
FFDF2EE8  800C0000  lwz     r0, 0x0(r12)
FFDF2EEC  804C0004  lwz     r2, 0x4(r12)
FFDF2EF0  7C0903A6  mtspr   CTR, r0
FFDF2EF4  4E800420  bctr
FFDF2EF8d 00000000  .long   0x00000000
FFDF2EFCd 000C8000  .long   0x000C8000
FFDF2F00d 00000000  .long   0x00000000

glue_LMGetHSCHndl:
FFDF2F04  81820110  lwz     r12, 0x110(r2)                     ; TOC[+272] LMGetHSCHndl
FFDF2F08  90410014  stw     r2, 0x14(r1)
FFDF2F0C  800C0000  lwz     r0, 0x0(r12)
FFDF2F10  804C0004  lwz     r2, 0x4(r12)
FFDF2F14  7C0903A6  mtspr   CTR, r0
FFDF2F18  4E800420  bctr
FFDF2F1Cd 00000000  .long   0x00000000
FFDF2F20d 000C8000  .long   0x000C8000
FFDF2F24d 00000000  .long   0x00000000

glue_MFGetPrTypeStrings:
FFDF2F28  81820114  lwz     r12, 0x114(r2)                     ; TOC[+276] MFGetPrTypeStrings
FFDF2F2C  90410014  stw     r2, 0x14(r1)
FFDF2F30  800C0000  lwz     r0, 0x0(r12)
FFDF2F34  804C0004  lwz     r2, 0x4(r12)
FFDF2F38  7C0903A6  mtspr   CTR, r0
FFDF2F3C  4E800420  bctr
FFDF2F40d 00000000  .long   0x00000000
FFDF2F44d 000C8000  .long   0x000C8000
FFDF2F48d 00000000  .long   0x00000000

glue_RelString:
FFDF2F4C  81820118  lwz     r12, 0x118(r2)                     ; TOC[+280] RelString
FFDF2F50  90410014  stw     r2, 0x14(r1)
FFDF2F54  800C0000  lwz     r0, 0x0(r12)
FFDF2F58  804C0004  lwz     r2, 0x4(r12)
FFDF2F5C  7C0903A6  mtspr   CTR, r0
FFDF2F60  4E800420  bctr
FFDF2F64d 00000000  .long   0x00000000
FFDF2F68d 000C8000  .long   0x000C8000
FFDF2F6Cd 00000000  .long   0x00000000

glue_LMGetBootDrive:
FFDF2F70  8182011C  lwz     r12, 0x11C(r2)                     ; TOC[+284] LMGetBootDrive
FFDF2F74  90410014  stw     r2, 0x14(r1)
FFDF2F78  800C0000  lwz     r0, 0x0(r12)
FFDF2F7C  804C0004  lwz     r2, 0x4(r12)
FFDF2F80  7C0903A6  mtspr   CTR, r0
FFDF2F84  4E800420  bctr
FFDF2F88d 00000000  .long   0x00000000
FFDF2F8Cd 000C8000  .long   0x000C8000
FFDF2F90d 00000000  .long   0x00000000

glue_OpenRFPerm:
FFDF2F94  81820120  lwz     r12, 0x120(r2)                     ; TOC[+288] OpenRFPerm
FFDF2F98  90410014  stw     r2, 0x14(r1)
FFDF2F9C  800C0000  lwz     r0, 0x0(r12)
FFDF2FA0  804C0004  lwz     r2, 0x4(r12)
FFDF2FA4  7C0903A6  mtspr   CTR, r0
FFDF2FA8  4E800420  bctr
FFDF2FACd 00000000  .long   0x00000000
FFDF2FB0d 000C8000  .long   0x000C8000
FFDF2FB4d 00000000  .long   0x00000000

glue_PrDrvrOpen:
FFDF2FB8  81820124  lwz     r12, 0x124(r2)                     ; TOC[+292] PrDrvrOpen
FFDF2FBC  90410014  stw     r2, 0x14(r1)
FFDF2FC0  800C0000  lwz     r0, 0x0(r12)
FFDF2FC4  804C0004  lwz     r2, 0x4(r12)
FFDF2FC8  7C0903A6  mtspr   CTR, r0
FFDF2FCC  4E800420  bctr
FFDF2FD0d 00000000  .long   0x00000000
FFDF2FD4d 000C8000  .long   0x000C8000
FFDF2FD8d 00000000  .long   0x00000000

glue_CloseResFile:
FFDF2FDC  81820128  lwz     r12, 0x128(r2)                     ; TOC[+296] CloseResFile
FFDF2FE0  90410014  stw     r2, 0x14(r1)
FFDF2FE4  800C0000  lwz     r0, 0x0(r12)
FFDF2FE8  804C0004  lwz     r2, 0x4(r12)
FFDF2FEC  7C0903A6  mtspr   CTR, r0
FFDF2FF0  4E800420  bctr
FFDF2FF4d 00000000  .long   0x00000000
FFDF2FF8d 000C8000  .long   0x000C8000
FFDF2FFCd 00000000  .long   0x00000000

glue_StringToAppleItemHdl:
FFDF3000  8182012C  lwz     r12, 0x12C(r2)                     ; TOC[+300] StringToAppleItemHdl
FFDF3004  90410014  stw     r2, 0x14(r1)
FFDF3008  800C0000  lwz     r0, 0x0(r12)
FFDF300C  804C0004  lwz     r2, 0x4(r12)
FFDF3010  7C0903A6  mtspr   CTR, r0
FFDF3014  4E800420  bctr
FFDF3018d 00000000  .long   0x00000000
FFDF301Cd 000C8000  .long   0x000C8000
FFDF3020d 00000000  .long   0x00000000

glue_LMGetFSFCBLen:
FFDF3024  81820134  lwz     r12, 0x134(r2)                     ; TOC[+308] LMGetFSFCBLen
FFDF3028  90410014  stw     r2, 0x14(r1)
FFDF302C  800C0000  lwz     r0, 0x0(r12)
FFDF3030  804C0004  lwz     r2, 0x4(r12)
FFDF3034  7C0903A6  mtspr   CTR, r0
FFDF3038  4E800420  bctr
FFDF303Cd 00000000  .long   0x00000000
FFDF3040d 000C8000  .long   0x000C8000
FFDF3044d 00000000  .long   0x00000000

glue_LMGetFSMVars:
FFDF3048  81820138  lwz     r12, 0x138(r2)                     ; TOC[+312] LMGetFSMVars
FFDF304C  90410014  stw     r2, 0x14(r1)
FFDF3050  800C0000  lwz     r0, 0x0(r12)
FFDF3054  804C0004  lwz     r2, 0x4(r12)
FFDF3058  7C0903A6  mtspr   CTR, r0
FFDF305C  4E800420  bctr
FFDF3060d 00000000  .long   0x00000000
FFDF3064d 000C8000  .long   0x000C8000
FFDF3068d 00000000  .long   0x00000000

glue_HClrRBit:
FFDF306C  8182013C  lwz     r12, 0x13C(r2)                     ; TOC[+316] HClrRBit
FFDF3070  90410014  stw     r2, 0x14(r1)
FFDF3074  800C0000  lwz     r0, 0x0(r12)
FFDF3078  804C0004  lwz     r2, 0x4(r12)
FFDF307C  7C0903A6  mtspr   CTR, r0
FFDF3080  4E800420  bctr
FFDF3084d 00000000  .long   0x00000000
FFDF3088d 000C8000  .long   0x000C8000
FFDF308Cd 00000000  .long   0x00000000

glue_LMSetHSCHndl:
FFDF3090  81820140  lwz     r12, 0x140(r2)                     ; TOC[+320] LMSetHSCHndl
FFDF3094  90410014  stw     r2, 0x14(r1)
FFDF3098  800C0000  lwz     r0, 0x0(r12)
FFDF309C  804C0004  lwz     r2, 0x4(r12)
FFDF30A0  7C0903A6  mtspr   CTR, r0
FFDF30A4  4E800420  bctr
FFDF30A8d 00000000  .long   0x00000000
FFDF30ACd 000C8000  .long   0x000C8000
FFDF30B0d 00000000  .long   0x00000000

glue_BlockMoveData:
FFDF30B4  81820144  lwz     r12, 0x144(r2)                     ; TOC[+324] BlockMoveData
FFDF30B8  90410014  stw     r2, 0x14(r1)
FFDF30BC  800C0000  lwz     r0, 0x0(r12)
FFDF30C0  804C0004  lwz     r2, 0x4(r12)
FFDF30C4  7C0903A6  mtspr   CTR, r0
FFDF30C8  4E800420  bctr
FFDF30CCd 00000000  .long   0x00000000
FFDF30D0d 000C8000  .long   0x000C8000
FFDF30D4d 00000000  .long   0x00000000

glue_Random:
FFDF30D8  81820148  lwz     r12, 0x148(r2)                     ; TOC[+328] Random
FFDF30DC  90410014  stw     r2, 0x14(r1)
FFDF30E0  800C0000  lwz     r0, 0x0(r12)
FFDF30E4  804C0004  lwz     r2, 0x4(r12)
FFDF30E8  7C0903A6  mtspr   CTR, r0
FFDF30EC  4E800420  bctr
FFDF30F0d 00000000  .long   0x00000000
FFDF30F4d 000C8000  .long   0x000C8000
FFDF30F8d 00000000  .long   0x00000000

glue_GetString:
FFDF30FC  8182014C  lwz     r12, 0x14C(r2)                     ; TOC[+332] GetString
FFDF3100  90410014  stw     r2, 0x14(r1)
FFDF3104  800C0000  lwz     r0, 0x0(r12)
FFDF3108  804C0004  lwz     r2, 0x4(r12)
FFDF310C  7C0903A6  mtspr   CTR, r0
FFDF3110  4E800420  bctr
FFDF3114d 00000000  .long   0x00000000
FFDF3118d 000C8000  .long   0x000C8000
FFDF311Cd 00000000  .long   0x00000000

glue_PrLoadDriver:
FFDF3120  81820150  lwz     r12, 0x150(r2)                     ; TOC[+336] PrLoadDriver
FFDF3124  90410014  stw     r2, 0x14(r1)
FFDF3128  800C0000  lwz     r0, 0x0(r12)
FFDF312C  804C0004  lwz     r2, 0x4(r12)
FFDF3130  7C0903A6  mtspr   CTR, r0
FFDF3134  4E800420  bctr
FFDF3138d 00000000  .long   0x00000000
FFDF313Cd 000C8000  .long   0x000C8000
FFDF3140d 00000000  .long   0x00000000

glue_PBGetEOFSync:
FFDF3144  81820158  lwz     r12, 0x158(r2)                     ; TOC[+344] PBGetEOFSync
FFDF3148  90410014  stw     r2, 0x14(r1)
FFDF314C  800C0000  lwz     r0, 0x0(r12)
FFDF3150  804C0004  lwz     r2, 0x4(r12)
FFDF3154  7C0903A6  mtspr   CTR, r0
FFDF3158  4E800420  bctr
FFDF315Cd 00000000  .long   0x00000000
FFDF3160d 000C8000  .long   0x000C8000
FFDF3164d 00000000  .long   0x00000000

glue_PBSetEOFSync:
FFDF3168  8182015C  lwz     r12, 0x15C(r2)                     ; TOC[+348] PBSetEOFSync
FFDF316C  90410014  stw     r2, 0x14(r1)
FFDF3170  800C0000  lwz     r0, 0x0(r12)
FFDF3174  804C0004  lwz     r2, 0x4(r12)
FFDF3178  7C0903A6  mtspr   CTR, r0
FFDF317C  4E800420  bctr
FFDF3180d 00000000  .long   0x00000000
FFDF3184d 000C8000  .long   0x000C8000
FFDF3188d 00000000  .long   0x00000000

glue_PBFlushFileSync:
FFDF318C  81820160  lwz     r12, 0x160(r2)                     ; TOC[+352] PBFlushFileSync
FFDF3190  90410014  stw     r2, 0x14(r1)
FFDF3194  800C0000  lwz     r0, 0x0(r12)
FFDF3198  804C0004  lwz     r2, 0x4(r12)
FFDF319C  7C0903A6  mtspr   CTR, r0
FFDF31A0  4E800420  bctr
FFDF31A4d 00000000  .long   0x00000000
FFDF31A8d 000C8000  .long   0x000C8000
FFDF31ACd 00000000  .long   0x00000000

glue_PBHOpenRFSync:
FFDF31B0  81820164  lwz     r12, 0x164(r2)                     ; TOC[+356] PBHOpenRFSync
FFDF31B4  90410014  stw     r2, 0x14(r1)
FFDF31B8  800C0000  lwz     r0, 0x0(r12)
FFDF31BC  804C0004  lwz     r2, 0x4(r12)
FFDF31C0  7C0903A6  mtspr   CTR, r0
FFDF31C4  4E800420  bctr
FFDF31C8d 00000000  .long   0x00000000
FFDF31CCd 000C8000  .long   0x000C8000
FFDF31D0d 00000000  .long   0x00000000

glue_LMSetLastSPExtra:
FFDF31D4  81820168  lwz     r12, 0x168(r2)                     ; TOC[+360] LMSetLastSPExtra
FFDF31D8  90410014  stw     r2, 0x14(r1)
FFDF31DC  800C0000  lwz     r0, 0x0(r12)
FFDF31E0  804C0004  lwz     r2, 0x4(r12)
FFDF31E4  7C0903A6  mtspr   CTR, r0
FFDF31E8  4E800420  bctr
FFDF31ECd 00000000  .long   0x00000000
FFDF31F0d 000C8000  .long   0x000C8000
FFDF31F4d 00000000  .long   0x00000000

glue_LMSetLastFOND:
FFDF31F8  8182016C  lwz     r12, 0x16C(r2)                     ; TOC[+364] LMSetLastFOND
FFDF31FC  90410014  stw     r2, 0x14(r1)
FFDF3200  800C0000  lwz     r0, 0x0(r12)
FFDF3204  804C0004  lwz     r2, 0x4(r12)
FFDF3208  7C0903A6  mtspr   CTR, r0
FFDF320C  4E800420  bctr
FFDF3210d 00000000  .long   0x00000000
FFDF3214d 000C8000  .long   0x000C8000
FFDF3218d 00000000  .long   0x00000000

glue_PBWriteSync:
FFDF321C  81820170  lwz     r12, 0x170(r2)                     ; TOC[+368] PBWriteSync
FFDF3220  90410014  stw     r2, 0x14(r1)
FFDF3224  800C0000  lwz     r0, 0x0(r12)
FFDF3228  804C0004  lwz     r2, 0x4(r12)
FFDF322C  7C0903A6  mtspr   CTR, r0
FFDF3230  4E800420  bctr
FFDF3234d 00000000  .long   0x00000000
FFDF3238d 000C8000  .long   0x000C8000
FFDF323Cd 00000000  .long   0x00000000

glue_PBHCreateSync:
FFDF3240  81820174  lwz     r12, 0x174(r2)                     ; TOC[+372] PBHCreateSync
FFDF3244  90410014  stw     r2, 0x14(r1)
FFDF3248  800C0000  lwz     r0, 0x0(r12)
FFDF324C  804C0004  lwz     r2, 0x4(r12)
FFDF3250  7C0903A6  mtspr   CTR, r0
FFDF3254  4E800420  bctr
FFDF3258d 00000000  .long   0x00000000
FFDF325Cd 000C8000  .long   0x000C8000
FFDF3260d 00000000  .long   0x00000000

glue_HSetRBit:
FFDF3264  81820178  lwz     r12, 0x178(r2)                     ; TOC[+376] HSetRBit
FFDF3268  90410014  stw     r2, 0x14(r1)
FFDF326C  800C0000  lwz     r0, 0x0(r12)
FFDF3270  804C0004  lwz     r2, 0x4(r12)
FFDF3274  7C0903A6  mtspr   CTR, r0
FFDF3278  4E800420  bctr
FFDF327Cd 00000000  .long   0x00000000
FFDF3280d 000C8000  .long   0x000C8000
FFDF3284d 00000000  .long   0x00000000

glue_HNoPurge:
FFDF3288  8182017C  lwz     r12, 0x17C(r2)                     ; TOC[+380] HNoPurge
FFDF328C  90410014  stw     r2, 0x14(r1)
FFDF3290  800C0000  lwz     r0, 0x0(r12)
FFDF3294  804C0004  lwz     r2, 0x4(r12)
FFDF3298  7C0903A6  mtspr   CTR, r0
FFDF329C  4E800420  bctr
FFDF32A0d 00000000  .long   0x00000000
FFDF32A4d 000C8000  .long   0x000C8000
FFDF32A8d 00000000  .long   0x00000000

glue_UpdateResFile:
FFDF32AC  81820180  lwz     r12, 0x180(r2)                     ; TOC[+384] UpdateResFile
FFDF32B0  90410014  stw     r2, 0x14(r1)
FFDF32B4  800C0000  lwz     r0, 0x0(r12)
FFDF32B8  804C0004  lwz     r2, 0x4(r12)
FFDF32BC  7C0903A6  mtspr   CTR, r0
FFDF32C0  4E800420  bctr
FFDF32C4d 00000000  .long   0x00000000
FFDF32C8d 000C8000  .long   0x000C8000
FFDF32CCd 00000000  .long   0x00000000

glue_LMSetSysMapHndl:
FFDF32D0  81820184  lwz     r12, 0x184(r2)                     ; TOC[+388] LMSetSysMapHndl
FFDF32D4  90410014  stw     r2, 0x14(r1)
FFDF32D8  800C0000  lwz     r0, 0x0(r12)
FFDF32DC  804C0004  lwz     r2, 0x4(r12)
FFDF32E0  7C0903A6  mtspr   CTR, r0
FFDF32E4  4E800420  bctr
FFDF32E8d 00000000  .long   0x00000000
FFDF32ECd 000C8000  .long   0x000C8000
FFDF32F0d 00000000  .long   0x00000000

glue_LMSetSysMap:
FFDF32F4  81820188  lwz     r12, 0x188(r2)                     ; TOC[+392] LMSetSysMap
FFDF32F8  90410014  stw     r2, 0x14(r1)
FFDF32FC  800C0000  lwz     r0, 0x0(r12)
FFDF3300  804C0004  lwz     r2, 0x4(r12)
FFDF3304  7C0903A6  mtspr   CTR, r0
FFDF3308  4E800420  bctr
FFDF330Cd 00000000  .long   0x00000000
FFDF3310d 000C8000  .long   0x000C8000
FFDF3314d 00000000  .long   0x00000000

glue_ResError:
FFDF3318  8182018C  lwz     r12, 0x18C(r2)                     ; TOC[+396] ResError
FFDF331C  90410014  stw     r2, 0x14(r1)
FFDF3320  800C0000  lwz     r0, 0x0(r12)
FFDF3324  804C0004  lwz     r2, 0x4(r12)
FFDF3328  7C0903A6  mtspr   CTR, r0
FFDF332C  4E800420  bctr
FFDF3330d 00000000  .long   0x00000000
FFDF3334d 000C8000  .long   0x000C8000
FFDF3338d 00000000  .long   0x00000000

glue_HomeResFile:
FFDF333C  81820190  lwz     r12, 0x190(r2)                     ; TOC[+400] HomeResFile
FFDF3340  90410014  stw     r2, 0x14(r1)
FFDF3344  800C0000  lwz     r0, 0x0(r12)
FFDF3348  804C0004  lwz     r2, 0x4(r12)
FFDF334C  7C0903A6  mtspr   CTR, r0
FFDF3350  4E800420  bctr
FFDF3354d 00000000  .long   0x00000000
FFDF3358d 000C8000  .long   0x000C8000
FFDF335Cd 00000000  .long   0x00000000

glue_GetMap:
FFDF3360  81820194  lwz     r12, 0x194(r2)                     ; TOC[+404] GetMap
FFDF3364  90410014  stw     r2, 0x14(r1)
FFDF3368  800C0000  lwz     r0, 0x0(r12)
FFDF336C  804C0004  lwz     r2, 0x4(r12)
FFDF3370  7C0903A6  mtspr   CTR, r0
FFDF3374  4E800420  bctr
FFDF3378d 00000000  .long   0x00000000
FFDF337Cd 000C8000  .long   0x000C8000
FFDF3380d 00000000  .long   0x00000000

glue_GetResource:
FFDF3384  81820198  lwz     r12, 0x198(r2)                     ; TOC[+408] GetResource
FFDF3388  90410014  stw     r2, 0x14(r1)
FFDF338C  800C0000  lwz     r0, 0x0(r12)
FFDF3390  804C0004  lwz     r2, 0x4(r12)
FFDF3394  7C0903A6  mtspr   CTR, r0
FFDF3398  4E800420  bctr
FFDF339Cd 00000000  .long   0x00000000
FFDF33A0d 000C8000  .long   0x000C8000
FFDF33A4d 00000000  .long   0x00000000

glue_PBGetCatInfoSync:
FFDF33A8  8182019C  lwz     r12, 0x19C(r2)                     ; TOC[+412] PBGetCatInfoSync
FFDF33AC  90410014  stw     r2, 0x14(r1)
FFDF33B0  800C0000  lwz     r0, 0x0(r12)
FFDF33B4  804C0004  lwz     r2, 0x4(r12)
FFDF33B8  7C0903A6  mtspr   CTR, r0
FFDF33BC  4E800420  bctr
FFDF33C0d 00000000  .long   0x00000000
FFDF33C4d 000C8000  .long   0x000C8000
FFDF33C8d 00000000  .long   0x00000000

glue_LMGetTheZone:
FFDF33CC  818201A0  lwz     r12, 0x1A0(r2)                     ; TOC[+416] LMGetTheZone
FFDF33D0  90410014  stw     r2, 0x14(r1)
FFDF33D4  800C0000  lwz     r0, 0x0(r12)
FFDF33D8  804C0004  lwz     r2, 0x4(r12)
FFDF33DC  7C0903A6  mtspr   CTR, r0
FFDF33E0  4E800420  bctr
FFDF33E4d 00000000  .long   0x00000000
FFDF33E8d 000C8000  .long   0x000C8000
FFDF33ECd 00000000  .long   0x00000000

glue_LMGetSysZone:
FFDF33F0  818201A4  lwz     r12, 0x1A4(r2)                     ; TOC[+420] LMGetSysZone
FFDF33F4  90410014  stw     r2, 0x14(r1)
FFDF33F8  800C0000  lwz     r0, 0x0(r12)
FFDF33FC  804C0004  lwz     r2, 0x4(r12)
FFDF3400  7C0903A6  mtspr   CTR, r0
FFDF3404  4E800420  bctr
FFDF3408d 00000000  .long   0x00000000
FFDF340Cd 000C8000  .long   0x000C8000
FFDF3410d 00000000  .long   0x00000000

glue_LMSetTheZone:
FFDF3414  818201A8  lwz     r12, 0x1A8(r2)                     ; TOC[+424] LMSetTheZone
FFDF3418  90410014  stw     r2, 0x14(r1)
FFDF341C  800C0000  lwz     r0, 0x0(r12)
FFDF3420  804C0004  lwz     r2, 0x4(r12)
FFDF3424  7C0903A6  mtspr   CTR, r0
FFDF3428  4E800420  bctr
FFDF342Cd 00000000  .long   0x00000000
FFDF3430d 000C8000  .long   0x000C8000
FFDF3434d 00000000  .long   0x00000000

glue_FSpOpenResFile:
FFDF3438  818201AC  lwz     r12, 0x1AC(r2)                     ; TOC[+428] FSpOpenResFile
FFDF343C  90410014  stw     r2, 0x14(r1)
FFDF3440  800C0000  lwz     r0, 0x0(r12)
FFDF3444  804C0004  lwz     r2, 0x4(r12)
FFDF3448  7C0903A6  mtspr   CTR, r0
FFDF344C  4E800420  bctr
FFDF3450d 00000000  .long   0x00000000
FFDF3454d 000C8000  .long   0x000C8000
FFDF3458d 00000000  .long   0x00000000

glue_LMGetFCBSPtr:
FFDF345C  818201B0  lwz     r12, 0x1B0(r2)                     ; TOC[+432] LMGetFCBSPtr
FFDF3460  90410014  stw     r2, 0x14(r1)
FFDF3464  800C0000  lwz     r0, 0x0(r12)
FFDF3468  804C0004  lwz     r2, 0x4(r12)
FFDF346C  7C0903A6  mtspr   CTR, r0
FFDF3470  4E800420  bctr
FFDF3474d 00000000  .long   0x00000000
FFDF3478d 000C8000  .long   0x000C8000
FFDF347Cd 00000000  .long   0x00000000

glue_BeginSystemMode:
FFDF3480  818201B4  lwz     r12, 0x1B4(r2)                     ; TOC[+436] BeginSystemMode
FFDF3484  90410014  stw     r2, 0x14(r1)
FFDF3488  800C0000  lwz     r0, 0x0(r12)
FFDF348C  804C0004  lwz     r2, 0x4(r12)
FFDF3490  7C0903A6  mtspr   CTR, r0
FFDF3494  4E800420  bctr
FFDF3498d 00000000  .long   0x00000000
FFDF349Cd 000C8000  .long   0x000C8000
FFDF34A0d 00000000  .long   0x00000000

glue_EndSystemMode:
FFDF34A4  818201B8  lwz     r12, 0x1B8(r2)                     ; TOC[+440] EndSystemMode
FFDF34A8  90410014  stw     r2, 0x14(r1)
FFDF34AC  800C0000  lwz     r0, 0x0(r12)
FFDF34B0  804C0004  lwz     r2, 0x4(r12)
FFDF34B4  7C0903A6  mtspr   CTR, r0
FFDF34B8  4E800420  bctr
FFDF34BCd 00000000  .long   0x00000000
FFDF34C0d 000C8000  .long   0x000C8000
FFDF34C4d 00000000  .long   0x00000000

glue_GetIndResource:
FFDF34C8  818201BC  lwz     r12, 0x1BC(r2)                     ; TOC[+444] GetIndResource
FFDF34CC  90410014  stw     r2, 0x14(r1)
FFDF34D0  800C0000  lwz     r0, 0x0(r12)
FFDF34D4  804C0004  lwz     r2, 0x4(r12)
FFDF34D8  7C0903A6  mtspr   CTR, r0
FFDF34DC  4E800420  bctr
FFDF34E0d 00000000  .long   0x00000000
FFDF34E4d 000C8000  .long   0x000C8000
FFDF34E8d 00000000  .long   0x00000000

glue_LoadResource:
FFDF34EC  818201C0  lwz     r12, 0x1C0(r2)                     ; TOC[+448] LoadResource
FFDF34F0  90410014  stw     r2, 0x14(r1)
FFDF34F4  800C0000  lwz     r0, 0x0(r12)
FFDF34F8  804C0004  lwz     r2, 0x4(r12)
FFDF34FC  7C0903A6  mtspr   CTR, r0
FFDF3500  4E800420  bctr
FFDF3504d 00000000  .long   0x00000000
FFDF3508d 000C8000  .long   0x000C8000
FFDF350Cd 00000000  .long   0x00000000

glue_GetNamedResource:
FFDF3510  818201C4  lwz     r12, 0x1C4(r2)                     ; TOC[+452] GetNamedResource
FFDF3514  90410014  stw     r2, 0x14(r1)
FFDF3518  800C0000  lwz     r0, 0x0(r12)
FFDF351C  804C0004  lwz     r2, 0x4(r12)
FFDF3520  7C0903A6  mtspr   CTR, r0
FFDF3524  4E800420  bctr
FFDF3528d 00000000  .long   0x00000000
FFDF352Cd 000C8000  .long   0x000C8000
FFDF3530d 00000000  .long   0x00000000

glue_SetResInfo:
FFDF3534  818201C8  lwz     r12, 0x1C8(r2)                     ; TOC[+456] SetResInfo
FFDF3538  90410014  stw     r2, 0x14(r1)
FFDF353C  800C0000  lwz     r0, 0x0(r12)
FFDF3540  804C0004  lwz     r2, 0x4(r12)
FFDF3544  7C0903A6  mtspr   CTR, r0
FFDF3548  4E800420  bctr
FFDF354Cd 00000000  .long   0x00000000
FFDF3550d 000C8000  .long   0x000C8000
FFDF3554d 00000000  .long   0x00000000

glue_ChangedResource:
FFDF3558  818201CC  lwz     r12, 0x1CC(r2)                     ; TOC[+460] ChangedResource
FFDF355C  90410014  stw     r2, 0x14(r1)
FFDF3560  800C0000  lwz     r0, 0x0(r12)
FFDF3564  804C0004  lwz     r2, 0x4(r12)
FFDF3568  7C0903A6  mtspr   CTR, r0
FFDF356C  4E800420  bctr
FFDF3570d 00000000  .long   0x00000000
FFDF3574d 000C8000  .long   0x000C8000
FFDF3578d 00000000  .long   0x00000000

glue_WriteResource:
FFDF357C  818201D0  lwz     r12, 0x1D0(r2)                     ; TOC[+464] WriteResource
FFDF3580  90410014  stw     r2, 0x14(r1)
FFDF3584  800C0000  lwz     r0, 0x0(r12)
FFDF3588  804C0004  lwz     r2, 0x4(r12)
FFDF358C  7C0903A6  mtspr   CTR, r0
FFDF3590  4E800420  bctr
FFDF3594d 00000000  .long   0x00000000
FFDF3598d 000C8000  .long   0x000C8000
FFDF359Cd 00000000  .long   0x00000000

glue_DetachResource:
FFDF35A0  818201D4  lwz     r12, 0x1D4(r2)                     ; TOC[+468] DetachResource
FFDF35A4  90410014  stw     r2, 0x14(r1)
FFDF35A8  800C0000  lwz     r0, 0x0(r12)
FFDF35AC  804C0004  lwz     r2, 0x4(r12)
FFDF35B0  7C0903A6  mtspr   CTR, r0
FFDF35B4  4E800420  bctr
FFDF35B8d 00000000  .long   0x00000000
FFDF35BCd 000C8000  .long   0x000C8000
FFDF35C0d 00000000  .long   0x00000000

glue_UniqueID:
FFDF35C4  818201D8  lwz     r12, 0x1D8(r2)                     ; TOC[+472] UniqueID
FFDF35C8  90410014  stw     r2, 0x14(r1)
FFDF35CC  800C0000  lwz     r0, 0x0(r12)
FFDF35D0  804C0004  lwz     r2, 0x4(r12)
FFDF35D4  7C0903A6  mtspr   CTR, r0
FFDF35D8  4E800420  bctr
FFDF35DCd 00000000  .long   0x00000000
FFDF35E0d 000C8000  .long   0x000C8000
FFDF35E4d 00000000  .long   0x00000000

glue_HUnlock:
FFDF35E8  818201DC  lwz     r12, 0x1DC(r2)                     ; TOC[+476] HUnlock
FFDF35EC  90410014  stw     r2, 0x14(r1)
FFDF35F0  800C0000  lwz     r0, 0x0(r12)
FFDF35F4  804C0004  lwz     r2, 0x4(r12)
FFDF35F8  7C0903A6  mtspr   CTR, r0
FFDF35FC  4E800420  bctr
FFDF3600d 00000000  .long   0x00000000
FFDF3604d 000C8000  .long   0x000C8000
FFDF3608d 00000000  .long   0x00000000

glue_MaxBlock:
FFDF360C  818201E8  lwz     r12, 0x1E8(r2)                     ; TOC[+488] MaxBlock
FFDF3610  90410014  stw     r2, 0x14(r1)
FFDF3614  800C0000  lwz     r0, 0x0(r12)
FFDF3618  804C0004  lwz     r2, 0x4(r12)
FFDF361C  7C0903A6  mtspr   CTR, r0
FFDF3620  4E800420  bctr
FFDF3624d 00000000  .long   0x00000000
FFDF3628d 000C8000  .long   0x000C8000
FFDF362Cd 00000000  .long   0x00000000

; ----------------------------------------------------------------------------
; data section 1 (pidata), unpacked 5E8 bytes; addresses are offsets in the section;
; relocated words are named (imports) or point into a section (code+X / data+X).
; ----------------------------------------------------------------------------
+00014  000000F0  -> data+F0
+000E4  00000000  -> code+0 = FFDE8790 __init
+000E8  000003FC  -> data+3FC
+000F0  000001A0  -> code+1A0 = FFDE8930
+000F4  000003FC  -> data+3FC
+000FC  00000AD4  -> code+AD4 = FFDE9264
+00100  000003FC  -> data+3FC
+00108  00000A68  -> code+A68 = FFDE91F8
+0010C  000003FC  -> data+3FC
+00114  00001904  -> code+1904 = FFDEA094
+00118  000003FC  -> data+3FC
+00120  00000AF8  -> code+AF8 = FFDE9288
+00124  000003FC  -> data+3FC
+0012C  00009230  -> code+9230 = FFDF19C0
+00130  000003FC  -> data+3FC
+00138  00000C9C  -> code+C9C = FFDE942C
+0013C  000003FC  -> data+3FC
+00144  000024C0  -> code+24C0 = FFDEAC50 __Get1IndResource
+00148  000003FC  -> data+3FC
+00150  00002568  -> code+2568 = FFDEACF8 __GetIndResource
+00154  000003FC  -> data+3FC
+0015C  00002610  -> code+2610 = FFDEADA0 __GetResource
+00160  000003FC  -> data+3FC
+00168  00002760  -> code+2760 = FFDEAEF0 __RGetResource
+0016C  000003FC  -> data+3FC
+00174  00002854  -> code+2854 = FFDEAFE4 __Get1Resource
+00178  000003FC  -> data+3FC
+00180  000028FC  -> code+28FC = FFDEB08C __GetNamedResource
+00184  000003FC  -> data+3FC
+0018C  00002A38  -> code+2A38 = FFDEB1C8 __Get1NamedResource
+00190  000003FC  -> data+3FC
+00198  00002AD8  -> code+2AD8 = FFDEB268 __CountResources
+0019C  000003FC  -> data+3FC
+001A4  00002B74  -> code+2B74 = FFDEB304 __Count1Resources
+001A8  000003FC  -> data+3FC
+001B0  00002C64  -> code+2C64 = FFDEB3F4 __IsThisASystemResourceMap
+001B4  000003FC  -> data+3FC
+001BC  00002D08  -> code+2D08 = FFDEB498 __GetMap
+001C0  000003FC  -> data+3FC
+001C8  00002DAC  -> code+2DAC = FFDEB53C __CurResFile
+001CC  000003FC  -> data+3FC
+001D4  00002E74  -> code+2E74 = FFDEB604 __CountTypes
+001D8  000003FC  -> data+3FC
+001E0  00002F08  -> code+2F08 = FFDEB698 __Count1Types
+001E4  000003FC  -> data+3FC
+001EC  00003068  -> code+3068 = FFDEB7F8 __GetIndType
+001F0  000003FC  -> data+3FC
+001F8  00003104  -> code+3104 = FFDEB894 __Get1IndType
+001FC  000003FC  -> data+3FC
+00204  00003478  -> code+3478 = FFDEBC08 __GetResFileAttrs
+00208  000003FC  -> data+3FC
+00210  00003590  -> code+3590 = FFDEBD20 __SetResFileAttrs
+00214  000003FC  -> data+3FC
+0021C  000036AC  -> code+36AC = FFDEBE3C __DetachResource
+00220  000003FC  -> data+3FC
+00228  00003810  -> code+3810 = FFDEBFA0 __GetResAttrs
+0022C  000003FC  -> data+3FC
+00234  0000393C  -> code+393C = FFDEC0CC __SetResAttrs
+00238  000003FC  -> data+3FC
+00240  00003A8C  -> code+3A8C = FFDEC21C __GetResInfo
+00244  000003FC  -> data+3FC
+0024C  00003C30  -> code+3C30 = FFDEC3C0 __LoadResource
+00250  000003FC  -> data+3FC
+00258  00003DEC  -> code+3DEC = FFDEC57C __HomeResFile
+0025C  000003FC  -> data+3FC
+00264  00003F28  -> code+3F28 = FFDEC6B8 __ReleaseResource
+00268  000003FC  -> data+3FC
+00270  00004078  -> code+4078 = FFDEC808 __UseResFile
+00274  000003FC  -> data+3FC
+0027C  00004190  -> code+4190 = FFDEC920 __ReadPartialResource
+00280  000003FC  -> data+3FC
+00288  000042DC  -> code+42DC = FFDECA6C __SizeResource
+0028C  000003FC  -> data+3FC
+00294  0000446C  -> code+446C = FFDECBFC __UniqueID
+00298  000003FC  -> data+3FC
+002A0  00004508  -> code+4508 = FFDECC98 __Unique1ID
+002A4  000003FC  -> data+3FC
+002AC  000046A8  -> code+46A8 = FFDECE38 __RsrcMapEntry
+002B0  000003FC  -> data+3FC
+002B8  000047AC  -> code+47AC = FFDECF3C __OpenResFile
+002BC  000003FC  -> data+3FC
+002C4  000048D4  -> code+48D4 = FFDED064 __OpenRFPerm
+002C8  000003FC  -> data+3FC
+002D0  00004984  -> code+4984 = FFDED114 __HOpenResFile
+002D4  000003FC  -> data+3FC
+002DC  000053F8  -> code+53F8 = FFDEDB88 __CreateResFile
+002E0  000003FC  -> data+3FC
+002E8  00005488  -> code+5488 = FFDEDC18 __HCreateResFile
+002EC  000003FC  -> data+3FC
+002F4  00005728  -> code+5728 = FFDEDEB8 __WriteResource
+002F8  000003FC  -> data+3FC
+00300  00005914  -> code+5914 = FFDEE0A4 __AddResource
+00304  000003FC  -> data+3FC
+0030C  00006468  -> code+6468 = FFDEEBF8 __ChangedResource
+00310  000003FC  -> data+3FC
+00318  00006620  -> code+6620 = FFDEEDB0 __SetResInfo
+0031C  000003FC  -> data+3FC
+00324  00006A7C  -> code+6A7C = FFDEF20C __GetOverrideMap
+00328  000003FC  -> data+3FC
+00330  00006BC4  -> code+6BC4 = FFDEF354 __CloseResFile
+00334  000003FC  -> data+3FC
+0033C  00006F64  -> code+6F64 = FFDEF6F4 __MaxSizeResource
+00340  000003FC  -> data+3FC
+00348  000070B8  -> code+70B8 = FFDEF848 __SetResLoad
+0034C  000003FC  -> data+3FC
+00354  00007174  -> code+7174 = FFDEF904 __WritePartialResource
+00358  000003FC  -> data+3FC
+00360  000072D8  -> code+72D8 = FFDEFA68 __RmveResource
+00364  000003FC  -> data+3FC
+0036C  000075E8  -> code+75E8 = FFDEFD78 __ResError
+00370  000003FC  -> data+3FC
+00378  000076B0  -> code+76B0 = FFDEFE40 __SetScanOverride
+0037C  000003FC  -> data+3FC
+00384  00007780  -> code+7780 = FFDEFF10 __GetOverrideAttributes
+00388  000003FC  -> data+3FC
+00390  00007894  -> code+7894 = FFDF0024 __SetOverrideAttributes
+00394  000003FC  -> data+3FC
+0039C  000079AC  -> code+79AC = FFDF013C __GetNextFond
+003A0  000003FC  -> data+3FC
+003A8  00007B24  -> code+7B24 = FFDF02B4 __InsertOverrideMap
+003AC  000003FC  -> data+3FC
+003B4  00007D94  -> code+7D94 = FFDF0524 __OpenResFileUnderSystemMap
+003B8  000003FC  -> data+3FC
+003C0  0000809C  -> code+809C = FFDF082C __CloseResFileUnderSystemMap
+003C4  000003FC  -> data+3FC
+003CC  00008278  -> code+8278 = FFDF0A08 __ResolveIDConflict
+003D0  000003FC  -> data+3FC
+003D8  00008D90  -> code+8D90 = FFDF1520 __UpdateResFile
+003DC  000003FC  -> data+3FC
+003E4  000099A0  -> code+99A0 = FFDF2130 __SetResourceSize
+003E8  000003FC  -> data+3FC
+003F0  00009C68  -> code+9C68 = FFDF23F8 __RsrcZoneInit
+003F4  000003FC  -> data+3FC
+003FC  00000000  -> data+0
+00400  00000000  -> PrivateInterfaceLib::LMSetJCheckLoad
+00404  000005F0  -> data+5F0
+00408  00000600  -> data+600
+0040C  00000000  -> InterfaceLib::NewGestaltValue
+00410  00000000  -> InterfaceLib::CurResFile
+00414  00000000  -> InterfaceLib::UseResFile
+00418  00000000  -> InterfaceLib::Count1Resources
+0041C  00000610  -> data+610
+00420  00000000  -> InterfaceLib::NewPtr
+00424  00000620  -> data+620
+00428  00000000  -> InterfaceLib::Get1IndResource
+0042C  00000000  -> InterfaceLib::HLock
+00430  00000000  -> InterfaceLib::GetResInfo
+00434  00000000  -> InterfaceLib::GetHandleSize
+00438  00000000  -> PrivateInterfaceLib::FragPrepare
+0043C  00000000  -> PrivateInterfaceLib::GetEmulatorRegister
+00440  00000000  -> PrivateInterfaceLib::SetEmulatorRegister
+00444  00000000  -> InterfaceLib::LMGetTopMapHndl
+00448  00000000  -> PrivateInterfaceLib::LMGetROMMapHndl
+0044C  00000000  -> InterfaceLib::LMGetCurMap
+00450  00000000  -> InterfaceLib::LMSetCurMap
+00454  00000000  -> InterfaceLib::LMSetTopMapHndl
+00458  00000000  -> InterfaceLib::LMGetResLoad
+0045C  00000000  -> InterfaceLib::LMGetTmpResLoad
+00460  00000000  -> InterfaceLib::LMSetResLoad
+00464  00000000  -> InterfaceLib::LMSetTmpResLoad
+00468  00000000  -> InterfaceLib::LMGetSysMap
+0046C  00000000  -> InterfaceLib::LMGetSysMapHndl
+00470  00000000  -> PrivateInterfaceLib::LMSetResOneDeep
+00474  00000000  -> PrivateInterfaceLib::LMGetExpandMem
+00478  00000000  -> PrivateInterfaceLib::GetOverrideMap
+0047C  00000000  -> InterfaceLib::LMGetROMMapInsert
+00480  00000000  -> InterfaceLib::LMSetROMMapInsert
+00484  00000000  -> InterfaceLib::LMSetResErr
+00488  00000000  -> InterfaceLib::LMGetResErrProc
+0048C  00000000  -> InterfaceLib::CallUniversalProc
+00490  000000FC  -> data+FC
+00494  00000000  -> InterfaceLib::LMGetROMBase
+00498  00000000  -> InterfaceLib::HandleZone
+0049C  00000000  -> InterfaceLib::HGetState
+004A0  00000000  -> InterfaceLib::HSetState
+004A4  00000000  -> InterfaceLib::ReserveMem
+004A8  00000000  -> InterfaceLib::NewHandle
+004AC  00000000  -> InterfaceLib::MemError
+004B0  00000000  -> InterfaceLib::ReallocateHandle
+004B4  00000000  -> InterfaceLib::SetHandleSize
+004B8  00000000  -> InterfaceLib::DisposePtr
+004BC  00000000  -> PrivateInterfaceLib::LMGetResOneDeep
+004C0  00000000  -> InterfaceLib::LMGetResErr
+004C4  00000000  -> PrivateInterfaceLib::LMGetBrianBits
+004C8  00000000  -> PrivateInterfaceLib::LMSetBrianBits
+004CC  00000000  -> InterfaceLib::PBReadSync
+004D0  00000000  -> InterfaceLib::PBCloseSync
+004D4  00000108  -> data+108
+004D8  00000114  -> data+114
+004DC  00000120  -> data+120
+004E0  00000000  -> InterfaceLib::EqualString
+004E4  00000000  -> PrivateInterfaceLib::LMGetJCheckLoad
+004E8  00000060  -> data+60
+004EC  00000000  -> InterfaceLib::GetZone
+004F0  00000000  -> PrivateInterfaceLib::IsThisASystemResourceMap
+004F4  00000000  -> InterfaceLib::SystemZone
+004F8  00000000  -> InterfaceLib::SetZone
+004FC  00000000  -> PrivateInterfaceLib::FlushEmulatorCacheRange
+00500  00000000  -> InterfaceLib::DisposeHandle
+00504  00000000  -> InterfaceLib::NewEmptyHandle
+00508  00000000  -> InterfaceLib::NewHandleSysClear
+0050C  00000000  -> PrivateInterfaceLib::LMGetHSCHndl
+00510  00000000  -> PrivateInterfaceLib::MFGetPrTypeStrings
+00514  00000000  -> InterfaceLib::RelString
+00518  00000000  -> InterfaceLib::LMGetBootDrive
+0051C  00000000  -> InterfaceLib::OpenRFPerm
+00520  00000000  -> InterfaceLib::PrDrvrOpen
+00524  00000000  -> InterfaceLib::CloseResFile
+00528  00000000  -> PrivateInterfaceLib::StringToAppleItemHdl
+0052C  00000090  -> data+90
+00530  00000000  -> InterfaceLib::LMGetFSFCBLen
+00534  00000000  -> PrivateInterfaceLib::LMGetFSMVars
+00538  00000000  -> InterfaceLib::HClrRBit
+0053C  00000000  -> PrivateInterfaceLib::LMSetHSCHndl
+00540  00000000  -> InterfaceLib::BlockMoveData
+00544  00000000  -> InterfaceLib::Random
+00548  00000000  -> InterfaceLib::GetString
+0054C  00000000  -> PrivateInterfaceLib::PrLoadDriver
+00550  000000A0  -> data+A0
+00554  00000000  -> InterfaceLib::PBGetEOFSync
+00558  00000000  -> InterfaceLib::PBSetEOFSync
+0055C  00000000  -> InterfaceLib::PBFlushFileSync
+00560  00000000  -> InterfaceLib::PBHOpenRFSync
+00564  00000000  -> InterfaceLib::LMSetLastSPExtra
+00568  00000000  -> InterfaceLib::LMSetLastFOND
+0056C  00000000  -> InterfaceLib::PBWriteSync
+00570  00000000  -> InterfaceLib::PBHCreateSync
+00574  00000000  -> InterfaceLib::HSetRBit
+00578  00000000  -> InterfaceLib::HNoPurge
+0057C  00000000  -> InterfaceLib::UpdateResFile
+00580  00000000  -> InterfaceLib::LMSetSysMapHndl
+00584  00000000  -> InterfaceLib::LMSetSysMap
+00588  00000000  -> InterfaceLib::ResError
+0058C  00000000  -> InterfaceLib::HomeResFile
+00590  00000000  -> PrivateInterfaceLib::GetMap
+00594  00000000  -> InterfaceLib::GetResource
+00598  00000000  -> InterfaceLib::PBGetCatInfoSync
+0059C  00000000  -> InterfaceLib::LMGetTheZone
+005A0  00000000  -> InterfaceLib::LMGetSysZone
+005A4  00000000  -> InterfaceLib::LMSetTheZone
+005A8  00000000  -> InterfaceLib::FSpOpenResFile
+005AC  00000000  -> InterfaceLib::LMGetFCBSPtr
+005B0  00000000  -> PrivateInterfaceLib::BeginSystemMode
+005B4  00000000  -> PrivateInterfaceLib::EndSystemMode
+005B8  00000000  -> InterfaceLib::GetIndResource
+005BC  00000000  -> InterfaceLib::LoadResource
+005C0  00000000  -> InterfaceLib::GetNamedResource
+005C4  00000000  -> InterfaceLib::SetResInfo
+005C8  00000000  -> InterfaceLib::ChangedResource
+005CC  00000000  -> InterfaceLib::WriteResource
+005D0  00000000  -> InterfaceLib::DetachResource
+005D4  00000000  -> InterfaceLib::UniqueID
+005D8  00000000  -> InterfaceLib::HUnlock
+005DC  0000012C  -> data+12C
+005E0  00000138  -> data+138
+005E4  00000000  -> InterfaceLib::MaxBlock
; full unpacked image:
00000000  AA FE 07 00 00 00 00 00 00 00 00 00 00 00 00 01  |................|
00000010  00 01 00 04 00 00 00 F0 00 00 00 00 00 00 00 00  |................|
00000020  00 00 01 00 00 00 01 00 00 00 00 00 00 00 00 1E  |................|
00000030  00 00 00 00 00 00 00 00 00 1C 00 1E FF FF 00 00  |................|
00000040  66 66 69 6C 74 66 69 6C 46 46 49 4C 73 66 6E 74  |ffiltfilFFILsfnt|
00000050  4E 46 4E 54 46 4F 4E 54 00 00 00 00 00 00 00 00  |NFNTFONT........|
00000060  4E 56 FF BE 48 E7 02 38 28 6E 00 08 24 6E 00 0C  |NV..H..8(n..$n..|
00000070  26 4A 20 54 3C 28 00 14 20 78 07 F0 4E 90 4C DF  |&J T<(.. x..N.L.|
00000080  1C 40 4E 5E 30 38 0A 60 48 C0 4E 75 00 00 00 00  |.@N^08.`H.Nu....|
00000090  00 00 00 00 00 00 00 00 00 00 00 00 00 00 00 00  |................|
000000A0  4E 56 FF BE 48 E7 1E 38 3D 6E 00 12 FF E2 2D 6E  |NV..H..8=n....-n|
000000B0  00 14 FF FC 22 6E 00 18 1D 6E 00 1F FF E7 20 78  |...."n...n.... x|
000000C0  07 EC 4E 90 20 6E 00 20 10 80 20 6E 00 0C 30 86  |..N. n. .. n..0.|
000000D0  20 6E 00 08 20 8C 4C DF 1C 78 30 38 0A 60 48 C0  | n.. .L..x08.`H.|
000000E0  4E 5E 4E 75 00 00 00 00 00 00 03 FC 00 00 00 00  |N^Nu............|
000000F0  00 00 01 A0 00 00 03 FC 00 00 00 00 00 00 0A D4  |................|
00000100  00 00 03 FC 00 00 00 00 00 00 0A 68 00 00 03 FC  |...........h....|
00000110  00 00 00 00 00 00 19 04 00 00 03 FC 00 00 00 00  |................|
00000120  00 00 0A F8 00 00 03 FC 00 00 00 00 00 00 92 30  |...............0|
00000130  00 00 03 FC 00 00 00 00 00 00 0C 9C 00 00 03 FC  |................|
00000140  00 00 00 00 00 00 24 C0 00 00 03 FC 00 00 00 00  |......$.........|
00000150  00 00 25 68 00 00 03 FC 00 00 00 00 00 00 26 10  |..%h..........&.|
00000160  00 00 03 FC 00 00 00 00 00 00 27 60 00 00 03 FC  |..........'`....|
00000170  00 00 00 00 00 00 28 54 00 00 03 FC 00 00 00 00  |......(T........|
00000180  00 00 28 FC 00 00 03 FC 00 00 00 00 00 00 2A 38  |..(...........*8|
00000190  00 00 03 FC 00 00 00 00 00 00 2A D8 00 00 03 FC  |..........*.....|
000001A0  00 00 00 00 00 00 2B 74 00 00 03 FC 00 00 00 00  |......+t........|
000001B0  00 00 2C 64 00 00 03 FC 00 00 00 00 00 00 2D 08  |..,d..........-.|
000001C0  00 00 03 FC 00 00 00 00 00 00 2D AC 00 00 03 FC  |..........-.....|
000001D0  00 00 00 00 00 00 2E 74 00 00 03 FC 00 00 00 00  |.......t........|
000001E0  00 00 2F 08 00 00 03 FC 00 00 00 00 00 00 30 68  |../...........0h|
000001F0  00 00 03 FC 00 00 00 00 00 00 31 04 00 00 03 FC  |..........1.....|
00000200  00 00 00 00 00 00 34 78 00 00 03 FC 00 00 00 00  |......4x........|
00000210  00 00 35 90 00 00 03 FC 00 00 00 00 00 00 36 AC  |..5...........6.|
00000220  00 00 03 FC 00 00 00 00 00 00 38 10 00 00 03 FC  |..........8.....|
00000230  00 00 00 00 00 00 39 3C 00 00 03 FC 00 00 00 00  |......9<........|
00000240  00 00 3A 8C 00 00 03 FC 00 00 00 00 00 00 3C 30  |..:...........<0|
00000250  00 00 03 FC 00 00 00 00 00 00 3D EC 00 00 03 FC  |..........=.....|
00000260  00 00 00 00 00 00 3F 28 00 00 03 FC 00 00 00 00  |......?(........|
00000270  00 00 40 78 00 00 03 FC 00 00 00 00 00 00 41 90  |..@x..........A.|
00000280  00 00 03 FC 00 00 00 00 00 00 42 DC 00 00 03 FC  |..........B.....|
00000290  00 00 00 00 00 00 44 6C 00 00 03 FC 00 00 00 00  |......Dl........|
000002A0  00 00 45 08 00 00 03 FC 00 00 00 00 00 00 46 A8  |..E...........F.|
000002B0  00 00 03 FC 00 00 00 00 00 00 47 AC 00 00 03 FC  |..........G.....|
000002C0  00 00 00 00 00 00 48 D4 00 00 03 FC 00 00 00 00  |......H.........|
000002D0  00 00 49 84 00 00 03 FC 00 00 00 00 00 00 53 F8  |..I...........S.|
000002E0  00 00 03 FC 00 00 00 00 00 00 54 88 00 00 03 FC  |..........T.....|
000002F0  00 00 00 00 00 00 57 28 00 00 03 FC 00 00 00 00  |......W(........|
00000300  00 00 59 14 00 00 03 FC 00 00 00 00 00 00 64 68  |..Y...........dh|
00000310  00 00 03 FC 00 00 00 00 00 00 66 20 00 00 03 FC  |..........f ....|
00000320  00 00 00 00 00 00 6A 7C 00 00 03 FC 00 00 00 00  |......j|........|
00000330  00 00 6B C4 00 00 03 FC 00 00 00 00 00 00 6F 64  |..k...........od|
00000340  00 00 03 FC 00 00 00 00 00 00 70 B8 00 00 03 FC  |..........p.....|
00000350  00 00 00 00 00 00 71 74 00 00 03 FC 00 00 00 00  |......qt........|
00000360  00 00 72 D8 00 00 03 FC 00 00 00 00 00 00 75 E8  |..r...........u.|
00000370  00 00 03 FC 00 00 00 00 00 00 76 B0 00 00 03 FC  |..........v.....|
00000380  00 00 00 00 00 00 77 80 00 00 03 FC 00 00 00 00  |......w.........|
00000390  00 00 78 94 00 00 03 FC 00 00 00 00 00 00 79 AC  |..x...........y.|
000003A0  00 00 03 FC 00 00 00 00 00 00 7B 24 00 00 03 FC  |..........{$....|
000003B0  00 00 00 00 00 00 7D 94 00 00 03 FC 00 00 00 00  |......}.........|
000003C0  00 00 80 9C 00 00 03 FC 00 00 00 00 00 00 82 78  |...............x|
000003D0  00 00 03 FC 00 00 00 00 00 00 8D 90 00 00 03 FC  |................|
000003E0  00 00 00 00 00 00 99 A0 00 00 03 FC 00 00 00 00  |................|
000003F0  00 00 9C 68 00 00 03 FC 00 00 00 00 00 00 00 00  |...h............|
00000400  00 00 00 00 00 00 05 F0 00 00 06 00 00 00 00 00  |................|
00000410  00 00 00 00 00 00 00 00 00 00 00 00 00 00 06 10  |................|
00000420  00 00 00 00 00 00 06 20 00 00 00 00 00 00 00 00  |....... ........|
00000430  ... 60 zero bytes ...
00000490  00 00 00 FC 00 00 00 00 00 00 00 00 00 00 00 00  |................|
000004A0  ... 30 zero bytes ...
000004D0  00 00 00 00 00 00 01 08 00 00 01 14 00 00 01 20  |............... |
000004E0  00 00 00 00 00 00 00 00 00 00 00 60 00 00 00 00  |...........`....|
000004F0  ... 30 zero bytes ...
00000520  00 00 00 00 00 00 00 00 00 00 00 00 00 00 00 90  |................|
00000530  00 00 00 00 00 00 00 00 00 00 00 00 00 00 00 00  |................|
00000540  00 00 00 00 00 00 00 00 00 00 00 00 00 00 00 00  |................|
00000550  00 00 00 A0 00 00 00 00 00 00 00 00 00 00 00 00  |................|
00000560  ... 70 zero bytes ...
000005D0  00 00 00 00 00 00 00 00 00 00 00 00 00 00 01 2C  |...............,|
000005E0  00 00 01 38 00 00 00 00                          |...8....|

; exports (58):
;   __Get1IndResource                        class tvector section  1 offset 144
;   __GetIndResource                         class tvector section  1 offset 150
;   __GetResource                            class tvector section  1 offset 15C
;   __RGetResource                           class tvector section  1 offset 168
;   __Get1Resource                           class tvector section  1 offset 174
;   __GetNamedResource                       class tvector section  1 offset 180
;   __Get1NamedResource                      class tvector section  1 offset 18C
;   __CountResources                         class tvector section  1 offset 198
;   __Count1Resources                        class tvector section  1 offset 1A4
;   __IsThisASystemResourceMap               class tvector section  1 offset 1B0
;   __GetMap                                 class tvector section  1 offset 1BC
;   __CurResFile                             class tvector section  1 offset 1C8
;   __CountTypes                             class tvector section  1 offset 1D4
;   __Count1Types                            class tvector section  1 offset 1E0
;   __GetIndType                             class tvector section  1 offset 1EC
;   __Get1IndType                            class tvector section  1 offset 1F8
;   __GetResFileAttrs                        class tvector section  1 offset 204
;   __SetResFileAttrs                        class tvector section  1 offset 210
;   __DetachResource                         class tvector section  1 offset 21C
;   __GetResAttrs                            class tvector section  1 offset 228
;   __SetResAttrs                            class tvector section  1 offset 234
;   __GetResInfo                             class tvector section  1 offset 240
;   __LoadResource                           class tvector section  1 offset 24C
;   __HomeResFile                            class tvector section  1 offset 258
;   __ReleaseResource                        class tvector section  1 offset 264
;   __UseResFile                             class tvector section  1 offset 270
;   __ReadPartialResource                    class tvector section  1 offset 27C
;   __SizeResource                           class tvector section  1 offset 288
;   __UniqueID                               class tvector section  1 offset 294
;   __Unique1ID                              class tvector section  1 offset 2A0
;   __RsrcMapEntry                           class tvector section  1 offset 2AC
;   __OpenResFile                            class tvector section  1 offset 2B8
;   __OpenRFPerm                             class tvector section  1 offset 2C4
;   __HOpenResFile                           class tvector section  1 offset 2D0
;   __CreateResFile                          class tvector section  1 offset 2DC
;   __HCreateResFile                         class tvector section  1 offset 2E8
;   __WriteResource                          class tvector section  1 offset 2F4
;   __AddResource                            class tvector section  1 offset 300
;   __ChangedResource                        class tvector section  1 offset 30C
;   __SetResInfo                             class tvector section  1 offset 318
;   __GetOverrideMap                         class tvector section  1 offset 324
;   __CloseResFile                           class tvector section  1 offset 330
;   __MaxSizeResource                        class tvector section  1 offset 33C
;   __SetResLoad                             class tvector section  1 offset 348
;   __WritePartialResource                   class tvector section  1 offset 354
;   __RmveResource                           class tvector section  1 offset 360
;   __ResError                               class tvector section  1 offset 36C
;   __SetScanOverride                        class tvector section  1 offset 378
;   __GetOverrideAttributes                  class tvector section  1 offset 384
;   __SetOverrideAttributes                  class tvector section  1 offset 390
;   __GetNextFond                            class tvector section  1 offset 39C
;   __InsertOverrideMap                      class tvector section  1 offset 3A8
;   __OpenResFileUnderSystemMap              class tvector section  1 offset 3B4
;   __CloseResFileUnderSystemMap             class tvector section  1 offset 3C0
;   __ResolveIDConflict                      class tvector section  1 offset 3CC
;   __UpdateResFile                          class tvector section  1 offset 3D8
;   __SetResourceSize                        class tvector section  1 offset 3E4
;   __RsrcZoneInit                           class tvector section  1 offset 3F0
; imports (109):
;      0 PrivateInterfaceLib      LMSetJCheckLoad                          tvector
;      1 PrivateInterfaceLib      FragPrepare                              tvector
;      2 PrivateInterfaceLib      GetEmulatorRegister                      tvector
;      3 PrivateInterfaceLib      SetEmulatorRegister                      tvector
;      4 PrivateInterfaceLib      LMGetROMMapHndl                          tvector
;      5 PrivateInterfaceLib      LMSetResOneDeep                          tvector
;      6 PrivateInterfaceLib      LMGetExpandMem                           tvector
;      7 PrivateInterfaceLib      GetOverrideMap                           tvector
;      8 PrivateInterfaceLib      LMGetResOneDeep                          tvector
;      9 PrivateInterfaceLib      LMGetBrianBits                           tvector
;     10 PrivateInterfaceLib      LMSetBrianBits                           tvector
;     11 PrivateInterfaceLib      LMGetJCheckLoad                          tvector
;     12 PrivateInterfaceLib      IsThisASystemResourceMap                 tvector
;     13 PrivateInterfaceLib      FlushEmulatorCacheRange                  tvector
;     14 PrivateInterfaceLib      LMGetHSCHndl                             tvector
;     15 PrivateInterfaceLib      MFGetPrTypeStrings                       tvector
;     16 PrivateInterfaceLib      StringToAppleItemHdl                     tvector
;     17 PrivateInterfaceLib      LMGetFSMVars                             tvector
;     18 PrivateInterfaceLib      LMSetHSCHndl                             tvector
;     19 PrivateInterfaceLib      PrLoadDriver                             tvector
;     20 PrivateInterfaceLib      GetMap                                   tvector
;     21 PrivateInterfaceLib      BeginSystemMode                          tvector
;     22 PrivateInterfaceLib      EndSystemMode                            tvector
;     23 InterfaceLib             NewGestaltValue                          tvector
;     24 InterfaceLib             CurResFile                               tvector
;     25 InterfaceLib             UseResFile                               tvector
;     26 InterfaceLib             Count1Resources                          tvector
;     27 InterfaceLib             NewPtr                                   tvector
;     28 InterfaceLib             Get1IndResource                          tvector
;     29 InterfaceLib             HLock                                    tvector
;     30 InterfaceLib             GetResInfo                               tvector
;     31 InterfaceLib             GetHandleSize                            tvector
;     32 InterfaceLib             LMGetTopMapHndl                          tvector
;     33 InterfaceLib             LMGetCurMap                              tvector
;     34 InterfaceLib             LMSetCurMap                              tvector
;     35 InterfaceLib             LMSetTopMapHndl                          tvector
;     36 InterfaceLib             LMGetResLoad                             tvector
;     37 InterfaceLib             LMGetTmpResLoad                          tvector
;     38 InterfaceLib             LMSetResLoad                             tvector
;     39 InterfaceLib             LMSetTmpResLoad                          tvector
;     40 InterfaceLib             LMGetSysMap                              tvector
;     41 InterfaceLib             LMGetSysMapHndl                          tvector
;     42 InterfaceLib             LMGetROMMapInsert                        tvector
;     43 InterfaceLib             LMSetROMMapInsert                        tvector
;     44 InterfaceLib             LMSetResErr                              tvector
;     45 InterfaceLib             LMGetResErrProc                          tvector
;     46 InterfaceLib             CallUniversalProc                        tvector
;     47 InterfaceLib             LMGetROMBase                             tvector
;     48 InterfaceLib             HandleZone                               tvector
;     49 InterfaceLib             HGetState                                tvector
;     50 InterfaceLib             HSetState                                tvector
;     51 InterfaceLib             ReserveMem                               tvector
;     52 InterfaceLib             NewHandle                                tvector
;     53 InterfaceLib             MemError                                 tvector
;     54 InterfaceLib             ReallocateHandle                         tvector
;     55 InterfaceLib             SetHandleSize                            tvector
;     56 InterfaceLib             DisposePtr                               tvector
;     57 InterfaceLib             LMGetResErr                              tvector
;     58 InterfaceLib             PBReadSync                               tvector
;     59 InterfaceLib             PBCloseSync                              tvector
;     60 InterfaceLib             EqualString                              tvector
;     61 InterfaceLib             GetZone                                  tvector
;     62 InterfaceLib             SystemZone                               tvector
;     63 InterfaceLib             SetZone                                  tvector
;     64 InterfaceLib             DisposeHandle                            tvector
;     65 InterfaceLib             NewEmptyHandle                           tvector
;     66 InterfaceLib             NewHandleSysClear                        tvector
;     67 InterfaceLib             RelString                                tvector
;     68 InterfaceLib             LMGetBootDrive                           tvector
;     69 InterfaceLib             OpenRFPerm                               tvector
;     70 InterfaceLib             PrDrvrOpen                               tvector
;     71 InterfaceLib             CloseResFile                             tvector
;     72 InterfaceLib             LMGetFSFCBLen                            tvector
;     73 InterfaceLib             HClrRBit                                 tvector
;     74 InterfaceLib             BlockMoveData                            tvector
;     75 InterfaceLib             Random                                   tvector
;     76 InterfaceLib             GetString                                tvector
;     77 InterfaceLib             PBGetEOFSync                             tvector
;     78 InterfaceLib             PBSetEOFSync                             tvector
;     79 InterfaceLib             PBFlushFileSync                          tvector
;     80 InterfaceLib             PBHOpenRFSync                            tvector
;     81 InterfaceLib             LMSetLastSPExtra                         tvector
;     82 InterfaceLib             LMSetLastFOND                            tvector
;     83 InterfaceLib             PBWriteSync                              tvector
;     84 InterfaceLib             PBHCreateSync                            tvector
;     85 InterfaceLib             HSetRBit                                 tvector
;     86 InterfaceLib             HNoPurge                                 tvector
;     87 InterfaceLib             UpdateResFile                            tvector
;     88 InterfaceLib             LMSetSysMapHndl                          tvector
;     89 InterfaceLib             LMSetSysMap                              tvector
;     90 InterfaceLib             ResError                                 tvector
;     91 InterfaceLib             HomeResFile                              tvector
;     92 InterfaceLib             GetResource                              tvector
;     93 InterfaceLib             PBGetCatInfoSync                         tvector
;     94 InterfaceLib             LMGetTheZone                             tvector
;     95 InterfaceLib             LMGetSysZone                             tvector
;     96 InterfaceLib             LMSetTheZone                             tvector
;     97 InterfaceLib             FSpOpenResFile                           tvector
;     98 InterfaceLib             LMGetFCBSPtr                             tvector
;     99 InterfaceLib             GetIndResource                           tvector
;    100 InterfaceLib             LoadResource                             tvector
;    101 InterfaceLib             GetNamedResource                         tvector
;    102 InterfaceLib             SetResInfo                               tvector
;    103 InterfaceLib             ChangedResource                          tvector
;    104 InterfaceLib             WriteResource                            tvector
;    105 InterfaceLib             DetachResource                           tvector
;    106 InterfaceLib             UniqueID                                 tvector
;    107 InterfaceLib             HUnlock                                  tvector
;    108 InterfaceLib             MaxBlock                                 tvector
