; ============================================================================
; PowerPC exception vectors and boot code (FFF00000)
; ============================================================================
; ROM offset 300000-30BFFF, physical FFF00000-FFF0BFFF (MSR[IP]=1 at reset: vectors here).
; Exception vectors every 0x100 bytes; the reset vector (FFF00100) branches into the
; hardware start-up at FFF03000 (CPU type, BATs, Hammerhead, Bandit PCI, Cuda, RAM sizing)
; and then hands over to Open Firmware (FFF3003C). Later the NanoKernel installs its
; own vectors. Hardware addresses of the 7600 map are annotated where the code forms them.
;
; Columns: address, flag, raw bytes, instruction, ; comment.
;   flag '*' executed in the coverage run, ' ' reached by control flow,
;   '?' decodes as code but neither executed nor reached, 'd' data.

FFF00000? 48000008  b       loc_FFF00008
FFF00004? 48000028  b       loc_FFF0002C
loc_FFF00008:
FFF00008? 7C3143A6  mtspr   SPRG1, r1
FFF0000C? 7C2802A6  mfspr   r1, LR
FFF00010? 7C3243A6  mtspr   SPRG2, r1
FFF00014? 7C3342A6  mfspr   r1, SPRG3
FFF00018? 80210000  lwz     r1, 0x0(r1)
FFF0001C? 7C2803A6  mtspr   LR, r1
FFF00020? 4E800021  blrl
FFF00024d 00000000  .long   0x00000000
FFF00028? 7C2802A6  mfspr   r1, LR
loc_FFF0002C:
FFF0002C? 7C3143A6  mtspr   SPRG1, r1
FFF00030? 7C3342A6  mfspr   r1, SPRG3
FFF00034? 7C3243A6  mtspr   SPRG2, r1
FFF00038? 7C2803A6  mtspr   LR, r1
FFF0003C? 80210000  lwz     r1, 0x0(r1)
FFF00040d 00000000  .long   0x00000000
FFF00044? 4E800021  blrl
FFF00048d ........  .space  0x38                      ; zero to FFF00080
FFF00080d 0000D000  .long   0x0000D000
FFF00084d ........  .space  0x7C                      ; zero to FFF00100
; Reset vector (MSR[IP]=1 at reset, so the CPU starts here).
; r1 -> SPRG1, CR -> SPRG2, then SRR1 is moved to CR: "bne cr7" tests SRR1[RI]
; (bit 30). RI = 0 means a hard reset -> FFF03000. Otherwise HID0 goes to CR and
; "bns cr3" tests HID0 bit 15 (NHR, "not hard reset", 603/604): clear -> FFF03000.
; A soft reset (RI and NHR set) dispatches through the vector table SPRG3 points to
; (entry +4). An emulator/FPGA must present SRR1[RI]=0 or HID0[NHR]=0 at power-on.
; FFF00104 is the 601 variant of the same code (entered by "b" at 0x104).

vec_0100_reset:
FFF00100* 48000008  b       loc_FFF00108
FFF00104? 48000050  b       loc_FFF00154
loc_FFF00108:
FFF00108* 7C3143A6  mtspr   SPRG1, r1
FFF0010C* 7C200026  mfcr    r1
FFF00110* 7C3243A6  mtspr   SPRG2, r1
FFF00114* 7C3B02A6  mfspr   r1, SRR1
FFF00118* 7C2FF120  mtcr    r1
FFF0011C* 409E2EE4  bne     cr7, loc_FFF03000                  ; SRR1[RI] = 0: hard reset
FFF00120  7C30FAA6  mfspr   r1, HID0
FFF00124  7C2FF120  mtcr    r1
FFF00128  408F2ED8  bns     cr3, loc_FFF03000                  ; HID0[NHR] = 0: hard reset
FFF0012C  7C3242A6  mfspr   r1, SPRG2
FFF00130  7C2FF120  mtcr    r1
FFF00134  7C2802A6  mfspr   r1, LR
FFF00138  7C3243A6  mtspr   SPRG2, r1
FFF0013C  7C3342A6  mfspr   r1, SPRG3
FFF00140  80210004  lwz     r1, 0x4(r1)
FFF00144  7C2803A6  mtspr   LR, r1
FFF00148  4E800021  blrl
FFF0014Cd 00000100  .long   0x00000100
FFF00150? 7C200026  mfcr    r1
loc_FFF00154:
FFF00154? 7C3143A6  mtspr   SPRG1, r1
FFF00158? 7C3B02A6  mfspr   r1, SRR1
FFF0015C? 7C3243A6  mtspr   SPRG2, r1
FFF00160? 409E2EA0  bne     cr7, loc_FFF03000
FFF00164? 7C2FF120  mtcr    r1
FFF00168? 7C2FF120  mtcr    r1
FFF0016C? 7C30FAA6  mfspr   r1, HID0
FFF00170? 7C3242A6  mfspr   r1, SPRG2
FFF00174? 408F2E8C  bns     cr3, loc_FFF03000
FFF00178? 7C2802A6  mfspr   r1, LR
FFF0017C? 7C2FF120  mtcr    r1
FFF00180? 7C3342A6  mfspr   r1, SPRG3
FFF00184? 7C3243A6  mtspr   SPRG2, r1
FFF00188? 7C2803A6  mtspr   LR, r1
FFF0018C? 80210004  lwz     r1, 0x4(r1)
FFF00190d 00000100  .long   0x00000100
FFF00194? 4E800021  blrl
FFF00198d ........  .space  0x68                      ; zero to FFF00200

vec_0200_machine_check:
FFF00200  48000008  b       loc_FFF00208
FFF00204? 48000028  b       loc_FFF0022C
loc_FFF00208:
FFF00208  7C3143A6  mtspr   SPRG1, r1
FFF0020C  7C2802A6  mfspr   r1, LR
FFF00210  7C3243A6  mtspr   SPRG2, r1
FFF00214  7C3342A6  mfspr   r1, SPRG3
FFF00218  80210008  lwz     r1, 0x8(r1)
FFF0021C  7C2803A6  mtspr   LR, r1
FFF00220  4E800021  blrl
FFF00224d 00000200  .long   0x00000200
FFF00228? 7C2802A6  mfspr   r1, LR
loc_FFF0022C:
FFF0022C? 7C3143A6  mtspr   SPRG1, r1
FFF00230? 7C3342A6  mfspr   r1, SPRG3
FFF00234? 7C3243A6  mtspr   SPRG2, r1
FFF00238? 7C2803A6  mtspr   LR, r1
FFF0023C? 80210008  lwz     r1, 0x8(r1)
FFF00240d 00000200  .long   0x00000200
FFF00244? 4E800021  blrl
FFF00248d ........  .space  0xB8                      ; zero to FFF00300

vec_0300_dsi:
FFF00300* 48000008  b       loc_FFF00308
FFF00304? 48000028  b       loc_FFF0032C
loc_FFF00308:
FFF00308* 7C3143A6  mtspr   SPRG1, r1
FFF0030C* 7C2802A6  mfspr   r1, LR
FFF00310* 7C3243A6  mtspr   SPRG2, r1
FFF00314* 7C3342A6  mfspr   r1, SPRG3
FFF00318* 8021000C  lwz     r1, 0xC(r1)
FFF0031C* 7C2803A6  mtspr   LR, r1
FFF00320* 4E800021  blrl
FFF00324d 00000300  .long   0x00000300
FFF00328? 7C2802A6  mfspr   r1, LR
loc_FFF0032C:
FFF0032C? 7C3143A6  mtspr   SPRG1, r1
FFF00330? 7C3342A6  mfspr   r1, SPRG3
FFF00334? 7C3243A6  mtspr   SPRG2, r1
FFF00338? 7C2803A6  mtspr   LR, r1
FFF0033C? 8021000C  lwz     r1, 0xC(r1)
FFF00340d 00000300  .long   0x00000300
FFF00344? 4E800021  blrl
FFF00348d ........  .space  0xB8                      ; zero to FFF00400

vec_0400_isi:
FFF00400* 48000008  b       loc_FFF00408
FFF00404? 48000028  b       loc_FFF0042C
loc_FFF00408:
FFF00408* 7C3143A6  mtspr   SPRG1, r1
FFF0040C* 7C2802A6  mfspr   r1, LR
FFF00410* 7C3243A6  mtspr   SPRG2, r1
FFF00414* 7C3342A6  mfspr   r1, SPRG3
FFF00418* 80210010  lwz     r1, 0x10(r1)
FFF0041C* 7C2803A6  mtspr   LR, r1
FFF00420* 4E800021  blrl
FFF00424d 00000400  .long   0x00000400
FFF00428? 7C2802A6  mfspr   r1, LR
loc_FFF0042C:
FFF0042C? 7C3143A6  mtspr   SPRG1, r1
FFF00430? 7C3342A6  mfspr   r1, SPRG3
FFF00434? 7C3243A6  mtspr   SPRG2, r1
FFF00438? 7C2803A6  mtspr   LR, r1
FFF0043C? 80210010  lwz     r1, 0x10(r1)
FFF00440d 00000400  .long   0x00000400
FFF00444? 4E800021  blrl
FFF00448d ........  .space  0xB8                      ; zero to FFF00500

vec_0500_external:
FFF00500* 48000008  b       loc_FFF00508
FFF00504? 48000028  b       loc_FFF0052C
loc_FFF00508:
FFF00508* 7C3143A6  mtspr   SPRG1, r1
FFF0050C* 7C2802A6  mfspr   r1, LR
FFF00510* 7C3243A6  mtspr   SPRG2, r1
FFF00514* 7C3342A6  mfspr   r1, SPRG3
FFF00518* 80210014  lwz     r1, 0x14(r1)
FFF0051C* 7C2803A6  mtspr   LR, r1
FFF00520* 4E800021  blrl
FFF00524d 00000500  .long   0x00000500
FFF00528? 7C2802A6  mfspr   r1, LR
loc_FFF0052C:
FFF0052C? 7C3143A6  mtspr   SPRG1, r1
FFF00530? 7C3342A6  mfspr   r1, SPRG3
FFF00534? 7C3243A6  mtspr   SPRG2, r1
FFF00538? 7C2803A6  mtspr   LR, r1
FFF0053C? 80210014  lwz     r1, 0x14(r1)
FFF00540d 00000500  .long   0x00000500
FFF00544? 4E800021  blrl
FFF00548d ........  .space  0xB8                      ; zero to FFF00600

vec_0600_alignment:
FFF00600  48000008  b       loc_FFF00608
FFF00604? 48000028  b       loc_FFF0062C
loc_FFF00608:
FFF00608  7C3143A6  mtspr   SPRG1, r1
FFF0060C  7C2802A6  mfspr   r1, LR
FFF00610  7C3243A6  mtspr   SPRG2, r1
FFF00614  7C3342A6  mfspr   r1, SPRG3
FFF00618  80210018  lwz     r1, 0x18(r1)
FFF0061C  7C2803A6  mtspr   LR, r1
FFF00620  4E800021  blrl
FFF00624d 00000600  .long   0x00000600
FFF00628? 7C2802A6  mfspr   r1, LR
loc_FFF0062C:
FFF0062C? 7C3143A6  mtspr   SPRG1, r1
FFF00630? 7C3342A6  mfspr   r1, SPRG3
FFF00634? 7C3243A6  mtspr   SPRG2, r1
FFF00638? 7C2803A6  mtspr   LR, r1
FFF0063C? 80210018  lwz     r1, 0x18(r1)
FFF00640d 00000600  .long   0x00000600
FFF00644? 4E800021  blrl
FFF00648d ........  .space  0xB8                      ; zero to FFF00700

vec_0700_program:
FFF00700* 48000008  b       loc_FFF00708
FFF00704? 48000028  b       loc_FFF0072C
loc_FFF00708:
FFF00708* 7C3143A6  mtspr   SPRG1, r1
FFF0070C* 7C2802A6  mfspr   r1, LR
FFF00710* 7C3243A6  mtspr   SPRG2, r1
FFF00714* 7C3342A6  mfspr   r1, SPRG3
FFF00718* 8021001C  lwz     r1, 0x1C(r1)
FFF0071C* 7C2803A6  mtspr   LR, r1
FFF00720* 4E800021  blrl
FFF00724d 00000700  .long   0x00000700
FFF00728? 7C2802A6  mfspr   r1, LR
loc_FFF0072C:
FFF0072C? 7C3143A6  mtspr   SPRG1, r1
FFF00730? 7C3342A6  mfspr   r1, SPRG3
FFF00734? 7C3243A6  mtspr   SPRG2, r1
FFF00738? 7C2803A6  mtspr   LR, r1
FFF0073C? 8021001C  lwz     r1, 0x1C(r1)
FFF00740d 00000700  .long   0x00000700
FFF00744? 4E800021  blrl
FFF00748d ........  .space  0xB8                      ; zero to FFF00800

vec_0800_fp_unavailable:
FFF00800* 48000008  b       loc_FFF00808
FFF00804? 48000028  b       loc_FFF0082C
loc_FFF00808:
FFF00808* 7C3143A6  mtspr   SPRG1, r1
FFF0080C* 7C2802A6  mfspr   r1, LR
FFF00810* 7C3243A6  mtspr   SPRG2, r1
FFF00814* 7C3342A6  mfspr   r1, SPRG3
FFF00818* 80210020  lwz     r1, 0x20(r1)
FFF0081C* 7C2803A6  mtspr   LR, r1
FFF00820* 4E800021  blrl
FFF00824d 00000800  .long   0x00000800
FFF00828? 7C2802A6  mfspr   r1, LR
loc_FFF0082C:
FFF0082C? 7C3143A6  mtspr   SPRG1, r1
FFF00830? 7C3342A6  mfspr   r1, SPRG3
FFF00834? 7C3243A6  mtspr   SPRG2, r1
FFF00838? 7C2803A6  mtspr   LR, r1
FFF0083C? 80210020  lwz     r1, 0x20(r1)
FFF00840d 00000800  .long   0x00000800
FFF00844? 4E800021  blrl
FFF00848d ........  .space  0xB8                      ; zero to FFF00900

vec_0900_decrementer:
FFF00900* 48000008  b       loc_FFF00908
FFF00904? 48000028  b       loc_FFF0092C
loc_FFF00908:
FFF00908* 7C3143A6  mtspr   SPRG1, r1
FFF0090C* 7C2802A6  mfspr   r1, LR
FFF00910* 7C3243A6  mtspr   SPRG2, r1
FFF00914* 7C3342A6  mfspr   r1, SPRG3
FFF00918* 80210024  lwz     r1, 0x24(r1)
FFF0091C* 7C2803A6  mtspr   LR, r1
FFF00920* 4E800021  blrl
FFF00924d 00000900  .long   0x00000900
FFF00928? 7C2802A6  mfspr   r1, LR
loc_FFF0092C:
FFF0092C? 7C3143A6  mtspr   SPRG1, r1
FFF00930? 7C3342A6  mfspr   r1, SPRG3
FFF00934? 7C3243A6  mtspr   SPRG2, r1
FFF00938? 7C2803A6  mtspr   LR, r1
FFF0093C? 80210024  lwz     r1, 0x24(r1)
FFF00940d 00000900  .long   0x00000900
FFF00944? 4E800021  blrl
FFF00948d ........  .space  0xB8                      ; zero to FFF00A00

vec_0A00_reserved_0A00:
FFF00A00  48000008  b       loc_FFF00A08
FFF00A04? 48000028  b       loc_FFF00A2C
loc_FFF00A08:
FFF00A08  7C3143A6  mtspr   SPRG1, r1
FFF00A0C  7C2802A6  mfspr   r1, LR
FFF00A10  7C3243A6  mtspr   SPRG2, r1
FFF00A14  7C3342A6  mfspr   r1, SPRG3
FFF00A18  80210028  lwz     r1, 0x28(r1)
FFF00A1C  7C2803A6  mtspr   LR, r1
FFF00A20  4E800021  blrl
FFF00A24d 00000A00  .long   0x00000A00
FFF00A28? 7C2802A6  mfspr   r1, LR
loc_FFF00A2C:
FFF00A2C? 7C3143A6  mtspr   SPRG1, r1
FFF00A30? 7C3342A6  mfspr   r1, SPRG3
FFF00A34? 7C3243A6  mtspr   SPRG2, r1
FFF00A38? 7C2803A6  mtspr   LR, r1
FFF00A3C? 80210028  lwz     r1, 0x28(r1)
FFF00A40d 00000A00  .long   0x00000A00
FFF00A44? 4E800021  blrl
FFF00A48d ........  .space  0xB8                      ; zero to FFF00B00

vec_0B00_reserved_0B00:
FFF00B00  48000008  b       loc_FFF00B08
FFF00B04? 48000028  b       loc_FFF00B2C
loc_FFF00B08:
FFF00B08  7C3143A6  mtspr   SPRG1, r1
FFF00B0C  7C2802A6  mfspr   r1, LR
FFF00B10  7C3243A6  mtspr   SPRG2, r1
FFF00B14  7C3342A6  mfspr   r1, SPRG3
FFF00B18  8021002C  lwz     r1, 0x2C(r1)
FFF00B1C  7C2803A6  mtspr   LR, r1
FFF00B20  4E800021  blrl
FFF00B24d 00000B00  .long   0x00000B00
FFF00B28? 7C2802A6  mfspr   r1, LR
loc_FFF00B2C:
FFF00B2C? 7C3143A6  mtspr   SPRG1, r1
FFF00B30? 7C3342A6  mfspr   r1, SPRG3
FFF00B34? 7C3243A6  mtspr   SPRG2, r1
FFF00B38? 7C2803A6  mtspr   LR, r1
FFF00B3C? 8021002C  lwz     r1, 0x2C(r1)
FFF00B40d 00000B00  .long   0x00000B00
FFF00B44? 4E800021  blrl
FFF00B48d ........  .space  0xB8                      ; zero to FFF00C00

vec_0C00_system_call:
FFF00C00  48000008  b       loc_FFF00C08
FFF00C04? 48000028  b       loc_FFF00C2C
loc_FFF00C08:
FFF00C08  7C3143A6  mtspr   SPRG1, r1
FFF00C0C  7C2802A6  mfspr   r1, LR
FFF00C10  7C3243A6  mtspr   SPRG2, r1
FFF00C14  7C3342A6  mfspr   r1, SPRG3
FFF00C18  80210030  lwz     r1, 0x30(r1)
FFF00C1C  7C2803A6  mtspr   LR, r1
FFF00C20  4E800021  blrl
FFF00C24d 00000C00  .long   0x00000C00
FFF00C28? 7C2802A6  mfspr   r1, LR
loc_FFF00C2C:
FFF00C2C? 7C3143A6  mtspr   SPRG1, r1
FFF00C30? 7C3342A6  mfspr   r1, SPRG3
FFF00C34? 7C3243A6  mtspr   SPRG2, r1
FFF00C38? 7C2803A6  mtspr   LR, r1
FFF00C3C? 80210030  lwz     r1, 0x30(r1)
FFF00C40d 00000C00  .long   0x00000C00
FFF00C44? 4E800021  blrl
FFF00C48d ........  .space  0xB8                      ; zero to FFF00D00

vec_0D00_trace:
FFF00D00  48000008  b       loc_FFF00D08
FFF00D04? 48000028  b       loc_FFF00D2C
loc_FFF00D08:
FFF00D08  7C3143A6  mtspr   SPRG1, r1
FFF00D0C  7C2802A6  mfspr   r1, LR
FFF00D10  7C3243A6  mtspr   SPRG2, r1
FFF00D14  7C3342A6  mfspr   r1, SPRG3
FFF00D18  80210034  lwz     r1, 0x34(r1)
FFF00D1C  7C2803A6  mtspr   LR, r1
FFF00D20  4E800021  blrl
FFF00D24d 00000D00  .long   0x00000D00
FFF00D28? 7C2802A6  mfspr   r1, LR
loc_FFF00D2C:
FFF00D2C? 7C3143A6  mtspr   SPRG1, r1
FFF00D30? 7C3342A6  mfspr   r1, SPRG3
FFF00D34? 7C3243A6  mtspr   SPRG2, r1
FFF00D38? 7C2803A6  mtspr   LR, r1
FFF00D3C? 80210034  lwz     r1, 0x34(r1)
FFF00D40d 00000D00  .long   0x00000D00
FFF00D44? 4E800021  blrl
FFF00D48d ........  .space  0xB8                      ; zero to FFF00E00

vec_0E00_fp_assist:
FFF00E00  48000008  b       loc_FFF00E08
FFF00E04? 48000028  b       loc_FFF00E2C
loc_FFF00E08:
FFF00E08  7C3143A6  mtspr   SPRG1, r1
FFF00E0C  7C2802A6  mfspr   r1, LR
FFF00E10  7C3243A6  mtspr   SPRG2, r1
FFF00E14  7C3342A6  mfspr   r1, SPRG3
FFF00E18  80210038  lwz     r1, 0x38(r1)
FFF00E1C  7C2803A6  mtspr   LR, r1
FFF00E20  4E800021  blrl
FFF00E24d 00000E00  .long   0x00000E00
FFF00E28? 7C2802A6  mfspr   r1, LR
loc_FFF00E2C:
FFF00E2C? 7C3143A6  mtspr   SPRG1, r1
FFF00E30? 7C3342A6  mfspr   r1, SPRG3
FFF00E34? 7C3243A6  mtspr   SPRG2, r1
FFF00E38? 7C2803A6  mtspr   LR, r1
FFF00E3C? 80210038  lwz     r1, 0x38(r1)
FFF00E40d 00000E00  .long   0x00000E00
FFF00E44? 4E800021  blrl
FFF00E48d ........  .space  0xB8                      ; zero to FFF00F00

vec_0F00_perf_monitor_604:
FFF00F00  48000008  b       loc_FFF00F08
FFF00F04? 48000028  b       loc_FFF00F2C
loc_FFF00F08:
FFF00F08  7C3143A6  mtspr   SPRG1, r1
FFF00F0C  7C2802A6  mfspr   r1, LR
FFF00F10  7C3243A6  mtspr   SPRG2, r1
FFF00F14  7C3342A6  mfspr   r1, SPRG3
FFF00F18  8021003C  lwz     r1, 0x3C(r1)
FFF00F1C  7C2803A6  mtspr   LR, r1
FFF00F20  4E800021  blrl
FFF00F24d 00000F00  .long   0x00000F00
FFF00F28? 7C2802A6  mfspr   r1, LR
loc_FFF00F2C:
FFF00F2C? 7C3143A6  mtspr   SPRG1, r1
FFF00F30? 7C3342A6  mfspr   r1, SPRG3
FFF00F34? 7C3243A6  mtspr   SPRG2, r1
FFF00F38? 7C2803A6  mtspr   LR, r1
FFF00F3C? 8021003C  lwz     r1, 0x3C(r1)
FFF00F40d 00000F00  .long   0x00000F00
FFF00F44? 4E800021  blrl
FFF00F48d ........  .space  0xB8                      ; zero to FFF01000

vec_1000_itlb_miss_603:
FFF01000  7C52F2A6  mfspr   r2, HASH1(603)
FFF01004  80220000  lwz     r1, 0x0(r2)
FFF01008  7C0902A6  mfspr   r0, CTR
FFF0100C  7C75F2A6  mfspr   r3, ICMP(603)
loc_FFF01010:
FFF01010  7C011800  cmpw    r1, r3
FFF01014  4182001C  beq     loc_FFF01030
FFF01018  38200007  li      r1, 0x7
FFF0101C  7C2903A6  mtspr   CTR, r1
loc_FFF01020:
FFF01020  84220008  lwzu    r1, 0x8(r2)
FFF01024  7C011800  cmpw    r1, r3
FFF01028  4002FFF8  bdnzf   eq, loc_FFF01020
FFF0102C  40820038  bne     loc_FFF01064
loc_FFF01030:
FFF01030  80220004  lwz     r1, 0x4(r2)
FFF01034  7C0903A6  mtspr   CTR, r0
FFF01038  70230008  andi.   r3, r1, 0x8
FFF0103C  4082006C  bne     loc_FFF010A8
FFF01040  7C14F2A6  mfspr   r0, IMISS(603)
FFF01044  7C7B02A6  mfspr   r3, SRR1
FFF01048  7C680120  mtcrf   0x80, r3
FFF0104C  7C36F3A6  mtspr   RPA(603), r1
FFF01050  60210100  ori     r1, r1, 0x100
FFF01054  5421C23E  srwi    r1, r1, 8
FFF01058  7C0007E4  tlbli   r0
FFF0105C  98220006  stb     r1, 0x6(r2)
FFF01060  4C000064  rfi
loc_FFF01064:
FFF01064  70610040  andi.   r1, r3, 0x40
FFF01068  40820014  bne     loc_FFF0107C
FFF0106C  7C53F2A6  mfspr   r2, HASH2(603)
FFF01070  80220000  lwz     r1, 0x0(r2)
FFF01074  60630040  ori     r3, r3, 0x40
FFF01078  4BFFFF98  b       loc_FFF01010
loc_FFF0107C:
FFF0107C  7C7B02A6  mfspr   r3, SRR1
FFF01080  5462043E  clrlwi  r2, r3, 16
FFF01084  64424000  oris    r2, r2, 0x4000
FFF01088  7C0903A6  mtspr   CTR, r0
loc_FFF0108C:
FFF0108C  7C5B03A6  mtspr   SRR1, r2
FFF01090  7C0000A6  mfmsr   r0
FFF01094  6C000002  xoris   r0, r0, 0x2
FFF01098  7C680120  mtcrf   0x80, r3
FFF0109C  7C000124  mtmsr   r0
FFF010A0  4C00012C  isync
FFF010A4  4BFFF35C  b       vec_0400_isi
loc_FFF010A8:
FFF010A8  7C7B02A6  mfspr   r3, SRR1
FFF010AC  5462043E  clrlwi  r2, r3, 16
FFF010B0  64421000  oris    r2, r2, 0x1000
FFF010B4  4BFFFFD8  b       loc_FFF0108C
FFF010B8d ........  .space  0x48                      ; zero to FFF01100

vec_1100_dtlb_load_miss_603:
FFF01100  7C52F2A6  mfspr   r2, HASH1(603)
FFF01104  80220000  lwz     r1, 0x0(r2)
FFF01108  7C0902A6  mfspr   r0, CTR
FFF0110C  7C71F2A6  mfspr   r3, DCMP(603)
loc_FFF01110:
FFF01110  7C011800  cmpw    r1, r3
FFF01114  4182001C  beq     loc_FFF01130
FFF01118  38200007  li      r1, 0x7
FFF0111C  7C2903A6  mtspr   CTR, r1
loc_FFF01120:
FFF01120  84220008  lwzu    r1, 0x8(r2)
FFF01124  7C011800  cmpw    r1, r3
FFF01128  4002FFF8  bdnzf   eq, loc_FFF01120
FFF0112C  40820034  bne     loc_FFF01160
loc_FFF01130:
FFF01130  80220004  lwz     r1, 0x4(r2)
FFF01134  7C0903A6  mtspr   CTR, r0
FFF01138  7C10F2A6  mfspr   r0, DMISS(603)
FFF0113C  7C7B02A6  mfspr   r3, SRR1
FFF01140  7C680120  mtcrf   0x80, r3
FFF01144  7C36F3A6  mtspr   RPA(603), r1
FFF01148  60210100  ori     r1, r1, 0x100
FFF0114C  5421C23E  srwi    r1, r1, 8
FFF01150  7C0007A4  tlbld   r0
FFF01154  98220006  stb     r1, 0x6(r2)
FFF01158  4C000064  rfi
FFF0115C? 48000004  b       loc_FFF01160
loc_FFF01160:
FFF01160  70610040  andi.   r1, r3, 0x40
FFF01164  4082013C  bne     loc_FFF012A0
FFF01168  7C53F2A6  mfspr   r2, HASH2(603)
FFF0116C  80220000  lwz     r1, 0x0(r2)
FFF01170  60630040  ori     r3, r3, 0x40
FFF01174  4BFFFF9C  b       loc_FFF01110
FFF01178d ........  .space  0x88                      ; zero to FFF01200

vec_1200_dtlb_store_miss_603:
FFF01200  7C52F2A6  mfspr   r2, HASH1(603)
FFF01204  80220000  lwz     r1, 0x0(r2)
FFF01208  7C0902A6  mfspr   r0, CTR
FFF0120C  7C71F2A6  mfspr   r3, DCMP(603)
loc_FFF01210:
FFF01210  7C011800  cmpw    r1, r3
FFF01214  4182001C  beq     loc_FFF01230
FFF01218  38200007  li      r1, 0x7
FFF0121C  7C2903A6  mtspr   CTR, r1
loc_FFF01220:
FFF01220  84220008  lwzu    r1, 0x8(r2)
FFF01224  7C011800  cmpw    r1, r3
FFF01228  4002FFF8  bdnzf   eq, loc_FFF01220
FFF0122C  4082003C  bne     loc_FFF01268
loc_FFF01230:
FFF01230  80220004  lwz     r1, 0x4(r2)
FFF01234  7C0903A6  mtspr   CTR, r0
FFF01238  5423F003  slwi.   r3, r1, 30
FFF0123C  40800044  bge     loc_FFF01280
FFF01240  70230001  andi.   r3, r1, 0x1
FFF01244  40820054  bne     loc_FFF01298
loc_FFF01248:
FFF01248  7C10F2A6  mfspr   r0, DMISS(603)
FFF0124C  7C7B02A6  mfspr   r3, SRR1
FFF01250  7C680120  mtcrf   0x80, r3
FFF01254  60210180  ori     r1, r1, 0x180
FFF01258  7C36F3A6  mtspr   RPA(603), r1
FFF0125C  7C0007A4  tlbld   r0
FFF01260  B0220006  sth     r1, 0x6(r2)
FFF01264  4C000064  rfi
loc_FFF01268:
FFF01268  70610040  andi.   r1, r3, 0x40
FFF0126C  40820034  bne     loc_FFF012A0
FFF01270  7C53F2A6  mfspr   r2, HASH2(603)
FFF01274  80220000  lwz     r1, 0x0(r2)
FFF01278  60630040  ori     r3, r3, 0x40
FFF0127C  4BFFFF94  b       loc_FFF01210
loc_FFF01280:
FFF01280  7C1B02A6  mfspr   r0, SRR1
FFF01284  540097FE  extrwi  r0, r0, 1, 17
FFF01288  7C70F2A6  mfspr   r3, DMISS(603)
FFF0128C  7C601D26  mfsrin  r3, r3
FFF01290  5C630043  rlwnm   r3, r3, r0, 1, 1
FFF01294  4182FFB4  beq     loc_FFF01248
loc_FFF01298:
FFF01298  3C200800  lis     r1, 0x0800
FFF0129C  4800000C  b       loc_FFF012A8
loc_FFF012A0:
FFF012A0  3C204000  lis     r1, 0x4000
FFF012A4  7C0903A6  mtspr   CTR, r0
loc_FFF012A8:
FFF012A8  7C7B02A6  mfspr   r3, SRR1
FFF012AC  5061498C  rlwimi  r1, r3, 9, 6, 6
FFF012B0  5462043E  clrlwi  r2, r3, 16
FFF012B4  7C5B03A6  mtspr   SRR1, r2
FFF012B8  7C3203A6  mtspr   DSISR, r1
FFF012BC  7C30F2A6  mfspr   r1, DMISS(603)
FFF012C0  70420001  andi.   r2, r2, 0x1
FFF012C4  41A20008  beq+    loc_FFF012CC
FFF012C8  68210007  xori    r1, r1, 0x7
loc_FFF012CC:
FFF012CC  7C3303A6  mtspr   DAR, r1
FFF012D0  7C0000A6  mfmsr   r0
FFF012D4  6C000002  xoris   r0, r0, 0x2
FFF012D8  7C680120  mtcrf   0x80, r3
FFF012DC  7C000124  mtmsr   r0
FFF012E0  4C00012C  isync
FFF012E4  4BFFF01C  b       vec_0300_dsi
FFF012E8d ........  .space  0x18                      ; zero to FFF01300

vec_1300_iabr:
FFF01300  48000008  b       loc_FFF01308
FFF01304? 48000028  b       loc_FFF0132C
loc_FFF01308:
FFF01308  7C3143A6  mtspr   SPRG1, r1
FFF0130C  7C2802A6  mfspr   r1, LR
FFF01310  7C3243A6  mtspr   SPRG2, r1
FFF01314  7C3342A6  mfspr   r1, SPRG3
FFF01318  8021004C  lwz     r1, 0x4C(r1)
FFF0131C  7C2803A6  mtspr   LR, r1
FFF01320  4E800021  blrl
FFF01324d 00001300  .long   0x00001300
FFF01328? 7C2802A6  mfspr   r1, LR
loc_FFF0132C:
FFF0132C? 7C3143A6  mtspr   SPRG1, r1
FFF01330? 7C3342A6  mfspr   r1, SPRG3
FFF01334? 7C3243A6  mtspr   SPRG2, r1
FFF01338? 7C2803A6  mtspr   LR, r1
FFF0133C? 8021004C  lwz     r1, 0x4C(r1)
FFF01340d 00001300  .long   0x00001300
FFF01344? 4E800021  blrl
FFF01348d ........  .space  0xB8                      ; zero to FFF01400

vec_1400_smi:
FFF01400  48000008  b       loc_FFF01408
FFF01404? 48000028  b       loc_FFF0142C
loc_FFF01408:
FFF01408  7C3143A6  mtspr   SPRG1, r1
FFF0140C  7C2802A6  mfspr   r1, LR
FFF01410  7C3243A6  mtspr   SPRG2, r1
FFF01414  7C3342A6  mfspr   r1, SPRG3
FFF01418  80210050  lwz     r1, 0x50(r1)
FFF0141C  7C2803A6  mtspr   LR, r1
FFF01420  4E800021  blrl
FFF01424d 00001400  .long   0x00001400
FFF01428? 7C2802A6  mfspr   r1, LR
loc_FFF0142C:
FFF0142C? 7C3143A6  mtspr   SPRG1, r1
FFF01430? 7C3342A6  mfspr   r1, SPRG3
FFF01434? 7C3243A6  mtspr   SPRG2, r1
FFF01438? 7C2803A6  mtspr   LR, r1
FFF0143C? 80210050  lwz     r1, 0x50(r1)
FFF01440d 00001400  .long   0x00001400
FFF01444? 4E800021  blrl
FFF01448d ........  .space  0xB8                      ; zero to FFF01500
FFF01500? 48000008  b       loc_FFF01508
FFF01504? 48000028  b       loc_FFF0152C
loc_FFF01508:
FFF01508? 7C3143A6  mtspr   SPRG1, r1
FFF0150C? 7C2802A6  mfspr   r1, LR
FFF01510? 7C3243A6  mtspr   SPRG2, r1
FFF01514? 7C3342A6  mfspr   r1, SPRG3
FFF01518? 80210054  lwz     r1, 0x54(r1)
FFF0151C? 7C2803A6  mtspr   LR, r1
FFF01520? 4E800021  blrl
FFF01524d 00001500  .long   0x00001500
FFF01528? 7C2802A6  mfspr   r1, LR
loc_FFF0152C:
FFF0152C? 7C3143A6  mtspr   SPRG1, r1
FFF01530? 7C3342A6  mfspr   r1, SPRG3
FFF01534? 7C3243A6  mtspr   SPRG2, r1
FFF01538? 7C2803A6  mtspr   LR, r1
FFF0153C? 80210054  lwz     r1, 0x54(r1)
FFF01540d 00001500  .long   0x00001500
FFF01544? 4E800021  blrl
FFF01548d ........  .space  0xB8                      ; zero to FFF01600
FFF01600? 48000008  b       loc_FFF01608
FFF01604? 48000028  b       loc_FFF0162C
loc_FFF01608:
FFF01608? 7C3143A6  mtspr   SPRG1, r1
FFF0160C? 7C2802A6  mfspr   r1, LR
FFF01610? 7C3243A6  mtspr   SPRG2, r1
FFF01614? 7C3342A6  mfspr   r1, SPRG3
FFF01618? 80210058  lwz     r1, 0x58(r1)
FFF0161C? 7C2803A6  mtspr   LR, r1
FFF01620? 4E800021  blrl
FFF01624d 00001600  .long   0x00001600
FFF01628? 7C2802A6  mfspr   r1, LR
loc_FFF0162C:
FFF0162C? 7C3143A6  mtspr   SPRG1, r1
FFF01630? 7C3342A6  mfspr   r1, SPRG3
FFF01634? 7C3243A6  mtspr   SPRG2, r1
FFF01638? 7C2803A6  mtspr   LR, r1
FFF0163C? 80210058  lwz     r1, 0x58(r1)
FFF01640d 00001600  .long   0x00001600
FFF01644? 4E800021  blrl
FFF01648d ........  .space  0xB8                      ; zero to FFF01700
FFF01700? 48000008  b       loc_FFF01708
FFF01704? 48000028  b       loc_FFF0172C
loc_FFF01708:
FFF01708? 7C3143A6  mtspr   SPRG1, r1
FFF0170C? 7C2802A6  mfspr   r1, LR
FFF01710? 7C3243A6  mtspr   SPRG2, r1
FFF01714? 7C3342A6  mfspr   r1, SPRG3
FFF01718? 8021005C  lwz     r1, 0x5C(r1)
FFF0171C? 7C2803A6  mtspr   LR, r1
FFF01720? 4E800021  blrl
FFF01724d 00001700  .long   0x00001700
FFF01728? 7C2802A6  mfspr   r1, LR
loc_FFF0172C:
FFF0172C? 7C3143A6  mtspr   SPRG1, r1
FFF01730? 7C3342A6  mfspr   r1, SPRG3
FFF01734? 7C3243A6  mtspr   SPRG2, r1
FFF01738? 7C2803A6  mtspr   LR, r1
FFF0173C? 8021005C  lwz     r1, 0x5C(r1)
FFF01740d 00001700  .long   0x00001700
FFF01744? 4E800021  blrl
FFF01748d ........  .space  0xB8                      ; zero to FFF01800
FFF01800? 48000008  b       loc_FFF01808
FFF01804? 48000028  b       loc_FFF0182C
loc_FFF01808:
FFF01808? 7C3143A6  mtspr   SPRG1, r1
FFF0180C? 7C2802A6  mfspr   r1, LR
FFF01810? 7C3243A6  mtspr   SPRG2, r1
FFF01814? 7C3342A6  mfspr   r1, SPRG3
FFF01818? 80210060  lwz     r1, 0x60(r1)
FFF0181C? 7C2803A6  mtspr   LR, r1
FFF01820? 4E800021  blrl
FFF01824d 00001800  .long   0x00001800
FFF01828? 7C2802A6  mfspr   r1, LR
loc_FFF0182C:
FFF0182C? 7C3143A6  mtspr   SPRG1, r1
FFF01830? 7C3342A6  mfspr   r1, SPRG3
FFF01834? 7C3243A6  mtspr   SPRG2, r1
FFF01838? 7C2803A6  mtspr   LR, r1
FFF0183C? 80210060  lwz     r1, 0x60(r1)
FFF01840d 00001800  .long   0x00001800
FFF01844? 4E800021  blrl
FFF01848d ........  .space  0xB8                      ; zero to FFF01900
FFF01900? 48000008  b       loc_FFF01908
FFF01904? 48000028  b       loc_FFF0192C
loc_FFF01908:
FFF01908? 7C3143A6  mtspr   SPRG1, r1
FFF0190C? 7C2802A6  mfspr   r1, LR
FFF01910? 7C3243A6  mtspr   SPRG2, r1
FFF01914? 7C3342A6  mfspr   r1, SPRG3
FFF01918? 80210064  lwz     r1, 0x64(r1)
FFF0191C? 7C2803A6  mtspr   LR, r1
FFF01920? 4E800021  blrl
FFF01924d 00001900  .long   0x00001900
FFF01928? 7C2802A6  mfspr   r1, LR
loc_FFF0192C:
FFF0192C? 7C3143A6  mtspr   SPRG1, r1
FFF01930? 7C3342A6  mfspr   r1, SPRG3
FFF01934? 7C3243A6  mtspr   SPRG2, r1
FFF01938? 7C2803A6  mtspr   LR, r1
FFF0193C? 80210064  lwz     r1, 0x64(r1)
FFF01940d 00001900  .long   0x00001900
FFF01944? 4E800021  blrl
FFF01948d ........  .space  0xB8                      ; zero to FFF01A00
FFF01A00? 48000008  b       loc_FFF01A08
FFF01A04? 48000028  b       loc_FFF01A2C
loc_FFF01A08:
FFF01A08? 7C3143A6  mtspr   SPRG1, r1
FFF01A0C? 7C2802A6  mfspr   r1, LR
FFF01A10? 7C3243A6  mtspr   SPRG2, r1
FFF01A14? 7C3342A6  mfspr   r1, SPRG3
FFF01A18? 80210068  lwz     r1, 0x68(r1)
FFF01A1C? 7C2803A6  mtspr   LR, r1
FFF01A20? 4E800021  blrl
FFF01A24d 00001A00  .long   0x00001A00
FFF01A28? 7C2802A6  mfspr   r1, LR
loc_FFF01A2C:
FFF01A2C? 7C3143A6  mtspr   SPRG1, r1
FFF01A30? 7C3342A6  mfspr   r1, SPRG3
FFF01A34? 7C3243A6  mtspr   SPRG2, r1
FFF01A38? 7C2803A6  mtspr   LR, r1
FFF01A3C? 80210068  lwz     r1, 0x68(r1)
FFF01A40d 00001A00  .long   0x00001A00
FFF01A44? 4E800021  blrl
FFF01A48d ........  .space  0xB8                      ; zero to FFF01B00
FFF01B00? 48000008  b       loc_FFF01B08
FFF01B04? 48000028  b       loc_FFF01B2C
loc_FFF01B08:
FFF01B08? 7C3143A6  mtspr   SPRG1, r1
FFF01B0C? 7C2802A6  mfspr   r1, LR
FFF01B10? 7C3243A6  mtspr   SPRG2, r1
FFF01B14? 7C3342A6  mfspr   r1, SPRG3
FFF01B18? 8021006C  lwz     r1, 0x6C(r1)
FFF01B1C? 7C2803A6  mtspr   LR, r1
FFF01B20? 4E800021  blrl
FFF01B24d 00001B00  .long   0x00001B00
FFF01B28? 7C2802A6  mfspr   r1, LR
loc_FFF01B2C:
FFF01B2C? 7C3143A6  mtspr   SPRG1, r1
FFF01B30? 7C3342A6  mfspr   r1, SPRG3
FFF01B34? 7C3243A6  mtspr   SPRG2, r1
FFF01B38? 7C2803A6  mtspr   LR, r1
FFF01B3C? 8021006C  lwz     r1, 0x6C(r1)
FFF01B40d 00001B00  .long   0x00001B00
FFF01B44? 4E800021  blrl
FFF01B48d ........  .space  0xB8                      ; zero to FFF01C00
FFF01C00? 48000008  b       loc_FFF01C08
FFF01C04? 48000028  b       loc_FFF01C2C
loc_FFF01C08:
FFF01C08? 7C3143A6  mtspr   SPRG1, r1
FFF01C0C? 7C2802A6  mfspr   r1, LR
FFF01C10? 7C3243A6  mtspr   SPRG2, r1
FFF01C14? 7C3342A6  mfspr   r1, SPRG3
FFF01C18? 80210070  lwz     r1, 0x70(r1)
FFF01C1C? 7C2803A6  mtspr   LR, r1
FFF01C20? 4E800021  blrl
FFF01C24d 00001C00  .long   0x00001C00
FFF01C28? 7C2802A6  mfspr   r1, LR
loc_FFF01C2C:
FFF01C2C? 7C3143A6  mtspr   SPRG1, r1
FFF01C30? 7C3342A6  mfspr   r1, SPRG3
FFF01C34? 7C3243A6  mtspr   SPRG2, r1
FFF01C38? 7C2803A6  mtspr   LR, r1
FFF01C3C? 80210070  lwz     r1, 0x70(r1)
FFF01C40d 00001C00  .long   0x00001C00
FFF01C44? 4E800021  blrl
FFF01C48d ........  .space  0xB8                      ; zero to FFF01D00
FFF01D00? 48000008  b       loc_FFF01D08
FFF01D04? 48000028  b       loc_FFF01D2C
loc_FFF01D08:
FFF01D08? 7C3143A6  mtspr   SPRG1, r1
FFF01D0C? 7C2802A6  mfspr   r1, LR
FFF01D10? 7C3243A6  mtspr   SPRG2, r1
FFF01D14? 7C3342A6  mfspr   r1, SPRG3
FFF01D18? 80210074  lwz     r1, 0x74(r1)
FFF01D1C? 7C2803A6  mtspr   LR, r1
FFF01D20? 4E800021  blrl
FFF01D24d 00001D00  .long   0x00001D00
FFF01D28? 7C2802A6  mfspr   r1, LR
loc_FFF01D2C:
FFF01D2C? 7C3143A6  mtspr   SPRG1, r1
FFF01D30? 7C3342A6  mfspr   r1, SPRG3
FFF01D34? 7C3243A6  mtspr   SPRG2, r1
FFF01D38? 7C2803A6  mtspr   LR, r1
FFF01D3C? 80210074  lwz     r1, 0x74(r1)
FFF01D40d 00001D00  .long   0x00001D00
FFF01D44? 4E800021  blrl
FFF01D48d ........  .space  0xB8                      ; zero to FFF01E00
FFF01E00? 48000008  b       loc_FFF01E08
FFF01E04? 48000028  b       loc_FFF01E2C
loc_FFF01E08:
FFF01E08? 7C3143A6  mtspr   SPRG1, r1
FFF01E0C? 7C2802A6  mfspr   r1, LR
FFF01E10? 7C3243A6  mtspr   SPRG2, r1
FFF01E14? 7C3342A6  mfspr   r1, SPRG3
FFF01E18? 80210078  lwz     r1, 0x78(r1)
FFF01E1C? 7C2803A6  mtspr   LR, r1
FFF01E20? 4E800021  blrl
FFF01E24d 00001E00  .long   0x00001E00
FFF01E28? 7C2802A6  mfspr   r1, LR
loc_FFF01E2C:
FFF01E2C? 7C3143A6  mtspr   SPRG1, r1
FFF01E30? 7C3342A6  mfspr   r1, SPRG3
FFF01E34? 7C3243A6  mtspr   SPRG2, r1
FFF01E38? 7C2803A6  mtspr   LR, r1
FFF01E3C? 80210078  lwz     r1, 0x78(r1)
FFF01E40d 00001E00  .long   0x00001E00
FFF01E44? 4E800021  blrl
FFF01E48d ........  .space  0xB8                      ; zero to FFF01F00
FFF01F00? 48000008  b       loc_FFF01F08
FFF01F04? 48000028  b       loc_FFF01F2C
loc_FFF01F08:
FFF01F08? 7C3143A6  mtspr   SPRG1, r1
FFF01F0C? 7C2802A6  mfspr   r1, LR
FFF01F10? 7C3243A6  mtspr   SPRG2, r1
FFF01F14? 7C3342A6  mfspr   r1, SPRG3
FFF01F18? 8021007C  lwz     r1, 0x7C(r1)
FFF01F1C? 7C2803A6  mtspr   LR, r1
FFF01F20? 4E800021  blrl
FFF01F24d 00001F00  .long   0x00001F00
FFF01F28? 7C2802A6  mfspr   r1, LR
loc_FFF01F2C:
FFF01F2C? 7C3143A6  mtspr   SPRG1, r1
FFF01F30? 7C3342A6  mfspr   r1, SPRG3
FFF01F34? 7C3243A6  mtspr   SPRG2, r1
FFF01F38? 7C2803A6  mtspr   LR, r1
FFF01F3C? 8021007C  lwz     r1, 0x7C(r1)
FFF01F40d 00001F00  .long   0x00001F00
FFF01F44? 4E800021  blrl
FFF01F48d ........  .space  0xB8                      ; zero to FFF02000

vec_2000_run_mode_601:
FFF02000  48000008  b       loc_FFF02008
FFF02004? 48000028  b       loc_FFF0202C
loc_FFF02008:
FFF02008  7C3143A6  mtspr   SPRG1, r1
FFF0200C  7C2802A6  mfspr   r1, LR
FFF02010  7C3243A6  mtspr   SPRG2, r1
FFF02014  7C3342A6  mfspr   r1, SPRG3
FFF02018  80210080  lwz     r1, 0x80(r1)
FFF0201C  7C2803A6  mtspr   LR, r1
FFF02020  4E800021  blrl
FFF02024d 00002000  .long   0x00002000                         ; '.. .'
FFF02028? 7C2802A6  mfspr   r1, LR
loc_FFF0202C:
FFF0202C? 7C3143A6  mtspr   SPRG1, r1
FFF02030? 7C3342A6  mfspr   r1, SPRG3
FFF02034? 7C3243A6  mtspr   SPRG2, r1
FFF02038? 7C2803A6  mtspr   LR, r1
FFF0203C? 80210080  lwz     r1, 0x80(r1)
FFF02040d 00002000  .long   0x00002000                         ; '.. .'
FFF02044? 4E800021  blrl
FFF02048d ........  .space  0xB8                      ; zero to FFF02100
FFF02100? 48000008  b       loc_FFF02108
FFF02104? 48000028  b       loc_FFF0212C
loc_FFF02108:
FFF02108? 7C3143A6  mtspr   SPRG1, r1
FFF0210C? 7C2802A6  mfspr   r1, LR
FFF02110? 7C3243A6  mtspr   SPRG2, r1
FFF02114? 7C3342A6  mfspr   r1, SPRG3
FFF02118? 80210084  lwz     r1, 0x84(r1)
FFF0211C? 7C2803A6  mtspr   LR, r1
FFF02120? 4E800021  blrl
FFF02124d 00002100  .long   0x00002100                         ; '..!.'
FFF02128? 7C2802A6  mfspr   r1, LR
loc_FFF0212C:
FFF0212C? 7C3143A6  mtspr   SPRG1, r1
FFF02130? 7C3342A6  mfspr   r1, SPRG3
FFF02134? 7C3243A6  mtspr   SPRG2, r1
FFF02138? 7C2803A6  mtspr   LR, r1
FFF0213C? 80210084  lwz     r1, 0x84(r1)
FFF02140d 00002100  .long   0x00002100                         ; '..!.'
FFF02144? 4E800021  blrl
FFF02148d ........  .space  0xB8                      ; zero to FFF02200
FFF02200? 48000008  b       loc_FFF02208
FFF02204? 48000028  b       loc_FFF0222C
loc_FFF02208:
FFF02208? 7C3143A6  mtspr   SPRG1, r1
FFF0220C? 7C2802A6  mfspr   r1, LR
FFF02210? 7C3243A6  mtspr   SPRG2, r1
FFF02214? 7C3342A6  mfspr   r1, SPRG3
FFF02218? 80210088  lwz     r1, 0x88(r1)
FFF0221C? 7C2803A6  mtspr   LR, r1
FFF02220? 4E800021  blrl
FFF02224d 00002200  .long   0x00002200                         ; '..".'
FFF02228? 7C2802A6  mfspr   r1, LR
loc_FFF0222C:
FFF0222C? 7C3143A6  mtspr   SPRG1, r1
FFF02230? 7C3342A6  mfspr   r1, SPRG3
FFF02234? 7C3243A6  mtspr   SPRG2, r1
FFF02238? 7C2803A6  mtspr   LR, r1
FFF0223C? 80210088  lwz     r1, 0x88(r1)
FFF02240d 00002200  .long   0x00002200                         ; '..".'
FFF02244? 4E800021  blrl
FFF02248d ........  .space  0xB8                      ; zero to FFF02300
FFF02300? 48000008  b       loc_FFF02308
FFF02304? 48000028  b       loc_FFF0232C
loc_FFF02308:
FFF02308? 7C3143A6  mtspr   SPRG1, r1
FFF0230C? 7C2802A6  mfspr   r1, LR
FFF02310? 7C3243A6  mtspr   SPRG2, r1
FFF02314? 7C3342A6  mfspr   r1, SPRG3
FFF02318? 8021008C  lwz     r1, 0x8C(r1)
FFF0231C? 7C2803A6  mtspr   LR, r1
FFF02320? 4E800021  blrl
FFF02324d 00002300  .long   0x00002300                         ; '..#.'
FFF02328? 7C2802A6  mfspr   r1, LR
loc_FFF0232C:
FFF0232C? 7C3143A6  mtspr   SPRG1, r1
FFF02330? 7C3342A6  mfspr   r1, SPRG3
FFF02334? 7C3243A6  mtspr   SPRG2, r1
FFF02338? 7C2803A6  mtspr   LR, r1
FFF0233C? 8021008C  lwz     r1, 0x8C(r1)
FFF02340d 00002300  .long   0x00002300                         ; '..#.'
FFF02344? 4E800021  blrl
FFF02348d ........  .space  0xB8                      ; zero to FFF02400
FFF02400? 48000008  b       loc_FFF02408
FFF02404? 48000028  b       loc_FFF0242C
loc_FFF02408:
FFF02408? 7C3143A6  mtspr   SPRG1, r1
FFF0240C? 7C2802A6  mfspr   r1, LR
FFF02410? 7C3243A6  mtspr   SPRG2, r1
FFF02414? 7C3342A6  mfspr   r1, SPRG3
FFF02418? 80210090  lwz     r1, 0x90(r1)
FFF0241C? 7C2803A6  mtspr   LR, r1
FFF02420? 4E800021  blrl
FFF02424d 00002400  .long   0x00002400                         ; '..$.'
FFF02428? 7C2802A6  mfspr   r1, LR
loc_FFF0242C:
FFF0242C? 7C3143A6  mtspr   SPRG1, r1
FFF02430? 7C3342A6  mfspr   r1, SPRG3
FFF02434? 7C3243A6  mtspr   SPRG2, r1
FFF02438? 7C2803A6  mtspr   LR, r1
FFF0243C? 80210090  lwz     r1, 0x90(r1)
FFF02440d 00002400  .long   0x00002400                         ; '..$.'
FFF02444? 4E800021  blrl
FFF02448d ........  .space  0xB8                      ; zero to FFF02500
FFF02500? 48000008  b       loc_FFF02508
FFF02504? 48000028  b       loc_FFF0252C
loc_FFF02508:
FFF02508? 7C3143A6  mtspr   SPRG1, r1
FFF0250C? 7C2802A6  mfspr   r1, LR
FFF02510? 7C3243A6  mtspr   SPRG2, r1
FFF02514? 7C3342A6  mfspr   r1, SPRG3
FFF02518? 80210094  lwz     r1, 0x94(r1)
FFF0251C? 7C2803A6  mtspr   LR, r1
FFF02520? 4E800021  blrl
FFF02524d 00002500  .long   0x00002500                         ; '..%.'
FFF02528? 7C2802A6  mfspr   r1, LR
loc_FFF0252C:
FFF0252C? 7C3143A6  mtspr   SPRG1, r1
FFF02530? 7C3342A6  mfspr   r1, SPRG3
FFF02534? 7C3243A6  mtspr   SPRG2, r1
FFF02538? 7C2803A6  mtspr   LR, r1
FFF0253C? 80210094  lwz     r1, 0x94(r1)
FFF02540d 00002500  .long   0x00002500                         ; '..%.'
FFF02544? 4E800021  blrl
FFF02548d ........  .space  0xB8                      ; zero to FFF02600
FFF02600? 48000008  b       loc_FFF02608
FFF02604? 48000028  b       loc_FFF0262C
loc_FFF02608:
FFF02608? 7C3143A6  mtspr   SPRG1, r1
FFF0260C? 7C2802A6  mfspr   r1, LR
FFF02610? 7C3243A6  mtspr   SPRG2, r1
FFF02614? 7C3342A6  mfspr   r1, SPRG3
FFF02618? 80210098  lwz     r1, 0x98(r1)
FFF0261C? 7C2803A6  mtspr   LR, r1
FFF02620? 4E800021  blrl
FFF02624d 00002600  .long   0x00002600                         ; '..&.'
FFF02628? 7C2802A6  mfspr   r1, LR
loc_FFF0262C:
FFF0262C? 7C3143A6  mtspr   SPRG1, r1
FFF02630? 7C3342A6  mfspr   r1, SPRG3
FFF02634? 7C3243A6  mtspr   SPRG2, r1
FFF02638? 7C2803A6  mtspr   LR, r1
FFF0263C? 80210098  lwz     r1, 0x98(r1)
FFF02640d 00002600  .long   0x00002600                         ; '..&.'
FFF02644? 4E800021  blrl
FFF02648d ........  .space  0xB8                      ; zero to FFF02700
FFF02700? 48000008  b       loc_FFF02708
FFF02704? 48000028  b       loc_FFF0272C
loc_FFF02708:
FFF02708? 7C3143A6  mtspr   SPRG1, r1
FFF0270C? 7C2802A6  mfspr   r1, LR
FFF02710? 7C3243A6  mtspr   SPRG2, r1
FFF02714? 7C3342A6  mfspr   r1, SPRG3
FFF02718? 8021009C  lwz     r1, 0x9C(r1)
FFF0271C? 7C2803A6  mtspr   LR, r1
FFF02720? 4E800021  blrl
FFF02724d 00002700  .long   0x00002700                         ; '..'.'
FFF02728? 7C2802A6  mfspr   r1, LR
loc_FFF0272C:
FFF0272C? 7C3143A6  mtspr   SPRG1, r1
FFF02730? 7C3342A6  mfspr   r1, SPRG3
FFF02734? 7C3243A6  mtspr   SPRG2, r1
FFF02738? 7C2803A6  mtspr   LR, r1
FFF0273C? 8021009C  lwz     r1, 0x9C(r1)
FFF02740d 00002700  .long   0x00002700                         ; '..'.'
FFF02744? 4E800021  blrl
FFF02748d ........  .space  0xB8                      ; zero to FFF02800
FFF02800? 48000008  b       loc_FFF02808
FFF02804? 48000028  b       loc_FFF0282C
loc_FFF02808:
FFF02808? 7C3143A6  mtspr   SPRG1, r1
FFF0280C? 7C2802A6  mfspr   r1, LR
FFF02810? 7C3243A6  mtspr   SPRG2, r1
FFF02814? 7C3342A6  mfspr   r1, SPRG3
FFF02818? 802100A0  lwz     r1, 0xA0(r1)
FFF0281C? 7C2803A6  mtspr   LR, r1
FFF02820? 4E800021  blrl
FFF02824d 00002800  .long   0x00002800                         ; '..(.'
FFF02828? 7C2802A6  mfspr   r1, LR
loc_FFF0282C:
FFF0282C? 7C3143A6  mtspr   SPRG1, r1
FFF02830? 7C3342A6  mfspr   r1, SPRG3
FFF02834? 7C3243A6  mtspr   SPRG2, r1
FFF02838? 7C2803A6  mtspr   LR, r1
FFF0283C? 802100A0  lwz     r1, 0xA0(r1)
FFF02840d 00002800  .long   0x00002800                         ; '..(.'
FFF02844? 4E800021  blrl
FFF02848d ........  .space  0xB8                      ; zero to FFF02900
FFF02900? 48000008  b       loc_FFF02908
FFF02904? 48000028  b       loc_FFF0292C
loc_FFF02908:
FFF02908? 7C3143A6  mtspr   SPRG1, r1
FFF0290C? 7C2802A6  mfspr   r1, LR
FFF02910? 7C3243A6  mtspr   SPRG2, r1
FFF02914? 7C3342A6  mfspr   r1, SPRG3
FFF02918? 802100A4  lwz     r1, 0xA4(r1)
FFF0291C? 7C2803A6  mtspr   LR, r1
FFF02920? 4E800021  blrl
FFF02924d 00002900  .long   0x00002900                         ; '..).'
FFF02928? 7C2802A6  mfspr   r1, LR
loc_FFF0292C:
FFF0292C? 7C3143A6  mtspr   SPRG1, r1
FFF02930? 7C3342A6  mfspr   r1, SPRG3
FFF02934? 7C3243A6  mtspr   SPRG2, r1
FFF02938? 7C2803A6  mtspr   LR, r1
FFF0293C? 802100A4  lwz     r1, 0xA4(r1)
FFF02940d 00002900  .long   0x00002900                         ; '..).'
FFF02944? 4E800021  blrl
FFF02948d ........  .space  0xB8                      ; zero to FFF02A00
FFF02A00? 48000008  b       loc_FFF02A08
FFF02A04? 48000028  b       loc_FFF02A2C
loc_FFF02A08:
FFF02A08? 7C3143A6  mtspr   SPRG1, r1
FFF02A0C? 7C2802A6  mfspr   r1, LR
FFF02A10? 7C3243A6  mtspr   SPRG2, r1
FFF02A14? 7C3342A6  mfspr   r1, SPRG3
FFF02A18? 802100A8  lwz     r1, 0xA8(r1)
FFF02A1C? 7C2803A6  mtspr   LR, r1
FFF02A20? 4E800021  blrl
FFF02A24d 00002A00  .long   0x00002A00                         ; '..*.'
FFF02A28? 7C2802A6  mfspr   r1, LR
loc_FFF02A2C:
FFF02A2C? 7C3143A6  mtspr   SPRG1, r1
FFF02A30? 7C3342A6  mfspr   r1, SPRG3
FFF02A34? 7C3243A6  mtspr   SPRG2, r1
FFF02A38? 7C2803A6  mtspr   LR, r1
FFF02A3C? 802100A8  lwz     r1, 0xA8(r1)
FFF02A40d 00002A00  .long   0x00002A00                         ; '..*.'
FFF02A44? 4E800021  blrl
FFF02A48d ........  .space  0xB8                      ; zero to FFF02B00
FFF02B00? 48000008  b       loc_FFF02B08
FFF02B04? 48000028  b       loc_FFF02B2C
loc_FFF02B08:
FFF02B08? 7C3143A6  mtspr   SPRG1, r1
FFF02B0C? 7C2802A6  mfspr   r1, LR
FFF02B10? 7C3243A6  mtspr   SPRG2, r1
FFF02B14? 7C3342A6  mfspr   r1, SPRG3
FFF02B18? 802100AC  lwz     r1, 0xAC(r1)
FFF02B1C? 7C2803A6  mtspr   LR, r1
FFF02B20? 4E800021  blrl
FFF02B24d 00002B00  .long   0x00002B00                         ; '..+.'
FFF02B28? 7C2802A6  mfspr   r1, LR
loc_FFF02B2C:
FFF02B2C? 7C3143A6  mtspr   SPRG1, r1
FFF02B30? 7C3342A6  mfspr   r1, SPRG3
FFF02B34? 7C3243A6  mtspr   SPRG2, r1
FFF02B38? 7C2803A6  mtspr   LR, r1
FFF02B3C? 802100AC  lwz     r1, 0xAC(r1)
FFF02B40d 00002B00  .long   0x00002B00                         ; '..+.'
FFF02B44? 4E800021  blrl
FFF02B48d ........  .space  0xB8                      ; zero to FFF02C00
FFF02C00? 48000008  b       loc_FFF02C08
FFF02C04? 48000028  b       loc_FFF02C2C
loc_FFF02C08:
FFF02C08? 7C3143A6  mtspr   SPRG1, r1
FFF02C0C? 7C2802A6  mfspr   r1, LR
FFF02C10? 7C3243A6  mtspr   SPRG2, r1
FFF02C14? 7C3342A6  mfspr   r1, SPRG3
FFF02C18? 802100B0  lwz     r1, 0xB0(r1)
FFF02C1C? 7C2803A6  mtspr   LR, r1
FFF02C20? 4E800021  blrl
FFF02C24d 00002C00  .long   0x00002C00                         ; '..,.'
FFF02C28? 7C2802A6  mfspr   r1, LR
loc_FFF02C2C:
FFF02C2C? 7C3143A6  mtspr   SPRG1, r1
FFF02C30? 7C3342A6  mfspr   r1, SPRG3
FFF02C34? 7C3243A6  mtspr   SPRG2, r1
FFF02C38? 7C2803A6  mtspr   LR, r1
FFF02C3C? 802100B0  lwz     r1, 0xB0(r1)
FFF02C40d 00002C00  .long   0x00002C00                         ; '..,.'
FFF02C44? 4E800021  blrl
FFF02C48d ........  .space  0xB8                      ; zero to FFF02D00
FFF02D00? 48000008  b       loc_FFF02D08
FFF02D04? 48000028  b       loc_FFF02D2C
loc_FFF02D08:
FFF02D08? 7C3143A6  mtspr   SPRG1, r1
FFF02D0C? 7C2802A6  mfspr   r1, LR
FFF02D10? 7C3243A6  mtspr   SPRG2, r1
FFF02D14? 7C3342A6  mfspr   r1, SPRG3
FFF02D18? 802100B4  lwz     r1, 0xB4(r1)
FFF02D1C? 7C2803A6  mtspr   LR, r1
FFF02D20? 4E800021  blrl
FFF02D24d 00002D00  .long   0x00002D00                         ; '..-.'
FFF02D28? 7C2802A6  mfspr   r1, LR
loc_FFF02D2C:
FFF02D2C? 7C3143A6  mtspr   SPRG1, r1
FFF02D30? 7C3342A6  mfspr   r1, SPRG3
FFF02D34? 7C3243A6  mtspr   SPRG2, r1
FFF02D38? 7C2803A6  mtspr   LR, r1
FFF02D3C? 802100B4  lwz     r1, 0xB4(r1)
FFF02D40d 00002D00  .long   0x00002D00                         ; '..-.'
FFF02D44? 4E800021  blrl
FFF02D48d ........  .space  0xB8                      ; zero to FFF02E00
FFF02E00? 48000008  b       loc_FFF02E08
FFF02E04? 48000028  b       loc_FFF02E2C
loc_FFF02E08:
FFF02E08? 7C3143A6  mtspr   SPRG1, r1
FFF02E0C? 7C2802A6  mfspr   r1, LR
FFF02E10? 7C3243A6  mtspr   SPRG2, r1
FFF02E14? 7C3342A6  mfspr   r1, SPRG3
FFF02E18? 802100B8  lwz     r1, 0xB8(r1)
FFF02E1C? 7C2803A6  mtspr   LR, r1
FFF02E20? 4E800021  blrl
FFF02E24d 00002E00  .long   0x00002E00                         ; '....'
FFF02E28? 7C2802A6  mfspr   r1, LR
loc_FFF02E2C:
FFF02E2C? 7C3143A6  mtspr   SPRG1, r1
FFF02E30? 7C3342A6  mfspr   r1, SPRG3
FFF02E34? 7C3243A6  mtspr   SPRG2, r1
FFF02E38? 7C2803A6  mtspr   LR, r1
FFF02E3C? 802100B8  lwz     r1, 0xB8(r1)
FFF02E40d 00002E00  .long   0x00002E00                         ; '....'
FFF02E44? 4E800021  blrl
FFF02E48d ........  .space  0xB8                      ; zero to FFF02F00
FFF02F00? 48000008  b       loc_FFF02F08
FFF02F04? 48000028  b       loc_FFF02F2C
loc_FFF02F08:
FFF02F08? 7C3143A6  mtspr   SPRG1, r1
FFF02F0C? 7C2802A6  mfspr   r1, LR
FFF02F10? 7C3243A6  mtspr   SPRG2, r1
FFF02F14? 7C3342A6  mfspr   r1, SPRG3
FFF02F18? 802100BC  lwz     r1, 0xBC(r1)
FFF02F1C? 7C2803A6  mtspr   LR, r1
FFF02F20? 4E800021  blrl
FFF02F24d 00002F00  .long   0x00002F00                         ; '../.'
FFF02F28? 7C2802A6  mfspr   r1, LR
loc_FFF02F2C:
FFF02F2C? 7C3143A6  mtspr   SPRG1, r1
FFF02F30? 7C3342A6  mfspr   r1, SPRG3
FFF02F34? 7C3243A6  mtspr   SPRG2, r1
FFF02F38? 7C2803A6  mtspr   LR, r1
FFF02F3C? 802100BC  lwz     r1, 0xBC(r1)
FFF02F40d 00002F00  .long   0x00002F00                         ; '../.'
FFF02F44? 4E800021  blrl
FFF02F48d ........  .space  0xB8                      ; zero to FFF03000
; Hardware start-up. PVR >> 16 selects the CPU set-up:
;   1 (601): HID0 |= 80000020
;   3, 6, 7 (603, 603e, 603ev): HID0 |= 02508000 | 4000 (caches on, DPM)
;   4 (604) and anything else: HID0 = 8000CC84 (caches enabled and invalidated,
;   BHT on), performance monitor (MMCR0, PMC1, PMC2, SDA) cleared.
; Then the start-up sequence at FFF03114 calls, in order:
;   FFF03164  r21 = 1 if Hammerhead CPU_ID>>16 == 3001 (another machine), else 0
;   FFF03184  clear the BATs; map F0000000-FFFFFFFF 1:1 with DBAT0 (cache-
;             inhibited, 256 MB) and turn MSR[DR] on (601: SR15 = 87F0000F)
;   FFF03268  Hammerhead WHO_AM_I bit 0x08000000 set -> secondary CPU: park
;   FFF03814  Bandit: config reg 0C of Bandit (IDSEL AD11), then Grand Central
;             (IDSEL AD16): BAR0 = F3000000, command = 0016; GC int mask
;   FFF047E8  MACE PLSCC = 07
;   FFF047FC  (r21 = 1 only) Cuda I2C writes
;   FFF048C0  VIA init, Cuda synchronisation, Cuda I2C write (addr 88: 61 55)
;   FFF03EB8  start the boot chime: AWACS + DBDMA audio-out from ROM
;   FFF04024  memory: Hammerhead timing from CPU_SPEED, bank bases, RAM sizing,
;             bank packing, bank table saved in NVRAM (1044, 1048+8n, 104C+8n)
;   FFF03EA8  r29 = ConfigInfo (FFF00000 + [FFF00080] = FFF0D000)
;   FFF04E00  run the HWInit/diagnostics code (FFF2003C); failure -> error beep
;   FFF038C8  r22 = first populated bank (from the NVRAM bank table); clear
;             1240 bytes there (dcbz): the boot info area
;   FFF03924  copy the bank table to the info area (r22+1000)
;   FFF0399C  measure the bus clock (VIA T1 vs DEC) and CPU clock (DEC-timed
;             loop); store CPU/bus/timebase Hz at r22+1104/1108/110C
;   FFF03D48  L2 cache (Hammerhead L2 register)
;   FFF03408  clear the BATs
;   FFF04E38  run Open Firmware (FFF3003C) with r3 = r22+1000, r4 = r22+1100,
;             r5 = PA_OpenFirmware (00400000); Open Firmware returns when it boots
;             the Mac OS
;   FFF03408  clear the BATs
;   FFF04E70  jump to the NanoKernel (ConfigInfo + KernelCodeOffset = FFF10000)
;             with r3 = ConfigInfo, r4..r6 = info areas, r7 = Open Firmware result
loc_FFF03000:
FFF03000* 7C9F42A6  mfspr   r4, PVR
FFF03004* 5484843E  srwi    r4, r4, 16
FFF03008* 2C040001  cmpwi   cr0, r4, 0x1
FFF0300C* 41820038  beq     loc_FFF03044
FFF03010* 2C040003  cmpwi   cr0, r4, 0x3
FFF03014* 41820044  beq     loc_FFF03058
FFF03018* 2C040004  cmpwi   cr0, r4, 0x4
FFF0301C* 418200B4  beq     loc_FFF030D0
FFF03020  2C040006  cmpwi   cr0, r4, 0x6
FFF03024  41820034  beq     loc_FFF03058
FFF03028  2C040007  cmpwi   cr0, r4, 0x7
FFF0302C  4182002C  beq     loc_FFF03058
FFF03030  2C040008  cmpwi   cr0, r4, 0x8
FFF03034  4182004C  beq     loc_FFF03080
FFF03038  2C040009  cmpwi   cr0, r4, 0x9
FFF0303C  41820094  beq     loc_FFF030D0
FFF03040  48000090  b       loc_FFF030D0
loc_FFF03044:
FFF03044  7C70FAA6  mfspr   r3, HID0
FFF03048  60630020  ori     r3, r3, 0x20
FFF0304C  64638000  oris    r3, r3, 0x8000
FFF03050  7C70FBA6  mtspr   HID0, r3
FFF03054  480000C0  b       loc_FFF03114
loc_FFF03058:
FFF03058  7C0004AC  sync
FFF0305C  7C90FAA6  mfspr   r4, HID0
FFF03060  64840200  oris    r4, r4, 0x200
FFF03064  60848000  ori     r4, r4, 0x8000
FFF03068  60844000  ori     r4, r4, 0x4000
FFF0306C  64840010  oris    r4, r4, 0x10
FFF03070  64840040  oris    r4, r4, 0x40
FFF03074  7C90FBA6  mtspr   HID0, r4
FFF03078  4C00012C  isync
FFF0307C  48000098  b       loc_FFF03114
loc_FFF03080:
FFF03080  7C0004AC  sync
FFF03084  7C90FAA6  mfspr   r4, HID0
FFF03088  64840200  oris    r4, r4, 0x200
FFF0308C  60848000  ori     r4, r4, 0x8000
FFF03090  60844000  ori     r4, r4, 0x4000
FFF03094  64840010  oris    r4, r4, 0x10
FFF03098  64840040  oris    r4, r4, 0x40
FFF0309C  60840020  ori     r4, r4, 0x20
FFF030A0  60840004  ori     r4, r4, 0x4
FFF030A4  60840080  ori     r4, r4, 0x80
FFF030A8  60840200  ori     r4, r4, 0x200
FFF030AC  38600800  li      r3, 0x800
FFF030B0  60630200  ori     r3, r3, 0x200
FFF030B4  7C841B78  or      r4, r4, r3
FFF030B8  7C90FBA6  mtspr   HID0, r4
FFF030BC  4C00012C  isync
FFF030C0  7C841878  andc    r4, r4, r3
FFF030C4  7C90FBA6  mtspr   HID0, r4
FFF030C8  4C00012C  isync
FFF030CC  48000048  b       loc_FFF03114
loc_FFF030D0:
FFF030D0* 7C0004AC  sync
FFF030D4* 38800000  li      r4, 0x0
FFF030D8* 64848000  oris    r4, r4, 0x8000
FFF030DC* 60848000  ori     r4, r4, 0x8000
FFF030E0* 60840800  ori     r4, r4, 0x800
FFF030E4* 60844000  ori     r4, r4, 0x4000
FFF030E8* 60840400  ori     r4, r4, 0x400
FFF030EC* 60840080  ori     r4, r4, 0x80
FFF030F0* 60840004  ori     r4, r4, 0x4
FFF030F4* 7C90FBA6  mtspr   HID0, r4
FFF030F8* 38800000  li      r4, 0x0
FFF030FC* 7C98EBA6  mtspr   MMCR0(604), r4
FFF03100* 7C99EBA6  mtspr   PMC1(604), r4
FFF03104* 7C9AEBA6  mtspr   PMC2(604), r4
FFF03108* 7C9FEBA6  mtspr   SDA(604), r4
FFF0310C* 4C00012C  isync
FFF03110* 48000004  b       loc_FFF03114
loc_FFF03114:
FFF03114* 38000000  li      r0, 0x0
FFF03118* 4800004D  bl      sub_FFF03164
FFF0311C* 48000069  bl      sub_FFF03184
FFF03120* 48000149  bl      sub_FFF03268
FFF03124* 480006F1  bl      sub_FFF03814
FFF03128* 480016C1  bl      sub_FFF047E8
FFF0312C* 480016D1  bl      sub_FFF047FC
FFF03130* 48001791  bl      sub_FFF048C0
FFF03134* 48000D85  bl      sub_FFF03EB8
FFF03138* 48000EED  bl      sub_FFF04024
FFF0313C* 48000D6D  bl      sub_FFF03EA8
FFF03140* 48001CC1  bl      sub_FFF04E00
FFF03144* 48000785  bl      sub_FFF038C8
FFF03148* 480007DD  bl      sub_FFF03924
FFF0314C* 48000851  bl      sub_FFF0399C
FFF03150* 48000BF9  bl      sub_FFF03D48
FFF03154* 480002B5  bl      sub_FFF03408
FFF03158* 48001CE1  bl      sub_FFF04E38
FFF0315C* 480002AD  bl      sub_FFF03408
FFF03160* 48001D10  b       loc_FFF04E70
; Machine check: reads 32 bits at Hammerhead CPU_ID. The 7600's Hammerhead gives
; 0x39 in the top byte (RISC machine, extended ID, TNT), so r21 = 0. r21 = 1
; (CPU_ID>>16 == 3001) selects code for another memory controller; most routines
; below test r21 and return or branch to that variant.

sub_FFF03164:
FFF03164* 3C60F800  lis     r3, 0xF800                         ; = F8000000 Hammerhead registers
FFF03168* 80630000  lwz     r3, 0x0(r3)                        ; R HH_CPU_ID F8000000 (4)
FFF0316C* 5463843E  srwi    r3, r3, 16
FFF03170* 2C033001  cmpwi   cr0, r3, 0x3001                    ; TNT: CPU_ID top byte 0x39
FFF03174* 3AA00001  li      r21, 0x1
FFF03178* 4D820020  beqlr
FFF0317C* 3AA00000  li      r21, 0x0
FFF03180* 4E800020  blr
; BAT set-up for the I/O space: DBAT0U = F0001FFF (EA F0000000, 256 MB, Vs Vp),
; DBAT0L = F0000032 (PA F0000000, WIMG 0110 = cache-inhibited, coherent; PP 10).
; Then MSR[DR] = 1; instruction fetch stays untranslated.

sub_FFF03184:
FFF03184* 7C7F42A6  mfspr   r3, PVR
FFF03188* 5463843E  srwi    r3, r3, 16
FFF0318C* 2C030001  cmpwi   cr0, r3, 0x1
FFF03190* 7C0004AC  sync
FFF03194* 41820088  beq     loc_FFF0321C
FFF03198* 38600000  li      r3, 0x0
FFF0319C* 7C7883A6  mtspr   DBAT0U, r3
FFF031A0* 7C7983A6  mtspr   DBAT0L, r3
FFF031A4* 7C7A83A6  mtspr   DBAT1U, r3
FFF031A8* 7C7B83A6  mtspr   DBAT1L, r3
FFF031AC* 7C7C83A6  mtspr   DBAT2U, r3
FFF031B0* 7C7D83A6  mtspr   DBAT2L, r3
FFF031B4* 7C7E83A6  mtspr   DBAT3U, r3
FFF031B8* 7C7F83A6  mtspr   DBAT3L, r3
FFF031BC* 7C7083A6  mtspr   IBAT0U, r3
FFF031C0* 7C7183A6  mtspr   IBAT0L, r3
FFF031C4* 7C7283A6  mtspr   IBAT1U, r3
FFF031C8* 7C7383A6  mtspr   IBAT1L, r3
FFF031CC* 7C7483A6  mtspr   IBAT2U, r3
FFF031D0* 7C7583A6  mtspr   IBAT2L, r3
FFF031D4* 7C7683A6  mtspr   IBAT3U, r3
FFF031D8* 7C7783A6  mtspr   IBAT3L, r3
FFF031DC* 4C00012C  isync
FFF031E0* 3C60F000  lis     r3, 0xF000                         ; = F0000000 Chaos (video bridge) space
FFF031E4* 60631FFF  ori     r3, r3, 0x1FFF
FFF031E8* 3C80F000  lis     r4, 0xF000                         ; = F0000000 Chaos (video bridge) space
FFF031EC* 60840032  ori     r4, r4, 0x32
FFF031F0* 7C9983A6  mtspr   DBAT0L, r4
FFF031F4* 7C7883A6  mtspr   DBAT0U, r3
FFF031F8* 4C00012C  isync
FFF031FC* 3C600000  lis     r3, 0x0000
FFF03200* 60631FFF  ori     r3, r3, 0x1FFF
FFF03204* 3C800000  lis     r4, 0x0000
FFF03208* 60840012  ori     r4, r4, 0x12
FFF0320C* 7C9F83A6  mtspr   DBAT3L, r4
FFF03210* 7C7E83A6  mtspr   DBAT3U, r3
FFF03214* 4C00012C  isync
FFF03218* 4800003C  b       loc_FFF03254
loc_FFF0321C:
FFF0321C  38600000  li      r3, 0x0
FFF03220  7C1083A6  mtspr   IBAT0U, r0
FFF03224  7C1183A6  mtspr   IBAT0L, r0
FFF03228  7C1283A6  mtspr   IBAT1U, r0
FFF0322C  7C1383A6  mtspr   IBAT1L, r0
FFF03230  7C1483A6  mtspr   IBAT2U, r0
FFF03234  7C1583A6  mtspr   IBAT2L, r0
FFF03238  7C1683A6  mtspr   IBAT3U, r0
FFF0323C  7C1783A6  mtspr   IBAT3L, r0
FFF03240  4C00012C  isync
FFF03244  3C6087F0  lis     r3, 0x87F0
FFF03248  6063000F  ori     r3, r3, 0xF
FFF0324C  7C6F01A4  mtsr    15, r3
FFF03250  7C0004AC  sync
loc_FFF03254:
FFF03254* 7C6000A6  mfmsr   r3
FFF03258* 60630010  ori     r3, r3, 0x10
FFF0325C* 7C600124  mtmsr   r3
FFF03260* 4C00012C  isync
FFF03264* 4E800020  blr
; Dual-CPU check: Hammerhead WHO_AM_I (F80000B0) bit 0x08000000 set means this is
; not the primary CPU; it then sets MSR[POW] in a loop (doze until interrupted)
; via FFF03344. The primary CPU must read this bit as 0.

sub_FFF03268:
FFF03268* 2C150001  cmpwi   cr0, r21, 0x1
FFF0326C* 4D820020  beqlr
FFF03270* 3C60F800  lis     r3, 0xF800                         ; = F8000000 Hammerhead registers
FFF03274* 806300B0  lwz     r3, 0xB0(r3)                       ; R HH_WHO_AM_I F80000B0 (4)
FFF03278* 54630109  rlwinm. r3, r3, 0, 4, 4                    ; bit 0x08000000: secondary CPU
FFF0327C* 4D820020  beqlr
FFF03280  480000C5  bl      sub_FFF03344
FFF03284d FFF03390  .long   0xFFF03390                         ; -> PowerPC exception vectors and boot code
FFF03288d FFF03390  .long   0xFFF03390                         ; -> PowerPC exception vectors and boot code
FFF0328Cd FFF03390  .long   0xFFF03390                         ; -> PowerPC exception vectors and boot code
FFF03290d FFF03390  .long   0xFFF03390                         ; -> PowerPC exception vectors and boot code
FFF03294d FFF03390  .long   0xFFF03390                         ; -> PowerPC exception vectors and boot code
FFF03298d FFF03360  .long   0xFFF03360                         ; -> PowerPC exception vectors and boot code
FFF0329Cd FFF03390  .long   0xFFF03390                         ; -> PowerPC exception vectors and boot code
FFF032A0d FFF03390  .long   0xFFF03390                         ; -> PowerPC exception vectors and boot code
FFF032A4d FFF03390  .long   0xFFF03390                         ; -> PowerPC exception vectors and boot code
FFF032A8d FFF03390  .long   0xFFF03390                         ; -> PowerPC exception vectors and boot code
FFF032ACd FFF03390  .long   0xFFF03390                         ; -> PowerPC exception vectors and boot code
FFF032B0d FFF03390  .long   0xFFF03390                         ; -> PowerPC exception vectors and boot code
FFF032B4d FFF03390  .long   0xFFF03390                         ; -> PowerPC exception vectors and boot code
FFF032B8d FFF03390  .long   0xFFF03390                         ; -> PowerPC exception vectors and boot code
FFF032BCd FFF03390  .long   0xFFF03390                         ; -> PowerPC exception vectors and boot code
FFF032C0d FFF03390  .long   0xFFF03390                         ; -> PowerPC exception vectors and boot code
FFF032C4d FFF03390  .long   0xFFF03390                         ; -> PowerPC exception vectors and boot code
FFF032C8d FFF03390  .long   0xFFF03390                         ; -> PowerPC exception vectors and boot code
FFF032CCd FFF03390  .long   0xFFF03390                         ; -> PowerPC exception vectors and boot code
FFF032D0d FFF03390  .long   0xFFF03390                         ; -> PowerPC exception vectors and boot code
FFF032D4d FFF03390  .long   0xFFF03390                         ; -> PowerPC exception vectors and boot code
FFF032D8d FFF03390  .long   0xFFF03390                         ; -> PowerPC exception vectors and boot code
FFF032DCd FFF03390  .long   0xFFF03390                         ; -> PowerPC exception vectors and boot code
FFF032E0d FFF03390  .long   0xFFF03390                         ; -> PowerPC exception vectors and boot code
FFF032E4d FFF03390  .long   0xFFF03390                         ; -> PowerPC exception vectors and boot code
FFF032E8d FFF03390  .long   0xFFF03390                         ; -> PowerPC exception vectors and boot code
FFF032ECd FFF03390  .long   0xFFF03390                         ; -> PowerPC exception vectors and boot code
FFF032F0d FFF03390  .long   0xFFF03390                         ; -> PowerPC exception vectors and boot code
FFF032F4d FFF03390  .long   0xFFF03390                         ; -> PowerPC exception vectors and boot code
FFF032F8d FFF03390  .long   0xFFF03390                         ; -> PowerPC exception vectors and boot code
FFF032FCd FFF03390  .long   0xFFF03390                         ; -> PowerPC exception vectors and boot code
FFF03300d FFF03390  .long   0xFFF03390                         ; -> PowerPC exception vectors and boot code
FFF03304d FFF03390  .long   0xFFF03390                         ; -> PowerPC exception vectors and boot code
FFF03308d FFF03390  .long   0xFFF03390                         ; -> PowerPC exception vectors and boot code
FFF0330Cd FFF03390  .long   0xFFF03390                         ; -> PowerPC exception vectors and boot code
FFF03310d FFF03390  .long   0xFFF03390                         ; -> PowerPC exception vectors and boot code
FFF03314d FFF03390  .long   0xFFF03390                         ; -> PowerPC exception vectors and boot code
FFF03318d FFF03390  .long   0xFFF03390                         ; -> PowerPC exception vectors and boot code
FFF0331Cd FFF03390  .long   0xFFF03390                         ; -> PowerPC exception vectors and boot code
FFF03320d FFF03390  .long   0xFFF03390                         ; -> PowerPC exception vectors and boot code
FFF03324d FFF03390  .long   0xFFF03390                         ; -> PowerPC exception vectors and boot code
FFF03328d FFF03390  .long   0xFFF03390                         ; -> PowerPC exception vectors and boot code
FFF0332Cd FFF03390  .long   0xFFF03390                         ; -> PowerPC exception vectors and boot code
FFF03330d FFF03390  .long   0xFFF03390                         ; -> PowerPC exception vectors and boot code
FFF03334d FFF03390  .long   0xFFF03390                         ; -> PowerPC exception vectors and boot code
FFF03338d FFF03390  .long   0xFFF03390                         ; -> PowerPC exception vectors and boot code
FFF0333Cd FFF03390  .long   0xFFF03390                         ; -> PowerPC exception vectors and boot code
FFF03340d FFF03390  .long   0xFFF03390                         ; -> PowerPC exception vectors and boot code
; Secondary CPU: MSR |= EE | POW in a loop. When woken, the handler at FFF03360
; acknowledges via Hammerhead INT_REG (F80000C0) and jumps to the address it
; reads from Bandit CONFIG_ADDR (used as a mailbox).

sub_FFF03344:
FFF03344  7C6802A6  mfspr   r3, LR
FFF03348  7C7343A6  mtspr   SPRG3, r3
loc_FFF0334C:
FFF0334C  7FE000A6  mfmsr   r31
FFF03350  63FF8000  ori     r31, r31, 0x8000
FFF03354  67FF0004  oris    r31, r31, 0x4
FFF03358  7FE00124  mtmsr   r31
FFF0335C  4BFFFFF0  b       loc_FFF0334C
FFF03360? 7C0004AC  sync
FFF03364? 7C6000A6  mfmsr   r3
FFF03368? 60630010  ori     r3, r3, 0x10
FFF0336C? 7C600124  mtmsr   r3
FFF03370? 4C00012C  isync
FFF03374? 3C80F800  lis     r4, 0xF800                         ; = F8000000 Hammerhead registers
FFF03378? 38200080  li      r1, 0x80
FFF0337C? 982400C0  stb     r1, 0xC0(r4)                       ; W HH_INT_REG F80000C0 (1)
FFF03380? 3C20F280  lis     r1, 0xF280                         ; = F2800000 BANDIT_CONFIG_ADDR
FFF03384? 80210000  lwz     r1, 0x0(r1)                        ; R BANDIT_CONFIG_ADDR F2800000 (4)
FFF03388? 7C2803A6  mtspr   LR, r1
FFF0338C? 4E800021  blrl
FFF03390? 4C000064  rfi

sub_FFF03394:
FFF03394* 7C0004AC  sync
FFF03398* 7C7F42A6  mfspr   r3, PVR
FFF0339C* 5463843E  srwi    r3, r3, 16
FFF033A0* 2C030001  cmpwi   cr0, r3, 0x1
FFF033A4* 7C6000A6  mfmsr   r3
FFF033A8* 54630732  rlwinm  r3, r3, 0, 28, 25
FFF033AC* 7C600124  mtmsr   r3
FFF033B0* 4C00012C  isync
FFF033B4* 41820024  beq     loc_FFF033D8
FFF033B8* 56C3001C  clrrwi  r3, r22, 17
FFF033BC* 6063007F  ori     r3, r3, 0x7F
FFF033C0* 56C4001C  clrrwi  r4, r22, 17
FFF033C4* 60840002  ori     r4, r4, 0x2
FFF033C8* 7C7A83A6  mtspr   DBAT1U, r3
FFF033CC* 7C9B83A6  mtspr   DBAT1L, r4
FFF033D0* 4C00012C  isync
FFF033D4* 48000020  b       loc_FFF033F4
loc_FFF033D8:
FFF033D8  56C3001C  clrrwi  r3, r22, 17
FFF033DC  60630006  ori     r3, r3, 0x6
FFF033E0  56C4001C  clrrwi  r4, r22, 17
FFF033E4  6084005F  ori     r4, r4, 0x5F
FFF033E8  7C7283A6  mtspr   IBAT1U, r3
FFF033EC  7C9383A6  mtspr   IBAT1L, r4
FFF033F0  4C00012C  isync
loc_FFF033F4:
FFF033F4* 7C6000A6  mfmsr   r3
FFF033F8* 60630010  ori     r3, r3, 0x10
FFF033FC* 7C600124  mtmsr   r3
FFF03400* 4C00012C  isync
FFF03404* 4E800020  blr

sub_FFF03408:
FFF03408* 7C0004AC  sync
FFF0340C* 7C7F42A6  mfspr   r3, PVR
FFF03410* 5463843E  srwi    r3, r3, 16
FFF03414* 2C030001  cmpwi   cr0, r3, 0x1
FFF03418* 7C6000A6  mfmsr   r3
FFF0341C* 54630732  rlwinm  r3, r3, 0, 28, 25
FFF03420* 7C600124  mtmsr   r3
FFF03424* 4C00012C  isync
FFF03428* 41820050  beq     loc_FFF03478
FFF0342C* 38600000  li      r3, 0x0
FFF03430* 7C7883A6  mtspr   DBAT0U, r3
FFF03434* 7C7983A6  mtspr   DBAT0L, r3
FFF03438* 7C7A83A6  mtspr   DBAT1U, r3
FFF0343C* 7C7B83A6  mtspr   DBAT1L, r3
FFF03440* 7C7C83A6  mtspr   DBAT2U, r3
FFF03444* 7C7D83A6  mtspr   DBAT2L, r3
FFF03448* 7C7E83A6  mtspr   DBAT3U, r3
FFF0344C* 7C7F83A6  mtspr   DBAT3L, r3
FFF03450* 7C7083A6  mtspr   IBAT0U, r3
FFF03454* 7C7183A6  mtspr   IBAT0L, r3
FFF03458* 7C7283A6  mtspr   IBAT1U, r3
FFF0345C* 7C7383A6  mtspr   IBAT1L, r3
FFF03460* 7C7483A6  mtspr   IBAT2U, r3
FFF03464* 7C7583A6  mtspr   IBAT2L, r3
FFF03468* 7C7683A6  mtspr   IBAT3U, r3
FFF0346C* 7C7783A6  mtspr   IBAT3L, r3
FFF03470* 4C00012C  isync
FFF03474* 4E800020  blr
loc_FFF03478:
FFF03478  38600000  li      r3, 0x0
FFF0347C  7C7083A6  mtspr   IBAT0U, r3
FFF03480  7C7183A6  mtspr   IBAT0L, r3
FFF03484  7C7283A6  mtspr   IBAT1U, r3
FFF03488  7C7383A6  mtspr   IBAT1L, r3
FFF0348C  7C7483A6  mtspr   IBAT2U, r3
FFF03490  7C7583A6  mtspr   IBAT2L, r3
FFF03494  7C7683A6  mtspr   IBAT3U, r3
FFF03498  7C7783A6  mtspr   IBAT3L, r3
FFF0349C  7C6001A4  mtsr    0, r3
FFF034A0  7C6101A4  mtsr    1, r3
FFF034A4  7C6201A4  mtsr    2, r3
FFF034A8  7C6301A4  mtsr    3, r3
FFF034AC  7C6401A4  mtsr    4, r3
FFF034B0  7C6501A4  mtsr    5, r3
FFF034B4  7C6601A4  mtsr    6, r3
FFF034B8  7C6701A4  mtsr    7, r3
FFF034BC  7C6801A4  mtsr    8, r3
FFF034C0  7C6901A4  mtsr    9, r3
FFF034C4  7C6A01A4  mtsr    10, r3
FFF034C8  7C6B01A4  mtsr    11, r3
FFF034CC  7C6C01A4  mtsr    12, r3
FFF034D0  7C6D01A4  mtsr    13, r3
FFF034D4  7C6E01A4  mtsr    14, r3
FFF034D8  7C6F01A4  mtsr    15, r3
FFF034DC  4C00012C  isync
FFF034E0  4E800020  blr
; CPU clock measurement: 8 dependent addi + bdnz, run 1 and then 1024 times with
; the decrementer as the clock (DEC runs at the timebase rate, r23 = bus/4).
; CPU Hz = 8192 * r23 / DEC ticks, which assumes 1 instruction per cycle for the
; addi chain; the result is rounded to the nearest entry (within 1/512) of the
; table below (20 MHz ... 200 MHz) or left as measured. A core that does not
; sustain 1 IPC on this loop reports a lower clock to Open Firmware and the OS.

sub_FFF034E4:
FFF034E4* 38800001  li      r4, 0x1
loc_FFF034E8:
FFF034E8* 7C8903A6  mtspr   CTR, r4
FFF034EC* 38A00000  li      r5, 0x0
FFF034F0* 7CB603A6  mtspr   DEC, r5
loc_FFF034F4:
FFF034F4* 38A50001  addi    r5, r5, 0x1
FFF034F8* 38A50002  addi    r5, r5, 0x2
FFF034FC* 38A50003  addi    r5, r5, 0x3
FFF03500* 38A50004  addi    r5, r5, 0x4
FFF03504* 38A50005  addi    r5, r5, 0x5
FFF03508* 38A50006  addi    r5, r5, 0x6
FFF0350C* 38A50007  addi    r5, r5, 0x7
FFF03510* 38A50008  addi    r5, r5, 0x8
FFF03514* 4200FFE0  bdnz    loc_FFF034F4
FFF03518* 7CB602A6  mfspr   r5, DEC
FFF0351C* 2C040001  cmpwi   cr0, r4, 0x1
FFF03520* 38800400  li      r4, 0x400
FFF03524* 4182FFC4  beq     loc_FFF034E8
FFF03528* 7CA500D0  neg     r5, r5
FFF0352C* 7C772B96  divwu   r3, r23, r5
FFF03530* 7C8329D6  mullw   r4, r3, r5
FFF03534* 7C84B850  subf    r4, r4, r23
FFF03538* 54636824  slwi    r3, r3, 13
FFF0353C* 54846824  slwi    r4, r4, 13
FFF03540* 7C842B96  divwu   r4, r4, r5
FFF03544* 7C641A14  add     r3, r4, r3
FFF03548* 48000004  b       loc_FFF0354C
loc_FFF0354C:
FFF0354C* 7CC802A6  mfspr   r6, LR
FFF03550* 480001B5  bl      sub_FFF03704
FFF03554d ........  ; table (address taken by bl FFF03550), 1B0 bytes:
FFF03554d 01312D00 017D7840 01DE2000 01F78A40  |.1-..}x@.. ....@|
FFF03564d 01FCA055 023C3460 02625A00 02AEA540  |...U.<4`.bZ....@|
FFF03574d 02FAF080 03473BC0 03938700 03BC4000  |.....G;.......@.|
FFF03584d 03DFD240 03EF1480 03F940AB 042C1D80  |...@......@..,..|
FFF03594d 047868C0 04C4B400 0510FF40 055D4A80  |.xh........@.]J.|
FFF035A4d 05A995C0 05F5E100 068E7780 07270E00  |..........w..'..|
FFF035B4d 07735940 07DE2900 08583B00 08A48640  |.sY@..)..X;....@|
FFF035C4d 08F0D180 093D1CC0 09896800 09D5B340  |.....=....h....@|
FFF035D4d 0A21FE80 0A6E49C0 0ABA9500 0B06E040  |.!...nI........@|
FFF035E4d 0B532B80 0B9F76C0 0BEBC200 0C845880  |.S+...v.......X.|
FFF035F4d 0D1CEF00 0D693A40 0DE34C40 0E4E1C00  |.....i:@..L@.N..|
FFF03604d 0E9A6740 0EE6B280 0F32FDC0 0F7F4900  |..g@.....2....I.|
FFF03614d 0FDAD680 1017DF80 10642AC0 10B07600  |.........d*...v.|
FFF03624d 10FCC140 11490C80 119557C0 11E1A300  |...@.I....W.....|
FFF03634d 127A3980 1312D000 135F1B40 13D92D40  |.z9......_.@..-@|
FFF03644d 1443FD00 14904840 14DC9380 1528DEC0  |.C....H@.....(..|
FFF03654d 15752A00 15D0B780 160DC080 165A0BC0  |.u*..........Z..|
FFF03664d 16A65700 16F2A240 173EED80 178B38C0  |..W....@.>....8.|
FFF03674d 17D78400 18701A80 1908B100 1954FC40  |.....p.......T.@|
FFF03684d 19CF0E40 1A39DE00 1A862940 1AD27480  |...@.9....)@..t.|
FFF03694d 1B1EBFC0 1B6B0B00 1BC69880 1C03A180  |.....k..........|
FFF036A4d 1C4FECC0 1C9C3800 1CE88340 1D34CE80  |.O....8....@.4..|
FFF036B4d 1D8119C0 1DCD6500 1E65FB80 1EFE9200  |......e..e......|
FFF036C4d 1F4ADD40 1FC4EF40 202FBF00 207C0A40  |.J.@...@ /.. |.@|
FFF036D4d 20C85580 2114A0C0 2160EC00 21BC7980  | .U.!...!`..!.y.|
FFF036E4d 21F98280 2245CDC0 22921900 22DE6440  |!..."E.."...".d@|
FFF036F4d 232AAF80 2376FAC0 23C34600 00000000  |#*..#v..#.F.....|
; Round r3 to a table entry if within 1/512; table follows the bl.

sub_FFF03704:
FFF03704* 7C8802A6  mfspr   r4, LR
FFF03708* 7CC803A6  mtspr   LR, r6
loc_FFF0370C:
FFF0370C* 84A40004  lwzu    r5, 0x4(r4)
FFF03710* 2C050000  cmpwi   cr0, r5, 0x0
FFF03714* 4082000C  bne     loc_FFF03720
FFF03718  8064FFF8  lwz     r3, -0x8(r4)
FFF0371C  4E800020  blr
loc_FFF03720:
FFF03720* 54A6BA7E  srwi    r6, r5, 9
FFF03724* 7CE62850  subf    r7, r6, r5
FFF03728* 7C033840  cmplw   r3, r7
FFF0372C* 41800010  blt     loc_FFF0373C
FFF03730* 7CC53214  add     r6, r5, r6
FFF03734* 7C033040  cmplw   r3, r6
FFF03738* 4181FFD4  bgt     loc_FFF0370C
loc_FFF0373C:
FFF0373C* 7CA32B78  mr      r3, r5
FFF03740* 4E800020  blr
FFF03744? 38631300  addi    r3, r3, 0x1300
FFF03748? 3CA0F301  lis     r5, 0xF301                         ; = F3010000 Grand Central device space
FFF0374C? 60A5D000  ori     r5, r5, 0xD000                     ; = F301D000 GC_NVRAM_ADDR
FFF03750? 5466DDBE  extrwi  r6, r3, 10, 17
FFF03754? 7CC02D2C  stwbrx  r6, 0, r5
FFF03758? 38A52000  addi    r5, r5, 0x2000                     ; = F301F000 GC_NVRAM_DATA
FFF0375C? 7C0006AC  eieio
FFF03760? 546625F6  clrlslwi r6, r3, 27, 4
FFF03764? 7C8531AE  stbx    r4, r5, r6
FFF03768? 4E800020  blr
; NVRAM access (Grand Central): byte address A of the 8 KB NVRAM is split in a
; page and an index: (A >> 5) is written to NVRAM_ADDR F301D000 with stwbrx (so
; the page number lands in the low byte of the little-endian register), then
; the byte is at NVRAM_DATA F301F000 + (A & 1F) * 16. This routine adds 1300:
; the Mac OS parameter RAM (XPRAM) starts at NVRAM 1300.
; FFF03794 / FFF037D4 write / read 32 bits as 4 consecutive NVRAM bytes.

sub_FFF0376C:
FFF0376C* 38631300  addi    r3, r3, 0x1300
FFF03770* 3CA0F301  lis     r5, 0xF301                         ; = F3010000 Grand Central device space
FFF03774* 60A5D000  ori     r5, r5, 0xD000                     ; = F301D000 GC_NVRAM_ADDR
FFF03778* 5466DDBE  extrwi  r6, r3, 10, 17
FFF0377C* 7CC02D2C  stwbrx  r6, 0, r5
FFF03780* 38A52000  addi    r5, r5, 0x2000                     ; = F301F000 GC_NVRAM_DATA
FFF03784* 7C0006AC  eieio
FFF03788* 546625F6  clrlslwi r6, r3, 27, 4
FFF0378C* 7C6530AE  lbzx    r3, r5, r6
FFF03790* 4E800020  blr

sub_FFF03794:
FFF03794* 3CA0F301  lis     r5, 0xF301                         ; = F3010000 Grand Central device space
FFF03798* 60A5D000  ori     r5, r5, 0xD000                     ; = F301D000 GC_NVRAM_ADDR
FFF0379C* 5466DDBE  extrwi  r6, r3, 10, 17
FFF037A0* 7CC02D2C  stwbrx  r6, 0, r5
FFF037A4* 38A52000  addi    r5, r5, 0x2000                     ; = F301F000 GC_NVRAM_DATA
FFF037A8* 7C0006AC  eieio
FFF037AC* 546625F6  clrlslwi r6, r3, 27, 4
FFF037B0* 5484403E  rotlwi  r4, r4, 8
FFF037B4* 7C8629EE  stbux   r4, r6, r5
FFF037B8* 5484403E  rotlwi  r4, r4, 8
FFF037BC* 98860010  stb     r4, 0x10(r6)
FFF037C0* 5484403E  rotlwi  r4, r4, 8
FFF037C4* 98860020  stb     r4, 0x20(r6)
FFF037C8* 5484403E  rotlwi  r4, r4, 8
FFF037CC* 98860030  stb     r4, 0x30(r6)
FFF037D0* 4E800020  blr

sub_FFF037D4:
FFF037D4* 3CA0F301  lis     r5, 0xF301                         ; = F3010000 Grand Central device space
FFF037D8* 60A5D000  ori     r5, r5, 0xD000                     ; = F301D000 GC_NVRAM_ADDR
FFF037DC* 5466DDBE  extrwi  r6, r3, 10, 17
FFF037E0* 7CC02D2C  stwbrx  r6, 0, r5
FFF037E4* 38A52000  addi    r5, r5, 0x2000                     ; = F301F000 GC_NVRAM_DATA
FFF037E8* 7C0006AC  eieio
FFF037EC* 546625F6  clrlslwi r6, r3, 27, 4
FFF037F0* 7C8628EE  lbzux   r4, r6, r5
FFF037F4* 5083C00E  insrwi  r3, r4, 8, 0
FFF037F8* 88860010  lbz     r4, 0x10(r6)
FFF037FC* 5083821E  insrwi  r3, r4, 8, 8
FFF03800* 88860020  lbz     r4, 0x20(r6)
FFF03804* 5083442E  insrwi  r3, r4, 8, 16
FFF03808* 88860030  lbz     r4, 0x30(r6)
FFF0380C* 5083063E  insrwi  r3, r4, 8, 24
FFF03810* 4E800020  blr
; Bandit PCI configuration (CONFIG_ADDR F2800000 / CONFIG_DATA F2C00000, both
; little-endian: stwbrx/lwbrx; values below are the little-endian register
; values). Type-0 addresses use one-hot IDSEL bits:
;   0000080C  Bandit itself (AD11), register 0C <- 00FF0000
;   00010010  Grand Central (AD16), BAR0 (reg 10) <- F3000000
;   00010004  Grand Central command register <- 0016 (memory space, bus master,
;             memory-write-and-invalidate)
; Each address write is read back. Grand Central does not respond at F3000000
; before this (on real hardware). Then GC_INT_MASK (F3000024) <- 80000000
; (again a little-endian value written with stwbrx).

sub_FFF03814:
FFF03814* 3CA0F280  lis     r5, 0xF280                         ; = F2800000 BANDIT_CONFIG_ADDR
FFF03818* 3CC0F2C0  lis     r6, 0xF2C0                         ; = F2C00000 BANDIT_CONFIG_DATA
FFF0381C* 3C600000  lis     r3, 0x0000
FFF03820* 6063080C  ori     r3, r3, 0x80C
FFF03824* 7C602D2C  stwbrx  r3, 0, r5
FFF03828* 7C0006AC  eieio
FFF0382C* 7C802C2C  lwbrx   r4, 0, r5
FFF03830* 7C0006AC  eieio
FFF03834* 3C6000FF  lis     r3, 0x00FF
FFF03838* 60630000  ori     r3, r3, 0x0
FFF0383C* 7C60352C  stwbrx  r3, 0, r6
FFF03840* 7C0006AC  eieio
FFF03844* 7C80342C  lwbrx   r4, 0, r6
FFF03848* 7C0006AC  eieio
FFF0384C* 3C600001  lis     r3, 0x0001
FFF03850* 60630010  ori     r3, r3, 0x10
FFF03854* 7C602D2C  stwbrx  r3, 0, r5
FFF03858* 7C0006AC  eieio
FFF0385C* 7C802C2C  lwbrx   r4, 0, r5
FFF03860* 7C0006AC  eieio
FFF03864* 3C60F300  lis     r3, 0xF300                         ; = F3000000 Grand Central base
FFF03868* 60630000  ori     r3, r3, 0x0                        ; = F3000000 GC_BASE
FFF0386C* 7C60352C  stwbrx  r3, 0, r6
FFF03870* 7C0006AC  eieio
FFF03874* 7C80342C  lwbrx   r4, 0, r6
FFF03878* 7C0006AC  eieio
FFF0387C* 3C600001  lis     r3, 0x0001
FFF03880* 60630004  ori     r3, r3, 0x4
FFF03884* 7C602D2C  stwbrx  r3, 0, r5
FFF03888* 7C0006AC  eieio
FFF0388C* 7C802C2C  lwbrx   r4, 0, r5
FFF03890* 7C0006AC  eieio
FFF03894* 3C600000  lis     r3, 0x0000
FFF03898* 60630016  ori     r3, r3, 0x16
FFF0389C* 7C60352C  stwbrx  r3, 0, r6
FFF038A0* 7C0006AC  eieio
FFF038A4* 7C80342C  lwbrx   r4, 0, r6
FFF038A8* 7C0006AC  eieio
FFF038AC* 3C80F300  lis     r4, 0xF300                         ; = F3000000 Grand Central base
FFF038B0* 38C00024  li      r6, 0x24
FFF038B4* 3CA08000  lis     r5, 0x8000
FFF038B8* 7CA6252C  stwbrx  r5, r6, r4
FFF038BC* 7C0006AC  eieio
FFF038C0* 4C00012C  isync
FFF038C4* 4E800020  blr
; Find the first RAM bank with a non-zero size in the NVRAM bank table
; (NVRAM 1048+8n = base, 104C+8n = size, n < 26); none -> error beep and hang
; (FFF04E94). r22 = its base; clear 1240 bytes there with dcbz (needs the data
; cache on and RAM working).

sub_FFF038C8:
FFF038C8* 7D2802A6  mfspr   r9, LR
FFF038CC* 38E00000  li      r7, 0x0
loc_FFF038D0:
FFF038D0* 54E31E38  clrlslwi r3, r7, 27, 3
FFF038D4* 38631048  addi    r3, r3, 0x1048
FFF038D8* 4BFFFEFD  bl      sub_FFF037D4
FFF038DC* 7C761B78  mr      r22, r3
FFF038E0* 54E31E38  clrlslwi r3, r7, 27, 3
FFF038E4* 3863104C  addi    r3, r3, 0x104C
FFF038E8* 4BFFFEED  bl      sub_FFF037D4
FFF038EC* 2C030000  cmpwi   cr0, r3, 0x0
FFF038F0* 40820014  bne     loc_FFF03904
FFF038F4  38E70001  addi    r7, r7, 0x1
FFF038F8  2C07001A  cmpwi   cr0, r7, 0x1A
FFF038FC  4180FFD4  blt     loc_FFF038D0
FFF03900  48001594  b       loc_FFF04E94
loc_FFF03904:
FFF03904* 4BFFFA91  bl      sub_FFF03394
FFF03908* 3C600000  lis     r3, 0x0000
FFF0390C* 60631240  ori     r3, r3, 0x1240
loc_FFF03910:
FFF03910* 3463FFE0  addic.  r3, r3, -0x20
FFF03914* 7C03B7EC  dcbz    r3, r22
FFF03918* 4181FFF8  bgt     loc_FFF03910
FFF0391C* 7D2803A6  mtspr   LR, r9
FFF03920* 4E800020  blr
; Copy the NVRAM bank table into the info area at r22+1000 (+30: base/size
; pairs, +0: total RAM from NVRAM 1044, +4: sum of the sizes).

sub_FFF03924:
FFF03924* 7D4802A6  mfspr   r10, LR
FFF03928* 3BF61000  addi    r31, r22, 0x1000
FFF0392C* 38E00000  li      r7, 0x0
FFF03930* 39000000  li      r8, 0x0
FFF03934* 3920001A  li      r9, 0x1A
FFF03938* 2C150001  cmpwi   cr0, r21, 0x1
FFF0393C* 40820008  bne     loc_FFF03944
FFF03940  39200008  li      r9, 0x8
loc_FFF03944:
FFF03944* 54E31E38  clrlslwi r3, r7, 27, 3
FFF03948* 38631048  addi    r3, r3, 0x1048
FFF0394C* 4BFFFE89  bl      sub_FFF037D4
FFF03950* 54E41E38  clrlslwi r4, r7, 27, 3
FFF03954* 7C84FA14  add     r4, r4, r31
FFF03958* 90640030  stw     r3, 0x30(r4)
FFF0395C* 54E31E38  clrlslwi r3, r7, 27, 3
FFF03960* 3863104C  addi    r3, r3, 0x104C
FFF03964* 4BFFFE71  bl      sub_FFF037D4
FFF03968* 7D081A14  add     r8, r8, r3
FFF0396C* 54E41E38  clrlslwi r4, r7, 27, 3
FFF03970* 7C84FA14  add     r4, r4, r31
FFF03974* 90640034  stw     r3, 0x34(r4)
FFF03978* 38E70001  addi    r7, r7, 0x1
FFF0397C* 7C074800  cmpw    r7, r9
FFF03980* 4180FFC4  blt     loc_FFF03944
FFF03984* 38601044  li      r3, 0x1044
FFF03988* 4BFFFE4D  bl      sub_FFF037D4
FFF0398C* 907F0000  stw     r3, 0x0(r31)
FFF03990* 911F0004  stw     r8, 0x4(r31)
FFF03994* 7D4803A6  mtspr   LR, r10
FFF03998* 4E800020  blr
; Clock measurement: bus clock -> r25 (FFF03A14), timebase = r25/4 -> r23
; (601: fixed constant), CPU clock -> r24 (FFF034E4). Stored at r22+1104 (CPU
; Hz), r22+1108 (bus Hz), r22+110C (timebase Hz).

sub_FFF0399C:
FFF0399C* 7D0802A6  mfspr   r8, LR
FFF039A0* 2C150001  cmpwi   cr0, r21, 0x1
FFF039A4* 4082000C  bne     loc_FFF039B0
FFF039A8  4800029D  bl      sub_FFF03C44
FFF039AC  48000008  b       loc_FFF039B4
loc_FFF039B0:
FFF039B0* 48000065  bl      sub_FFF03A14
loc_FFF039B4:
FFF039B4* 7C7F42A6  mfspr   r3, PVR
FFF039B8* 5463843E  srwi    r3, r3, 16
FFF039BC* 2C030001  cmpwi   cr0, r3, 0x1
FFF039C0* 41820018  beq     loc_FFF039D8
FFF039C4* 2C030003  cmpwi   cr0, r3, 0x3
FFF039C8* 4182001C  beq     loc_FFF039E4
FFF039CC* 2C030004  cmpwi   cr0, r3, 0x4
FFF039D0* 4182001C  beq     loc_FFF039EC
FFF039D4  48000018  b       loc_FFF039EC
loc_FFF039D8:
FFF039D8  3EE03BC4  lis     r23, 0x3BC4
FFF039DC  62F70000  ori     r23, r23, 0x0
FFF039E0  48000014  b       loc_FFF039F4
loc_FFF039E4:
FFF039E4  5737F0BE  srwi    r23, r25, 2
FFF039E8  4800000C  b       loc_FFF039F4
loc_FFF039EC:
FFF039EC* 5737F0BE  srwi    r23, r25, 2
FFF039F0* 48000004  b       loc_FFF039F4
loc_FFF039F4:
FFF039F4* 4BFFFAF1  bl      sub_FFF034E4
FFF039F8* 7C781B78  mr      r24, r3
FFF039FC* 3BD61100  addi    r30, r22, 0x1100
FFF03A00* 931E0004  stw     r24, 0x4(r30)
FFF03A04* 933E0008  stw     r25, 0x8(r30)
FFF03A08* 92FE000C  stw     r23, 0xC(r30)
FFF03A0C* 7D0803A6  mtspr   LR, r8
FFF03A10* 4E800020  blr

sub_FFF03A14:
FFF03A14* 7CE802A6  mfspr   r7, LR
FFF03A18* 7C7F42A6  mfspr   r3, PVR
FFF03A1C* 5463843E  srwi    r3, r3, 16
FFF03A20* 2C030001  cmpwi   cr0, r3, 0x1
FFF03A24* 40820044  bne     loc_FFF03A68
FFF03A28  3C60F800  lis     r3, 0xF800                         ; = F8000000 Hammerhead registers
FFF03A2C  80630030  lwz     r3, 0x30(r3)                       ; R HH_CPU_SPEED F8000030 (4)
FFF03A30  54632EFA  rlwinm  r3, r3, 5, 27, 29
FFF03A34  48000025  bl      sub_FFF03A58
FFF03A38d 029F6300  .long   0x029F6300                         ; table (address taken by bl FFF03A34)
FFF03A3Cd 01F78A40  .long   0x01F78A40
FFF03A40d 02625A00  .long   0x02625A00
FFF03A44d 02FAF080  .long   0x02FAF080
FFF03A48d 029F6300  .long   0x029F6300
FFF03A4Cd 01F78A40  .long   0x01F78A40
FFF03A50d 02625A00  .long   0x02625A00
FFF03A54d 02FAF080  .long   0x02FAF080

sub_FFF03A58:
FFF03A58  7C8802A6  mfspr   r4, LR
FFF03A5C  7F23202E  lwzx    r25, r3, r4
FFF03A60  7CE803A6  mtspr   LR, r7
FFF03A64  4E800020  blr
; Bus clock: VIA timer 1 is started at FFFF (vT1L low latch then vT1CH, which
; loads and starts the counter), the decrementer is set to 3FFFF and polled until
; it reaches 0; then the VIA counter is read (high, low, high again until the
; two high reads agree). Elapsed VIA ticks are looked up in the table below
; (pairs: tick threshold, bus Hz; 33/40/50 MHz ...). The VIA counts at 783.36 kHz
; and the decrementer at bus/4 on the real machine: an implementation must keep
; that ratio or the ROM measures a wrong bus clock (and timebase frequency).
loc_FFF03A68:
FFF03A68* 3C600003  lis     r3, 0x0003
FFF03A6C* 6063FFFF  ori     r3, r3, 0xFFFF
FFF03A70* 3C80F301  lis     r4, 0xF301                         ; = F3010000 Grand Central device space
FFF03A74* 60846000  ori     r4, r4, 0x6000                     ; = F3016000 GC_VIA.vBufB
FFF03A78* 98640C00  stb     r3, 0xC00(r4)                      ; W GC_VIA.vT1L F3016C00 (1)
FFF03A7C* 7C0006AC  eieio
FFF03A80* 98640A00  stb     r3, 0xA00(r4)                      ; W GC_VIA.vT1CH F3016A00 (1)
FFF03A84* 7C0006AC  eieio
FFF03A88* 7C7603A6  mtspr   DEC, r3
FFF03A8C* 4C00012C  isync
loc_FFF03A90:
FFF03A90* 7C7602A6  mfspr   r3, DEC
FFF03A94* 2C030000  cmpwi   cr0, r3, 0x0
FFF03A98* 4181FFF8  bgt     loc_FFF03A90
loc_FFF03A9C:
FFF03A9C* 7C0004AC  sync
FFF03AA0* 88640A00  lbz     r3, 0xA00(r4)
FFF03AA4* 7C0006AC  eieio
FFF03AA8* 88A40800  lbz     r5, 0x800(r4)
FFF03AAC* 7C0006AC  eieio
FFF03AB0* 88C40A00  lbz     r6, 0xA00(r4)
FFF03AB4* 7C0006AC  eieio
FFF03AB8* 7C033000  cmpw    r3, r6
FFF03ABC* 4082FFE0  bne     loc_FFF03A9C
FFF03AC0* 5065442E  insrwi  r5, r3, 8, 16
FFF03AC4* 7CA500D0  neg     r5, r5
FFF03AC8* 70A5FFFF  andi.   r5, r5, 0xFFFF
FFF03ACC* 48000145  bl      sub_FFF03C10
FFF03AD0d ........  ; table (address taken by bl FFF03ACC), 140 bytes:
FFF03AD0d 00008048 017D7840 00007B5C 018CBA80  |...H.}x@..{\....|
FFF03AE0d 000076CA 019BFCC0 00007288 01AB3F00  |..v.......r...?.|
FFF03AF0d 00006E96 01BA8140 00006AE0 01C9C380  |..n....@..j.....|
FFF03B00d 00006770 01D905C0 00006432 01E84800  |..gp......d2..H.|
FFF03B10d 00006130 01F78A40 00006036 01FCA055  |..a0...@..`6...U|
FFF03B20d 00005E4C 0206CC80 00005B9A 02160EC0  |..^L......[.....|
FFF03B30d 00005910 02255100 000056A4 02349340  |..Y..%Q...V..4.@|
FFF03B40d 00005460 0243D580 0000523A 025317C0  |..T`.C....R:.S..|
FFF03B50d 00005028 02625A00 00004E34 02719C40  |..P(.bZ...N4.q.@|
FFF03B60d 00004C54 0280DE80 00004A92 029020C0  |..LT......J... .|
FFF03B70d 000048DA 029F6300 00004740 02AEA540  |..H...c...G@...@|
FFF03B80d 000045B0 02BDE780 00004434 02CD29C0  |..E.......D4..).|
FFF03B90d 000042CC 02DC6C00 0000416E 02EBAE40  |..B...l...An...@|
FFF03BA0d 0000401A 02FAF080 00003EDA 030A32C0  |..@.......>...2.|
FFF03BB0d 00003DA4 03197500 00003C78 0328B740  |..=...u...<x.(.@|
FFF03BC0d 00003B60 0337F980 00003A48 03473BC0  |..;`.7....:H.G;.|
FFF03BD0d 0000393A 03567E00 00003840 0365C040  |..9:.V~...8@.e.@|
FFF03BE0d 00003746 03750280 00003656 038444C0  |..7F.u....6V..D.|
FFF03BF0d 00003570 03938700 0000348A 03A2C940  |..5p......4....@|
FFF03C00d 000033AE 03B20B80 00000000 00000000  |..3.............|

sub_FFF03C10:
FFF03C10* 7C6802A6  mfspr   r3, LR
loc_FFF03C14:
FFF03C14* 80830008  lwz     r4, 0x8(r3)
FFF03C18* 2C030000  cmpwi   cr0, r3, 0x0
FFF03C1C* 40820008  bne     loc_FFF03C24
FFF03C20  48000018  b       loc_FFF03C38
loc_FFF03C24:
FFF03C24* 80C30000  lwz     r6, 0x0(r3)
FFF03C28* 7C062800  cmpw    r6, r5
FFF03C2C* 4081000C  ble     loc_FFF03C38
FFF03C30* 38630008  addi    r3, r3, 0x8
FFF03C34* 4BFFFFE0  b       loc_FFF03C14
loc_FFF03C38:
FFF03C38* 83230004  lwz     r25, 0x4(r3)
FFF03C3C* 7CE803A6  mtspr   LR, r7
FFF03C40* 4E800020  blr

sub_FFF03C44:
FFF03C44  7CA802A6  mfspr   r5, LR
FFF03C48  3C60F800  lis     r3, 0xF800                         ; = F8000000 Hammerhead registers
FFF03C4C  80630000  lwz     r3, 0x0(r3)                        ; R HH_CPU_ID F8000000 (4)
FFF03C50  70638040  andi.   r3, r3, 0x8040
FFF03C54  41820050  beq     0xFFF03CA4
FFF03C58  28038000  cmplwi  cr0, r3, 0x8000
FFF03C5C  4082008C  bne     0xFFF03CE8
FFF03C60  480000CD  bl      sub_FFF03D2C
FFF03C64d ........  ; table (address taken by bl FFF03C60), C8 bytes:
FFF03C64d 01312D00 016E3600 00F42400 01C9C380  |.1-..n6...$.....|
FFF03C74d 01312D00 02255100 016E3600 0112A880  |.1-..%Q..n6.....|
FFF03C84d 02625A00 019BFCC0 01312D00 02AEA540  |.bZ......1-....@|
FFF03C94d 01C9C380 014FB180 01312D00 01312D00  |.....O...1-..1-.|
FFF03CA4d 48000089 01F78A40 02625A00 019BFCC0  |H......@.bZ.....|
FFF03CB4d 02FAF080 01F78A40 03938700 02625A00  |.......@.....bZ.|
FFF03CC4d 01C9C380 03EF1480 029F6300 01F78A40  |..........c....@|
FFF03CD4d 047868C0 02FAF080 02349340 01F78A40  |.xh......4.@...@|
FFF03CE4d 01F78A40 48000045 01D905C0 023C3460  |...@H..E.....<4`|
FFF03CF4d 017D7840 02CD29C0 01D905C0 03567E00  |.}x@..)......V~.|
FFF03D04d 023C3460 01AB3F00 03C8EEE0 0280DE80  |.<4`..?.........|
FFF03D14d 01D905C0 044300E0 02CD29C0 02160EC0  |.....C....).....|
FFF03D24d 017D7840 017D7840  |.}x@.}x@|

sub_FFF03D2C:
FFF03D2C  7C8802A6  mfspr   r4, LR
FFF03D30  3C60F800  lis     r3, 0xF800                         ; = F8000000 Hammerhead registers
FFF03D34  80630000  lwz     r3, 0x0(r3)                        ; R HH_CPU_ID F8000000 (4)
FFF03D38  5463D6BA  rlwinm  r3, r3, 26, 26, 29
FFF03D3C  7F23202E  lwzx    r25, r3, r4
FFF03D40  7CA803A6  mtspr   LR, r5
FFF03D44  4E800020  blr
; L2 cache: Hammerhead L2 register (F80000E0) bit 7 set -> flush/enable sequence
; using F80000F0; the L2 size goes into the info area (r31 = r22+1000).

sub_FFF03D48:
FFF03D48* 2C150001  cmpwi   cr0, r21, 0x1
FFF03D4C* 418200A0  beq     loc_FFF03DEC
FFF03D50* 48000004  b       loc_FFF03D54
loc_FFF03D54:
FFF03D54* 7CE802A6  mfspr   r7, LR
FFF03D58* 38C00000  li      r6, 0x0
FFF03D5C* 3C60F800  lis     r3, 0xF800                         ; = F8000000 Hammerhead registers
FFF03D60* 888300E0  lbz     r4, 0xE0(r3)                       ; R HH_L2_CACHE_CONFIG F80000E0 (1)
FFF03D64* 70840080  andi.   r4, r4, 0x80
FFF03D68* 41820058  beq     loc_FFF03DC0
FFF03D6C  38800080  li      r4, 0x80
FFF03D70  988300F0  stb     r4, 0xF0(r3)
FFF03D74  38800070  li      r4, 0x70
FFF03D78  988300E0  stb     r4, 0xE0(r3)
FFF03D7C  7C0006AC  eieio
FFF03D80  808300E0  lwz     r4, 0xE0(r3)
FFF03D84  5484573A  rlwinm  r4, r4, 10, 28, 29
FFF03D88  48000015  bl      sub_FFF03D9C
FFF03D8Cd 00080000  .long   0x00080000                         ; table (address taken by bl FFF03D88)
FFF03D90d 00040000  .long   0x00040000
FFF03D94d 00100000  .long   0x00100000
FFF03D98d 00400000  .long   0x00400000                         ; '.@..'

sub_FFF03D9C:
FFF03D9C  7CC802A6  mfspr   r6, LR
FFF03DA0  7CC6202E  lwzx    r6, r6, r4
FFF03DA4  7CC53378  mr      r5, r6
loc_FFF03DA8:
FFF03DA8  34A5FFE0  addic.  r5, r5, -0x20
FFF03DAC  7C85B02E  lwzx    r4, r5, r22
FFF03DB0  4082FFF8  bne     loc_FFF03DA8
FFF03DB4  38800000  li      r4, 0x0
FFF03DB8  988300F0  stb     r4, 0xF0(r3)
FFF03DBC  7C0006AC  eieio
loc_FFF03DC0:
FFF03DC0* 38600001  li      r3, 0x1
FFF03DC4* 38800020  li      r4, 0x20
FFF03DC8* 90DF0010  stw     r6, 0x10(r31)
FFF03DCC* 90DF0014  stw     r6, 0x14(r31)
FFF03DD0* B07F0018  sth     r3, 0x18(r31)
FFF03DD4* B09F001A  sth     r4, 0x1A(r31)
FFF03DD8* B09F001C  sth     r4, 0x1C(r31)
FFF03DDC* B07F001E  sth     r3, 0x1E(r31)
FFF03DE0* B07F0020  sth     r3, 0x20(r31)
FFF03DE4* 7CE803A6  mtspr   LR, r7
FFF03DE8* 4E800020  blr
loc_FFF03DEC:
FFF03DEC  7CE802A6  mfspr   r7, LR
FFF03DF0  38C00000  li      r6, 0x0
FFF03DF4  3C60F800  lis     r3, 0xF800                         ; = F8000000 Hammerhead registers
FFF03DF8  80830030  lwz     r4, 0x30(r3)                       ; R HH_CPU_SPEED F8000030 (4)
FFF03DFC  70840020  andi.   r4, r4, 0x20
FFF03E00  4182007C  beq     loc_FFF03E7C
FFF03E04  80830030  lwz     r4, 0x30(r3)
FFF03E08  5484FF3A  rlwinm  r4, r4, 31, 28, 29
FFF03E0C  48000015  bl      sub_FFF03E20
FFF03E10d 00080000  .long   0x00080000                         ; table (address taken by bl FFF03E0C)
FFF03E14d 00040000  .long   0x00040000
FFF03E18d 00100000  .long   0x00100000
FFF03E1Cd 00040000  .long   0x00040000

sub_FFF03E20:
FFF03E20  7CC802A6  mfspr   r6, LR
FFF03E24  7CC6202E  lwzx    r6, r6, r4
FFF03E28  7CCB3378  mr      r11, r6
FFF03E2C  3C80F810  lis     r4, 0xF810
FFF03E30  39000000  li      r8, 0x0
FFF03E34  39200000  li      r9, 0x0
FFF03E38  80A30030  lwz     r5, 0x30(r3)
FFF03E3C  60A50004  ori     r5, r5, 0x4
FFF03E40  90A30030  stw     r5, 0x30(r3)
FFF03E44  7C0006AC  eieio
loc_FFF03E48:
FFF03E48  7D09212E  stwx    r8, r9, r4
FFF03E4C  39290020  addi    r9, r9, 0x20
FFF03E50  7C095840  cmplw   r9, r11
FFF03E54  4180FFF4  blt     loc_FFF03E48
FFF03E58  7C0004AC  sync
FFF03E5C  80A30030  lwz     r5, 0x30(r3)
FFF03E60  70A5FFFB  andi.   r5, r5, 0xFFFB
FFF03E64  90A30030  stw     r5, 0x30(r3)
FFF03E68  7C0006AC  eieio
FFF03E6C  80A30030  lwz     r5, 0x30(r3)
FFF03E70  60A50001  ori     r5, r5, 0x1
FFF03E74  90A30030  stw     r5, 0x30(r3)
FFF03E78  7C0006AC  eieio
loc_FFF03E7C:
FFF03E7C  38600001  li      r3, 0x1
FFF03E80  38800020  li      r4, 0x20
FFF03E84  90DF0010  stw     r6, 0x10(r31)
FFF03E88  90DF0014  stw     r6, 0x14(r31)
FFF03E8C  B07F0018  sth     r3, 0x18(r31)
FFF03E90  B09F001A  sth     r4, 0x1A(r31)
FFF03E94  B09F001C  sth     r4, 0x1C(r31)
FFF03E98  B07F001E  sth     r3, 0x1E(r31)
FFF03E9C  B07F0020  sth     r3, 0x20(r31)
FFF03EA0  7CE803A6  mtspr   LR, r7
FFF03EA4  4E800020  blr

sub_FFF03EA8:
FFF03EA8* 3F40FFF0  lis     r26, 0xFFF0
FFF03EAC* 83BA0080  lwz     r29, 0x80(r26)
FFF03EB0* 7FBDD214  add     r29, r29, r26
FFF03EB4* 4E800020  blr
; Boot chime: the sound is the ROM resource 'beep' 0 ("Boot Beep Resource") at
; FFE00010. Its first words are 00000010 (header size), a rate code, the length,
; and at +10 a DBDMA command list (little-endian, OUTPUT_MORE commands) whose
; data addresses point into the ROM (FFE000A0...). FFF03FB4 sets the AWACS rate
; (F3014000 control), the volume from XPRAM byte 8 (NVRAM 1308) through the
; AWACS codec control register (F3014010, waiting on its busy bit), then the
; DBDMA audio-out channel: cmdptr (F300880C) = the list, control (F3008800) =
; F0008000 (little-endian value: mask F000, RUN). DBDMA must read descriptors and data
; from ROM. The chime then plays while start-up continues. The error beep is
; 'beep' 1 at FFE40010 (FFF03ED0).

sub_FFF03EB8:
FFF03EB8* 7D6802A6  mfspr   r11, LR
FFF03EBC* 38600000  li      r3, 0x0
FFF03EC0* 480000B9  bl      sub_FFF03F78
FFF03EC4* 480000F1  bl      sub_FFF03FB4
FFF03EC8* 7D6803A6  mtspr   LR, r11
FFF03ECC* 4E800020  blr

sub_FFF03ED0:
FFF03ED0  7D6802A6  mfspr   r11, LR
FFF03ED4  480000C5  bl      sub_FFF03F98
FFF03ED8  38600001  li      r3, 0x1
FFF03EDC  4800009D  bl      sub_FFF03F78
FFF03EE0  480000D5  bl      sub_FFF03FB4
FFF03EE4  7D6803A6  mtspr   LR, r11
FFF03EE8  4E800020  blr

sub_FFF03EEC:
FFF03EEC* 7CE802A6  mfspr   r7, LR
FFF03EF0* 38600008  li      r3, 0x8
FFF03EF4* 4BFFF879  bl      sub_FFF0376C
FFF03EF8* 70630007  andi.   r3, r3, 0x7
FFF03EFC* 7CE803A6  mtspr   LR, r7
FFF03F00* 4E800020  blr

sub_FFF03F04:
FFF03F04* 7CE802A6  mfspr   r7, LR
FFF03F08* 38800007  li      r4, 0x7
FFF03F0C* 7C832050  subf    r4, r3, r4
FFF03F10* 5484083C  slwi    r4, r4, 1
FFF03F14* 508435B2  insrwi  r4, r4, 4, 22
FFF03F18* 60854000  ori     r5, r4, 0x4000
FFF03F1C* 60862000  ori     r6, r4, 0x2000
FFF03F20* 3C60F301  lis     r3, 0xF301                         ; = F3010000 Grand Central device space
FFF03F24* 39004010  li      r8, 0x4010
FFF03F28* 7CA81D2C  stwbrx  r5, r8, r3
FFF03F2C* 7C0006AC  eieio
FFF03F30* 48000035  bl      sub_FFF03F64
FFF03F34* 7CC81D2C  stwbrx  r6, r8, r3
FFF03F38* 7C0006AC  eieio
FFF03F3C* 48000029  bl      sub_FFF03F64
FFF03F40* 38A04020  li      r5, 0x4020
FFF03F44* 7CA51C2C  lwbrx   r5, r5, r3
FFF03F48* 54A52630  rlwinm  r5, r5, 4, 24, 24
FFF03F4C* 60A51000  ori     r5, r5, 0x1000
FFF03F50* 7CA81D2C  stwbrx  r5, r8, r3
FFF03F54* 7C0006AC  eieio
FFF03F58* 4800000D  bl      sub_FFF03F64
FFF03F5C* 7CE803A6  mtspr   LR, r7
FFF03F60* 4E800020  blr

sub_FFF03F64:
FFF03F64* 38804010  li      r4, 0x4010
FFF03F68* 7C841C2C  lwbrx   r4, r4, r3
FFF03F6C* 74840100  andis.  r4, r4, 0x100
FFF03F70* 4082FFF4  bne     sub_FFF03F64
FFF03F74* 4E800020  blr

sub_FFF03F78:
FFF03F78* 2C030000  cmpwi   cr0, r3, 0x0
FFF03F7C* 40820010  bne     loc_FFF03F8C
FFF03F80* 3C60FFE0  lis     r3, 0xFFE0
FFF03F84* 60630010  ori     r3, r3, 0x10
FFF03F88* 4E800020  blr
loc_FFF03F8C:
FFF03F8C  3C60FFE4  lis     r3, 0xFFE4
FFF03F90  60630010  ori     r3, r3, 0x10
FFF03F94  4E800020  blr

sub_FFF03F98:
FFF03F98  3C608000  lis     r3, 0x8000
FFF03F9C  3C80F300  lis     r4, 0xF300                         ; = F3000000 Grand Central base
FFF03FA0  38A00000  li      r5, 0x0
FFF03FA4  60848800  ori     r4, r4, 0x8800                     ; = F3008800 GC_DBDMA_AUDIO_OUT.control
FFF03FA8  7C642D2C  stwbrx  r3, r4, r5
FFF03FAC  7C0006AC  eieio
FFF03FB0  4E800020  blr

sub_FFF03FB4:
FFF03FB4* 7D4802A6  mfspr   r10, LR
FFF03FB8* 2C030000  cmpwi   cr0, r3, 0x0
FFF03FBC* 4D820020  beqlr
FFF03FC0* 80830000  lwz     r4, 0x0(r3)
FFF03FC4* 2C040010  cmpwi   cr0, r4, 0x10
FFF03FC8* 4C820020  bnelr
FFF03FCC* 80A30004  lwz     r5, 0x4(r3)
FFF03FD0* 39230010  addi    r9, r3, 0x10
FFF03FD4* 3C60F301  lis     r3, 0xF301                         ; = F3010000 Grand Central device space
FFF03FD8* 39004000  li      r8, 0x4000
FFF03FDC* 7CE81C2C  lwbrx   r7, r8, r3
FFF03FE0* 50A7456E  insrwi  r7, r5, 3, 21
FFF03FE4* 7CE81D2C  stwbrx  r7, r8, r3
FFF03FE8* 7C0006AC  eieio
FFF03FEC* 4BFFFF01  bl      sub_FFF03EEC
FFF03FF0* 4BFFFF15  bl      sub_FFF03F04
FFF03FF4* 3D00F300  lis     r8, 0xF300                         ; = F3000000 Grand Central base
FFF03FF8* 61088800  ori     r8, r8, 0x8800                     ; = F3008800 GC_DBDMA_AUDIO_OUT.control
FFF03FFC* 3880000C  li      r4, 0xC
FFF04000* 7D28252C  stwbrx  r9, r8, r4                         ; DBDMA audio out: cmdptr = command list in the beep resource
FFF04004* 7C0006AC  eieio
FFF04008* 3CA0F000  lis     r5, 0xF000                         ; = F0000000 Chaos (video bridge) space
FFF0400C* 60A58000  ori     r5, r5, 0x8000
FFF04010* 38800000  li      r4, 0x0
FFF04014* 7CA8252C  stwbrx  r5, r8, r4                         ; DBDMA audio out: control = RUN
FFF04018* 7C0006AC  eieio
FFF0401C* 7D4803A6  mtspr   LR, r10
FFF04020* 4E800020  blr
; Memory set-up (TNT path; r21 = 1 has its own at FFF044E0):
;   FFF04058  Hammerhead MEM_TIMING_0/1, REFRESH_TIMING, ROM_TIMING from a
;             table indexed by the bus-speed bits of CPU_SPEED (F8000030);
;             ROM_TIMING value depends on MOTHERBOARD_ID bit 0x10; ARBITER_CONFIG
;             is read and written back
;   FFF041B8  all 26 bank base registers (F80001C0-F80004F0, MSB/LSB pairs) set
;             to distinct 64 MB slots so that banks do not overlap while sized
;   FFF0423C  for each bank: size it (FFF04308), set the size bit if the size
;             is not a power of two and resize, program its real base (banks
;             packed from 0), record base and size in NVRAM; total -> NVRAM 1044
;   FFF04454  pairs of equal, adjacent banks get an interleave bit

sub_FFF04024:
FFF04024* 2C150001  cmpwi   cr0, r21, 0x1
FFF04028* 418204B8  beq     loc_FFF044E0
FFF0402C* 48000004  b       loc_FFF04030
loc_FFF04030:
FFF04030* 7E4802A6  mfspr   r18, LR
FFF04034* 48000025  bl      sub_FFF04058
FFF04038* 48000181  bl      sub_FFF041B8
FFF0403C* 48000201  bl      sub_FFF0423C
FFF04040* 7C711B78  mr      r17, r3
FFF04044* 7E238B78  mr      r3, r17
FFF04048* 4800040D  bl      sub_FFF04454
FFF0404C* 7E238B78  mr      r3, r17
FFF04050* 7E4803A6  mtspr   LR, r18
FFF04054* 4E800020  blr
; Hammerhead timing: the table after the bl has 4 entries of 32 bytes (by bus
; speed): MEM_TIMING_0, MEM_TIMING_1, REFRESH, ROM_TIMING (non-burst), ROM_TIMING
; (burst ROM: MOTHERBOARD_ID bit 0x10).

sub_FFF04058:
FFF04058* 7CE802A6  mfspr   r7, LR
FFF0405C* 48000105  bl      sub_FFF04160
FFF04060d ........  ; table (address taken by bl FFF0405C), 100 bytes:
FFF04060d 6A000000 28000000 9C000000 5C000000  |j...(.......\...|
FFF04070d 68000000 00000000 00000000 00000000  |h...............|
FFF04080d 68000000 28000000 82000000 4A000000  |h...(.......J...|
FFF04090d 58000000 00000000 00000000 00000000  |X...............|
FFF040A0d 8E000000 48000000 9C000000 6C000000  |....H.......l...|
FFF040B0d 7A000000 00000000 00000000 00000000  |z...............|
FFF040C0d 8E000000 4C000000 C3000000 7E000000  |....L.......~...|
FFF040D0d 8A000000 00000000 00000000 00000000  |................|
FFF040E0d 6A000000 28000000 9C000000 5C000000  |j...(.......\...|
FFF040F0d 68000000 00000000 00000000 00000000  |h...............|
FFF04100d 48000000 28000000 82000000 4A000000  |H...(.......J...|
FFF04110d 58000000 00000000 00000000 00000000  |X...............|
FFF04120d 6A000000 28000000 AB000000 6C000000  |j...(.......l...|
FFF04130d 7A000000 00000000 00000000 00000000  |z...............|
FFF04140d 6A000000 28000000 C3000000 7E000000  |j...(.......~...|
FFF04150d 8A000000 00000000 00000000 00000000  |................|

sub_FFF04160:
FFF04160* 7CC802A6  mfspr   r6, LR
FFF04164* 3CA0F800  lis     r5, 0xF800                         ; = F8000000 Hammerhead registers
FFF04168* 80850030  lwz     r4, 0x30(r5)                       ; R HH_CPU_SPEED F8000030 (4)
FFF0416C* 54844674  rlwinm  r4, r4, 8, 25, 26
FFF04170* 7C66206E  lwzux   r3, r6, r4
FFF04174* 90650050  stw     r3, 0x50(r5)                       ; W HH_MEM_TIMING_0 F8000050 (4)
FFF04178* 80660004  lwz     r3, 0x4(r6)
FFF0417C* 90650060  stw     r3, 0x60(r5)                       ; W HH_MEM_TIMING_1 F8000060 (4)
FFF04180* 80660008  lwz     r3, 0x8(r6)
FFF04184* 90650070  stw     r3, 0x70(r5)                       ; W HH_REFRESH_TIMING F8000070 (4)
FFF04188* 88850020  lbz     r4, 0x20(r5)                       ; R HH_MOTHERBOARD_ID F8000020 (1)
FFF0418C* 70840010  andi.   r4, r4, 0x10
FFF04190* 4182000C  beq     loc_FFF0419C
FFF04194* 80660010  lwz     r3, 0x10(r6)
FFF04198* 48000008  b       loc_FFF041A0
loc_FFF0419C:
FFF0419C  8066000C  lwz     r3, 0xC(r6)
loc_FFF041A0:
FFF041A0* 90650080  stw     r3, 0x80(r5)
FFF041A4* 80650090  lwz     r3, 0x90(r5)
FFF041A8* 90650090  stw     r3, 0x90(r5)
FFF041AC* 7C0004AC  sync
FFF041B0* 7CE803A6  mtspr   LR, r7
FFF041B4* 4E800020  blr

sub_FFF041B8:
FFF041B8* 3CE0F800  lis     r7, 0xF800                         ; = F8000000 Hammerhead registers
FFF041BC* 60E70500  ori     r7, r7, 0x500
FFF041C0* 38A0001A  li      r5, 0x1A
FFF041C4* 38800000  li      r4, 0x0
FFF041C8* 38600000  li      r3, 0x0
loc_FFF041CC:
FFF041CC* 34A5FFFF  addic.  r5, r5, -0x1
FFF041D0* 54A4E006  slwi    r4, r5, 28
FFF041D4* 54A3A1CE  rlwinm  r3, r5, 20, 7, 7
FFF041D8* 9487FFF0  stwu    r4, -0x10(r7)
FFF041DC* 9467FFF0  stwu    r3, -0x10(r7)
FFF041E0* 4181FFEC  bgt     loc_FFF041CC
FFF041E4* 7C0004AC  sync
FFF041E8* 7C8000A6  mfmsr   r4
FFF041EC* 7C832378  mr      r3, r4
FFF041F0* 54630734  rlwinm  r3, r3, 0, 28, 26
FFF041F4* 60632000  ori     r3, r3, 0x2000
FFF041F8* 7C600124  mtmsr   r3
FFF041FC* 4C00012C  isync
FFF04200* 3CA00400  lis     r5, 0x0400
FFF04204* 3C606000  lis     r3, 0x6000
loc_FFF04208:
FFF04208* 7C651851  subf.   r3, r5, r3
FFF0420C* 7C201CAE  lfdx    f1, r0, r3
FFF04210* 7C201CAE  lfdx    f1, r0, r3
FFF04214* 7C201CAE  lfdx    f1, r0, r3
FFF04218* 7C201CAE  lfdx    f1, r0, r3
FFF0421C* 7C201CAE  lfdx    f1, r0, r3
FFF04220* 7C201CAE  lfdx    f1, r0, r3
FFF04224* 7C201CAE  lfdx    f1, r0, r3
FFF04228* 7C201CAE  lfdx    f1, r0, r3
FFF0422C* 4181FFDC  bgt     loc_FFF04208
FFF04230* 7C800124  mtmsr   r4
FFF04234* 4C00012C  isync
FFF04238* 4E800020  blr

sub_FFF0423C:
FFF0423C* 7E0802A6  mfspr   r16, LR
FFF04240* 3DE0F800  lis     r15, 0xF800                        ; = F8000000 Hammerhead registers
FFF04244* 61EF01C0  ori     r15, r15, 0x1C0                    ; = F80001C0 HH_BANK0_BASE_MSB
FFF04248* 39C00000  li      r14, 0x0
FFF0424C* 39A00000  li      r13, 0x0
loc_FFF04250:
FFF04250* 55C3D04A  clrlslwi r3, r14, 27, 26
FFF04254* 3C800400  lis     r4, 0x0400
FFF04258* 3CA00010  lis     r5, 0x0010
FFF0425C* 480000AD  bl      sub_FFF04308
FFF04260* 7C6B1B78  mr      r11, r3
FFF04264* 7C640034  cntlzw  r4, r3
FFF04268* 7C642030  slw     r4, r3, r4
FFF0426C* 74847FFF  andis.  r4, r4, 0x7FFF
FFF04270* 4182002C  beq     loc_FFF0429C
FFF04274* 55C42D74  clrlslwi r4, r14, 26, 5
FFF04278* 7C6F202E  lwzx    r3, r15, r4
FFF0427C* 64630200  oris    r3, r3, 0x200
FFF04280* 7C6F212E  stwx    r3, r15, r4
FFF04284* 7C0004AC  sync
FFF04288* 55C3D04A  clrlslwi r3, r14, 27, 26
FFF0428C* 3C800400  lis     r4, 0x0400
FFF04290* 3CA00010  lis     r5, 0x0010
FFF04294* 48000075  bl      sub_FFF04308
FFF04298* 7C6B1B78  mr      r11, r3
loc_FFF0429C:
FFF0429C* 55C42D74  clrlslwi r4, r14, 26, 5
FFF042A0* 7CAF202E  lwzx    r5, r15, r4
FFF042A4* 51A5D1CE  rlwimi  r5, r13, 26, 7, 7
FFF042A8* 7CAF212E  stwx    r5, r15, r4
FFF042AC* 7C0004AC  sync
FFF042B0* 38840010  addi    r4, r4, 0x10
FFF042B4* 55A5100E  extlwi  r5, r13, 8, 2
FFF042B8* 7CAF212E  stwx    r5, r15, r4
FFF042BC* 7C0004AC  sync
FFF042C0* 55C31E38  clrlslwi r3, r14, 27, 3
FFF042C4* 38631048  addi    r3, r3, 0x1048
FFF042C8* 7DA46B78  mr      r4, r13
FFF042CC* 4BFFF4C9  bl      sub_FFF03794
FFF042D0* 55C31E38  clrlslwi r3, r14, 27, 3
FFF042D4* 3863104C  addi    r3, r3, 0x104C
FFF042D8* 7D645B78  mr      r4, r11
FFF042DC* 4BFFF4B9  bl      sub_FFF03794
FFF042E0* 7DAD5A14  add     r13, r13, r11
FFF042E4* 39CE0001  addi    r14, r14, 0x1
FFF042E8* 2C0E001A  cmpwi   cr0, r14, 0x1A
FFF042EC* 4180FF64  blt     loc_FFF04250
FFF042F0* 38601044  li      r3, 0x1044
FFF042F4* 7DA46B78  mr      r4, r13
FFF042F8* 4BFFF49D  bl      sub_FFF03794
FFF042FC* 7DA36B78  mr      r3, r13
FFF04300* 7E0803A6  mtspr   LR, r16
FFF04304* 4E800020  blr
; RAM sizing of one bank (r3 = base, r4 = 64 MB maximum, r5 = 1 MB step), with
; data translation off. From the top down, every MB gets "Kurt" (4B757274) and
; "Lika" (4C697A61) in its last 8 bytes (old contents saved), dcbf + sync, then
; a dummy store of FFFFFFF0 to address FFFFFFF0 (ROM space: changes the data on
; the bus so that a missing bank cannot read back the last value written) with
; dcbf + sync, then the pattern is read back. The first MB where it reads back
; is the top of the bank; walking up from the base to the first place where the
; pattern appears (mirroring), then repeating with the words swapped, gives the
; size (returned in r3; 0 = empty). The machine must ignore stores to ROM.

sub_FFF04308:
FFF04308* 7C0004AC  sync
FFF0430C* 7CC000A6  mfmsr   r6
FFF04310* 54C60734  rlwinm  r6, r6, 0, 28, 26
FFF04314* 7CC00124  mtmsr   r6
FFF04318* 4C00012C  isync
FFF0431C* 3D404B75  lis     r10, 0x4B75
FFF04320* 614A7274  ori     r10, r10, 0x7274
FFF04324* 3D604C69  lis     r11, 0x4C69
FFF04328* 616B7A61  ori     r11, r11, 0x7A61
FFF0432C* 7D832214  add     r12, r3, r4
FFF04330* 7C641B78  mr      r4, r3
loc_FFF04334:
FFF04334* 80CCFFF8  lwz     r6, -0x8(r12)
FFF04338* 914CFFF8  stw     r10, -0x8(r12)
FFF0433C* 80ECFFFC  lwz     r7, -0x4(r12)
FFF04340* 916CFFFC  stw     r11, -0x4(r12)
FFF04344* 390CFFF8  addi    r8, r12, -0x8
FFF04348* 7C0040AC  dcbf    0, r8
FFF0434C* 7C0004AC  sync
FFF04350* 3900FFF0  li      r8, -0x10
FFF04354* 91080000  stw     r8, 0x0(r8)                        ; dummy store to ROM space (FFFFFFF0)
FFF04358* 7C0040AC  dcbf    0, r8
FFF0435C* 7C0004AC  sync
FFF04360* 810CFFF8  lwz     r8, -0x8(r12)
FFF04364* 812CFFFC  lwz     r9, -0x4(r12)
FFF04368* 7D085278  xor     r8, r8, r10
FFF0436C* 7D295A78  xor     r9, r9, r11
FFF04370* 7D084B79  or.     r8, r8, r9
FFF04374* 41820028  beq     loc_FFF0439C
FFF04378* 90CCFFF8  stw     r6, -0x8(r12)
FFF0437C* 90ECFFFC  stw     r7, -0x4(r12)
FFF04380* 390CFFF8  addi    r8, r12, -0x8
FFF04384* 7C0040AC  dcbf    0, r8
FFF04388* 7D856050  subf    r12, r5, r12
FFF0438C* 7C036040  cmplw   r3, r12
FFF04390* 4180FFA4  blt     loc_FFF04334
FFF04394* 38600000  li      r3, 0x0
FFF04398* 480000A4  b       loc_FFF0443C
loc_FFF0439C:
FFF0439C* 7C842A14  add     r4, r4, r5
FFF043A0* 8104FFF8  lwz     r8, -0x8(r4)
FFF043A4* 8124FFFC  lwz     r9, -0x4(r4)
FFF043A8* 7D085278  xor     r8, r8, r10
FFF043AC* 7D295A78  xor     r9, r9, r11
FFF043B0* 7D084B79  or.     r8, r8, r9
FFF043B4* 4082FFE8  bne     loc_FFF0439C
FFF043B8* 3904FFF8  addi    r8, r4, -0x8
FFF043BC* 7C0043AC  dcbi    0, r8
FFF043C0* 7C0004AC  sync
FFF043C4* 916CFFF8  stw     r11, -0x8(r12)
FFF043C8* 914CFFFC  stw     r10, -0x4(r12)
FFF043CC* 390CFFF8  addi    r8, r12, -0x8
FFF043D0* 7C0040AC  dcbf    0, r8
FFF043D4* 7C0004AC  sync
FFF043D8* 3900FFF0  li      r8, -0x10
FFF043DC* 91080000  stw     r8, 0x0(r8)                        ; dummy store to ROM space (FFFFFFF0)
FFF043E0* 7C0040AC  dcbf    0, r8
FFF043E4* 7C0004AC  sync
FFF043E8* 8104FFF8  lwz     r8, -0x8(r4)
FFF043EC* 8124FFFC  lwz     r9, -0x4(r4)
FFF043F0* 7D085A78  xor     r8, r8, r11
FFF043F4* 7D295278  xor     r9, r9, r10
FFF043F8* 7D084B79  or.     r8, r8, r9
FFF043FC* 914CFFF8  stw     r10, -0x8(r12)
FFF04400* 916CFFFC  stw     r11, -0x4(r12)
FFF04404* 390CFFF8  addi    r8, r12, -0x8
FFF04408* 7C0040AC  dcbf    0, r8
FFF0440C* 7C0004AC  sync
FFF04410* 3900FFF0  li      r8, -0x10
FFF04414* 91080000  stw     r8, 0x0(r8)                        ; dummy store to ROM space (FFFFFFF0)
FFF04418* 7C0040AC  dcbf    0, r8
FFF0441C* 7C0004AC  sync
FFF04420* 4082FF7C  bne     loc_FFF0439C
FFF04424* 90C4FFF8  stw     r6, -0x8(r4)
FFF04428* 90E4FFFC  stw     r7, -0x4(r4)
FFF0442C* 3904FFFC  addi    r8, r4, -0x4
FFF04430* 7C0040AC  dcbf    0, r8
FFF04434* 4C00012C  isync
FFF04438* 7C632050  subf    r3, r3, r4
loc_FFF0443C:
FFF0443C* 7C0004AC  sync
FFF04440* 7CC000A6  mfmsr   r6
FFF04444* 60C60010  ori     r6, r6, 0x10
FFF04448* 7CC00124  mtmsr   r6
FFF0444C* 4C00012C  isync
FFF04450* 4E800020  blr

sub_FFF04454:
FFF04454* 3D80F800  lis     r12, 0xF800                        ; = F8000000 Hammerhead registers
FFF04458* 618C0500  ori     r12, r12, 0x500
FFF0445C* 3960001A  li      r11, 0x1A
FFF04460* 7C6A1B78  mr      r10, r3
loc_FFF04464:
FFF04464* 846CFFF0  lwzu    r3, -0x10(r12)
FFF04468* 848CFFF0  lwzu    r4, -0x10(r12)
FFF0446C* 5469F092  rlwinm  r9, r3, 30, 2, 9
FFF04470* 50893042  rlwimi  r9, r4, 6, 1, 1
FFF04474* 54853FFE  extrwi  r5, r4, 1, 6
FFF04478* 7CE95050  subf    r7, r9, r10
FFF0447C* 846CFFF0  lwzu    r3, -0x10(r12)
FFF04480* 848CFFF0  lwzu    r4, -0x10(r12)
FFF04484* 546AF092  rlwinm  r10, r3, 30, 2, 9
FFF04488* 508A3042  rlwimi  r10, r4, 6, 1, 1
FFF0448C* 54863FFE  extrwi  r6, r4, 1, 6
FFF04490* 7D0A4851  subf.   r8, r10, r9
FFF04494* 41820040  beq     loc_FFF044D4
FFF04498* 7C862800  cmpw    cr1, r6, r5
FFF0449C* 7D083800  cmpw    cr2, r8, r7
FFF044A0* 40860034  bne     cr1, loc_FFF044D4
FFF044A4  408A0030  bne     cr2, loc_FFF044D4
FFF044A8  806C0000  lwz     r3, 0x0(r12)
FFF044AC  64630400  oris    r3, r3, 0x400
FFF044B0  906C0000  stw     r3, 0x0(r12)
FFF044B4  7C0004AC  sync
FFF044B8  7D293A14  add     r9, r9, r7
FFF044BC  806C0030  lwz     r3, 0x30(r12)
FFF044C0  5123100E  rlwimi  r3, r9, 2, 0, 7
FFF044C4  906C0030  stw     r3, 0x30(r12)
FFF044C8  806C0020  lwz     r3, 0x20(r12)
FFF044CC  5123D1CE  rlwimi  r3, r9, 26, 7, 7
FFF044D0  906C0020  stw     r3, 0x20(r12)
loc_FFF044D4:
FFF044D4* 356BFFFE  addic.  r11, r11, -0x2
FFF044D8* 4181FF8C  bgt     loc_FFF04464
FFF044DC* 4E800020  blr
loc_FFF044E0:
FFF044E0  7E4802A6  mfspr   r18, LR
FFF044E4  48000019  bl      sub_FFF044FC
FFF044E8  48000219  bl      sub_FFF04700
FFF044EC  4800023D  bl      sub_FFF04728
FFF044F0  7C711B78  mr      r17, r3
FFF044F4  7E4803A6  mtspr   LR, r18
FFF044F8  4E800020  blr

sub_FFF044FC:
FFF044FC  7CE802A6  mfspr   r7, LR
FFF04500  48000085  bl      sub_FFF04584
FFF04504d ........  ; table (address taken by bl FFF04500), 80 bytes:
FFF04504d 00000000 000001F4 00000000 000001F4  |................|
FFF04514d 00000040 00000235 00000100 00000235  |...@...5.......5|
FFF04524d 00000044 0000025C 00000110 0000025C  |...D...\.......\|
FFF04534d 0000104E 000002AA 00000138 000002AA  |...N.......8....|
FFF04544d 000014CE 000002F8 0000133A 000002F8  |...........:....|
FFF04554d 00001CFF 00000346 00001BFF 00000346  |.......F.......F|
FFF04564d 00001CFF 00000394 00001BFF 00000394  |................|
FFF04574d 00001CFF 000003FC 00001BFF 000003FC  |................|

sub_FFF04584:
FFF04584  7CC802A6  mfspr   r6, LR
FFF04588  3CA0F800  lis     r5, 0xF800                         ; = F8000000 Hammerhead registers
FFF0458C  48000071  bl      sub_FFF045FC
FFF04590  54842676  clrlslwi r4, r4, 29, 4
FFF04594  7C66206E  lwzux   r3, r6, r4
FFF04598  90650040  stw     r3, 0x40(r5)
FFF0459C  80660004  lwz     r3, 0x4(r6)
FFF045A0  90650050  stw     r3, 0x50(r5)
FFF045A4  80660008  lwz     r3, 0x8(r6)
FFF045A8  90650150  stw     r3, 0x150(r5)
FFF045AC  8066000C  lwz     r3, 0xC(r6)
FFF045B0  906501B0  stw     r3, 0x1B0(r5)
FFF045B4  7C0004AC  sync
FFF045B8  48000025  bl      sub_FFF045DC
FFF045BCd 0000000E  .long   0x0000000E                         ; table (address taken by bl FFF045B8)
FFF045C0d 0000000A  .long   0x0000000A
FFF045C4d 0000000A  .long   0x0000000A
FFF045C8d 00000005  .long   0x00000005
FFF045CCd 00000001  .long   0x00000001
FFF045D0d 00000001  .long   0x00000001
FFF045D4d 00000000  .long   0x00000000
FFF045D8d 00000000  .long   0x00000000

sub_FFF045DC:
FFF045DC  7CC802A6  mfspr   r6, LR
FFF045E0  3CA0F800  lis     r5, 0xF800                         ; = F8000000 Hammerhead registers
FFF045E4  48000019  bl      sub_FFF045FC
FFF045E8  548416FA  clrlslwi r4, r4, 29, 2
FFF045EC  7C66206E  lwzux   r3, r6, r4
FFF045F0  90650020  stw     r3, 0x20(r5)
FFF045F4  7CE803A6  mtspr   LR, r7
FFF045F8  4E800020  blr

sub_FFF045FC:
FFF045FC  7D2802A6  mfspr   r9, LR
FFF04600  3D40F800  lis     r10, 0xF800                        ; = F8000000 Hammerhead registers
FFF04604  814A0000  lwz     r10, 0x0(r10)                      ; R HH_CPU_ID F8000000 (4)
FFF04608  714A8040  andi.   r10, r10, 0x8040
FFF0460C  41820050  beq     0xFFF0465C
FFF04610  280A8000  cmplwi  cr0, r10, 0x8000
FFF04614  4082008C  bne     0xFFF046A0
FFF04618  480000CD  bl      sub_FFF046E4
FFF0461Cd ........  .space  0x14                      ; zero to FFF04630
FFF04630d ........  ; table (address taken by bl FFF04618), B4 bytes:
FFF04630d 00000001 00000000 00000000 00000002  |................|
FFF04640d 00000000 00000000 00000003 00000000  |................|
FFF04650d 00000000 00000000 00000000 48000089  |............H...|
FFF04660d 00000000 00000002 00000000 00000004  |................|
FFF04670d 00000000 00000006 00000002 00000000  |................|
FFF04680d 00000007 00000003 00000000 00000007  |................|
FFF04690d 00000004 00000001 00000000 00000000  |................|
FFF046A0d 48000045 00000000 00000001 00000000  |H..E............|
FFF046B0d 00000004 00000000 00000006 00000001  |................|
FFF046C0d 00000000 00000007 00000003 00000000  |................|
FFF046D0d 00000007 00000004 00000001 00000000  |................|
FFF046E0d 00000000  |....|

sub_FFF046E4:
FFF046E4  7D6802A6  mfspr   r11, LR
FFF046E8  3D40F800  lis     r10, 0xF800                        ; = F8000000 Hammerhead registers
FFF046EC  814A0000  lwz     r10, 0x0(r10)                      ; R HH_CPU_ID F8000000 (4)
FFF046F0  554AD6BA  rlwinm  r10, r10, 26, 26, 29
FFF046F4  7C8B506E  lwzux   r4, r11, r10
FFF046F8  7D2803A6  mtspr   LR, r9
FFF046FC  4E800020  blr

sub_FFF04700:
FFF04700  3CE0F800  lis     r7, 0xF800                         ; = F8000000 Hammerhead registers
FFF04704  60E700E0  ori     r7, r7, 0xE0                       ; = F80000E0 HH_L2_CACHE_CONFIG
FFF04708  38A00008  li      r5, 0x8
FFF0470C  38800000  li      r4, 0x0
loc_FFF04710:
FFF04710  34A5FFFF  addic.  r5, r5, -0x1
FFF04714  54A4D854  rlwinm  r4, r5, 27, 1, 10
FFF04718  9487FFF0  stwu    r4, -0x10(r7)
FFF0471C  4181FFF4  bgt     loc_FFF04710
FFF04720  7C0004AC  sync
FFF04724  4E800020  blr

sub_FFF04728:
FFF04728  7E0802A6  mfspr   r16, LR
FFF0472C  3DE0F800  lis     r15, 0xF800                        ; = F8000000 Hammerhead registers
FFF04730  61EF0060  ori     r15, r15, 0x60                     ; = F8000060 HH_MEM_TIMING_1
FFF04734  39C00000  li      r14, 0x0
FFF04738  39A00000  li      r13, 0x0
loc_FFF0473C:
FFF0473C  55C3D848  clrlslwi r3, r14, 28, 27
FFF04740  3C800400  lis     r4, 0x0400
FFF04744  3CA00010  lis     r5, 0x0010
FFF04748  4BFFFBC1  bl      sub_FFF04308
FFF0474C  7C6B1B78  mr      r11, r3
FFF04750  7C640034  cntlzw  r4, r3
FFF04754  7C642030  slw     r4, r3, r4
FFF04758  74847FFF  andis.  r4, r4, 0x7FFF
FFF0475C  4182002C  beq     loc_FFF04788
FFF04760  55C42676  clrlslwi r4, r14, 29, 4
FFF04764  7C6F202E  lwzx    r3, r15, r4
FFF04768  64638000  oris    r3, r3, 0x8000
FFF0476C  7C6F212E  stwx    r3, r15, r4
FFF04770  7C0004AC  sync
FFF04774  55C3D848  clrlslwi r3, r14, 28, 27
FFF04778  3C800400  lis     r4, 0x0400
FFF0477C  3CA00010  lis     r5, 0x0010
FFF04780  4BFFFB89  bl      sub_FFF04308
FFF04784  7C6B1B78  mr      r11, r3
loc_FFF04788:
FFF04788  55C42676  clrlslwi r4, r14, 29, 4
FFF0478C  7CAF202E  lwzx    r5, r15, r4
FFF04790  74A58000  andis.  r5, r5, 0x8000
FFF04794  7CA56B78  or      r5, r5, r13
FFF04798  7CAF212E  stwx    r5, r15, r4
FFF0479C  7C0004AC  sync
FFF047A0  55C31E38  clrlslwi r3, r14, 27, 3
FFF047A4  38631048  addi    r3, r3, 0x1048
FFF047A8  7DA46B78  mr      r4, r13
FFF047AC  4BFFEFE9  bl      sub_FFF03794
FFF047B0  55C31E38  clrlslwi r3, r14, 27, 3
FFF047B4  3863104C  addi    r3, r3, 0x104C
FFF047B8  7D645B78  mr      r4, r11
FFF047BC  4BFFEFD9  bl      sub_FFF03794
FFF047C0  7DAD5A14  add     r13, r13, r11
FFF047C4  39CE0001  addi    r14, r14, 0x1
FFF047C8  2C0E0008  cmpwi   cr0, r14, 0x8
FFF047CC  4180FF70  blt     loc_FFF0473C
FFF047D0  38601044  li      r3, 0x1044
FFF047D4  7DA46B78  mr      r4, r13
FFF047D8  4BFFEFBD  bl      sub_FFF03794
FFF047DC  7DA36B78  mr      r3, r13
FFF047E0  7E0803A6  mtspr   LR, r16
FFF047E4  4E800020  blr
; MACE (Ethernet) PLSCC register (F30110E0) <- 07: port select.

sub_FFF047E8:
FFF047E8* 3C60F301  lis     r3, 0xF301                         ; = F3010000 Grand Central device space
FFF047EC* 606310E0  ori     r3, r3, 0x10E0                     ; = F30110E0 GC_MACE.PLSCC
FFF047F0* 38800007  li      r4, 0x7
FFF047F4* 98830000  stb     r4, 0x0(r3)                        ; W GC_MACE.PLSCC F30110E0 (1)
FFF047F8* 4E800020  blr

sub_FFF047FC:
FFF047FC* 2C150001  cmpwi   cr0, r21, 0x1
FFF04800* 4C820020  bnelr
FFF04804  7DC802A6  mfspr   r14, LR
FFF04808  48000115  bl      sub_FFF0491C
FFF0480C  48000169  bl      sub_FFF04974
FFF04810  3C80F301  lis     r4, 0xF301                         ; = F3010000 Grand Central device space
FFF04814  60846000  ori     r4, r4, 0x6000                     ; = F3016000 GC_VIA.vBufB
FFF04818  48000185  bl      sub_FFF0499C
FFF0481C  2C050001  cmpwi   cr0, r5, 0x1
FFF04820  41820098  beq     loc_FFF048B8
FFF04824  38A00022  li      r5, 0x22
FFF04828  38C00001  li      r6, 0x1
FFF0482C  38E00050  li      r7, 0x50
FFF04830  39000003  li      r8, 0x3
FFF04834  5508402E  slwi    r8, r8, 8
FFF04838  7CE74378  or      r7, r7, r8
FFF0483C  39000001  li      r8, 0x1
FFF04840  5508801E  slwi    r8, r8, 16
FFF04844  7CE74378  or      r7, r7, r8
FFF04848  39000003  li      r8, 0x3
FFF0484C  48000245  bl      sub_FFF04A90
FFF04850  2C0C0001  cmpwi   cr0, r12, 0x1
FFF04854  41820064  beq     loc_FFF048B8
FFF04858  38A00022  li      r5, 0x22
FFF0485C  38C00001  li      r6, 0x1
FFF04860  38E00050  li      r7, 0x50
FFF04864  39000001  li      r8, 0x1
FFF04868  5508402E  slwi    r8, r8, 8
FFF0486C  7CE74378  or      r7, r7, r8
FFF04870  3900000F  li      r8, 0xF
FFF04874  5508801E  slwi    r8, r8, 16
FFF04878  7CE74378  or      r7, r7, r8
FFF0487C  39000003  li      r8, 0x3
FFF04880  48000211  bl      sub_FFF04A90
FFF04884  2C0C0001  cmpwi   cr0, r12, 0x1
FFF04888  41820030  beq     loc_FFF048B8
FFF0488C  38A00022  li      r5, 0x22
FFF04890  38C00001  li      r6, 0x1
FFF04894  38E00050  li      r7, 0x50
FFF04898  39000002  li      r8, 0x2
FFF0489C  5508402E  slwi    r8, r8, 8
FFF048A0  7CE74378  or      r7, r7, r8
FFF048A4  39000030  li      r8, 0x30
FFF048A8  5508801E  slwi    r8, r8, 16
FFF048AC  7CE74378  or      r7, r7, r8
FFF048B0  39000003  li      r8, 0x3
FFF048B4  480001DD  bl      sub_FFF04A90
loc_FFF048B8:
FFF048B8  7DC803A6  mtspr   LR, r14
FFF048BC  4E800020  blr
; Cuda (TNT path). FFF0491C: VIA init: vBufA = 10, vDirA = 58, vBufB = 38,
; vDirB = 30 (PB5 = TIP and PB4 = BYTEACK outputs, PB3 = TREQ input), vPCR = 0,
; vACR = 1C (shift register under external clock), vIER = 7F (all off);
; FFF04974: shift in, vIER = 84 (SR interrupt on).
; FFF0499C synchronises with Cuda (TIP/BYTEACK toggling, waiting for TREQ and for
; the shift-register flag in vIFR, timeouts of D05 and 3A98 loop iterations).
; If that succeeds, FFF04A90 sends a pseudo packet: type 01, command 22
; (read/write I2C), data 88 61 55: an I2C write to address 88 (8-bit form).

sub_FFF048C0:
FFF048C0* 2C150001  cmpwi   cr0, r21, 0x1
FFF048C4* 4D820020  beqlr
FFF048C8* 7DC802A6  mfspr   r14, LR
FFF048CC* 48000051  bl      sub_FFF0491C
FFF048D0* 480000A5  bl      sub_FFF04974
FFF048D4* 3C80F301  lis     r4, 0xF301                         ; = F3010000 Grand Central device space
FFF048D8* 60846000  ori     r4, r4, 0x6000                     ; = F3016000 GC_VIA.vBufB
FFF048DC* 480000C1  bl      sub_FFF0499C
FFF048E0* 2C050001  cmpwi   cr0, r5, 0x1
FFF048E4* 41820030  beq     loc_FFF04914
FFF048E8* 38A00022  li      r5, 0x22
FFF048EC* 38C00001  li      r6, 0x1
FFF048F0* 38E00088  li      r7, 0x88
FFF048F4* 39000061  li      r8, 0x61
FFF048F8* 5508402E  slwi    r8, r8, 8
FFF048FC* 7CE74378  or      r7, r7, r8
FFF04900* 39000055  li      r8, 0x55
FFF04904* 5508801E  slwi    r8, r8, 16
FFF04908* 7CE74378  or      r7, r7, r8
FFF0490C* 39000003  li      r8, 0x3
FFF04910* 48000181  bl      sub_FFF04A90
loc_FFF04914:
FFF04914* 7DC803A6  mtspr   LR, r14
FFF04918* 4E800020  blr

sub_FFF0491C:
FFF0491C* 3C60F301  lis     r3, 0xF301                         ; = F3010000 Grand Central device space
FFF04920* 60636000  ori     r3, r3, 0x6000                     ; = F3016000 GC_VIA.vBufB
FFF04924* 38800010  li      r4, 0x10
FFF04928* 98831E00  stb     r4, 0x1E00(r3)                     ; W GC_VIA.vBufA F3017E00 (1)
FFF0492C* 7C0006AC  eieio
FFF04930* 38800058  li      r4, 0x58
FFF04934* 98830600  stb     r4, 0x600(r3)                      ; W GC_VIA.vDirA F3016600 (1)
FFF04938* 7C0006AC  eieio
FFF0493C* 38800038  li      r4, 0x38
FFF04940* 98830000  stb     r4, 0x0(r3)                        ; W GC_VIA.vBufB F3016000 (1)
FFF04944* 7C0006AC  eieio
FFF04948* 38800030  li      r4, 0x30
FFF0494C* 98830400  stb     r4, 0x400(r3)                      ; W GC_VIA.vDirB F3016400 (1)
FFF04950* 7C0006AC  eieio
FFF04954* 38800000  li      r4, 0x0
FFF04958* 98831800  stb     r4, 0x1800(r3)                     ; W GC_VIA.vPCR F3017800 (1)
FFF0495C* 7C0006AC  eieio
FFF04960* 3880001C  li      r4, 0x1C
FFF04964* 98831600  stb     r4, 0x1600(r3)                     ; W GC_VIA.vACR F3017600 (1)
FFF04968* 3880007F  li      r4, 0x7F
FFF0496C* 98831C00  stb     r4, 0x1C00(r3)                     ; W GC_VIA.vIER F3017C00 (1)
FFF04970* 4E800020  blr

sub_FFF04974:
FFF04974* 3C60F301  lis     r3, 0xF301                         ; = F3010000 Grand Central device space
FFF04978* 60636000  ori     r3, r3, 0x6000                     ; = F3016000 GC_VIA.vBufB
FFF0497C* 88831600  lbz     r4, 0x1600(r3)                     ; R GC_VIA.vACR F3017600 (1)
FFF04980* 708400EF  andi.   r4, r4, 0xEF
FFF04984* 98831600  stb     r4, 0x1600(r3)                     ; W GC_VIA.vACR F3017600 (1)
FFF04988* 7C0006AC  eieio
FFF0498C* 38800084  li      r4, 0x84
FFF04990* 98831C00  stb     r4, 0x1C00(r3)                     ; W GC_VIA.vIER F3017C00 (1)
FFF04994* 7C0006AC  eieio
FFF04998* 4E800020  blr
; Cuda synchronisation: TIP and BYTEACK high; wait D05 reads; if TREQ (PB3) is
; low, wait for vIFR bit 2 (SR); read vSR; BYTEACK low and wait (3A98 loops) for
; TREQ high, then SR flag, BYTEACK high, TREQ low, SR flag; finally TIP and
; BYTEACK high. Returns r5 = 0 on success, 1 on a timeout.

sub_FFF0499C:
FFF0499C* 88A40000  lbz     r5, 0x0(r4)
FFF049A0* 60A50030  ori     r5, r5, 0x30
FFF049A4* 98A40000  stb     r5, 0x0(r4)
FFF049A8* 38A00D05  li      r5, 0xD05
FFF049AC* 7CA903A6  mtspr   CTR, r5
loc_FFF049B0:
FFF049B0* 88A40000  lbz     r5, 0x0(r4)
FFF049B4* 4200FFFC  bdnz    loc_FFF049B0
FFF049B8* 88A40000  lbz     r5, 0x0(r4)
FFF049BC* 70A50008  andi.   r5, r5, 0x8
FFF049C0* 4082001C  bne     loc_FFF049DC
FFF049C4* 38A00D05  li      r5, 0xD05
FFF049C8* 7CA903A6  mtspr   CTR, r5
loc_FFF049CC:
FFF049CC* 88A41A00  lbz     r5, 0x1A00(r4)
FFF049D0* 70A50004  andi.   r5, r5, 0x4
FFF049D4* 40820008  bne     loc_FFF049DC
FFF049D8* 4200FFF4  bdnz    loc_FFF049CC
loc_FFF049DC:
FFF049DC* 88A41400  lbz     r5, 0x1400(r4)
FFF049E0* 38A03A98  li      r5, 0x3A98
FFF049E4* 7CA903A6  mtspr   CTR, r5
FFF049E8* 88A40000  lbz     r5, 0x0(r4)
FFF049EC* 70A500EF  andi.   r5, r5, 0xEF
FFF049F0* 98A40000  stb     r5, 0x0(r4)
loc_FFF049F4:
FFF049F4* 88A40000  lbz     r5, 0x0(r4)
FFF049F8* 70A50008  andi.   r5, r5, 0x8
FFF049FC* 4182000C  beq     loc_FFF04A08
FFF04A00  4200FFF4  bdnz    loc_FFF049F4
FFF04A04  48000084  b       loc_FFF04A88
loc_FFF04A08:
FFF04A08* 38A03A98  li      r5, 0x3A98
FFF04A0C* 7CA903A6  mtspr   CTR, r5
loc_FFF04A10:
FFF04A10* 88A41A00  lbz     r5, 0x1A00(r4)
FFF04A14* 70A50004  andi.   r5, r5, 0x4
FFF04A18* 40820008  bne     loc_FFF04A20
FFF04A1C* 4200FFF4  bdnz    loc_FFF04A10
loc_FFF04A20:
FFF04A20* 38A03A98  li      r5, 0x3A98
FFF04A24* 7CA903A6  mtspr   CTR, r5
FFF04A28* 88A40000  lbz     r5, 0x0(r4)
FFF04A2C* 60A50010  ori     r5, r5, 0x10
FFF04A30* 98A40000  stb     r5, 0x0(r4)
loc_FFF04A34:
FFF04A34* 88A40000  lbz     r5, 0x0(r4)
FFF04A38* 70A50008  andi.   r5, r5, 0x8
FFF04A3C* 4082000C  bne     loc_FFF04A48
FFF04A40  4200FFF4  bdnz    loc_FFF04A34
FFF04A44  48000044  b       loc_FFF04A88
loc_FFF04A48:
FFF04A48* 88A41400  lbz     r5, 0x1400(r4)
FFF04A4C* 38A03A98  li      r5, 0x3A98
FFF04A50* 7CA903A6  mtspr   CTR, r5
loc_FFF04A54:
FFF04A54* 88A41A00  lbz     r5, 0x1A00(r4)
FFF04A58* 70A50004  andi.   r5, r5, 0x4
FFF04A5C* 4082000C  bne     loc_FFF04A68
FFF04A60* 4200FFF4  bdnz    loc_FFF04A54
FFF04A64  48000024  b       loc_FFF04A88
loc_FFF04A68:
FFF04A68* 88A40000  lbz     r5, 0x0(r4)
FFF04A6C* 60A50030  ori     r5, r5, 0x30
FFF04A70* 98A40000  stb     r5, 0x0(r4)
FFF04A74* 7C0006AC  eieio
FFF04A78* 88A41400  lbz     r5, 0x1400(r4)
FFF04A7C* 7C0006AC  eieio
FFF04A80* 38A00000  li      r5, 0x0
FFF04A84* 4E800020  blr
loc_FFF04A88:
FFF04A88  38A00001  li      r5, 0x1
FFF04A8C  4E800020  blr
; Send a Cuda packet: r6 = packet type, r5 = command, r7 = up to 4 data bytes
; (low byte first), r8 = count; then reads the reply. Each byte: write vSR, toggle
; BYTEACK (vBufB bit 4), wait for vIFR SR flag (3A98 loops); TIP (bit 5) frames the
; packet; retried up to 10 times. r12 = 1 on failure.

sub_FFF04A90:
FFF04A90* 7C6802A6  mfspr   r3, LR
FFF04A94* 39A0000A  li      r13, 0xA
FFF04A98* 89640000  lbz     r11, 0x0(r4)
FFF04A9C* 716B0020  andi.   r11, r11, 0x20
FFF04AA0* 40820050  bne     loc_FFF04AF0
loc_FFF04AA4:
FFF04AA4  89640000  lbz     r11, 0x0(r4)
FFF04AA8  616B0030  ori     r11, r11, 0x30
FFF04AAC  99640000  stb     r11, 0x0(r4)
FFF04AB0  7C0006AC  eieio
FFF04AB4  39603A98  li      r11, 0x3A98
FFF04AB8  7D6903A6  mtspr   CTR, r11
loc_FFF04ABC:
FFF04ABC  89641A00  lbz     r11, 0x1A00(r4)
FFF04AC0  716B0004  andi.   r11, r11, 0x4
FFF04AC4  40820024  bne     loc_FFF04AE8
FFF04AC8  4200FFF4  bdnz    loc_FFF04ABC
FFF04ACC  89640000  lbz     r11, 0x0(r4)
FFF04AD0  616B0030  ori     r11, r11, 0x30
FFF04AD4  99640000  stb     r11, 0x0(r4)
FFF04AD8  7C0006AC  eieio
FFF04ADC  39800001  li      r12, 0x1
FFF04AE0  7C6803A6  mtspr   LR, r3
FFF04AE4  4E800020  blr
loc_FFF04AE8:
FFF04AE8  89641400  lbz     r11, 0x1400(r4)
FFF04AEC  7C0006AC  eieio
loc_FFF04AF0:
FFF04AF0* 89640000  lbz     r11, 0x0(r4)
FFF04AF4* 716B0008  andi.   r11, r11, 0x8
FFF04AF8* 418201CC  beq     loc_FFF04CC4
FFF04AFC* 89641600  lbz     r11, 0x1600(r4)
FFF04B00* 616B0010  ori     r11, r11, 0x10
FFF04B04* 99641600  stb     r11, 0x1600(r4)
FFF04B08* 7C0006AC  eieio
FFF04B0C* 89640000  lbz     r11, 0x0(r4)
FFF04B10* 716B0008  andi.   r11, r11, 0x8
FFF04B14* 4182007C  beq     loc_FFF04B90
FFF04B18* 98C41400  stb     r6, 0x1400(r4)
FFF04B1C* 7C0006AC  eieio
FFF04B20* 89640000  lbz     r11, 0x0(r4)
FFF04B24* 716B00DF  andi.   r11, r11, 0xDF
FFF04B28* 99640000  stb     r11, 0x0(r4)
FFF04B2C* 7C0006AC  eieio
FFF04B30* 39803A98  li      r12, 0x3A98
FFF04B34* 7D8903A6  mtspr   CTR, r12
loc_FFF04B38:
FFF04B38* 89641A00  lbz     r11, 0x1A00(r4)
FFF04B3C* 716B0004  andi.   r11, r11, 0x4
FFF04B40* 40820030  bne     loc_FFF04B70
FFF04B44* 4200FFF4  bdnz    loc_FFF04B38
FFF04B48  39ADFFFF  addi    r13, r13, -0x1
FFF04B4C  2C0D0000  cmpwi   cr0, r13, 0x0
FFF04B50  4082FF54  bne     loc_FFF04AA4
FFF04B54  89640000  lbz     r11, 0x0(r4)
FFF04B58  616B0030  ori     r11, r11, 0x30
FFF04B5C  99640000  stb     r11, 0x0(r4)
FFF04B60  7C0006AC  eieio
FFF04B64  39800001  li      r12, 0x1
FFF04B68  7C6803A6  mtspr   LR, r3
FFF04B6C  4E800020  blr
loc_FFF04B70:
FFF04B70* 3960000A  li      r11, 0xA
FFF04B74* 7D6903A6  mtspr   CTR, r11
loc_FFF04B78:
FFF04B78* 89640000  lbz     r11, 0x0(r4)
FFF04B7C* 4200FFFC  bdnz    loc_FFF04B78
FFF04B80* 89641400  lbz     r11, 0x1400(r4)
FFF04B84* 7C0006AC  eieio
FFF04B88* 89640000  lbz     r11, 0x0(r4)
FFF04B8C* 716B0008  andi.   r11, r11, 0x8
loc_FFF04B90:
FFF04B90* 418200FC  beq     loc_FFF04C8C
FFF04B94* 7CAA2B78  mr      r10, r5
FFF04B98* 480001C1  bl      sub_FFF04D58
FFF04B9C* 2C0C0000  cmpwi   cr0, r12, 0x0
FFF04BA0* 40820034  bne     loc_FFF04BD4
FFF04BA4* 2C080004  cmpwi   cr0, r8, 0x4
FFF04BA8* 41810058  bgt     loc_FFF04C00
FFF04BAC* 39200000  li      r9, 0x0
loc_FFF04BB0:
FFF04BB0* 7CEA3B78  mr      r10, r7
FFF04BB4* 480001A5  bl      sub_FFF04D58
FFF04BB8* 2C0C0000  cmpwi   cr0, r12, 0x0
FFF04BBC* 40820018  bne     loc_FFF04BD4
FFF04BC0* 54E7C23E  srwi    r7, r7, 8
FFF04BC4* 39290001  addi    r9, r9, 0x1
FFF04BC8* 7C094040  cmplw   r9, r8
FFF04BCC* 4180FFE4  blt     loc_FFF04BB0
FFF04BD0* 48000030  b       loc_FFF04C00
loc_FFF04BD4:
FFF04BD4  89641600  lbz     r11, 0x1600(r4)
FFF04BD8  716B0010  andi.   r11, r11, 0x10
FFF04BDC  99641600  stb     r11, 0x1600(r4)
FFF04BE0  7C0006AC  eieio
FFF04BE4  89640000  lbz     r11, 0x0(r4)
FFF04BE8  616B0030  ori     r11, r11, 0x30
FFF04BEC  99640000  stb     r11, 0x0(r4)
FFF04BF0  7C0006AC  eieio
FFF04BF4  39800001  li      r12, 0x1
FFF04BF8  7C6803A6  mtspr   LR, r3
FFF04BFC  4E800020  blr
loc_FFF04C00:
FFF04C00* 89641600  lbz     r11, 0x1600(r4)
FFF04C04* 716B00EF  andi.   r11, r11, 0xEF
FFF04C08* 99641600  stb     r11, 0x1600(r4)
FFF04C0C* 7C0006AC  eieio
FFF04C10* 89640000  lbz     r11, 0x0(r4)
FFF04C14* 616B0030  ori     r11, r11, 0x30
FFF04C18* 99640000  stb     r11, 0x0(r4)
FFF04C1C* 7C0006AC  eieio
FFF04C20* 480001C9  bl      sub_FFF04DE8
FFF04C24* 89640000  lbz     r11, 0x0(r4)
FFF04C28* 716B0020  andi.   r11, r11, 0x20
FFF04C2C* 99640000  stb     r11, 0x0(r4)
FFF04C30* 7C0006AC  eieio
FFF04C34* 4800018D  bl      sub_FFF04DC0
FFF04C38* 714A00FF  andi.   r10, r10, 0xFF
FFF04C3C* 7D455378  mr      r5, r10
FFF04C40* 48000181  bl      sub_FFF04DC0
FFF04C44* 714A00FF  andi.   r10, r10, 0xFF
FFF04C48* 7D465378  mr      r6, r10
FFF04C4C* 48000175  bl      sub_FFF04DC0
FFF04C50* 89640000  lbz     r11, 0x0(r4)
FFF04C54* 616B0030  ori     r11, r11, 0x30
FFF04C58* 99640000  stb     r11, 0x0(r4)
FFF04C5C* 7C0006AC  eieio
loc_FFF04C60:
FFF04C60* 89641A00  lbz     r11, 0x1A00(r4)
FFF04C64* 716B0004  andi.   r11, r11, 0x4
FFF04C68* 4182FFF8  beq     loc_FFF04C60
FFF04C6C* 89641400  lbz     r11, 0x1400(r4)
FFF04C70* 7C0006AC  eieio
FFF04C74* 39800001  li      r12, 0x1
FFF04C78* 2C050002  cmpwi   cr0, r5, 0x2
FFF04C7C* 41820008  beq     loc_FFF04C84
FFF04C80* 39800000  li      r12, 0x0
loc_FFF04C84:
FFF04C84* 7C6803A6  mtspr   LR, r3
FFF04C88* 4E800020  blr
loc_FFF04C8C:
FFF04C8C  89641600  lbz     r11, 0x1600(r4)
FFF04C90  716B0010  andi.   r11, r11, 0x10
FFF04C94  99641600  stb     r11, 0x1600(r4)
FFF04C98  7C0006AC  eieio
FFF04C9C  89640000  lbz     r11, 0x0(r4)
FFF04CA0  616B0030  ori     r11, r11, 0x30
FFF04CA4  99640000  stb     r11, 0x0(r4)
FFF04CA8  7C0006AC  eieio
loc_FFF04CAC:
FFF04CAC  89641A00  lbz     r11, 0x1A00(r4)
FFF04CB0  716B0004  andi.   r11, r11, 0x4
FFF04CB4  4182FFF8  beq     loc_FFF04CAC
FFF04CB8  89641400  lbz     r11, 0x1400(r4)
FFF04CBC  7C0006AC  eieio
FFF04CC0  48000024  b       loc_FFF04CE4
loc_FFF04CC4:
FFF04CC4  39600064  li      r11, 0x64
FFF04CC8  7D6903A6  mtspr   CTR, r11
loc_FFF04CCC:
FFF04CCC  89840000  lbz     r12, 0x0(r4)
FFF04CD0  4200FFFC  bdnz    loc_FFF04CCC
FFF04CD4  89641600  lbz     r11, 0x1600(r4)
FFF04CD8  716B0010  andi.   r11, r11, 0x10
FFF04CDC  99641600  stb     r11, 0x1600(r4)
FFF04CE0  7C0006AC  eieio
loc_FFF04CE4:
FFF04CE4  89641400  lbz     r11, 0x1400(r4)
FFF04CE8  7C0006AC  eieio
FFF04CEC  89640000  lbz     r11, 0x0(r4)
FFF04CF0  716B0020  andi.   r11, r11, 0x20
FFF04CF4  99640000  stb     r11, 0x0(r4)
FFF04CF8  7C0006AC  eieio
loc_FFF04CFC:
FFF04CFC  89641A00  lbz     r11, 0x1A00(r4)
FFF04D00  716B0004  andi.   r11, r11, 0x4
FFF04D04  4182FFF8  beq     loc_FFF04CFC
FFF04D08  89641400  lbz     r11, 0x1400(r4)
FFF04D0C  7C0006AC  eieio
FFF04D10  89640000  lbz     r11, 0x0(r4)
FFF04D14  716B0008  andi.   r11, r11, 0x8
FFF04D18  40820018  bne     loc_FFF04D30
FFF04D1C  89640000  lbz     r11, 0x0(r4)
FFF04D20  696B0010  xori    r11, r11, 0x10
FFF04D24  99640000  stb     r11, 0x0(r4)
FFF04D28  7C0006AC  eieio
FFF04D2C  4BFFFFD0  b       loc_FFF04CFC
loc_FFF04D30:
FFF04D30  89640000  lbz     r11, 0x0(r4)
FFF04D34  616B0030  ori     r11, r11, 0x30
FFF04D38  99640000  stb     r11, 0x0(r4)
FFF04D3C  7C0006AC  eieio
loc_FFF04D40:
FFF04D40  89641A00  lbz     r11, 0x1A00(r4)
FFF04D44  716B0004  andi.   r11, r11, 0x4
FFF04D48  4182FFF8  beq     loc_FFF04D40
FFF04D4C  89641400  lbz     r11, 0x1400(r4)
FFF04D50  7C0006AC  eieio
FFF04D54  4BFFFD3C  b       sub_FFF04A90

sub_FFF04D58:
FFF04D58* 89641600  lbz     r11, 0x1600(r4)
FFF04D5C* 616B0010  ori     r11, r11, 0x10
FFF04D60* 99641600  stb     r11, 0x1600(r4)
FFF04D64* 7C0006AC  eieio
FFF04D68* 99441400  stb     r10, 0x1400(r4)
FFF04D6C* 7C0006AC  eieio
FFF04D70* 89640000  lbz     r11, 0x0(r4)
FFF04D74* 696B0010  xori    r11, r11, 0x10
FFF04D78* 99640000  stb     r11, 0x0(r4)
FFF04D7C* 7C0006AC  eieio
FFF04D80* 39603A98  li      r11, 0x3A98
FFF04D84* 7D6903A6  mtspr   CTR, r11
loc_FFF04D88:
FFF04D88* 89641A00  lbz     r11, 0x1A00(r4)
FFF04D8C* 716B0004  andi.   r11, r11, 0x4
FFF04D90* 40820010  bne     loc_FFF04DA0
FFF04D94* 4200FFF4  bdnz    loc_FFF04D88
FFF04D98  39800001  li      r12, 0x1
FFF04D9C  4E800020  blr
loc_FFF04DA0:
FFF04DA0* 3960000A  li      r11, 0xA
FFF04DA4* 7D6903A6  mtspr   CTR, r11
loc_FFF04DA8:
FFF04DA8* 89640000  lbz     r11, 0x0(r4)
FFF04DAC* 4200FFFC  bdnz    loc_FFF04DA8
FFF04DB0* 89641400  lbz     r11, 0x1400(r4)
FFF04DB4* 7C0006AC  eieio
FFF04DB8* 39800000  li      r12, 0x0
FFF04DBC* 4E800020  blr

sub_FFF04DC0:
FFF04DC0* 89641A00  lbz     r11, 0x1A00(r4)
FFF04DC4* 716B0004  andi.   r11, r11, 0x4
FFF04DC8* 4182FFF8  beq     sub_FFF04DC0
FFF04DCC* 89441400  lbz     r10, 0x1400(r4)
FFF04DD0* 7C0006AC  eieio
FFF04DD4* 89640000  lbz     r11, 0x0(r4)
FFF04DD8* 696B0010  xori    r11, r11, 0x10
FFF04DDC* 99640000  stb     r11, 0x0(r4)
FFF04DE0* 7C0006AC  eieio
FFF04DE4* 4E800020  blr

sub_FFF04DE8:
FFF04DE8* 89641A00  lbz     r11, 0x1A00(r4)
FFF04DEC* 716B0004  andi.   r11, r11, 0x4
FFF04DF0* 4182FFF8  beq     sub_FFF04DE8
FFF04DF4* 89641400  lbz     r11, 0x1400(r4)
FFF04DF8* 7C0006AC  eieio
FFF04DFC* 4E800020  blr
; Run the HWInit code: LR = ConfigInfo + HWInitCodeOffset + 3C (= FFF2003C),
; r3 = ConfigInfo, r4/r5/r6 = info areas (r22+1100/1000/1140). A non-zero
; result plays the error beep (FFF03ED0).

sub_FFF04E00:
FFF04E00* 7DA802A6  mfspr   r13, LR
FFF04E04* 807D0044  lwz     r3, 0x44(r29)
FFF04E08* 3863003C  addi    r3, r3, 0x3C
FFF04E0C* 7C63EA14  add     r3, r3, r29
FFF04E10* 7C6803A6  mtspr   LR, r3
FFF04E14* 7FA3EB78  mr      r3, r29
FFF04E18* 38B61000  addi    r5, r22, 0x1000
FFF04E1C* 38961100  addi    r4, r22, 0x1100
FFF04E20* 38D61140  addi    r6, r22, 0x1140
FFF04E24* 4E800021  blrl                                       ; call HWInit at FFF2003C
FFF04E28* 2C030000  cmpwi   cr0, r3, 0x0
FFF04E2C* 4082F0A5  bnel    sub_FFF03ED0
FFF04E30* 7DA803A6  mtspr   LR, r13
FFF04E34* 4E800020  blr
; Run Open Firmware: LR = ConfigInfo + OpenFWBundleOffset + 3C (= FFF3003C, the
; XCOFF text), r3 = r22+1000, r4 = r22+1100, r5 = PA_OpenFirmware (00400000).
; When Open Firmware returns (after its boot of the Mac OS), r5 is stored at
; physical 00400000 and passed on to the NanoKernel in r7.

sub_FFF04E38:
FFF04E38* 7DA802A6  mfspr   r13, LR
FFF04E3C* 807D0364  lwz     r3, 0x364(r29)
FFF04E40* 3863003C  addi    r3, r3, 0x3C
FFF04E44* 7C63EA14  add     r3, r3, r29
FFF04E48* 7C6803A6  mtspr   LR, r3
FFF04E4C* 38761000  addi    r3, r22, 0x1000
FFF04E50* 38961100  addi    r4, r22, 0x1100
FFF04E54* 80BD0370  lwz     r5, 0x370(r29)
FFF04E58* 4E800021  blrl                                       ; call Open Firmware at FFF3003C
FFF04E5C* 7CBC2B78  mr      r28, r5
FFF04E60* 80BD0370  lwz     r5, 0x370(r29)
FFF04E64* 93850000  stw     r28, 0x0(r5)
FFF04E68* 7DA803A6  mtspr   LR, r13
FFF04E6C* 4E800020  blr
; Enter the NanoKernel: LR = ConfigInfo + KernelCodeOffset (FFF10000), r3 =
; ConfigInfo, r4 = r22+1100, r5 = r22+1000, r6 = r22+1140, r7 = Open Firmware
; result.
loc_FFF04E70:
FFF04E70* 811D004C  lwz     r8, 0x4C(r29)
FFF04E74* 7D08EA14  add     r8, r8, r29
FFF04E78* 7D0803A6  mtspr   LR, r8
FFF04E7C* 7F87E378  mr      r7, r28
FFF04E80* 7FA3EB78  mr      r3, r29
FFF04E84* 38D61140  addi    r6, r22, 0x1140
FFF04E88* 38B61000  addi    r5, r22, 0x1000
FFF04E8C* 38961100  addi    r4, r22, 0x1100
FFF04E90* 4E800020  blr                                        ; jump to the NanoKernel at FFF10000
loc_FFF04E94:
FFF04E94  4BFFF03D  bl      sub_FFF03ED0
loc_FFF04E98:
FFF04E98  48000000  b       loc_FFF04E98
FFF04E9Cd ........  .space  0x7164                      ; zero to FFF0C000
