; ============================================================================
; ROM resource 'PACK' 15 Main at FFCF4870
; ============================================================================
; data at ROM 0F4870 (31AC bytes), entry at 0F7A10, attributes 58, combo 7800000000000000
; data header: 4b757274 c0a00000 000031ac 000002bc
; 68k code resource, disassembled from its start (entry points: offset 0, driver
; header entries for DRVR, and executed addresses).
;
; Columns: address, flag, raw bytes, instruction, ; comment.
;   flag '*' executed in the coverage run, ' ' reached by control flow,
;   '?' decodes as code but neither executed nor reached, 'd' data.

FFCF4870  A9FF                 _Debugger                                 ; A-line trap A9FF
FFCF4872  5041                 addq.w  #8, D1
FFCF4874d 434B000F00010000     dc.b    $43,$4B,$00,$0F,$00,$01,$00,$00,$00,$06,$08,$76,$09,$06,$09,$A6 ; |CK.........v....|
FFCF4884d 0E6620A60B960B36     dc.b    $0E,$66,$20,$A6,$0B,$96,$0B,$36,$00,$00,$00,$00,$20,$6F,$00,$04 ; |.f ....6.... o..|
FFCF4894d 226F0008             dc.b    $22,$6F,$00,$08                   ; |"o..|
FFCF4898? 2251                 movea.l (A1), A1
FFCF489A? 242F000C             move.l  ($c,A7), D2
FFCF489E? 48C2                 ext.l   D2
FFCF48A0? D489                 add.l   A1, D2
FFCF48A2? 600A                 bra     $ffcf48ae
FFCF48A4? 4881                 ext.w   D1
FFCF48A6? 12D8                 move.b  (A0)+, (A1)+
FFCF48A8? 12D8                 move.b  (A0)+, (A1)+
FFCF48AA? 51C9FFFA             dbra    D1, $ffcf48a6
FFCF48AE? B3C2                 cmpa.l  D2, A1
FFCF48B0? 6418                 bcc     $ffcf48ca
FFCF48B2? 1218                 move.b  (A0)+, D1
FFCF48B4? 6AEE                 bpl     $ffcf48a4
FFCF48B6? 4401                 neg.b   D1
FFCF48B8? 69F4                 bvs     $ffcf48ae
FFCF48BA? 4881                 ext.w   D1
FFCF48BC? 1018                 move.b  (A0)+, D0
FFCF48BE? E148                 lsl.w   #8, D0
FFCF48C0? 8018                 or.b    (A0)+, D0
FFCF48C2? 32C0                 move.w  D0, (A1)+
FFCF48C4? 51C9FFFC             dbra    D1, $ffcf48c2
FFCF48C8? 60E4                 bra     $ffcf48ae
FFCF48CA? 206F0008             movea.l ($8,A7), A0
FFCF48CE? 2089                 move.l  A1, (A0)
FFCF48D0? 4E75                 rts
FFCF48D2d 0000000000000000     dc.b    $00,$00,$00,$00,$00,$00,$00,$00,$00,$00,$00,$00,$00,$00,$20,$6F ; |.............. o|
FFCF48E2d 0004226F0008         dc.b    $00,$04,$22,$6F,$00,$08           ; |.."o..|
FFCF48E8? 202F000C             move.l  ($c,A7), D0
FFCF48EC? 4219                 clr.b   (A1)+
FFCF48EE? 12D8                 move.b  (A0)+, (A1)+
FFCF48F0? 12D8                 move.b  (A0)+, (A1)+
FFCF48F2? 12D8                 move.b  (A0)+, (A1)+
FFCF48F4? 5380                 subq.l  #1, D0
FFCF48F6? 62F4                 bhi     $ffcf48ec
FFCF48F8? 4E75                 rts
FFCF48FA? 00000000             ori.b   #$0, D0
FFCF48FE? 00002F0A             ori.b   #$a, D0
FFCF4902? 206F0008             movea.l ($8,A7), A0
FFCF4906? 226F000C             movea.l ($c,A7), A1
FFCF490A? 222F0010             move.l  ($10,A7), D1
FFCF490E? 672C                 beq     $ffcf493c
FFCF4910? 5341                 subq.w  #1, D1
FFCF4912? 7403                 moveq   #$3, D2
FFCF4914? 4A6F0014             tst.w   ($14,A7)
FFCF4918? 6610                 bne     $ffcf492a
FFCF491A? 2001                 move.l  D1, D0
FFCF491C? 2449                 movea.l A1, A2
FFCF491E? 4212                 clr.b   (A2)
FFCF4920? 588A                 addq.l  #4, A2
FFCF4922? 51C8FFFA             dbra    D0, $ffcf491e
FFCF4926? 5289                 addq.l  #1, A1
FFCF4928? 7402                 moveq   #$2, D2
FFCF492A? 3001                 move.w  D1, D0
FFCF492C? 2449                 movea.l A1, A2
FFCF492E? 1498                 move.b  (A0)+, (A2)
FFCF4930? 588A                 addq.l  #4, A2
FFCF4932? 51C8FFFA             dbra    D0, $ffcf492e
FFCF4936? 5289                 addq.l  #1, A1
FFCF4938? 51CAFFF0             dbra    D2, $ffcf492a
FFCF493C? 245F                 movea.l (A7)+, A2
FFCF493E? 4E75                 rts
FFCF4940? 206F0004             movea.l ($4,A7), A0
FFCF4944? 222F0008             move.l  ($8,A7), D1
FFCF4948? 6708                 beq     $ffcf4952
FFCF494A? 4200                 clr.b   D0
FFCF494C? 10C0                 move.b  D0, (A0)+
FFCF494E? 5381                 subq.l  #1, D1
FFCF4950? 66FA                 bne     $ffcf494c
FFCF4952? 4E75                 rts
FFCF4954? 00000000             ori.b   #$0, D0
FFCF4958? 00000000             ori.b   #$0, D0
FFCF495C? 00000000             ori.b   #$0, D0
FFCF4960? 206F0004             movea.l ($4,A7), A0
FFCF4964? 2008                 move.l  A0, D0
FFCF4966? 6720                 beq     $ffcf4988
FFCF4968? 2250                 movea.l (A0), A1
FFCF496A? 2009                 move.l  A1, D0
FFCF496C? 671A                 beq     $ffcf4988
FFCF496E? 4A51                 tst.w   (A1)
FFCF4970? 6616                 bne     $ffcf4988
FFCF4972? B1E90068             cmpa.l  ($68,A1), A0
FFCF4976? 6610                 bne     $ffcf4988
FFCF4978? A069                 _HGetState                                ; A-line trap A069
FFCF497A? 226F0008             movea.l ($8,A7), A1
FFCF497E? 1280                 move.b  D0, (A1)
FFCF4980? A064                 _MoveHHi                                  ; A-line trap A064
FFCF4982? A029                 _HLock                                    ; A-line trap A029
FFCF4984? 2010                 move.l  (A0), D0
FFCF4986? 4E75                 rts
FFCF4988d 70004E75             dc.b    $70,$00,$4E,$75                   ; |p.Nu|
FFCF498C? 00000000             ori.b   #$0, D0
FFCF4990? 226F0004             movea.l ($4,A7), A1
FFCF4994? 242F0008             move.l  ($8,A7), D2
FFCF4998? 202F000C             move.l  ($c,A7), D0
FFCF499C? 6030                 bra     $ffcf49ce
FFCF499Ed 7004600670026002     dc.b    $70,$04,$60,$06,$70,$02,$60,$02   ; |p.`.p.`.|
FFCF49A6? 7001                 moveq   #$1, D0
FFCF49A8? 240F                 move.l  A7, D2
FFCF49AA? 9480                 sub.l   D0, D2
FFCF49AC? 226F0004             movea.l ($4,A7), A1
FFCF49B0? 42A7                 clr.l   -(A7)
FFCF49B2? 611A                 bsr     $ffcf49ce
FFCF49B4? 201F                 move.l  (A7)+, D0
FFCF49B6? 4E75                 rts
FFCF49B8d 202F0008600A7004     dc.b    $20,$2F,$00,$08,$60,$0A,$70,$04,$60,$06,$70,$02,$60,$02 ; | /..`.p.`.p.`.|
FFCF49C6? 7001                 moveq   #$1, D0
FFCF49C8? 226F0004             movea.l ($4,A7), A1
FFCF49CC? 7400                 moveq   #$0, D2
FFCF49CE? 4A80                 tst.l   D0
FFCF49D0? 672A                 beq     $ffcf49fc
FFCF49D2? 22290096             move.l  ($96,A1), D1
FFCF49D6? 6750                 beq     $ffcf4a28
FFCF49D8? 2041                 movea.l D1, A0
FFCF49DA? D280                 add.l   D0, D1
FFCF49DC? B2A9009A             cmp.l   ($9a,A1), D1
FFCF49E0? 621C                 bhi     $ffcf49fe
FFCF49E2? D1A90096             add.l   D0, ($96,A1)
FFCF49E6? D1A900A2             add.l   D0, ($a2,A1)
FFCF49EA? 4A82                 tst.l   D2
FFCF49EC? 670E                 beq     $ffcf49fc
FFCF49EE? 2F09                 move.l  A1, -(A7)
FFCF49F0? 2242                 movea.l D2, A1
FFCF49F2? 12D8                 move.b  (A0)+, (A1)+
FFCF49F4? 5380                 subq.l  #1, D0
FFCF49F6? 66FA                 bne     $ffcf49f2
FFCF49F8? 2409                 move.l  A1, D2
FFCF49FA? 225F                 movea.l (A7)+, A1
FFCF49FC? 4E75                 rts
FFCF49FE? 92A9009A             sub.l   ($9a,A1), D1
FFCF4A02? 9081                 sub.l   D1, D0
FFCF4A04? 6702                 beq     $ffcf4a08
FFCF4A06? 61DA                 bsr     $ffcf49e2
FFCF4A08? 2001                 move.l  D1, D0
FFCF4A0A? 48E7A040             movem.l D0/D2/A1, -(A7)
FFCF4A0E? 20290072             move.l  ($72,A1), D0
FFCF4A12? 23400096             move.l  D0, ($96,A1)
FFCF4A16? 2F00                 move.l  D0, -(A7)
FFCF4A18? 3F290078             move.w  ($78,A1), -(A7)
FFCF4A1C? 206900AC             movea.l ($ac,A1), A0
FFCF4A20? 4E90                 jsr     (A0)
FFCF4A22? 4CDF0205             movem.l (A7)+, D0/D2/A1
FFCF4A26? 60A6                 bra     $ffcf49ce
FFCF4A28? 2069009E             movea.l ($9e,A1), A0
FFCF4A2C? 2050                 movea.l (A0), A0
FFCF4A2E? 222900A2             move.l  ($a2,A1), D1
FFCF4A32? D1C1                 adda.l  D1, A0
FFCF4A34? D280                 add.l   D0, D1
FFCF4A36? B2A900A6             cmp.l   ($a6,A1), D1
FFCF4A3A? 63AA                 bls     $ffcf49e6
FFCF4A3C? 337CD50300AA         move.w  #$d503, ($aa,A1)
FFCF4A42? 7000                 moveq   #$0, D0
FFCF4A44? 4E75                 rts
FFCF4A46? 00000000             ori.b   #$0, D0
FFCF4A4A? 00000000             ori.b   #$0, D0
FFCF4A4E? 000048E7             ori.b   #$e7, D0
FFCF4A52? 3F3C266F             move.w  #$266f, -(A7)
FFCF4A56? 002C202F0030         ori.b   #$2f, ($30,A4)
FFCF4A5C? 670000A6             beq     $ffcf4b04
FFCF4A60? 222F0034             move.l  ($34,A7), D1
FFCF4A64? 226F0038             movea.l ($38,A7), A1
FFCF4A68? 206F003C             movea.l ($3c,A7), A0
FFCF4A6C? 2E2F0040             move.l  ($40,A7), D7
FFCF4A70? 2A6B00CE             movea.l ($ce,A3), A5
FFCF4A74? 286B00B2             movea.l ($b2,A3), A4
FFCF4A78? 0C470008             cmpi.w  #$8, D7
FFCF4A7C? 6758                 beq     $ffcf4ad6
FFCF4A7E? 0C470004             cmpi.w  #$4, D7
FFCF4A82? 677C                 beq     $ffcf4b00
FFCF4A84? 0C470010             cmpi.w  #$10, D7
FFCF4A88? 67000142             beq     $ffcf4bcc
FFCF4A8C? 0C470020             cmpi.w  #$20, D7
FFCF4A90? 670001EA             beq     $ffcf4c7c
FFCF4A94? 0C470002             cmpi.w  #$2, D7
FFCF4A98? 6700012A             beq     $ffcf4bc4
FFCF4A9C? 2448                 movea.l A0, A2
FFCF4A9E? 3600                 move.w  D0, D3
FFCF4AA0? 181A                 move.b  (A2)+, D4
FFCF4AA2? 7408                 moveq   #$8, D2
FFCF4AA4? B642                 cmp.w   D2, D3
FFCF4AA6? 6C02                 bge     $ffcf4aaa
FFCF4AA8? 3403                 move.w  D3, D2
FFCF4AAA? 9642                 sub.w   D2, D3
FFCF4AAC? D804                 add.b   D4, D4
FFCF4AAE? 4245                 clr.w   D5
FFCF4AB0? E355                 roxl.w  #1, D5
FFCF4AB2? 6156                 bsr     $ffcf4b0a
FFCF4AB4? 51CAFFF6             dbra    D2, $ffcf4aac
FFCF4AB8? 4A43                 tst.w   D3
FFCF4ABA? 66E4                 bne     $ffcf4aa0
FFCF4ABC? D1C9                 adda.l  A1, A0
FFCF4ABE? 51C9FFDC             dbra    D1, $ffcf4a9c
FFCF4AC2? 6040                 bra     $ffcf4b04
FFCF4AC4? 2448                 movea.l A0, A2
FFCF4AC6? 3600                 move.w  D0, D3
FFCF4AC8? 6006                 bra     $ffcf4ad0
FFCF4ACA? 4245                 clr.w   D5
FFCF4ACC? 1A1A                 move.b  (A2)+, D5
FFCF4ACE? 613A                 bsr     $ffcf4b0a
FFCF4AD0? 51CBFFF8             dbra    D3, $ffcf4aca
FFCF4AD4? D1C9                 adda.l  A1, A0
FFCF4AD6? 51C9FFEC             dbra    D1, $ffcf4ac4
FFCF4ADA? 6028                 bra     $ffcf4b04
FFCF4ADC? 2448                 movea.l A0, A2
FFCF4ADE? 3600                 move.w  D0, D3
FFCF4AE0? 6018                 bra     $ffcf4afa
FFCF4AE2? 4245                 clr.w   D5
FFCF4AE4? 181A                 move.b  (A2)+, D4
FFCF4AE6? 1A04                 move.b  D4, D5
FFCF4AE8? E84D                 lsr.w   #4, D5
FFCF4AEA? 611E                 bsr     $ffcf4b0a
FFCF4AEC? 51CB0004             dbra    D3, $ffcf4af2
FFCF4AF0? 600C                 bra     $ffcf4afe
FFCF4AF2? 1A04                 move.b  D4, D5
FFCF4AF4? 0245000F             andi.w  #$f, D5
FFCF4AF8? 6110                 bsr     $ffcf4b0a
FFCF4AFA? 51CBFFE6             dbra    D3, $ffcf4ae2
FFCF4AFE? D1C9                 adda.l  A1, A0
FFCF4B00? 51C9FFDA             dbra    D1, $ffcf4adc
FFCF4B04? 4CDF3CFC             movem.l (A7)+, D2-D7/A2-A5
FFCF4B08? 4E75                 rts
FFCF4B0A? E54D                 lsl.w   #2, D5
FFCF4B0C? 2C355000             move.l  (A5,D5.w), D6
FFCF4B10? 6B1C                 bmi     $ffcf4b2e
FFCF4B12? 4A746800             tst.w   (A4,D6.l)
FFCF4B16? 6708                 beq     $ffcf4b20
FFCF4B18? 52746800             addq.w  #1, (A4,D6.l)
FFCF4B1C? 6B08                 bmi     $ffcf4b26
FFCF4B1E? 4E75                 rts
FFCF4B20d 52AB000260F239BC     dc.b    $52,$AB,$00,$02,$60,$F2,$39,$BC,$7F,$FF,$68,$00,$4E,$75 ; |R...`.9...h.Nu|
FFCF4B2E? 48E7E0C0             movem.l D0-D2/A0-A1, -(A7)
FFCF4B32? 5286                 addq.l  #1, D6
FFCF4B34? 671E                 beq     $ffcf4b54
FFCF4B36? 5286                 addq.l  #1, D6
FFCF4B38? 6714                 beq     $ffcf4b4e
FFCF4B3A? 61000104             bsr     $ffcf4c40
FFCF4B3E? 206B00C0             movea.l ($c0,A3), A0
FFCF4B42? 3C05                 move.w  D5, D6
FFCF4B44? DC46                 add.w   D6, D6
FFCF4B46? 41F06002             lea     ($2,A0,D6.w), A0
FFCF4B4A? 22D8                 move.l  (A0)+, (A1)+
FFCF4B4C? 3290                 move.w  (A0), (A1)
FFCF4B4E? 4CDF0307             movem.l (A7)+, D0-D2/A0-A1
FFCF4B52? 4E75                 rts
FFCF4B54? 0CAB000001000002     cmpi.l  #$100, ($2,A3)
FFCF4B5C? 6C28                 bge     $ffcf4b86
FFCF4B5E? 206B00C0             movea.l ($c0,A3), A0
FFCF4B62? 3C05                 move.w  D5, D6
FFCF4B64? DC46                 add.w   D6, D6
FFCF4B66? 41F06002             lea     ($2,A0,D6.w), A0
FFCF4B6A? 2C2B0002             move.l  ($2,A3), D6
FFCF4B6E? E74E                 lsl.w   #3, D6
FFCF4B70? 43F46000             lea     (A4,D6.w), A1
FFCF4B74? 32FC0001             move.w  #$1, (A1)+
FFCF4B78? 22D8                 move.l  (A0)+, (A1)+
FFCF4B7A? 3290                 move.w  (A0), (A1)
FFCF4B7C? 2B865000             move.l  D6, (A5,D5.w)
FFCF4B80? 52AB0002             addq.l  #1, ($2,A3)
FFCF4B84? 60C8                 bra     $ffcf4b4e
FFCF4B86? 2F0B                 move.l  A3, -(A7)
FFCF4B88? 4EBA2066             jsr     ($ffcf6bf0,PC)
FFCF4B8C? 4EBA2412             jsr     ($ffcf6fa0,PC)
FFCF4B90? 588F                 addq.l  #4, A7
FFCF4B92? 4CDF0307             movem.l (A7)+, D0-D2/A0-A1
FFCF4B96? 6000FF74             bra     $ffcf4b0c
FFCF4B9A? 2448                 movea.l A0, A2
FFCF4B9C? 3600                 move.w  D0, D3
FFCF4B9E? 181A                 move.b  (A2)+, D4
FFCF4BA0? 7404                 moveq   #$4, D2
FFCF4BA2? B642                 cmp.w   D2, D3
FFCF4BA4? 6C02                 bge     $ffcf4ba8
FFCF4BA6? 3403                 move.w  D3, D2
FFCF4BA8? 9642                 sub.w   D2, D3
FFCF4BAA? 600E                 bra     $ffcf4bba
FFCF4BAC? 4245                 clr.w   D5
FFCF4BAE? D804                 add.b   D4, D4
FFCF4BB0? DB45                 addx.w  D5, D5
FFCF4BB2? D804                 add.b   D4, D4
FFCF4BB4? DB45                 addx.w  D5, D5
FFCF4BB6? 6100FF52             bsr     $ffcf4b0a
FFCF4BBA? 51CAFFF0             dbra    D2, $ffcf4bac
FFCF4BBE? 4A43                 tst.w   D3
FFCF4BC0? 66DC                 bne     $ffcf4b9e
FFCF4BC2? D1C9                 adda.l  A1, A0
FFCF4BC4? 51C9FFD4             dbra    D1, $ffcf4b9a
FFCF4BC8? 6000FF3A             bra     $ffcf4b04
FFCF4BCC? 3E2B006C             move.w  ($6c,A3), D7
FFCF4BD0? 02470010             andi.w  #$10, D7
FFCF4BD4? 602E                 bra     $ffcf4c04
FFCF4BD6d 244836006022         dc.b    $24,$48,$36,$00,$60,$22           ; |$H6.`"|
FFCF4BDC? 3A1A                 move.w  (A2)+, D5
FFCF4BDE? 4A47                 tst.w   D7
FFCF4BE0? 670C                 beq     $ffcf4bee
FFCF4BE2? 02457FFF             andi.w  #$7fff, D5
FFCF4BE6? 6716                 beq     $ffcf4bfe
FFCF4BE8? 0C457FFF             cmpi.w  #$7fff, D5
FFCF4BEC? 6710                 beq     $ffcf4bfe
FFCF4BEE? DA45                 add.w   D5, D5
FFCF4BF0? 4A6B00B0             tst.w   ($b0,A3)
FFCF4BF4? 6B16                 bmi     $ffcf4c0c
FFCF4BF6? 7C00                 moveq   #$0, D6
FFCF4BF8? 3C05                 move.w  D5, D6
FFCF4BFA? 6100FF16             bsr     $ffcf4b12
FFCF4BFE? 51CBFFDC             dbra    D3, $ffcf4bdc
FFCF4C02? D1C9                 adda.l  A1, A0
FFCF4C04? 51C9FFD0             dbra    D1, $ffcf4bd6
FFCF4C08? 6000FEFA             bra     $ffcf4b04
FFCF4C0C? 48E7E0C0             movem.l D0-D2/A0-A1, -(A7)
FFCF4C10? 612E                 bsr     $ffcf4c40
FFCF4C12? 323C000A             move.w  #$a, D1
FFCF4C16? 3805                 move.w  D5, D4
FFCF4C18? 6112                 bsr     $ffcf4c2c
FFCF4C1A? 3805                 move.w  D5, D4
FFCF4C1C? EB4C                 lsl.w   #5, D4
FFCF4C1E? 610C                 bsr     $ffcf4c2c
FFCF4C20? 3805                 move.w  D5, D4
FFCF4C22? E36C                 lsl.w   D1, D4
FFCF4C24? 6106                 bsr     $ffcf4c2c
FFCF4C26? 4CDF0307             movem.l (A7)+, D0-D2/A0-A1
FFCF4C2A? 60D2                 bra     $ffcf4bfe
FFCF4C2C? 0244F800             andi.w  #$f800, D4
FFCF4C30? 3004                 move.w  D4, D0
FFCF4C32? EA48                 lsr.w   #5, D0
FFCF4C34? 8840                 or.w    D0, D4
FFCF4C36? 3004                 move.w  D4, D0
FFCF4C38? E268                 lsr.w   D1, D0
FFCF4C3A? 8840                 or.w    D0, D4
FFCF4C3C? 32C4                 move.w  D4, (A1)+
FFCF4C3E? 4E75                 rts
FFCF4C40? 7C00                 moveq   #$0, D6
FFCF4C42? 3C2B00BE             move.w  ($be,A3), D6
FFCF4C46? 0C461518             cmpi.w  #$1518, D6
FFCF4C4A? 6C12                 bge     $ffcf4c5e
FFCF4C4C? DC46                 add.w   D6, D6
FFCF4C4E? 3006                 move.w  D6, D0
FFCF4C50? DC46                 add.w   D6, D6
FFCF4C52? DC40                 add.w   D0, D6
FFCF4C54? 43F46000             lea     (A4,D6.w), A1
FFCF4C58? 526B00BE             addq.w  #1, ($be,A3)
FFCF4C5C? 4E75                 rts
FFCF4C5E? 558F                 subq.l  #2, A7
FFCF4C60? 2F2B00E0             move.l  ($e0,A3), -(A7)
FFCF4C64? 2F0C                 move.l  A4, -(A7)
FFCF4C66? 2F06                 move.l  D6, -(A7)
FFCF4C68? 486B0002             pea     ($2,A3)
FFCF4C6C? 3F2B006E             move.w  ($6e,A3), -(A7)
FFCF4C70? 4EBA0174             jsr     ($ffcf4de6,PC)
FFCF4C74? 548F                 addq.l  #2, A7
FFCF4C76? 426B00BE             clr.w   ($be,A3)
FFCF4C7A? 60C4                 bra     $ffcf4c40
FFCF4C7C? 3E2B006C             move.w  ($6c,A3), D7
FFCF4C80? 02470010             andi.w  #$10, D7
FFCF4C84? 6068                 bra     $ffcf4cee
FFCF4C86? 4A47                 tst.w   D7
FFCF4C88? 6710                 beq     $ffcf4c9a
FFCF4C8A? 028400FFFFFF         andi.l  #$ffffff, D4
FFCF4C90? 6756                 beq     $ffcf4ce8
FFCF4C92? 0C8400FFFFFF         cmpi.l  #$ffffff, D4
FFCF4C98? 674E                 beq     $ffcf4ce8
FFCF4C9A? 48E7E0C0             movem.l D0-D2/A0-A1, -(A7)
FFCF4C9E? 61A0                 bsr     $ffcf4c40
FFCF4CA0? 13440004             move.b  D4, ($4,A1)
FFCF4CA4? 13440005             move.b  D4, ($5,A1)
FFCF4CA8? 4844                 swap    D4
FFCF4CAA? 12C4                 move.b  D4, (A1)+
FFCF4CAC? 12C4                 move.b  D4, (A1)+
FFCF4CAE? 4844                 swap    D4
FFCF4CB0? E04C                 lsr.w   #8, D4
FFCF4CB2? 12C4                 move.b  D4, (A1)+
FFCF4CB4? 1284                 move.b  D4, (A1)
FFCF4CB6? 4CDF0307             movem.l (A7)+, D0-D2/A0-A1
FFCF4CBA? 602C                 bra     $ffcf4ce8
FFCF4CBCd 244836006026         dc.b    $24,$48,$36,$00,$60,$26           ; |$H6.`&|
FFCF4CC2? 281A                 move.l  (A2)+, D4
FFCF4CC4? 4A6B00B0             tst.w   ($b0,A3)
FFCF4CC8? 6BBC                 bmi     $ffcf4c86
FFCF4CCA? E68C                 lsr.l   #3, D4
FFCF4CCC? E70C                 lsl.b   #3, D4
FFCF4CCE? E74C                 lsl.w   #3, D4
FFCF4CD0? EC8C                 lsr.l   #6, D4
FFCF4CD2? D844                 add.w   D4, D4
FFCF4CD4? 7C00                 moveq   #$0, D6
FFCF4CD6? 3C04                 move.w  D4, D6
FFCF4CD8? 6706                 beq     $ffcf4ce0
FFCF4CDA? 0C46FFFE             cmpi.w  #-$2, D6
FFCF4CDE? 6604                 bne     $ffcf4ce4
FFCF4CE0? 4A47                 tst.w   D7
FFCF4CE2? 6604                 bne     $ffcf4ce8
FFCF4CE4? 6100FE2C             bsr     $ffcf4b12
FFCF4CE8? 51CBFFD8             dbra    D3, $ffcf4cc2
FFCF4CEC? D1C9                 adda.l  A1, A0
FFCF4CEE? 51C9FFCC             dbra    D1, $ffcf4cbc
FFCF4CF2? 6000FE10             bra     $ffcf4b04
FFCF4CF6? 00000000             ori.b   #$0, D0
FFCF4CFA? 00000000             ori.b   #$0, D0
FFCF4CFE? 000048E7             ori.b   #$e7, D0
FFCF4D02? 1020                 move.b  -(A0), D0
FFCF4D04? 206F000C             movea.l ($c,A7), A0
FFCF4D08? 226F0010             movea.l ($10,A7), A1
FFCF4D0C? 2411                 move.l  (A1), D2
FFCF4D0E? 36290004             move.w  ($4,A1), D3
FFCF4D12? 3028006C             move.w  ($6c,A0), D0
FFCF4D16? 02400010             andi.w  #$10, D0
FFCF4D1A? 6716                 beq     $ffcf4d32
FFCF4D1C? 4A82                 tst.l   D2
FFCF4D1E? 6606                 bne     $ffcf4d26
FFCF4D20? 4A43                 tst.w   D3
FFCF4D22? 670000A8             beq     $ffcf4dcc
FFCF4D26? 70FF                 moveq   #-$1, D0
FFCF4D28? B480                 cmp.l   D0, D2
FFCF4D2A? 6606                 bne     $ffcf4d32
FFCF4D2C? B640                 cmp.w   D0, D3
FFCF4D2E? 6700009C             beq     $ffcf4dcc
FFCF4D32? 246800B2             movea.l ($b2,A0), A2
FFCF4D36? 4A6800B0             tst.w   ($b0,A0)
FFCF4D3A? 6720                 beq     $ffcf4d5c
FFCF4D3C? 6A64                 bpl     $ffcf4da2
FFCF4D3E? 558F                 subq.l  #2, A7
FFCF4D40? 2F2800E0             move.l  ($e0,A0), -(A7)
FFCF4D44? 2F09                 move.l  A1, -(A7)
FFCF4D46? 2F3C00000001         move.l  #$1, -(A7)
FFCF4D4C? 48680002             pea     ($2,A0)
FFCF4D50? 3F28006E             move.w  ($6e,A0), -(A7)
FFCF4D54? 4EBA0090             jsr     ($ffcf4de6,PC)
FFCF4D58? 548F                 addq.l  #2, A7
FFCF4D5A? 6070                 bra     $ffcf4dcc
FFCF4D5Cd 22280002600E         dc.b    $22,$28,$00,$02,$60,$0E           ; |"(..`.|
FFCF4D62? B4AA0002             cmp.l   ($2,A2), D2
FFCF4D66? 6606                 bne     $ffcf4d6e
FFCF4D68? B66A0006             cmp.w   ($6,A2), D3
FFCF4D6C? 6756                 beq     $ffcf4dc4
FFCF4D6E? 508A                 addq.l  #8, A2
FFCF4D70? 51C9FFF0             dbra    D1, $ffcf4d62
FFCF4D74? 0CA8000001000002     cmpi.l  #$100, ($2,A0)
FFCF4D7C? 6C0E                 bge     $ffcf4d8c
FFCF4D7E? 34FC0001             move.w  #$1, (A2)+
FFCF4D82? 24C2                 move.l  D2, (A2)+
FFCF4D84? 3483                 move.w  D3, (A2)
FFCF4D86? 52A80002             addq.l  #1, ($2,A0)
FFCF4D8A? 6040                 bra     $ffcf4dcc
FFCF4D8C? 48E7E0C0             movem.l D0-D2/A0-A1, -(A7)
FFCF4D90? 2F08                 move.l  A0, -(A7)
FFCF4D92? 4EBA1E5C             jsr     ($ffcf6bf0,PC)
FFCF4D96? 4EBA2208             jsr     ($ffcf6fa0,PC)
FFCF4D9A? 588F                 addq.l  #4, A7
FFCF4D9C? 4CDF0307             movem.l (A7)+, D0-D2/A0-A1
FFCF4DA0? 6090                 bra     $ffcf4d32
FFCF4DA2? 700A                 moveq   #$a, D0
FFCF4DA4? E06B                 lsr.w   D0, D3
FFCF4DA6? 0243003E             andi.w  #$3e, D3
FFCF4DAA? D4C3                 adda.w  D3, A2
FFCF4DAC? EA4A                 lsr.w   #5, D2
FFCF4DAE? 024207C0             andi.w  #$7c0, D2
FFCF4DB2? D4C2                 adda.w  D2, A2
FFCF4DB4? 4842                 swap    D2
FFCF4DB6? 0242F800             andi.w  #$f800, D2
FFCF4DBA? D4C2                 adda.w  D2, A2
FFCF4DBC? 4A52                 tst.w   (A2)
FFCF4DBE? 6604                 bne     $ffcf4dc4
FFCF4DC0? 52A80002             addq.l  #1, ($2,A0)
FFCF4DC4? 5252                 addq.w  #1, (A2)
FFCF4DC6? 6A04                 bpl     $ffcf4dcc
FFCF4DC8? 34BC7FFF             move.w  #$7fff, (A2)
FFCF4DCC? 4CDF0408             movem.l (A7)+, D3/A2
FFCF4DD0? 4E75                 rts
FFCF4DD2d 0000000000000000     dc.b    $00,$00,$00,$00,$00,$00,$00,$00,$00,$00,$00,$00,$00,$00,$72,$10 ; |..............r.|
FFCF4DE2d 70006010             dc.b    $70,$00,$60,$10                   ; |p.`.|
FFCF4DE6? 7216                 moveq   #$16, D1
FFCF4DE8? 7001                 moveq   #$1, D0
FFCF4DEA? 600A                 bra     $ffcf4df6
FFCF4DEC? 7214                 moveq   #$14, D1
FFCF4DEE? 7002                 moveq   #$2, D0
FFCF4DF0? 6004                 bra     $ffcf4df6
FFCF4DF2? 720A                 moveq   #$a, D1
FFCF4DF4? 7003                 moveq   #$3, D0
FFCF4DF6? 225F                 movea.l (A7)+, A1
FFCF4DF8? 341F                 move.w  (A7)+, D2
FFCF4DFA? 2F09                 move.l  A1, -(A7)
FFCF4DFC? 0C420000             cmpi.w  #$0, D2
FFCF4E00? 6712                 beq     $ffcf4e14
FFCF4E02? 0C420001             cmpi.w  #$1, D2
FFCF4E06? 670C                 beq     $ffcf4e14
FFCF4E08? 0C420002             cmpi.w  #$2, D2
FFCF4E0C? 660C                 bne     $ffcf4e1a
FFCF4E0E? 41FA24D0             lea     ($ffcf72e0,PC), A0
FFCF4E12? 4ED0                 jmp     (A0)
FFCF4E14d 41FA22DA4ED0         dc.b    $41,$FA,$22,$DA,$4E,$D0           ; |A.".N.|
FFCF4E1A? 9EFC000A             suba.w  #$a, A7
FFCF4E1E? 41EF000A             lea     ($a,A7), A0
FFCF4E22? 224F                 movea.l A7, A1
FFCF4E24? 2F00                 move.l  D0, -(A7)
FFCF4E26? 2001                 move.l  D1, D0
FFCF4E28? A02E                 _BlockMove                                ; A-line trap A02E
FFCF4E2A? 201F                 move.l  (A7)+, D0
FFCF4E2C? 43F71000             lea     (A7,D1.w), A1
FFCF4E30? 23570006             move.l  (A7), ($6,A1)
FFCF4E34? 41FA0038             lea     ($ffcf4e6e,PC), A0
FFCF4E38? 2E88                 move.l  A0, (A7)
FFCF4E3A? 42A7                 clr.l   -(A7)
FFCF4E3C? 2F3C63706D74         move.l  #$63706d74, -(A7)
FFCF4E42? 3F02                 move.w  D2, -(A7)
FFCF4E44? 2400                 move.l  D0, D2
FFCF4E46? A9A0                 _GetResource                              ; A-line trap A9A0
FFCF4E48? 201F                 move.l  (A7)+, D0
FFCF4E4A? 6714                 beq     $ffcf4e60
FFCF4E4C? 2280                 move.l  D0, (A1)
FFCF4E4E? 2040                 movea.l D0, A0
FFCF4E50? A069                 _HGetState                                ; A-line trap A069
FFCF4E52? 33400004             move.w  D0, ($4,A1)
FFCF4E56? A064                 _MoveHHi                                  ; A-line trap A064
FFCF4E58? A029                 _HLock                                    ; A-line trap A029
FFCF4E5A? 2002                 move.l  D2, D0
FFCF4E5C? 2050                 movea.l (A0), A0
FFCF4E5E? 4ED0                 jmp     (A0)
FFCF4E60? 20690006             movea.l ($6,A1), A0
FFCF4E64? 4FF7100A             lea     ($a,A7,D1.w), A7
FFCF4E68? 3F3CD505             move.w  #$d505, -(A7)
FFCF4E6C? 4ED0                 jmp     (A0)
FFCF4E6E? 321F                 move.w  (A7)+, D1
FFCF4E70? 205F                 movea.l (A7)+, A0
FFCF4E72? 301F                 move.w  (A7)+, D0
FFCF4E74? 225F                 movea.l (A7)+, A1
FFCF4E76? 3F01                 move.w  D1, -(A7)
FFCF4E78? 2F09                 move.l  A1, -(A7)
FFCF4E7A? A06A                 _HSetState                                ; A-line trap A06A
FFCF4E7C? 4E75                 rts
FFCF4E7Ed 00004E560000226E     dc.b    $00,$00,$4E,$56,$00,$00,$22,$6E,$00,$08 ; |..NV.."n..|
FFCF4E88? 7000                 moveq   #$0, D0
FFCF4E8A? 23400008             move.l  D0, ($8,A1)
FFCF4E8E? 2280                 move.l  D0, (A1)
FFCF4E90? 23400004             move.l  D0, ($4,A1)
FFCF4E94? 4E5E                 unlk    A6
FFCF4E96? 4E75                 rts
FFCF4E98? 00000000             ori.b   #$0, D0
FFCF4E9C? 00000000             ori.b   #$0, D0
FFCF4EA0? 4E560000             link    A6, #$0
FFCF4EA4? 2F0C                 move.l  A4, -(A7)
FFCF4EA6? 286E0008             movea.l ($8,A6), A4
FFCF4EAA? 2F0C                 move.l  A4, -(A7)
FFCF4EAC? 4EBAFFD2             jsr     ($ffcf4e80,PC)
FFCF4EB0? 302E0012             move.w  ($12,A6), D0
FFCF4EB4? 48C0                 ext.l   D0
FFCF4EB6? 2F00                 move.l  D0, -(A7)
FFCF4EB8? 2F2E000C             move.l  ($c,A6), -(A7)
FFCF4EBC? 2F0C                 move.l  A4, -(A7)
FFCF4EBE? 4EBA0050             jsr     ($ffcf4f10,PC)
FFCF4EC2? 286EFFFC             movea.l (-$4,A6), A4
FFCF4EC6? 4E5E                 unlk    A6
FFCF4EC8? 4E75                 rts
FFCF4ECAd 0000000000004E56     dc.b    $00,$00,$00,$00,$00,$00,$4E,$56,$00,$00,$48,$E7,$01,$08,$28,$6E ; |......NV..H...(n|
FFCF4EDAd 0008                 dc.b    $00,$08                           ; |..|
FFCF4EDC? 302E0012             move.w  ($12,A6), D0
FFCF4EE0? 48C0                 ext.l   D0
FFCF4EE2? 2F00                 move.l  D0, -(A7)
FFCF4EE4? 2F2E000C             move.l  ($c,A6), -(A7)
FFCF4EE8? 2F0C                 move.l  A4, -(A7)
FFCF4EEA? 4EBAFFB4             jsr     ($ffcf4ea0,PC)
FFCF4EEE? 3E00                 move.w  D0, D7
FFCF4EF0? 4FEF000C             lea     ($c,A7), A7
FFCF4EF4? 660C                 bne     $ffcf4f02
FFCF4EF6? 2F2C0004             move.l  ($4,A4), -(A7)
FFCF4EFA? 2F14                 move.l  (A4), -(A7)
FFCF4EFC? 4EBAFA42             jsr     ($ffcf4940,PC)
FFCF4F00? 504F                 addq.w  #8, A7
FFCF4F02? 3007                 move.w  D7, D0
FFCF4F04? 4CEE1080FFF8         movem.l (-$8,A6), D7/A4
FFCF4F0A? 4E5E                 unlk    A6
FFCF4F0C? 4E75                 rts
FFCF4F0Ed 00004E56FFFA         dc.b    $00,$00,$4E,$56,$FF,$FA           ; |..NV..|
FFCF4F14? 48E71708             movem.l D3/D5-D7/A4, -(A7)
FFCF4F18? 3A2E0012             move.w  ($12,A6), D5
FFCF4F1C? 2E2E000C             move.l  ($c,A6), D7
FFCF4F20? 286E0008             movea.l ($8,A6), A4
FFCF4F24? 4AAC0008             tst.l   ($8,A4)
FFCF4F28? 6728                 beq     $ffcf4f52
FFCF4F2A? 0C450003             cmpi.w  #$3, D5
FFCF4F2E? 6706                 beq     $ffcf4f36
FFCF4F30? BEAC0004             cmp.l   ($4,A4), D7
FFCF4F34? 6206                 bhi     $ffcf4f3c
FFCF4F36? 7000                 moveq   #$0, D0
FFCF4F38? 60000128             bra     $ffcf5062
FFCF4F3C? 2F0C                 move.l  A4, -(A7)
FFCF4F3E? 4EBA0170             jsr     ($ffcf50b0,PC)
FFCF4F42? 3D40FFFE             move.w  D0, (-$2,A6)
FFCF4F46? 584F                 addq.w  #4, A7
FFCF4F48? 6708                 beq     $ffcf4f52
FFCF4F4A? 302EFFFE             move.w  (-$2,A6), D0
FFCF4F4E? 60000112             bra     $ffcf5062
FFCF4F52? 0C450001             cmpi.w  #$1, D5
FFCF4F56? 663A                 bne     $ffcf4f92
FFCF4F58? 4EBA0116             jsr     ($ffcf5070,PC)
FFCF4F5C? 3D40FFFE             move.w  D0, (-$2,A6)
FFCF4F60? 6616                 bne     $ffcf4f78
FFCF4F62? 598F                 subq.l  #4, A7
FFCF4F64? 2F07                 move.l  D7, -(A7)
FFCF4F66? 486EFFFE             pea     (-$2,A6)
FFCF4F6A? 3F3C001D             move.w  #$1d, -(A7)
FFCF4F6E? A88F                 _OSDispatch                               ; A-line trap A88F
FFCF4F70? 295F0008             move.l  (A7)+, ($8,A4)
FFCF4F74? 660000DA             bne     $ffcf5050
FFCF4F78? 2007                 move.l  D7, D0
FFCF4F7A? A122                 _NewHandle                                ; A-line trap A122
FFCF4F7C? 29480008             move.l  A0, ($8,A4)
FFCF4F80? 2008                 move.l  A0, D0
FFCF4F82? 660000C6             bne     $ffcf504a
FFCF4F86? 558F                 subq.l  #2, A7
FFCF4F88? 3EB80220             move.w  $220.w, (A7)                      ; CurIOTrap
FFCF4F8C? 301F                 move.w  (A7)+, D0
FFCF4F8E? 600000D2             bra     $ffcf5062
FFCF4F92? 0C450002             cmpi.w  #$2, D5
FFCF4F96? 6634                 bne     $ffcf4fcc
FFCF4F98? 2007                 move.l  D7, D0
FFCF4F9A? A122                 _NewHandle                                ; A-line trap A122
FFCF4F9C? 29480008             move.l  A0, ($8,A4)
FFCF4FA0? 660000A8             bne     $ffcf504a
FFCF4FA4? 4EBA00CA             jsr     ($ffcf5070,PC)
FFCF4FA8? 3D40FFFE             move.w  D0, (-$2,A6)
FFCF4FAC? 6616                 bne     $ffcf4fc4
FFCF4FAE? 598F                 subq.l  #4, A7
FFCF4FB0? 2F07                 move.l  D7, -(A7)
FFCF4FB2? 486EFFFE             pea     (-$2,A6)
FFCF4FB6? 3F3C001D             move.w  #$1d, -(A7)
FFCF4FBA? A88F                 _OSDispatch                               ; A-line trap A88F
FFCF4FBC? 295F0008             move.l  (A7)+, ($8,A4)
FFCF4FC0? 6600008E             bne     $ffcf5050
FFCF4FC4? 302EFFFE             move.w  (-$2,A6), D0
FFCF4FC8? 60000098             bra     $ffcf5062
FFCF4FCC? 4EBA00A2             jsr     ($ffcf5070,PC)
FFCF4FD0? 3D40FFFE             move.w  D0, (-$2,A6)
FFCF4FD4? 6640                 bne     $ffcf5016
FFCF4FD6? 598F                 subq.l  #4, A7
FFCF4FD8? 486EFFFA             pea     (-$6,A6)
FFCF4FDC? 3F3C0015             move.w  #$15, -(A7)
FFCF4FE0? A88F                 _OSDispatch                               ; A-line trap A88F
FFCF4FE2? 2C1F                 move.l  (A7)+, D6
FFCF4FE4? 2006                 move.l  D6, D0
FFCF4FE6? E280                 asr.l   #1, D0
FFCF4FE8? 0C8000007D00         cmpi.l  #$7d00, D0
FFCF4FEE? 5EC3                 sgt     D3
FFCF4FF0? 4403                 neg.b   D3
FFCF4FF2? 6706                 beq     $ffcf4ffa
FFCF4FF4? 303C7D00             move.w  #$7d00, D0
FFCF4FF8? 6004                 bra     $ffcf4ffe
FFCF4FFA? 2006                 move.l  D6, D0
FFCF4FFC? E280                 asr.l   #1, D0
FFCF4FFE? 48C0                 ext.l   D0
FFCF5000? 2E00                 move.l  D0, D7
FFCF5002? 598F                 subq.l  #4, A7
FFCF5004? 2F07                 move.l  D7, -(A7)
FFCF5006? 486EFFFE             pea     (-$2,A6)
FFCF500A? 3F3C001D             move.w  #$1d, -(A7)
FFCF500E? A88F                 _OSDispatch                               ; A-line trap A88F
FFCF5010? 295F0008             move.l  (A7)+, ($8,A4)
FFCF5014? 663A                 bne     $ffcf5050
FFCF5016? A061                 _MaxBlock                                 ; A-line trap A061
FFCF5018? 2C00                 move.l  D0, D6
FFCF501A? E280                 asr.l   #1, D0
FFCF501C? 0C8000007D00         cmpi.l  #$7d00, D0
FFCF5022? 5EC3                 sgt     D3
FFCF5024? 4403                 neg.b   D3
FFCF5026? 6706                 beq     $ffcf502e
FFCF5028? 303C7D00             move.w  #$7d00, D0
FFCF502C? 6004                 bra     $ffcf5032
FFCF502E? 2006                 move.l  D6, D0
FFCF5030? E280                 asr.l   #1, D0
FFCF5032? 48C0                 ext.l   D0
FFCF5034? 2E00                 move.l  D0, D7
FFCF5036? A122                 _NewHandle                                ; A-line trap A122
FFCF5038? 29480008             move.l  A0, ($8,A4)
FFCF503C? 2008                 move.l  A0, D0
FFCF503E? 660A                 bne     $ffcf504a
FFCF5040? 558F                 subq.l  #2, A7
FFCF5042? 3EB80220             move.w  $220.w, (A7)                      ; CurIOTrap
FFCF5046? 301F                 move.w  (A7)+, D0
FFCF5048? 6018                 bra     $ffcf5062
FFCF504A? 206C0008             movea.l ($8,A4), A0
FFCF504E? A064                 _MoveHHi                                  ; A-line trap A064
FFCF5050? 206C0008             movea.l ($8,A4), A0
FFCF5054? A029                 _HLock                                    ; A-line trap A029
FFCF5056? 206C0008             movea.l ($8,A4), A0
FFCF505A? 2890                 move.l  (A0), (A4)
FFCF505C? 29470004             move.l  D7, ($4,A4)
FFCF5060? 7000                 moveq   #$0, D0
FFCF5062? 4CEE10E8FFE6         movem.l (-$1a,A6), D3/D5-D7/A4
FFCF5068? 4E5E                 unlk    A6
FFCF506A? 4E75                 rts
FFCF506C? 00000000             ori.b   #$0, D0
FFCF5070? 4E56FFFC             link    A6, #-$4
FFCF5074? 2F07                 move.l  D7, -(A7)
FFCF5076? 203C6F732020         move.l  #$6f732020, D0
FFCF507C? 41EEFFFC             lea     (-$4,A6), A0
FFCF5080? 2248                 movea.l A0, A1
FFCF5082? A1AD                 _Gestalt                                  ; A-line trap A1AD
FFCF5084? 2288                 move.l  A0, (A1)
FFCF5086? 3E00                 move.w  D0, D7
FFCF5088? 6704                 beq     $ffcf508e
FFCF508A? 3007                 move.w  D7, D0
FFCF508C? 6012                 bra     $ffcf50a0
FFCF508E? 7070                 moveq   #$70, D0
FFCF5090? C0AEFFFC             and.l   (-$4,A6), D0
FFCF5094? 7270                 moveq   #$70, D1
FFCF5096? B280                 cmp.l   D0, D1
FFCF5098? 6604                 bne     $ffcf509e
FFCF509A? 7000                 moveq   #$0, D0
FFCF509C? 6002                 bra     $ffcf50a0
FFCF509E? 7094                 moveq   #-$6c, D0
FFCF50A0? 2E2EFFF8             move.l  (-$8,A6), D7
FFCF50A4? 4E5E                 unlk    A6
FFCF50A6? 4E75                 rts
FFCF50A8? 00000000             ori.b   #$0, D0
FFCF50AC? 00000000             ori.b   #$0, D0
FFCF50B0? 4E560000             link    A6, #$0
FFCF50B4? 48E70108             movem.l D7/A4, -(A7)
FFCF50B8? 286E0008             movea.l ($8,A6), A4
FFCF50BC? 206C0008             movea.l ($8,A4), A0
FFCF50C0? A023                 _DisposeHandle                            ; A-line trap A023
FFCF50C2? 558F                 subq.l  #2, A7
FFCF50C4? 3EB80220             move.w  $220.w, (A7)                      ; CurIOTrap
FFCF50C8? 3E1F                 move.w  (A7)+, D7
FFCF50CA? 6704                 beq     $ffcf50d0
FFCF50CC? 3007                 move.w  D7, D0
FFCF50CE? 600A                 bra     $ffcf50da
FFCF50D0? 2F0C                 move.l  A4, -(A7)
FFCF50D2? 4EBAFDAC             jsr     ($ffcf4e80,PC)
FFCF50D6? 7000                 moveq   #$0, D0
FFCF50D8? 584F                 addq.w  #4, A7
FFCF50DA? 4CEE1080FFF8         movem.l (-$8,A6), D7/A4
FFCF50E0? 4E5E                 unlk    A6
FFCF50E2? 4E75                 rts
FFCF50E4? 00000000             ori.b   #$0, D0
FFCF50E8? 00000000             ori.b   #$0, D0
FFCF50EC? 00000000             ori.b   #$0, D0
FFCF50F0? 4E56FFFC             link    A6, #-$4
FFCF50F4? 48E70308             movem.l D6-D7/A4, -(A7)
FFCF50F8? 3C2E000C             move.w  ($c,A6), D6
FFCF50FC? 286E0010             movea.l ($10,A6), A4
FFCF5100? 558F                 subq.l  #2, A7
FFCF5102? 486EFFFC             pea     (-$4,A6)
FFCF5106? 3F2E000E             move.w  ($e,A6), -(A7)
FFCF510A? 3F06                 move.w  D6, -(A7)
FFCF510C? 2F2E0008             move.l  ($8,A6), -(A7)
FFCF5110? 4EBA010E             jsr     ($ffcf5220,PC)
FFCF5114? 3E1F                 move.w  (A7)+, D7
FFCF5116? 6640                 bne     $ffcf5158
FFCF5118? 558F                 subq.l  #2, A7
FFCF511A? 2F2EFFFC             move.l  (-$4,A6), -(A7)
FFCF511E? 2F2E0014             move.l  ($14,A6), -(A7)
FFCF5122? 4EBA05BC             jsr     ($ffcf56e0,PC)
FFCF5126? 3E1F                 move.w  (A7)+, D7
FFCF5128? 6622                 bne     $ffcf514c
FFCF512A? 558F                 subq.l  #2, A7
FFCF512C? 2F2EFFFC             move.l  (-$4,A6), -(A7)
FFCF5130? 2F0C                 move.l  A4, -(A7)
FFCF5132? 3F06                 move.w  D6, -(A7)
FFCF5134? 4EBA02DA             jsr     ($ffcf5410,PC)
FFCF5138? 3E1F                 move.w  (A7)+, D7
FFCF513A? 6610                 bne     $ffcf514c
FFCF513C? 558F                 subq.l  #2, A7
FFCF513E? 2F2EFFFC             move.l  (-$4,A6), -(A7)
FFCF5142? 4EBA026C             jsr     ($ffcf53b0,PC)
FFCF5146? 3D5F0018             move.w  (A7)+, ($18,A6)
FFCF514A? 601C                 bra     $ffcf5168
FFCF514C? 558F                 subq.l  #2, A7
FFCF514E? 2F2EFFFC             move.l  (-$4,A6), -(A7)
FFCF5152? 4EBA025C             jsr     ($ffcf53b0,PC)
FFCF5156? 544F                 addq.w  #2, A7
FFCF5158? 7068                 moveq   #$68, D0
FFCF515A? 2F00                 move.l  D0, -(A7)
FFCF515C? 2F0C                 move.l  A4, -(A7)
FFCF515E? 4EBAF7E0             jsr     ($ffcf4940,PC)
FFCF5162? 3D470018             move.w  D7, ($18,A6)
FFCF5166? 504F                 addq.w  #8, A7
FFCF5168? 4CEE10C0FFF0         movem.l (-$10,A6), D6-D7/A4
FFCF516E? 4E5E                 unlk    A6
FFCF5170? 4E740010             rtd     #$10; (1+)
FFCF5174? 00000000             ori.b   #$0, D0
FFCF5178? 00000000             ori.b   #$0, D0
FFCF517C? 00000000             ori.b   #$0, D0
FFCF5180? 4E56FFFC             link    A6, #-$4
FFCF5184? 48E70708             movem.l D5-D7/A4, -(A7)
FFCF5188? 3A2E000C             move.w  ($c,A6), D5
FFCF518C? 3C2E000E             move.w  ($e,A6), D6
FFCF5190? 286E0010             movea.l ($10,A6), A4
FFCF5194? 700C                 moveq   #$c, D0
FFCF5196? C046                 and.w   D6, D0
FFCF5198? 6706                 beq     $ffcf51a0
FFCF519A? 3E3CD506             move.w  #$d506, D7
FFCF519E? 6056                 bra     $ffcf51f6
FFCF51A0? 558F                 subq.l  #2, A7
FFCF51A2? 486EFFFC             pea     (-$4,A6)
FFCF51A6? 3F06                 move.w  D6, -(A7)
FFCF51A8? 3F05                 move.w  D5, -(A7)
FFCF51AA? 2F2E0008             move.l  ($8,A6), -(A7)
FFCF51AE? 4EBA0070             jsr     ($ffcf5220,PC)
FFCF51B2? 3E1F                 move.w  (A7)+, D7
FFCF51B4? 6640                 bne     $ffcf51f6
FFCF51B6? 558F                 subq.l  #2, A7
FFCF51B8? 2F2EFFFC             move.l  (-$4,A6), -(A7)
FFCF51BC? 2F2E0014             move.l  ($14,A6), -(A7)
FFCF51C0? 4EBA175E             jsr     ($ffcf6920,PC)
FFCF51C4? 3E1F                 move.w  (A7)+, D7
FFCF51C6? 6622                 bne     $ffcf51ea
FFCF51C8? 558F                 subq.l  #2, A7
FFCF51CA? 2F2EFFFC             move.l  (-$4,A6), -(A7)
FFCF51CE? 2F0C                 move.l  A4, -(A7)
FFCF51D0? 3F05                 move.w  D5, -(A7)
FFCF51D2? 4EBA023C             jsr     ($ffcf5410,PC)
FFCF51D6? 3E1F                 move.w  (A7)+, D7
FFCF51D8? 6610                 bne     $ffcf51ea
FFCF51DA? 558F                 subq.l  #2, A7
FFCF51DC? 2F2EFFFC             move.l  (-$4,A6), -(A7)
FFCF51E0? 4EBA01CE             jsr     ($ffcf53b0,PC)
FFCF51E4? 3D5F0018             move.w  (A7)+, ($18,A6)
FFCF51E8? 601C                 bra     $ffcf5206
FFCF51EA? 558F                 subq.l  #2, A7
FFCF51EC? 2F2EFFFC             move.l  (-$4,A6), -(A7)
FFCF51F0? 4EBA01BE             jsr     ($ffcf53b0,PC)
FFCF51F4? 544F                 addq.w  #2, A7
FFCF51F6? 7068                 moveq   #$68, D0
FFCF51F8? 2F00                 move.l  D0, -(A7)
FFCF51FA? 2F0C                 move.l  A4, -(A7)
FFCF51FC? 4EBAF742             jsr     ($ffcf4940,PC)
FFCF5200? 3D470018             move.w  D7, ($18,A6)
FFCF5204? 504F                 addq.w  #8, A7
FFCF5206? 4CEE10E0FFEC         movem.l (-$14,A6), D5-D7/A4
FFCF520C? 4E5E                 unlk    A6
FFCF520E? 4E740010             rtd     #$10; (1+)
FFCF5212? 00000000             ori.b   #$0, D0
FFCF5216? 00000000             ori.b   #$0, D0
FFCF521A? 00000000             ori.b   #$0, D0
FFCF521E? 00004E56             ori.b   #$56, D0
FFCF5222? 000048E7             ori.b   #$e7, D0
FFCF5226? 1F18                 move.b  (A0)+, -(A7)
FFCF5228? 3A2E000C             move.w  ($c,A6), D5
FFCF522C? 3E2E000E             move.w  ($e,A6), D7
FFCF5230? 4244                 clr.w   D4
FFCF5232? 4A6E0008             tst.w   ($8,A6)
FFCF5236? 670A                 beq     $ffcf5242
FFCF5238? 3D7CD5080014         move.w  #$d508, ($14,A6)
FFCF523E? 60000158             bra     $ffcf5398
FFCF5242? 70E0                 moveq   #-$20, D0
FFCF5244? C047                 and.w   D7, D0
FFCF5246? 670A                 beq     $ffcf5252
FFCF5248? 3D7CD5060014         move.w  #$d506, ($14,A6)
FFCF524E? 60000148             bra     $ffcf5398
FFCF5252? 7010                 moveq   #$10, D0
FFCF5254? C047                 and.w   D7, D0
FFCF5256? 7200                 moveq   #$0, D1
FFCF5258? 3200                 move.w  D0, D1
FFCF525A? 7003                 moveq   #$3, D0
FFCF525C? C047                 and.w   D7, D0
FFCF525E? 57C3                 seq     D3
FFCF5260? 4403                 neg.b   D3
FFCF5262? 49C3                 extb.l  D3; (2+)
FFCF5264? C641                 and.w   D1, D3
FFCF5266? 670A                 beq     $ffcf5272
FFCF5268? 3D7CD5060014         move.w  #$d506, ($14,A6)
FFCF526E? 60000128             bra     $ffcf5398
FFCF5272? 203C000000E4         move.l  #$e4, D0
FFCF5278? A322                 _NewHandleClear                           ; A-line trap A322
FFCF527A? 2648                 movea.l A0, A3
FFCF527C? 206E0010             movea.l ($10,A6), A0
FFCF5280? 208B                 move.l  A3, (A0)
FFCF5282? 200B                 move.l  A3, D0
FFCF5284? 660E                 bne     $ffcf5294
FFCF5286? 558F                 subq.l  #2, A7
FFCF5288? 3EB80220             move.w  $220.w, (A7)                      ; CurIOTrap
FFCF528C? 3D5F0014             move.w  (A7)+, ($14,A6)
FFCF5290? 60000106             bra     $ffcf5398
FFCF5294? 204B                 movea.l A3, A0
FFCF5296? A064                 _MoveHHi                                  ; A-line trap A064
FFCF5298? 204B                 movea.l A3, A0
FFCF529A? A029                 _HLock                                    ; A-line trap A029
FFCF529C? 2853                 movea.l (A3), A4
FFCF529E? 3947006C             move.w  D7, ($6c,A4)
FFCF52A2? 294B0068             move.l  A3, ($68,A4)
FFCF52A6? 7003                 moveq   #$3, D0
FFCF52A8? C047                 and.w   D7, D0
FFCF52AA? 673A                 beq     $ffcf52e6
FFCF52AC? 0C450100             cmpi.w  #$100, D5
FFCF52B0? 6E06                 bgt     $ffcf52b8
FFCF52B2? 0C450001             cmpi.w  #$1, D5
FFCF52B6? 6C08                 bge     $ffcf52c0
FFCF52B8? 3C3CD504             move.w  #$d504, D6
FFCF52BC? 600000AE             bra     $ffcf536c
FFCF52C0? 396E000A006E         move.w  ($a,A6), ($6e,A4)
FFCF52C6? 39450070             move.w  D5, ($70,A4)
FFCF52CA? 558F                 subq.l  #2, A7
FFCF52CC? 3F05                 move.w  D5, -(A7)
FFCF52CE? 486C00E0             pea     ($e0,A4)
FFCF52D2? 486C00B0             pea     ($b0,A4)
FFCF52D6? 3F2E000A             move.w  ($a,A6), -(A7)
FFCF52DA? 4EBAFB04             jsr     ($ffcf4de0,PC)
FFCF52DE? 3C1F                 move.w  (A7)+, D6
FFCF52E0? 6600008A             bne     $ffcf536c
FFCF52E4? 7801                 moveq   #$1, D4
FFCF52E6? 7004                 moveq   #$4, D0
FFCF52E8? C047                 and.w   D7, D0
FFCF52EA? 6710                 beq     $ffcf52fc
FFCF52EC? 203C00000400         move.l  #$400, D0
FFCF52F2? A322                 _NewHandleClear                           ; A-line trap A322
FFCF52F4? 29480050             move.l  A0, ($50,A4)
FFCF52F8? 2008                 move.l  A0, D0
FFCF52FA? 6768                 beq     $ffcf5364
FFCF52FC? 7008                 moveq   #$8, D0
FFCF52FE? C047                 and.w   D7, D0
FFCF5300? 6720                 beq     $ffcf5322
FFCF5302? 203C000000D0         move.l  #$d0, D0
FFCF5308? A322                 _NewHandleClear                           ; A-line trap A322
FFCF530A? 29480058             move.l  A0, ($58,A4)
FFCF530E? 2008                 move.l  A0, D0
FFCF5310? 6752                 beq     $ffcf5364
FFCF5312? 203C00000100         move.l  #$100, D0
FFCF5318? A322                 _NewHandleClear                           ; A-line trap A322
FFCF531A? 2948005C             move.l  A0, ($5c,A4)
FFCF531E? 2008                 move.l  A0, D0
FFCF5320? 6742                 beq     $ffcf5364
FFCF5322? 7003                 moveq   #$3, D0
FFCF5324? C047                 and.w   D7, D0
FFCF5326? 6732                 beq     $ffcf535a
FFCF5328? 7002                 moveq   #$2, D0
FFCF532A? 2F00                 move.l  D0, -(A7)
FFCF532C? 48780800             pea     $800.w                            ; GRAFBEGIN
FFCF5330? 486C00C0             pea     ($c0,A4)
FFCF5334? 4EBAFB6A             jsr     ($ffcf4ea0,PC)
FFCF5338? 3C00                 move.w  D0, D6
FFCF533A? 4FEF000C             lea     ($c,A7), A7
FFCF533E? 662C                 bne     $ffcf536c
FFCF5340? 7002                 moveq   #$2, D0
FFCF5342? 2F00                 move.l  D0, -(A7)
FFCF5344? 2F3C00010000         move.l  #$10000, -(A7)
FFCF534A? 486C00B2             pea     ($b2,A4)
FFCF534E? 4EBAFB80             jsr     ($ffcf4ed0,PC)
FFCF5352? 3C00                 move.w  D0, D6
FFCF5354? 4FEF000C             lea     ($c,A7), A7
FFCF5358? 6612                 bne     $ffcf536c
FFCF535A? 204B                 movea.l A3, A0
FFCF535C? A02A                 _HUnlock                                  ; A-line trap A02A
FFCF535E? 426E0014             clr.w   ($14,A6)
FFCF5362? 6034                 bra     $ffcf5398
FFCF5364? 558F                 subq.l  #2, A7
FFCF5366? 3EB80220             move.w  $220.w, (A7)                      ; CurIOTrap
FFCF536A? 3C1F                 move.w  (A7)+, D6
FFCF536C? 4A44                 tst.w   D4
FFCF536E? 6710                 beq     $ffcf5380
FFCF5370? 558F                 subq.l  #2, A7
FFCF5372? 2F2C00E0             move.l  ($e0,A4), -(A7)
FFCF5376? 3F2C006E             move.w  ($6e,A4), -(A7)
FFCF537A? 4EBAFA76             jsr     ($ffcf4df2,PC)
FFCF537E? 544F                 addq.w  #2, A7
FFCF5380? 2F0C                 move.l  A4, -(A7)
FFCF5382? 4EBA155C             jsr     ($ffcf68e0,PC)
FFCF5386? 204B                 movea.l A3, A0
FFCF5388? A023                 _DisposeHandle                            ; A-line trap A023
FFCF538A? 206E0010             movea.l ($10,A6), A0
FFCF538E? 7000                 moveq   #$0, D0
FFCF5390? 2080                 move.l  D0, (A0)
FFCF5392? 3D460014             move.w  D6, ($14,A6)
FFCF5396? 584F                 addq.w  #4, A7
FFCF5398? 4CEE18F8FFE4         movem.l (-$1c,A6), D3-D7/A3-A4
FFCF539E? 4E5E                 unlk    A6
FFCF53A0? 4E74000C             rtd     #$c; (1+)
FFCF53A4? 00000000             ori.b   #$0, D0
FFCF53A8? 00000000             ori.b   #$0, D0
FFCF53AC? 00000000             ori.b   #$0, D0
FFCF53B0? 4E56FFFE             link    A6, #-$2
FFCF53B4? 48E70308             movem.l D6-D7/A4, -(A7)
FFCF53B8? 2C2E0008             move.l  ($8,A6), D6
FFCF53BC? 4247                 clr.w   D7
FFCF53BE? 486EFFFF             pea     (-$1,A6)
FFCF53C2? 2F06                 move.l  D6, -(A7)
FFCF53C4? 4EBAF59A             jsr     ($ffcf4960,PC)
FFCF53C8? 2840                 movea.l D0, A4
FFCF53CA? 200C                 move.l  A4, D0
FFCF53CC? 504F                 addq.w  #8, A7
FFCF53CE? 6608                 bne     $ffcf53d8
FFCF53D0? 3D7CD507000C         move.w  #$d507, ($c,A6)
FFCF53D6? 6028                 bra     $ffcf5400
FFCF53D8? 7003                 moveq   #$3, D0
FFCF53DA? C06C006C             and.w   ($6c,A4), D0
FFCF53DE? 6710                 beq     $ffcf53f0
FFCF53E0? 558F                 subq.l  #2, A7
FFCF53E2? 2F2C00E0             move.l  ($e0,A4), -(A7)
FFCF53E6? 3F2C006E             move.w  ($6e,A4), -(A7)
FFCF53EA? 4EBAFA06             jsr     ($ffcf4df2,PC)
FFCF53EE? 3E1F                 move.w  (A7)+, D7
FFCF53F0? 2F0C                 move.l  A4, -(A7)
FFCF53F2? 4EBA14EC             jsr     ($ffcf68e0,PC)
FFCF53F6? 2046                 movea.l D6, A0
FFCF53F8? A023                 _DisposeHandle                            ; A-line trap A023
FFCF53FA? 3D47000C             move.w  D7, ($c,A6)
FFCF53FE? 584F                 addq.w  #4, A7
FFCF5400? 4CEE10C0FFF2         movem.l (-$e,A6), D6-D7/A4
FFCF5406? 4E5E                 unlk    A6
FFCF5408? 4E740004             rtd     #$4; (1+)
FFCF540C? 00000000             ori.b   #$0, D0
FFCF5410? 4E56FFEC             link    A6, #-$14
FFCF5414? 48E71F38             movem.l D3-D7/A2-A4, -(A7)
FFCF5418? 3E2E0008             move.w  ($8,A6), D7
FFCF541C? 266E000A             movea.l ($a,A6), A3
FFCF5420? 4246                 clr.w   D6
FFCF5422? 486EFFFF             pea     (-$1,A6)
FFCF5426? 2F2E000E             move.l  ($e,A6), -(A7)
FFCF542A? 4EBAF534             jsr     ($ffcf4960,PC)
FFCF542E? 2840                 movea.l D0, A4
FFCF5430? 200C                 move.l  A4, D0
FFCF5432? 504F                 addq.w  #8, A7
FFCF5434? 660A                 bne     $ffcf5440
FFCF5436? 3D7CD5070012         move.w  #$d507, ($12,A6)
FFCF543C? 60000290             bra     $ffcf56ce
FFCF5440? 7003                 moveq   #$3, D0
FFCF5442? C06C006C             and.w   ($6c,A4), D0
FFCF5446? 6720                 beq     $ffcf5468
FFCF5448? 0C470100             cmpi.w  #$100, D7
FFCF544C? 6E06                 bgt     $ffcf5454
FFCF544E? 0C470001             cmpi.w  #$1, D7
FFCF5452? 6C14                 bge     $ffcf5468
FFCF5454? 206E000E             movea.l ($e,A6), A0
FFCF5458? 102EFFFF             move.b  (-$1,A6), D0
FFCF545C? A06A                 _HSetState                                ; A-line trap A06A
FFCF545E? 3D7CD5040012         move.w  #$d504, ($12,A6)
FFCF5464? 60000268             bra     $ffcf56ce
FFCF5468? 204C                 movea.l A4, A0
FFCF546A? 224B                 movea.l A3, A1
FFCF546C? 7068                 moveq   #$68, D0
FFCF546E? A02E                 _BlockMove                                ; A-line trap A02E
FFCF5470? 7000                 moveq   #$0, D0
FFCF5472? 27400006             move.l  D0, ($6,A3)
FFCF5476? 2740000A             move.l  D0, ($a,A3)
FFCF547A? 27400050             move.l  D0, ($50,A3)
FFCF547E? 27400058             move.l  D0, ($58,A3)
FFCF5482? 2740005C             move.l  D0, ($5c,A3)
FFCF5486? 2D40FFF6             move.l  D0, (-$a,A6)
FFCF548A? 4AAC0050             tst.l   ($50,A4)
FFCF548E? 672A                 beq     $ffcf54ba
FFCF5490? 282C004C             move.l  ($4c,A4), D4
FFCF5494? E584                 asl.l   #2, D4
FFCF5496? 2004                 move.l  D4, D0
FFCF5498? A122                 _NewHandle                                ; A-line trap A122
FFCF549A? 27480050             move.l  A0, ($50,A3)
FFCF549E? 558F                 subq.l  #2, A7
FFCF54A0? 3EB80220             move.w  $220.w, (A7)                      ; CurIOTrap
FFCF54A4? 3C1F                 move.w  (A7)+, D6
FFCF54A6? 660001E8             bne     $ffcf5690
FFCF54AA? 226C0050             movea.l ($50,A4), A1
FFCF54AE? 2051                 movea.l (A1), A0
FFCF54B0? 246B0050             movea.l ($50,A3), A2
FFCF54B4? 2252                 movea.l (A2), A1
FFCF54B6? 2004                 move.l  D4, D0
FFCF54B8? A02E                 _BlockMove                                ; A-line trap A02E
FFCF54BA? 4AAC0058             tst.l   ($58,A4)
FFCF54BE? 6730                 beq     $ffcf54f0
FFCF54C0? 222C0054             move.l  ($54,A4), D1
FFCF54C4? 701A                 moveq   #$1a, D0
FFCF54C6? 4C001800             muls.l  D0, D1; (2+)
FFCF54CA? 2801                 move.l  D1, D4
FFCF54CC? 2004                 move.l  D4, D0
FFCF54CE? A122                 _NewHandle                                ; A-line trap A122
FFCF54D0? 27480058             move.l  A0, ($58,A3)
FFCF54D4? 558F                 subq.l  #2, A7
FFCF54D6? 3EB80220             move.w  $220.w, (A7)                      ; CurIOTrap
FFCF54DA? 3C1F                 move.w  (A7)+, D6
FFCF54DC? 660001B2             bne     $ffcf5690
FFCF54E0? 226C0058             movea.l ($58,A4), A1
FFCF54E4? 2051                 movea.l (A1), A0
FFCF54E6? 246B0058             movea.l ($58,A3), A2
FFCF54EA? 2252                 movea.l (A2), A1
FFCF54EC? 2004                 move.l  D4, D0
FFCF54EE? A02E                 _BlockMove                                ; A-line trap A02E
FFCF54F0? 4AAC005C             tst.l   ($5c,A4)
FFCF54F4? 6712                 beq     $ffcf5508
FFCF54F6? 276C005C005C         move.l  ($5c,A4), ($5c,A3)
FFCF54FC? 558F                 subq.l  #2, A7
FFCF54FE? 486B005C             pea     ($5c,A3)
FFCF5502? 4EBA24EC             jsr     ($ffcf79f0,PC)
FFCF5506? 544F                 addq.w  #2, A7
FFCF5508? 7003                 moveq   #$3, D0
FFCF550A? C06C006C             and.w   ($6c,A4), D0
FFCF550E? 67000170             beq     $ffcf5680
FFCF5512? 48C7                 ext.l   D7
FFCF5514? 2207                 move.l  D7, D1
FFCF5516? 5381                 subq.l  #1, D1
FFCF5518? E781                 asl.l   #3, D1
FFCF551A? 7410                 moveq   #$10, D2
FFCF551C? D282                 add.l   D2, D1
FFCF551E? 2001                 move.l  D1, D0
FFCF5520? A122                 _NewHandle                                ; A-line trap A122
FFCF5522? 2D48FFF6             move.l  A0, (-$a,A6)
FFCF5526? 670000D0             beq     $ffcf55f8
FFCF552A? 2A2C0002             move.l  ($2,A4), D5
FFCF552E? A029                 _HLock                                    ; A-line trap A029
FFCF5530? 206EFFF6             movea.l (-$a,A6), A0
FFCF5534? 2D50FFEC             move.l  (A0), (-$14,A6)
FFCF5538? 203C71642020         move.l  #$71642020, D0
FFCF553E? 41EEFFF2             lea     (-$e,A6), A0
FFCF5542? 2248                 movea.l A0, A1
FFCF5544? A1AD                 _Gestalt                                  ; A-line trap A1AD
FFCF5546? 2288                 move.l  A0, (A1)
FFCF5548? 4A40                 tst.w   D0
FFCF554A? 6616                 bne     $ffcf5562
FFCF554C? 0CAE00000100FFF2     cmpi.l  #$100, (-$e,A6)
FFCF5554? 6D0C                 blt     $ffcf5562
FFCF5556? 598F                 subq.l  #4, A7
FFCF5558? AA28                 _GetCTSeed                                ; A-line trap AA28
FFCF555A? 206EFFEC             movea.l (-$14,A6), A0
FFCF555E? 209F                 move.l  (A7)+, (A0)
FFCF5560? 6008                 bra     $ffcf556a
FFCF5562? 206EFFEC             movea.l (-$14,A6), A0
FFCF5566? 7000                 moveq   #$0, D0
FFCF5568? 2080                 move.l  D0, (A0)
FFCF556A? 206EFFEC             movea.l (-$14,A6), A0
FFCF556E? 42680004             clr.w   ($4,A0)
FFCF5572? 3007                 move.w  D7, D0
FFCF5574? 5340                 subq.w  #1, D0
FFCF5576? 206EFFEC             movea.l (-$14,A6), A0
FFCF557A? 31400006             move.w  D0, ($6,A0)
FFCF557E? 4A6C00B0             tst.w   ($b0,A4)
FFCF5582? 6632                 bne     $ffcf55b6
FFCF5584? 48C7                 ext.l   D7
FFCF5586? BE85                 cmp.l   D5, D7
FFCF5588? 6D1C                 blt     $ffcf55a6
FFCF558A? 206EFFEC             movea.l (-$14,A6), A0
FFCF558E? 48680008             pea     ($8,A0)
FFCF5592? 2F2C00B2             move.l  ($b2,A4), -(A7)
FFCF5596? 2F05                 move.l  D5, -(A7)
FFCF5598? 48C7                 ext.l   D7
FFCF559A? 2F07                 move.l  D7, -(A7)
FFCF559C? 4EBA1742             jsr     ($ffcf6ce0,PC)
FFCF55A0? 4FEF0010             lea     ($10,A7), A7
FFCF55A4? 604A                 bra     $ffcf55f0
FFCF55A6? 2F0C                 move.l  A4, -(A7)
FFCF55A8? 4EBA1646             jsr     ($ffcf6bf0,PC)
FFCF55AC? 2A2C0002             move.l  ($2,A4), D5
FFCF55B0? 27450002             move.l  D5, ($2,A3)
FFCF55B4? 584F                 addq.w  #4, A7
FFCF55B6? 362C006E             move.w  ($6e,A4), D3
FFCF55BA? 6614                 bne     $ffcf55d0
FFCF55BC? 2005                 move.l  D5, D0
FFCF55BE? E480                 asr.l   #2, D0
FFCF55C0? 2205                 move.l  D5, D1
FFCF55C2? 9280                 sub.l   D0, D1
FFCF55C4? 48C7                 ext.l   D7
FFCF55C6? BE81                 cmp.l   D1, D7
FFCF55C8? 6C04                 bge     $ffcf55ce
FFCF55CA? 7602                 moveq   #$2, D3
FFCF55CC? 6002                 bra     $ffcf55d0
FFCF55CE? 7601                 moveq   #$1, D3
FFCF55D0? 558F                 subq.l  #2, A7
FFCF55D2? 2F2C00E0             move.l  ($e0,A4), -(A7)
FFCF55D6? 3F07                 move.w  D7, -(A7)
FFCF55D8? 2F2C00B2             move.l  ($b2,A4), -(A7)
FFCF55DC? 206EFFEC             movea.l (-$14,A6), A0
FFCF55E0? 48680008             pea     ($8,A0)
FFCF55E4? 3F03                 move.w  D3, -(A7)
FFCF55E6? 4EBAF804             jsr     ($ffcf4dec,PC)
FFCF55EA? 3C1F                 move.w  (A7)+, D6
FFCF55EC? 660000A2             bne     $ffcf5690
FFCF55F0? 206EFFF6             movea.l (-$a,A6), A0
FFCF55F4? A02A                 _HUnlock                                  ; A-line trap A02A
FFCF55F6? 600C                 bra     $ffcf5604
FFCF55F8? 558F                 subq.l  #2, A7
FFCF55FA? 3EB80220             move.w  $220.w, (A7)                      ; CurIOTrap
FFCF55FE? 3C1F                 move.w  (A7)+, D6
FFCF5600? 6000008E             bra     $ffcf5690
FFCF5604? 7002                 moveq   #$2, D0
FFCF5606? C06C006C             and.w   ($6c,A4), D0
FFCF560A? 6756                 beq     $ffcf5662
FFCF560C? 48C7                 ext.l   D7
FFCF560E? BEAC0002             cmp.l   ($2,A4), D7
FFCF5612? 6F04                 ble     $ffcf5618
FFCF5614? 3E2C0004             move.w  ($4,A4), D7
FFCF5618? 7000                 moveq   #$0, D0
FFCF561A? 2D40FFFA             move.l  D0, (-$6,A6)
FFCF561E? 203C71642020         move.l  #$71642020, D0
FFCF5624? 41EEFFF2             lea     (-$e,A6), A0
FFCF5628? 2248                 movea.l A0, A1
FFCF562A? A1AD                 _Gestalt                                  ; A-line trap A1AD
FFCF562C? 2288                 move.l  A0, (A1)
FFCF562E? 4A40                 tst.w   D0
FFCF5630? 662A                 bne     $ffcf565c
FFCF5632? 0CAE00000100FFF2     cmpi.l  #$100, (-$e,A6)
FFCF563A? 6D20                 blt     $ffcf565c
FFCF563C? 598F                 subq.l  #4, A7
FFCF563E? 3F07                 move.w  D7, -(A7)
FFCF5640? 2F2EFFF6             move.l  (-$a,A6), -(A7)
FFCF5644? 3F3C1502             move.w  #$1502, -(A7)
FFCF5648? 7000                 moveq   #$0, D0
FFCF564A? 3F00                 move.w  D0, -(A7)
FFCF564C? AA91                 _NewPalette                               ; A-line trap AA91
FFCF564E? 2D5FFFFA             move.l  (A7)+, (-$6,A6)
FFCF5652? 558F                 subq.l  #2, A7
FFCF5654? 3EB80220             move.w  $220.w, (A7)                      ; CurIOTrap
FFCF5658? 3C1F                 move.w  (A7)+, D6
FFCF565A? 6634                 bne     $ffcf5690
FFCF565C? 276EFFFA0006         move.l  (-$6,A6), ($6,A3)
FFCF5662? 302C006C             move.w  ($6c,A4), D0
FFCF5666? 08000000             btst    #$0, D0
FFCF566A? 6708                 beq     $ffcf5674
FFCF566C? 276EFFF6000A         move.l  (-$a,A6), ($a,A3)
FFCF5672? 600C                 bra     $ffcf5680
FFCF5674? 4AAEFFF6             tst.l   (-$a,A6)
FFCF5678? 6706                 beq     $ffcf5680
FFCF567A? 206EFFF6             movea.l (-$a,A6), A0
FFCF567E? A023                 _DisposeHandle                            ; A-line trap A023
FFCF5680? 206E000E             movea.l ($e,A6), A0
FFCF5684? 102EFFFF             move.b  (-$1,A6), D0
FFCF5688? A06A                 _HSetState                                ; A-line trap A06A
FFCF568A? 426E0012             clr.w   ($12,A6)
FFCF568E? 603E                 bra     $ffcf56ce
FFCF5690? 206EFFF6             movea.l (-$a,A6), A0
FFCF5694? A023                 _DisposeHandle                            ; A-line trap A023
FFCF5696? 206B0006             movea.l ($6,A3), A0
FFCF569A? A023                 _DisposeHandle                            ; A-line trap A023
FFCF569C? 206B000A             movea.l ($a,A3), A0
FFCF56A0? A023                 _DisposeHandle                            ; A-line trap A023
FFCF56A2? 206B0050             movea.l ($50,A3), A0
FFCF56A6? A023                 _DisposeHandle                            ; A-line trap A023
FFCF56A8? 206B0058             movea.l ($58,A3), A0
FFCF56AC? A023                 _DisposeHandle                            ; A-line trap A023
FFCF56AE? 206B005C             movea.l ($5c,A3), A0
FFCF56B2? A023                 _DisposeHandle                            ; A-line trap A023
FFCF56B4? 206E000E             movea.l ($e,A6), A0
FFCF56B8? 102EFFFF             move.b  (-$1,A6), D0
FFCF56BC? A06A                 _HSetState                                ; A-line trap A06A
FFCF56BE? 7068                 moveq   #$68, D0
FFCF56C0? 2F00                 move.l  D0, -(A7)
FFCF56C2? 2F0B                 move.l  A3, -(A7)
FFCF56C4? 4EBAF27A             jsr     ($ffcf4940,PC)
FFCF56C8? 3D460012             move.w  D6, ($12,A6)
FFCF56CC? 504F                 addq.w  #8, A7
FFCF56CE? 4CEE1CF8FFCC         movem.l (-$34,A6), D3-D7/A2-A4
FFCF56D4? 4E5E                 unlk    A6
FFCF56D6? 4E74000A             rtd     #$a; (1+)
FFCF56DAd 0000000000004E56     dc.b    $00,$00,$00,$00,$00,$00,$4E,$56,$FE,$D6 ; |......NV..|
FFCF56E4? 48E71F38             movem.l D3-D7/A2-A4, -(A7)
FFCF56E8? 7000                 moveq   #$0, D0
FFCF56EA? 2440                 movea.l D0, A2
FFCF56EC? 4244                 clr.w   D4
FFCF56EE? 486EFFF7             pea     (-$9,A6)
FFCF56F2? 2F2E000C             move.l  ($c,A6), -(A7)
FFCF56F6? 4EBAF268             jsr     ($ffcf4960,PC)
FFCF56FA? 2840                 movea.l D0, A4
FFCF56FC? 200C                 move.l  A4, D0
FFCF56FE? 504F                 addq.w  #8, A7
FFCF5700? 660A                 bne     $ffcf570c
FFCF5702? 3D7CD5070010         move.w  #$d507, ($10,A6)
FFCF5708? 60000808             bra     $ffcf5f12
FFCF570C? 3D7C0001FFEE         move.w  #$1, (-$12,A6)
FFCF5712? 422EFFF1             clr.b   (-$f,A6)
FFCF5716? 3D7C000CFEE2         move.w  #$c, (-$11e,A6)
FFCF571C? 426EFEE4             clr.w   (-$11c,A6)
FFCF5720? 422EFEE6             clr.b   (-$11a,A6)
FFCF5724? 426EFFE6             clr.w   (-$1a,A6)
FFCF5728? 7000                 moveq   #$0, D0
FFCF572A? 29400096             move.l  D0, ($96,A4)
FFCF572E? 2940009A             move.l  D0, ($9a,A4)
FFCF5732? 296E0008009E         move.l  ($8,A6), ($9e,A4)
FFCF5738? 294000A2             move.l  D0, ($a2,A4)
FFCF573C? 598F                 subq.l  #4, A7
FFCF573E? 2F2E0008             move.l  ($8,A6), -(A7)
FFCF5742? 4EBA227C             jsr     ($ffcf79c0,PC)
FFCF5746? 295F00A6             move.l  (A7)+, ($a6,A4)
FFCF574A? 297C00480000000E     move.l  #$480000, ($e,A4)
FFCF5752? 297C004800000012     move.l  #$480000, ($12,A4)
FFCF575A? 206E0008             movea.l ($8,A6), A0
FFCF575E? 2050                 movea.l (A0), A0
FFCF5760? 43EC0018             lea     ($18,A4), A1
FFCF5764? 5488                 addq.l  #2, A0
FFCF5766? 22D8                 move.l  (A0)+, (A1)+
FFCF5768? 22D8                 move.l  (A0)+, (A1)+
FFCF576A? 486EFFF2             pea     (-$e,A6)
FFCF576E? A874                 _GetPort                                  ; A-line trap A874
FFCF5770? 7003                 moveq   #$3, D0
FFCF5772? C06C006C             and.w   ($6c,A4), D0
FFCF5776? 674A                 beq     $ffcf57c2
FFCF5778? 42AC00D4             clr.l   ($d4,A4)
FFCF577C? 426C00D2             clr.w   ($d2,A4)
FFCF5780? 397CFFFF00DC         move.w  #$ffff, ($dc,A4)
FFCF5786? 397CFFFF00DA         move.w  #$ffff, ($da,A4)
FFCF578C? 397CFFFF00D8         move.w  #$ffff, ($d8,A4)
FFCF5792? 206EFFF2             movea.l (-$e,A6), A0
FFCF5796? 303CC000             move.w  #$c000, D0
FFCF579A? C0680006             and.w   ($6,A0), D0
FFCF579E? 7200                 moveq   #$0, D1
FFCF57A0? 3200                 move.w  D0, D1
FFCF57A2? 4A81                 tst.l   D1
FFCF57A4? 671C                 beq     $ffcf57c2
FFCF57A6? 43EC00D2             lea     ($d2,A4), A1
FFCF57AA? 41E80024             lea     ($24,A0), A0
FFCF57AE? 22D8                 move.l  (A0)+, (A1)+
FFCF57B0? 32D8                 move.w  (A0)+, (A1)+
FFCF57B2? 206EFFF2             movea.l (-$e,A6), A0
FFCF57B6? 43EC00D8             lea     ($d8,A4), A1
FFCF57BA? 41E8002A             lea     ($2a,A0), A0
FFCF57BE? 22D8                 move.l  (A0)+, (A1)+
FFCF57C0? 32D8                 move.w  (A0)+, (A1)+
FFCF57C2? 7008                 moveq   #$8, D0
FFCF57C4? C06C006C             and.w   ($6c,A4), D0
FFCF57C8? 6712                 beq     $ffcf57dc
FFCF57CA? 7000                 moveq   #$0, D0
FFCF57CC? A122                 _NewHandle                                ; A-line trap A122
FFCF57CE? 2448                 movea.l A0, A2
FFCF57D0? 558F                 subq.l  #2, A7
FFCF57D2? 3EB80220             move.w  $220.w, (A7)                      ; CurIOTrap
FFCF57D6? 381F                 move.w  (A7)+, D4
FFCF57D8? 660006F6             bne     $ffcf5ed0
FFCF57DC? 486C0072             pea     ($72,A4)
FFCF57E0? 4EBAF69E             jsr     ($ffcf4e80,PC)
FFCF57E4? 486C008A             pea     ($8a,A4)
FFCF57E8? 4EBAF696             jsr     ($ffcf4e80,PC)
FFCF57EC? 486C007E             pea     ($7e,A4)
FFCF57F0? 4EBAF68E             jsr     ($ffcf4e80,PC)
FFCF57F4? 206EFFF2             movea.l (-$e,A6), A0
FFCF57F8? 20680068             movea.l ($68,A0), A0
FFCF57FC? 2D68002CFEDE         move.l  ($2c,A0), (-$122,A6)
FFCF5802? 206EFFF2             movea.l (-$e,A6), A0
FFCF5806? 4AA80068             tst.l   ($68,A0)
FFCF580A? 4FEF000C             lea     ($c,A7), A7
FFCF580E? 6760                 beq     $ffcf5870
FFCF5810? 4AAEFEDE             tst.l   (-$122,A6)
FFCF5814? 675A                 beq     $ffcf5870
FFCF5816? 598F                 subq.l  #4, A7
FFCF5818? 3F3CA8EE             move.w  #$a8ee, -(A7)
FFCF581C? 7001                 moveq   #$1, D0
FFCF581E? 1F00                 move.b  D0, -(A7)
FFCF5820? 4EBA21AE             jsr     ($ffcf79d0,PC)
FFCF5824? 202EFEDE             move.l  (-$122,A6), D0
FFCF5828? B09F                 cmp.l   (A7)+, D0
FFCF582A? 6744                 beq     $ffcf5870
FFCF582C? 7003                 moveq   #$3, D0
FFCF582E? 2F00                 move.l  D0, -(A7)
FFCF5830? 7200                 moveq   #$0, D1
FFCF5832? 2F01                 move.l  D1, -(A7)
FFCF5834? 486C0072             pea     ($72,A4)
FFCF5838? 4EBAF6D6             jsr     ($ffcf4f10,PC)
FFCF583C? 3800                 move.w  D0, D4
FFCF583E? 4FEF000C             lea     ($c,A7), A7
FFCF5842? 6600068C             bne     $ffcf5ed0
FFCF5846? 296C00720096         move.l  ($72,A4), ($96,A4)
FFCF584C? 202C0076             move.l  ($76,A4), D0
FFCF5850? D0AC0072             add.l   ($72,A4), D0
FFCF5854? 2940009A             move.l  D0, ($9a,A4)
FFCF5858? 296EFEDE00AC         move.l  (-$122,A6), ($ac,A4)
FFCF585E? 2F2C0072             move.l  ($72,A4), -(A7)
FFCF5862? 3F2C0078             move.w  ($78,A4), -(A7)
FFCF5866? 206EFEDE             movea.l (-$122,A6), A0
FFCF586A? 4E90                 jsr     (A0)
FFCF586C? 6000065A             bra     $ffcf5ec8
FFCF5870? 700A                 moveq   #$a, D0
FFCF5872? 2F00                 move.l  D0, -(A7)
FFCF5874? 2F0C                 move.l  A4, -(A7)
FFCF5876? 4EBAF140             jsr     ($ffcf49b8,PC)
FFCF587A? 504F                 addq.w  #8, A7
FFCF587C? 6000064A             bra     $ffcf5ec8
FFCF5880? 4A44                 tst.w   D4
FFCF5882? 6600064C             bne     $ffcf5ed0
FFCF5886? 382C00AA             move.w  ($aa,A4), D4
FFCF588A? 66000644             bne     $ffcf5ed0
FFCF588E? 7001                 moveq   #$1, D0
FFCF5890? B06EFFEE             cmp.w   (-$12,A6), D0
FFCF5894? 6610                 bne     $ffcf58a6
FFCF5896? 2F0C                 move.l  A4, -(A7)
FFCF5898? 4EBAF10C             jsr     ($ffcf49a6,PC)
FFCF589C? 7600                 moveq   #$0, D3
FFCF589E? 1600                 move.b  D0, D3
FFCF58A0? 4A83                 tst.l   D3
FFCF58A2? 584F                 addq.w  #4, A7
FFCF58A4? 601C                 bra     $ffcf58c2
FFCF58A6? 202C00A2             move.l  ($a2,A4), D0
FFCF58AA? 08000000             btst    #$0, D0
FFCF58AE? 6708                 beq     $ffcf58b8
FFCF58B0? 2F0C                 move.l  A4, -(A7)
FFCF58B2? 4EBAF112             jsr     ($ffcf49c6,PC)
FFCF58B6? 584F                 addq.w  #4, A7
FFCF58B8? 2F0C                 move.l  A4, -(A7)
FFCF58BA? 4EBAF0E6             jsr     ($ffcf49a2,PC)
FFCF58BE? 3600                 move.w  D0, D3
FFCF58C0? 584F                 addq.w  #4, A7
FFCF58C2? 3C03                 move.w  D3, D6
FFCF58C4? E04E                 lsr.w   #8, D6
FFCF58C6? 3003                 move.w  D3, D0
FFCF58C8? E848                 lsr.w   #4, D0
FFCF58CA? 7200                 moveq   #$0, D1
FFCF58CC? 3200                 move.w  D0, D1
FFCF58CE? 700F                 moveq   #$f, D0
FFCF58D0? C041                 and.w   D1, D0
FFCF58D2? 3D40FED6             move.w  D0, (-$12a,A6)
FFCF58D6? 7000                 moveq   #$0, D0
FFCF58D8? 3003                 move.w  D3, D0
FFCF58DA? 7E0F                 moveq   #$f, D7
FFCF58DC? CE40                 and.w   D0, D7
FFCF58DE? 7000                 moveq   #$0, D0
FFCF58E0? 3006                 move.w  D6, D0
FFCF58E2? 4A80                 tst.l   D0
FFCF58E4? 66000530             bne     $ffcf5e16
FFCF58E8? 302EFED6             move.w  (-$12a,A6), D0
FFCF58EC? 0C40000F             cmpi.w  #$f, D0
FFCF58F0? 620005D6             bhi     $ffcf5ec8
FFCF58F4? D040                 add.w   D0, D0
FFCF58F6? 303B0006             move.w  ($6,PC,D0.w), D0
FFCF58FA? 4EFB0000             jmp     (PC,D0.w)
FFCF58FE? 002201AC             ori.b   #$ac, -(A2)
FFCF5902? 02B203C603CC03D203F2 andi.l  #$3c603cc, ([]$3f2)
FFCF590C? 0418041E             subi.b  #$1e, (A0)+
FFCF5910? 04500496             subi.w  #$496, (A0)
FFCF5914? 05CC05CC             movep.l D2, ($5cc,A4)
FFCF5918? 05B605B6050430075340 bclr    D2, ([$5043007],D0.w*4,$5340)
FFCF5922? 650005A4             bcs     $ffcf5ec8
FFCF5926? 0C40000E             cmpi.w  #$e, D0
FFCF592A? 6200059C             bhi     $ffcf5ec8
FFCF592E? D040                 add.w   D0, D0
FFCF5930? 303B0006             move.w  ($6,PC,D0.w), D0
FFCF5934? 4EFB0000             jmp     (PC,D0.w)
FFCF5938d 03E80024013E014E     dc.b    $03,$E8,$00,$24,$01,$3E,$01,$4E,$00,$34,$00,$40,$00,$40,$00,$34 ; |...$.>.N.4.@.@.4|
FFCF5948d 0024002400400040     dc.b    $00,$24,$00,$24,$00,$40,$00,$40,$01,$62,$00,$4C,$00,$4C,$60,$00 ; |.$.$.@.@.b.L.L`.|
FFCF5958d 03C6                 dc.b    $03,$C6                           ; |..|
FFCF595A? 7008                 moveq   #$8, D0
FFCF595C? 2F00                 move.l  D0, -(A7)
FFCF595E? 2F0C                 move.l  A4, -(A7)
FFCF5960? 4EBAF056             jsr     ($ffcf49b8,PC)
FFCF5964? 504F                 addq.w  #8, A7
FFCF5966? 60000560             bra     $ffcf5ec8
FFCF596A? 2F0C                 move.l  A4, -(A7)
FFCF596C? 4EBAF054             jsr     ($ffcf49c2,PC)
FFCF5970? 584F                 addq.w  #4, A7
FFCF5972? 60000554             bra     $ffcf5ec8
FFCF5976? 2F0C                 move.l  A4, -(A7)
FFCF5978? 4EBAF044             jsr     ($ffcf49be,PC)
FFCF597C? 584F                 addq.w  #4, A7
FFCF597E? 60000548             bra     $ffcf5ec8
FFCF5982? 47EEFFF8             lea     (-$8,A6), A3
FFCF5986? 2F0C                 move.l  A4, -(A7)
FFCF5988? 4EBAF014             jsr     ($ffcf499e,PC)
FFCF598C? 04800000001E         subi.l  #$1e, D0
FFCF5992? 584F                 addq.w  #4, A7
FFCF5994? 67000096             beq     $ffcf5a2c
FFCF5998? 5780                 subq.l  #3, D0
FFCF599A? 6734                 beq     $ffcf59d0
FFCF599C? 048000000024         subi.l  #$24, D0
FFCF59A2? 6736                 beq     $ffcf59da
FFCF59A4? 048000000044         subi.l  #$44, D0
FFCF59AA? 673C                 beq     $ffcf59e8
FFCF59AC? 048000000044         subi.l  #$44, D0
FFCF59B2? 6742                 beq     $ffcf59f6
FFCF59B4? 048000000044         subi.l  #$44, D0
FFCF59BA? 6748                 beq     $ffcf5a04
FFCF59BC? 048000000044         subi.l  #$44, D0
FFCF59C2? 674E                 beq     $ffcf5a12
FFCF59C4? 048000000044         subi.l  #$44, D0
FFCF59CA? 6754                 beq     $ffcf5a20
FFCF59CC? 600004FA             bra     $ffcf5ec8
FFCF59D0? 7000                 moveq   #$0, D0
FFCF59D2? 2680                 move.l  D0, (A3)
FFCF59D4? 426EFFFC             clr.w   (-$4,A6)
FFCF59D8? 605C                 bra     $ffcf5a36
FFCF59DA? 26BCFC00F37D         move.l  #$fc00f37d, (A3)
FFCF59E0? 3D7C052FFFFC         move.w  #$52f, (-$4,A6)
FFCF59E6? 604E                 bra     $ffcf5a36
FFCF59E8? 26BCF2D70856         move.l  #$f2d70856, (A3)                  ; BANDIT+D70856
FFCF59EE? 3D7C84ECFFFC         move.w  #$84ec, (-$4,A6)
FFCF59F4? 6040                 bra     $ffcf5a36
FFCF59F6? 26BCDD6B08C2         move.l  #$dd6b08c2, (A3)
FFCF59FC? 3D7C06A2FFFC         move.w  #$6a2, (-$4,A6)
FFCF5A02? 6032                 bra     $ffcf5a36
FFCF5A04? 26BC0241AB54         move.l  #$241ab54, (A3)
FFCF5A0A? 3D7CEAFFFFFC         move.w  #$eaff, (-$4,A6)
FFCF5A10? 6024                 bra     $ffcf5a36
FFCF5A12? 26BC00008000         move.l  #$8000, (A3)
FFCF5A18? 3D7C11B0FFFC         move.w  #$11b0, (-$4,A6)
FFCF5A1E? 6016                 bra     $ffcf5a36
FFCF5A20? 7000                 moveq   #$0, D0
FFCF5A22? 2680                 move.l  D0, (A3)
FFCF5A24? 3D7CD400FFFC         move.w  #$d400, (-$4,A6)
FFCF5A2A? 600A                 bra     $ffcf5a36
FFCF5A2C? 70FF                 moveq   #-$1, D0
FFCF5A2E? 2680                 move.l  D0, (A3)
FFCF5A30? 3D7CFFFFFFFC         move.w  #$ffff, (-$4,A6)
FFCF5A36? 7000                 moveq   #$0, D0
FFCF5A38? 3007                 move.w  D7, D0
FFCF5A3A? 720E                 moveq   #$e, D1
FFCF5A3C? B280                 cmp.l   D0, D1
FFCF5A3E? 660E                 bne     $ffcf5a4e
FFCF5A40? 41EC00D2             lea     ($d2,A4), A0
FFCF5A44? 43EEFFF8             lea     (-$8,A6), A1
FFCF5A48? 20D9                 move.l  (A1)+, (A0)+
FFCF5A4A? 30D9                 move.w  (A1)+, (A0)+
FFCF5A4C? 600C                 bra     $ffcf5a5a
FFCF5A4E? 41EC00D8             lea     ($d8,A4), A0
FFCF5A52? 43EEFFF8             lea     (-$8,A6), A1
FFCF5A56? 20D9                 move.l  (A1)+, (A0)+
FFCF5A58? 30D9                 move.w  (A1)+, (A0)+
FFCF5A5A? 7003                 moveq   #$3, D0
FFCF5A5C? C06C006C             and.w   ($6c,A4), D0
FFCF5A60? 67000466             beq     $ffcf5ec8
FFCF5A64? 486EFFF8             pea     (-$8,A6)
FFCF5A68? 2F0C                 move.l  A4, -(A7)
FFCF5A6A? 4EBAF294             jsr     ($ffcf4d00,PC)
FFCF5A6E? 504F                 addq.w  #8, A7
FFCF5A70? 60000456             bra     $ffcf5ec8
FFCF5A74? 2F0C                 move.l  A4, -(A7)
FFCF5A76? 4EBAEF2A             jsr     ($ffcf49a2,PC)
FFCF5A7A? 3D40FFE6             move.w  D0, (-$1a,A6)
FFCF5A7E? 584F                 addq.w  #4, A7
FFCF5A80? 60000446             bra     $ffcf5ec8
FFCF5A84? 2F0C                 move.l  A4, -(A7)
FFCF5A86? 4EBAEF1E             jsr     ($ffcf49a6,PC)
FFCF5A8A? 7200                 moveq   #$0, D1
FFCF5A8C? 1200                 move.b  D0, D1
FFCF5A8E? 3D41FEE4             move.w  D1, (-$11c,A6)
FFCF5A92? 584F                 addq.w  #4, A7
FFCF5A94? 60000432             bra     $ffcf5ec8
FFCF5A98? 2F0C                 move.l  A4, -(A7)
FFCF5A9A? 4EBAEF06             jsr     ($ffcf49a2,PC)
FFCF5A9E? 3D40FEE2             move.w  D0, (-$11e,A6)
FFCF5AA2? 584F                 addq.w  #4, A7
FFCF5AA4? 60000422             bra     $ffcf5ec8
FFCF5AA8? 3007                 move.w  D7, D0
FFCF5AAA? 0C40000F             cmpi.w  #$f, D0
FFCF5AAE? 62000418             bhi     $ffcf5ec8
FFCF5AB2? D040                 add.w   D0, D0
FFCF5AB4? 303B0006             move.w  ($6,PC,D0.w), D0
FFCF5AB8? 4EFB0000             jmp     (PC,D0.w)
FFCF5ABCd 0022003200460046     dc.b    $00,$22,$00,$32,$00,$46,$00,$46,$00,$46,$00,$7E,$00,$7E,$04,$0E ; |.".2.F.F.F.~.~..|
FFCF5ACCd 040E040E008A008A     dc.b    $04,$0E,$04,$0E,$00,$8A,$00,$8A,$04,$0E,$00,$8A,$04,$0E,$00,$8A ; |................|
FFCF5ADC? 7008                 moveq   #$8, D0
FFCF5ADE? 2F00                 move.l  D0, -(A7)
FFCF5AE0? 2F0C                 move.l  A4, -(A7)
FFCF5AE2? 4EBAEED4             jsr     ($ffcf49b8,PC)
FFCF5AE6? 504F                 addq.w  #8, A7
FFCF5AE8? 600003DE             bra     $ffcf5ec8
FFCF5AEC? 2F0C                 move.l  A4, -(A7)
FFCF5AEE? 4EBAEEB6             jsr     ($ffcf49a6,PC)
FFCF5AF2? 7200                 moveq   #$0, D1
FFCF5AF4? 1200                 move.b  D0, D1
FFCF5AF6? 3D41FFEE             move.w  D1, (-$12,A6)
FFCF5AFA? 584F                 addq.w  #4, A7
FFCF5AFC? 600003CA             bra     $ffcf5ec8
FFCF5B00? 2F0C                 move.l  A4, -(A7)
FFCF5B02? 4EBAEE9E             jsr     ($ffcf49a2,PC)
FFCF5B06? 3D40FFFE             move.w  D0, (-$2,A6)
FFCF5B0A? 7008                 moveq   #$8, D0
FFCF5B0C? 2F00                 move.l  D0, -(A7)
FFCF5B0E? 2F0C                 move.l  A4, -(A7)
FFCF5B10? 4EBAEEA6             jsr     ($ffcf49b8,PC)
FFCF5B14? 7002                 moveq   #$2, D0
FFCF5B16? B06EFFFE             cmp.w   (-$2,A6), D0
FFCF5B1A? 4FEF000C             lea     ($c,A7), A7
FFCF5B1E? 6724                 beq     $ffcf5b44
FFCF5B20? 7001                 moveq   #$1, D0
FFCF5B22? 2F00                 move.l  D0, -(A7)
FFCF5B24? 7208                 moveq   #$8, D1
FFCF5B26? 2F01                 move.l  D1, -(A7)
FFCF5B28? 2F0C                 move.l  A4, -(A7)
FFCF5B2A? 4EBA0764             jsr     ($ffcf6290,PC)
FFCF5B2E? 3800                 move.w  D0, D4
FFCF5B30? 4FEF000C             lea     ($c,A7), A7
FFCF5B34? 60000392             bra     $ffcf5ec8
FFCF5B38? 2F0C                 move.l  A4, -(A7)
FFCF5B3A? 4EBAEE86             jsr     ($ffcf49c2,PC)
FFCF5B3E? 584F                 addq.w  #4, A7
FFCF5B40? 60000386             bra     $ffcf5ec8
FFCF5B44? 2F0C                 move.l  A4, -(A7)
FFCF5B46? 4EBAEE5A             jsr     ($ffcf49a2,PC)
FFCF5B4A? 3D40FFF8             move.w  D0, (-$8,A6)
FFCF5B4E? 2F0C                 move.l  A4, -(A7)
FFCF5B50? 4EBAEE50             jsr     ($ffcf49a2,PC)
FFCF5B54? 3D40FFFA             move.w  D0, (-$6,A6)
FFCF5B58? 2F0C                 move.l  A4, -(A7)
FFCF5B5A? 4EBAEE46             jsr     ($ffcf49a2,PC)
FFCF5B5E? 3D40FFFC             move.w  D0, (-$4,A6)
FFCF5B62? 7000                 moveq   #$0, D0
FFCF5B64? 3007                 move.w  D7, D0
FFCF5B66? 720A                 moveq   #$a, D1
FFCF5B68? B280                 cmp.l   D0, D1
FFCF5B6A? 4FEF000C             lea     ($c,A7), A7
FFCF5B6E? 660E                 bne     $ffcf5b7e
FFCF5B70? 41EC00D2             lea     ($d2,A4), A0
FFCF5B74? 43EEFFF8             lea     (-$8,A6), A1
FFCF5B78? 20D9                 move.l  (A1)+, (A0)+
FFCF5B7A? 30D9                 move.w  (A1)+, (A0)+
FFCF5B7C? 6016                 bra     $ffcf5b94
FFCF5B7E? 7000                 moveq   #$0, D0
FFCF5B80? 3007                 move.w  D7, D0
FFCF5B82? 720B                 moveq   #$b, D1
FFCF5B84? B280                 cmp.l   D0, D1
FFCF5B86? 660C                 bne     $ffcf5b94
FFCF5B88? 41EC00D8             lea     ($d8,A4), A0
FFCF5B8C? 43EEFFF8             lea     (-$8,A6), A1
FFCF5B90? 20D9                 move.l  (A1)+, (A0)+
FFCF5B92? 30D9                 move.w  (A1)+, (A0)+
FFCF5B94? 7003                 moveq   #$3, D0
FFCF5B96? C06C006C             and.w   ($6c,A4), D0
FFCF5B9A? 6700032C             beq     $ffcf5ec8
FFCF5B9E? 486EFFF8             pea     (-$8,A6)
FFCF5BA2? 2F0C                 move.l  A4, -(A7)
FFCF5BA4? 4EBAF15A             jsr     ($ffcf4d00,PC)
FFCF5BA8? 504F                 addq.w  #8, A7
FFCF5BAA? 6000031C             bra     $ffcf5ec8
FFCF5BAE? 3007                 move.w  D7, D0
FFCF5BB0? 0C40000F             cmpi.w  #$f, D0
FFCF5BB4? 62000312             bhi     $ffcf5ec8
FFCF5BB8? D040                 add.w   D0, D0
FFCF5BBA? 303B0006             move.w  ($6,PC,D0.w), D0
FFCF5BBE? 4EFB0000             jmp     (PC,D0.w)
FFCF5BC2d 00220030003A         dc.b    $00,$22,$00,$30,$00,$3A           ; |.".0.:|
FFCF5BC8? 00420224             ori.w   #$224, D2
FFCF5BCC? 02240224             andi.b  #$24, -(A4)
FFCF5BD0? 02240052             andi.b  #$52, -(A4)
FFCF5BD4? 005C005C             ori.w   #$5c, (A4)+
FFCF5BD8? 006600AC             ori.w   #$ac, -(A6)
FFCF5BDC? 02240224             andi.b  #$24, -(A4)
FFCF5BE0? 02247008             andi.b  #$8, -(A4)
FFCF5BE4? 2F00                 move.l  D0, -(A7)
FFCF5BE6? 2F0C                 move.l  A4, -(A7)
FFCF5BE8? 4EBAEDCE             jsr     ($ffcf49b8,PC)
FFCF5BEC? 504F                 addq.w  #8, A7
FFCF5BEE? 601A                 bra     $ffcf5c0a
FFCF5BF0? 2F0C                 move.l  A4, -(A7)
FFCF5BF2? 4EBAEDCA             jsr     ($ffcf49be,PC)
FFCF5BF6? 584F                 addq.w  #4, A7
FFCF5BF8? 6010                 bra     $ffcf5c0a
FFCF5BFA? 2F0C                 move.l  A4, -(A7)
FFCF5BFC? 4EBAEDC0             jsr     ($ffcf49be,PC)
FFCF5C00? 584F                 addq.w  #4, A7
FFCF5C02? 2F0C                 move.l  A4, -(A7)
FFCF5C04? 4EBAEDBC             jsr     ($ffcf49c2,PC)
FFCF5C08? 584F                 addq.w  #4, A7
FFCF5C0A? 52AC0024             addq.l  #1, ($24,A4)
FFCF5C0E? 600002B8             bra     $ffcf5ec8
FFCF5C12? 2F0C                 move.l  A4, -(A7)
FFCF5C14? 4EBAEDA8             jsr     ($ffcf49be,PC)
FFCF5C18? 584F                 addq.w  #4, A7
FFCF5C1A? 6012                 bra     $ffcf5c2e
FFCF5C1C? 2F0C                 move.l  A4, -(A7)
FFCF5C1E? 4EBAEDA6             jsr     ($ffcf49c6,PC)
FFCF5C22? 584F                 addq.w  #4, A7
FFCF5C24? 6008                 bra     $ffcf5c2e
FFCF5C26? 2F0C                 move.l  A4, -(A7)
FFCF5C28? 4EBAED98             jsr     ($ffcf49c2,PC)
FFCF5C2C? 584F                 addq.w  #4, A7
FFCF5C2E? 52AC0020             addq.l  #1, ($20,A4)
FFCF5C32? 2F0C                 move.l  A4, -(A7)
FFCF5C34? 4EBAED70             jsr     ($ffcf49a6,PC)
FFCF5C38? 7A00                 moveq   #$0, D5
FFCF5C3A? 1A00                 move.b  D0, D5
FFCF5C3C? 7000                 moveq   #$0, D0
FFCF5C3E? 3005                 move.w  D5, D0
FFCF5C40? 2F00                 move.l  D0, -(A7)
FFCF5C42? 2F0C                 move.l  A4, -(A7)
FFCF5C44? 4EBAED72             jsr     ($ffcf49b8,PC)
FFCF5C48? 7008                 moveq   #$8, D0
FFCF5C4A? C06C006C             and.w   ($6c,A4), D0
FFCF5C4E? 4FEF000C             lea     ($c,A7), A7
FFCF5C52? 67000274             beq     $ffcf5ec8
FFCF5C56? 2F0A                 move.l  A2, -(A7)
FFCF5C58? 486EFEE2             pea     (-$11e,A6)
FFCF5C5C? 2F0C                 move.l  A4, -(A7)
FFCF5C5E? 4EBA0360             jsr     ($ffcf5fc0,PC)
FFCF5C62? 3800                 move.w  D0, D4
FFCF5C64? 4FEF000C             lea     ($c,A7), A7
FFCF5C68? 6000025E             bra     $ffcf5ec8
FFCF5C6C? 2F0C                 move.l  A4, -(A7)
FFCF5C6E? 4EBAED52             jsr     ($ffcf49c2,PC)
FFCF5C72? 2F0C                 move.l  A4, -(A7)
FFCF5C74? 4EBAED2C             jsr     ($ffcf49a2,PC)
FFCF5C78? 3D40FFE6             move.w  D0, (-$1a,A6)
FFCF5C7C? 2F0C                 move.l  A4, -(A7)
FFCF5C7E? 4EBAED26             jsr     ($ffcf49a6,PC)
FFCF5C82? 7A00                 moveq   #$0, D5
FFCF5C84? 1A00                 move.b  D0, D5
FFCF5C86? 1D45FEE6             move.b  D5, (-$11a,A6)
FFCF5C8A? 7000                 moveq   #$0, D0
FFCF5C8C? 3005                 move.w  D5, D0
FFCF5C8E? 2F00                 move.l  D0, -(A7)
FFCF5C90? 486EFEE7             pea     (-$119,A6)
FFCF5C94? 2F0C                 move.l  A4, -(A7)
FFCF5C96? 4EBAECF8             jsr     ($ffcf4990,PC)
FFCF5C9A? 7008                 moveq   #$8, D0
FFCF5C9C? C06C006C             and.w   ($6c,A4), D0
FFCF5CA0? 4FEF0018             lea     ($18,A7), A7
FFCF5CA4? 67000222             beq     $ffcf5ec8
FFCF5CA8? 382C00AA             move.w  ($aa,A4), D4
FFCF5CAC? 6600021A             bne     $ffcf5ec8
FFCF5CB0? 486EFEE2             pea     (-$11e,A6)
FFCF5CB4? 2F0A                 move.l  A2, -(A7)
FFCF5CB6? 4EBA0558             jsr     ($ffcf6210,PC)
FFCF5CBA? 3800                 move.w  D0, D4
FFCF5CBC? 504F                 addq.w  #8, A7
FFCF5CBE? 60000208             bra     $ffcf5ec8
FFCF5CC2d 52AC0028600A52AC     dc.b    $52,$AC,$00,$28,$60,$0A,$52,$AC,$00,$2C,$60,$04 ; |R..(`.R..,`.|
FFCF5CCE? 52AC0030             addq.l  #1, ($30,A4)
FFCF5CD2? 7000                 moveq   #$0, D0
FFCF5CD4? 3007                 move.w  D7, D0
FFCF5CD6? 0C400008             cmpi.w  #$8, D0
FFCF5CDA? 640001EC             bcc     $ffcf5ec8
FFCF5CDE? 7008                 moveq   #$8, D0
FFCF5CE0? 2F00                 move.l  D0, -(A7)
FFCF5CE2? 2F0C                 move.l  A4, -(A7)
FFCF5CE4? 4EBAECD2             jsr     ($ffcf49b8,PC)
FFCF5CE8? 504F                 addq.w  #8, A7
FFCF5CEA? 600001DC             bra     $ffcf5ec8
FFCF5CEE? 52AC0034             addq.l  #1, ($34,A4)
FFCF5CF2? 7000                 moveq   #$0, D0
FFCF5CF4? 3007                 move.w  D7, D0
FFCF5CF6? 0C400008             cmpi.w  #$8, D0
FFCF5CFA? 640C                 bcc     $ffcf5d08
FFCF5CFC? 7008                 moveq   #$8, D0
FFCF5CFE? 2F00                 move.l  D0, -(A7)
FFCF5D00? 2F0C                 move.l  A4, -(A7)
FFCF5D02? 4EBAECB4             jsr     ($ffcf49b8,PC)
FFCF5D06? 504F                 addq.w  #8, A7
FFCF5D08? 2F0C                 move.l  A4, -(A7)
FFCF5D0A? 4EBAECB2             jsr     ($ffcf49be,PC)
FFCF5D0E? 584F                 addq.w  #4, A7
FFCF5D10? 600001B6             bra     $ffcf5ec8
FFCF5D14d 52AC00386004         dc.b    $52,$AC,$00,$38,$60,$04           ; |R..8`.|
FFCF5D1A? 52AC003C             addq.l  #1, ($3c,A4)
FFCF5D1E? 7000                 moveq   #$0, D0
FFCF5D20? 3007                 move.w  D7, D0
FFCF5D22? 0C400008             cmpi.w  #$8, D0
FFCF5D26? 640001A0             bcc     $ffcf5ec8
FFCF5D2A? 2F0C                 move.l  A4, -(A7)
FFCF5D2C? 4EBAEC74             jsr     ($ffcf49a2,PC)
FFCF5D30? 7200                 moveq   #$0, D1
FFCF5D32? 3200                 move.w  D0, D1
FFCF5D34? 2A01                 move.l  D1, D5
FFCF5D36? 5585                 subq.l  #2, D5
FFCF5D38? 7000                 moveq   #$0, D0
FFCF5D3A? 3005                 move.w  D5, D0
FFCF5D3C? 2F00                 move.l  D0, -(A7)
FFCF5D3E? 2F0C                 move.l  A4, -(A7)
FFCF5D40? 4EBAEC76             jsr     ($ffcf49b8,PC)
FFCF5D44? 4FEF000C             lea     ($c,A7), A7
FFCF5D48? 6000017E             bra     $ffcf5ec8
FFCF5D4C? 3007                 move.w  D7, D0
FFCF5D4E? 0C40000B             cmpi.w  #$b, D0
FFCF5D52? 62000090             bhi     $ffcf5de4
FFCF5D56? D040                 add.w   D0, D0
FFCF5D58? 303B0006             move.w  ($6,PC,D0.w), D0
FFCF5D5C? 4EFB0000             jmp     (PC,D0.w)
FFCF5D60? 001A001A             ori.b   #$1a, (A2)+
FFCF5D64? 008600860086         ori.l   #$860086, D6
FFCF5D6A? 008600860086         ori.l   #$860086, D6
FFCF5D70? 001A001A             ori.b   #$1a, (A2)+
FFCF5D74? 001A001A             ori.b   #$1a, (A2)+
FFCF5D78? 7000                 moveq   #$0, D0
FFCF5D7A? 2F00                 move.l  D0, -(A7)
FFCF5D7C? 7200                 moveq   #$0, D1
FFCF5D7E? 3207                 move.w  D7, D1
FFCF5D80? 2F01                 move.l  D1, -(A7)
FFCF5D82? 2F0C                 move.l  A4, -(A7)
FFCF5D84? 4EBA050A             jsr     ($ffcf6290,PC)
FFCF5D88? 3800                 move.w  D0, D4
FFCF5D8A? 4FEF000C             lea     ($c,A7), A7
FFCF5D8E? 60000138             bra     $ffcf5ec8
FFCF5D92? 52AC0048             addq.l  #1, ($48,A4)
FFCF5D96? 2F0C                 move.l  A4, -(A7)
FFCF5D98? 4EBAEC08             jsr     ($ffcf49a2,PC)
FFCF5D9C? 3D40FED8             move.w  D0, (-$128,A6)
FFCF5DA0? 7004                 moveq   #$4, D0
FFCF5DA2? C06C006C             and.w   ($6c,A4), D0
FFCF5DA6? 584F                 addq.w  #4, A7
FFCF5DA8? 6712                 beq     $ffcf5dbc
FFCF5DAA? 7000                 moveq   #$0, D0
FFCF5DAC? 302EFED8             move.w  (-$128,A6), D0
FFCF5DB0? 2F00                 move.l  D0, -(A7)
FFCF5DB2? 2F0C                 move.l  A4, -(A7)
FFCF5DB4? 4EBA016A             jsr     ($ffcf5f20,PC)
FFCF5DB8? 3800                 move.w  D0, D4
FFCF5DBA? 504F                 addq.w  #8, A7
FFCF5DBC? 7000                 moveq   #$0, D0
FFCF5DBE? 3007                 move.w  D7, D0
FFCF5DC0? 4A80                 tst.l   D0
FFCF5DC2? 67000104             beq     $ffcf5ec8
FFCF5DC6? 7000                 moveq   #$0, D0
FFCF5DC8? 3007                 move.w  D7, D0
FFCF5DCA? 7201                 moveq   #$1, D1
FFCF5DCC? B280                 cmp.l   D0, D1
FFCF5DCE? 6714                 beq     $ffcf5de4
FFCF5DD0? 7000                 moveq   #$0, D0
FFCF5DD2? 302EFED8             move.w  (-$128,A6), D0
FFCF5DD6? 2F00                 move.l  D0, -(A7)
FFCF5DD8? 2F0C                 move.l  A4, -(A7)
FFCF5DDA? 4EBAEBDC             jsr     ($ffcf49b8,PC)
FFCF5DDE? 504F                 addq.w  #8, A7
FFCF5DE0? 600000E6             bra     $ffcf5ec8
FFCF5DE4? 2F0C                 move.l  A4, -(A7)
FFCF5DE6? 4EBAEBBA             jsr     ($ffcf49a2,PC)
FFCF5DEA? 3A00                 move.w  D0, D5
FFCF5DEC? 7000                 moveq   #$0, D0
FFCF5DEE? 3005                 move.w  D5, D0
FFCF5DF0? 2F00                 move.l  D0, -(A7)
FFCF5DF2? 2F0C                 move.l  A4, -(A7)
FFCF5DF4? 4EBAEBC2             jsr     ($ffcf49b8,PC)
FFCF5DF8? 4FEF000C             lea     ($c,A7), A7
FFCF5DFC? 600000CA             bra     $ffcf5ec8
FFCF5E00? 7000                 moveq   #$0, D0
FFCF5E02? 3007                 move.w  D7, D0
FFCF5E04? 720F                 moveq   #$f, D1
FFCF5E06? B280                 cmp.l   D0, D1
FFCF5E08? 660000A8             bne     $ffcf5eb2
FFCF5E0C? 1D7C0001FFF1         move.b  #$1, (-$f,A6)
FFCF5E12? 600000B4             bra     $ffcf5ec8
FFCF5E16? 7000                 moveq   #$0, D0
FFCF5E18? 3003                 move.w  D3, D0
FFCF5E1A? 0C8000000C00         cmpi.l  #$c00, D0
FFCF5E20? 666A                 bne     $ffcf5e8c
FFCF5E22? 2F0C                 move.l  A4, -(A7)
FFCF5E24? 4EBAEB7C             jsr     ($ffcf49a2,PC)
FFCF5E28? 0C40FFFE             cmpi.w  #-$2, D0
FFCF5E2C? 584F                 addq.w  #4, A7
FFCF5E2E? 664E                 bne     $ffcf5e7e
FFCF5E30? 2F0C                 move.l  A4, -(A7)
FFCF5E32? 4EBAEB8E             jsr     ($ffcf49c2,PC)
FFCF5E36? 2F0C                 move.l  A4, -(A7)
FFCF5E38? 4EBAEB64             jsr     ($ffcf499e,PC)
FFCF5E3C? 2940000E             move.l  D0, ($e,A4)
FFCF5E40? 2F0C                 move.l  A4, -(A7)
FFCF5E42? 4EBAEB5A             jsr     ($ffcf499e,PC)
FFCF5E46? 29400012             move.l  D0, ($12,A4)
FFCF5E4A? 2F0C                 move.l  A4, -(A7)
FFCF5E4C? 4EBAEB54             jsr     ($ffcf49a2,PC)
FFCF5E50? 39400018             move.w  D0, ($18,A4)
FFCF5E54? 2F0C                 move.l  A4, -(A7)
FFCF5E56? 4EBAEB4A             jsr     ($ffcf49a2,PC)
FFCF5E5A? 3940001A             move.w  D0, ($1a,A4)
FFCF5E5E? 2F0C                 move.l  A4, -(A7)
FFCF5E60? 4EBAEB40             jsr     ($ffcf49a2,PC)
FFCF5E64? 3940001C             move.w  D0, ($1c,A4)
FFCF5E68? 2F0C                 move.l  A4, -(A7)
FFCF5E6A? 4EBAEB36             jsr     ($ffcf49a2,PC)
FFCF5E6E? 3940001E             move.w  D0, ($1e,A4)
FFCF5E72? 2F0C                 move.l  A4, -(A7)
FFCF5E74? 4EBAEB48             jsr     ($ffcf49be,PC)
FFCF5E78? 4FEF0020             lea     ($20,A7), A7
FFCF5E7C? 604A                 bra     $ffcf5ec8
FFCF5E7E? 7016                 moveq   #$16, D0
FFCF5E80? 2F00                 move.l  D0, -(A7)
FFCF5E82? 2F0C                 move.l  A4, -(A7)
FFCF5E84? 4EBAEB32             jsr     ($ffcf49b8,PC)
FFCF5E88? 504F                 addq.w  #8, A7
FFCF5E8A? 603C                 bra     $ffcf5ec8
FFCF5E8C? 7000                 moveq   #$0, D0
FFCF5E8E? 3006                 move.w  D6, D0
FFCF5E90? 0C400080             cmpi.w  #$80, D0
FFCF5E94? 6412                 bcc     $ffcf5ea8
FFCF5E96? 7000                 moveq   #$0, D0
FFCF5E98? 3006                 move.w  D6, D0
FFCF5E9A? D080                 add.l   D0, D0
FFCF5E9C? 2F00                 move.l  D0, -(A7)
FFCF5E9E? 2F0C                 move.l  A4, -(A7)
FFCF5EA0? 4EBAEB16             jsr     ($ffcf49b8,PC)
FFCF5EA4? 504F                 addq.w  #8, A7
FFCF5EA6? 6020                 bra     $ffcf5ec8
FFCF5EA8? 7000                 moveq   #$0, D0
FFCF5EAA? 3006                 move.w  D6, D0
FFCF5EAC? 0C400081             cmpi.w  #$81, D0
FFCF5EB0? 6516                 bcs     $ffcf5ec8
FFCF5EB2? 2F0C                 move.l  A4, -(A7)
FFCF5EB4? 4EBAEAE8             jsr     ($ffcf499e,PC)
FFCF5EB8? 2D40FEDA             move.l  D0, (-$126,A6)
FFCF5EBC? 2F00                 move.l  D0, -(A7)
FFCF5EBE? 2F0C                 move.l  A4, -(A7)
FFCF5EC0? 4EBAEAF6             jsr     ($ffcf49b8,PC)
FFCF5EC4? 4FEF000C             lea     ($c,A7), A7
FFCF5EC8? 4A2EFFF1             tst.b   (-$f,A6)
FFCF5ECC? 6700F9B2             beq     $ffcf5880
FFCF5ED0? 302C0018             move.w  ($18,A4), D0
FFCF5ED4? 916C001C             sub.w   D0, ($1c,A4)
FFCF5ED8? 302C001A             move.w  ($1a,A4), D0
FFCF5EDC? 916C001E             sub.w   D0, ($1e,A4)
FFCF5EE0? 42AC0018             clr.l   ($18,A4)
FFCF5EE4? 204A                 movea.l A2, A0
FFCF5EE6? A023                 _DisposeHandle                            ; A-line trap A023
FFCF5EE8? 486C0072             pea     ($72,A4)
FFCF5EEC? 4EBAF1C2             jsr     ($ffcf50b0,PC)
FFCF5EF0? 486C008A             pea     ($8a,A4)
FFCF5EF4? 4EBAF1BA             jsr     ($ffcf50b0,PC)
FFCF5EF8? 486C007E             pea     ($7e,A4)
FFCF5EFC? 4EBAF1B2             jsr     ($ffcf50b0,PC)
FFCF5F00? 206E000C             movea.l ($c,A6), A0
FFCF5F04? 102EFFF7             move.b  (-$9,A6), D0
FFCF5F08? A06A                 _HSetState                                ; A-line trap A06A
FFCF5F0A? 3D440010             move.w  D4, ($10,A6)
FFCF5F0E? 4FEF000C             lea     ($c,A7), A7
FFCF5F12? 4CEE1CF8FEB6         movem.l (-$14a,A6), D3-D7/A2-A4
FFCF5F18? 4E5E                 unlk    A6
FFCF5F1A? 4E740008             rtd     #$8; (1+)
FFCF5F1Ed 00004E56000048E7     dc.b    $00,$00,$4E,$56,$00,$00,$48,$E7,$07,$38,$24,$6E,$00,$08 ; |..NV..H..8$n..|
FFCF5F2C? 3A2E000E             move.w  ($e,A6), D5
FFCF5F30? 4A6A00AA             tst.w   ($aa,A2)
FFCF5F34? 6706                 beq     $ffcf5f3c
FFCF5F36? 302A00AA             move.w  ($aa,A2), D0
FFCF5F3A? 6074                 bra     $ffcf5fb0
FFCF5F3C? 2C2A004C             move.l  ($4c,A2), D6
FFCF5F40? 266A0050             movea.l ($50,A2), A3
FFCF5F44? 2853                 movea.l (A3), A4
FFCF5F46? 2E06                 move.l  D6, D7
FFCF5F48? 7400                 moveq   #$0, D2
FFCF5F4A? 601A                 bra     $ffcf5f66
FFCF5F4C? 7000                 moveq   #$0, D0
FFCF5F4E? 3005                 move.w  D5, D0
FFCF5F50? 322C0002             move.w  ($2,A4), D1
FFCF5F54? 48C1                 ext.l   D1
FFCF5F56? B280                 cmp.l   D0, D1
FFCF5F58? 6606                 bne     $ffcf5f60
FFCF5F5A? 5254                 addq.w  #1, (A4)
FFCF5F5C? 7000                 moveq   #$0, D0
FFCF5F5E? 6050                 bra     $ffcf5fb0
FFCF5F60? 584C                 addq.w  #4, A4
FFCF5F62? 2007                 move.l  D7, D0
FFCF5F64? 5387                 subq.l  #1, D7
FFCF5F66? B487                 cmp.l   D7, D2
FFCF5F68? 6DE2                 blt     $ffcf5f4c
FFCF5F6A? 0C0600FF             cmpi.b  #-$1, D6
FFCF5F6E? 662A                 bne     $ffcf5f9a
FFCF5F70? 204B                 movea.l A3, A0
FFCF5F72? 223CFFFFFF00         move.l  #$ffffff00, D1
FFCF5F78? C286                 and.l   D6, D1
FFCF5F7A? D2BC00000200         add.l   #$200, D1
FFCF5F80? E581                 asl.l   #2, D1
FFCF5F82? 2001                 move.l  D1, D0
FFCF5F84? A024                 _SetHandleSize                            ; A-line trap A024
FFCF5F86? 558F                 subq.l  #2, A7
FFCF5F88? 3EB80220             move.w  $220.w, (A7)                      ; CurIOTrap
FFCF5F8C? 4A5F                 tst.w   (A7)+
FFCF5F8E? 670A                 beq     $ffcf5f9a
FFCF5F90? 558F                 subq.l  #2, A7
FFCF5F92? 3EB80220             move.w  $220.w, (A7)                      ; CurIOTrap
FFCF5F96? 301F                 move.w  (A7)+, D0
FFCF5F98? 6016                 bra     $ffcf5fb0
FFCF5F9A? 2006                 move.l  D6, D0
FFCF5F9C? E580                 asl.l   #2, D0
FFCF5F9E? 2840                 movea.l D0, A4
FFCF5FA0? D9D3                 adda.l  (A3), A4
FFCF5FA2? 38BC0001             move.w  #$1, (A4)
FFCF5FA6? 39450002             move.w  D5, ($2,A4)
FFCF5FAA? 52AA004C             addq.l  #1, ($4c,A2)
FFCF5FAE? 7000                 moveq   #$0, D0
FFCF5FB0? 4CEE1CE0FFE8         movem.l (-$18,A6), D5-D7/A2-A4
FFCF5FB6? 4E5E                 unlk    A6
FFCF5FB8? 4E75                 rts
FFCF5FBAd 0000000000004E56     dc.b    $00,$00,$00,$00,$00,$00,$4E,$56,$FF,$F6 ; |......NV..|
FFCF5FC4? 48E71738             movem.l D3/D5-D7/A2-A4, -(A7)
FFCF5FC8? 266E000C             movea.l ($c,A6), A3
FFCF5FCC? 206E0008             movea.l ($8,A6), A0
FFCF5FD0? 4A6800AA             tst.w   ($aa,A0)
FFCF5FD4? 6708                 beq     $ffcf5fde
FFCF5FD6? 302800AA             move.w  ($aa,A0), D0
FFCF5FDA? 600001C4             bra     $ffcf61a0
FFCF5FDE? 206E0008             movea.l ($8,A6), A0
FFCF5FE2? 2D680058FFF6         move.l  ($58,A0), (-$a,A6)
FFCF5FE8? 2D68005CFFFA         move.l  ($5c,A0), (-$6,A6)
FFCF5FEE? 707F                 moveq   #$7f, D0
FFCF5FF0? B053                 cmp.w   (A3), D0
FFCF5FF2? 6C02                 bge     $ffcf5ff6
FFCF5FF4? 4253                 clr.w   (A3)
FFCF5FF6? 206EFFF6             movea.l (-$a,A6), A0
FFCF5FFA? 2850                 movea.l (A0), A4
FFCF5FFC? 206E0008             movea.l ($8,A6), A0
FFCF6000? 2E280054             move.l  ($54,A0), D7
FFCF6004? 602A                 bra     $ffcf6030
FFCF6006? 3014                 move.w  (A4), D0
FFCF6008? B06B0104             cmp.w   ($104,A3), D0
FFCF600C? 661A                 bne     $ffcf6028
FFCF600E? 486C0004             pea     ($4,A4)
FFCF6012? 3013                 move.w  (A3), D0
FFCF6014? 48C0                 ext.l   D0
FFCF6016? 2F00                 move.l  D0, -(A7)
FFCF6018? A85E                 _BitSet                                   ; A-line trap A85E
FFCF601A? 302B0002             move.w  ($2,A3), D0
FFCF601E? 816C0014             or.w    D0, ($14,A4)
FFCF6022? 7000                 moveq   #$0, D0
FFCF6024? 6000017A             bra     $ffcf61a0
FFCF6028? 49EC001A             lea     ($1a,A4), A4
FFCF602C? 2007                 move.l  D7, D0
FFCF602E? 5387                 subq.l  #1, D7
FFCF6030? 4A87                 tst.l   D7
FFCF6032? 6ED2                 bgt     $ffcf6006
FFCF6034? 206E0008             movea.l ($8,A6), A0
FFCF6038? 2E280054             move.l  ($54,A0), D7
FFCF603C? 7007                 moveq   #$7, D0
FFCF603E? C007                 and.b   D7, D0
FFCF6040? 7200                 moveq   #$0, D1
FFCF6042? 1200                 move.b  D0, D1
FFCF6044? 0C410007             cmpi.w  #$7, D1
FFCF6048? 662C                 bne     $ffcf6076
FFCF604A? 206EFFF6             movea.l (-$a,A6), A0
FFCF604E? 72F8                 moveq   #-$8, D1
FFCF6050? C287                 and.l   D7, D1
FFCF6052? 7410                 moveq   #$10, D2
FFCF6054? D282                 add.l   D2, D1
FFCF6056? 761A                 moveq   #$1a, D3
FFCF6058? 4C031800             muls.l  D3, D1; (2+)
FFCF605C? 2001                 move.l  D1, D0
FFCF605E? A024                 _SetHandleSize                            ; A-line trap A024
FFCF6060? 558F                 subq.l  #2, A7
FFCF6062? 3EB80220             move.w  $220.w, (A7)                      ; CurIOTrap
FFCF6066? 4A5F                 tst.w   (A7)+
FFCF6068? 670C                 beq     $ffcf6076
FFCF606A? 558F                 subq.l  #2, A7
FFCF606C? 3EB80220             move.w  $220.w, (A7)                      ; CurIOTrap
FFCF6070? 301F                 move.w  (A7)+, D0
FFCF6072? 6000012C             bra     $ffcf61a0
FFCF6076? 3D6B0104FFFE         move.w  ($104,A3), (-$2,A6)
FFCF607C? 422B0004             clr.b   ($4,A3)
FFCF6080? 2F0B                 move.l  A3, -(A7)
FFCF6082? 2F2E0010             move.l  ($10,A6), -(A7)
FFCF6086? 4EBA0128             jsr     ($ffcf61b0,PC)
FFCF608A? 2C00                 move.l  D0, D6
FFCF608C? 504F                 addq.w  #8, A7
FFCF608E? 6722                 beq     $ffcf60b2
FFCF6090? 226E0010             movea.l ($10,A6), A1
FFCF6094? 2006                 move.l  D6, D0
FFCF6096? D091                 add.l   (A1), D0
FFCF6098? 2040                 movea.l D0, A0
FFCF609A? 244B                 movea.l A3, A2
FFCF609C? 588A                 addq.l  #4, A2
FFCF609E? 224A                 movea.l A2, A1
FFCF60A0? 246E0010             movea.l ($10,A6), A2
FFCF60A4? 2206                 move.l  D6, D1
FFCF60A6? D292                 add.l   (A2), D1
FFCF60A8? 2441                 movea.l D1, A2
FFCF60AA? 1212                 move.b  (A2), D1
FFCF60AC? 49C1                 extb.l  D1; (2+)
FFCF60AE? 2001                 move.l  D1, D0
FFCF60B0? A02E                 _BlockMove                                ; A-line trap A02E
FFCF60B2? 4A2B0004             tst.b   ($4,A3)
FFCF60B6? 670A                 beq     $ffcf60c2
FFCF60B8? 486B0004             pea     ($4,A3)
FFCF60BC? 486EFFFE             pea     (-$2,A6)
FFCF60C0? A900                 _GetFNum                                  ; A-line trap A900
FFCF60C2? 206EFFF6             movea.l (-$a,A6), A0
FFCF60C6? 2207                 move.l  D7, D1
FFCF60C8? 701A                 moveq   #$1a, D0
FFCF60CA? 4C001800             muls.l  D0, D1; (2+)
FFCF60CE? 2841                 movea.l D1, A4
FFCF60D0? D9D0                 adda.l  (A0), A4
FFCF60D2? 396EFFFE0002         move.w  (-$2,A6), ($2,A4)
FFCF60D8? 38AB0104             move.w  ($104,A3), (A4)
FFCF60DC? 396B00020014         move.w  ($2,A3), ($14,A4)
FFCF60E2? 7000                 moveq   #$0, D0
FFCF60E4? 29400004             move.l  D0, ($4,A4)
FFCF60E8? 29400008             move.l  D0, ($8,A4)
FFCF60EC? 2940000C             move.l  D0, ($c,A4)
FFCF60F0? 29400010             move.l  D0, ($10,A4)
FFCF60F4? 486C0004             pea     ($4,A4)
FFCF60F8? 3013                 move.w  (A3), D0
FFCF60FA? 48C0                 ext.l   D0
FFCF60FC? 2F00                 move.l  D0, -(A7)
FFCF60FE? A85E                 _BitSet                                   ; A-line trap A85E
FFCF6100? 598F                 subq.l  #4, A7
FFCF6102? 2F2EFFFA             move.l  (-$6,A6), -(A7)
FFCF6106? 4EBA18B8             jsr     ($ffcf79c0,PC)
FFCF610A? 2A1F                 move.l  (A7)+, D5
FFCF610C? 7C00                 moveq   #$0, D6
FFCF610E? 4A87                 tst.l   D7
FFCF6110? 6720                 beq     $ffcf6132
FFCF6112? 200C                 move.l  A4, D0
FFCF6114? 721A                 moveq   #$1a, D1
FFCF6116? 9081                 sub.l   D1, D0
FFCF6118? 2040                 movea.l D0, A0
FFCF611A? 2C280016             move.l  ($16,A0), D6
FFCF611E? 206EFFFA             movea.l (-$6,A6), A0
FFCF6122? 2006                 move.l  D6, D0
FFCF6124? D090                 add.l   (A0), D0
FFCF6126? 2040                 movea.l D0, A0
FFCF6128? 1010                 move.b  (A0), D0
FFCF612A? 4880                 ext.w   D0
FFCF612C? 5240                 addq.w  #1, D0
FFCF612E? 48C0                 ext.l   D0
FFCF6130? DC80                 add.l   D0, D6
FFCF6132? 29460016             move.l  D6, ($16,A4)
FFCF6136? 102B0004             move.b  ($4,A3), D0
FFCF613A? 49C0                 extb.l  D0; (2+)
FFCF613C? D086                 add.l   D6, D0
FFCF613E? 5280                 addq.l  #1, D0
FFCF6140? B085                 cmp.l   D5, D0
FFCF6142? 6F34                 ble     $ffcf6178
FFCF6144? 206EFFFA             movea.l (-$6,A6), A0
FFCF6148? 2206                 move.l  D6, D1
FFCF614A? D2BC00000100         add.l   #$100, D1
FFCF6150? 2001                 move.l  D1, D0
FFCF6152? A024                 _SetHandleSize                            ; A-line trap A024
FFCF6154? 558F                 subq.l  #2, A7
FFCF6156? 3EB80220             move.w  $220.w, (A7)                      ; CurIOTrap
FFCF615A? 4A5F                 tst.w   (A7)+
FFCF615C? 670A                 beq     $ffcf6168
FFCF615E? 558F                 subq.l  #2, A7
FFCF6160? 3EB80220             move.w  $220.w, (A7)                      ; CurIOTrap
FFCF6164? 301F                 move.w  (A7)+, D0
FFCF6166? 6038                 bra     $ffcf61a0
FFCF6168? 206EFFF6             movea.l (-$a,A6), A0
FFCF616C? 2207                 move.l  D7, D1
FFCF616E? 701A                 moveq   #$1a, D0
FFCF6170? 4C001800             muls.l  D0, D1; (2+)
FFCF6174? 2841                 movea.l D1, A4
FFCF6176? D9D0                 adda.l  (A0), A4
FFCF6178? 224B                 movea.l A3, A1
FFCF617A? 5889                 addq.l  #4, A1
FFCF617C? 2049                 movea.l A1, A0
FFCF617E? 246EFFFA             movea.l (-$6,A6), A2
FFCF6182? 2006                 move.l  D6, D0
FFCF6184? D092                 add.l   (A2), D0
FFCF6186? 2240                 movea.l D0, A1
FFCF6188? 122B0004             move.b  ($4,A3), D1
FFCF618C? 4881                 ext.w   D1
FFCF618E? 5241                 addq.w  #1, D1
FFCF6190? 48C1                 ext.l   D1
FFCF6192? 2001                 move.l  D1, D0
FFCF6194? A02E                 _BlockMove                                ; A-line trap A02E
FFCF6196? 206E0008             movea.l ($8,A6), A0
FFCF619A? 52A80054             addq.l  #1, ($54,A0)
FFCF619E? 7000                 moveq   #$0, D0
FFCF61A0? 4CEE1CE8FFDA         movem.l (-$26,A6), D3/D5-D7/A2-A4
FFCF61A6? 4E5E                 unlk    A6
FFCF61A8? 4E75                 rts
FFCF61AA? 00000000             ori.b   #$0, D0
FFCF61AE? 00004E56             ori.b   #$56, D0
FFCF61B2? 000048E7             ori.b   #$e7, D0
FFCF61B6? 0118                 btst    D0, (A0)+
FFCF61B8? 206E0008             movea.l ($8,A6), A0
FFCF61BC? 2850                 movea.l (A0), A4
FFCF61BE? 598F                 subq.l  #4, A7
FFCF61C0? 2F2E0008             move.l  ($8,A6), -(A7)
FFCF61C4? 4EBA17FA             jsr     ($ffcf79c0,PC)
FFCF61C8? 265F                 movea.l (A7)+, A3
FFCF61CA? D7CC                 adda.l  A4, A3
FFCF61CC? 6032                 bra     $ffcf6200
FFCF61CE? 206E000C             movea.l ($c,A6), A0
FFCF61D2? 301C                 move.w  (A4)+, D0
FFCF61D4? B0680104             cmp.w   ($104,A0), D0
FFCF61D8? 660A                 bne     $ffcf61e4
FFCF61DA? 206E0008             movea.l ($8,A6), A0
FFCF61DE? 200C                 move.l  A4, D0
FFCF61E0? 9090                 sub.l   (A0), D0
FFCF61E2? 6022                 bra     $ffcf6206
FFCF61E4? 7000                 moveq   #$0, D0
FFCF61E6? 1014                 move.b  (A4), D0
FFCF61E8? 3E00                 move.w  D0, D7
FFCF61EA? 5247                 addq.w  #1, D7
FFCF61EC? 7000                 moveq   #$0, D0
FFCF61EE? 3007                 move.w  D7, D0
FFCF61F0? 5280                 addq.l  #1, D0
FFCF61F2? 72FE                 moveq   #-$2, D1
FFCF61F4? C280                 and.l   D0, D1
FFCF61F6? 3E01                 move.w  D1, D7
FFCF61F8? 7000                 moveq   #$0, D0
FFCF61FA? 3007                 move.w  D7, D0
FFCF61FC? D08C                 add.l   A4, D0
FFCF61FE? 2840                 movea.l D0, A4
FFCF6200? B7CC                 cmpa.l  A4, A3
FFCF6202? 62CA                 bhi     $ffcf61ce
FFCF6204? 7000                 moveq   #$0, D0
FFCF6206? 4CEE1880FFF4         movem.l (-$c,A6), D7/A3-A4
FFCF620C? 4E5E                 unlk    A6
FFCF620E? 4E75                 rts
FFCF6210? 4E560000             link    A6, #$0
FFCF6214? 48E70338             movem.l D6-D7/A2-A4, -(A7)
FFCF6218? 246E0008             movea.l ($8,A6), A2
FFCF621C? 286E000C             movea.l ($c,A6), A4
FFCF6220? 2F0C                 move.l  A4, -(A7)
FFCF6222? 2F0A                 move.l  A2, -(A7)
FFCF6224? 4EBAFF8A             jsr     ($ffcf61b0,PC)
FFCF6228? 4A80                 tst.l   D0
FFCF622A? 504F                 addq.w  #8, A7
FFCF622C? 6704                 beq     $ffcf6232
FFCF622E? 7000                 moveq   #$0, D0
FFCF6230? 6054                 bra     $ffcf6286
FFCF6232? 598F                 subq.l  #4, A7
FFCF6234? 2F0A                 move.l  A2, -(A7)
FFCF6236? 4EBA1788             jsr     ($ffcf79c0,PC)
FFCF623A? 2C1F                 move.l  (A7)+, D6
FFCF623C? 7000                 moveq   #$0, D0
FFCF623E? 102C0004             move.b  ($4,A4), D0
FFCF6242? 3E00                 move.w  D0, D7
FFCF6244? 5247                 addq.w  #1, D7
FFCF6246? 204A                 movea.l A2, A0
FFCF6248? 7200                 moveq   #$0, D1
FFCF624A? 3207                 move.w  D7, D1
FFCF624C? D286                 add.l   D6, D1
FFCF624E? 5681                 addq.l  #3, D1
FFCF6250? 74FE                 moveq   #-$2, D2
FFCF6252? C481                 and.l   D1, D2
FFCF6254? 2002                 move.l  D2, D0
FFCF6256? A024                 _SetHandleSize                            ; A-line trap A024
FFCF6258? 558F                 subq.l  #2, A7
FFCF625A? 3EB80220             move.w  $220.w, (A7)                      ; CurIOTrap
FFCF625E? 4A5F                 tst.w   (A7)+
FFCF6260? 670A                 beq     $ffcf626c
FFCF6262? 558F                 subq.l  #2, A7
FFCF6264? 3EB80220             move.w  $220.w, (A7)                      ; CurIOTrap
FFCF6268? 301F                 move.w  (A7)+, D0
FFCF626A? 601A                 bra     $ffcf6286
FFCF626C? 2646                 movea.l D6, A3
FFCF626E? D7D2                 adda.l  (A2), A3
FFCF6270? 36EC0104             move.w  ($104,A4), (A3)+
FFCF6274? 224C                 movea.l A4, A1
FFCF6276? 5889                 addq.l  #4, A1
FFCF6278? 2049                 movea.l A1, A0
FFCF627A? 224B                 movea.l A3, A1
FFCF627C? 7200                 moveq   #$0, D1
FFCF627E? 3207                 move.w  D7, D1
FFCF6280? 2001                 move.l  D1, D0
FFCF6282? A02E                 _BlockMove                                ; A-line trap A02E
FFCF6284? 7000                 moveq   #$0, D0
FFCF6286? 4CEE1CC0FFEC         movem.l (-$14,A6), D6-D7/A2-A4
FFCF628C? 4E5E                 unlk    A6
FFCF628E? 4E75                 rts
FFCF6290? 4E56FFCC             link    A6, #-$34
FFCF6294? 48E71F38             movem.l D3-D7/A2-A4, -(A7)
FFCF6298? 286E0008             movea.l ($8,A6), A4
FFCF629C? 7000                 moveq   #$0, D0
FFCF629E? 2D40FFEE             move.l  D0, (-$12,A6)
FFCF62A2? 4A6C00AA             tst.w   ($aa,A4)
FFCF62A6? 6708                 beq     $ffcf62b0
FFCF62A8? 302C00AA             move.w  ($aa,A4), D0
FFCF62AC? 6000061C             bra     $ffcf68ca
FFCF62B0? 7032                 moveq   #$32, D0
FFCF62B2? A322                 _NewHandleClear                           ; A-line trap A322
FFCF62B4? 2D48FFEA             move.l  A0, (-$16,A6)
FFCF62B8? 2008                 move.l  A0, D0
FFCF62BA? 660C                 bne     $ffcf62c8
FFCF62BC? 558F                 subq.l  #2, A7
FFCF62BE? 3EB80220             move.w  $220.w, (A7)                      ; CurIOTrap
FFCF62C2? 301F                 move.w  (A7)+, D0
FFCF62C4? 60000604             bra     $ffcf68ca
FFCF62C8? 206EFFEA             movea.l (-$16,A6), A0
FFCF62CC? A064                 _MoveHHi                                  ; A-line trap A064
FFCF62CE? 206EFFEA             movea.l (-$16,A6), A0
FFCF62D2? A029                 _HLock                                    ; A-line trap A029
FFCF62D4? 206EFFEA             movea.l (-$16,A6), A0
FFCF62D8? 2D50FFE2             move.l  (A0), (-$1e,A6)
FFCF62DC? 7000                 moveq   #$0, D0
FFCF62DE? 302E000E             move.w  ($e,A6), D0
FFCF62E2? 0C40000A             cmpi.w  #$a, D0
FFCF62E6? 6508                 bcs     $ffcf62f0
FFCF62E8? 2F0C                 move.l  A4, -(A7)
FFCF62EA? 4EBAE6D2             jsr     ($ffcf49be,PC)
FFCF62EE? 584F                 addq.w  #4, A7
FFCF62F0? 700A                 moveq   #$a, D0
FFCF62F2? 2F00                 move.l  D0, -(A7)
FFCF62F4? 206EFFE2             movea.l (-$1e,A6), A0
FFCF62F8? 48680004             pea     ($4,A0)
FFCF62FC? 2F0C                 move.l  A4, -(A7)
FFCF62FE? 4EBAE690             jsr     ($ffcf4990,PC)
FFCF6302? 206EFFE2             movea.l (-$1e,A6), A0
FFCF6306? 3D680004FFF2         move.w  ($4,A0), (-$e,A6)
FFCF630C? 3028000A             move.w  ($a,A0), D0
FFCF6310? 48C0                 ext.l   D0
FFCF6312? 32280006             move.w  ($6,A0), D1
FFCF6316? 48C1                 ext.l   D1
FFCF6318? 9081                 sub.l   D1, D0
FFCF631A? 3D40FFF6             move.w  D0, (-$a,A6)
FFCF631E? 303C8000             move.w  #$8000, D0
FFCF6322? C06EFFF2             and.w   (-$e,A6), D0
FFCF6326? 7200                 moveq   #$0, D1
FFCF6328? 3200                 move.w  D0, D1
FFCF632A? 4A81                 tst.l   D1
FFCF632C? 4FEF000C             lea     ($c,A7), A7
FFCF6330? 670000D2             beq     $ffcf6404
FFCF6334? 52AC0044             addq.l  #1, ($44,A4)
FFCF6338? 701C                 moveq   #$1c, D0
FFCF633A? 2F00                 move.l  D0, -(A7)
FFCF633C? 206EFFE2             movea.l (-$1e,A6), A0
FFCF6340? 4868000E             pea     ($e,A0)
FFCF6344? 2F0C                 move.l  A4, -(A7)
FFCF6346? 4EBAE648             jsr     ($ffcf4990,PC)
FFCF634A? 7008                 moveq   #$8, D0
FFCF634C? 2F00                 move.l  D0, -(A7)
FFCF634E? 2F0C                 move.l  A4, -(A7)
FFCF6350? 4EBAE666             jsr     ($ffcf49b8,PC)
FFCF6354? 7000                 moveq   #$0, D0
FFCF6356? 302E000E             move.w  ($e,A6), D0
FFCF635A? 0C40000A             cmpi.w  #$a, D0
FFCF635E? 4FEF0014             lea     ($14,A7), A7
FFCF6362? 640000DA             bcc     $ffcf643e
FFCF6366? 2F0C                 move.l  A4, -(A7)
FFCF6368? 4EBAE634             jsr     ($ffcf499e,PC)
FFCF636C? 2D40FFD8             move.l  D0, (-$28,A6)
FFCF6370? 2F0C                 move.l  A4, -(A7)
FFCF6372? 4EBAE62E             jsr     ($ffcf49a2,PC)
FFCF6376? 3D40FFDC             move.w  D0, (-$24,A6)
FFCF637A? 2F0C                 move.l  A4, -(A7)
FFCF637C? 4EBAE624             jsr     ($ffcf49a2,PC)
FFCF6380? 3200                 move.w  D0, D1
FFCF6382? 3D41FFDE             move.w  D1, (-$22,A6)
FFCF6386? 48C1                 ext.l   D1
FFCF6388? E781                 asl.l   #3, D1
FFCF638A? 7410                 moveq   #$10, D2
FFCF638C? D282                 add.l   D2, D1
FFCF638E? 2001                 move.l  D1, D0
FFCF6390? A322                 _NewHandleClear                           ; A-line trap A322
FFCF6392? 2D48FFEE             move.l  A0, (-$12,A6)
FFCF6396? 2008                 move.l  A0, D0
FFCF6398? 4FEF000C             lea     ($c,A7), A7
FFCF639C? 660E                 bne     $ffcf63ac
FFCF639E? 558F                 subq.l  #2, A7
FFCF63A0? 3EB80220             move.w  $220.w, (A7)                      ; CurIOTrap
FFCF63A4? 3D5FFFFC             move.w  (A7)+, (-$4,A6)
FFCF63A8? 60000510             bra     $ffcf68ba
FFCF63AC? 206EFFEE             movea.l (-$12,A6), A0
FFCF63B0? A029                 _HLock                                    ; A-line trap A029
FFCF63B2? 206EFFEE             movea.l (-$12,A6), A0
FFCF63B6? 2050                 movea.l (A0), A0
FFCF63B8? 2D48FFE6             move.l  A0, (-$1a,A6)
FFCF63BC? 20AEFFD8             move.l  (-$28,A6), (A0)
FFCF63C0? 206EFFE6             movea.l (-$1a,A6), A0
FFCF63C4? 316EFFDC0004         move.w  (-$24,A6), ($4,A0)
FFCF63CA? 206EFFE6             movea.l (-$1a,A6), A0
FFCF63CE? 316EFFDE0006         move.w  (-$22,A6), ($6,A0)
FFCF63D4? 302EFFDE             move.w  (-$22,A6), D0
FFCF63D8? 48C0                 ext.l   D0
FFCF63DA? 5280                 addq.l  #1, D0
FFCF63DC? E780                 asl.l   #3, D0
FFCF63DE? 2F00                 move.l  D0, -(A7)
FFCF63E0? 206EFFE6             movea.l (-$1a,A6), A0
FFCF63E4? 48680008             pea     ($8,A0)
FFCF63E8? 2F0C                 move.l  A4, -(A7)
FFCF63EA? 4EBAE5A4             jsr     ($ffcf4990,PC)
FFCF63EE? 206EFFEE             movea.l (-$12,A6), A0
FFCF63F2? A02A                 _HUnlock                                  ; A-line trap A02A
FFCF63F4? 206EFFE2             movea.l (-$1e,A6), A0
FFCF63F8? 216EFFEE002A         move.l  (-$12,A6), ($2a,A0)
FFCF63FE? 4FEF000C             lea     ($c,A7), A7
FFCF6402? 603A                 bra     $ffcf643e
FFCF6404? 52AC0040             addq.l  #1, ($40,A4)
FFCF6408? 206EFFE2             movea.l (-$1e,A6), A0
FFCF640C? 217C004800000016     move.l  #$480000, ($16,A0)
FFCF6414? 206EFFE2             movea.l (-$1e,A6), A0
FFCF6418? 217C00480000001A     move.l  #$480000, ($1a,A0)
FFCF6420? 206EFFE2             movea.l (-$1e,A6), A0
FFCF6424? 317C00010020         move.w  #$1, ($20,A0)
FFCF642A? 206EFFE2             movea.l (-$1e,A6), A0
FFCF642E? 317C00010022         move.w  #$1, ($22,A0)
FFCF6434? 206EFFE2             movea.l (-$1e,A6), A0
FFCF6438? 317C00010024         move.w  #$1, ($24,A0)
FFCF643E? 3D6C00AAFFFC         move.w  ($aa,A4), (-$4,A6)
FFCF6444? 66000474             bne     $ffcf68ba
FFCF6448? 026E3FFFFFF2         andi.w  #$3fff, (-$e,A6)
FFCF644E? 206EFFE2             movea.l (-$1e,A6), A0
FFCF6452? 7004                 moveq   #$4, D0
FFCF6454? B0680022             cmp.w   ($22,A0), D0
FFCF6458? 57C3                 seq     D3
FFCF645A? 4403                 neg.b   D3
FFCF645C? 1D43FFFF             move.b  D3, (-$1,A6)
FFCF6460? 7000                 moveq   #$0, D0
FFCF6462? 302EFFF2             move.w  (-$e,A6), D0
FFCF6466? 0C400008             cmpi.w  #$8, D0
FFCF646A? 6408                 bcc     $ffcf6474
FFCF646C? 3D7C0001FFFA         move.w  #$1, (-$6,A6)
FFCF6472? 602C                 bra     $ffcf64a0
FFCF6474? 206EFFE2             movea.l (-$1e,A6), A0
FFCF6478? 7010                 moveq   #$10, D0
FFCF647A? B068001E             cmp.w   ($1e,A0), D0
FFCF647E? 6706                 beq     $ffcf6486
FFCF6480? 426EFFFA             clr.w   (-$6,A6)
FFCF6484? 601A                 bra     $ffcf64a0
FFCF6486? 206EFFE2             movea.l (-$1e,A6), A0
FFCF648A? 3D680010FFFA         move.w  ($10,A0), (-$6,A6)
FFCF6490? 7000                 moveq   #$0, D0
FFCF6492? 30280010             move.w  ($10,A0), D0
FFCF6496? 4A80                 tst.l   D0
FFCF6498? 6606                 bne     $ffcf64a0
FFCF649A? 3D7C0002FFFA         move.w  #$2, (-$6,A6)
FFCF64A0? 206EFFEA             movea.l (-$16,A6), A0
FFCF64A4? A02A                 _HUnlock                                  ; A-line trap A02A
FFCF64A6? 4A2E0013             tst.b   ($13,A6)
FFCF64AA? 660C                 bne     $ffcf64b8
FFCF64AC? 7012                 moveq   #$12, D0
FFCF64AE? 2F00                 move.l  D0, -(A7)
FFCF64B0? 2F0C                 move.l  A4, -(A7)
FFCF64B2? 4EBAE504             jsr     ($ffcf49b8,PC)
FFCF64B6? 504F                 addq.w  #8, A7
FFCF64B8? 7000                 moveq   #$0, D0
FFCF64BA? 302E000E             move.w  ($e,A6), D0
FFCF64BE? 4A80                 tst.l   D0
FFCF64C0? 08000000             btst    #$0, D0
FFCF64C4? 6722                 beq     $ffcf64e8
FFCF64C6? 2F0C                 move.l  A4, -(A7)
FFCF64C8? 4EBAE4D8             jsr     ($ffcf49a2,PC)
FFCF64CC? 7200                 moveq   #$0, D1
FFCF64CE? 3200                 move.w  D0, D1
FFCF64D0? 5581                 subq.l  #2, D1
FFCF64D2? 3D41FFF4             move.w  D1, (-$c,A6)
FFCF64D6? 7000                 moveq   #$0, D0
FFCF64D8? 302EFFF4             move.w  (-$c,A6), D0
FFCF64DC? 2F00                 move.l  D0, -(A7)
FFCF64DE? 2F0C                 move.l  A4, -(A7)
FFCF64E0? 4EBAE4D6             jsr     ($ffcf49b8,PC)
FFCF64E4? 4FEF000C             lea     ($c,A7), A7
FFCF64E8? 7000                 moveq   #$0, D0
FFCF64EA? 302EFFFA             move.w  (-$6,A6), D0
FFCF64EE? 4A80                 tst.l   D0
FFCF64F0? 6718                 beq     $ffcf650a
FFCF64F2? 7000                 moveq   #$0, D0
FFCF64F4? 302EFFFA             move.w  (-$6,A6), D0
FFCF64F8? 7203                 moveq   #$3, D1
FFCF64FA? B280                 cmp.l   D0, D1
FFCF64FC? 670C                 beq     $ffcf650a
FFCF64FE? 7000                 moveq   #$0, D0
FFCF6500? 302EFFFA             move.w  (-$6,A6), D0
FFCF6504? 7204                 moveq   #$4, D1
FFCF6506? B280                 cmp.l   D0, D1
FFCF6508? 6640                 bne     $ffcf654a
FFCF650A? 302EFFF2             move.w  (-$e,A6), D0
FFCF650E? E848                 lsr.w   #4, D0
FFCF6510? 3D40FFE0             move.w  D0, (-$20,A6)
FFCF6514? 7002                 moveq   #$2, D0
FFCF6516? B06EFFE0             cmp.w   (-$20,A6), D0
FFCF651A? 6F06                 ble     $ffcf6522
FFCF651C? 3D7C0002FFE0         move.w  #$2, (-$20,A6)
FFCF6522? 7001                 moveq   #$1, D0
FFCF6524? 2F00                 move.l  D0, -(A7)
FFCF6526? 7200                 moveq   #$0, D1
FFCF6528? 322EFFF2             move.w  (-$e,A6), D1
FFCF652C? 342EFFE0             move.w  (-$20,A6), D2
FFCF6530? 48C2                 ext.l   D2
FFCF6532? D481                 add.l   D1, D2
FFCF6534? 2F02                 move.l  D2, -(A7)
FFCF6536? 486C007E             pea     ($7e,A4)
FFCF653A? 4EBAE9D4             jsr     ($ffcf4f10,PC)
FFCF653E? 3D40FFFC             move.w  D0, (-$4,A6)
FFCF6542? 4FEF000C             lea     ($c,A7), A7
FFCF6546? 66000372             bne     $ffcf68ba
FFCF654A? 7003                 moveq   #$3, D0
FFCF654C? 2F00                 move.l  D0, -(A7)
FFCF654E? 7200                 moveq   #$0, D1
FFCF6550? 2F01                 move.l  D1, -(A7)
FFCF6552? 486C008A             pea     ($8a,A4)
FFCF6556? 4EBAE9B8             jsr     ($ffcf4f10,PC)
FFCF655A? 3D40FFFC             move.w  D0, (-$4,A6)
FFCF655E? 4FEF000C             lea     ($c,A7), A7
FFCF6562? 66000356             bne     $ffcf68ba
FFCF6566? 206EFFEA             movea.l (-$16,A6), A0
FFCF656A? 2050                 movea.l (A0), A0
FFCF656C? 226EFFEA             movea.l (-$16,A6), A1
FFCF6570? 2251                 movea.l (A1), A1
FFCF6572? 33680006000A         move.w  ($6,A0), ($a,A1)
FFCF6578? 7000                 moveq   #$0, D0
FFCF657A? 302EFFF2             move.w  (-$e,A6), D0
FFCF657E? 2F00                 move.l  D0, -(A7)
FFCF6580? 2F2C008E             move.l  ($8e,A4), -(A7)
FFCF6584? 2017                 move.l  (A7), D0
FFCF6586? 222F0004             move.l  ($4,A7), D1
FFCF658A? 80C1                 divu.w  D1, D0
FFCF658C? 02800000FFFF         andi.l  #$ffff, D0
FFCF6592? 3D40FFF8             move.w  D0, (-$8,A6)
FFCF6596? 504F                 addq.w  #8, A7
FFCF6598? 60000314             bra     $ffcf68ae
FFCF659C? 302EFFF8             move.w  (-$8,A6), D0
FFCF65A0? B06EFFF6             cmp.w   (-$a,A6), D0
FFCF65A4? 6306                 bls     $ffcf65ac
FFCF65A6? 3D6EFFF6FFF8         move.w  (-$a,A6), (-$8,A6)
FFCF65AC? 302EFFFA             move.w  (-$6,A6), D0
FFCF65B0? 0C400004             cmpi.w  #$4, D0
FFCF65B4? 62000266             bhi     $ffcf681c
FFCF65B8? D040                 add.w   D0, D0
FFCF65BA? 303B0006             move.w  ($6,PC,D0.w), D0
FFCF65BE? 4EFB0000             jmp     (PC,D0.w)
FFCF65C2d 000C008A00B00106     dc.b    $00,$0C,$00,$8A,$00,$B0,$01,$06,$01,$88,$2D,$6C,$00,$8A,$FF,$D4 ; |..........-l....|
FFCF65D2d 4247606A             dc.b    $42,$47,$60,$6A                   ; |BG`j|
FFCF65D6? 7000                 moveq   #$0, D0
FFCF65D8? 302EFFF2             move.w  (-$e,A6), D0
FFCF65DC? 0C4000FA             cmpi.w  #$fa, D0
FFCF65E0? 52C3                 shi     D3
FFCF65E2? 4403                 neg.b   D3
FFCF65E4? 6710                 beq     $ffcf65f6
FFCF65E6? 2F0C                 move.l  A4, -(A7)
FFCF65E8? 4EBAE3B8             jsr     ($ffcf49a2,PC)
FFCF65EC? 7200                 moveq   #$0, D1
FFCF65EE? 3200                 move.w  D0, D1
FFCF65F0? 4A81                 tst.l   D1
FFCF65F2? 584F                 addq.w  #4, A7
FFCF65F4? 600E                 bra     $ffcf6604
FFCF65F6? 2F0C                 move.l  A4, -(A7)
FFCF65F8? 4EBAE3AC             jsr     ($ffcf49a6,PC)
FFCF65FC? 7200                 moveq   #$0, D1
FFCF65FE? 1200                 move.b  D0, D1
FFCF6600? 4A81                 tst.l   D1
FFCF6602? 584F                 addq.w  #4, A7
FFCF6604? 3D41FFF4             move.w  D1, (-$c,A6)
FFCF6608? 2D6C007EFFD0         move.l  ($7e,A4), (-$30,A6)
FFCF660E? 7000                 moveq   #$0, D0
FFCF6610? 302EFFF4             move.w  (-$c,A6), D0
FFCF6614? 2F00                 move.l  D0, -(A7)
FFCF6616? 2F2EFFD0             move.l  (-$30,A6), -(A7)
FFCF661A? 2F0C                 move.l  A4, -(A7)
FFCF661C? 4EBAE372             jsr     ($ffcf4990,PC)
FFCF6620? 3D6C00AAFFFC         move.w  ($aa,A4), (-$4,A6)
FFCF6626? 4FEF000C             lea     ($c,A7), A7
FFCF662A? 6600028E             bne     $ffcf68ba
FFCF662E? 486EFFD0             pea     (-$30,A6)
FFCF6632? 486EFFD4             pea     (-$2c,A6)
FFCF6636? 3F2EFFF2             move.w  (-$e,A6), -(A7)
FFCF663A? A8D0                 _UnpackBits                               ; A-line trap A8D0
FFCF663C? 3007                 move.w  D7, D0
FFCF663E? 5247                 addq.w  #1, D7
FFCF6640? BE6EFFF8             cmp.w   (-$8,A6), D7
FFCF6644? 6590                 bcs     $ffcf65d6
FFCF6646? 60000226             bra     $ffcf686e
FFCF664A? 302EFFF2             move.w  (-$e,A6), D0
FFCF664E? C0EEFFF8             mulu.w  (-$8,A6), D0
FFCF6652? 2F00                 move.l  D0, -(A7)
FFCF6654? 2F2C008A             move.l  ($8a,A4), -(A7)
FFCF6658? 2F0C                 move.l  A4, -(A7)
FFCF665A? 4EBAE334             jsr     ($ffcf4990,PC)
FFCF665E? 3D6C00AAFFFC         move.w  ($aa,A4), (-$4,A6)
FFCF6664? 4FEF000C             lea     ($c,A7), A7
FFCF6668? 66000250             bne     $ffcf68ba
FFCF666C? 60000200             bra     $ffcf686e
FFCF6670? 302EFFF2             move.w  (-$e,A6), D0
FFCF6674? C0EEFFF8             mulu.w  (-$8,A6), D0
FFCF6678? 2D40FFD4             move.l  D0, (-$2c,A6)
FFCF667C? 2800                 move.l  D0, D4
FFCF667E? E48C                 lsr.l   #2, D4
FFCF6680? 2D6C008AFFD0         move.l  ($8a,A4), (-$30,A6)
FFCF6686? 2004                 move.l  D4, D0
FFCF6688? D0AEFFD0             add.l   (-$30,A6), D0
FFCF668C? 2D40FFCC             move.l  D0, (-$34,A6)
FFCF6690? 202EFFD4             move.l  (-$2c,A6), D0
FFCF6694? 9084                 sub.l   D4, D0
FFCF6696? 2F00                 move.l  D0, -(A7)
FFCF6698? 2F2EFFCC             move.l  (-$34,A6), -(A7)
FFCF669C? 2F0C                 move.l  A4, -(A7)
FFCF669E? 4EBAE2F0             jsr     ($ffcf4990,PC)
FFCF66A2? 3D6C00AAFFFC         move.w  ($aa,A4), (-$4,A6)
FFCF66A8? 4FEF000C             lea     ($c,A7), A7
FFCF66AC? 6600020C             bne     $ffcf68ba
FFCF66B0? 2F04                 move.l  D4, -(A7)
FFCF66B2? 2F2EFFD0             move.l  (-$30,A6), -(A7)
FFCF66B6? 2F2EFFCC             move.l  (-$34,A6), -(A7)
FFCF66BA? 4EBAE224             jsr     ($ffcf48e0,PC)
FFCF66BE? 4FEF000C             lea     ($c,A7), A7
FFCF66C2? 600001AA             bra     $ffcf686e
FFCF66C6? 2D6C008AFFD4         move.l  ($8a,A4), (-$2c,A6)
FFCF66CC? 4247                 clr.w   D7
FFCF66CE? 606E                 bra     $ffcf673e
FFCF66D0? 7000                 moveq   #$0, D0
FFCF66D2? 302EFFF2             move.w  (-$e,A6), D0
FFCF66D6? 0C4000FA             cmpi.w  #$fa, D0
FFCF66DA? 52C3                 shi     D3
FFCF66DC? 4403                 neg.b   D3
FFCF66DE? 6710                 beq     $ffcf66f0
FFCF66E0? 2F0C                 move.l  A4, -(A7)
FFCF66E2? 4EBAE2BE             jsr     ($ffcf49a2,PC)
FFCF66E6? 7200                 moveq   #$0, D1
FFCF66E8? 3200                 move.w  D0, D1
FFCF66EA? 4A81                 tst.l   D1
FFCF66EC? 584F                 addq.w  #4, A7
FFCF66EE? 600E                 bra     $ffcf66fe
FFCF66F0? 2F0C                 move.l  A4, -(A7)
FFCF66F2? 4EBAE2B2             jsr     ($ffcf49a6,PC)
FFCF66F6? 7200                 moveq   #$0, D1
FFCF66F8? 1200                 move.b  D0, D1
FFCF66FA? 4A81                 tst.l   D1
FFCF66FC? 584F                 addq.w  #4, A7
FFCF66FE? 3D41FFF4             move.w  D1, (-$c,A6)
FFCF6702? 7000                 moveq   #$0, D0
FFCF6704? 302EFFF4             move.w  (-$c,A6), D0
FFCF6708? 2F00                 move.l  D0, -(A7)
FFCF670A? 2F2C007E             move.l  ($7e,A4), -(A7)
FFCF670E? 2F0C                 move.l  A4, -(A7)
FFCF6710? 4EBAE27E             jsr     ($ffcf4990,PC)
FFCF6714? 3D6C00AAFFFC         move.w  ($aa,A4), (-$4,A6)
FFCF671A? 4FEF000C             lea     ($c,A7), A7
FFCF671E? 6600019A             bne     $ffcf68ba
FFCF6722? 7000                 moveq   #$0, D0
FFCF6724? 302EFFF2             move.w  (-$e,A6), D0
FFCF6728? 2F00                 move.l  D0, -(A7)
FFCF672A? 486EFFD4             pea     (-$2c,A6)
FFCF672E? 2F2C007E             move.l  ($7e,A4), -(A7)
FFCF6732? 4EBAE15C             jsr     ($ffcf4890,PC)
FFCF6736? 4FEF000C             lea     ($c,A7), A7
FFCF673A? 3007                 move.w  D7, D0
FFCF673C? 5247                 addq.w  #1, D7
FFCF673E? BE6EFFF8             cmp.w   (-$8,A6), D7
FFCF6742? 658C                 bcs     $ffcf66d0
FFCF6744? 60000128             bra     $ffcf686e
FFCF6748? 3A2EFFF2             move.w  (-$e,A6), D5
FFCF674C? E44D                 lsr.w   #2, D5
FFCF674E? 4A2EFFFF             tst.b   (-$1,A6)
FFCF6752? 670A                 beq     $ffcf675e
FFCF6754? 7000                 moveq   #$0, D0
FFCF6756? 302EFFF2             move.w  (-$e,A6), D0
FFCF675A? 4A80                 tst.l   D0
FFCF675C? 600C                 bra     $ffcf676a
FFCF675E? 7000                 moveq   #$0, D0
FFCF6760? 302EFFF2             move.w  (-$e,A6), D0
FFCF6764? 7200                 moveq   #$0, D1
FFCF6766? 3205                 move.w  D5, D1
FFCF6768? 9081                 sub.l   D1, D0
FFCF676A? 3C00                 move.w  D0, D6
FFCF676C? 246C007E             movea.l ($7e,A4), A2
FFCF6770? 266C008A             movea.l ($8a,A4), A3
FFCF6774? 4247                 clr.w   D7
FFCF6776? 6000009A             bra     $ffcf6812
FFCF677A? 7000                 moveq   #$0, D0
FFCF677C? 302EFFF2             move.w  (-$e,A6), D0
FFCF6780? 0C4000FA             cmpi.w  #$fa, D0
FFCF6784? 52C3                 shi     D3
FFCF6786? 4403                 neg.b   D3
FFCF6788? 6710                 beq     $ffcf679a
FFCF678A? 2F0C                 move.l  A4, -(A7)
FFCF678C? 4EBAE214             jsr     ($ffcf49a2,PC)
FFCF6790? 7200                 moveq   #$0, D1
FFCF6792? 3200                 move.w  D0, D1
FFCF6794? 4A81                 tst.l   D1
FFCF6796? 584F                 addq.w  #4, A7
FFCF6798? 600E                 bra     $ffcf67a8
FFCF679A? 2F0C                 move.l  A4, -(A7)
FFCF679C? 4EBAE208             jsr     ($ffcf49a6,PC)
FFCF67A0? 7200                 moveq   #$0, D1
FFCF67A2? 1200                 move.b  D0, D1
FFCF67A4? 4A81                 tst.l   D1
FFCF67A6? 584F                 addq.w  #4, A7
FFCF67A8? 3D41FFF4             move.w  D1, (-$c,A6)
FFCF67AC? 7000                 moveq   #$0, D0
FFCF67AE? 302EFFF4             move.w  (-$c,A6), D0
FFCF67B2? 2F00                 move.l  D0, -(A7)
FFCF67B4? 2F0A                 move.l  A2, -(A7)
FFCF67B6? 2F0C                 move.l  A4, -(A7)
FFCF67B8? 4EBAE1D6             jsr     ($ffcf4990,PC)
FFCF67BC? 3D6C00AAFFFC         move.w  ($aa,A4), (-$4,A6)
FFCF67C2? 4FEF000C             lea     ($c,A7), A7
FFCF67C6? 660000F2             bne     $ffcf68ba
FFCF67CA? 2D4AFFD0             move.l  A2, (-$30,A6)
FFCF67CE? 2D4BFFD4             move.l  A3, (-$2c,A6)
FFCF67D2? 486EFFD0             pea     (-$30,A6)
FFCF67D6? 486EFFD4             pea     (-$2c,A6)
FFCF67DA? 3F06                 move.w  D6, -(A7)
FFCF67DC? A8D0                 _UnpackBits                               ; A-line trap A8D0
FFCF67DE? 204B                 movea.l A3, A0
FFCF67E0? 224A                 movea.l A2, A1
FFCF67E2? 7200                 moveq   #$0, D1
FFCF67E4? 3206                 move.w  D6, D1
FFCF67E6? 2001                 move.l  D1, D0
FFCF67E8? A02E                 _BlockMove                                ; A-line trap A02E
FFCF67EA? 7000                 moveq   #$0, D0
FFCF67EC? 102EFFFF             move.b  (-$1,A6), D0
FFCF67F0? 2F00                 move.l  D0, -(A7)
FFCF67F2? 7000                 moveq   #$0, D0
FFCF67F4? 3005                 move.w  D5, D0
FFCF67F6? 2F00                 move.l  D0, -(A7)
FFCF67F8? 2F0B                 move.l  A3, -(A7)
FFCF67FA? 2F0A                 move.l  A2, -(A7)
FFCF67FC? 4EBAE102             jsr     ($ffcf4900,PC)
FFCF6800? 7000                 moveq   #$0, D0
FFCF6802? 302EFFF2             move.w  (-$e,A6), D0
FFCF6806? 4A80                 tst.l   D0
FFCF6808? D7C0                 adda.l  D0, A3
FFCF680A? 4FEF0010             lea     ($10,A7), A7
FFCF680E? 3007                 move.w  D7, D0
FFCF6810? 5247                 addq.w  #1, D7
FFCF6812? BE6EFFF8             cmp.w   (-$8,A6), D7
FFCF6816? 6500FF62             bcs     $ffcf677a
FFCF681A? 6052                 bra     $ffcf686e
FFCF681Cd 42476046             dc.b    $42,$47,$60,$46                   ; |BG`F|
FFCF6820? 7000                 moveq   #$0, D0
FFCF6822? 302EFFF2             move.w  (-$e,A6), D0
FFCF6826? 0C4000FA             cmpi.w  #$fa, D0
FFCF682A? 52C3                 shi     D3
FFCF682C? 4403                 neg.b   D3
FFCF682E? 6710                 beq     $ffcf6840
FFCF6830? 2F0C                 move.l  A4, -(A7)
FFCF6832? 4EBAE16E             jsr     ($ffcf49a2,PC)
FFCF6836? 7200                 moveq   #$0, D1
FFCF6838? 3200                 move.w  D0, D1
FFCF683A? 4A81                 tst.l   D1
FFCF683C? 584F                 addq.w  #4, A7
FFCF683E? 600E                 bra     $ffcf684e
FFCF6840? 2F0C                 move.l  A4, -(A7)
FFCF6842? 4EBAE162             jsr     ($ffcf49a6,PC)
FFCF6846? 7200                 moveq   #$0, D1
FFCF6848? 1200                 move.b  D0, D1
FFCF684A? 4A81                 tst.l   D1
FFCF684C? 584F                 addq.w  #4, A7
FFCF684E? 3D41FFF4             move.w  D1, (-$c,A6)
FFCF6852? 7000                 moveq   #$0, D0
FFCF6854? 302EFFF4             move.w  (-$c,A6), D0
FFCF6858? 2F00                 move.l  D0, -(A7)
FFCF685A? 2F0C                 move.l  A4, -(A7)
FFCF685C? 4EBAE15A             jsr     ($ffcf49b8,PC)
FFCF6860? 504F                 addq.w  #8, A7
FFCF6862? 3007                 move.w  D7, D0
FFCF6864? 5247                 addq.w  #1, D7
FFCF6866? BE6EFFF8             cmp.w   (-$8,A6), D7
FFCF686A? 65B4                 bcs     $ffcf6820
FFCF686C? 6038                 bra     $ffcf68a6
FFCF686E? 206EFFEA             movea.l (-$16,A6), A0
FFCF6872? 2050                 movea.l (A0), A0
FFCF6874? 2D48FFE2             move.l  A0, (-$1e,A6)
FFCF6878? 2248                 movea.l A0, A1
FFCF687A? 3368000A0006         move.w  ($a,A0), ($6,A1)
FFCF6880? 206EFFE2             movea.l (-$1e,A6), A0
FFCF6884? 302EFFF8             move.w  (-$8,A6), D0
FFCF6888? D168000A             add.w   D0, ($a,A0)
FFCF688C? 206EFFE2             movea.l (-$1e,A6), A0
FFCF6890? 20AC008A             move.l  ($8a,A4), (A0)
FFCF6894? 2F2EFFEA             move.l  (-$16,A6), -(A7)
FFCF6898? 2F0C                 move.l  A4, -(A7)
FFCF689A? 4EBA0184             jsr     ($ffcf6a20,PC)
FFCF689E? 3D40FFFC             move.w  D0, (-$4,A6)
FFCF68A2? 504F                 addq.w  #8, A7
FFCF68A4? 6614                 bne     $ffcf68ba
FFCF68A6? 302EFFF8             move.w  (-$8,A6), D0
FFCF68AA? 916EFFF6             sub.w   D0, (-$a,A6)
FFCF68AE? 7000                 moveq   #$0, D0
FFCF68B0? 302EFFF6             move.w  (-$a,A6), D0
FFCF68B4? 4A80                 tst.l   D0
FFCF68B6? 6200FCE4             bhi     $ffcf659c
FFCF68BA? 206EFFEE             movea.l (-$12,A6), A0
FFCF68BE? A023                 _DisposeHandle                            ; A-line trap A023
FFCF68C0? 206EFFEA             movea.l (-$16,A6), A0
FFCF68C4? A023                 _DisposeHandle                            ; A-line trap A023
FFCF68C6? 302EFFFC             move.w  (-$4,A6), D0
FFCF68CA? 4CEE1CF8FFAC         movem.l (-$54,A6), D3-D7/A2-A4
FFCF68D0? 4E5E                 unlk    A6
FFCF68D2? 4E75                 rts
FFCF68D4? 00000000             ori.b   #$0, D0
FFCF68D8? 00000000             ori.b   #$0, D0
FFCF68DC? 00000000             ori.b   #$0, D0
FFCF68E0? 4E560000             link    A6, #$0
FFCF68E4? 2F0C                 move.l  A4, -(A7)
FFCF68E6? 286E0008             movea.l ($8,A6), A4
FFCF68EA? 486C00B2             pea     ($b2,A4)
FFCF68EE? 4EBAE7C0             jsr     ($ffcf50b0,PC)
FFCF68F2? 486C00C0             pea     ($c0,A4)
FFCF68F6? 4EBAE7B8             jsr     ($ffcf50b0,PC)
FFCF68FA? 206C005C             movea.l ($5c,A4), A0
FFCF68FE? A023                 _DisposeHandle                            ; A-line trap A023
FFCF6900? 206C0058             movea.l ($58,A4), A0
FFCF6904? A023                 _DisposeHandle                            ; A-line trap A023
FFCF6906? 206C0050             movea.l ($50,A4), A0
FFCF690A? A023                 _DisposeHandle                            ; A-line trap A023
FFCF690C? 286EFFFC             movea.l (-$4,A6), A4
FFCF6910? 4E5E                 unlk    A6
FFCF6912? 4E75                 rts
FFCF6914? 00000000             ori.b   #$0, D0
FFCF6918? 00000000             ori.b   #$0, D0
FFCF691C? 00000000             ori.b   #$0, D0
FFCF6920? 4E56FFFA             link    A6, #-$6
FFCF6924? 48E70338             movem.l D6-D7/A2-A4, -(A7)
FFCF6928? 246E0008             movea.l ($8,A6), A2
FFCF692C? 2E2E000C             move.l  ($c,A6), D7
FFCF6930? 486EFFFB             pea     (-$5,A6)
FFCF6934? 2F07                 move.l  D7, -(A7)
FFCF6936? 4EBAE028             jsr     ($ffcf4960,PC)
FFCF693A? 2840                 movea.l D0, A4
FFCF693C? 200C                 move.l  A4, D0
FFCF693E? 504F                 addq.w  #8, A7
FFCF6940? 660A                 bne     $ffcf694c
FFCF6942? 3D7CD5070010         move.w  #$d507, ($10,A6)
FFCF6948? 600000C6             bra     $ffcf6a10
FFCF694C? 2652                 movea.l (A2), A3
FFCF694E? 303C8000             move.w  #$8000, D0
FFCF6952? C06B0004             and.w   ($4,A3), D0
FFCF6956? 7200                 moveq   #$0, D1
FFCF6958? 3200                 move.w  D0, D1
FFCF695A? 4A81                 tst.l   D1
FFCF695C? 6712                 beq     $ffcf6970
FFCF695E? 52AC0044             addq.l  #1, ($44,A4)
FFCF6962? 296B0016000E         move.l  ($16,A3), ($e,A4)
FFCF6968? 296B001A0012         move.l  ($1a,A3), ($12,A4)
FFCF696E? 6014                 bra     $ffcf6984
FFCF6970? 52AC0040             addq.l  #1, ($40,A4)
FFCF6974? 297C00480000000E     move.l  #$480000, ($e,A4)
FFCF697C? 297C004800000012     move.l  #$480000, ($12,A4)
FFCF6984? 302B000A             move.w  ($a,A3), D0
FFCF6988? 906B0006             sub.w   ($6,A3), D0
FFCF698C? 3940001C             move.w  D0, ($1c,A4)
FFCF6990? 302B000C             move.w  ($c,A3), D0
FFCF6994? 906B0008             sub.w   ($8,A3), D0
FFCF6998? 3940001E             move.w  D0, ($1e,A4)
FFCF699C? 42AC0018             clr.l   ($18,A4)
FFCF69A0? 486EFFFC             pea     (-$4,A6)
FFCF69A4? A874                 _GetPort                                  ; A-line trap A874
FFCF69A6? 7003                 moveq   #$3, D0
FFCF69A8? C06C006C             and.w   ($6c,A4), D0
FFCF69AC? 674A                 beq     $ffcf69f8
FFCF69AE? 42AC00D4             clr.l   ($d4,A4)
FFCF69B2? 426C00D2             clr.w   ($d2,A4)
FFCF69B6? 397CFFFF00DC         move.w  #$ffff, ($dc,A4)
FFCF69BC? 397CFFFF00DA         move.w  #$ffff, ($da,A4)
FFCF69C2? 397CFFFF00D8         move.w  #$ffff, ($d8,A4)
FFCF69C8? 206EFFFC             movea.l (-$4,A6), A0
FFCF69CC? 303CC000             move.w  #$c000, D0
FFCF69D0? C0680006             and.w   ($6,A0), D0
FFCF69D4? 7200                 moveq   #$0, D1
FFCF69D6? 3200                 move.w  D0, D1
FFCF69D8? 4A81                 tst.l   D1
FFCF69DA? 671C                 beq     $ffcf69f8
FFCF69DC? 43EC00D2             lea     ($d2,A4), A1
FFCF69E0? 41E80024             lea     ($24,A0), A0
FFCF69E4? 22D8                 move.l  (A0)+, (A1)+
FFCF69E6? 32D8                 move.w  (A0)+, (A1)+
FFCF69E8? 206EFFFC             movea.l (-$4,A6), A0
FFCF69EC? 43EC00D8             lea     ($d8,A4), A1
FFCF69F0? 41E8002A             lea     ($2a,A0), A0
FFCF69F4? 22D8                 move.l  (A0)+, (A1)+
FFCF69F6? 32D8                 move.w  (A0)+, (A1)+
FFCF69F8? 2F0A                 move.l  A2, -(A7)
FFCF69FA? 2F0C                 move.l  A4, -(A7)
FFCF69FC? 4EBA0022             jsr     ($ffcf6a20,PC)
FFCF6A00? 3C00                 move.w  D0, D6
FFCF6A02? 504F                 addq.w  #8, A7
FFCF6A04? 2047                 movea.l D7, A0
FFCF6A06? 102EFFFB             move.b  (-$5,A6), D0
FFCF6A0A? A06A                 _HSetState                                ; A-line trap A06A
FFCF6A0C? 3D460010             move.w  D6, ($10,A6)
FFCF6A10? 4CEE1CC0FFE6         movem.l (-$1a,A6), D6-D7/A2-A4
FFCF6A16? 4E5E                 unlk    A6
FFCF6A18? 4E740008             rtd     #$8; (1+)
FFCF6A1C? 00000000             ori.b   #$0, D0
FFCF6A20? 4E56FBF8             link    A6, #-$408
FFCF6A24? 48E71F18             movem.l D3-D7/A3-A4, -(A7)
FFCF6A28? 286E0008             movea.l ($8,A6), A4
FFCF6A2C? 3E3CFFFF             move.w  #$ffff, D7
FFCF6A30? 426EFFF8             clr.w   (-$8,A6)
FFCF6A34? 206E000C             movea.l ($c,A6), A0
FFCF6A38? A069                 _HGetState                                ; A-line trap A069
FFCF6A3A? 1D40FFFE             move.b  D0, (-$2,A6)
FFCF6A3E? 558F                 subq.l  #2, A7
FFCF6A40? 3EB80220             move.w  $220.w, (A7)                      ; CurIOTrap
FFCF6A44? 3D5FFFF8             move.w  (A7)+, (-$8,A6)
FFCF6A48? 6708                 beq     $ffcf6a52
FFCF6A4A? 302EFFF8             move.w  (-$8,A6), D0
FFCF6A4E? 60000192             bra     $ffcf6be2
FFCF6A52? 206E000C             movea.l ($c,A6), A0
FFCF6A56? A064                 _MoveHHi                                  ; A-line trap A064
FFCF6A58? 206E000C             movea.l ($c,A6), A0
FFCF6A5C? A029                 _HLock                                    ; A-line trap A029
FFCF6A5E? 206E000C             movea.l ($c,A6), A0
FFCF6A62? 2650                 movea.l (A0), A3
FFCF6A64? 7801                 moveq   #$1, D4
FFCF6A66? 303C8000             move.w  #$8000, D0
FFCF6A6A? C06B0004             and.w   ($4,A3), D0
FFCF6A6E? 7200                 moveq   #$0, D1
FFCF6A70? 3200                 move.w  D0, D1
FFCF6A72? 4A81                 tst.l   D1
FFCF6A74? 56C3                 sne     D3
FFCF6A76? 4403                 neg.b   D3
FFCF6A78? 1D43FFFD             move.b  D3, (-$3,A6)
FFCF6A7C? 6704                 beq     $ffcf6a82
FFCF6A7E? 382B0020             move.w  ($20,A3), D4
FFCF6A82? B86C0016             cmp.w   ($16,A4), D4
FFCF6A86? 6F04                 ble     $ffcf6a8c
FFCF6A88? 39440016             move.w  D4, ($16,A4)
FFCF6A8C? 7003                 moveq   #$3, D0
FFCF6A8E? C06C006C             and.w   ($6c,A4), D0
FFCF6A92? 67000140             beq     $ffcf6bd4
FFCF6A96? 3C2B000A             move.w  ($a,A3), D6
FFCF6A9A? 9C6B0006             sub.w   ($6,A3), D6
FFCF6A9E? 3A2B000C             move.w  ($c,A3), D5
FFCF6AA2? 9A6B0008             sub.w   ($8,A3), D5
FFCF6AA6? 303C3FFF             move.w  #$3fff, D0
FFCF6AAA? C06B0004             and.w   ($4,A3), D0
FFCF6AAE? 3D40FFFA             move.w  D0, (-$6,A6)
FFCF6AB2? 4A2EFFFD             tst.b   (-$3,A6)
FFCF6AB6? 672A                 beq     $ffcf6ae2
FFCF6AB8? 4AAB002A             tst.l   ($2a,A3)
FFCF6ABC? 6724                 beq     $ffcf6ae2
FFCF6ABE? 206B002A             movea.l ($2a,A3), A0
FFCF6AC2? A069                 _HGetState                                ; A-line trap A069
FFCF6AC4? 1D40FFFF             move.b  D0, (-$1,A6)
FFCF6AC8? 558F                 subq.l  #2, A7
FFCF6ACA? 3EB80220             move.w  $220.w, (A7)                      ; CurIOTrap
FFCF6ACE? 3D5FFFF8             move.w  (A7)+, (-$8,A6)
FFCF6AD2? 66000100             bne     $ffcf6bd4
FFCF6AD6? 206B002A             movea.l ($2a,A3), A0
FFCF6ADA? A064                 _MoveHHi                                  ; A-line trap A064
FFCF6ADC? 206B002A             movea.l ($2a,A3), A0
FFCF6AE0? A029                 _HLock                                    ; A-line trap A029
FFCF6AE2? 397C000100DE         move.w  #$1, ($de,A4)
FFCF6AE8? 7000                 moveq   #$0, D0
FFCF6AEA? 302C00D2             move.w  ($d2,A4), D0
FFCF6AEE? 4A80                 tst.l   D0
FFCF6AF0? 662A                 bne     $ffcf6b1c
FFCF6AF2? 7000                 moveq   #$0, D0
FFCF6AF4? 302C00D4             move.w  ($d4,A4), D0
FFCF6AF8? 4A80                 tst.l   D0
FFCF6AFA? 6620                 bne     $ffcf6b1c
FFCF6AFC? 7000                 moveq   #$0, D0
FFCF6AFE? 302C00D6             move.w  ($d6,A4), D0
FFCF6B02? 4A80                 tst.l   D0
FFCF6B04? 6616                 bne     $ffcf6b1c
FFCF6B06? BE6C00D8             cmp.w   ($d8,A4), D7
FFCF6B0A? 6610                 bne     $ffcf6b1c
FFCF6B0C? BE6C00DA             cmp.w   ($da,A4), D7
FFCF6B10? 660A                 bne     $ffcf6b1c
FFCF6B12? BE6C00DC             cmp.w   ($dc,A4), D7
FFCF6B16? 6604                 bne     $ffcf6b1c
FFCF6B18? 426C00DE             clr.w   ($de,A4)
FFCF6B1C? 0C440008             cmpi.w  #$8, D4
FFCF6B20? 6E36                 bgt     $ffcf6b58
FFCF6B22? 7001                 moveq   #$1, D0
FFCF6B24? E9A8                 lsl.l   D4, D0
FFCF6B26? 394000CC             move.w  D0, ($cc,A4)
FFCF6B2A? 41EEFBF8             lea     (-$408,A6), A0
FFCF6B2E? 294800CE             move.l  A0, ($ce,A4)
FFCF6B32? 48C4                 ext.l   D4
FFCF6B34? 2F04                 move.l  D4, -(A7)
FFCF6B36? 4A2EFFFD             tst.b   (-$3,A6)
FFCF6B3A? 6706                 beq     $ffcf6b42
FFCF6B3C? 202B002A             move.l  ($2a,A3), D0
FFCF6B40? 6002                 bra     $ffcf6b44
FFCF6B42? 7000                 moveq   #$0, D0
FFCF6B44? 2F00                 move.l  D0, -(A7)
FFCF6B46? 2F0C                 move.l  A4, -(A7)
FFCF6B48? 4EBA01F6             jsr     ($ffcf6d40,PC)
FFCF6B4C? 2F0C                 move.l  A4, -(A7)
FFCF6B4E? 4EBA0450             jsr     ($ffcf6fa0,PC)
FFCF6B52? 4FEF0010             lea     ($10,A7), A7
FFCF6B56? 600E                 bra     $ffcf6b66
FFCF6B58? 7000                 moveq   #$0, D0
FFCF6B5A? 294000CE             move.l  D0, ($ce,A4)
FFCF6B5E? 2F0C                 move.l  A4, -(A7)
FFCF6B60? 4EBA008E             jsr     ($ffcf6bf0,PC)
FFCF6B64? 584F                 addq.w  #4, A7
FFCF6B66? 48C4                 ext.l   D4
FFCF6B68? 2F04                 move.l  D4, -(A7)
FFCF6B6A? 2F13                 move.l  (A3), -(A7)
FFCF6B6C? 7000                 moveq   #$0, D0
FFCF6B6E? 302EFFFA             move.w  (-$6,A6), D0
FFCF6B72? 2F00                 move.l  D0, -(A7)
FFCF6B74? 48C6                 ext.l   D6
FFCF6B76? 2F06                 move.l  D6, -(A7)
FFCF6B78? 48C5                 ext.l   D5
FFCF6B7A? 2F05                 move.l  D5, -(A7)
FFCF6B7C? 2F0C                 move.l  A4, -(A7)
FFCF6B7E? 4EBADED0             jsr     ($ffcf4a50,PC)
FFCF6B82? 7000                 moveq   #$0, D0
FFCF6B84? 294000CE             move.l  D0, ($ce,A4)
FFCF6B88? 72FF                 moveq   #-$1, D1
FFCF6B8A? B26C00B0             cmp.w   ($b0,A4), D1
FFCF6B8E? 4FEF0018             lea     ($18,A7), A7
FFCF6B92? 662A                 bne     $ffcf6bbe
FFCF6B94? 4A6C00BE             tst.w   ($be,A4)
FFCF6B98? 6F24                 ble     $ffcf6bbe
FFCF6B9A? 558F                 subq.l  #2, A7
FFCF6B9C? 2F2C00E0             move.l  ($e0,A4), -(A7)
FFCF6BA0? 2F2C00B2             move.l  ($b2,A4), -(A7)
FFCF6BA4? 302C00BE             move.w  ($be,A4), D0
FFCF6BA8? 48C0                 ext.l   D0
FFCF6BAA? 2F00                 move.l  D0, -(A7)
FFCF6BAC? 486C0002             pea     ($2,A4)
FFCF6BB0? 3F2C006E             move.w  ($6e,A4), -(A7)
FFCF6BB4? 4EBAE230             jsr     ($ffcf4de6,PC)
FFCF6BB8? 426C00BE             clr.w   ($be,A4)
FFCF6BBC? 544F                 addq.w  #2, A7
FFCF6BBE? 4A2EFFFD             tst.b   (-$3,A6)
FFCF6BC2? 6710                 beq     $ffcf6bd4
FFCF6BC4? 4AAB002A             tst.l   ($2a,A3)
FFCF6BC8? 670A                 beq     $ffcf6bd4
FFCF6BCA? 206B002A             movea.l ($2a,A3), A0
FFCF6BCE? 102EFFFF             move.b  (-$1,A6), D0
FFCF6BD2? A06A                 _HSetState                                ; A-line trap A06A
FFCF6BD4? 206E000C             movea.l ($c,A6), A0
FFCF6BD8? 102EFFFE             move.b  (-$2,A6), D0
FFCF6BDC? A06A                 _HSetState                                ; A-line trap A06A
FFCF6BDE? 302EFFF8             move.w  (-$8,A6), D0
FFCF6BE2? 4CEE18F8FBDC         movem.l (-$424,A6), D3-D7/A3-A4
FFCF6BE8? 4E5E                 unlk    A6
FFCF6BEA? 4E75                 rts
FFCF6BEC? 00000000             ori.b   #$0, D0
FFCF6BF0? 4E56F7FC             link    A6, #-$804
FFCF6BF4? 48E70138             movem.l D7/A2-A4, -(A7)
FFCF6BF8? 206E0008             movea.l ($8,A6), A0
FFCF6BFC? 4A6800B0             tst.w   ($b0,A0)
FFCF6C00? 660000D0             bne     $ffcf6cd2
FFCF6C04? 317C000100B0         move.w  #$1, ($b0,A0)
FFCF6C0A? 226E0008             movea.l ($8,A6), A1
FFCF6C0E? 206900B2             movea.l ($b2,A1), A0
FFCF6C12? 45EEF800             lea     (-$800,A6), A2
FFCF6C16? 224A                 movea.l A2, A1
FFCF6C18? 203C00000800         move.l  #$800, D0
FFCF6C1E? A02E                 _BlockMove                                ; A-line trap A02E
FFCF6C20? 2F3C00010000         move.l  #$10000, -(A7)
FFCF6C26? 206E0008             movea.l ($8,A6), A0
FFCF6C2A? 2F2800B2             move.l  ($b2,A0), -(A7)
FFCF6C2E? 4EBADD10             jsr     ($ffcf4940,PC)
FFCF6C32? 49EEF800             lea     (-$800,A6), A4
FFCF6C36? 206E0008             movea.l ($8,A6), A0
FFCF6C3A? 20280002             move.l  ($2,A0), D0
FFCF6C3E? E780                 asl.l   #3, D0
FFCF6C40? D08C                 add.l   A4, D0
FFCF6C42? 2D40F7FC             move.l  D0, (-$804,A6)
FFCF6C46? 7000                 moveq   #$0, D0
FFCF6C48? 21400002             move.l  D0, ($2,A0)
FFCF6C4C? 504F                 addq.w  #8, A7
FFCF6C4E? 604A                 bra     $ffcf6c9a
FFCF6C50? 302C0002             move.w  ($2,A4), D0
FFCF6C54? E248                 lsr.w   #1, D0
FFCF6C56? 7200                 moveq   #$0, D1
FFCF6C58? 3200                 move.w  D0, D1
FFCF6C5A? 3E3C7C00             move.w  #$7c00, D7
FFCF6C5E? CE41                 and.w   D1, D7
FFCF6C60? 302C0004             move.w  ($4,A4), D0
FFCF6C64? EC48                 lsr.w   #6, D0
FFCF6C66? 7200                 moveq   #$0, D1
FFCF6C68? 3200                 move.w  D0, D1
FFCF6C6A? 303C03E0             move.w  #$3e0, D0
FFCF6C6E? C041                 and.w   D1, D0
FFCF6C70? DE40                 add.w   D0, D7
FFCF6C72? 700B                 moveq   #$b, D0
FFCF6C74? 322C0006             move.w  ($6,A4), D1
FFCF6C78? E069                 lsr.w   D0, D1
FFCF6C7A? DE41                 add.w   D1, D7
FFCF6C7C? 206E0008             movea.l ($8,A6), A0
FFCF6C80? 48C7                 ext.l   D7
FFCF6C82? 2007                 move.l  D7, D0
FFCF6C84? D080                 add.l   D0, D0
FFCF6C86? 2640                 movea.l D0, A3
FFCF6C88? D7E800B2             adda.l  ($b2,A0), A3
FFCF6C8C? 4A53                 tst.w   (A3)
FFCF6C8E? 6604                 bne     $ffcf6c94
FFCF6C90? 52A80002             addq.l  #1, ($2,A0)
FFCF6C94? 3014                 move.w  (A4), D0
FFCF6C96? D153                 add.w   D0, (A3)
FFCF6C98? 504C                 addq.w  #8, A4
FFCF6C9A? B9EEF7FC             cmpa.l  (-$804,A6), A4
FFCF6C9E? 65B0                 bcs     $ffcf6c50
FFCF6CA0? 206E0008             movea.l ($8,A6), A0
FFCF6CA4? 7010                 moveq   #$10, D0
FFCF6CA6? C068006C             and.w   ($6c,A0), D0
FFCF6CAA? 6726                 beq     $ffcf6cd2
FFCF6CAC? 266800B2             movea.l ($b2,A0), A3
FFCF6CB0? 4A53                 tst.w   (A3)
FFCF6CB2? 670A                 beq     $ffcf6cbe
FFCF6CB4? 4253                 clr.w   (A3)
FFCF6CB6? 206E0008             movea.l ($8,A6), A0
FFCF6CBA? 53A80002             subq.l  #1, ($2,A0)
FFCF6CBE? D7FC0000FFFE         adda.l  #$fffe, A3
FFCF6CC4? 4A53                 tst.w   (A3)
FFCF6CC6? 670A                 beq     $ffcf6cd2
FFCF6CC8? 4253                 clr.w   (A3)
FFCF6CCA? 206E0008             movea.l ($8,A6), A0
FFCF6CCE? 53A80002             subq.l  #1, ($2,A0)
FFCF6CD2? 4CEE1C80F7EC         movem.l (-$814,A6), D7/A2-A4
FFCF6CD8? 4E5E                 unlk    A6
FFCF6CDA? 4E75                 rts
FFCF6CDC? 00000000             ori.b   #$0, D0
FFCF6CE0? 4E560000             link    A6, #$0
FFCF6CE4? 48E70718             movem.l D5-D7/A3-A4, -(A7)
FFCF6CE8? 3A2E000E             move.w  ($e,A6), D5
FFCF6CEC? 3C2E000A             move.w  ($a,A6), D6
FFCF6CF0? 266E0010             movea.l ($10,A6), A3
FFCF6CF4? 286E0014             movea.l ($14,A6), A4
FFCF6CF8? 4247                 clr.w   D7
FFCF6CFA? 9C45                 sub.w   D5, D6
FFCF6CFC? 6016                 bra     $ffcf6d14
FFCF6CFE? 3007                 move.w  D7, D0
FFCF6D00? 5247                 addq.w  #1, D7
FFCF6D02? 3880                 move.w  D0, (A4)
FFCF6D04? 204C                 movea.l A4, A0
FFCF6D06? 5488                 addq.l  #2, A0
FFCF6D08? 224B                 movea.l A3, A1
FFCF6D0A? 5489                 addq.l  #2, A1
FFCF6D0C? 20D9                 move.l  (A1)+, (A0)+
FFCF6D0E? 30D9                 move.w  (A1)+, (A0)+
FFCF6D10? 504B                 addq.w  #8, A3
FFCF6D12? 504C                 addq.w  #8, A4
FFCF6D14? 5345                 subq.w  #1, D5
FFCF6D16? 6CE6                 bge     $ffcf6cfe
FFCF6D18? 6010                 bra     $ffcf6d2a
FFCF6D1A? 3007                 move.w  D7, D0
FFCF6D1C? 5247                 addq.w  #1, D7
FFCF6D1E? 3880                 move.w  D0, (A4)
FFCF6D20? 42AC0002             clr.l   ($2,A4)
FFCF6D24? 426C0006             clr.w   ($6,A4)
FFCF6D28? 504C                 addq.w  #8, A4
FFCF6D2A? 5346                 subq.w  #1, D6
FFCF6D2C? 6CEC                 bge     $ffcf6d1a
FFCF6D2E? 4CEE18E0FFEC         movem.l (-$14,A6), D5-D7/A3-A4
FFCF6D34? 4E5E                 unlk    A6
FFCF6D36? 4E75                 rts
FFCF6D38? 00000000             ori.b   #$0, D0
FFCF6D3C? 00000000             ori.b   #$0, D0
FFCF6D40? 4E56FFDE             link    A6, #-$22
FFCF6D44? 48E71F38             movem.l D3-D7/A2-A4, -(A7)
FFCF6D48? 266E0008             movea.l ($8,A6), A3
FFCF6D4C? 4246                 clr.w   D6
FFCF6D4E? 4244                 clr.w   D4
FFCF6D50? 302E0012             move.w  ($12,A6), D0
FFCF6D54? 7A01                 moveq   #$1, D5
FFCF6D56? E1AD                 lsl.l   D0, D5
FFCF6D58? 286B00C0             movea.l ($c0,A3), A4
FFCF6D5C? 4247                 clr.w   D7
FFCF6D5E? 6008                 bra     $ffcf6d68
FFCF6D60? 38BCFFFF             move.w  #$ffff, (A4)
FFCF6D64? 504C                 addq.w  #8, A4
FFCF6D66? 5247                 addq.w  #1, D7
FFCF6D68? BA47                 cmp.w   D7, D5
FFCF6D6A? 6EF4                 bgt     $ffcf6d60
FFCF6D6C? 4AAE000C             tst.l   ($c,A6)
FFCF6D70? 670000D6             beq     $ffcf6e48
FFCF6D74? 206E000C             movea.l ($c,A6), A0
FFCF6D78? A069                 _HGetState                                ; A-line trap A069
FFCF6D7A? 1600                 move.b  D0, D3
FFCF6D7C? 206E000C             movea.l ($c,A6), A0
FFCF6D80? A029                 _HLock                                    ; A-line trap A029
FFCF6D82? 206E000C             movea.l ($c,A6), A0
FFCF6D86? 2050                 movea.l (A0), A0
FFCF6D88? 2D48FFF8             move.l  A0, (-$8,A6)
FFCF6D8C? 3C280006             move.w  ($6,A0), D6
FFCF6D90? 5246                 addq.w  #1, D6
FFCF6D92? 45E80008             lea     ($8,A0), A2
FFCF6D96? 302B00D8             move.w  ($d8,A3), D0
FFCF6D9A? 322B00D2             move.w  ($d2,A3), D1
FFCF6D9E? B141                 eor.w   D0, D1
FFCF6DA0? 3D41FFF2             move.w  D1, (-$e,A6)
FFCF6DA4? 302B00DA             move.w  ($da,A3), D0
FFCF6DA8? 322B00D4             move.w  ($d4,A3), D1
FFCF6DAC? B141                 eor.w   D0, D1
FFCF6DAE? 3D41FFF4             move.w  D1, (-$c,A6)
FFCF6DB2? 302B00DC             move.w  ($dc,A3), D0
FFCF6DB6? 322B00D6             move.w  ($d6,A3), D1
FFCF6DBA? B141                 eor.w   D0, D1
FFCF6DBC? 3D41FFF6             move.w  D1, (-$a,A6)
FFCF6DC0? 606C                 bra     $ffcf6e2e
FFCF6DC2? 3E12                 move.w  (A2), D7
FFCF6DC4? 206EFFF8             movea.l (-$8,A6), A0
FFCF6DC8? 4A680004             tst.w   ($4,A0)
FFCF6DCC? 6C06                 bge     $ffcf6dd4
FFCF6DCE? 3004                 move.w  D4, D0
FFCF6DD0? 5244                 addq.w  #1, D4
FFCF6DD2? 3E00                 move.w  D0, D7
FFCF6DD4? 286B00C0             movea.l ($c0,A3), A4
FFCF6DD8? 48C7                 ext.l   D7
FFCF6DDA? 2007                 move.l  D7, D0
FFCF6DDC? E780                 asl.l   #3, D0
FFCF6DDE? D9C0                 adda.l  D0, A4
FFCF6DE0? 4254                 clr.w   (A4)
FFCF6DE2? 4A6B00DE             tst.w   ($de,A3)
FFCF6DE6? 6738                 beq     $ffcf6e20
FFCF6DE8? 302EFFF2             move.w  (-$e,A6), D0
FFCF6DEC? C06A0002             and.w   ($2,A2), D0
FFCF6DF0? 322B00D2             move.w  ($d2,A3), D1
FFCF6DF4? B340                 eor.w   D1, D0
FFCF6DF6? 39400002             move.w  D0, ($2,A4)
FFCF6DFA? 302EFFF4             move.w  (-$c,A6), D0
FFCF6DFE? C06A0004             and.w   ($4,A2), D0
FFCF6E02? 322B00D4             move.w  ($d4,A3), D1
FFCF6E06? B340                 eor.w   D1, D0
FFCF6E08? 39400004             move.w  D0, ($4,A4)
FFCF6E0C? 302EFFF6             move.w  (-$a,A6), D0
FFCF6E10? C06A0006             and.w   ($6,A2), D0
FFCF6E14? 322B00D6             move.w  ($d6,A3), D1
FFCF6E18? B340                 eor.w   D1, D0
FFCF6E1A? 39400006             move.w  D0, ($6,A4)
FFCF6E1E? 600C                 bra     $ffcf6e2c
FFCF6E20? 204C                 movea.l A4, A0
FFCF6E22? 5488                 addq.l  #2, A0
FFCF6E24? 224A                 movea.l A2, A1
FFCF6E26? 5489                 addq.l  #2, A1
FFCF6E28? 20D9                 move.l  (A1)+, (A0)+
FFCF6E2A? 30D9                 move.w  (A1)+, (A0)+
FFCF6E2C? 504A                 addq.w  #8, A2
FFCF6E2E? 3006                 move.w  D6, D0
FFCF6E30? 5346                 subq.w  #1, D6
FFCF6E32? 4A40                 tst.w   D0
FFCF6E34? 668C                 bne     $ffcf6dc2
FFCF6E36? 206EFFF8             movea.l (-$8,A6), A0
FFCF6E3A? 3C280006             move.w  ($6,A0), D6
FFCF6E3E? 5246                 addq.w  #1, D6
FFCF6E40? 206E000C             movea.l ($c,A6), A0
FFCF6E44? 1003                 move.b  D3, D0
FFCF6E46? A06A                 _HSetState                                ; A-line trap A06A
FFCF6E48? BA46                 cmp.w   D6, D5
FFCF6E4A? 6F00013C             ble     $ffcf6f88
FFCF6E4E? 3005                 move.w  D5, D0
FFCF6E50? 9046                 sub.w   D6, D0
FFCF6E52? 3D40FFFC             move.w  D0, (-$4,A6)
FFCF6E56? 7600                 moveq   #$0, D3
FFCF6E58? 362B00D8             move.w  ($d8,A3), D3
FFCF6E5C? 7000                 moveq   #$0, D0
FFCF6E5E? 302B00D2             move.w  ($d2,A3), D0
FFCF6E62? 9083                 sub.l   D3, D0
FFCF6E64? 2D40FFE2             move.l  D0, (-$1e,A6)
FFCF6E68? 6C10                 bge     $ffcf6e7a
FFCF6E6A? 7600                 moveq   #$0, D3
FFCF6E6C? 362B00D2             move.w  ($d2,A3), D3
FFCF6E70? 202EFFE2             move.l  (-$1e,A6), D0
FFCF6E74? 4480                 neg.l   D0
FFCF6E76? 2D40FFE2             move.l  D0, (-$1e,A6)
FFCF6E7A? 7800                 moveq   #$0, D4
FFCF6E7C? 382B00DA             move.w  ($da,A3), D4
FFCF6E80? 7000                 moveq   #$0, D0
FFCF6E82? 302B00D4             move.w  ($d4,A3), D0
FFCF6E86? 9084                 sub.l   D4, D0
FFCF6E88? 2D40FFE6             move.l  D0, (-$1a,A6)
FFCF6E8C? 6C10                 bge     $ffcf6e9e
FFCF6E8E? 7800                 moveq   #$0, D4
FFCF6E90? 382B00D4             move.w  ($d4,A3), D4
FFCF6E94? 202EFFE6             move.l  (-$1a,A6), D0
FFCF6E98? 4480                 neg.l   D0
FFCF6E9A? 2D40FFE6             move.l  D0, (-$1a,A6)
FFCF6E9E? 7A00                 moveq   #$0, D5
FFCF6EA0? 3A2B00DC             move.w  ($dc,A3), D5
FFCF6EA4? 7000                 moveq   #$0, D0
FFCF6EA6? 302B00D6             move.w  ($d6,A3), D0
FFCF6EAA? 2400                 move.l  D0, D2
FFCF6EAC? 9485                 sub.l   D5, D2
FFCF6EAE? 4A82                 tst.l   D2
FFCF6EB0? 6C0C                 bge     $ffcf6ebe
FFCF6EB2? 7A00                 moveq   #$0, D5
FFCF6EB4? 3A2B00D6             move.w  ($d6,A3), D5
FFCF6EB8? 2002                 move.l  D2, D0
FFCF6EBA? 4480                 neg.l   D0
FFCF6EBC? 2400                 move.l  D0, D2
FFCF6EBE? 7010                 moveq   #$10, D0
FFCF6EC0? 2203                 move.l  D3, D1
FFCF6EC2? E1A9                 lsl.l   D0, D1
FFCF6EC4? D2BC00008000         add.l   #$8000, D1
FFCF6ECA? 2601                 move.l  D1, D3
FFCF6ECC? 7010                 moveq   #$10, D0
FFCF6ECE? 2204                 move.l  D4, D1
FFCF6ED0? E1A9                 lsl.l   D0, D1
FFCF6ED2? D2BC00008000         add.l   #$8000, D1
FFCF6ED8? 2801                 move.l  D1, D4
FFCF6EDA? 7010                 moveq   #$10, D0
FFCF6EDC? 2205                 move.l  D5, D1
FFCF6EDE? E1A9                 lsl.l   D0, D1
FFCF6EE0? D2BC00008000         add.l   #$8000, D1
FFCF6EE6? 2A01                 move.l  D1, D5
FFCF6EE8? 2F02                 move.l  D2, -(A7)
FFCF6EEA? 598F                 subq.l  #4, A7
FFCF6EEC? 3F2EFFE4             move.w  (-$1c,A6), -(A7)
FFCF6EF0? 3F2EFFFC             move.w  (-$4,A6), -(A7)
FFCF6EF4? A869                 _FixRatio                                 ; A-line trap A869
FFCF6EF6? 201F                 move.l  (A7)+, D0
FFCF6EF8? 241F                 move.l  (A7)+, D2
FFCF6EFA? 2D40FFE2             move.l  D0, (-$1e,A6)
FFCF6EFE? 2F02                 move.l  D2, -(A7)
FFCF6F00? 598F                 subq.l  #4, A7
FFCF6F02? 3F2EFFE8             move.w  (-$18,A6), -(A7)
FFCF6F06? 3F2EFFFC             move.w  (-$4,A6), -(A7)
FFCF6F0A? A869                 _FixRatio                                 ; A-line trap A869
FFCF6F0C? 201F                 move.l  (A7)+, D0
FFCF6F0E? 241F                 move.l  (A7)+, D2
FFCF6F10? 2D40FFE6             move.l  D0, (-$1a,A6)
FFCF6F14? 2F02                 move.l  D2, -(A7)
FFCF6F16? 598F                 subq.l  #4, A7
FFCF6F18? 3F02                 move.w  D2, -(A7)
FFCF6F1A? 3F2EFFFC             move.w  (-$4,A6), -(A7)
FFCF6F1E? A869                 _FixRatio                                 ; A-line trap A869
FFCF6F20? 201F                 move.l  (A7)+, D0
FFCF6F22? 241F                 move.l  (A7)+, D2
FFCF6F24? 2400                 move.l  D0, D2
FFCF6F26? 286B00C0             movea.l ($c0,A3), A4
FFCF6F2A? 4247                 clr.w   D7
FFCF6F2C? 6054                 bra     $ffcf6f82
FFCF6F2E? 4A54                 tst.w   (A4)
FFCF6F30? 674C                 beq     $ffcf6f7e
FFCF6F32? 7010                 moveq   #$10, D0
FFCF6F34? 2203                 move.l  D3, D1
FFCF6F36? E0A1                 asr.l   D0, D1
FFCF6F38? 39410002             move.w  D1, ($2,A4)
FFCF6F3C? 7010                 moveq   #$10, D0
FFCF6F3E? 2204                 move.l  D4, D1
FFCF6F40? E0A1                 asr.l   D0, D1
FFCF6F42? 39410004             move.w  D1, ($4,A4)
FFCF6F46? 7010                 moveq   #$10, D0
FFCF6F48? 2205                 move.l  D5, D1
FFCF6F4A? E0A1                 asr.l   D0, D1
FFCF6F4C? 39410006             move.w  D1, ($6,A4)
FFCF6F50? 2C03                 move.l  D3, D6
FFCF6F52? D6AEFFE2             add.l   (-$1e,A6), D3
FFCF6F56? BC83                 cmp.l   D3, D6
FFCF6F58? 6306                 bls     $ffcf6f60
FFCF6F5A? 263CFFFF0000         move.l  #$ffff0000, D3
FFCF6F60? 2C04                 move.l  D4, D6
FFCF6F62? D8AEFFE6             add.l   (-$1a,A6), D4
FFCF6F66? BC84                 cmp.l   D4, D6
FFCF6F68? 6306                 bls     $ffcf6f70
FFCF6F6A? 283CFFFF0000         move.l  #$ffff0000, D4
FFCF6F70? 2C05                 move.l  D5, D6
FFCF6F72? DA82                 add.l   D2, D5
FFCF6F74? BC85                 cmp.l   D5, D6
FFCF6F76? 6306                 bls     $ffcf6f7e
FFCF6F78? 2A3CFFFF0000         move.l  #$ffff0000, D5
FFCF6F7E? 504C                 addq.w  #8, A4
FFCF6F80? 5247                 addq.w  #1, D7
FFCF6F82? BE6EFFFC             cmp.w   (-$4,A6), D7
FFCF6F86? 6DA6                 blt     $ffcf6f2e
FFCF6F88? 4CEE1CF8FFBE         movem.l (-$42,A6), D3-D7/A2-A4
FFCF6F8E? 4E5E                 unlk    A6
FFCF6F90? 4E75                 rts
FFCF6F92d 0000000000000000     dc.b    $00,$00,$00,$00,$00,$00,$00,$00,$00,$00,$00,$00,$00,$00,$4E,$56 ; |..............NV|
FFCF6FA2d FFF8                 dc.b    $FF,$F8                           ; |..|
FFCF6FA4? 48E71F18             movem.l D3-D7/A3-A4, -(A7)
FFCF6FA8? 286E0008             movea.l ($8,A6), A4
FFCF6FAC? 2D6C00CEFFFC         move.l  ($ce,A4), (-$4,A6)
FFCF6FB2? 382C00CC             move.w  ($cc,A4), D4
FFCF6FB6? 266C00C0             movea.l ($c0,A4), A3
FFCF6FBA? 4A6C00B0             tst.w   ($b0,A4)
FFCF6FBE? 57C3                 seq     D3
FFCF6FC0? 4403                 neg.b   D3
FFCF6FC2? 4883                 ext.w   D3
FFCF6FC4? 3A03                 move.w  D3, D5
FFCF6FC6? 70FF                 moveq   #-$1, D0
FFCF6FC8? B06C00B0             cmp.w   ($b0,A4), D0
FFCF6FCC? 57C3                 seq     D3
FFCF6FCE? 4403                 neg.b   D3
FFCF6FD0? 4883                 ext.w   D3
FFCF6FD2? 3C03                 move.w  D3, D6
FFCF6FD4? 600000F8             bra     $ffcf70ce
FFCF6FD8? 7010                 moveq   #$10, D0
FFCF6FDA? C06C006C             and.w   ($6c,A4), D0
FFCF6FDE? 673C                 beq     $ffcf701c
FFCF6FE0? 302B0002             move.w  ($2,A3), D0
FFCF6FE4? B06B0004             cmp.w   ($4,A3), D0
FFCF6FE8? 6632                 bne     $ffcf701c
FFCF6FEA? 302B0002             move.w  ($2,A3), D0
FFCF6FEE? B06B0006             cmp.w   ($6,A3), D0
FFCF6FF2? 6628                 bne     $ffcf701c
FFCF6FF4? 7000                 moveq   #$0, D0
FFCF6FF6? 302B0002             move.w  ($2,A3), D0
FFCF6FFA? 4A80                 tst.l   D0
FFCF6FFC? 670E                 beq     $ffcf700c
FFCF6FFE? 7000                 moveq   #$0, D0
FFCF7000? 302B0002             move.w  ($2,A3), D0
FFCF7004? 0C800000FFFF         cmpi.l  #$ffff, D0
FFCF700A? 6610                 bne     $ffcf701c
FFCF700C? 206EFFFC             movea.l (-$4,A6), A0
FFCF7010? 58AEFFFC             addq.l  #4, (-$4,A6)
FFCF7014? 70FE                 moveq   #-$2, D0
FFCF7016? 2080                 move.l  D0, (A0)
FFCF7018? 600000B2             bra     $ffcf70cc
FFCF701C? 4A45                 tst.w   D5
FFCF701E? 675C                 beq     $ffcf707c
FFCF7020? 2D6C00B2FFF8         move.l  ($b2,A4), (-$8,A6)
FFCF7026? 3E2C0004             move.w  ($4,A4), D7
FFCF702A? 6032                 bra     $ffcf705e
FFCF702C? 206EFFF8             movea.l (-$8,A6), A0
FFCF7030? 5488                 addq.l  #2, A0
FFCF7032? 224B                 movea.l A3, A1
FFCF7034? 5489                 addq.l  #2, A1
FFCF7036? 7002                 moveq   #$2, D0
FFCF7038? B149                 cmpm.w  (A1)+, (A0)+
FFCF703A? 56C8FFFC             dbne    D0, $ffcf7038
FFCF703E? 6616                 bne     $ffcf7056
FFCF7040? 202EFFF8             move.l  (-$8,A6), D0
FFCF7044? 90AC00B2             sub.l   ($b2,A4), D0
FFCF7048? 222EFFFC             move.l  (-$4,A6), D1
FFCF704C? 58AEFFFC             addq.l  #4, (-$4,A6)
FFCF7050? 2041                 movea.l D1, A0
FFCF7052? 2080                 move.l  D0, (A0)
FFCF7054? 6010                 bra     $ffcf7066
FFCF7056? 50AEFFF8             addq.l  #8, (-$8,A6)
FFCF705A? 3007                 move.w  D7, D0
FFCF705C? 5347                 subq.w  #1, D7
FFCF705E? 7000                 moveq   #$0, D0
FFCF7060? 3007                 move.w  D7, D0
FFCF7062? 4A80                 tst.l   D0
FFCF7064? 62C6                 bhi     $ffcf702c
FFCF7066? 7000                 moveq   #$0, D0
FFCF7068? 3007                 move.w  D7, D0
FFCF706A? 4A80                 tst.l   D0
FFCF706C? 665E                 bne     $ffcf70cc
FFCF706E? 206EFFFC             movea.l (-$4,A6), A0
FFCF7072? 58AEFFFC             addq.l  #4, (-$4,A6)
FFCF7076? 70FF                 moveq   #-$1, D0
FFCF7078? 2080                 move.l  D0, (A0)
FFCF707A? 6050                 bra     $ffcf70cc
FFCF707C? 4A46                 tst.w   D6
FFCF707E? 670E                 beq     $ffcf708e
FFCF7080? 206EFFFC             movea.l (-$4,A6), A0
FFCF7084? 58AEFFFC             addq.l  #4, (-$4,A6)
FFCF7088? 70FD                 moveq   #-$3, D0
FFCF708A? 2080                 move.l  D0, (A0)
FFCF708C? 603E                 bra     $ffcf70cc
FFCF708E? 302B0002             move.w  ($2,A3), D0
FFCF7092? E248                 lsr.w   #1, D0
FFCF7094? 7200                 moveq   #$0, D1
FFCF7096? 3200                 move.w  D0, D1
FFCF7098? 3E3C7C00             move.w  #$7c00, D7
FFCF709C? CE41                 and.w   D1, D7
FFCF709E? 302B0004             move.w  ($4,A3), D0
FFCF70A2? EC48                 lsr.w   #6, D0
FFCF70A4? 7200                 moveq   #$0, D1
FFCF70A6? 3200                 move.w  D0, D1
FFCF70A8? 303C03E0             move.w  #$3e0, D0
FFCF70AC? C041                 and.w   D1, D0
FFCF70AE? DE40                 add.w   D0, D7
FFCF70B0? 700B                 moveq   #$b, D0
FFCF70B2? 322B0006             move.w  ($6,A3), D1
FFCF70B6? E069                 lsr.w   D0, D1
FFCF70B8? DE41                 add.w   D1, D7
FFCF70BA? 7000                 moveq   #$0, D0
FFCF70BC? 3007                 move.w  D7, D0
FFCF70BE? E388                 lsl.l   #1, D0
FFCF70C0? 222EFFFC             move.l  (-$4,A6), D1
FFCF70C4? 58AEFFFC             addq.l  #4, (-$4,A6)
FFCF70C8? 2041                 movea.l D1, A0
FFCF70CA? 2080                 move.l  D0, (A0)
FFCF70CC? 504B                 addq.w  #8, A3
FFCF70CE? 3004                 move.w  D4, D0
FFCF70D0? 5344                 subq.w  #1, D4
FFCF70D2? 4A40                 tst.w   D0
FFCF70D4? 6600FF02             bne     $ffcf6fd8
FFCF70D8? 4CEE18F8FFDC         movem.l (-$24,A6), D3-D7/A3-A4
FFCF70DE? 4E5E                 unlk    A6
FFCF70E0? 4E75                 rts
FFCF70E2d 0000000000000000     dc.b    $00,$00,$00,$00,$00,$00,$00,$00,$00,$00,$00,$00,$00,$00,$E5,$88 ; |................|
FFCF70F2d 4EFB00024EFA0018     dc.b    $4E,$FB,$00,$02,$4E,$FA,$00,$18,$4E,$FA,$00,$44,$4E,$FA,$00,$50 ; |N...N...N..DN..P|
FFCF7102d 4EFA002C00000000     dc.b    $4E,$FA,$00,$2C,$00,$00,$00,$00,$00,$00,$00,$00,$00,$00,$4E,$56 ; |N..,..........NV|
FFCF7112d 0000206E000C         dc.b    $00,$00,$20,$6E,$00,$0C           ; |.. n..|
FFCF7118? 7000                 moveq   #$0, D0
FFCF711A? 2080                 move.l  D0, (A0)
FFCF711C? 206E0008             movea.l ($8,A6), A0
FFCF7120? 4250                 clr.w   (A0)
FFCF7122? 426E0012             clr.w   ($12,A6)
FFCF7126? 4E5E                 unlk    A6
FFCF7128? 4E74000A             rtd     #$a; (1+)
FFCF712C? 00000000             ori.b   #$0, D0
FFCF7130? 4E560000             link    A6, #$0
FFCF7134? 426E000C             clr.w   ($c,A6)
FFCF7138? 4E5E                 unlk    A6
FFCF713A? 4E740004             rtd     #$4; (1+)
FFCF713E? 00004E56             ori.b   #$56, D0
FFCF7142? 00003D7C             ori.b   #$7c, D0
FFCF7146? D505                 addx.b  D5, D2
FFCF7148? 00184E5E             ori.b   #$5e, (A0)+
FFCF714C? 4E740010             rtd     #$10; (1+)
FFCF7150? 4E56FFEA             link    A6, #-$16
FFCF7154? 48E71F38             movem.l D3-D7/A2-A4, -(A7)
FFCF7158? 226E000C             movea.l ($c,A6), A1
FFCF715C? 362E0010             move.w  ($10,A6), D3
FFCF7160? 286E0008             movea.l ($8,A6), A4
FFCF7164? 4242                 clr.w   D2
FFCF7166? 48E72040             movem.l D2/A1, -(A7)
FFCF716A? 7001                 moveq   #$1, D0
FFCF716C? 2F00                 move.l  D0, -(A7)
FFCF716E? 2F3C00010000         move.l  #$10000, -(A7)
FFCF7174? 486EFFF0             pea     (-$10,A6)
FFCF7178? 4EBADD56             jsr     ($ffcf4ed0,PC)
FFCF717C? 4FEF000C             lea     ($c,A7), A7
FFCF7180? 4CDF0204             movem.l (A7)+, D2/A1
FFCF7184? 3A00                 move.w  D0, D5
FFCF7186? 6708                 beq     $ffcf7190
FFCF7188? 3D450016             move.w  D5, ($16,A6)
FFCF718C? 60000142             bra     $ffcf72d0
FFCF7190? 246EFFF0             movea.l (-$10,A6), A2
FFCF7194? 426EFFFE             clr.w   (-$2,A6)
FFCF7198? 2649                 movea.l A1, A3
FFCF719A? 4246                 clr.w   D6
FFCF719C? 6022                 bra     $ffcf71c0
FFCF719E? 3A1B                 move.w  (A3)+, D5
FFCF71A0? 7000                 moveq   #$0, D0
FFCF71A2? 3005                 move.w  D5, D0
FFCF71A4? 4A80                 tst.l   D0
FFCF71A6? 6714                 beq     $ffcf71bc
FFCF71A8? 302EFFFE             move.w  (-$2,A6), D0
FFCF71AC? 526EFFFE             addq.w  #1, (-$2,A6)
FFCF71B0? 7000                 moveq   #$0, D0
FFCF71B2? 3005                 move.w  D5, D0
FFCF71B4? 32320A00             move.w  (A2,D0.l*2), D1
FFCF71B8? 52720A00             addq.w  #1, (A2,D0.l*2)
FFCF71BC? 3006                 move.w  D6, D0
FFCF71BE? 5246                 addq.w  #1, D6
FFCF71C0? 7000                 moveq   #$0, D0
FFCF71C2? 3006                 move.w  D6, D0
FFCF71C4? 0C407FFF             cmpi.w  #$7fff, D0
FFCF71C8? 63D4                 bls     $ffcf719e
FFCF71CA? 7A01                 moveq   #$1, D5
FFCF71CC? 7800                 moveq   #$0, D4
FFCF71CE? B66EFFFE             cmp.w   (-$2,A6), D3
FFCF71D2? 6C28                 bge     $ffcf71fc
FFCF71D4? 3C3C7FFF             move.w  #$7fff, D6
FFCF71D8? 3A06                 move.w  D6, D5
FFCF71DA? 7E00                 moveq   #$0, D7
FFCF71DC? 6012                 bra     $ffcf71f0
FFCF71DE? 7000                 moveq   #$0, D0
FFCF71E0? 3006                 move.w  D6, D0
FFCF71E2? 30320A00             move.w  (A2,D0.l*2), D0
FFCF71E6? 48C0                 ext.l   D0
FFCF71E8? DE80                 add.l   D0, D7
FFCF71EA? 3006                 move.w  D6, D0
FFCF71EC? 5346                 subq.w  #1, D6
FFCF71EE? 3A00                 move.w  D0, D5
FFCF71F0? 48C3                 ext.l   D3
FFCF71F2? B687                 cmp.l   D7, D3
FFCF71F4? 6EE8                 bgt     $ffcf71de
FFCF71F6? 48C3                 ext.l   D3
FFCF71F8? 2807                 move.l  D7, D4
FFCF71FA? 9883                 sub.l   D3, D4
FFCF71FC? 2649                 movea.l A1, A3
FFCF71FE? 4246                 clr.w   D6
FFCF7200? 60000096             bra     $ffcf7298
FFCF7204? 3D5BFFEA             move.w  (A3)+, (-$16,A6)
FFCF7208? BA6EFFEA             cmp.w   (-$16,A6), D5
FFCF720C? 6E000086             bgt     $ffcf7294
FFCF7210? BA6EFFEA             cmp.w   (-$16,A6), D5
FFCF7214? 660A                 bne     $ffcf7220
FFCF7216? 4A84                 tst.l   D4
FFCF7218? 6706                 beq     $ffcf7220
FFCF721A? 2004                 move.l  D4, D0
FFCF721C? 5384                 subq.l  #1, D4
FFCF721E? 6074                 bra     $ffcf7294
FFCF7220? 3002                 move.w  D2, D0
FFCF7222? 5242                 addq.w  #1, D2
FFCF7224? 3880                 move.w  D0, (A4)
FFCF7226? 7000                 moveq   #$0, D0
FFCF7228? 3006                 move.w  D6, D0
FFCF722A? 323C7C00             move.w  #$7c00, D1
FFCF722E? C240                 and.w   D0, D1
FFCF7230? 7000                 moveq   #$0, D0
FFCF7232? 3001                 move.w  D1, D0
FFCF7234? 2E00                 move.l  D0, D7
FFCF7236? E38F                 lsl.l   #1, D7
FFCF7238? 3007                 move.w  D7, D0
FFCF723A? EA48                 lsr.w   #5, D0
FFCF723C? 8E40                 or.w    D0, D7
FFCF723E? 700A                 moveq   #$a, D0
FFCF7240? 3207                 move.w  D7, D1
FFCF7242? E069                 lsr.w   D0, D1
FFCF7244? 8E41                 or.w    D1, D7
FFCF7246? 39470002             move.w  D7, ($2,A4)
FFCF724A? 7000                 moveq   #$0, D0
FFCF724C? 3006                 move.w  D6, D0
FFCF724E? 323C03E0             move.w  #$3e0, D1
FFCF7252? C240                 and.w   D0, D1
FFCF7254? 7000                 moveq   #$0, D0
FFCF7256? 3001                 move.w  D1, D0
FFCF7258? 2E00                 move.l  D0, D7
FFCF725A? ED8F                 lsl.l   #6, D7
FFCF725C? 3007                 move.w  D7, D0
FFCF725E? EA48                 lsr.w   #5, D0
FFCF7260? 8E40                 or.w    D0, D7
FFCF7262? 700A                 moveq   #$a, D0
FFCF7264? 3207                 move.w  D7, D1
FFCF7266? E069                 lsr.w   D0, D1
FFCF7268? 8E41                 or.w    D1, D7
FFCF726A? 39470004             move.w  D7, ($4,A4)
FFCF726E? 7000                 moveq   #$0, D0
FFCF7270? 3006                 move.w  D6, D0
FFCF7272? 721F                 moveq   #$1f, D1
FFCF7274? C240                 and.w   D0, D1
FFCF7276? 7000                 moveq   #$0, D0
FFCF7278? 3001                 move.w  D1, D0
FFCF727A? 720B                 moveq   #$b, D1
FFCF727C? 2E00                 move.l  D0, D7
FFCF727E? E3AF                 lsl.l   D1, D7
FFCF7280? 3007                 move.w  D7, D0
FFCF7282? EA48                 lsr.w   #5, D0
FFCF7284? 8E40                 or.w    D0, D7
FFCF7286? 700A                 moveq   #$a, D0
FFCF7288? 3207                 move.w  D7, D1
FFCF728A? E069                 lsr.w   D0, D1
FFCF728C? 8E41                 or.w    D1, D7
FFCF728E? 39470006             move.w  D7, ($6,A4)
FFCF7292? 504C                 addq.w  #8, A4
FFCF7294? 3006                 move.w  D6, D0
FFCF7296? 5246                 addq.w  #1, D6
FFCF7298? 0C467FFF             cmpi.w  #$7fff, D6
FFCF729C? 6300FF66             bls     $ffcf7204
FFCF72A0? 966EFFFE             sub.w   (-$2,A6), D3
FFCF72A4? 6010                 bra     $ffcf72b6
FFCF72A6? 3002                 move.w  D2, D0
FFCF72A8? 5242                 addq.w  #1, D2
FFCF72AA? 3880                 move.w  D0, (A4)
FFCF72AC? 42AC0002             clr.l   ($2,A4)
FFCF72B0? 426C0006             clr.w   ($6,A4)
FFCF72B4? 504C                 addq.w  #8, A4
FFCF72B6? 5343                 subq.w  #1, D3
FFCF72B8? 6CEC                 bge     $ffcf72a6
FFCF72BA? 48E72040             movem.l D2/A1, -(A7)
FFCF72BE? 486EFFF0             pea     (-$10,A6)
FFCF72C2? 4EBADDEC             jsr     ($ffcf50b0,PC)
FFCF72C6? 588F                 addq.l  #4, A7
FFCF72C8? 4CDF0204             movem.l (A7)+, D2/A1
FFCF72CC? 426E0016             clr.w   ($16,A6)
FFCF72D0? 4CEE1CF8FFCA         movem.l (-$36,A6), D3-D7/A2-A4
FFCF72D6? 4E5E                 unlk    A6
FFCF72D8? 4E74000E             rtd     #$e; (1+)
FFCF72DC? 00000000             ori.b   #$0, D0
FFCF72E0? E588                 lsl.l   #2, D0
FFCF72E2? 4EFB0002             jmp     ($2,PC,D0.w)
FFCF72E6d 4EFA00784EFA00A4     dc.b    $4E,$FA,$00,$78,$4E,$FA,$00,$A4,$4E,$FA,$00,$B0,$4E,$FA,$00,$8C ; |N..xN...N...N...|
FFCF72F6? 00000000             ori.b   #$0, D0
FFCF72FA? 00000000             ori.b   #$0, D0
FFCF72FE? 000048E7             ori.b   #$e7, D0
FFCF7302? 1F00                 move.b  D0, -(A7)
FFCF7304? 206F0018             movea.l ($18,A7), A0
FFCF7308? 226F001C             movea.l ($1c,A7), A1
FFCF730C? 202F0020             move.l  ($20,A7), D0
FFCF7310? 4241                 clr.w   D1
FFCF7312? 7605                 moveq   #$5, D3
FFCF7314? 780A                 moveq   #$a, D4
FFCF7316? 7A0B                 moveq   #$b, D5
FFCF7318? 6024                 bra     $ffcf733e
FFCF731A? 32C1                 move.w  D1, (A1)+
FFCF731C? 5241                 addq.w  #1, D1
FFCF731E? 3E10                 move.w  (A0), D7
FFCF7320? 6714                 beq     $ffcf7336
FFCF7322? 2C28000E             move.l  ($e,A0), D6
FFCF7326? 6120                 bsr     $ffcf7348
FFCF7328? 2C280012             move.l  ($12,A0), D6
FFCF732C? 611A                 bsr     $ffcf7348
FFCF732E? 2C280016             move.l  ($16,A0), D6
FFCF7332? 6114                 bsr     $ffcf7348
FFCF7334? 6004                 bra     $ffcf733a
FFCF7336? 4299                 clr.l   (A1)+
FFCF7338? 4259                 clr.w   (A1)+
FFCF733A? 41E80020             lea     ($20,A0), A0
FFCF733E? 51C8FFDA             dbra    D0, $ffcf731a
FFCF7342? 4CDF00F8             movem.l (A7)+, D3-D7
FFCF7346? 4E75                 rts
FFCF7348? 8CC7                 divu.w  D7, D6
FFCF734A? EB6E                 lsl.w   D5, D6
FFCF734C? 3406                 move.w  D6, D2
FFCF734E? E66A                 lsr.w   D3, D2
FFCF7350? 8C42                 or.w    D2, D6
FFCF7352? 3406                 move.w  D6, D2
FFCF7354? E86A                 lsr.w   D4, D2
FFCF7356? 8C42                 or.w    D2, D6
FFCF7358? 32C6                 move.w  D6, (A1)+
FFCF735A? 4E75                 rts
FFCF735C? 00000000             ori.b   #$0, D0
FFCF7360? 4E560000             link    A6, #$0
FFCF7364? 206E000C             movea.l ($c,A6), A0
FFCF7368? 7000                 moveq   #$0, D0
FFCF736A? 2080                 move.l  D0, (A0)
FFCF736C? 206E0008             movea.l ($8,A6), A0
FFCF7370? 4250                 clr.w   (A0)
FFCF7372? 426E0012             clr.w   ($12,A6)
FFCF7376? 4E5E                 unlk    A6
FFCF7378? 4E74000A             rtd     #$a; (1+)
FFCF737C? 00000000             ori.b   #$0, D0
FFCF7380? 4E560000             link    A6, #$0
FFCF7384? 426E000C             clr.w   ($c,A6)
FFCF7388? 4E5E                 unlk    A6
FFCF738A? 4E740004             rtd     #$4; (1+)
FFCF738E? 00004E56             ori.b   #$56, D0
FFCF7392? 00003D7C             ori.b   #$7c, D0
FFCF7396? D505                 addx.b  D5, D2
FFCF7398? 00184E5E             ori.b   #$5e, (A0)+
FFCF739C? 4E740010             rtd     #$10; (1+)
FFCF73A0? 4E56FFD4             link    A6, #-$2c
FFCF73A4? 48E71F18             movem.l D3-D7/A3-A4, -(A7)
FFCF73A8? 7001                 moveq   #$1, D0
FFCF73AA? 2F00                 move.l  D0, -(A7)
FFCF73AC? 2F3C00010000         move.l  #$10000, -(A7)
FFCF73B2? 486EFFE4             pea     (-$1c,A6)
FFCF73B6? 4EBADB18             jsr     ($ffcf4ed0,PC)
FFCF73BA? 3D40FFFE             move.w  D0, (-$2,A6)
FFCF73BE? 4FEF000C             lea     ($c,A7), A7
FFCF73C2? 670A                 beq     $ffcf73ce
FFCF73C4? 3D6EFFFE0016         move.w  (-$2,A6), ($16,A6)
FFCF73CA? 60000298             bra     $ffcf7664
FFCF73CE? 7001                 moveq   #$1, D0
FFCF73D0? 2F00                 move.l  D0, -(A7)
FFCF73D2? 48782000             pea     $2000.w
FFCF73D6? 486EFFF0             pea     (-$10,A6)
FFCF73DA? 4EBADAF4             jsr     ($ffcf4ed0,PC)
FFCF73DE? 3D40FFFE             move.w  D0, (-$2,A6)
FFCF73E2? 4FEF000C             lea     ($c,A7), A7
FFCF73E6? 670A                 beq     $ffcf73f2
FFCF73E8? 3D6EFFFE0016         move.w  (-$2,A6), ($16,A6)
FFCF73EE? 60000274             bra     $ffcf7664
FFCF73F2? 286EFFF0             movea.l (-$10,A6), A4
FFCF73F6? 266EFFE4             movea.l (-$1c,A6), A3
FFCF73FA? 202E000C             move.l  ($c,A6), D0
FFCF73FE? 2D40FFDE             move.l  D0, (-$22,A6)
FFCF7402? D0BC00010000         add.l   #$10000, D0
FFCF7408? 2D40FFDA             move.l  D0, (-$26,A6)
FFCF740C? 6018                 bra     $ffcf7426
FFCF740E? 202EFFDE             move.l  (-$22,A6), D0
FFCF7412? 54AEFFDE             addq.l  #2, (-$22,A6)
FFCF7416? 2040                 movea.l D0, A0
FFCF7418? 4A50                 tst.w   (A0)
FFCF741A? 6F06                 ble     $ffcf7422
FFCF741C? 425B                 clr.w   (A3)+
FFCF741E? 5254                 addq.w  #1, (A4)
FFCF7420? 6004                 bra     $ffcf7426
FFCF7422? 36FCFFFF             move.w  #$ffff, (A3)+
FFCF7426? 202EFFDE             move.l  (-$22,A6), D0
FFCF742A? B0AEFFDA             cmp.l   (-$26,A6), D0
FFCF742E? 65DE                 bcs     $ffcf740e
FFCF7430? 7000                 moveq   #$0, D0
FFCF7432? 3014                 move.w  (A4), D0
FFCF7434? 322E0010             move.w  ($10,A6), D1
FFCF7438? 48C1                 ext.l   D1
FFCF743A? B280                 cmp.l   D0, D1
FFCF743C? 5DC3                 slt     D3
FFCF743E? 4403                 neg.b   D3
FFCF7440? 6708                 beq     $ffcf744a
FFCF7442? 302E0010             move.w  ($10,A6), D0
FFCF7446? 48C0                 ext.l   D0
FFCF7448? 6006                 bra     $ffcf7450
FFCF744A? 7000                 moveq   #$0, D0
FFCF744C? 3014                 move.w  (A4), D0
FFCF744E? 4A80                 tst.l   D0
FFCF7450? 3D40FFFC             move.w  D0, (-$4,A6)
FFCF7454? 266EFFE4             movea.l (-$1c,A6), A3
FFCF7458? 397CFFFF000A         move.w  #$ffff, ($a,A4)
FFCF745E? 397CFFFF0006         move.w  #$ffff, ($6,A4)
FFCF7464? 397CFFFF0002         move.w  #$ffff, ($2,A4)
FFCF746A? 4245                 clr.w   D5
FFCF746C? 6068                 bra     $ffcf74d6
FFCF746Ed 4246605642476044     dc.b    $42,$46,$60,$56,$42,$47,$60,$44   ; |BF`VBG`D|
FFCF7476? 4A5B                 tst.w   (A3)+
FFCF7478? 663C                 bne     $ffcf74b6
FFCF747A? BA6C0002             cmp.w   ($2,A4), D5
FFCF747E? 6404                 bcc     $ffcf7484
FFCF7480? 39450002             move.w  D5, ($2,A4)
FFCF7484? BC6C0006             cmp.w   ($6,A4), D6
FFCF7488? 6404                 bcc     $ffcf748e
FFCF748A? 39460006             move.w  D6, ($6,A4)
FFCF748E? BE6C000A             cmp.w   ($a,A4), D7
FFCF7492? 6404                 bcc     $ffcf7498
FFCF7494? 3947000A             move.w  D7, ($a,A4)
FFCF7498? BA6C0004             cmp.w   ($4,A4), D5
FFCF749C? 6304                 bls     $ffcf74a2
FFCF749E? 39450004             move.w  D5, ($4,A4)
FFCF74A2? BC6C0008             cmp.w   ($8,A4), D6
FFCF74A6? 6304                 bls     $ffcf74ac
FFCF74A8? 39460008             move.w  D6, ($8,A4)
FFCF74AC? BE6C000C             cmp.w   ($c,A4), D7
FFCF74B0? 6304                 bls     $ffcf74b6
FFCF74B2? 3947000C             move.w  D7, ($c,A4)
FFCF74B6? 3007                 move.w  D7, D0
FFCF74B8? 5247                 addq.w  #1, D7
FFCF74BA? 7000                 moveq   #$0, D0
FFCF74BC? 3007                 move.w  D7, D0
FFCF74BE? 0C400020             cmpi.w  #$20, D0
FFCF74C2? 65B2                 bcs     $ffcf7476
FFCF74C4? 3006                 move.w  D6, D0
FFCF74C6? 5246                 addq.w  #1, D6
FFCF74C8? 7000                 moveq   #$0, D0
FFCF74CA? 3006                 move.w  D6, D0
FFCF74CC? 0C400020             cmpi.w  #$20, D0
FFCF74D0? 65A0                 bcs     $ffcf7472
FFCF74D2? 3005                 move.w  D5, D0
FFCF74D4? 5245                 addq.w  #1, D5
FFCF74D6? 7000                 moveq   #$0, D0
FFCF74D8? 3005                 move.w  D5, D0
FFCF74DA? 0C400020             cmpi.w  #$20, D0
FFCF74DE? 658E                 bcs     $ffcf746e
FFCF74E0? 3D7C0001FFDE         move.w  #$1, (-$22,A6)
FFCF74E6? 3D7C0001FFE0         move.w  #$1, (-$20,A6)
FFCF74EC? 302EFFDE             move.w  (-$22,A6), D0
FFCF74F0? B06EFFFC             cmp.w   (-$4,A6), D0
FFCF74F4? 6C0000C8             bge     $ffcf75be
FFCF74F8? 42AEFFD6             clr.l   (-$2a,A6)
FFCF74FC? 426EFFE2             clr.w   (-$1e,A6)
FFCF7500? 607A                 bra     $ffcf757c
FFCF7502? 302EFFE2             move.w  (-$1e,A6), D0
FFCF7506? 48C0                 ext.l   D0
FFCF7508? EB80                 asl.l   #5, D0
FFCF750A? 2840                 movea.l D0, A4
FFCF750C? D9EEFFF0             adda.l  (-$10,A6), A4
FFCF7510? 7000                 moveq   #$0, D0
FFCF7512? 3014                 move.w  (A4), D0
FFCF7514? 0C400001             cmpi.w  #$1, D0
FFCF7518? 635A                 bls     $ffcf7574
FFCF751A? 302C0004             move.w  ($4,A4), D0
FFCF751E? 906C0002             sub.w   ($2,A4), D0
FFCF7522? 3D40FFD4             move.w  D0, (-$2c,A6)
FFCF7526? B06EFFD6             cmp.w   (-$2a,A6), D0
FFCF752A? 6F0C                 ble     $ffcf7538
FFCF752C? 3D6EFFD4FFD6         move.w  (-$2c,A6), (-$2a,A6)
FFCF7532? 3D6EFFE2FFD8         move.w  (-$1e,A6), (-$28,A6)
FFCF7538? 302C0008             move.w  ($8,A4), D0
FFCF753C? 906C0006             sub.w   ($6,A4), D0
FFCF7540? 3D40FFD4             move.w  D0, (-$2c,A6)
FFCF7544? B06EFFD6             cmp.w   (-$2a,A6), D0
FFCF7548? 6F0C                 ble     $ffcf7556
FFCF754A? 3D6EFFD4FFD6         move.w  (-$2c,A6), (-$2a,A6)
FFCF7550? 3D6EFFE2FFD8         move.w  (-$1e,A6), (-$28,A6)
FFCF7556? 302C000C             move.w  ($c,A4), D0
FFCF755A? 906C000A             sub.w   ($a,A4), D0
FFCF755E? 3D40FFD4             move.w  D0, (-$2c,A6)
FFCF7562? B06EFFD6             cmp.w   (-$2a,A6), D0
FFCF7566? 6F0C                 ble     $ffcf7574
FFCF7568? 3D6EFFD4FFD6         move.w  (-$2c,A6), (-$2a,A6)
FFCF756E? 3D6EFFE2FFD8         move.w  (-$1e,A6), (-$28,A6)
FFCF7574? 302EFFE2             move.w  (-$1e,A6), D0
FFCF7578? 526EFFE2             addq.w  #1, (-$1e,A6)
FFCF757C? 302EFFE2             move.w  (-$1e,A6), D0
FFCF7580? B06EFFE0             cmp.w   (-$20,A6), D0
FFCF7584? 6C0A                 bge     $ffcf7590
FFCF7586? 701F                 moveq   #$1f, D0
FFCF7588? B06EFFD6             cmp.w   (-$2a,A6), D0
FFCF758C? 6600FF74             bne     $ffcf7502
FFCF7590? 302EFFDE             move.w  (-$22,A6), D0
FFCF7594? 526EFFDE             addq.w  #1, (-$22,A6)
FFCF7598? 48C0                 ext.l   D0
FFCF759A? 2F00                 move.l  D0, -(A7)
FFCF759C? 302EFFD8             move.w  (-$28,A6), D0
FFCF75A0? 48C0                 ext.l   D0
FFCF75A2? 2F00                 move.l  D0, -(A7)
FFCF75A4? 2F2EFFE4             move.l  (-$1c,A6), -(A7)
FFCF75A8? 2F2EFFF0             move.l  (-$10,A6), -(A7)
FFCF75AC? 4EBA00C2             jsr     ($ffcf7670,PC)
FFCF75B0? 3D6EFFDEFFE0         move.w  (-$22,A6), (-$20,A6)
FFCF75B6? 4FEF0010             lea     ($10,A7), A7
FFCF75BA? 6000FF30             bra     $ffcf74ec
FFCF75BE? 266EFFE4             movea.l (-$1c,A6), A3
FFCF75C2? 426EFFDE             clr.w   (-$22,A6)
FFCF75C6? 6064                 bra     $ffcf762c
FFCF75C8d 426EFFE0604A4244     dc.b    $42,$6E,$FF,$E0,$60,$4A,$42,$44,$60,$34 ; |Bn..`JBD`4|
FFCF75D2? 3D5BFFE2             move.w  (A3)+, (-$1e,A6)
FFCF75D6? 6D2A                 blt     $ffcf7602
FFCF75D8? 302EFFE2             move.w  (-$1e,A6), D0
FFCF75DC? 48C0                 ext.l   D0
FFCF75DE? EB80                 asl.l   #5, D0
FFCF75E0? 2840                 movea.l D0, A4
FFCF75E2? D9EEFFF0             adda.l  (-$10,A6), A4
FFCF75E6? 7000                 moveq   #$0, D0
FFCF75E8? 302EFFDE             move.w  (-$22,A6), D0
FFCF75EC? D1AC000E             add.l   D0, ($e,A4)
FFCF75F0? 7000                 moveq   #$0, D0
FFCF75F2? 302EFFE0             move.w  (-$20,A6), D0
FFCF75F6? D1AC0012             add.l   D0, ($12,A4)
FFCF75FA? 7000                 moveq   #$0, D0
FFCF75FC? 3004                 move.w  D4, D0
FFCF75FE? D1AC0016             add.l   D0, ($16,A4)
FFCF7602? 3004                 move.w  D4, D0
FFCF7604? 5244                 addq.w  #1, D4
FFCF7606? 7000                 moveq   #$0, D0
FFCF7608? 3004                 move.w  D4, D0
FFCF760A? 0C400020             cmpi.w  #$20, D0
FFCF760E? 65C2                 bcs     $ffcf75d2
FFCF7610? 302EFFE0             move.w  (-$20,A6), D0
FFCF7614? 526EFFE0             addq.w  #1, (-$20,A6)
FFCF7618? 7000                 moveq   #$0, D0
FFCF761A? 302EFFE0             move.w  (-$20,A6), D0
FFCF761E? 0C400020             cmpi.w  #$20, D0
FFCF7622? 65AA                 bcs     $ffcf75ce
FFCF7624? 302EFFDE             move.w  (-$22,A6), D0
FFCF7628? 526EFFDE             addq.w  #1, (-$22,A6)
FFCF762C? 7000                 moveq   #$0, D0
FFCF762E? 302EFFDE             move.w  (-$22,A6), D0
FFCF7632? 0C400020             cmpi.w  #$20, D0
FFCF7636? 6590                 bcs     $ffcf75c8
FFCF7638? 302E0010             move.w  ($10,A6), D0
FFCF763C? 48C0                 ext.l   D0
FFCF763E? 2F00                 move.l  D0, -(A7)
FFCF7640? 2F2E0008             move.l  ($8,A6), -(A7)
FFCF7644? 2F2EFFF0             move.l  (-$10,A6), -(A7)
FFCF7648? 4EBAFCB6             jsr     ($ffcf7300,PC)
FFCF764C? 486EFFF0             pea     (-$10,A6)
FFCF7650? 4EBADA5E             jsr     ($ffcf50b0,PC)
FFCF7654? 486EFFE4             pea     (-$1c,A6)
FFCF7658? 4EBADA56             jsr     ($ffcf50b0,PC)
FFCF765C? 426E0016             clr.w   ($16,A6)
FFCF7660? 4FEF0014             lea     ($14,A7), A7
FFCF7664? 4CEE18F8FFB8         movem.l (-$48,A6), D3-D7/A3-A4
FFCF766A? 4E5E                 unlk    A6
FFCF766C? 4E74000E             rtd     #$e; (1+)
FFCF7670? 4E56FFB8             link    A6, #-$48
FFCF7674? 48E71F38             movem.l D3-D7/A2-A4, -(A7)
FFCF7678? 302E0012             move.w  ($12,A6), D0
FFCF767C? 48C0                 ext.l   D0
FFCF767E? EB80                 asl.l   #5, D0
FFCF7680? D0AE0008             add.l   ($8,A6), D0
FFCF7684? 2D40FFF6             move.l  D0, (-$a,A6)
FFCF7688? 302E0016             move.w  ($16,A6), D0
FFCF768C? 48C0                 ext.l   D0
FFCF768E? EB80                 asl.l   #5, D0
FFCF7690? D0AE0008             add.l   ($8,A6), D0
FFCF7694? 2D40FFFA             move.l  D0, (-$6,A6)
FFCF7698? 2D6EFFF6FFD6         move.l  (-$a,A6), (-$2a,A6)
FFCF769E? 2D6EFFFAFFDA         move.l  (-$6,A6), (-$26,A6)
FFCF76A4? 206EFFD6             movea.l (-$2a,A6), A0
FFCF76A8? 3010                 move.w  (A0), D0
FFCF76AA? E248                 lsr.w   #1, D0
FFCF76AC? 3D40FFFE             move.w  D0, (-$2,A6)
FFCF76B0? 206EFFDA             movea.l (-$26,A6), A0
FFCF76B4? 3080                 move.w  D0, (A0)
FFCF76B6? 206EFFD6             movea.l (-$2a,A6), A0
FFCF76BA? 302EFFFE             move.w  (-$2,A6), D0
FFCF76BE? 9150                 sub.w   D0, (A0)
FFCF76C0? 206EFFD6             movea.l (-$2a,A6), A0
FFCF76C4? 7000                 moveq   #$0, D0
FFCF76C6? 30280004             move.w  ($4,A0), D0
FFCF76CA? 7200                 moveq   #$0, D1
FFCF76CC? 32280002             move.w  ($2,A0), D1
FFCF76D0? 9081                 sub.l   D1, D0
FFCF76D2? 3D40FFDE             move.w  D0, (-$22,A6)
FFCF76D6? 206EFFD6             movea.l (-$2a,A6), A0
FFCF76DA? 7000                 moveq   #$0, D0
FFCF76DC? 30280002             move.w  ($2,A0), D0
FFCF76E0? 720A                 moveq   #$a, D1
FFCF76E2? E3A8                 lsl.l   D1, D0
FFCF76E4? 3D40FFE0             move.w  D0, (-$20,A6)
FFCF76E8? 7000                 moveq   #$0, D0
FFCF76EA? 30280004             move.w  ($4,A0), D0
FFCF76EE? 720A                 moveq   #$a, D1
FFCF76F0? E3A8                 lsl.l   D1, D0
FFCF76F2? 3D40FFE2             move.w  D0, (-$1e,A6)
FFCF76F6? 3D7C0400FFE4         move.w  #$400, (-$1c,A6)
FFCF76FC? 206EFFD6             movea.l (-$2a,A6), A0
FFCF7700? 7000                 moveq   #$0, D0
FFCF7702? 30280008             move.w  ($8,A0), D0
FFCF7706? 7200                 moveq   #$0, D1
FFCF7708? 32280006             move.w  ($6,A0), D1
FFCF770C? 9081                 sub.l   D1, D0
FFCF770E? 3D40FFE6             move.w  D0, (-$1a,A6)
FFCF7712? 206EFFD6             movea.l (-$2a,A6), A0
FFCF7716? 7000                 moveq   #$0, D0
FFCF7718? 30280006             move.w  ($6,A0), D0
FFCF771C? EB88                 lsl.l   #5, D0
FFCF771E? 3D40FFE8             move.w  D0, (-$18,A6)
FFCF7722? 7000                 moveq   #$0, D0
FFCF7724? 30280008             move.w  ($8,A0), D0
FFCF7728? EB88                 lsl.l   #5, D0
FFCF772A? 3D40FFEA             move.w  D0, (-$16,A6)
FFCF772E? 3D7C0020FFEC         move.w  #$20, (-$14,A6)
FFCF7734? 206EFFD6             movea.l (-$2a,A6), A0
FFCF7738? 7000                 moveq   #$0, D0
FFCF773A? 3028000C             move.w  ($c,A0), D0
FFCF773E? 7200                 moveq   #$0, D1
FFCF7740? 3228000A             move.w  ($a,A0), D1
FFCF7744? 9081                 sub.l   D1, D0
FFCF7746? 3D40FFEE             move.w  D0, (-$12,A6)
FFCF774A? 206EFFD6             movea.l (-$2a,A6), A0
FFCF774E? 3D68000AFFF0         move.w  ($a,A0), (-$10,A6)
FFCF7754? 3D68000CFFF2         move.w  ($c,A0), (-$e,A6)
FFCF775A? 3D7C0001FFF4         move.w  #$1, (-$c,A6)
FFCF7760? 41EEFFDE             lea     (-$22,A6), A0
FFCF7764? 2D48FFCA             move.l  A0, (-$36,A6)
FFCF7768? 41EEFFE6             lea     (-$1a,A6), A0
FFCF776C? 2D48FFCE             move.l  A0, (-$32,A6)
FFCF7770? 45EEFFEE             lea     (-$12,A6), A2
FFCF7774? 226EFFCA             movea.l (-$36,A6), A1
FFCF7778? 3010                 move.w  (A0), D0
FFCF777A? B051                 cmp.w   (A1), D0
FFCF777C? 630C                 bls     $ffcf778a
FFCF777E? 2D49FFCE             move.l  A1, (-$32,A6)
FFCF7782? 41EEFFE6             lea     (-$1a,A6), A0
FFCF7786? 2D48FFCA             move.l  A0, (-$36,A6)
FFCF778A? 206EFFCE             movea.l (-$32,A6), A0
FFCF778E? 3012                 move.w  (A2), D0
FFCF7790? B050                 cmp.w   (A0), D0
FFCF7792? 6322                 bls     $ffcf77b6
FFCF7794? 2448                 movea.l A0, A2
FFCF7796? 41EEFFEE             lea     (-$12,A6), A0
FFCF779A? 2D48FFCE             move.l  A0, (-$32,A6)
FFCF779E? 226EFFCA             movea.l (-$36,A6), A1
FFCF77A2? 3010                 move.w  (A0), D0
FFCF77A4? B051                 cmp.w   (A1), D0
FFCF77A6? 630E                 bls     $ffcf77b6
FFCF77A8? 2D49FFD6             move.l  A1, (-$2a,A6)
FFCF77AC? 2D48FFCA             move.l  A0, (-$36,A6)
FFCF77B0? 2D6EFFD6FFCE         move.l  (-$2a,A6), (-$32,A6)
FFCF77B6? 206EFFCA             movea.l (-$36,A6), A0
FFCF77BA? 3D680002FFDA         move.w  ($2,A0), (-$26,A6)
FFCF77C0? 60000094             bra     $ffcf7856
FFCF77C4? 206EFFCE             movea.l (-$32,A6), A0
FFCF77C8? 3D680002FFDC         move.w  ($2,A0), (-$24,A6)
FFCF77CE? 606C                 bra     $ffcf783c
FFCF77D0? 302EFFDC             move.w  (-$24,A6), D0
FFCF77D4? D06EFFDA             add.w   (-$26,A6), D0
FFCF77D8? 382A0002             move.w  ($2,A2), D4
FFCF77DC? D840                 add.w   D0, D4
FFCF77DE? 6032                 bra     $ffcf7812
FFCF77E0? 7000                 moveq   #$0, D0
FFCF77E2? 3004                 move.w  D4, D0
FFCF77E4? 206E000C             movea.l ($c,A6), A0
FFCF77E8? 30300A00             move.w  (A0,D0.l*2), D0
FFCF77EC? B06E0012             cmp.w   ($12,A6), D0
FFCF77F0? 661C                 bne     $ffcf780e
FFCF77F2? 7000                 moveq   #$0, D0
FFCF77F4? 3004                 move.w  D4, D0
FFCF77F6? 206E000C             movea.l ($c,A6), A0
FFCF77FA? 31AE00160A00         move.w  ($16,A6), (A0,D0.l*2)
FFCF7800? 536EFFFE             subq.w  #1, (-$2,A6)
FFCF7804? 7000                 moveq   #$0, D0
FFCF7806? 302EFFFE             move.w  (-$2,A6), D0
FFCF780A? 4A80                 tst.l   D0
FFCF780C? 6758                 beq     $ffcf7866
FFCF780E? D86A0006             add.w   ($6,A2), D4
FFCF7812? 7000                 moveq   #$0, D0
FFCF7814? 3004                 move.w  D4, D0
FFCF7816? 7200                 moveq   #$0, D1
FFCF7818? 322EFFDA             move.w  (-$26,A6), D1
FFCF781C? 7400                 moveq   #$0, D2
FFCF781E? 342EFFDC             move.w  (-$24,A6), D2
FFCF7822? D481                 add.l   D1, D2
FFCF7824? 7200                 moveq   #$0, D1
FFCF7826? 322A0004             move.w  ($4,A2), D1
FFCF782A? D282                 add.l   D2, D1
FFCF782C? B280                 cmp.l   D0, D1
FFCF782E? 64B0                 bcc     $ffcf77e0
FFCF7830? 206EFFCE             movea.l (-$32,A6), A0
FFCF7834? 30280006             move.w  ($6,A0), D0
FFCF7838? D16EFFDC             add.w   D0, (-$24,A6)
FFCF783C? 206EFFCE             movea.l (-$32,A6), A0
FFCF7840? 302EFFDC             move.w  (-$24,A6), D0
FFCF7844? B0680004             cmp.w   ($4,A0), D0
FFCF7848? 6386                 bls     $ffcf77d0
FFCF784A? 206EFFCA             movea.l (-$36,A6), A0
FFCF784E? 30280006             move.w  ($6,A0), D0
FFCF7852? D16EFFDA             add.w   D0, (-$26,A6)
FFCF7856? 206EFFCA             movea.l (-$36,A6), A0
FFCF785A? 302EFFDA             move.w  (-$26,A6), D0
FFCF785E? B0680004             cmp.w   ($4,A0), D0
FFCF7862? 6300FF60             bls     $ffcf77c4
FFCF7866? 286EFFF6             movea.l (-$a,A6), A4
FFCF786A? 266EFFFA             movea.l (-$6,A6), A3
FFCF786E? 41EEFFB8             lea     (-$48,A6), A0
FFCF7872? 224C                 movea.l A4, A1
FFCF7874? 7007                 moveq   #$7, D0
FFCF7876? 20D9                 move.l  (A1)+, (A0)+
FFCF7878? 51C8FFFC             dbra    D0, $ffcf7876
FFCF787C? 397CFFFF000A         move.w  #$ffff, ($a,A4)
FFCF7882? 397CFFFF0006         move.w  #$ffff, ($6,A4)
FFCF7888? 397CFFFF0002         move.w  #$ffff, ($2,A4)
FFCF788E? 377CFFFF000A         move.w  #$ffff, ($a,A3)
FFCF7894? 377CFFFF0006         move.w  #$ffff, ($6,A3)
FFCF789A? 377CFFFF0002         move.w  #$ffff, ($2,A3)
FFCF78A0? 426C000C             clr.w   ($c,A4)
FFCF78A4? 426C0008             clr.w   ($8,A4)
FFCF78A8? 426C0004             clr.w   ($4,A4)
FFCF78AC? 426B000C             clr.w   ($c,A3)
FFCF78B0? 426B0008             clr.w   ($8,A3)
FFCF78B4? 426B0004             clr.w   ($4,A3)
FFCF78B8? 3A2EFFBA             move.w  (-$46,A6), D5
FFCF78BC? 600000E6             bra     $ffcf79a4
FFCF78C0d 3C2EFFBE600000D2     dc.b    $3C,$2E,$FF,$BE,$60,$00,$00,$D2   ; |<...`...|
FFCF78C8? 7000                 moveq   #$0, D0
FFCF78CA? 3005                 move.w  D5, D0
FFCF78CC? 720A                 moveq   #$a, D1
FFCF78CE? E3A8                 lsl.l   D1, D0
FFCF78D0? D080                 add.l   D0, D0
FFCF78D2? D0AE000C             add.l   ($c,A6), D0
FFCF78D6? 7200                 moveq   #$0, D1
FFCF78D8? 3206                 move.w  D6, D1
FFCF78DA? EB89                 lsl.l   #5, D1
FFCF78DC? D281                 add.l   D1, D1
FFCF78DE? D280                 add.l   D0, D1
FFCF78E0? 7000                 moveq   #$0, D0
FFCF78E2? 302EFFC2             move.w  (-$3e,A6), D0
FFCF78E6? D080                 add.l   D0, D0
FFCF78E8? D081                 add.l   D1, D0
FFCF78EA? 2D40FFD8             move.l  D0, (-$28,A6)
FFCF78EE? 3E2EFFC2             move.w  (-$3e,A6), D7
FFCF78F2? 60000098             bra     $ffcf798c
FFCF78F6? 202EFFD8             move.l  (-$28,A6), D0
FFCF78FA? 54AEFFD8             addq.l  #2, (-$28,A6)
FFCF78FE? 2040                 movea.l D0, A0
FFCF7900? 3610                 move.w  (A0), D3
FFCF7902? B66E0012             cmp.w   ($12,A6), D3
FFCF7906? 663E                 bne     $ffcf7946
FFCF7908? BA6C0002             cmp.w   ($2,A4), D5
FFCF790C? 6404                 bcc     $ffcf7912
FFCF790E? 39450002             move.w  D5, ($2,A4)
FFCF7912? BC6C0006             cmp.w   ($6,A4), D6
FFCF7916? 6404                 bcc     $ffcf791c
FFCF7918? 39460006             move.w  D6, ($6,A4)
FFCF791C? BE6C000A             cmp.w   ($a,A4), D7
FFCF7920? 6404                 bcc     $ffcf7926
FFCF7922? 3947000A             move.w  D7, ($a,A4)
FFCF7926? BA6C0004             cmp.w   ($4,A4), D5
FFCF792A? 6304                 bls     $ffcf7930
FFCF792C? 39450004             move.w  D5, ($4,A4)
FFCF7930? BC6C0008             cmp.w   ($8,A4), D6
FFCF7934? 6304                 bls     $ffcf793a
FFCF7936? 39460008             move.w  D6, ($8,A4)
FFCF793A? BE6C000C             cmp.w   ($c,A4), D7
FFCF793E? 6348                 bls     $ffcf7988
FFCF7940? 3947000C             move.w  D7, ($c,A4)
FFCF7944? 6042                 bra     $ffcf7988
FFCF7946? B66E0016             cmp.w   ($16,A6), D3
FFCF794A? 663C                 bne     $ffcf7988
FFCF794C? BA6B0002             cmp.w   ($2,A3), D5
FFCF7950? 6404                 bcc     $ffcf7956
FFCF7952? 37450002             move.w  D5, ($2,A3)
FFCF7956? BC6B0006             cmp.w   ($6,A3), D6
FFCF795A? 6404                 bcc     $ffcf7960
FFCF795C? 37460006             move.w  D6, ($6,A3)
FFCF7960? BE6B000A             cmp.w   ($a,A3), D7
FFCF7964? 6404                 bcc     $ffcf796a
FFCF7966? 3747000A             move.w  D7, ($a,A3)
FFCF796A? BA6B0004             cmp.w   ($4,A3), D5
FFCF796E? 6304                 bls     $ffcf7974
FFCF7970? 37450004             move.w  D5, ($4,A3)
FFCF7974? BC6B0008             cmp.w   ($8,A3), D6
FFCF7978? 6304                 bls     $ffcf797e
FFCF797A? 37460008             move.w  D6, ($8,A3)
FFCF797E? BE6B000C             cmp.w   ($c,A3), D7
FFCF7982? 6304                 bls     $ffcf7988
FFCF7984? 3747000C             move.w  D7, ($c,A3)
FFCF7988? 3007                 move.w  D7, D0
FFCF798A? 5247                 addq.w  #1, D7
FFCF798C? BE6EFFC4             cmp.w   (-$3c,A6), D7
FFCF7990? 6300FF64             bls     $ffcf78f6
FFCF7994? 3006                 move.w  D6, D0
FFCF7996? 5246                 addq.w  #1, D6
FFCF7998? BC6EFFC0             cmp.w   (-$40,A6), D6
FFCF799C? 6300FF2A             bls     $ffcf78c8
FFCF79A0? 3005                 move.w  D5, D0
FFCF79A2? 5245                 addq.w  #1, D5
FFCF79A4? BA6EFFBC             cmp.w   (-$44,A6), D5
FFCF79A8? 6300FF16             bls     $ffcf78c0
FFCF79AC? 4CEE1CF8FF98         movem.l (-$68,A6), D3-D7/A2-A4
FFCF79B2? 4E5E                 unlk    A6
FFCF79B4? 4E75                 rts
FFCF79B6? 00000000             ori.b   #$0, D0
FFCF79BA? 00000000             ori.b   #$0, D0
FFCF79BE? 0000225F             ori.b   #$5f, D0
FFCF79C2? 205F                 movea.l (A7)+, A0
FFCF79C4? A025                 _GetHandleSize                            ; A-line trap A025
FFCF79C6? 2E80                 move.l  D0, (A7)
FFCF79C8? 6A02                 bpl     $ffcf79cc
FFCF79CA? 4297                 clr.l   (A7)
FFCF79CC? 4ED1                 jmp     (A1)
FFCF79CE? 0000225F             ori.b   #$5f, D0
FFCF79D2? 121F                 move.b  (A7)+, D1
FFCF79D4? 301F                 move.w  (A7)+, D0
FFCF79D6? 4A01                 tst.b   D1
FFCF79D8? 6704                 beq     $ffcf79de
FFCF79DA? A746                 _GetToolBoxTrapAddress                    ; A-line trap A746
FFCF79DC? 6002                 bra     $ffcf79e0
FFCF79DE? A346                 _GetOSTrapAddress                         ; A-line trap A346
FFCF79E0? 2E88                 move.l  A0, (A7)
FFCF79E2? 4ED1                 jmp     (A1)
FFCF79E4? 00000000             ori.b   #$0, D0
FFCF79E8? 00000000             ori.b   #$0, D0
FFCF79EC? 00000000             ori.b   #$0, D0
FFCF79F0? 206F0004             movea.l ($4,A7), A0
FFCF79F4? 2050                 movea.l (A0), A0
FFCF79F6? A9E1                 _HandToHand                               ; A-line trap A9E1
FFCF79F8? 226F0004             movea.l ($4,A7), A1
FFCF79FC? 2288                 move.l  A0, (A1)
FFCF79FE? 3F400008             move.w  D0, ($8,A7)
FFCF7A02? 2E9F                 move.l  (A7)+, (A7)
FFCF7A04? 4E75                 rts
FFCF7A06d 0000000000000000     dc.b    $00,$00,$00,$00,$00,$00,$00,$00,$00,$00,$78,$00,$00,$00,$00,$00 ; |..........x.....|
FFCF7A16d 0000000F4840         dc.b    $00,$00,$00,$0F,$48,$40           ; |....H@|
