; ============================================================================
; ROM resource 'DRVR' 4 .Sony at FFCF7A40
; ============================================================================
; data at ROM 0F7A40 (679C bytes), entry at 0FE1D0, attributes 58, combo 7800000000000000
; data header: 4b757274 c0a00000 0000679c 000002c4
; 68k code resource, disassembled from its start (entry points: offset 0, driver
; header entries for DRVR, and executed addresses).
;
; Columns: address, flag, raw bytes, instruction, ; comment.
;   flag '*' executed in the coverage run, ' ' reached by control flow,
;   '?' decodes as code but neither executed nor reached, 'd' data.

FFCF7A40d 4F00000000000000     dc.b    $4F,$00,$00,$00,$00,$00,$00,$00,$00,$18,$00,$34,$00,$3A,$00,$40 ; |O..........4.:.@| DRVR header: flags 4F00, entries open/prime/control/status/close 18 34 3A 40 5C, name .Sony
FFCF7A50d 005C052E536F6E79     dc.b    $00,$5C,$05,$2E,$53,$6F,$6E,$79   ; |.\..Sony|
FFCF7A58* 083800000DD1         btst    #$0, $dd1.w                       ; driver Open entry
FFCF7A5E* 67000006             beq     loc_FFCF7A66
FFCF7A62  60000054             bra     loc_FFCF7AB8
loc_FFCF7A66:
FFCF7A66* 083800062403         btst    #$6, $2403.w
FFCF7A6C* 67002BF4             beq     loc_FFCFA662
FFCF7A70* 600006C8             bra     loc_FFCF813A
FFCF7A74  4EF081E10226         jmp     ([$226])                          ; through the vector at $226; driver Prime entry
FFCF7A7A  4EF081E10242         jmp     ([$242])                          ; through the vector at $242; driver Control entry
FFCF7A80  083800000DD1         btst    #$0, $dd1.w                       ; driver Status entry
FFCF7A86  67000006             beq     loc_FFCF7A8E
FFCF7A8A  600002E0             bra     loc_FFCF7D6C
loc_FFCF7A8E:
FFCF7A8E  083800062403         btst    #$6, $2403.w
FFCF7A94  67002EFA             beq     loc_FFCFA990
FFCF7A98  60000A02             bra     loc_FFCF849C
FFCF7A9C  083800000DD1         btst    #$0, $dd1.w                       ; driver Close entry
FFCF7AA2  67000006             beq     loc_FFCF7AAA
FFCF7AA6  6000017C             bra     loc_FFCF7C24
loc_FFCF7AAA:
FFCF7AAA  083800062403         btst    #$6, $2403.w
FFCF7AB0  67002B58             beq     loc_FFCFA60A
FFCF7AB4  600009E2             bra     loc_FFCF8498
loc_FFCF7AB8:
FFCF7AB8  203C00000302         move.l  #$302, D0
FFCF7ABE  A71E                 _NewPtrSysClear                           ; A-line trap A71E
FFCF7AC0  41E80276             lea     ($276,A0), A0
FFCF7AC4  21C80134             move.l  A0, $134.w                        ; SonyVars
FFCF7AC8  2149FFFC             move.l  A1, (-$4,A0)
FFCF7ACC  137C00020007         move.b  #$2, ($7,A1)
FFCF7AD2  2248                 movea.l A0, A1
FFCF7AD4  24780DD8             movea.l $dd8.w, A2
FFCF7AD8  D5EA005C             adda.l  ($5c,A2), A2
FFCF7ADC  2012                 move.l  (A2), D0
FFCF7ADE  611A                 bsr     sub_FFCF7AFA
FFCF7AE0  234BFFF8             move.l  A3, (-$8,A1)
FFCF7AE4  202A0004             move.l  ($4,A2), D0
FFCF7AE8  6110                 bsr     sub_FFCF7AFA
FFCF7AEA  234BFFF4             move.l  A3, (-$c,A1)
FFCF7AEE  202A000E             move.l  ($e,A2), D0
FFCF7AF2  6106                 bsr     sub_FFCF7AFA
FFCF7AF4  234BFFF0             move.l  A3, (-$10,A1)
FFCF7AF8  6016                 bra     loc_FFCF7B10

sub_FFCF7AFA:
FFCF7AFA  47F20800             lea     (A2,D0.l), A3
FFCF7AFE  08800000             bclr    #$0, D0
FFCF7B02  670A                 beq     loc_FFCF7B0E
FFCF7B04  26780DD8             movea.l $dd8.w, A3
FFCF7B08  D7EB005C             adda.l  ($5c,A3), A3
FFCF7B0C  D7C0                 adda.l  D0, A3
loc_FFCF7B0E:
FFCF7B0E  4E75                 rts
loc_FFCF7B10:
FFCF7B10  41E9FFA2             lea     (-$5e,A1), A0
FFCF7B14  30FC0102             move.w  #$102, (A0)+
FFCF7B18  20FC02202000         move.l  #$2202000, (A0)+
FFCF7B1E  45E9FF7C             lea     (-$84,A1), A2
FFCF7B22  20CA                 move.l  A2, (A0)+
FFCF7B24  20CA                 move.l  A2, (A0)+
FFCF7B26  45FA0502             lea     ($ffcf802a,PC), A2
FFCF7B2A  20CA                 move.l  A2, (A0)+
FFCF7B2C  41E9FF9C             lea     (-$64,A1), A0
FFCF7B30  A087                 _IOPMsgRequest                            ; A-line trap A087
FFCF7B32  660000C4             bne     loc_FFCF7BF8
FFCF7B36  41E9FFDE             lea     (-$22,A1), A0
FFCF7B3A  30FC0100             move.w  #$100, (A0)+
FFCF7B3E  20FC02202000         move.l  #$2202000, (A0)+
FFCF7B44  45E9FFB8             lea     (-$48,A1), A2
FFCF7B48  20CA                 move.l  A2, (A0)+
FFCF7B4A  20CA                 move.l  A2, (A0)+
FFCF7B4C  45FA04C6             lea     ($ffcf8014,PC), A2
FFCF7B50  20CA                 move.l  A2, (A0)+
FFCF7B52  137C0001FFB8         move.b  #$1, (-$48,A1)
FFCF7B58  610000B8             bsr     sub_FFCF7C12
FFCF7B5C  45FA00D0             lea     ($ffcf7c2e,PC), A2
FFCF7B60  21CA0226             move.l  A2, $226.w
FFCF7B64  45FA0200             lea     ($ffcf7d66,PC), A2
FFCF7B68  21CA0242             move.l  A2, $242.w
FFCF7B6C  45E9FF00             lea     (-$100,A1), A2
FFCF7B70  47FA01AC             lea     ($ffcf7d1e,PC), A3
FFCF7B74  70EF                 moveq   #-$11, D0
FFCF7B76  720A                 moveq   #$a, D1
FFCF7B78  61000080             bsr     sub_FFCF7BFA
FFCF7B7C  45E9FEB0             lea     (-$150,A1), A2
FFCF7B80  47FA017E             lea     ($ffcf7d00,PC), A3
FFCF7B84  70EE                 moveq   #-$12, D0
FFCF7B86  7204                 moveq   #$4, D1
FFCF7B88  6170                 bsr     sub_FFCF7BFA
FFCF7B8A  45E90014             lea     ($14,A1), A2
FFCF7B8E  47D1                 lea     (A1), A3
FFCF7B90  49E9FFBC             lea     (-$44,A1), A4
FFCF7B94  7200                 moveq   #$0, D1
FFCF7B96  7406                 moveq   #$6, D2
FFCF7B98  7603                 moveq   #$3, D3
FFCF7B9A  383C0F7C             move.w  #$f7c, D4
loc_FFCF7B9E:
FFCF7B9E  1A1C                 move.b  (A4)+, D5
FFCF7BA0  0B03                 btst    D5, D3
FFCF7BA2  6630                 bne     loc_FFCF7BD4
FFCF7BA4  268A                 move.l  A2, (A3)
FFCF7BA6  157C00010002         move.b  #$1, ($2,A2)
FFCF7BAC  70FB                 moveq   #-$5, D0
FFCF7BAE  0B04                 btst    D5, D4
FFCF7BB0  6612                 bne     loc_FFCF7BC4
FFCF7BB2  70FE                 moveq   #-$2, D0
FFCF7BB4  357C00010008         move.w  #$1, ($8,A2)
FFCF7BBA  2078011C             movea.l $11c.w, A0                        ; UTableBase
FFCF7BBE  216800100004         move.l  ($10,A0), ($4,A0)
loc_FFCF7BC4:
FFCF7BC4  4840                 swap    D0
FFCF7BC6  3001                 move.w  D1, D0
FFCF7BC8  4840                 swap    D0
FFCF7BCA  41EA0004             lea     ($4,A2), A0
FFCF7BCE  A04E                 _AddDrive                                 ; A-line trap A04E
FFCF7BD0  45EA0014             lea     ($14,A2), A2
loc_FFCF7BD4:
FFCF7BD4  588B                 addq.l  #4, A3
FFCF7BD6  5241                 addq.w  #1, D1
FFCF7BD8  0C410004             cmpi.w  #$4, D1
FFCF7BDC  63C0                 bls     loc_FFCF7B9E
FFCF7BDE  137C0005FFB8         move.b  #$5, (-$48,A1)
FFCF7BE4  237C0000038AFFBC     move.l  #$38a, (-$44,A1)
FFCF7BEC  6124                 bsr     sub_FFCF7C12
FFCF7BEE  137C0003FFB8         move.b  #$3, (-$48,A1)
FFCF7BF4  611C                 bsr     sub_FFCF7C12
FFCF7BF6  7000                 moveq   #$0, D0
loc_FFCF7BF8:
FFCF7BF8  4E75                 rts

sub_FFCF7BFA:
FFCF7BFA  254AFFFC             move.l  A2, (-$4,A2)
FFCF7BFE  34C1                 move.w  D1, (A2)+
FFCF7C00  34C0                 move.w  D0, (A2)+
loc_FFCF7C02:
FFCF7C02  24DB                 move.l  (A3)+, (A2)+
FFCF7C04  49FAFE3A             lea     ($ffcf7a40,PC), A4
FFCF7C08  D8DB                 adda.w  (A3)+, A4
FFCF7C0A  24CC                 move.l  A4, (A2)+
FFCF7C0C  51C9FFF4             dbra    D1, loc_FFCF7C02
FFCF7C10  4E75                 rts

sub_FFCF7C12:
FFCF7C12  487A0008             pea     ($ffcf7c1c,PC)
FFCF7C16  610003F0             bsr     sub_FFCF8008
FFCF7C1A  4E75                 rts
FFCF7C1C? 4AA9FFB4             tst.l   (-$4c,A1)
FFCF7C20? 66FA                 bne     $ffcf7c1c
FFCF7C22? 4E75                 rts
loc_FFCF7C24:
FFCF7C24  70E8                 moveq   #-$18, D0
FFCF7C26  4E75                 rts
FFCF7C28d 4EF081E10226         dc.b    $4E,$F0,$81,$E1,$02,$26           ; |N....&|
FFCF7C2E? 2449                 movea.l A1, A2
FFCF7C30? 22780134             movea.l $134.w, A1                        ; SonyVars
FFCF7C34? 47E9FFB8             lea     (-$48,A1), A3
FFCF7C38? 61000444             bsr     sub_FFCF807E
FFCF7C3C? 6606                 bne     $ffcf7c44
FFCF7C3E? 70DC                 moveq   #-$24, D0
FFCF7C40? 6000019A             bra     loc_FFCF7DDC
FFCF7C44? 700A                 moveq   #$a, D0
FFCF7C46? 0C2800020007         cmpi.b  #$2, ($7,A0)
FFCF7C4C? 660C                 bne     $ffcf7c5a
FFCF7C4E? 700B                 moveq   #$b, D0
FFCF7C50? 08280006002D         btst    #$6, ($2d,A0)
FFCF7C56? 6702                 beq     $ffcf7c5a
FFCF7C58? 700C                 moveq   #$c, D0
FFCF7C5A? 16C0                 move.b  D0, (A3)+
FFCF7C5C? 70C8                 moveq   #-$38, D0
FFCF7C5E? 32280016             move.w  ($16,A0), D1
FFCF7C62? 0C410004             cmpi.w  #$4, D1
FFCF7C66? 62000094             bhi     $ffcf7cfc
FFCF7C6A? 16C1                 move.b  D1, (A3)+
FFCF7C6C? 425B                 clr.w   (A3)+
FFCF7C6E? 26E80020             move.l  ($20,A0), (A3)+
FFCF7C72? 70CE                 moveq   #-$32, D0
FFCF7C74? 7209                 moveq   #$9, D1
FFCF7C76? 242A0010             move.l  ($10,A2), D2
FFCF7C7A? E2BA                 ror.l   D1, D2
FFCF7C7C? 26C2                 move.l  D2, (A3)+
FFCF7C7E? E3BA                 rol.l   D1, D2
FFCF7C80? 024201FF             andi.w  #$1ff, D2
FFCF7C84? 6676                 bne     $ffcf7cfc
FFCF7C86? 24280024             move.l  ($24,A0), D2
FFCF7C8A? E2BA                 ror.l   D1, D2
FFCF7C8C? 26C2                 move.l  D2, (A3)+
FFCF7C8E? E3BA                 rol.l   D1, D2
FFCF7C90? 024201FF             andi.w  #$1ff, D2
FFCF7C94? 6666                 bne     $ffcf7cfc
FFCF7C96? 45F802FC             lea     $2fc.w, A2                        ; BufTgFNum
FFCF7C9A? 26DA                 move.l  (A2)+, (A3)+
FFCF7C9C? 26DA                 move.l  (A2)+, (A3)+
FFCF7C9E? 26DA                 move.l  (A2)+, (A3)+
FFCF7CA0? 61000366             bsr     sub_FFCF8008
FFCF7CA4? 41E9FFC8             lea     (-$38,A1), A0
FFCF7CA8? 45F802FC             lea     $2fc.w, A2                        ; BufTgFNum
FFCF7CAC? 24D8                 move.l  (A0)+, (A2)+
FFCF7CAE? 24D8                 move.l  (A0)+, (A2)+
FFCF7CB0? 24D8                 move.l  (A0)+, (A2)+
FFCF7CB2? 7200                 moveq   #$0, D1
FFCF7CB4? 1229FFB9             move.b  (-$47,A1), D1
FFCF7CB8? 24311400             move.l  (A1,D1.w*4), D2
FFCF7CBC? 6724                 beq     $ffcf7ce2
FFCF7CBE? 2642                 movea.l D2, A3
FFCF7CC0? 0C2B00020001         cmpi.b  #$2, ($1,A3)
FFCF7CC6? 671A                 beq     $ffcf7ce2
FFCF7CC8? 3369FFBAFD8A         move.w  (-$46,A1), (-$276,A1)
FFCF7CCE? 137C0006FFB8         move.b  #$6, (-$48,A1)
FFCF7CD4? 61000332             bsr     sub_FFCF8008
FFCF7CD8? 610002B0             bsr     $ffcf7f8a
FFCF7CDC? 3369FD8AFFBA         move.w  (-$276,A1), (-$46,A1)
FFCF7CE2? 3029FFBA             move.w  (-$46,A1), D0
FFCF7CE6? 6614                 bne     $ffcf7cfc
FFCF7CE8? 2469FFFC             movea.l (-$4,A1), A2
FFCF7CEC? 206A0008             movea.l ($8,A2), A0
FFCF7CF0? 22280024             move.l  ($24,A0), D1
FFCF7CF4? 21410028             move.l  D1, ($28,A0)
FFCF7CF8? D3AA0010             add.l   D1, ($10,A2)
FFCF7CFC? 600000DE             bra     loc_FFCF7DDC
FFCF7D00d 000606E004C40008     dc.b    $00,$06,$06,$E0,$04,$C4,$00,$08,$06,$A0,$05,$1A,$00,$0A,$06,$A0 ; |................|
FFCF7D10d 052E445610200536     dc.b    $05,$2E,$44,$56,$10,$20,$05,$36,$53,$43,$10,$20,$05,$40,$00,$01 ; |..DV. .6SC. .@..|
FFCF7D20d 000003AE000509E0     dc.b    $00,$00,$03,$AE,$00,$05,$09,$E0,$03,$C4,$00,$06,$08,$C0,$03,$B2 ; |................|
FFCF7D30d 000707E003C00008     dc.b    $00,$07,$07,$E0,$03,$C0,$00,$08,$0E,$20,$03,$C4,$00,$09,$0D,$20 ; |......... ..... |
FFCF7D40d 03C4001506E003CA     dc.b    $03,$C4,$00,$15,$06,$E0,$03,$CA,$00,$16,$06,$E0,$03,$EC,$00,$17 ; |................|
FFCF7D50d 06E00420534308C0     dc.b    $06,$E0,$04,$20,$53,$43,$08,$C0,$04,$2C,$47,$44,$11,$C0,$04,$9C ; |... SC...,GD....|
FFCF7D60d 4EF081E10242347C     dc.b    $4E,$F0,$81,$E1,$02,$42,$34,$7C,$FE,$FC,$60,$04 ; |N....B4|..`.|
loc_FFCF7D6C:
FFCF7D6C  347CFEAC             movea.w #$feac, A2
FFCF7D70  22780134             movea.l $134.w, A1                        ; SonyVars
FFCF7D74  0C680007001A         cmpi.w  #$7, ($1a,A0)
FFCF7D7A  670C                 beq     loc_FFCF7D88
FFCF7D7C  61000300             bsr     sub_FFCF807E
FFCF7D80  6606                 bne     loc_FFCF7D88
FFCF7D82  70DC                 moveq   #-$24, D0
FFCF7D84  60000056             bra     loc_FFCF7DDC
loc_FFCF7D88:
FFCF7D88  2471A800             movea.l (A1,A2.l), A2
FFCF7D8C  321A                 move.w  (A2)+, D1
FFCF7D8E  301A                 move.w  (A2)+, D0
FFCF7D90  3428001A             move.w  ($1a,A0), D2
loc_FFCF7D94:
FFCF7D94  B452                 cmp.w   (A2), D2
FFCF7D96  508A                 addq.l  #8, A2
FFCF7D98  57C9FFFA             dbeq    D1, loc_FFCF7D94
FFCF7D9C  663E                 bne     loc_FFCF7DDC
FFCF7D9E  7000                 moveq   #$0, D0
FFCF7DA0  2662                 movea.l -(A2), A3
FFCF7DA2  32280016             move.w  ($16,A0), D1
FFCF7DA6  1422                 move.b  -(A2), D2
FFCF7DA8  6A0A                 bpl     loc_FFCF7DB4
FFCF7DAA  0C410004             cmpi.w  #$4, D1
FFCF7DAE  6304                 bls     loc_FFCF7DB4
FFCF7DB0  70C8                 moveq   #-$38, D0
FFCF7DB2  6028                 bra     loc_FFCF7DDC
loc_FFCF7DB4:
FFCF7DB4  D402                 add.b   D2, D2
FFCF7DB6  6A0A                 bpl     loc_FFCF7DC2
FFCF7DB8  4AB11400             tst.l   (A1,D1.w*4)
FFCF7DBC  6604                 bne     loc_FFCF7DC2
FFCF7DBE  70C0                 moveq   #-$40, D0
FFCF7DC0  601A                 bra     loc_FFCF7DDC
loc_FFCF7DC2:
FFCF7DC2  1341FFB9             move.b  D1, (-$47,A1)
FFCF7DC6  1362FFB8             move.b  -(A2), (-$48,A1)
FFCF7DCA  2368001CFFBC         move.l  ($1c,A0), (-$44,A1)
FFCF7DD0  D402                 add.b   D2, D2
FFCF7DD2  6A06                 bpl     loc_FFCF7DDA
FFCF7DD4  2F0B                 move.l  A3, -(A7)
FFCF7DD6  60000230             bra     sub_FFCF8008
loc_FFCF7DDA:
FFCF7DDA  4ED3                 jmp     (A3)
loc_FFCF7DDC:
FFCF7DDC  2F3808FC             move.l  $8fc.w, -(A7)                     ; JIODone
FFCF7DE0  2269FFFC             movea.l (-$4,A1), A1
FFCF7DE4  48C0                 ext.l   D0
FFCF7DE6  6704                 beq     loc_FFCF7DEC
FFCF7DE8  31C00142             move.w  D0, $142.w                        ; DskErr
loc_FFCF7DEC:
FFCF7DEC  4E75                 rts
FFCF7DEEd 70EF60EA             dc.b    $70,$EF,$60,$EA                   ; |p.`.|
FFCF7DF2? 45E9FFBE             lea     (-$42,A1), A2
FFCF7DF6? 425A                 clr.w   (A2)+
FFCF7DF8? 429A                 clr.l   (A2)+
FFCF7DFA? 429A                 clr.l   (A2)+
FFCF7DFC? 6100020A             bsr     sub_FFCF8008
FFCF7E00? 61000188             bsr     $ffcf7f8a
FFCF7E04? 3029FFBA             move.w  (-$46,A1), D0
FFCF7E08? 60D2                 bra     loc_FFCF7DDC
FFCF7E0A? 6100017E             bsr     $ffcf7f8a
FFCF7E0E? 2669FFF4             movea.l (-$c,A1), A3
FFCF7E12? 08290003FFC8         btst    #$3, (-$38,A1)
FFCF7E18? 6704                 beq     $ffcf7e1e
FFCF7E1A? 2669FFF0             movea.l (-$10,A1), A3
FFCF7E1E? 337C0001FFC0         move.w  #$1, (-$40,A1)
FFCF7E24? 08290001FFD6         btst    #$1, (-$2a,A1)
FFCF7E2A? 6012                 bra     $ffcf7e3e
FFCF7E2C? 6100015C             bsr     $ffcf7f8a
FFCF7E30? 2669FFF8             movea.l (-$8,A1), A3
FFCF7E34? 4269FFC0             clr.w   (-$40,A1)
FFCF7E38? 08290000FFD6         btst    #$0, (-$2a,A1)
FFCF7E3E? 6604                 bne     $ffcf7e44
FFCF7E40? 208B                 move.l  A3, (A0)
FFCF7E42? 6098                 bra     loc_FFCF7DDC
FFCF7E44? 47E9FD8C             lea     (-$274,A1), A3
FFCF7E48? 208B                 move.l  A3, (A0)
FFCF7E4A? 234BFFBC             move.l  A3, (-$44,A1)
FFCF7E4E? 337C0120FFC4         move.w  #$120, (-$3c,A1)
FFCF7E54? 137C000FFFB8         move.b  #$f, (-$48,A1)
FFCF7E5A? 610001AC             bsr     sub_FFCF8008
FFCF7E5E? 60A4                 bra     $ffcf7e04
FFCF7E60? 61000128             bsr     $ffcf7f8a
FFCF7E64? 20AA000E             move.l  ($e,A2), (A0)
FFCF7E68? 6000FF72             bra     loc_FFCF7DDC
FFCF7E6C? 45E9FFBE             lea     (-$42,A1), A2
FFCF7E70? 14E80026             move.b  ($26,A0), (A2)+
FFCF7E74? 421A                 clr.b   (A2)+
FFCF7E76? 24E8001E             move.l  ($1e,A0), (A2)+
FFCF7E7A? 24E80022             move.l  ($22,A0), (A2)+
FFCF7E7E? 61000188             bsr     sub_FFCF8008
FFCF7E82? 61000106             bsr     $ffcf7f8a
FFCF7E86? 3029FFBA             move.w  (-$46,A1), D0
FFCF7E8A? 664E                 bne     $ffcf7eda
FFCF7E8C? 4A28000B             tst.b   ($b,A0)
FFCF7E90? 6748                 beq     $ffcf7eda
FFCF7E92? 2369FFD2FFC4         move.l  (-$2e,A1), (-$3c,A1)
FFCF7E98? 137C000CFFB8         move.b  #$c, (-$48,A1)
FFCF7E9E? 23680002FFBC         move.l  ($2,A0), (-$44,A1)
FFCF7EA4? 42A9FFC0             clr.l   (-$40,A1)
FFCF7EA8? 6100015E             bsr     sub_FFCF8008
FFCF7EAC? 3369FFBAFD8A         move.w  (-$46,A1), (-$276,A1)
FFCF7EB2? 137C0006FFB8         move.b  #$6, (-$48,A1)
FFCF7EB8? 6100014E             bsr     sub_FFCF8008
FFCF7EBC? 3029FD8A             move.w  (-$276,A1), D0
FFCF7EC0? 6618                 bne     $ffcf7eda
FFCF7EC2? 7200                 moveq   #$0, D1
FFCF7EC4? 1229FFB9             move.b  (-$47,A1), D1
FFCF7EC8? 24711400             movea.l (A1,D1.w*4), A2
FFCF7ECC? 70BC                 moveq   #-$44, D0
FFCF7ECE? 322A0012             move.w  ($12,A2), D1
FFCF7ED2? B269FFC4             cmp.w   (-$3c,A1), D1
FFCF7ED6? 6602                 bne     $ffcf7eda
FFCF7ED8? 7000                 moveq   #$0, D0
FFCF7EDA? 6024                 bra     $ffcf7f00
FFCF7EDC? 45E9FFBC             lea     (-$44,A1), A2
FFCF7EE0? 41E8001C             lea     ($1c,A0), A0
FFCF7EE4? 24D8                 move.l  (A0)+, (A2)+
FFCF7EE6? 24D8                 move.l  (A0)+, (A2)+
FFCF7EE8? 24D8                 move.l  (A0)+, (A2)+
FFCF7EEA? 4298                 clr.l   (A0)+
FFCF7EEC? 24D8                 move.l  (A0)+, (A2)+
FFCF7EEE? 34D8                 move.w  (A0)+, (A2)+
FFCF7EF0? 61000116             bsr     sub_FFCF8008
FFCF7EF4? 3029FFBA             move.w  (-$46,A1), D0
FFCF7EF8? 6606                 bne     $ffcf7f00
FFCF7EFA? 2169FFC40028         move.l  (-$3c,A1), ($28,A0)
FFCF7F00? 6000FEDA             bra     loc_FFCF7DDC
FFCF7F04? 61000084             bsr     $ffcf7f8a
FFCF7F08? 70BF                 moveq   #-$41, D0
FFCF7F0A? 0C2A00020007         cmpi.b  #$2, ($7,A2)
FFCF7F10? 6DEE                 blt     $ffcf7f00
FFCF7F12? 70CE                 moveq   #-$32, D0
FFCF7F14? 3418                 move.w  (A0)+, D2
FFCF7F16? 6FE8                 ble     $ffcf7f00
FFCF7F18? 302A0018             move.w  ($18,A2), D0
FFCF7F1C? 322A0016             move.w  ($16,A2), D1
FFCF7F20? 2450                 movea.l (A0), A2
FFCF7F22? 47FA00A8             lea     ($ffcf7fcc,PC), A3
FFCF7F26? 4260                 clr.w   -(A0)
FFCF7F28? 7600                 moveq   #$0, D3
FFCF7F2A? 0780                 bclr    D3, D0
FFCF7F2C? 6722                 beq     $ffcf7f50
FFCF7F2E? 24F33600             move.l  (A3,D3.w*8), (A2)+
FFCF7F32? 24F33604             move.l  ($4,A3,D3.w*8), (A2)+
FFCF7F36? 0781                 bclr    D3, D1
FFCF7F38? 6710                 beq     $ffcf7f4a
FFCF7F3A? 08EA0006FFFC         bset    #$6, (-$4,A2)
FFCF7F40? 4A43                 tst.w   D3
FFCF7F42? 6606                 bne     $ffcf7f4a
FFCF7F44? 2569FFD2FFF8         move.l  (-$2e,A1), (-$8,A2)
FFCF7F4A? 5250                 addq.w  #1, (A0)
FFCF7F4C? 5342                 subq.w  #1, D2
FFCF7F4E? 6F06                 ble     $ffcf7f56
FFCF7F50? 5243                 addq.w  #1, D3
FFCF7F52? 4A40                 tst.w   D0
FFCF7F54? 66D4                 bne     $ffcf7f2a
FFCF7F56? 7000                 moveq   #$0, D0
FFCF7F58? 60A6                 bra     $ffcf7f00
FFCF7F5A? 612E                 bsr     $ffcf7f8a
FFCF7F5C? 588A                 addq.l  #4, A2
FFCF7F5E? 588B                 addq.l  #4, A3
FFCF7F60? 30DA                 move.w  (A2)+, (A0)+
FFCF7F62? 20DA                 move.l  (A2)+, (A0)+
FFCF7F64? 20DB                 move.l  (A3)+, (A0)+
FFCF7F66? 20DB                 move.l  (A3)+, (A0)+
FFCF7F68? 20DB                 move.l  (A3)+, (A0)+
FFCF7F6A? 20DA                 move.l  (A2)+, (A0)+
FFCF7F6C? 6092                 bra     $ffcf7f00
FFCF7F6E? 611A                 bsr     $ffcf7f8a
FFCF7F70? 20AA0012             move.l  ($12,A2), (A0)
FFCF7F74? 608A                 bra     $ffcf7f00
FFCF7F76d 3169FFBC001C6000     dc.b    $31,$69,$FF,$BC,$00,$1C,$60,$00,$FE,$86,$11,$69,$FF,$BE,$00,$1C ; |1i....`....i....|
FFCF7F86d 6000FE7C             dc.b    $60,$00,$FE,$7C                   ; |`..||
FFCF7F8A? 45E9FFB8             lea     (-$48,A1), A2
FFCF7F8E? 7200                 moveq   #$0, D1
FFCF7F90? 122A0001             move.b  ($1,A2), D1
FFCF7F94? 47FA005E             lea     ($ffcf7ff4,PC), A3
FFCF7F98? 24311400             move.l  (A1,D1.w*4), D2
FFCF7F9C? 671E                 beq     $ffcf7fbc
FFCF7F9E? 2642                 movea.l D2, A3
FFCF7FA0? 26AA0006             move.l  ($6,A2), (A3)
FFCF7FA4? 276A000A0010         move.l  ($a,A2), ($10,A3)
FFCF7FAA? 0C6B00010008         cmpi.w  #$1, ($8,A3)
FFCF7FB0? 660A                 bne     $ffcf7fbc
FFCF7FB2? 262A001A             move.l  ($1a,A2), D3
FFCF7FB6? 4843                 swap    D3
FFCF7FB8? 27430010             move.l  D3, ($10,A3)
FFCF7FBC? 2069FFFC             movea.l (-$4,A1), A0
FFCF7FC0? 20680008             movea.l ($8,A0), A0
FFCF7FC4? 41E8001C             lea     ($1c,A0), A0
FFCF7FC8? 7000                 moveq   #$0, D0
FFCF7FCA? 4E75                 rts
FFCF7FCCd 0000983540000000     dc.b    $00,$00,$98,$35,$40,$00,$00,$00,$00,$00,$03,$20,$81,$0A,$00,$50 ; |...5@...... ...P|
FFCF7FDCd 00000640820A0050     dc.b    $00,$00,$06,$40,$82,$0A,$00,$50,$00,$00,$05,$A0,$82,$09,$00,$50 ; |...@...P.......P|
FFCF7FECd 00000B4092120050     dc.b    $00,$00,$0B,$40,$92,$12,$00,$50,$00,$00,$00,$00,$00,$00,$00,$00 ; |...@...P........|
FFCF7FFCd 0000000000000000     dc.b    $00,$00,$00,$00,$00,$00,$00,$00,$00,$00,$00,$00 ; |............|

sub_FFCF8008:
FFCF8008  235FFFB4             move.l  (A7)+, (-$4c,A1)
FFCF800C  41E9FFD8             lea     (-$28,A1), A0
FFCF8010  A087                 _IOPMsgRequest                            ; A-line trap A087
FFCF8012  4E75                 rts
FFCF8014? 43E80028             lea     ($28,A0), A1
FFCF8018? 2F29FFB4             move.l  (-$4c,A1), -(A7)
FFCF801C? 42A9FFB4             clr.l   (-$4c,A1)
FFCF8020? 2469FFFC             movea.l (-$4,A1), A2
FFCF8024? 206A0008             movea.l ($8,A2), A0
FFCF8028? 4E75                 rts
FFCF802A? 43E80064             lea     ($64,A0), A1
FFCF802E? 45E9FF7C             lea     (-$84,A1), A2
FFCF8032? 426A0002             clr.w   ($2,A2)
FFCF8036? 1412                 move.b  (A2), D2
FFCF8038? 0C020001             cmpi.b  #$1, D2
FFCF803C? 6614                 bne     $ffcf8052
FFCF803E? 6100003E             bsr     sub_FFCF807E
FFCF8042? 660A                 bne     $ffcf804e
FFCF8044? 6100FF48             bsr     $ffcf7f8e
FFCF8048? 143C0002             move.b  #$2, D2
FFCF804C? 6004                 bra     $ffcf8052
FFCF804E? 7000                 moveq   #$0, D0
FFCF8050? 6708                 beq     $ffcf805a
FFCF8052? 70FF                 moveq   #-$1, D0
FFCF8054? 0C020002             cmpi.b  #$2, D2
FFCF8058? 6612                 bne     $ffcf806c
FFCF805A? 307C0007             movea.w #$7, A0
FFCF805E? 4240                 clr.w   D0
FFCF8060? 102A0001             move.b  ($1,A2), D0
FFCF8064? A02F                 _PostEvent                                ; A-line trap A02F
FFCF8066? 35400002             move.w  D0, ($2,A2)
FFCF806A? 6604                 bne     $ffcf8070
FFCF806C? 6100FF20             bsr     $ffcf7f8e
FFCF8070? 41E9FF9C             lea     (-$64,A1), A0
FFCF8074? 117C00010007         move.b  #$1, ($7,A0)
FFCF807A? A087                 _IOPMsgRequest                            ; A-line trap A087
FFCF807C? 4E75                 rts

sub_FFCF807E:
FFCF807E  6112                 bsr     sub_FFCF8092
FFCF8080  6702                 beq     loc_FFCF8084
FFCF8082  4E75                 rts
loc_FFCF8084:
FFCF8084  2009                 move.l  A1, D0
FFCF8086  22780CEC             movea.l $cec.w, A1
FFCF808A  6100001E             bsr     sub_FFCF80AA
FFCF808E  2240                 movea.l D0, A1
FFCF8090  4E75                 rts

sub_FFCF8092:
FFCF8092  2F00                 move.l  D0, -(A7)
FFCF8094  203C000C0000         move.l  #$c0000, D0
FFCF809A  C0B80DD4             and.l   $dd4.w, D0
FFCF809E  048000040000         subi.l  #$40000, D0
FFCF80A4  4CDF0001             movem.l (A7)+, D0
FFCF80A8  4E75                 rts

sub_FFCF80AA:
FFCF80AA  48E78040             movem.l D0/A1, -(A7)
FFCF80AE  1011                 move.b  (A1), D0
FFCF80B0  61002B7C             bsr     sub_FFCFAC2E
FFCF80B4  08000000             btst    #$0, D0
FFCF80B8  4CDF0201             movem.l (A7)+, D0/A1
FFCF80BC  4E75                 rts
FFCF80BEd 000600C00B300008     dc.b    $00,$06,$00,$C0,$0B,$30,$00,$08,$00,$C0,$0B,$B4,$00,$0A,$00,$C0 ; |.....0..........|
FFCF80CEd 0BD8445600000C10     dc.b    $0B,$D8,$44,$56,$00,$00,$0C,$10,$53,$43,$00,$00,$0C,$18,$00,$01 ; |..DV....SC......|
FFCF80DEd 00000C20000500C0     dc.b    $00,$00,$0C,$20,$00,$05,$00,$C0,$12,$08,$00,$06,$00,$C0,$10,$88 ; |... ............|
FFCF80EEd 000700C00CE40008     dc.b    $00,$07,$00,$C0,$0C,$E4,$00,$08,$00,$00,$0C,$26,$00,$09,$00,$00 ; |...........&....|
FFCF80FEd 0C2E001500C00C48     dc.b    $0C,$2E,$00,$15,$00,$C0,$0C,$48,$00,$16,$00,$C0,$0C,$5C,$00,$17 ; |.......H.....\..|
FFCF810Ed 00C00C66534300C0     dc.b    $00,$C0,$0C,$66,$53,$43,$00,$C0,$10,$9C,$47,$44,$00,$C0,$0C,$78 ; |...fSC....GD...x|
FFCF811Ed 272E26DC26942536     dc.b    $27,$2E,$26,$DC,$26,$94,$25,$36,$24,$B0,$24,$9A,$24,$12,$23,$78 ; |'.&.&.%6$.$.$.#x|
FFCF812Ed 23DE1FAE1C1E1AA4     dc.b    $23,$DE,$1F,$AE,$1C,$1E,$1A,$A4,$18,$4C,$17,$56 ; |#........L.V|
loc_FFCF813A:
FFCF813A* 203C0000053F         move.l  #$53f, D0
FFCF8140* A71E                 _NewPtrSysClear                           ; A-line trap A71E
FFCF8142* D0FC0084             adda.w  #$84, A0
FFCF8146* 21C80134             move.l  A0, $134.w                        ; SonyVars
FFCF814A* 21490160             move.l  A1, ($160,A0)
FFCF814E* 137C00020007         move.b  #$2, ($7,A1)
FFCF8154* 2248                 movea.l A0, A1
FFCF8156* 42A902BC             clr.l   ($2bc,A1)
FFCF815A* 083800032402         btst    #$3, $2402.w
FFCF8160* 6700013E             beq     loc_FFCF82A0
FFCF8164* 207801E0             movea.l $1e0.w, A0                        ; IWM
FFCF8168* 7010                 moveq   #$10, D0
FFCF816A* 6100031C             bsr     sub_FFCF8488
FFCF816E* 203C0000B02F         move.l  #$b02f, D0
FFCF8174* A71E                 _NewPtrSysClear                           ; A-line trap A71E
FFCF8176* 660002B6             bne     loc_FFCF842E
FFCF817A* 234802BC             move.l  A0, ($2bc,A1)
FFCF817E* 227C0000B02F         movea.l #$b02f, A1
FFCF8184* 7004                 moveq   #$4, D0
FFCF8186* A05C                 _MemoryDispatch                           ; A-line trap A05C
FFCF8188* 22780134             movea.l $134.w, A1                        ; SonyVars
FFCF818C* 4A40                 tst.w   D0
FFCF818E* 6600029E             bne     loc_FFCF842E
FFCF8192* 202902BC             move.l  ($2bc,A1), D0
FFCF8196* 06800000000F         addi.l  #$f, D0
FFCF819C* 0280FFFFFFF0         andi.l  #$fffffff0, D0
FFCF81A2* 234002C0             move.l  D0, ($2c0,A1)
FFCF81A6* 068000000020         addi.l  #$20, D0
FFCF81AC* 234002B8             move.l  D0, ($2b8,A1)
FFCF81B0* 514F                 subq.w  #8, A7
FFCF81B2* 2F3C0000B000         move.l  #$b000, -(A7)
FFCF81B8* 2F00                 move.l  D0, -(A7)
FFCF81BA* 204F                 movea.l A7, A0
FFCF81BC* 327C0001             movea.w #$1, A1
FFCF81C0* 7005                 moveq   #$5, D0
FFCF81C2* A15C                 _MemoryDispatchA0Result                   ; A-line trap A15C
FFCF81C4* 504F                 addq.w  #8, A7
FFCF81C6* 201F                 move.l  (A7)+, D0
FFCF81C8* 584F                 addq.w  #4, A7
FFCF81CA* 22780134             movea.l $134.w, A1                        ; SonyVars
FFCF81CE* 234002B4             move.l  D0, ($2b4,A1)
FFCF81D2* 048000000020         subi.l  #$20, D0
FFCF81D8* 234002C4             move.l  D0, ($2c4,A1)
FFCF81DC* 207081E202B60210     movea.l ([$2b6],$210), A0
FFCF81E4* 2050                 movea.l (A0), A0
FFCF81E6* 234802B0             move.l  A0, ($2b0,A1)
FFCF81EA* 202902C0             move.l  ($2c0,A1), D0
FFCF81EE* 068000000010         addi.l  #$10, D0
FFCF81F4* 2040                 movea.l D0, A0
FFCF81F6* 203C70000000         move.l  #$70000000, D0
FFCF81FC* 7200                 moveq   #$0, D1
FFCF81FE* E159                 rol.w   #8, D1
FFCF8200* 4841                 swap    D1
FFCF8202* E159                 rol.w   #8, D1
FFCF8204* 21410004             move.l  D1, ($4,A0)
FFCF8208* 42A80008             clr.l   ($8,A0)
FFCF820C* 42A8000C             clr.l   ($c,A0)
FFCF8210* 4E71                 nop
FFCF8212* E158                 rol.w   #8, D0
FFCF8214* 4840                 swap    D0
FFCF8216* E158                 rol.w   #8, D0
FFCF8218* 2080                 move.l  D0, (A0)
FFCF821A* 4E71                 nop
FFCF821C* 7019                 moveq   #$19, D0
FFCF821E* 41FA2218             lea     ($ffcfa438,PC), A0
FFCF8222* 2F0A                 move.l  A2, -(A7)
FFCF8224* 2F00                 move.l  D0, -(A7)
FFCF8226* 247081E202B60210     movea.l ([$2b6],$210), A2
FFCF822E* EB88                 lsl.l   #5, D0
FFCF8230* 25880808             move.l  A0, ($8,A2,D0.l)
FFCF8234* 2589080C             move.l  A1, ($c,A2,D0.l)
FFCF8238* 201F                 move.l  (A7)+, D0
FFCF823A* 245F                 movea.l (A7)+, A2
FFCF823C* 700B                 moveq   #$b, D0
FFCF823E* 41FA2126             lea     ($ffcfa366,PC), A0
FFCF8242* 22780134             movea.l $134.w, A1                        ; SonyVars
FFCF8246* 2F0A                 move.l  A2, -(A7)
FFCF8248* 2F00                 move.l  D0, -(A7)
FFCF824A* 247081E202B60210     movea.l ([$2b6],$210), A2
FFCF8252* EB88                 lsl.l   #5, D0
FFCF8254* 25880808             move.l  A0, ($8,A2,D0.l)
FFCF8258* 2589080C             move.l  A1, ($c,A2,D0.l)
FFCF825C* 201F                 move.l  (A7)+, D0
FFCF825E* 245F                 movea.l (A7)+, A2
FFCF8260* 48E74080             movem.l D1/A0, -(A7)
FFCF8264* 207081E202B60210     movea.l ([$2b6],$210), A0
FFCF826C* 2050                 movea.l (A0), A0
FFCF826E* 7200                 moveq   #$0, D1
FFCF8270* 01C1                 bset    D0, D1
FFCF8272* 83A80024             or.l    D1, ($24,A0)
FFCF8276* 4E71                 nop
FFCF8278* 4CDF0102             movem.l (A7)+, D1/A0
FFCF827C* 41FA22B4             lea     ($ffcfa532,PC), A0
FFCF8280* 2348FFC0             move.l  A0, (-$40,A1)
FFCF8284* 41FA2336             lea     ($ffcfa5bc,PC), A0
FFCF8288* 2348FFB8             move.l  A0, (-$48,A1)
FFCF828C* 41FA226C             lea     ($ffcfa4fa,PC), A0
FFCF8290* 2348FFBC             move.l  A0, (-$44,A1)
FFCF8294* 41FA234A             lea     ($ffcfa5e0,PC), A0
FFCF8298* 2348FFC4             move.l  A0, (-$3c,A1)
FFCF829C* 600000A6             bra     loc_FFCF8344
loc_FFCF82A0:
FFCF82A0  207801E0             movea.l $1e0.w, A0                        ; IWM
FFCF82A4  203C00000200         move.l  #$200, D0
FFCF82AA  610001DC             bsr     sub_FFCF8488
FFCF82AE  41F950F31000         lea     $50f31000.l, A0
FFCF82B4  234802B0             move.l  A0, ($2b0,A1)
FFCF82B8  08E800001068         bset    #$0, ($1068,A0)
FFCF82BE  10281060             move.b  ($1060,A0), D0
FFCF82C2  E180                 asl.l   #8, D0
FFCF82C4  10281061             move.b  ($1061,A0), D0
FFCF82C8  E180                 asl.l   #8, D0
FFCF82CA  10281062             move.b  ($1062,A0), D0
FFCF82CE  E180                 asl.l   #8, D0
FFCF82D0  10281063             move.b  ($1063,A0), D0
FFCF82D4  234002B4             move.l  D0, ($2b4,A1)
FFCF82D8  1210                 move.b  (A0), D1
FFCF82DA  E181                 asl.l   #8, D1
FFCF82DC  12280001             move.b  ($1,A0), D1
FFCF82E0  E181                 asl.l   #8, D1
FFCF82E2  12280002             move.b  ($2,A0), D1
FFCF82E6  E181                 asl.l   #8, D1
FFCF82E8  12280003             move.b  ($3,A0), D1
FFCF82EC  9081                 sub.l   D1, D0
FFCF82EE  068061000000         addi.l  #$61000000, D0
FFCF82F4  234002B8             move.l  D0, ($2b8,A1)
FFCF82F8  207081E202B60210     movea.l ([$2b6],$210), A0
FFCF8300  7006                 moveq   #$6, D0
FFCF8302  21890E08             move.l  A1, ($8,A0,D0.l*8)
FFCF8306  43FA2130             lea     ($ffcfa438,PC), A1
FFCF830A  21890E04             move.l  A1, ($4,A0,D0.l*8)
FFCF830E  41FA2056             lea     ($ffcfa366,PC), A0
FFCF8312  21C80D84             move.l  A0, $d84.w
FFCF8316  20780CEC             movea.l $cec.w, A0
FFCF831A  117C00A00013         move.b  #$a0, ($13,A0)
FFCF8320  22780134             movea.l $134.w, A1                        ; SonyVars
FFCF8324  41FA2172             lea     ($ffcfa498,PC), A0
FFCF8328  2348FFC0             move.l  A0, (-$40,A1)
FFCF832C  41FA21A6             lea     ($ffcfa4d4,PC), A0
FFCF8330  2348FFB8             move.l  A0, (-$48,A1)
FFCF8334  41FA213E             lea     ($ffcfa474,PC), A0
FFCF8338  2348FFBC             move.l  A0, (-$44,A1)
FFCF833C  41FA21AC             lea     ($ffcfa4ea,PC), A0
FFCF8340  2348FFC4             move.l  A0, (-$3c,A1)
loc_FFCF8344:
FFCF8344* 22780134             movea.l $134.w, A1                        ; SonyVars
FFCF8348* 24780DD8             movea.l $dd8.w, A2
FFCF834C* D5EA005C             adda.l  ($5c,A2), A2
FFCF8350* 2012                 move.l  (A2), D0
FFCF8352* 61000106             bsr     sub_FFCF845A
FFCF8356* 234B0278             move.l  A3, ($278,A1)
FFCF835A* 202A0004             move.l  ($4,A2), D0
FFCF835E* 610000FA             bsr     sub_FFCF845A
FFCF8362* 234B027C             move.l  A3, ($27c,A1)
FFCF8366* 202A000E             move.l  ($e,A2), D0
FFCF836A* 610000EE             bsr     sub_FFCF845A
FFCF836E* 234B0280             move.l  A3, ($280,A1)
FFCF8372* 42318161FFB4         clr.b   ([-$4c,A1])
FFCF8378* 13BC00018161FF94     move.b  #$1, ([-$6c,A1])
FFCF8380* 41FA0196             lea     ($ffcf8518,PC), A0
FFCF8384* 21C80226             move.l  A0, $226.w
FFCF8388* 41FA011E             lea     ($ffcf84a8,PC), A0
FFCF838C* 21C80242             move.l  A0, $242.w
FFCF8390* 41E9FFC8             lea     (-$38,A1), A0
FFCF8394* 47FAFD88             lea     ($ffcf811e,PC), A3
FFCF8398* 720D                 moveq   #$d, D1
loc_FFCF839A:
FFCF839A* 49FAF6A4             lea     ($ffcf7a40,PC), A4
FFCF839E* D8DB                 adda.w  (A3)+, A4
FFCF83A0* 20CC                 move.l  A4, (A0)+
FFCF83A2* 51C9FFF6             dbra    D1, loc_FFCF839A
FFCF83A6* 41E90090             lea     ($90,A1), A0
FFCF83AA* 47FAFD30             lea     ($ffcf80dc,PC), A3
FFCF83AE* 70EF                 moveq   #-$11, D0
FFCF83B0* 720A                 moveq   #$a, D1
FFCF83B2* 610000BC             bsr     sub_FFCF8470
FFCF83B6* 41E90110             lea     ($110,A1), A0
FFCF83BA* 47FAFD02             lea     ($ffcf80be,PC), A3
FFCF83BE* 70EE                 moveq   #-$12, D0
FFCF83C0* 7204                 moveq   #$4, D1
FFCF83C2* 610000AC             bsr     sub_FFCF8470
FFCF83C6* 61001C84             bsr     sub_FFCFA04C
FFCF83CA* 6662                 bne     loc_FFCF842E
FFCF83CC* 49E90030             lea     ($30,A1), A4
FFCF83D0* 47E90020             lea     ($20,A1), A3
FFCF83D4* 7200                 moveq   #$0, D1
FFCF83D6* 7400                 moveq   #$0, D2
loc_FFCF83D8:
FFCF83D8* 3002                 move.w  D2, D0
FFCF83DA* 61001D8C             bsr     sub_FFCFA168
FFCF83DE* 6734                 beq     loc_FFCF8414
FFCF83E0* 61001DD6             bsr     sub_FFCFA1B8
FFCF83E4* 0C000003             cmpi.b  #$3, D0
FFCF83E8* 6D2A                 blt     loc_FFCF8414
FFCF83EA* 0C000004             cmpi.b  #$4, D0
FFCF83EE* 6E24                 bgt     loc_FFCF8414
FFCF83F0* 5241                 addq.w  #1, D1
FFCF83F2* 13801004             move.b  D0, ($4,A1,D1.w)
FFCF83F6* 13821000             move.b  D2, (A1,D1.w)
FFCF83FA* 268C                 move.l  A4, (A3)
FFCF83FC* 197C00010002         move.b  #$1, ($2,A4)
FFCF8402* 3001                 move.w  D1, D0
FFCF8404* 4840                 swap    D0
FFCF8406* 303CFFFB             move.w  #$fffb, D0
FFCF840A* 41EC0004             lea     ($4,A4), A0
FFCF840E* A04E                 _AddDrive                                 ; A-line trap A04E
FFCF8410* 49EC0014             lea     ($14,A4), A4
loc_FFCF8414:
FFCF8414* 588B                 addq.l  #4, A3
FFCF8416* 5242                 addq.w  #1, D2
FFCF8418* 0C420002             cmpi.w  #$2, D2
FFCF841C* 6FBA                 ble     loc_FFCF83D8
FFCF841E* 610019F8             bsr     sub_FFCF9E18
FFCF8422* 50E90165             st      ($165,A1)
FFCF8426* 6100091C             bsr     sub_FFCF8D44
FFCF842A* 7000                 moveq   #$0, D0
loc_FFCF842C:
FFCF842C* 4E75                 rts
loc_FFCF842E:
FFCF842E  206902BC             movea.l ($2bc,A1), A0
FFCF8432  67000016             beq     loc_FFCF844A
FFCF8436  227C0000B02F         movea.l #$b02f, A1
FFCF843C  7003                 moveq   #$3, D0
FFCF843E  A05C                 _MemoryDispatch                           ; A-line trap A05C
FFCF8440  22780134             movea.l $134.w, A1                        ; SonyVars
FFCF8444  206902BC             movea.l ($2bc,A1), A0
FFCF8448  A01F                 _DisposePtr                               ; A-line trap A01F
loc_FFCF844A:
FFCF844A  20780134             movea.l $134.w, A0                        ; SonyVars
FFCF844E  A01F                 _DisposePtr                               ; A-line trap A01F
FFCF8450  70FF                 moveq   #-$1, D0
FFCF8452  21C00134             move.l  D0, $134.w                        ; SonyVars
FFCF8456  70E9                 moveq   #-$17, D0
FFCF8458  60D2                 bra     loc_FFCF842C

sub_FFCF845A:
FFCF845A* 47F20800             lea     (A2,D0.l), A3
FFCF845E* 08800000             bclr    #$0, D0
FFCF8462* 670A                 beq     loc_FFCF846E
FFCF8464  26780DD8             movea.l $dd8.w, A3
FFCF8468  D7EB005C             adda.l  ($5c,A3), A3
FFCF846C  D6C0                 adda.w  D0, A3
loc_FFCF846E:
FFCF846E* 4E75                 rts

sub_FFCF8470:
FFCF8470* 2088                 move.l  A0, (A0)
FFCF8472* 5898                 addq.l  #4, (A0)+
FFCF8474* 30C1                 move.w  D1, (A0)+
FFCF8476* 30C0                 move.w  D0, (A0)+
loc_FFCF8478:
FFCF8478* 20DB                 move.l  (A3)+, (A0)+
FFCF847A* 49FAF5C4             lea     ($ffcf7a40,PC), A4
FFCF847E* D8DB                 adda.w  (A3)+, A4
FFCF8480* 20CC                 move.l  A4, (A0)+
FFCF8482* 51C9FFF4             dbra    D1, loc_FFCF8478
FFCF8486* 4E75                 rts

sub_FFCF8488:
FFCF8488* 720E                 moveq   #$e, D1
FFCF848A* 45E9FF7C             lea     (-$84,A1), A2
loc_FFCF848E:
FFCF848E* D1C0                 adda.l  D0, A0
FFCF8490* 24C8                 move.l  A0, (A2)+
FFCF8492* 51C9FFFA             dbra    D1, loc_FFCF848E
FFCF8496* 4E75                 rts
loc_FFCF8498:
FFCF8498  70E8                 moveq   #-$18, D0
FFCF849A  4E75                 rts
loc_FFCF849C:
FFCF849C  347C0110             movea.w #$110, A2
FFCF84A0  600A                 bra     loc_FFCF84AC
FFCF84A2d 4EF081E10242347C     dc.b    $4E,$F0,$81,$E1,$02,$42,$34,$7C,$00,$90 ; |N....B4|..|
loc_FFCF84AC:
FFCF84AC  22780134             movea.l $134.w, A1                        ; SonyVars
FFCF84B0  50E90164             st      ($164,A1)
FFCF84B4  2471A800             movea.l (A1,A2.l), A2
FFCF84B8  321A                 move.w  (A2)+, D1
FFCF84BA  301A                 move.w  (A2)+, D0
FFCF84BC  3428001A             move.w  ($1a,A0), D2
loc_FFCF84C0:
FFCF84C0  B452                 cmp.w   (A2), D2
FFCF84C2  508A                 addq.l  #8, A2
FFCF84C4  57C9FFFA             dbeq    D1, loc_FFCF84C0
FFCF84C8  6632                 bne     loc_FFCF84FC
FFCF84CA  7000                 moveq   #$0, D0
FFCF84CC  2662                 movea.l -(A2), A3
FFCF84CE  32280016             move.w  ($16,A0), D1
FFCF84D2  1422                 move.b  -(A2), D2
FFCF84D4  6A0E                 bpl     loc_FFCF84E4
FFCF84D6  4A41                 tst.w   D1
FFCF84D8  6F06                 ble     loc_FFCF84E0
FFCF84DA  0C410002             cmpi.w  #$2, D1
FFCF84DE  6304                 bls     loc_FFCF84E4
loc_FFCF84E0:
FFCF84E0  70C8                 moveq   #-$38, D0
FFCF84E2  6018                 bra     loc_FFCF84FC
loc_FFCF84E4:
FFCF84E4  D402                 add.b   D2, D2
FFCF84E6  6A0A                 bpl     loc_FFCF84F2
FFCF84E8  4AB11420             tst.l   ($20,A1,D1.w*4)
FFCF84EC  6604                 bne     loc_FFCF84F2
FFCF84EE  70C0                 moveq   #-$40, D0
FFCF84F0  600A                 bra     loc_FFCF84FC
loc_FFCF84F2:
FFCF84F2  41E8001C             lea     ($1c,A0), A0
FFCF84F6  33410166             move.w  D1, ($166,A1)
FFCF84FA  4ED3                 jmp     (A3)
loc_FFCF84FC:
FFCF84FC  42290164             clr.b   ($164,A1)
FFCF8500  2F3808FC             move.l  $8fc.w, -(A7)                     ; JIODone
FFCF8504  22690160             movea.l ($160,A1), A1
FFCF8508  48C0                 ext.l   D0
FFCF850A  6704                 beq     loc_FFCF8510
FFCF850C  31C00142             move.w  D0, $142.w                        ; DskErr
loc_FFCF8510:
FFCF8510  4E75                 rts
FFCF8512d 4EF081E10226         dc.b    $4E,$F0,$81,$E1,$02,$26           ; |N....&|
FFCF8518? 2449                 movea.l A1, A2
FFCF851A? 22780134             movea.l $134.w, A1                        ; SonyVars
FFCF851E? 50E90164             st      ($164,A1)
FFCF8522? 70C8                 moveq   #-$38, D0
FFCF8524? 32280016             move.w  ($16,A0), D1
FFCF8528? 0C410002             cmpi.w  #$2, D1
FFCF852C? 6E40                 bgt     $ffcf856e
FFCF852E? 33410166             move.w  D1, ($166,A1)
FFCF8532? 70CE                 moveq   #-$32, D0
FFCF8534? 7209                 moveq   #$9, D1
FFCF8536? 242A0010             move.l  ($10,A2), D2
FFCF853A? E2BA                 ror.l   D1, D2
FFCF853C? 2342048C             move.l  D2, ($48c,A1)
FFCF8540? E3BA                 rol.l   D1, D2
FFCF8542? 024201FF             andi.w  #$1ff, D2
FFCF8546? 6626                 bne     $ffcf856e
FFCF8548? 236800200494         move.l  ($20,A0), ($494,A1)
FFCF854E? 24280024             move.l  ($24,A0), D2
FFCF8552? E2BA                 ror.l   D1, D2
FFCF8554? 23420490             move.l  D2, ($490,A1)
FFCF8558? E3BA                 rol.l   D1, D2
FFCF855A? 024201FF             andi.w  #$1ff, D2
FFCF855E? 660E                 bne     $ffcf856e
FFCF8560? 0C2800020007         cmpi.b  #$2, ($7,A0)
FFCF8566? 660003EE             bne     $ffcf8956
FFCF856A? 4EFA0234             jmp     ($ffcf87a0,PC)
FFCF856Ed 608C                 dc.b    $60,$8C                           ; |`.|
FFCF8570? 610009CC             bsr     sub_FFCF8F3E
FFCF8574? 70BF                 moveq   #-$41, D0
FFCF8576? 24711420             movea.l ($20,A1,D1.w*4), A2
FFCF857A? 0C2A00020001         cmpi.b  #$2, ($1,A2)
FFCF8580? 6D00FF7A             blt     loc_FFCF84FC
FFCF8584? 45E90080             lea     ($80,A1), A2
FFCF8588? 7600                 moveq   #$0, D3
FFCF858A? 7800                 moveq   #$0, D4
FFCF858C? 162A0009             move.b  ($9,A2), D3
FFCF8590? 182A0008             move.b  ($8,A2), D4
FFCF8594? 3418                 move.w  (A0)+, D2
FFCF8596? 6F00FF64             ble     loc_FFCF84FC
FFCF859A? 2450                 movea.l (A0), A2
FFCF859C? 47FA002E             lea     ($ffcf85cc,PC), A3
FFCF85A0? 4260                 clr.w   -(A0)
FFCF85A2? 7000                 moveq   #$0, D0
FFCF85A4? 0183                 bclr    D0, D3
FFCF85A6? 6718                 beq     $ffcf85c0
FFCF85A8? 24F30600             move.l  (A3,D0.w*8), (A2)+
FFCF85AC? 24F30604             move.l  ($4,A3,D0.w*8), (A2)+
FFCF85B0? 0184                 bclr    D0, D4
FFCF85B2? 6706                 beq     $ffcf85ba
FFCF85B4? 08EA0006FFFC         bset    #$6, (-$4,A2)
FFCF85BA? 5250                 addq.w  #1, (A0)
FFCF85BC? 5342                 subq.w  #1, D2
FFCF85BE? 6F06                 ble     $ffcf85c6
FFCF85C0? 5240                 addq.w  #1, D0
FFCF85C2? 4A83                 tst.l   D3
FFCF85C4? 66DE                 bne     $ffcf85a4
FFCF85C6? 7000                 moveq   #$0, D0
FFCF85C8? 6000FF32             bra     loc_FFCF84FC
FFCF85CCd 0000983540000000     dc.b    $00,$00,$98,$35,$40,$00,$00,$00,$00,$00,$03,$20,$81,$0A,$00,$50 ; |...5@...... ...P|
FFCF85DCd 00000640820A0050     dc.b    $00,$00,$06,$40,$82,$0A,$00,$50,$00,$00,$05,$A0,$82,$09 ; |...@...P......|
FFCF85EA? 00500000             ori.w   #$0, (A0)
FFCF85EE? 0B40                 bchg    D5, D0
FFCF85F0? 9212                 sub.b   (A2), D1
FFCF85F2? 00506100             ori.w   #$6100, (A0)
FFCF85F6? 09482471             movep.l ($2471,A0), D4
FFCF85FA? 1420                 move.b  -(A0), D2
FFCF85FC? 4218                 clr.b   (A0)+
FFCF85FE? 10F11010             move.b  ($10,A1,D1.w), (A0)+
FFCF8602? 20DA                 move.l  (A2)+, (A0)+
FFCF8604? 20DA                 move.l  (A2)+, (A0)+
FFCF8606? 20DA                 move.l  (A2)+, (A0)+
FFCF8608? 20DA                 move.l  (A2)+, (A0)+
FFCF860A? 45E90080             lea     ($80,A1), A2
FFCF860E? 20EA0004             move.l  ($4,A2), (A0)+
FFCF8612? 7000                 moveq   #$0, D0
FFCF8614? 6000FEE6             bra     loc_FFCF84FC
FFCF8618? 4290                 clr.l   (A0)
FFCF861A? 50E80003             st      ($3,A0)
FFCF861E? 7004                 moveq   #$4, D0
FFCF8620? B0311004             cmp.b   ($4,A1,D1.w), D0
FFCF8624? 6624                 bne     $ffcf864a
FFCF8626? 50D8                 st      (A0)+
FFCF8628? 1031100C             move.b  ($c,A1,D1.w), D0
FFCF862C? 0C000005             cmpi.b  #$5, D0
FFCF8630? 670C                 beq     $ffcf863e
FFCF8632? 7006                 moveq   #$6, D0
FFCF8634? B031100C             cmp.b   ($c,A1,D1.w), D0
FFCF8638? 6704                 beq     $ffcf863e
FFCF863A? 5248                 addq.w  #1, A0
FFCF863C? 6002                 bra     $ffcf8640
FFCF863E? 50D8                 st      (A0)+
FFCF8640? 7004                 moveq   #$4, D0
FFCF8642? B0311008             cmp.b   ($8,A1,D1.w), D0
FFCF8646? 6602                 bne     $ffcf864a
FFCF8648? 50D8                 st      (A0)+
FFCF864A? 7000                 moveq   #$0, D0
FFCF864C? 6000FEAE             bra     loc_FFCF84FC
FFCF8650d 30BC04106000FEA6     dc.b    $30,$BC,$04,$10,$60,$00,$FE,$A6,$10,$A9,$04,$87,$60,$00,$FE,$9E ; |0...`.......`...|
FFCF8660d 70EF6000FE982350     dc.b    $70,$EF,$60,$00,$FE,$98,$23,$50,$04,$74,$60,$00,$FE,$90 ; |p.`...#P.t`...|
FFCF866E? 2648                 movea.l A0, A3
FFCF8670? 610008B4             bsr     $ffcf8f26
FFCF8674? 42290165             clr.b   ($165,A1)
FFCF8678? 4A2B0001             tst.b   ($1,A3)
FFCF867C? 6B04                 bmi     $ffcf8682
FFCF867E? 13530165             move.b  (A3), ($165,A1)
FFCF8682? 7000                 moveq   #$0, D0
FFCF8684? 6000FE76             bra     loc_FFCF84FC
FFCF8688? 2669027C             movea.l ($27c,A1), A3
FFCF868C? 0C410001             cmpi.w  #$1, D1
FFCF8690? 6704                 beq     $ffcf8696
FFCF8692? 26690280             movea.l ($280,A1), A3
FFCF8696? 208B                 move.l  A3, (A0)
FFCF8698? 6000FE62             bra     loc_FFCF84FC
FFCF869C? 26690278             movea.l ($278,A1), A3
FFCF86A0? 208B                 move.l  A3, (A0)
FFCF86A2? 6000FE58             bra     loc_FFCF84FC
FFCF86A6? 61000896             bsr     sub_FFCF8F3E
FFCF86AA? 45E90080             lea     ($80,A1), A2
FFCF86AE? 20AA000A             move.l  ($a,A2), (A0)
FFCF86B2? 7000                 moveq   #$0, D0
FFCF86B4? 6000FE46             bra     loc_FFCF84FC
FFCF86B8? 2018                 move.l  (A0)+, D0
FFCF86BA? 2340047C             move.l  D0, ($47c,A1)
FFCF86BE? 8090                 or.l    (A0), D0
FFCF86C0? 675E                 beq     $ffcf8720
FFCF86C2? 23580480             move.l  (A0)+, ($480,A1)
FFCF86C6? 23580470             move.l  (A0)+, ($470,A1)
FFCF86CA? 2648                 movea.l A0, A3
FFCF86CC? 4293                 clr.l   (A3)
FFCF86CE? 5888                 addq.l  #4, A0
FFCF86D0? 70CE                 moveq   #-$32, D0
FFCF86D2? 3418                 move.w  (A0)+, D2
FFCF86D4? 0C020003             cmpi.b  #$3, D2
FFCF86D8? 6246                 bhi     $ffcf8720
FFCF86DA? 3342046E             move.w  D2, ($46e,A1)
FFCF86DE? 3018                 move.w  (A0)+, D0
FFCF86E0? 13400498             move.b  D0, ($498,A1)
FFCF86E4? 13580499             move.b  (A0)+, ($499,A1)
FFCF86E8? 1358049A             move.b  (A0)+, ($49a,A1)
FFCF86EC? 61000718             bsr     $ffcf8e06
FFCF86F0? 662E                 bne     $ffcf8720
FFCF86F2? 10290498             move.b  ($498,A1), D0
FFCF86F6? 61001878             bsr     $ffcf9f70
FFCF86FA? 6624                 bne     $ffcf8720
FFCF86FC? 70CE                 moveq   #-$32, D0
FFCF86FE? 7403                 moveq   #$3, D2
FFCF8700? B469046E             cmp.w   ($46e,A1), D2
FFCF8704? 651A                 bcs     $ffcf8720
FFCF8706? 660E                 bne     $ffcf8716
FFCF8708? 083100028161FF8C     btst    #$2, ([-$74,A1])
FFCF8710? 6704                 beq     $ffcf8716
FFCF8712? 4269046E             clr.w   ($46e,A1)
FFCF8716? 61001734             bsr     $ffcf9e4c
FFCF871A? 6604                 bne     $ffcf8720
FFCF871C? 61000B68             bsr     $ffcf9286
FFCF8720? 4EFAFDDA             jmp     (loc_FFCF84FC,PC)
FFCF8724? 610006E0             bsr     $ffcf8e06
FFCF8728? 6714                 beq     $ffcf873e
FFCF872A? 0C40FFBF             cmpi.w  #-$41, D0
FFCF872E? 6756                 beq     $ffcf8786
FFCF8730? 0C40FFC8             cmpi.w  #-$38, D0
FFCF8734? 6766                 beq     $ffcf879c
FFCF8736? 0C40FFC0             cmpi.w  #-$40, D0
FFCF873A? 6760                 beq     $ffcf879c
FFCF873C? 6018                 bra     $ffcf8756
FFCF873E? 103C0027             move.b  #$27, D0
FFCF8742? 6100182C             bsr     $ffcf9f70
FFCF8746? 670E                 beq     $ffcf8756
FFCF8748? 610017A0             bsr     $ffcf9eea
FFCF874C? 6608                 bne     $ffcf8756
FFCF874E? 103C0027             move.b  #$27, D0
FFCF8752? 6100181C             bsr     $ffcf9f70
FFCF8756? 610016F4             bsr     $ffcf9e4c
FFCF875A? 30290166             move.w  ($166,A1), D0
FFCF875E? 10310000             move.b  (A1,D0.w), D0
FFCF8762? 61001A04             bsr     sub_FFCFA168
FFCF8766? 7006                 moveq   #$6, D0
FFCF8768? 610019AC             bsr     sub_FFCFA116
FFCF876C? 203C000000C8         move.l  #$c8, D0
FFCF8772? 6100176E             bsr     $ffcf9ee2
FFCF8776? 7007                 moveq   #$7, D0
FFCF8778? 6100199C             bsr     sub_FFCFA116
FFCF877C? 203C000005DC         move.l  #$5dc, D0
FFCF8782? 6100175E             bsr     $ffcf9ee2
FFCF8786? 42311008             clr.b   ($8,A1,D1.w)
FFCF878A? 4231100C             clr.b   ($c,A1,D1.w)
FFCF878E? 4269016A             clr.w   ($16a,A1)
FFCF8792? 610007AA             bsr     sub_FFCF8F3E
FFCF8796? 61001680             bsr     sub_FFCF9E18
FFCF879A? 7000                 moveq   #$0, D0
FFCF879C? 4EFAFD5E             jmp     (loc_FFCF84FC,PC)
FFCF87A0? 236904740478         move.l  ($474,A1), ($478,A1)
FFCF87A6? 42A902D4             clr.l   ($2d4,A1)
FFCF87AA? 08280006002D         btst    #$6, ($2d,A0)
FFCF87B0? 6706                 beq     $ffcf87b8
FFCF87B2? 236902D002D4         move.l  ($2d0,A1), ($2d4,A1)
FFCF87B8? 6100064C             bsr     $ffcf8e06
FFCF87BC? 66000194             bne     $ffcf8952
FFCF87C0? 70BD                 moveq   #-$43, D0
FFCF87C2? 0C310001100C         cmpi.b  #$1, ($c,A1,D1.w)
FFCF87C8? 67000188             beq     $ffcf8952
FFCF87CC? 2029048C             move.l  ($48c,A1), D0
FFCF87D0? 610008DC             bsr     $ffcf90ae
FFCF87D4? 7400                 moveq   #$0, D2
FFCF87D6? 1429049B             move.b  ($49b,A1), D2
FFCF87DA? 26290490             move.l  ($490,A1), D3
FFCF87DE? 6100074E             bsr     $ffcf8f2e
FFCF87E2? 426902C8             clr.w   ($2c8,A1)
FFCF87E6? 7000                 moveq   #$0, D0
FFCF87E8? 10290498             move.b  ($498,A1), D0
FFCF87EC? B069046C             cmp.w   ($46c,A1), D0
FFCF87F0? 6708                 beq     $ffcf87fa
FFCF87F2? 3340046C             move.w  D0, ($46c,A1)
FFCF87F6? 61000720             bsr     $ffcf8f18
FFCF87FA? 08F100062320041C     bset    #$6, ($41c,A1,D2.w*2)
FFCF8802? 4AA902D4             tst.l   ($2d4,A1)
FFCF8806? 6708                 beq     $ffcf8810
FFCF8808? 08B100072320041C     bclr    #$7, ($41c,A1,D2.w*2)
FFCF8810? 083100072320041C     btst    #$7, ($41c,A1,D2.w*2)
FFCF8818? 6610                 bne     $ffcf882a
FFCF881A? B429049D             cmp.b   ($49d,A1), D2
FFCF881E? 6D06                 blt     $ffcf8826
FFCF8820? 522902C9             addq.b  #1, ($2c9,A1)
FFCF8824? 6004                 bra     $ffcf882a
FFCF8826? 522902C8             addq.b  #1, ($2c8,A1)
FFCF882A? 5282                 addq.l  #1, D2
FFCF882C? 5383                 subq.l  #1, D3
FFCF882E? 6F06                 ble     $ffcf8836
FFCF8830? B429049C             cmp.b   ($49c,A1), D2
FFCF8834? 6DC4                 blt     $ffcf87fa
FFCF8836? 137C000104A0         move.b  #$1, ($4a0,A1)
FFCF883C? 083100028161FF8C     btst    #$2, ([-$74,A1])
FFCF8844? 670A                 beq     $ffcf8850
FFCF8846? 701F                 moveq   #$1f, D0
FFCF8848? C0290487             and.b   ($487,A1), D0
FFCF884C? 134004A0             move.b  D0, ($4a0,A1)
FFCF8850? 610003BA             bsr     $ffcf8c0c
FFCF8854? 337C000104A2         move.w  #$1, ($4a2,A1)
FFCF885A? 4A6902C8             tst.w   ($2c8,A1)
FFCF885E? 672E                 beq     $ffcf888e
FFCF8860? 10290498             move.b  ($498,A1), D0
FFCF8864? 6100170A             bsr     $ffcf9f70
FFCF8868? 337C000204A4         move.w  #$2, ($4a4,A1)
FFCF886E? 610015DC             bsr     $ffcf9e4c
FFCF8872? 660000D0             bne     $ffcf8944
FFCF8876? 42290499             clr.b   ($499,A1)
FFCF887A? 61000C62             bsr     $ffcf94de
FFCF887E? 660000B8             bne     $ffcf8938
FFCF8882? 52290499             addq.b  #1, ($499,A1)
FFCF8886? 61000C56             bsr     $ffcf94de
FFCF888A? 660000AC             bne     $ffcf8938
FFCF888E? 7600                 moveq   #$0, D3
FFCF8890? 083100063320041C     btst    #$6, ($41c,A1,D3.w*2)
FFCF8898? 660C                 bne     $ffcf88a6
FFCF889A? 5203                 addq.b  #1, D3
FFCF889C? B629049C             cmp.b   ($49c,A1), D3
FFCF88A0? 6DEE                 blt     $ffcf8890
FFCF88A2? 6000FF28             bra     $ffcf87cc
FFCF88A6? 47F802FC             lea     $2fc.w, A3                        ; BufTgFNum
FFCF88AA? 20690494             movea.l ($494,A1), A0
FFCF88AE? 242902D4             move.l  ($2d4,A1), D2
FFCF88B2? 6702                 beq     $ffcf88b6
FFCF88B4? 2042                 movea.l D2, A0
FFCF88B6? 2003                 move.l  D3, D0
FFCF88B8? 61000EE8             bsr     $ffcf97a2
FFCF88BC? 670A                 beq     $ffcf88c8
FFCF88BE? 08B100073320041C     bclr    #$7, ($41c,A1,D3.w*2)
FFCF88C6? 6070                 bra     $ffcf8938
FFCF88C8? 20290478             move.l  ($478,A1), D0
FFCF88CC? 670C                 beq     $ffcf88da
FFCF88CE? 2040                 movea.l D0, A0
FFCF88D0? 47F802FC             lea     $2fc.w, A3                        ; BufTgFNum
FFCF88D4? 20DB                 move.l  (A3)+, (A0)+
FFCF88D6? 20DB                 move.l  (A3)+, (A0)+
FFCF88D8? 20DB                 move.l  (A3)+, (A0)+
FFCF88DA? 4A82                 tst.l   D2
FFCF88DC? 671A                 beq     $ffcf88f8
FFCF88DE? 2042                 movea.l D2, A0
FFCF88E0? 26690494             movea.l ($494,A1), A3
FFCF88E4? 747F                 moveq   #$7f, D2
FFCF88E6? 2018                 move.l  (A0)+, D0
FFCF88E8? B09B                 cmp.l   (A3)+, D0
FFCF88EA? 56CAFFFA             dbne    D2, $ffcf88e6
FFCF88EE? 6708                 beq     $ffcf88f8
FFCF88F0? 61000626             bsr     $ffcf8f18
FFCF88F4? 70BC                 moveq   #-$44, D0
FFCF88F6? 605A                 bra     $ffcf8952
FFCF88F8? 08B100063320041C     bclr    #$6, ($41c,A1,D3.w*2)
FFCF8900? 7000                 moveq   #$0, D0
FFCF8902? 4AA90478             tst.l   ($478,A1)
FFCF8906? 6706                 beq     $ffcf890e
FFCF8908? 740C                 moveq   #$c, D2
FFCF890A? D5A90478             add.l   D2, ($478,A1)
FFCF890E? 06A9000002000494     addi.l  #$200, ($494,A1)
FFCF8916? 52A9048C             addq.l  #1, ($48c,A1)
FFCF891A? 53A90490             subq.l  #1, ($490,A1)
FFCF891E? 6600FF70             bne     $ffcf8890
FFCF8922? 26690160             movea.l ($160,A1), A3
FFCF8926? 206B0008             movea.l ($8,A3), A0
FFCF892A? 22280024             move.l  ($24,A0), D1
FFCF892E? 21410028             move.l  D1, ($28,A0)
FFCF8932? D3AB0010             add.l   D1, ($10,A3)
FFCF8936? 601A                 bra     $ffcf8952
FFCF8938? 52711218             addq.w  #1, ($18,A1,D1.w*2)
FFCF893C? 536904A4             subq.w  #1, ($4a4,A1)
FFCF8940? 6C00FF34             bge     $ffcf8876
FFCF8944? 536904A2             subq.w  #1, ($4a2,A1)
FFCF8948? 6D08                 blt     $ffcf8952
FFCF894A? 6100159E             bsr     $ffcf9eea
FFCF894E? 6700FF0A             beq     $ffcf885a
FFCF8952? 6000FBA8             bra     loc_FFCF84FC
FFCF8956? 236904740478         move.l  ($474,A1), ($478,A1)
FFCF895C? 610004A8             bsr     $ffcf8e06
FFCF8960? 66000162             bne     $ffcf8ac4
FFCF8964? 70D4                 moveq   #-$2c, D0
FFCF8966? 26711420             movea.l ($20,A1,D1.w*4), A3
FFCF896A? 4A13                 tst.b   (A3)
FFCF896C? 6B000156             bmi     $ffcf8ac4
FFCF8970? 70BD                 moveq   #-$43, D0
FFCF8972? 0C310001100C         cmpi.b  #$1, ($c,A1,D1.w)
FFCF8978? 6700014A             beq     $ffcf8ac4
FFCF897C? 2029048C             move.l  ($48c,A1), D0
FFCF8980? 6100072C             bsr     $ffcf90ae
FFCF8984? 7400                 moveq   #$0, D2
FFCF8986? 1429049B             move.b  ($49b,A1), D2
FFCF898A? 610005A2             bsr     $ffcf8f2e
FFCF898E? 426902C8             clr.w   ($2c8,A1)
FFCF8992? 7000                 moveq   #$0, D0
FFCF8994? 10290498             move.b  ($498,A1), D0
FFCF8998? B069046C             cmp.w   ($46c,A1), D0
FFCF899C? 6708                 beq     $ffcf89a6
FFCF899E? 3340046C             move.w  D0, ($46c,A1)
FFCF89A2? 61000574             bsr     $ffcf8f18
FFCF89A6? 08F100062320041C     bset    #$6, ($41c,A1,D2.w*2)
FFCF89AE? 08B100072320041C     bclr    #$7, ($41c,A1,D2.w*2)
FFCF89B6? 20290478             move.l  ($478,A1), D0
FFCF89BA? 670C                 beq     $ffcf89c8
FFCF89BC? 2040                 movea.l D0, A0
FFCF89BE? 47F802FC             lea     $2fc.w, A3                        ; BufTgFNum
FFCF89C2? 26D8                 move.l  (A0)+, (A3)+
FFCF89C4? 26D8                 move.l  (A0)+, (A3)+
FFCF89C6? 26D8                 move.l  (A0)+, (A3)+
FFCF89C8? 47F802FC             lea     $2fc.w, A3                        ; BufTgFNum
FFCF89CC? 20690494             movea.l ($494,A1), A0
FFCF89D0? 7000                 moveq   #$0, D0
FFCF89D2? 10312320041D         move.b  ($41d,A1,D2.w*2), D0
FFCF89D8? 23710520037C02D8     move.l  ($37c,A1,D0.w*4), ($2d8,A1)
FFCF89E0? 1602                 move.b  D2, D3
FFCF89E2? B629049D             cmp.b   ($49d,A1), D3
FFCF89E6? 6D0A                 blt     $ffcf89f2
FFCF89E8? 522902C9             addq.b  #1, ($2c9,A1)
FFCF89EC? 9629049D             sub.b   ($49d,A1), D3
FFCF89F0? 6004                 bra     $ffcf89f6
FFCF89F2? 522902C8             addq.b  #1, ($2c8,A1)
FFCF89F6? 1343049A             move.b  D3, ($49a,A1)
FFCF89FA? 61000EE0             bsr     $ffcf98dc
FFCF89FE? 4AA90478             tst.l   ($478,A1)
FFCF8A02? 6706                 beq     $ffcf8a0a
FFCF8A04? 700C                 moveq   #$c, D0
FFCF8A06? D1A90478             add.l   D0, ($478,A1)
FFCF8A0A? 06A9000002000494     addi.l  #$200, ($494,A1)
FFCF8A12? 52A9048C             addq.l  #1, ($48c,A1)
FFCF8A16? 5282                 addq.l  #1, D2
FFCF8A18? 53A90490             subq.l  #1, ($490,A1)
FFCF8A1C? 6F06                 ble     $ffcf8a24
FFCF8A1E? B429049C             cmp.b   ($49c,A1), D2
FFCF8A22? 6D82                 blt     $ffcf89a6
FFCF8A24? 137C000104A0         move.b  #$1, ($4a0,A1)
FFCF8A2A? 083100028161FF8C     btst    #$2, ([-$74,A1])
FFCF8A32? 670A                 beq     $ffcf8a3e
FFCF8A34? 701F                 moveq   #$1f, D0
FFCF8A36? C0290487             and.b   ($487,A1), D0
FFCF8A3A? 134004A0             move.b  D0, ($4a0,A1)
FFCF8A3E? 610001CC             bsr     $ffcf8c0c
FFCF8A42? 337C000104A2         move.w  #$1, ($4a2,A1)
FFCF8A48? 61001482             bsr     $ffcf9ecc
FFCF8A4C? 10290498             move.b  ($498,A1), D0
FFCF8A50? 6100151E             bsr     $ffcf9f70
FFCF8A54? 337C000204A4         move.w  #$2, ($4a4,A1)
FFCF8A5A? 610013F0             bsr     $ffcf9e4c
FFCF8A5E? 6658                 bne     $ffcf8ab8
FFCF8A60? 42290499             clr.b   ($499,A1)
FFCF8A64? 102902C8             move.b  ($2c8,A1), D0
FFCF8A68? 670E                 beq     $ffcf8a78
FFCF8A6A? 0C000001             cmpi.b  #$1, D0
FFCF8A6E? 6E02                 bgt     $ffcf8a72
FFCF8A70? 50C0                 st      D0
FFCF8A72? 61000BE4             bsr     $ffcf9658
FFCF8A76? 6636                 bne     $ffcf8aae
FFCF8A78? 102902C9             move.b  ($2c9,A1), D0
FFCF8A7C? 6712                 beq     $ffcf8a90
FFCF8A7E? 0C000001             cmpi.b  #$1, D0
FFCF8A82? 6E02                 bgt     $ffcf8a86
FFCF8A84? 50C0                 st      D0
FFCF8A86? 52290499             addq.b  #1, ($499,A1)
FFCF8A8A? 61000BCC             bsr     $ffcf9658
FFCF8A8E? 661E                 bne     $ffcf8aae
FFCF8A90? 4AA90490             tst.l   ($490,A1)
FFCF8A94? 6600FEE6             bne     $ffcf897c
FFCF8A98? 26690160             movea.l ($160,A1), A3
FFCF8A9C? 206B0008             movea.l ($8,A3), A0
FFCF8AA0? 22280024             move.l  ($24,A0), D1
FFCF8AA4? 21410028             move.l  D1, ($28,A0)
FFCF8AA8? D3AB0010             add.l   D1, ($10,A3)
FFCF8AAC? 6016                 bra     $ffcf8ac4
FFCF8AAE? 52711218             addq.w  #1, ($18,A1,D1.w*2)
FFCF8AB2? 536904A4             subq.w  #1, ($4a4,A1)
FFCF8AB6? 66A8                 bne     $ffcf8a60
FFCF8AB8? 536904A2             subq.w  #1, ($4a2,A1)
FFCF8ABC? 6D06                 blt     $ffcf8ac4
FFCF8ABE? 6100142A             bsr     $ffcf9eea
FFCF8AC2? 6784                 beq     $ffcf8a48
FFCF8AC4? 6000FA36             bra     loc_FFCF84FC
FFCF8AC8? 7600                 moveq   #$0, D3
FFCF8ACA? 42A90480             clr.l   ($480,A1)
FFCF8ACE? 42A9047C             clr.l   ($47c,A1)
FFCF8AD2? 422904A7             clr.b   ($4a7,A1)
FFCF8AD6? 422902C8             clr.b   ($2c8,A1)
FFCF8ADA? 6018                 bra     $ffcf8af4
FFCF8ADC? 236800020480         move.l  ($2,A0), ($480,A1)
FFCF8AE2? 23680006047C         move.l  ($6,A0), ($47c,A1)
FFCF8AE8? 1368000A04A7         move.b  ($a,A0), ($4a7,A1)
FFCF8AEE? 1368000B02C8         move.b  ($b,A0), ($2c8,A1)
FFCF8AF4? 422904A0             clr.b   ($4a0,A1)
FFCF8AF8? 3610                 move.w  (A0), D3
FFCF8AFA? 6100030A             bsr     $ffcf8e06
FFCF8AFE? 660000DA             bne     $ffcf8bda
FFCF8B02? 0C430008             cmpi.w  #$8, D3
FFCF8B06? 620000D6             bhi     $ffcf8bde
FFCF8B0A? 61000432             bsr     sub_FFCF8F3E
FFCF8B0E? 7001                 moveq   #$1, D0
FFCF8B10? 4A43                 tst.w   D3
FFCF8B12? 6704                 beq     $ffcf8b18
FFCF8B14? 3003                 move.w  D3, D0
FFCF8B16? 7601                 moveq   #$1, D3
FFCF8B18? 41E90080             lea     ($80,A1), A0
FFCF8B1C? 14303008             move.b  ($8,A0,D3.w), D2
FFCF8B20? 7800                 moveq   #$0, D4
FFCF8B22? 7600                 moveq   #$0, D3
FFCF8B24? 183B312000E0         move.b  ($e0,PC,D3.w), D4
FFCF8B2A? 6B0000B2             bmi     $ffcf8bde
FFCF8B2E? 5243                 addq.w  #1, D3
FFCF8B30? E21A                 ror.b   #1, D2
FFCF8B32? 64F0                 bcc     $ffcf8b24
FFCF8B34? 5340                 subq.w  #1, D0
FFCF8B36? 66EC                 bne     $ffcf8b24
FFCF8B38? 3004                 move.w  D4, D0
FFCF8B3A? 20711420             movea.l ($20,A1,D1.w*4), A0
FFCF8B3E? 4A10                 tst.b   (A0)
FFCF8B40? 6A06                 bpl     $ffcf8b48
FFCF8B42? 70D4                 moveq   #-$2c, D0
FFCF8B44? 60000094             bra     $ffcf8bda
FFCF8B48? 1380100C             move.b  D0, ($c,A1,D1.w)
FFCF8B4C? 137B012000A004A6     move.b  ($a0,PC,D0.w), ($4a6,A1)
FFCF8B54? 142904A7             move.b  ($4a7,A1), D2
FFCF8B58? 6606                 bne     $ffcf8b60
FFCF8B5A? 143B0120009E         move.b  ($9e,PC,D0.w), D2
FFCF8B60? 134204A7             move.b  D2, ($4a7,A1)
FFCF8B64? 142904A0             move.b  ($4a0,A1), D2
FFCF8B68? 6614                 bne     $ffcf8b7e
FFCF8B6A? 143B01200076         move.b  ($76,PC,D0.w), D2
FFCF8B70? 6A0C                 bpl     $ffcf8b7e
FFCF8B72? 142904A7             move.b  ($4a7,A1), D2
FFCF8B76? 0202001F             andi.b  #$1f, D2
FFCF8B7A? 6602                 bne     $ffcf8b7e
FFCF8B7C? 5202                 addq.b  #1, D2
FFCF8B7E? 134204A0             move.b  D2, ($4a0,A1)
FFCF8B82? 61001366             bsr     $ffcf9eea
FFCF8B86? 6652                 bne     $ffcf8bda
FFCF8B88? 42A9048C             clr.l   ($48c,A1)
FFCF8B8C? 6100133E             bsr     $ffcf9ecc
FFCF8B90? 6032                 bra     $ffcf8bc4
FFCF8B92? 10290498             move.b  ($498,A1), D0
FFCF8B96? 610013D8             bsr     $ffcf9f70
FFCF8B9A? 663E                 bne     $ffcf8bda
FFCF8B9C? 7000                 moveq   #$0, D0
FFCF8B9E? 1029049C             move.b  ($49c,A1), D0
FFCF8BA2? D1A9048C             add.l   D0, ($48c,A1)
FFCF8BA6? 6164                 bsr     $ffcf8c0c
FFCF8BA8? 610012A2             bsr     $ffcf9e4c
FFCF8BAC? 6702                 beq     $ffcf8bb0
FFCF8BAE? 602A                 bra     $ffcf8bda
FFCF8BB0? 61000E36             bsr     $ffcf99e8
FFCF8BB4? 6624                 bne     $ffcf8bda
FFCF8BB6? 52290499             addq.b  #1, ($499,A1)
FFCF8BBA? 1029049D             move.b  ($49d,A1), D0
FFCF8BBE? 9129049C             sub.b   D0, ($49c,A1)
FFCF8BC2? 66EC                 bne     $ffcf8bb0
FFCF8BC4? 2029048C             move.l  ($48c,A1), D0
FFCF8BC8? 610004E4             bsr     $ffcf90ae
FFCF8BCC? 67C4                 beq     $ffcf8b92
FFCF8BCE? 4A2902C8             tst.b   ($2c8,A1)
FFCF8BD2? 6674                 bne     $ffcf8c48
FFCF8BD4? 610002F2             bsr     $ffcf8ec8
FFCF8BD8? 7000                 moveq   #$0, D0
FFCF8BDA? 6000F920             bra     loc_FFCF84FC
FFCF8BDEd 70CE60F8010101FF     dc.b    $70,$CE,$60,$F8,$01,$01,$01,$FF,$FF,$01 ; |p.`.......|
FFCF8BE8? 0101                 btst    D0, D1
FFCF8BEA? 0101                 btst    D0, D1
FFCF8BEC? 0100                 btst    D0, D0
FFCF8BEE? 00000008             ori.b   #$8, D0
FFCF8BF2? 08506565             bchg    #$65, (A0)
FFCF8BF6? 00000000             ori.b   #$0, D0
FFCF8BFA? 00000002             ori.b   #$2, D0
FFCF8BFE? 2202                 move.l  D2, D1
FFCF8C00? 02020000             andi.b  #$0, D2
FFCF8C04? 00000203             ori.b   #$3, D0
FFCF8C08? 040506FF             subi.b  #-$1, D5
FFCF8C0C? 7000                 moveq   #$0, D0
FFCF8C0E? 1029049D             move.b  ($49d,A1), D0
FFCF8C12? 5340                 subq.w  #1, D0
FFCF8C14? 50F1012004A8         st      ($4a8,A1,D0.w)
FFCF8C1A? 51C8FFF8             dbra    D0, $ffcf8c14
FFCF8C1E? 7400                 moveq   #$0, D2
FFCF8C20? 5240                 addq.w  #1, D0
FFCF8C22? B029049D             cmp.b   ($49d,A1), D0
FFCF8C26? 6D04                 blt     $ffcf8c2c
FFCF8C28? 9029049D             sub.b   ($49d,A1), D0
FFCF8C2C? 4A71012004A8         tst.w   ($4a8,A1,D0.w)
FFCF8C32? 6AEC                 bpl     $ffcf8c20
FFCF8C34? 1382012004A8         move.b  D2, ($4a8,A1,D0.w)
FFCF8C3A? D02904A0             add.b   ($4a0,A1), D0
FFCF8C3E? 5202                 addq.b  #1, D2
FFCF8C40? B429049D             cmp.b   ($49d,A1), D2
FFCF8C44? 6DDC                 blt     $ffcf8c22
FFCF8C46? 4E75                 rts
FFCF8C48? 610001BC             bsr     $ffcf8e06
FFCF8C4C? 660000F2             bne     $ffcf8d40
FFCF8C50? 610002EC             bsr     sub_FFCF8F3E
FFCF8C54? 610011F6             bsr     $ffcf9e4c
FFCF8C58? 660000E6             bne     $ffcf8d40
FFCF8C5C? 610002BA             bsr     $ffcf8f18
FFCF8C60? 7000                 moveq   #$0, D0
FFCF8C62? 3029008E             move.w  ($8e,A1), D0
FFCF8C66? 2340048C             move.l  D0, ($48c,A1)
FFCF8C6A? 7001                 moveq   #$1, D0
FFCF8C6C? 600000C8             bra     $ffcf8d36
FFCF8C70? 2029048C             move.l  ($48c,A1), D0
FFCF8C74? 61000438             bsr     $ffcf90ae
FFCF8C78? 660000C6             bne     $ffcf8d40
FFCF8C7C? 426902C8             clr.w   ($2c8,A1)
FFCF8C80? 7000                 moveq   #$0, D0
FFCF8C82? 1029049C             move.b  ($49c,A1), D0
FFCF8C86? 6020                 bra     $ffcf8ca8
FFCF8C88? 08F100060320041C     bset    #$6, ($41c,A1,D0.w*2)
FFCF8C90? 08B100070320041C     bclr    #$7, ($41c,A1,D0.w*2)
FFCF8C98? B029049D             cmp.b   ($49d,A1), D0
FFCF8C9C? 6D06                 blt     $ffcf8ca4
FFCF8C9E? 522902C9             addq.b  #1, ($2c9,A1)
FFCF8CA2? 6004                 bra     $ffcf8ca8
FFCF8CA4? 522902C8             addq.b  #1, ($2c8,A1)
FFCF8CA8? 51C8FFDE             dbra    D0, $ffcf8c88
FFCF8CAC? 137C000104A0         move.b  #$1, ($4a0,A1)
FFCF8CB2? 083100028161FF8C     btst    #$2, ([-$74,A1])
FFCF8CBA? 670A                 beq     $ffcf8cc6
FFCF8CBC? 701F                 moveq   #$1f, D0
FFCF8CBE? C0290487             and.b   ($487,A1), D0
FFCF8CC2? 134004A0             move.b  D0, ($4a0,A1)
FFCF8CC6? 6100FF44             bsr     $ffcf8c0c
FFCF8CCA? 10290498             move.b  ($498,A1), D0
FFCF8CCE? 610012A0             bsr     $ffcf9f70
FFCF8CD2? 666C                 bne     $ffcf8d40
FFCF8CD4? 337C000204A4         move.w  #$2, ($4a4,A1)
FFCF8CDA? 61001170             bsr     $ffcf9e4c
FFCF8CDE? 6660                 bne     $ffcf8d40
FFCF8CE0? 42290499             clr.b   ($499,A1)
FFCF8CE4? 610007F8             bsr     $ffcf94de
FFCF8CE8? 6600003A             bne     $ffcf8d24
FFCF8CEC? 52290499             addq.b  #1, ($499,A1)
FFCF8CF0? 610007EC             bsr     $ffcf94de
FFCF8CF4? 662E                 bne     $ffcf8d24
FFCF8CF6? 083100028161FF8C     btst    #$2, ([-$74,A1])
FFCF8CFE? 6730                 beq     $ffcf8d30
FFCF8D00? 7400                 moveq   #$0, D2
FFCF8D02? 1429049C             move.b  ($49c,A1), D2
FFCF8D06? 5342                 subq.w  #1, D2
FFCF8D08? 47F802FC             lea     $2fc.w, A3                        ; BufTgFNum
FFCF8D0C? 206902D0             movea.l ($2d0,A1), A0
FFCF8D10? 2002                 move.l  D2, D0
FFCF8D12? 61000A8E             bsr     $ffcf97a2
FFCF8D16? 56CAFFF0             dbne    D2, $ffcf8d08
FFCF8D1A? 6714                 beq     $ffcf8d30
FFCF8D1C? 08B100072320041C     bclr    #$7, ($41c,A1,D2.w*2)
FFCF8D24? 52711218             addq.w  #1, ($18,A1,D1.w*2)
FFCF8D28? 536904A4             subq.w  #1, ($4a4,A1)
FFCF8D2C? 6CB2                 bge     $ffcf8ce0
FFCF8D2E? 6010                 bra     $ffcf8d40
FFCF8D30? 7000                 moveq   #$0, D0
FFCF8D32? 1029049C             move.b  ($49c,A1), D0
FFCF8D36? 91A9048C             sub.l   D0, ($48c,A1)
FFCF8D3A? 6C00FF34             bge     $ffcf8c70
FFCF8D3E? 7000                 moveq   #$0, D0
FFCF8D40? 6000F7BA             bra     loc_FFCF84FC

sub_FFCF8D44:
FFCF8D44* 41E901E4             lea     ($1e4,A1), A0
FFCF8D48* 203C000001F4         move.l  #$1f4, D0
FFCF8D4E* 610014E8             bsr     sub_FFCFA238
FFCF8D52* 6100151A             bsr     sub_FFCFA26E
FFCF8D56* 40E7                 move    SR, -(A7)
FFCF8D58* 007C0700             ori     #$700, SR
FFCF8D5C* 4A290164             tst.b   ($164,A1)
FFCF8D60* 6654                 bne     loc_FFCF8DB6
FFCF8D62* 102904BA             move.b  ($4ba,A1), D0
FFCF8D66* 670A                 beq     loc_FFCF8D72
FFCF8D68  532904BA             subq.b  #1, ($4ba,A1)
FFCF8D6C  6648                 bne     loc_FFCF8DB6
FFCF8D6E  610010A8             bsr     sub_FFCF9E18
loc_FFCF8D72:
FFCF8D72* 7200                 moveq   #$0, D1
loc_FFCF8D74:
FFCF8D74* 10311004             move.b  ($4,A1,D1.w), D0
FFCF8D78* 6732                 beq     loc_FFCF8DAC
FFCF8D7A* 4A311008             tst.b   ($8,A1,D1.w)
FFCF8D7E* 6702                 beq     loc_FFCF8D82
FFCF8D80  6038                 bra     loc_FFCF8DBA
loc_FFCF8D82:
FFCF8D82* 0C000007             cmpi.b  #$7, D0
FFCF8D86* 6724                 beq     loc_FFCF8DAC
FFCF8D88* 10311000             move.b  (A1,D1.w), D0
FFCF8D8C* 610013DA             bsr     sub_FFCFA168
FFCF8D90* 7020                 moveq   #$20, D0
FFCF8D92* 6100133A             bsr     sub_FFCFA0CE
FFCF8D96* 6614                 bne     loc_FFCF8DAC
FFCF8D98  7024                 moveq   #$24, D0
FFCF8D9A  6100137A             bsr     sub_FFCFA116
FFCF8D9E  610002DA             bsr     sub_FFCF907A
FFCF8DA2  7000                 moveq   #$0, D0
FFCF8DA4  613C                 bsr     sub_FFCF8DE2
FFCF8DA6  6704                 beq     loc_FFCF8DAC
FFCF8DA8  42311008             clr.b   ($8,A1,D1.w)
loc_FFCF8DAC:
FFCF8DAC* 5241                 addq.w  #1, D1
FFCF8DAE* 0C410004             cmpi.w  #$4, D1
FFCF8DB2* 6DC0                 blt     loc_FFCF8D74
FFCF8DB4* 613A                 bsr     sub_FFCF8DF0
loc_FFCF8DB6:
FFCF8DB6* 46DF                 move    (A7)+, SR
FFCF8DB8* 608A                 bra     sub_FFCF8D44
loc_FFCF8DBA:
FFCF8DBA  0C000007             cmpi.b  #$7, D0
FFCF8DBE  67EC                 beq     loc_FFCF8DAC
FFCF8DC0  0C000002             cmpi.b  #$2, D0
FFCF8DC4  67E6                 beq     loc_FFCF8DAC
FFCF8DC6  10311000             move.b  (A1,D1.w), D0
FFCF8DCA  6100139C             bsr     sub_FFCFA168
FFCF8DCE  7003                 moveq   #$3, D0
FFCF8DD0  610012FC             bsr     sub_FFCFA0CE
FFCF8DD4  67D6                 beq     loc_FFCF8DAC
FFCF8DD6  7024                 moveq   #$24, D0
FFCF8DD8  6100133C             bsr     sub_FFCFA116
FFCF8DDC  70FF                 moveq   #-$1, D0
FFCF8DDE  6102                 bsr     sub_FFCF8DE2
FFCF8DE0  60CA                 bra     loc_FFCF8DAC

sub_FFCF8DE2:
FFCF8DE2  307C0007             movea.w #$7, A0
FFCF8DE6  4240                 clr.w   D0
FFCF8DE8  1001                 move.b  D1, D0
FFCF8DEA  A02F                 _PostEvent                                ; A-line trap A02F
FFCF8DEC  61000150             bsr     sub_FFCF8F3E

sub_FFCF8DF0:
FFCF8DF0* 13BC00188161FF90     move.b  #$18, ([-$70,A1])
FFCF8DF8* 4E71                 nop
FFCF8DFA* 13BC00068161FF90     move.b  #$6, ([-$70,A1])
FFCF8E02* 4A40                 tst.w   D0
FFCF8E04* 4E75                 rts
FFCF8E06? 303CFFC8             move.w  #$ffc8, D0
FFCF8E0A? 32290166             move.w  ($166,A1), D1
FFCF8E0E? 6714                 beq     $ffcf8e24
FFCF8E10? 0C410002             cmpi.w  #$2, D1
FFCF8E14? 6E0E                 bgt     $ffcf8e24
FFCF8E16? B2690168             cmp.w   ($168,A1), D1
FFCF8E1A? 6612                 bne     $ffcf8e2e
FFCF8E1C? 137C000504BA         move.b  #$5, ($4ba,A1)
FFCF8E22? 7000                 moveq   #$0, D0
FFCF8E24? 3F00                 move.w  D0, -(A7)
FFCF8E26? 610000FE             bsr     $ffcf8f26
FFCF8E2A? 301F                 move.w  (A7)+, D0
FFCF8E2C? 4E75                 rts
FFCF8E2E? 303CFFC0             move.w  #$ffc0, D0
FFCF8E32? 14311004             move.b  ($4,A1,D1.w), D2
FFCF8E36? 67EC                 beq     $ffcf8e24
FFCF8E38? 61000FDE             bsr     sub_FFCF9E18
FFCF8E3C? 61000F74             bsr     $ffcf9db2
FFCF8E40? 66E2                 bne     $ffcf8e24
FFCF8E42? B269016A             cmp.w   ($16a,A1), D1
FFCF8E46? 67DA                 beq     $ffcf8e22
FFCF8E48? 3341016A             move.w  D1, ($16a,A1)
FFCF8E4C? 1031100C             move.b  ($c,A1,D1.w), D0
FFCF8E50? 6706                 beq     $ffcf8e58
FFCF8E52? 61001250             bsr     sub_FFCFA0A4
FFCF8E56? 6068                 bra     $ffcf8ec0
FFCF8E58? 235F0284             move.l  (A7)+, ($284,A1)
FFCF8E5C? 6100021C             bsr     sub_FFCF907A
FFCF8E60? 41E90238             lea     ($238,A1), A0
FFCF8E64? 61001408             bsr     sub_FFCFA26E
FFCF8E68? 203C000001F4         move.l  #$1f4, D0
FFCF8E6E? 610013C8             bsr     sub_FFCFA238
FFCF8E72? 7600                 moveq   #$0, D3
FFCF8E74? 103B312013B2         move.b  ($13b2,PC,D3.w), D0
FFCF8E7A? 5243                 addq.w  #1, D3
FFCF8E7C? 1380100C             move.b  D0, ($c,A1,D1.w)
FFCF8E80? 0A000001             eori.b  #$1, D0
FFCF8E84? 6734                 beq     $ffcf8eba
FFCF8E86? 61001062             bsr     $ffcf9eea
FFCF8E8A? 662A                 bne     $ffcf8eb6
FFCF8E8C? 42290499             clr.b   ($499,A1)
FFCF8E90? 50E9049D             st      ($49d,A1)
FFCF8E94? 610002FA             bsr     $ffcf9190
FFCF8E98? 6706                 beq     $ffcf8ea0
FFCF8E9A? 0C40FFB0             cmpi.w  #-$50, D0
FFCF8E9E? 66D4                 bne     $ffcf8e74
FFCF8EA0? 103B3120138B         move.b  ($138b,PC,D3.w), D0
FFCF8EA6? 14290487             move.b  ($487,A1), D2
FFCF8EAA? B500                 eor.b   D2, D0
FFCF8EAC? C03B31201384         and.b   ($1384,PC,D3.w), D0
FFCF8EB2? 6706                 beq     $ffcf8eba
FFCF8EB4? 60BE                 bra     $ffcf8e74
FFCF8EB6? 4231100C             clr.b   ($c,A1,D1.w)
FFCF8EBA? 4880                 ext.w   D0
FFCF8EBC? 2F290284             move.l  ($284,A1), -(A7)
FFCF8EC0? 3F00                 move.w  D0, -(A7)
FFCF8EC2? 6104                 bsr     $ffcf8ec8
FFCF8EC4? 301F                 move.w  (A7)+, D0
FFCF8EC6? 4E75                 rts
FFCF8EC8? 243C000002D4         move.l  #$2d4, D2
FFCF8ECE? 1031100C             move.b  ($c,A1,D1.w), D0
FFCF8ED2? 5700                 subq.b  #3, D0
FFCF8ED4? 670A                 beq     $ffcf8ee0
FFCF8ED6? 5300                 subq.b  #1, D0
FFCF8ED8? 6706                 beq     $ffcf8ee0
FFCF8EDA? 243C0000022C         move.l  #$22c, D2
FFCF8EE0? 202902B4             move.l  ($2b4,A1), D0
FFCF8EE4? 206902B8             movea.l ($2b8,A1), A0
FFCF8EE8? 7600                 moveq   #$0, D3
FFCF8EEA? 6004                 bra     $ffcf8ef0
FFCF8EEC? D082                 add.l   D2, D0
FFCF8EEE? D1C2                 adda.l  D2, A0
FFCF8EF0? 2380352002DC         move.l  D0, ($2dc,A1,D3.w*4)
FFCF8EF6? 23883520037C         move.l  A0, ($37c,A1,D3.w*4)
FFCF8EFC? 33833320041C         move.w  D3, ($41c,A1,D3.w*2)
FFCF8F02? 5243                 addq.w  #1, D3
FFCF8F04? 0C430028             cmpi.w  #$28, D3
FFCF8F08? 6DE2                 blt     $ffcf8eec
FFCF8F0A? D082                 add.l   D2, D0
FFCF8F0C? D0C2                 adda.w  D2, A0
FFCF8F0E? 234002CC             move.l  D0, ($2cc,A1)
FFCF8F12? 234802D0             move.l  A0, ($2d0,A1)
FFCF8F16? 4E75                 rts
FFCF8F18? 7027                 moveq   #$27, D0
FFCF8F1A? 42310320041C         clr.b   ($41c,A1,D0.w*2)
FFCF8F20? 51C8FFF8             dbra    D0, $ffcf8f1a
FFCF8F24? 4E75                 rts
FFCF8F26? 4A290165             tst.b   ($165,A1)
FFCF8F2A? 67EC                 beq     $ffcf8f18
FFCF8F2C? 4E75                 rts
FFCF8F2E? 7027                 moveq   #$27, D0
FFCF8F30? 08B100060320041C     bclr    #$6, ($41c,A1,D0.w*2)
FFCF8F38? 51C8FFF6             dbra    D0, $ffcf8f30
FFCF8F3C? 4E75                 rts

sub_FFCF8F3E:
FFCF8F3E  48E700A0             movem.l A0/A2, -(A7)
FFCF8F42  7000                 moveq   #$0, D0
FFCF8F44  45E90080             lea     ($80,A1), A2
FFCF8F48  357112180006         move.w  ($18,A1,D1.w*2), ($6,A2)
FFCF8F4E  10311000             move.b  (A1,D1.w), D0
FFCF8F52  157B0120011C000C     move.b  ($11c,PC,D0.w), ($c,A2)
FFCF8F5A  41FA0062             lea     ($ffcf8fbe,PC), A0
FFCF8F5E  6158                 bsr     sub_FFCF8FB8
FFCF8F60  10311004             move.b  ($4,A1,D1.w), D0
FFCF8F64  41FA0058             lea     ($ffcf8fbe,PC), A0
FFCF8F68  D0FB032000DA         adda.w  ($da,PC,D0.w*2), A0
FFCF8F6E  6148                 bsr     sub_FFCF8FB8
FFCF8F70  10311008             move.b  ($8,A1,D1.w), D0
FFCF8F74  41FA0048             lea     ($ffcf8fbe,PC), A0
FFCF8F78  D0FB032000DC         adda.w  ($dc,PC,D0.w*2), A0
FFCF8F7E  6138                 bsr     sub_FFCF8FB8
FFCF8F80  1031100C             move.b  ($c,A1,D1.w), D0
FFCF8F84  41FA0038             lea     ($ffcf8fbe,PC), A0
FFCF8F88  D0FB032000D6         adda.w  ($d6,PC,D0.w*2), A0
FFCF8F8E  6128                 bsr     sub_FFCF8FB8
FFCF8F90  20711420             movea.l ($20,A1,D1.w*4), A0
FFCF8F94  1490                 move.b  (A0), (A2)
FFCF8F96  116A00010001         move.b  ($1,A2), ($1,A0)
FFCF8F9C  116A00020002         move.b  ($2,A2), ($2,A0)
FFCF8FA2  116A00030003         move.b  ($3,A2), ($3,A0)
FFCF8FA8  316A00040010         move.w  ($4,A2), ($10,A0)
FFCF8FAE  4CDF0500             movem.l (A7)+, A0/A2
FFCF8FB2  4E75                 rts
loc_FFCF8FB4:
FFCF8FB4  15980000             move.b  (A0)+, (A2,D0.w)

sub_FFCF8FB8:
FFCF8FB8  1018                 move.b  (A0)+, D0
FFCF8FBA  66F8                 bne     loc_FFCF8FB4
FFCF8FBC  4E75                 rts
FFCF8FBEd 0101020104FF0A00     dc.b    $01,$01,$02,$01,$04,$FF,$0A,$00,$0B,$00,$00,$02,$FF,$03,$00,$05 ; |................|
FFCF8FCEd 000D000003000500     dc.b    $00,$0D,$00,$00,$03,$00,$05,$00,$09,$01,$08,$01,$0D,$07,$00,$03 ; |................|
FFCF8FDEd 00050009020D0200     dc.b    $00,$05,$00,$09,$02,$0D,$02,$00,$03,$FF,$05,$FF,$09,$06,$0D,$02 ; |................|
FFCF8FEEd 0003FF05FF090E0D     dc.b    $00,$03,$FF,$05,$FF,$09,$0E,$0D,$04,$00,$01,$00,$09,$00,$08,$00 ; |................|
FFCF8FFEd 0008020009100810     dc.b    $00,$08,$02,$00,$09,$10,$08,$10,$00,$01,$02,$04,$00,$0E,$00,$0F ; |................|
FFCF900Ed 0000010804000E98     dc.b    $00,$00,$01,$08,$04,$00,$0E,$98,$0F,$35,$00,$01,$02,$0E,$03,$0F ; |.........5......|
FFCF901Ed 2000010208040E06     dc.b    $20,$00,$01,$02,$08,$04,$0E,$06,$0F,$40,$00,$01,$02,$08,$08,$0E ; | ........@......|
FFCF902Ed 050FA00001020E0B     dc.b    $05,$0F,$A0,$00,$01,$02,$0E,$0B,$0F,$40,$00,$01,$03,$09,$10,$08 ; |.........@......|
FFCF903Ed 100E0B0F4000000B     dc.b    $10,$0E,$0B,$0F,$40,$00,$00,$0B,$00,$0B,$00,$1F,$00,$28,$00,$31 ; |....@........(.1|
FFCF904Ed 000B000B0014000B     dc.b    $00,$0B,$00,$0B,$00,$14,$00,$0B,$00,$3A,$00,$41,$00,$48,$00,$41 ; |.........:.A.H.A|
FFCF905Ed 0044004B00490052     dc.b    $00,$44,$00,$4B,$00,$49,$00,$52,$00,$5B,$00,$62,$00,$6B,$00,$74 ; |.D.K.I.R.[.b.k.t|
FFCF906Ed 007B000008000005     dc.b    $00,$7B,$00,$00,$08,$00,$00,$05,$0D,$0D,$0D,$00 ; |.{..........|

sub_FFCF907A:
FFCF907A  2F0B                 move.l  A3, -(A7)
FFCF907C  13BC00031008         move.b  #$3, ($8,A1,D1.w)
FFCF9082  10311004             move.b  ($4,A1,D1.w), D0
FFCF9086  0C000004             cmpi.b  #$4, D0
FFCF908A  660E                 bne     loc_FFCF909A
FFCF908C  7027                 moveq   #$27, D0
FFCF908E  6100103E             bsr     sub_FFCFA0CE
FFCF9092  6606                 bne     loc_FFCF909A
FFCF9094  13BC00041008         move.b  #$4, ($8,A1,D1.w)
loc_FFCF909A:
FFCF909A  26711420             movea.l ($20,A1,D1.w*4), A3
FFCF909E  50D3                 st      (A3)
FFCF90A0  7021                 moveq   #$21, D0
FFCF90A2  6100102A             bsr     sub_FFCFA0CE
FFCF90A6  6702                 beq     loc_FFCF90AA
FFCF90A8  4213                 clr.b   (A3)
loc_FFCF90AA:
FFCF90AA  265F                 movea.l (A7)+, A3
FFCF90AC  4E75                 rts
FFCF90AE? 2F02                 move.l  D2, -(A7)
FFCF90B0? 7400                 moveq   #$0, D2
FFCF90B2? 1431100C             move.b  ($c,A1,D1.w), D2
FFCF90B6? 41FA005A             lea     ($ffcf9112,PC), A0
FFCF90BA? D0F02200             adda.w  (A0,D2.w*2), A0
FFCF90BE? 6008                 bra     $ffcf90c8
FFCF90C0? 90680004             sub.w   ($4,A0), D0
FFCF90C4? 6D0A                 blt     $ffcf90d0
FFCF90C6? 5C48                 addq.w  #6, A0
FFCF90C8? 4A10                 tst.b   (A0)
FFCF90CA? 66F4                 bne     $ffcf90c0
FFCF90CC? 70CE                 moveq   #-$32, D0
FFCF90CE? 603C                 bra     $ffcf910c
FFCF90D0? 1358049D             move.b  (A0)+, ($49d,A1)
FFCF90D4? 7400                 moveq   #$0, D2
FFCF90D6? 1418                 move.b  (A0)+, D2
FFCF90D8? 1342049C             move.b  D2, ($49c,A1)
FFCF90DC? 1358049E             move.b  (A0)+, ($49e,A1)
FFCF90E0? 5248                 addq.w  #1, A0
FFCF90E2? D058                 add.w   (A0)+, D0
FFCF90E4? 80C2                 divu.w  D2, D0
FFCF90E6? 13400498             move.b  D0, ($498,A1)
FFCF90EA? 4840                 swap    D0
FFCF90EC? 1340049B             move.b  D0, ($49b,A1)
FFCF90F0? 74FF                 moveq   #-$1, D2
FFCF90F2? 1340049A             move.b  D0, ($49a,A1)
FFCF90F6? 5202                 addq.b  #1, D2
FFCF90F8? 9029049D             sub.b   ($49d,A1), D0
FFCF90FC? 6CF4                 bge     $ffcf90f2
FFCF90FE? 13420499             move.b  D2, ($499,A1)
FFCF9102? 1029049E             move.b  ($49e,A1), D0
FFCF9106? D1290498             add.b   D0, ($498,A1)
FFCF910A? 7000                 moveq   #$0, D0
FFCF910C? 241F                 move.l  (A7)+, D2
FFCF910E? 4A40                 tst.w   D0
FFCF9110? 4E75                 rts
FFCF9112? 006800680068         ori.w   #$68, ($68,A0)
FFCF9118? 00180038             ori.b   #$38, (A0)+
FFCF911C? 00580060             ori.w   #$60, (A0)+
FFCF9120? 003800680068         ori.b   #$68, $68.w
FFCF9126? 006800010C0C         ori.w   #$1, ($c0c,A0)
FFCF912C? 000000C0             ori.b   #$c0, D0
FFCF9130? 0B0B1000             movep.w ($1000,A3), D5
FFCF9134? 00B00A0A200000A0     ori.l   #$a0a2000, (-$60,A0,D0.w)
FFCF913C? 09093000             movep.w ($3000,A1), D4
FFCF9140? 009008084000         ori.l   #$8084000, (A0)
FFCF9146? 008000020C18         ori.l   #$20c18, D0
FFCF914C? 00000180             ori.b   #$80, D0
FFCF9150? 0B16                 btst    D5, (A6)
FFCF9152? 1000                 move.b  D0, D0
FFCF9154? 0160                 bchg    D0, -(A0)
FFCF9156? 0A142000             eori.b  #$0, (A4)
FFCF915A? 0140                 bchg    D0, D0
FFCF915C? 0912                 btst    D4, (A2)
FFCF915E? 3000                 move.w  D0, D0
FFCF9160? 0120                 btst    D0, -(A0)
FFCF9162? 08104000             btst    #$0, (A0)
FFCF9166? 0100                 btst    D0, D0
FFCF9168? 00020912             ori.b   #$12, D2
FFCF916C? 000005A0             ori.b   #$a0, D0
FFCF9170? 00021224             ori.b   #$24, D2
FFCF9174? 00000B40             ori.b   #$40, D0
FFCF9178? 00010808             ori.b   #$8, D1
FFCF917C? 00000008             ori.b   #$8, D0
FFCF9180? 00010102             ori.b   #$2, D1
FFCF9184? 0303                 btst    D1, D3
FFCF9186? 0304                 btst    D1, D4
FFCF9188? 04010101             subi.b  #$1, D1
FFCF918C? 04240127             subi.b  #$27, -(A4)
FFCF9190? 2F29FFFC             move.l  (-$4,A1), -(A7)
FFCF9194? 4E75                 rts
FFCF9196? 7400                 moveq   #$0, D2
FFCF9198? 1431100C             move.b  ($c,A1,D1.w), D2
FFCF919C? 103B20E3             move.b  (-$1d,PC,D2.w), D0
FFCF91A0? B0311008             cmp.b   ($8,A1,D1.w), D0
FFCF91A4? 6620                 bne     $ffcf91c6
FFCF91A6? 41FA0008             lea     ($ffcf91b0,PC), A0
FFCF91AA? D0F02200             adda.w  (A0,D2.w*2), A0
FFCF91AE? 4ED0                 jmp     (A0)
FFCF91B0? 00160016             ori.b   #$16, (A6)
FFCF91B4? 00160026             ori.b   #$26, (A6)
FFCF91B8? 0026001A             ori.b   #$1a, -(A6)
FFCF91BC? 00260026             ori.b   #$26, -(A6)
FFCF91C0? 00160016             ori.b   #$16, (A6)
FFCF91C4? 001670BD             ori.b   #$bd, (A6)
FFCF91C8? 4E75                 rts
FFCF91CA? 7004                 moveq   #$4, D0
FFCF91CC? B0311004             cmp.b   ($4,A1,D1.w), D0
FFCF91D0? 6704                 beq     $ffcf91d6
FFCF91D2? 70BD                 moveq   #-$43, D0
FFCF91D4? 4E75                 rts
FFCF91D6? 235F0290             move.l  (A7)+, ($290,A1)
FFCF91DA? 7000                 moveq   #$0, D0
FFCF91DC? 10290499             move.b  ($499,A1), D0
FFCF91E0? 103B00AA             move.b  (-$56,PC,D0.w), D0
FFCF91E4? 61000EE8             bsr     sub_FFCFA0CE
FFCF91E8? 4A318161FF80         tst.b   ([-$80,A1])
FFCF91EE? 13BC00188161FF90     move.b  #$18, ([-$70,A1])
FFCF91F6? 4E71                 nop
FFCF91F8? 243C0000012C         move.l  #$12c, D2
FFCF91FE? 203C00080002         move.l  #$80002, D0
FFCF9204? 61001114             bsr     $ffcfa31a
FFCF9208? 666C                 bne     $ffcf9276
FFCF920A? 13BC00088161FF90     move.b  #$8, ([-$70,A1])
FFCF9212? 13718161FF800489     move.b  ([-$80,A1]), ($489,A1)
FFCF921A? 13718161FFA80487     move.b  ([-$58,A1]), ($487,A1)
FFCF9222? 10318161FFA0         move.b  ([-$60,A1]), D0
FFCF9228? 13400484             move.b  D0, ($484,A1)
FFCF922C? 0229007F0484         andi.b  #$7f, ($484,A1)
FFCF9232? EE08                 lsr.b   #7, D0
FFCF9234? 13400485             move.b  D0, ($485,A1)
FFCF9238? 747F                 moveq   #$7f, D2
FFCF923A? C4318161FFA4         and.b   ([-$5c,A1]), D2
FFCF9240? 13420486             move.b  D2, ($486,A1)
FFCF9244? 083100028161FF8C     btst    #$2, ([-$74,A1])
FFCF924C? 6604                 bne     $ffcf9252
FFCF924E? 53290486             subq.b  #1, ($486,A1)
FFCF9252? 082900060489         btst    #$6, ($489,A1)
FFCF9258? 6628                 bne     $ffcf9282
FFCF925A? B0290499             cmp.b   ($499,A1), D0
FFCF925E? 661E                 bne     $ffcf927e
FFCF9260? 10290484             move.b  ($484,A1), D0
FFCF9264? B029048A             cmp.b   ($48a,A1), D0
FFCF9268? 6614                 bne     $ffcf927e
FFCF926A? 10290486             move.b  ($486,A1), D0
FFCF926E? B029049D             cmp.b   ($49d,A1), D0
FFCF9272? 640A                 bcc     $ffcf927e
FFCF9274? 7000                 moveq   #$0, D0
FFCF9276? 2F290290             move.l  ($290,A1), -(A7)
FFCF927A? 4A40                 tst.w   D0
FFCF927C? 4E75                 rts
FFCF927Ed 70B060F470BB60F0     dc.b    $70,$B0,$60,$F4,$70,$BB,$60,$F0,$2F,$29,$FF,$F8,$4E,$75 ; |p.`.p.`./)..Nu|
FFCF928C? 6100FC8A             bsr     $ffcf8f18
FFCF9290? 7000                 moveq   #$0, D0
FFCF9292? 10290499             move.b  ($499,A1), D0
FFCF9296? 41FAFEF4             lea     ($ffcf918c,PC), A0
FFCF929A? 10300000             move.b  (A0,D0.w), D0
FFCF929E? 61000E2E             bsr     sub_FFCFA0CE
FFCF92A2? 3029046E             move.w  ($46e,A1), D0
FFCF92A6? 6778                 beq     $ffcf9320
FFCF92A8? 0C000003             cmpi.b  #$3, D0
FFCF92AC? 651A                 bcs     $ffcf92c8
FFCF92AE? 7023                 moveq   #$23, D0
FFCF92B0? 61000E1C             bsr     sub_FFCFA0CE
FFCF92B4? 67F8                 beq     $ffcf92ae
FFCF92B6? 10290499             move.b  ($499,A1), D0
FFCF92BA? 41FAFED0             lea     ($ffcf918c,PC), A0
FFCF92BE? 10300000             move.b  (A0,D0.w), D0
FFCF92C2? 61000E0A             bsr     sub_FFCFA0CE
FFCF92C6? 6058                 bra     $ffcf9320
FFCF92C8? 203C00004B00         move.l  #$4b00, D0
FFCF92CE? 083100028161FF8C     btst    #$2, ([-$74,A1])
FFCF92D6? 6652                 bne     $ffcf932a
FFCF92D8? 7624                 moveq   #$24, D3
FFCF92DA? 235F0284             move.l  (A7)+, ($284,A1)
FFCF92DE? 6100FEB0             bsr     $ffcf9190
FFCF92E2? 2F290284             move.l  ($284,A1), -(A7)
FFCF92E6? 4A40                 tst.w   D0
FFCF92E8? 660000D4             bne     $ffcf93be
FFCF92EC? 10318161FFA4         move.b  ([-$5c,A1]), D0
FFCF92F2? B029049A             cmp.b   ($49a,A1), D0
FFCF92F6? 57CBFFE2             dbeq    D3, $ffcf92da
FFCF92FA? 6706                 beq     $ffcf9302
FFCF92FC? 70AF                 moveq   #-$51, D0
FFCF92FE? 600000BE             bra     $ffcf93be
FFCF9302? 0C690001046E         cmpi.w  #$1, ($46e,A1)
FFCF9308? 6716                 beq     $ffcf9320
FFCF930A? 41E90238             lea     ($238,A1), A0
FFCF930E? 61000F7A             bsr     loc_FFCFA28A
FFCF9312? 7008                 moveq   #$8, D0
FFCF9314? 61000F22             bsr     sub_FFCFA238
FFCF9318? 241F                 move.l  (A7)+, D2
FFCF931A? 61000F52             bsr     sub_FFCFA26E
FFCF931E? 2F02                 move.l  D2, -(A7)
FFCF9320? 20290470             move.l  ($470,A1), D0
FFCF9324? 028000007FFF         andi.l  #$7fff, D0
FFCF932A? D040                 add.w   D0, D0
FFCF932C? 206902B4             movea.l ($2b4,A1), A0
FFCF9330? 61001130             bsr     $ffcfa462
FFCF9334? 13BC00188161FF90     move.b  #$18, ([-$70,A1])
FFCF933C? 4E71                 nop
FFCF933E? 003100128161FF8C     ori.b   #$12, ([-$74,A1])
FFCF9346? 4E71                 nop
FFCF9348? 235F0284             move.l  (A7)+, ($284,A1)
FFCF934C? 203C00000258         move.l  #$258, D0
FFCF9352? 610010DE             bsr     $ffcfa432
FFCF9356? 2F290284             move.l  ($284,A1), -(A7)
FFCF935A? 023100ED8161FF8C     andi.b  #$ed, ([-$74,A1])
FFCF9362? 13BC00088161FF90     move.b  #$8, ([-$70,A1])
FFCF936A? 4A40                 tst.w   D0
FFCF936C? 6650                 bne     $ffcf93be
FFCF936E? 206902B8             movea.l ($2b8,A1), A0
FFCF9372? 083100028161FF8C     btst    #$2, ([-$74,A1])
FFCF937A? 6644                 bne     $ffcf93c0
FFCF937C? 2F0C                 move.l  A4, -(A7)
FFCF937E? 28690480             movea.l ($480,A1), A4
FFCF9382? 2469047C             movea.l ($47c,A1), A2
FFCF9386? 2408                 move.l  A0, D2
FFCF9388? 06820000B000         addi.l  #$b000, D2
FFCF938E? 7601                 moveq   #$1, D3
FFCF9390? B488                 cmp.l   A0, D2
FFCF9392? 6F28                 ble     $ffcf93bc
FFCF9394? 1018                 move.b  (A0)+, D0
FFCF9396? 6706                 beq     $ffcf939e
FFCF9398? 0C000080             cmpi.b  #-$80, D0
FFCF939C? 66F2                 bne     $ffcf9390
FFCF939E? 18D8                 move.b  (A0)+, (A4)+
FFCF93A0? D000                 add.b   D0, D0
FFCF93A2? E313                 roxl.b  #1, D3
FFCF93A4? 64EA                 bcc     $ffcf9390
FFCF93A6? 4A8A                 tst.l   A2; (2+)
FFCF93A8? 6702                 beq     $ffcf93ac
FFCF93AA? 14C3                 move.b  D3, (A2)+
FFCF93AC? 5093                 addq.l  #8, (A3)
FFCF93AE? 51A90470             subq.l  #8, ($470,A1)
FFCF93B2? 0CA9000000080470     cmpi.l  #$8, ($470,A1)
FFCF93BA? 62D2                 bhi     $ffcf938e
FFCF93BC? 285F                 movea.l (A7)+, A4
FFCF93BE? 4E75                 rts
FFCF93C0? 4A69046E             tst.w   ($46e,A1)
FFCF93C4? 6726                 beq     $ffcf93ec
FFCF93C6? 7418                 moveq   #$18, D2
FFCF93C8? 6150                 bsr     $ffcf941a
FFCF93CA? 6746                 beq     $ffcf9412
FFCF93CC? B029049A             cmp.b   ($49a,A1), D0
FFCF93D0? 57CAFFF6             dbeq    D2, $ffcf93c8
FFCF93D4? 663C                 bne     $ffcf9412
FFCF93D6? 41E8000E             lea     ($e,A0), A0
FFCF93DA? 7001                 moveq   #$1, D0
FFCF93DC? B069046E             cmp.w   ($46e,A1), D0
FFCF93E0? 670A                 beq     $ffcf93ec
FFCF93E2? 616E                 bsr     $ffcf9452
FFCF93E4? 6730                 beq     $ffcf9416
FFCF93E6? 6004                 bra     $ffcf93ec
FFCF93E8? 6130                 bsr     $ffcf941a
FFCF93EA? 6726                 beq     $ffcf9412
FFCF93EC? 7000                 moveq   #$0, D0
FFCF93EE? 24690480             movea.l ($480,A1), A2
FFCF93F2? 242902B8             move.l  ($2b8,A1), D2
FFCF93F6? 06820000B000         addi.l  #$b000, D2
FFCF93FC? B488                 cmp.l   A0, D2
FFCF93FE? 6F0E                 ble     $ffcf940e
FFCF9400? 1018                 move.b  (A0)+, D0
FFCF9402? 66F8                 bne     $ffcf93fc
FFCF9404? 14D8                 move.b  (A0)+, (A2)+
FFCF9406? 5293                 addq.l  #1, (A3)
FFCF9408? 53A90470             subq.l  #1, ($470,A1)
FFCF940C? 62EE                 bhi     $ffcf93fc
FFCF940E? 7000                 moveq   #$0, D0
FFCF9410? 4E75                 rts
FFCF9412d 70BD4E7570B94E75     dc.b    $70,$BD,$4E,$75,$70,$B9,$4E,$75   ; |p.Nup.Nu|
FFCF941A? 363C0800             move.w  #$800, D3
FFCF941E? 103C00D5             move.b  #$d5, D0
FFCF9422? B010                 cmp.b   (A0), D0
FFCF9424? 6614                 bne     $ffcf943a
FFCF9426? 103C00AA             move.b  #$aa, D0
FFCF942A? B0280002             cmp.b   ($2,A0), D0
FFCF942E? 660A                 bne     $ffcf943a
FFCF9430? 103C0096             move.b  #$96, D0
FFCF9434? B0280004             cmp.b   ($4,A0), D0
FFCF9438? 6706                 beq     $ffcf9440
FFCF943A? 5288                 addq.l  #1, A0
FFCF943C? 51CBFFE0             dbra    D3, $ffcf941e
FFCF9440? 5A48                 addq.w  #5, A0
FFCF9442? 7000                 moveq   #$0, D0
FFCF9444? 10280003             move.b  ($3,A0), D0
FFCF9448? 103B0120FF94         move.b  (-$6c,PC,D0.w), D0
FFCF944E? 5243                 addq.w  #1, D3
FFCF9450? 4E75                 rts
FFCF9452? 363C05C8             move.w  #$5c8, D3
FFCF9456? 103C00DE             move.b  #$de, D0
FFCF945A? B010                 cmp.b   (A0), D0
FFCF945C? 660A                 bne     $ffcf9468
FFCF945E? 103C00AA             move.b  #$aa, D0
FFCF9462? B0280002             cmp.b   ($2,A0), D0
FFCF9466? 6706                 beq     $ffcf946e
FFCF9468? 5288                 addq.l  #1, A0
FFCF946A? 51CBFFEA             dbra    D3, $ffcf9456
FFCF946E? 5648                 addq.w  #3, A0
FFCF9470? 5243                 addq.w  #1, D3
FFCF9472? 4E75                 rts
FFCF9474d 0001FFFF0203FF04     dc.b    $00,$01,$FF,$FF,$02,$03,$FF,$04,$05,$06,$FF,$FF,$FF,$FF,$FF,$FF ; |................|
FFCF9484d 0708FFFFFF090A0B     dc.b    $07,$08,$FF,$FF,$FF,$09,$0A,$0B,$0C,$0D,$FF,$FF,$0E,$0F,$10,$11 ; |................|
FFCF9494d 1213FF1415161718     dc.b    $12,$13,$FF,$14,$15,$16,$17,$18,$19,$1A,$FF,$FF,$FF,$FF,$FF,$FF ; |................|
FFCF94A4d FFFFFFFFFF1BFF1C     dc.b    $FF,$FF,$FF,$FF,$FF,$1B,$FF,$1C,$1D,$1E,$FF,$FF,$FF,$1F,$FF,$FF ; |................|
FFCF94B4d 2021FF2223242526     dc.b    $20,$21,$FF,$22,$23,$24,$25,$26,$27,$28,$FF,$FF,$FF,$FF,$FF,$29 ; | !."#$%&'(.....)|
FFCF94C4d 2A2BFF2C2D2E2F30     dc.b    $2A,$2B,$FF,$2C,$2D,$2E,$2F,$30,$31,$32,$FF,$FF,$33,$34,$35,$36 ; |*+.,-./012..3456|
FFCF94D4d 3738FF393A3B3C3D     dc.b    $37,$38,$FF,$39,$3A,$3B,$3C,$3D,$3E,$3F,$2F,$29,$FF,$F4,$4E,$75 ; |78.9:;<=>?/)..Nu|
FFCF94E4? 235F0284             move.l  (A7)+, ($284,A1)
FFCF94E8? 42318161FFA8         clr.b   ([-$58,A1])
FFCF94EE? 1369049D02CA         move.b  ($49d,A1), ($2ca,A1)
FFCF94F4? 47E9041C             lea     ($41c,A1), A3
FFCF94F8? 362902C8             move.w  ($2c8,A1), D3
FFCF94FC? E05B                 ror.w   #8, D3
FFCF94FE? 4A290499             tst.b   ($499,A1)
FFCF9502? 670C                 beq     $ffcf9510
FFCF9504? E04B                 lsr.w   #8, D3
FFCF9506? 7400                 moveq   #$0, D2
FFCF9508? 1429049D             move.b  ($49d,A1), D2
FFCF950C? D482                 add.l   D2, D2
FFCF950E? D7C2                 adda.l  D2, A3
FFCF9510? 7000                 moveq   #$0, D0
FFCF9512? 4A03                 tst.b   D3
FFCF9514? 67000126             beq     $ffcf963c
FFCF9518? 4843                 swap    D3
FFCF951A? 4EBAFC74             jsr     ($ffcf9190,PC)
FFCF951E? 6600011C             bne     $ffcf963c
FFCF9522? 10290486             move.b  ($486,A1), D0
FFCF9526? 4243                 clr.w   D3
FFCF9528? 1629049D             move.b  ($49d,A1), D3
FFCF952C? 5343                 subq.w  #1, D3
FFCF952E? B031312004A8         cmp.b   ($4a8,A1,D3.w), D0
FFCF9534? 57CBFFF8             dbeq    D3, $ffcf952e
FFCF9538? 6702                 beq     $ffcf953c
FFCF953A? A9FF                 _Debugger                                 ; A-line trap A9FF
FFCF953C? 7000                 moveq   #$0, D0
FFCF953E? 532902CA             subq.b  #1, ($2ca,A1)
FFCF9542? 650000F8             bcs     $ffcf963c
FFCF9546? 5243                 addq.w  #1, D3
FFCF9548? B629049D             cmp.b   ($49d,A1), D3
FFCF954C? 6502                 bcs     $ffcf9550
FFCF954E? 4243                 clr.w   D3
FFCF9550? 7400                 moveq   #$0, D2
FFCF9552? 1431312004A8         move.b  ($4a8,A1,D3.w), D2
FFCF9558? 083300072200         btst    #$7, (A3,D2.w*2)
FFCF955E? 66DC                 bne     $ffcf953c
FFCF9560? 1342049A             move.b  D2, ($49a,A1)
FFCF9564? 13828161FFAC         move.b  D2, ([-$54,A1])
FFCF956A? 083100028161FF8C     btst    #$2, ([-$74,A1])
FFCF9572? 6606                 bne     $ffcf957a
FFCF9574? 52318161FFAC         addq.b  #1, ([-$54,A1])
FFCF957A? 7000                 moveq   #$0, D0
FFCF957C? 10332201             move.b  ($1,A3,D2.w*2), D0
FFCF9580? 2071052002DC         movea.l ($2dc,A1,D0.w*4), A0
FFCF9586? 203C00008000         move.l  #$8000, D0
FFCF958C? 61000ED4             bsr     $ffcfa462
FFCF9590? 13BC00018161FFB0     move.b  #$1, ([-$50,A1])
FFCF9598? 4A318161FF80         tst.b   ([-$80,A1])
FFCF959E? 13BC00188161FF90     move.b  #$18, ([-$70,A1])
FFCF95A6? 7400                 moveq   #$0, D2
FFCF95A8? 14290499             move.b  ($499,A1), D2
FFCF95AC? 1431212002C8         move.b  ($2c8,A1,D2.w), D2
FFCF95B2? 303C012C             move.w  #$12c, D0
FFCF95B6? C4C0                 mulu.w  D0, D2
FFCF95B8? 203C000003E8         move.l  #$3e8, D0
FFCF95BE? B480                 cmp.l   D0, D2
FFCF95C0? 6E02                 bgt     $ffcf95c4
FFCF95C2? 2400                 move.l  D0, D2
FFCF95C4? 203C00080003         move.l  #$80003, D0
FFCF95CA? 08E90000048B         bset    #$0, ($48b,A1)
FFCF95D0? 61000D48             bsr     $ffcfa31a
FFCF95D4? 61000E98             bsr     $ffcfa46e
FFCF95D8? 13BC00088161FF90     move.b  #$8, ([-$70,A1])
FFCF95E0? 4E71                 nop
FFCF95E2? 7400                 moveq   #$0, D2
FFCF95E4? 4A40                 tst.w   D0
FFCF95E6? 660A                 bne     $ffcf95f2
FFCF95E8? 14318161FF80         move.b  ([-$80,A1]), D2
FFCF95EE? 6714                 beq     $ffcf9604
FFCF95F0? 70B8                 moveq   #-$48, D0
FFCF95F2? 1429049A             move.b  ($49a,A1), D2
FFCF95F6? 083300062200         btst    #$6, (A3,D2.w*2)
FFCF95FC? 6600003E             bne     $ffcf963c
FFCF9600? 6000FF3A             bra     $ffcf953c
FFCF9604? 14318161FFA0         move.b  ([-$60,A1]), D2
FFCF960A? 0202007F             andi.b  #$7f, D2
FFCF960E? B4290498             cmp.b   ($498,A1), D2
FFCF9612? 6704                 beq     $ffcf9618
FFCF9614? 70BD                 moveq   #-$43, D0
FFCF9616? 6024                 bra     $ffcf963c
FFCF9618? 1429049A             move.b  ($49a,A1), D2
FFCF961C? 08F300072200         bset    #$7, (A3,D2.w*2)
FFCF9622? 6600FF18             bne     $ffcf953c
FFCF9626? 083300062200         btst    #$6, (A3,D2.w*2)
FFCF962C? 6700FF0E             beq     $ffcf953c
FFCF9630? 4843                 swap    D3
FFCF9632? 5303                 subq.b  #1, D3
FFCF9634? 6706                 beq     $ffcf963c
FFCF9636? 4843                 swap    D3
FFCF9638? 6000FF02             bra     $ffcf953c
FFCF963C? 2F00                 move.l  D0, -(A7)
FFCF963E? 41E90262             lea     ($262,A1), A0
FFCF9642? A059                 _RmvTime                                  ; A-line trap A059
FFCF9644? 42A80006             clr.l   ($6,A0)
FFCF9648? 08A90000048B         bclr    #$0, ($48b,A1)
FFCF964E? 201F                 move.l  (A7)+, D0
FFCF9650? 2F290284             move.l  ($284,A1), -(A7)
FFCF9654? 4A40                 tst.w   D0
FFCF9656? 4E75                 rts
FFCF9658d 2F29FFF04E75         dc.b    $2F,$29,$FF,$F0,$4E,$75           ; |/)..Nu|
FFCF965E? 235F0284             move.l  (A7)+, ($284,A1)
FFCF9662? 42318161FFA8         clr.b   ([-$58,A1])
FFCF9668? 1369049D02CA         move.b  ($49d,A1), ($2ca,A1)
FFCF966E? 47E9041C             lea     ($41c,A1), A3
FFCF9672? 4A290499             tst.b   ($499,A1)
FFCF9676? 670A                 beq     $ffcf9682
FFCF9678? 7400                 moveq   #$0, D2
FFCF967A? 1429049D             move.b  ($49d,A1), D2
FFCF967E? D482                 add.l   D2, D2
FFCF9680? D7C2                 adda.l  D2, A3
FFCF9682? 4A00                 tst.b   D0
FFCF9684? 6A16                 bpl     $ffcf969c
FFCF9686? 7000                 moveq   #$0, D0
FFCF9688? 10290499             move.b  ($499,A1), D0
FFCF968C? 41FAFAFE             lea     ($ffcf918c,PC), A0
FFCF9690? 10300000             move.b  (A0,D0.w), D0
FFCF9694? 61000A38             bsr     sub_FFCFA0CE
FFCF9698? 7000                 moveq   #$0, D0
FFCF969A? 600C                 bra     $ffcf96a8
FFCF969C? 6100FAF2             bsr     $ffcf9190
FFCF96A0? 660000E4             bne     $ffcf9786
FFCF96A4? 10290486             move.b  ($486,A1), D0
FFCF96A8? 7600                 moveq   #$0, D3
FFCF96AA? 1629049D             move.b  ($49d,A1), D3
FFCF96AE? 5343                 subq.w  #1, D3
FFCF96B0? B031312004A8         cmp.b   ($4a8,A1,D3.w), D0
FFCF96B6? 57CBFFF8             dbeq    D3, $ffcf96b0
FFCF96BA? 6712                 beq     $ffcf96ce
FFCF96BC? A9FF                 _Debugger                                 ; A-line trap A9FF
FFCF96BE? 7400                 moveq   #$0, D2
FFCF96C0? 1431312004A8         move.b  ($4a8,A1,D3.w), D2
FFCF96C6? 083300062200         btst    #$6, (A3,D2.w*2)
FFCF96CC? 6616                 bne     $ffcf96e4
FFCF96CE? 7000                 moveq   #$0, D0
FFCF96D0? 532902CA             subq.b  #1, ($2ca,A1)
FFCF96D4? 650000B0             bcs     $ffcf9786
FFCF96D8? 5243                 addq.w  #1, D3
FFCF96DA? B629049D             cmp.b   ($49d,A1), D3
FFCF96DE? 65DE                 bcs     $ffcf96be
FFCF96E0? 7600                 moveq   #$0, D3
FFCF96E2? 60DA                 bra     $ffcf96be
FFCF96E4? 1342049A             move.b  D2, ($49a,A1)
FFCF96E8? 13828161FFAC         move.b  D2, ([-$54,A1])
FFCF96EE? 083100028161FF8C     btst    #$2, ([-$74,A1])
FFCF96F6? 6606                 bne     $ffcf96fe
FFCF96F8? 52318161FFAC         addq.b  #1, ([-$54,A1])
FFCF96FE? 7000                 moveq   #$0, D0
FFCF9700? 10332201             move.b  ($1,A3,D2.w*2), D0
FFCF9704? 2071052002DC         movea.l ($2dc,A1,D0.w*4), A0
FFCF970A? 203C80008000         move.l  #$80008000, D0
FFCF9710? 61000D50             bsr     $ffcfa462
FFCF9714? 13BC00018161FFB0     move.b  #$1, ([-$50,A1])
FFCF971C? 4A318161FF80         tst.b   ([-$80,A1])
FFCF9722? 13BC00088161FF90     move.b  #$8, ([-$70,A1])
FFCF972A? 4E71                 nop
FFCF972C? 13BC00108161FF94     move.b  #$10, ([-$6c,A1])
FFCF9734? 7400                 moveq   #$0, D2
FFCF9736? 14290499             move.b  ($499,A1), D2
FFCF973A? 1431212002C8         move.b  ($2c8,A1,D2.w), D2
FFCF9740? 303C012C             move.w  #$12c, D0
FFCF9744? C4C0                 mulu.w  D0, D2
FFCF9746? 203C00000320         move.l  #$320, D0
FFCF974C? 0C8200000320         cmpi.l  #$320, D2
FFCF9752? 6E02                 bgt     $ffcf9756
FFCF9754? 2400                 move.l  D0, D2
FFCF9756? 203C00080003         move.l  #$80003, D0
FFCF975C? 08E90000048B         bset    #$0, ($48b,A1)
FFCF9762? 61000BB6             bsr     $ffcfa31a
FFCF9766? 61000D06             bsr     $ffcfa46e
FFCF976A? 13BC00188161FF90     move.b  #$18, ([-$70,A1])
FFCF9772? 4A40                 tst.w   D0
FFCF9774? 6610                 bne     $ffcf9786
FFCF9776? 7400                 moveq   #$0, D2
FFCF9778? 1429049A             move.b  ($49a,A1), D2
FFCF977C? 08B300062200         bclr    #$6, (A3,D2.w*2)
FFCF9782? 6000FF4A             bra     $ffcf96ce
FFCF9786? 2F00                 move.l  D0, -(A7)
FFCF9788? 41E90262             lea     ($262,A1), A0
FFCF978C? A059                 _RmvTime                                  ; A-line trap A059
FFCF978E? 42A80006             clr.l   ($6,A0)
FFCF9792? 08A90000048B         bclr    #$0, ($48b,A1)
FFCF9798? 201F                 move.l  (A7)+, D0
FFCF979A? 2F290284             move.l  ($284,A1), -(A7)
FFCF979E? 4A40                 tst.w   D0
FFCF97A0? 4E75                 rts
FFCF97A2? 48E77F58             movem.l D1-D7/A1/A3-A4, -(A7)
FFCF97A6? 7400                 moveq   #$0, D2
FFCF97A8? 14310320041D         move.b  ($41d,A1,D0.w*2), D2
FFCF97AE? 28712520037C         movea.l ($37c,A1,D2.w*4), A4
FFCF97B4? 083100028161FF8C     btst    #$2, ([-$74,A1])
FFCF97BC? 662C                 bne     $ffcf97ea
FFCF97BE? 16E90014             move.b  ($14,A1), (A3)+
FFCF97C2? 4213                 clr.b   (A3)
FFCF97C4? B029049D             cmp.b   ($49d,A1), D0
FFCF97C8? 6D02                 blt     $ffcf97cc
FFCF97CA? 5213                 addq.b  #1, (A3)
FFCF97CC? 524B                 addq.w  #1, A3
FFCF97CE? 5200                 addq.b  #1, D0
FFCF97D0? 16C0                 move.b  D0, (A3)+
FFCF97D2? 16A90487             move.b  ($487,A1), (A3)
FFCF97D6? 00130020             ori.b   #$20, (A3)
FFCF97DA? 2248                 movea.l A0, A1
FFCF97DC? 204C                 movea.l A4, A0
FFCF97DE? 203C00000200         move.l  #$200, D0
FFCF97E4? A02E                 _BlockMove                                ; A-line trap A02E
FFCF97E6? 600000B8             bra     $ffcf98a0
FFCF97EA? 524C                 addq.w  #1, A4
FFCF97EC? 224B                 movea.l A3, A1
FFCF97EE? 103C00C0             move.b  #$c0, D0
FFCF97F2? 7A00                 moveq   #$0, D5
FFCF97F4? 7C00                 moveq   #$0, D6
FFCF97F6? 7E00                 moveq   #$0, D7
FFCF97F8? 780A                 moveq   #$a, D4
FFCF97FA? 121C                 move.b  (A4)+, D1
FFCF97FC? E519                 rol.b   #2, D1
FFCF97FE? 1401                 move.b  D1, D2
FFCF9800? C400                 and.b   D0, D2
FFCF9802? 841C                 or.b    (A4)+, D2
FFCF9804? 1607                 move.b  D7, D3
FFCF9806? D607                 add.b   D7, D3
FFCF9808? E31F                 rol.b   #1, D7
FFCF980A? BF02                 eor.b   D7, D2
FFCF980C? 12C2                 move.b  D2, (A1)+
FFCF980E? DB02                 addx.b  D2, D5
FFCF9810? E519                 rol.b   #2, D1
FFCF9812? 1401                 move.b  D1, D2
FFCF9814? C400                 and.b   D0, D2
FFCF9816? 841C                 or.b    (A4)+, D2
FFCF9818? BB02                 eor.b   D5, D2
FFCF981A? 12C2                 move.b  D2, (A1)+
FFCF981C? DD02                 addx.b  D2, D6
FFCF981E? E519                 rol.b   #2, D1
FFCF9820? C200                 and.b   D0, D1
FFCF9822? 821C                 or.b    (A4)+, D1
FFCF9824? BD01                 eor.b   D6, D1
FFCF9826? 12C1                 move.b  D1, (A1)+
FFCF9828? DF01                 addx.b  D1, D7
FFCF982A? 5744                 subq.w  #3, D4
FFCF982C? 6ACC                 bpl     $ffcf97fa
FFCF982E? 283C000001FE         move.l  #$1fe, D4
FFCF9834? 121C                 move.b  (A4)+, D1
FFCF9836? E519                 rol.b   #2, D1
FFCF9838? 1401                 move.b  D1, D2
FFCF983A? C400                 and.b   D0, D2
FFCF983C? 841C                 or.b    (A4)+, D2
FFCF983E? 1607                 move.b  D7, D3
FFCF9840? D607                 add.b   D7, D3
FFCF9842? E31F                 rol.b   #1, D7
FFCF9844? BF02                 eor.b   D7, D2
FFCF9846? 10C2                 move.b  D2, (A0)+
FFCF9848? DB02                 addx.b  D2, D5
FFCF984A? E519                 rol.b   #2, D1
FFCF984C? 1401                 move.b  D1, D2
FFCF984E? C400                 and.b   D0, D2
FFCF9850? 841C                 or.b    (A4)+, D2
FFCF9852? BB02                 eor.b   D5, D2
FFCF9854? 10C2                 move.b  D2, (A0)+
FFCF9856? DD02                 addx.b  D2, D6
FFCF9858? 4A44                 tst.w   D4
FFCF985A? 6710                 beq     $ffcf986c
FFCF985C? E519                 rol.b   #2, D1
FFCF985E? C200                 and.b   D0, D1
FFCF9860? 821C                 or.b    (A4)+, D1
FFCF9862? BD01                 eor.b   D6, D1
FFCF9864? 10C1                 move.b  D1, (A0)+
FFCF9866? DF01                 addx.b  D1, D7
FFCF9868? 5744                 subq.w  #3, D4
FFCF986A? 60C8                 bra     $ffcf9834
FFCF986C? 121C                 move.b  (A4)+, D1
FFCF986E? E519                 rol.b   #2, D1
FFCF9870? 1401                 move.b  D1, D2
FFCF9872? C400                 and.b   D0, D2
FFCF9874? 161C                 move.b  (A4)+, D3
FFCF9876? 8403                 or.b    D3, D2
FFCF9878? BA02                 cmp.b   D2, D5
FFCF987A? 661C                 bne     $ffcf9898
FFCF987C? E519                 rol.b   #2, D1
FFCF987E? 1401                 move.b  D1, D2
FFCF9880? C400                 and.b   D0, D2
FFCF9882? 161C                 move.b  (A4)+, D3
FFCF9884? 8403                 or.b    D3, D2
FFCF9886? BC02                 cmp.b   D2, D6
FFCF9888? 660E                 bne     $ffcf9898
FFCF988A? E519                 rol.b   #2, D1
FFCF988C? C200                 and.b   D0, D1
FFCF988E? 1614                 move.b  (A4), D3
FFCF9890? 6B06                 bmi     $ffcf9898
FFCF9892? 8203                 or.b    D3, D1
FFCF9894? BE01                 cmp.b   D1, D7
FFCF9896? 6708                 beq     $ffcf98a0
FFCF9898? 70B8                 moveq   #-$48, D0
FFCF989A? 6006                 bra     $ffcf98a2
FFCF989Cd 70BC6002             dc.b    $70,$BC,$60,$02                   ; |p.`.|
FFCF98A0? 7000                 moveq   #$0, D0
FFCF98A2? 4CDF1AFE             movem.l (A7)+, D1-D7/A1/A3-A4
FFCF98A6? 4E75                 rts
FFCF98A8d 3FBF1E343C3FD5AA     dc.b    $3F,$BF,$1E,$34,$3C,$3F,$D5,$AA,$0B,$27,$AA,$3F,$3F,$3F,$3F,$99 ; |?..4<?...'.????.|
FFCF98B8d 080000004E4E4E4E     dc.b    $08,$00,$00,$00,$4E,$4E,$4E,$4E,$00,$00,$00,$00,$99,$C2,$99,$C2 ; |....NNNN........|
FFCF98C8d 99C299FC99A199A1     dc.b    $99,$C2,$99,$FC,$99,$A1,$99,$A1,$99,$A1,$99,$FE,$99,$A1,$99,$A1 ; |................|
FFCF98D8d 99A199FB48E77F48     dc.b    $99,$A1,$99,$FB,$48,$E7,$7F,$48,$28,$69,$02,$D8,$08,$31,$00,$02 ; |....H..H(i...1..|
FFCF98E8d 8161FF8C6642203A     dc.b    $81,$61,$FF,$8C,$66,$42,$20,$3A,$FF,$CC,$28,$C0,$28,$C0,$38,$C0 ; |.a..fB :..(.(.8.|
FFCF98F8d 203AFFC628C028C0     dc.b    $20,$3A,$FF,$C6,$28,$C0,$28,$C0,$28,$C0,$43,$FA,$FF,$D0,$28,$D9 ; | :..(.(.(.C...(.|
FFCF9908d 28D938FC990F224C     dc.b    $28,$D9,$38,$FC,$99,$0F,$22,$4C,$20,$3C,$00,$00,$02,$00,$FC,$13 ; |(.8..."L <......|
FFCF9918? 49EC0200             lea     ($200,A4), A4
FFCF991C? 38FC9904             move.w  #$9904, (A4)+
FFCF9920? 223AFF9A             move.l  ($ffcf98bc,PC), D1
FFCF9924? 38C1                 move.w  D1, (A4)+
FFCF9926? 38C1                 move.w  D1, (A4)+
FFCF9928? 38FC9908             move.w  #$9908, (A4)+
FFCF992C? 600000AC             bra     $ffcf99da
FFCF9930? 7400                 moveq   #$0, D2
FFCF9932? 1429049A             move.b  ($49a,A1), D2
FFCF9936? 43FAFF70             lea     ($ffcf98a8,PC), A1
FFCF993A? 7007                 moveq   #$7, D0
FFCF993C? 18D9                 move.b  (A1)+, (A4)+
FFCF993E? 51C8FFFC             dbra    D0, $ffcf993c
FFCF9942? 224B                 movea.l A3, A1
FFCF9944? 283C02010009         move.l  #$2010009, D4
FFCF994A? 7600                 moveq   #$0, D3
FFCF994C? 7A00                 moveq   #$0, D5
FFCF994E? 7C00                 moveq   #$0, D6
FFCF9950? 7E00                 moveq   #$0, D7
FFCF9952? 720B                 moveq   #$b, D1
FFCF9954? 9040                 sub.w   D0, D0
FFCF9956? 601A                 bra     $ffcf9972
FFCF9958? 2248                 movea.l A0, A1
FFCF995A? DF02                 addx.b  D2, D7
FFCF995C? BD02                 eor.b   D6, D2
FFCF995E? 1602                 move.b  D2, D3
FFCF9960? EC4B                 lsr.w   #6, D3
FFCF9962? 18C3                 move.b  D3, (A4)+
FFCF9964? 5744                 subq.w  #3, D4
FFCF9966? 1607                 move.b  D7, D3
FFCF9968? D607                 add.b   D7, D3
FFCF996A? E31F                 rol.b   #1, D7
FFCF996C? 0200003F             andi.b  #$3f, D0
FFCF9970? 18C0                 move.b  D0, (A4)+
FFCF9972? 1019                 move.b  (A1)+, D0
FFCF9974? DB00                 addx.b  D0, D5
FFCF9976? BF00                 eor.b   D7, D0
FFCF9978? 1600                 move.b  D0, D3
FFCF997A? E55B                 rol.w   #2, D3
FFCF997C? 0201003F             andi.b  #$3f, D1
FFCF9980? 18C1                 move.b  D1, (A4)+
FFCF9982? 1219                 move.b  (A1)+, D1
FFCF9984? DD01                 addx.b  D1, D6
FFCF9986? BB01                 eor.b   D5, D1
FFCF9988? 1601                 move.b  D1, D3
FFCF998A? E55B                 rol.w   #2, D3
FFCF998C? 0202003F             andi.b  #$3f, D2
FFCF9990? 18C2                 move.b  D2, (A4)+
FFCF9992? 1419                 move.b  (A1)+, D2
FFCF9994? 4A44                 tst.w   D4
FFCF9996? 66C2                 bne     $ffcf995a
FFCF9998? 4844                 swap    D4
FFCF999A? 66BC                 bne     $ffcf9958
FFCF999C? 4203                 clr.b   D3
FFCF999E? EC4B                 lsr.w   #6, D3
FFCF99A0? 18C3                 move.b  D3, (A4)+
FFCF99A2? 1605                 move.b  D5, D3
FFCF99A4? E55B                 rol.w   #2, D3
FFCF99A6? 1606                 move.b  D6, D3
FFCF99A8? E55B                 rol.w   #2, D3
FFCF99AA? 0200003F             andi.b  #$3f, D0
FFCF99AE? 18C0                 move.b  D0, (A4)+
FFCF99B0? 0201003F             andi.b  #$3f, D1
FFCF99B4? 18C1                 move.b  D1, (A4)+
FFCF99B6? 1607                 move.b  D7, D3
FFCF99B8? EC4B                 lsr.w   #6, D3
FFCF99BA? 18C3                 move.b  D3, (A4)+
FFCF99BC? 0205003F             andi.b  #$3f, D5
FFCF99C0? 18C5                 move.b  D5, (A4)+
FFCF99C2? 0206003F             andi.b  #$3f, D6
FFCF99C6? 18C6                 move.b  D6, (A4)+
FFCF99C8? 0207003F             andi.b  #$3f, D7
FFCF99CC? 18C7                 move.b  D7, (A4)+
FFCF99CE? 41FAFEE1             lea     ($ffcf98b1,PC), A0
FFCF99D2? 7407                 moveq   #$7, D2
FFCF99D4? 18D8                 move.b  (A0)+, (A4)+
FFCF99D6? 51CAFFFC             dbra    D2, $ffcf99d4
FFCF99DA? 200C                 move.l  A4, D0
FFCF99DC? 4CDF12FE             movem.l (A7)+, D1-D7/A1/A4
FFCF99E0? 234002D8             move.l  D0, ($2d8,A1)
FFCF99E4? 7000                 moveq   #$0, D0
FFCF99E6? 4E75                 rts
FFCF99E8d 2F29FFEC4E75         dc.b    $2F,$29,$FF,$EC,$4E,$75           ; |/)..Nu|
FFCF99EE? 235F0284             move.l  (A7)+, ($284,A1)
FFCF99F2? 7400                 moveq   #$0, D2
FFCF99F4? 1431100C             move.b  ($c,A1,D1.w), D2
FFCF99F8? 103B2120F787         move.b  (-$879,PC,D2.w), D0
FFCF99FE? B0311008             cmp.b   ($8,A1,D1.w), D0
FFCF9A02? 660A                 bne     $ffcf9a0e
FFCF9A04? 41FA0012             lea     ($ffcf9a18,PC), A0
FFCF9A08? D0F02200             adda.w  (A0,D2.w*2), A0
FFCF9A0C? 4ED0                 jmp     (A0)
FFCF9A0E? 70CE                 moveq   #-$32, D0
FFCF9A10? 2F290284             move.l  ($284,A1), -(A7)
FFCF9A14? 4A40                 tst.w   D0
FFCF9A16? 4E75                 rts
FFCF9A18d FFF6FFF6FFF60016     dc.b    $FF,$F6,$FF,$F6,$FF,$F6,$00,$16,$00,$16,$01,$EA,$01,$EA,$FF,$F6 ; |................|
FFCF9A28d FFF6FFF6FFF6         dc.b    $FF,$F6,$FF,$F6,$FF,$F6           ; |......|
FFCF9A2E? 2F0C                 move.l  A4, -(A7)
FFCF9A30? 2869037C             movea.l ($37c,A1), A4
FFCF9A34? 303C00C8             move.w  #$c8, D0
FFCF9A38? 61000170             bsr     $ffcf9baa
FFCF9A3C? 7000                 moveq   #$0, D0
FFCF9A3E? 102904A6             move.b  ($4a6,A1), D0
FFCF9A42? 61000166             bsr     $ffcf9baa
FFCF9A46? 61000168             bsr     $ffcf9bb0
FFCF9A4A? 2669047C             movea.l ($47c,A1), A3
FFCF9A4E? 20290480             move.l  ($480,A1), D0
FFCF9A52? 6630                 bne     $ffcf9a84
FFCF9A54? 303C0001             move.w  #$1, D0
FFCF9A58? 61000150             bsr     $ffcf9baa
FFCF9A5C? 38FCD5AA             move.w  #$d5aa, (A4)+
FFCF9A60? 18FC000B             move.b  #$b, (A4)+
FFCF9A64? 7000                 moveq   #$0, D0
FFCF9A66? 1029049A             move.b  ($49a,A1), D0
FFCF9A6A? 18F1012004A8         move.b  ($4a8,A1,D0.w), (A4)+
FFCF9A70? 303C02BE             move.w  #$2be, D0
FFCF9A74? 421C                 clr.b   (A4)+
FFCF9A76? 51C8FFFC             dbra    D0, $ffcf9a74
FFCF9A7A? 38FC27AA             move.w  #$27aa, (A4)+
FFCF9A7E? 18FC003F             move.b  #$3f, (A4)+
FFCF9A82? 602A                 bra     $ffcf9aae
FFCF9A84? 234C02D8             move.l  A4, ($2d8,A1)
FFCF9A88? 2040                 movea.l D0, A0
FFCF9A8A? 7000                 moveq   #$0, D0
FFCF9A8C? 1029049A             move.b  ($49a,A1), D0
FFCF9A90? 1031012004A8         move.b  ($4a8,A1,D0.w), D0
FFCF9A96? 3400                 move.w  D0, D2
FFCF9A98? D040                 add.w   D0, D0
FFCF9A9A? E148                 lsl.w   #8, D0
FFCF9A9C? D0C0                 adda.w  D0, A0
FFCF9A9E? C4FC000C             mulu.w  #$c, D2
FFCF9AA2? D6C2                 adda.w  D2, A3
FFCF9AA4? 6100FE36             bsr     $ffcf98dc
FFCF9AA8? 286902D8             movea.l ($2d8,A1), A4
FFCF9AAC? 578C                 subq.l  #3, A4
FFCF9AAE? 5229049A             addq.b  #1, ($49a,A1)
FFCF9AB2? 1029049A             move.b  ($49a,A1), D0
FFCF9AB6? B029049D             cmp.b   ($49d,A1), D0
FFCF9ABA? 6D80                 blt     $ffcf9a3c
FFCF9ABC? 4229049A             clr.b   ($49a,A1)
FFCF9AC0? 28FC3F3F3F3F         move.l  #$3f3f3f3f, (A4)+
FFCF9AC6? 38FC9908             move.w  #$9908, (A4)+
FFCF9ACA? 285F                 movea.l (A7)+, A4
FFCF9ACC? 7000                 moveq   #$0, D0
FFCF9ACE? 10290499             move.b  ($499,A1), D0
FFCF9AD2? 41FAF6BA             lea     ($ffcf918e,PC), A0
FFCF9AD6? 10300000             move.b  (A0,D0.w), D0
FFCF9ADA? 610005F2             bsr     sub_FFCFA0CE
FFCF9ADE? 206902DC             movea.l ($2dc,A1), A0
FFCF9AE2? 203C80008000         move.l  #$80008000, D0
FFCF9AE8? 61000978             bsr     $ffcfa462
FFCF9AEC? 4A318161FF80         tst.b   ([-$80,A1])
FFCF9AF2? 13BC00088161FF90     move.b  #$8, ([-$70,A1])
FFCF9AFA? 4E71                 nop
FFCF9AFC? 13BC00408161FF94     move.b  #$40, ([-$6c,A1])
FFCF9B04? 4E71                 nop
FFCF9B06? 243C0000012C         move.l  #$12c, D2
FFCF9B0C? 203C00080003         move.l  #$80003, D0
FFCF9B12? 61000806             bsr     $ffcfa31a
FFCF9B16? 61000956             bsr     $ffcfa46e
FFCF9B1A? 13BC00088161FF90     move.b  #$8, ([-$70,A1])
FFCF9B22? 4E71                 nop
FFCF9B24? 13BC00408161FF90     move.b  #$40, ([-$70,A1])
FFCF9B2C? 4E71                 nop
FFCF9B2E? A193                 _Microseconds                             ; A-line trap A193
FFCF9B30? 2600                 move.l  D0, D3
FFCF9B32? 6100F65C             bsr     $ffcf9190
FFCF9B36? 6646                 bne     $ffcf9b7e
FFCF9B38? 4A290486             tst.b   ($486,A1)
FFCF9B3C? 6716                 beq     $ffcf9b54
FFCF9B3E? 70AE                 moveq   #-$52, D0
FFCF9B40? 142904A6             move.b  ($4a6,A1), D2
FFCF9B44? 5302                 subq.b  #1, D2
FFCF9B46? 0C020004             cmpi.b  #$4, D2
FFCF9B4A? 6D32                 blt     $ffcf9b7e
FFCF9B4C? 134204A6             move.b  D2, ($4a6,A1)
FFCF9B50? 6000FEDC             bra     $ffcf9a2e
FFCF9B54? A193                 _Microseconds                             ; A-line trap A193
FFCF9B56? 9083                 sub.l   D3, D0
FFCF9B58? E888                 lsr.l   #4, D0
FFCF9B5A? 04800000000A         subi.l  #$a, D0
FFCF9B60? 80FC0005             divu.w  #$5, D0
FFCF9B64? 902904A6             sub.b   ($4a6,A1), D0
FFCF9B68? 6E04                 bgt     $ffcf9b6e
FFCF9B6A? 70AD                 moveq   #-$53, D0
FFCF9B6C? 60D2                 bra     $ffcf9b40
FFCF9B6E? 3600                 move.w  D0, D3
FFCF9B70? 7000                 moveq   #$0, D0
FFCF9B72? E28B                 lsr.l   #1, D3
FFCF9B74? B629049D             cmp.b   ($49d,A1), D3
FFCF9B78? 6D04                 blt     $ffcf9b7e
FFCF9B7A? 522904A6             addq.b  #1, ($4a6,A1)
FFCF9B7E? 4AA90480             tst.l   ($480,A1)
FFCF9B82? 6700FE8C             beq     $ffcf9a10
FFCF9B86? 7400                 moveq   #$0, D2
FFCF9B88? 1429049D             move.b  ($49d,A1), D2
FFCF9B8C? 2602                 move.l  D2, D3
FFCF9B8E? D442                 add.w   D2, D2
FFCF9B90? E14A                 lsl.w   #8, D2
FFCF9B92? D5A90480             add.l   D2, ($480,A1)
FFCF9B96? C6FC000C             mulu.w  #$c, D3
FFCF9B9A? D7A9047C             add.l   D3, ($47c,A1)
FFCF9B9E? 6000FE70             bra     $ffcf9a10
FFCF9BA2? 41FAFD04             lea     ($ffcf98a8,PC), A0
FFCF9BA6? 28D8                 move.l  (A0)+, (A4)+
FFCF9BA8? 38D8                 move.w  (A0)+, (A4)+
FFCF9BAA? 51C8FFF6             dbra    D0, $ffcf9ba2
FFCF9BAE? 4E75                 rts
FFCF9BB0? 38FCD5AA             move.w  #$d5aa, (A4)+
FFCF9BB4? 421C                 clr.b   (A4)+
FFCF9BB6? 7400                 moveq   #$0, D2
FFCF9BB8? 7000                 moveq   #$0, D0
FFCF9BBA? 16290498             move.b  ($498,A1), D3
FFCF9BBE? 1003                 move.b  D3, D0
FFCF9BC0? 0200003F             andi.b  #$3f, D0
FFCF9BC4? B102                 eor.b   D0, D2
FFCF9BC6? 18C0                 move.b  D0, (A4)+
FFCF9BC8? 1029049A             move.b  ($49a,A1), D0
FFCF9BCC? 1031012004A8         move.b  ($4a8,A1,D0.w), D0
FFCF9BD2? B102                 eor.b   D0, D2
FFCF9BD4? 18C0                 move.b  D0, (A4)+
FFCF9BD6? EC0B                 lsr.b   #6, D3
FFCF9BD8? 4A290499             tst.b   ($499,A1)
FFCF9BDC? 6704                 beq     $ffcf9be2
FFCF9BDE? 08C30005             bset    #$5, D3
FFCF9BE2? B702                 eor.b   D3, D2
FFCF9BE4? 18C3                 move.b  D3, (A4)+
FFCF9BE6? 102904A7             move.b  ($4a7,A1), D0
FFCF9BEA? 02000020             andi.b  #$20, D0
FFCF9BEE? 802904A0             or.b    ($4a0,A1), D0
FFCF9BF2? B102                 eor.b   D0, D2
FFCF9BF4? 18C0                 move.b  D0, (A4)+
FFCF9BF6? 18C2                 move.b  D2, (A4)+
FFCF9BF8? 38FC27AA             move.w  #$27aa, (A4)+
FFCF9BFC? 18FC003F             move.b  #$3f, (A4)+
FFCF9C00? 4E75                 rts
FFCF9C02? 2F0C                 move.l  A4, -(A7)
FFCF9C04? 2869037C             movea.l ($37c,A1), A4
FFCF9C08? 303C0050             move.w  #$50, D0
FFCF9C0C? 243AFCAE             move.l  ($ffcf98bc,PC), D2
FFCF9C10? 6100015A             bsr     $ffcf9d6c
FFCF9C14? 700C                 moveq   #$c, D0
FFCF9C16? 243AFCA8             move.l  ($ffcf98c0,PC), D2
FFCF9C1A? 61000150             bsr     $ffcf9d6c
FFCF9C1E? 41FAFCA4             lea     ($ffcf98c4,PC), A0
FFCF9C22? 28D8                 move.l  (A0)+, (A4)+
FFCF9C24? 28D8                 move.l  (A0)+, (A4)+
FFCF9C26? 7032                 moveq   #$32, D0
FFCF9C28? 243AFC92             move.l  ($ffcf98bc,PC), D2
FFCF9C2C? 6100013E             bsr     $ffcf9d6c
FFCF9C30? 700C                 moveq   #$c, D0
FFCF9C32? 243AFC8C             move.l  ($ffcf98c0,PC), D2
FFCF9C36? 61000134             bsr     $ffcf9d6c
FFCF9C3A? 41FAFC90             lea     ($ffcf98cc,PC), A0
FFCF9C3E? 28D8                 move.l  (A0)+, (A4)+
FFCF9C40? 28D8                 move.l  (A0)+, (A4)+
FFCF9C42? 61000140             bsr     $ffcf9d84
FFCF9C46? 20290480             move.l  ($480,A1), D0
FFCF9C4A? 6632                 bne     $ffcf9c7e
FFCF9C4C? 7016                 moveq   #$16, D0
FFCF9C4E? 243AFC6C             move.l  ($ffcf98bc,PC), D2
FFCF9C52? 61000118             bsr     $ffcf9d6c
FFCF9C56? 700C                 moveq   #$c, D0
FFCF9C58? 243AFC66             move.l  ($ffcf98c0,PC), D2
FFCF9C5C? 6100010E             bsr     $ffcf9d6c
FFCF9C60? 41FAFC72             lea     ($ffcf98d4,PC), A0
FFCF9C64? 28D8                 move.l  (A0)+, (A4)+
FFCF9C66? 28D8                 move.l  (A0)+, (A4)+
FFCF9C68? 38FC990F             move.w  #$990f, (A4)+
FFCF9C6C? 707F                 moveq   #$7f, D0
FFCF9C6E? 28FCF6F6F6F6         move.l  #$f6f6f6f6, (A4)+
FFCF9C74? 51C8FFF8             dbra    D0, $ffcf9c6e
FFCF9C78? 38FC9904             move.w  #$9904, (A4)+
FFCF9C7C? 602E                 bra     $ffcf9cac
FFCF9C7E? 700C                 moveq   #$c, D0
FFCF9C80? 243AFC3A             move.l  ($ffcf98bc,PC), D2
FFCF9C84? 610000E6             bsr     $ffcf9d6c
FFCF9C88? 234C02D8             move.l  A4, ($2d8,A1)
FFCF9C8C? 20690480             movea.l ($480,A1), A0
FFCF9C90? 7000                 moveq   #$0, D0
FFCF9C92? 1029049A             move.b  ($49a,A1), D0
FFCF9C96? 1031012004A8         move.b  ($4a8,A1,D0.w), D0
FFCF9C9C? D040                 add.w   D0, D0
FFCF9C9E? E148                 lsl.w   #8, D0
FFCF9CA0? D0C0                 adda.w  D0, A0
FFCF9CA2? 6100FC38             bsr     $ffcf98dc
FFCF9CA6? 286902D8             movea.l ($2d8,A1), A4
FFCF9CAA? 558C                 subq.l  #2, A4
FFCF9CAC? 7000                 moveq   #$0, D0
FFCF9CAE? 102904A6             move.b  ($4a6,A1), D0
FFCF9CB2? 243AFC08             move.l  ($ffcf98bc,PC), D2
FFCF9CB6? 610000B4             bsr     $ffcf9d6c
FFCF9CBA? 5229049A             addq.b  #1, ($49a,A1)
FFCF9CBE? 1029049A             move.b  ($49a,A1), D0
FFCF9CC2? B029049D             cmp.b   ($49d,A1), D0
FFCF9CC6? 6D00FF68             blt     $ffcf9c30
FFCF9CCA? 7066                 moveq   #$66, D0
FFCF9CCC? 4A290499             tst.b   ($499,A1)
FFCF9CD0? 6702                 beq     $ffcf9cd4
FFCF9CD2? D080                 add.l   D0, D0
FFCF9CD4? 243AFBE6             move.l  ($ffcf98bc,PC), D2
FFCF9CD8? 61000092             bsr     $ffcf9d6c
FFCF9CDC? 38FC9908             move.w  #$9908, (A4)+
FFCF9CE0? 285F                 movea.l (A7)+, A4
FFCF9CE2? 4229049A             clr.b   ($49a,A1)
FFCF9CE6? 7602                 moveq   #$2, D3
FFCF9CE8? 7000                 moveq   #$0, D0
FFCF9CEA? 10290499             move.b  ($499,A1), D0
FFCF9CEE? 41FAF49C             lea     ($ffcf918c,PC), A0
FFCF9CF2? 10300000             move.b  (A0,D0.w), D0
FFCF9CF6? 610003D6             bsr     sub_FFCFA0CE
FFCF9CFA? 206902DC             movea.l ($2dc,A1), A0
FFCF9CFE? 203C80008000         move.l  #$80008000, D0
FFCF9D04? 6100075C             bsr     $ffcfa462
FFCF9D08? 4A318161FF80         tst.b   ([-$80,A1])
FFCF9D0E? 13BC00088161FF90     move.b  #$8, ([-$70,A1])
FFCF9D16? 4E71                 nop
FFCF9D18? 13BC00408161FF94     move.b  #$40, ([-$6c,A1])
FFCF9D20? 4E71                 nop
FFCF9D22? 243C00000258         move.l  #$258, D2
FFCF9D28? 203C00080003         move.l  #$80003, D0
FFCF9D2E? 610005EA             bsr     $ffcfa31a
FFCF9D32? 6100073A             bsr     $ffcfa46e
FFCF9D36? 13BC00088161FF90     move.b  #$8, ([-$70,A1])
FFCF9D3E? 4E71                 nop
FFCF9D40? 13BC00408161FF90     move.b  #$40, ([-$70,A1])
FFCF9D48? 4A40                 tst.w   D0
FFCF9D4A? 57CBFF9C             dbeq    D3, $ffcf9ce8
FFCF9D4E? 6600FCC0             bne     $ffcf9a10
FFCF9D52? 4AA90480             tst.l   ($480,A1)
FFCF9D56? 6700FCB8             beq     $ffcf9a10
FFCF9D5A? 7400                 moveq   #$0, D2
FFCF9D5C? 1429049D             move.b  ($49d,A1), D2
FFCF9D60? D442                 add.w   D2, D2
FFCF9D62? E14A                 lsl.w   #8, D2
FFCF9D64? D5A90480             add.l   D2, ($480,A1)
FFCF9D68? 6000FCA6             bra     $ffcf9a10
FFCF9D6Cd E4986002             dc.b    $E4,$98,$60,$02                   ; |..`.|
FFCF9D70? 28C2                 move.l  D2, (A4)+
FFCF9D72? 51C8FFFC             dbra    D0, $ffcf9d70
FFCF9D76? 5240                 addq.w  #1, D0
FFCF9D78? E598                 rol.l   #2, D0
FFCF9D7A? 6002                 bra     $ffcf9d7e
FFCF9D7C? 18C2                 move.b  D2, (A4)+
FFCF9D7E? 51C8FFFC             dbra    D0, $ffcf9d7c
FFCF9D82? 4E75                 rts
FFCF9D84? 18E90498             move.b  ($498,A1), (A4)+
FFCF9D88? 7000                 moveq   #$0, D0
FFCF9D8A? 4A290499             tst.b   ($499,A1)
FFCF9D8E? 6702                 beq     $ffcf9d92
FFCF9D90? 5200                 addq.b  #1, D0
FFCF9D92? 18C0                 move.b  D0, (A4)+
FFCF9D94? 1029049A             move.b  ($49a,A1), D0
FFCF9D98? 1031012004A8         move.b  ($4a8,A1,D0.w), D0
FFCF9D9E? 5200                 addq.b  #1, D0
FFCF9DA0? 18C0                 move.b  D0, (A4)+
FFCF9DA2? 102904A7             move.b  ($4a7,A1), D0
FFCF9DA6? 0200001F             andi.b  #$1f, D0
FFCF9DAA? 18C0                 move.b  D0, (A4)+
FFCF9DAC? 38FC9904             move.w  #$9904, (A4)+
FFCF9DB0? 4E75                 rts
FFCF9DB2d 2F29FFE44E75         dc.b    $2F,$29,$FF,$E4,$4E,$75           ; |/)..Nu|
FFCF9DB8? 30290166             move.w  ($166,A1), D0
FFCF9DBC? 10310000             move.b  (A1,D0.w), D0
FFCF9DC0? 610003A6             bsr     sub_FFCFA168
FFCF9DC4? 103C0020             move.b  #$20, D0
FFCF9DC8? 61000304             bsr     sub_FFCFA0CE
FFCF9DCC? 6706                 beq     $ffcf9dd4
FFCF9DCE? 6148                 bsr     sub_FFCF9E18
FFCF9DD0? 70BF                 moveq   #-$41, D0
FFCF9DD2? 4E75                 rts
FFCF9DD4? 336901660168         move.w  ($166,A1), ($168,A1)
FFCF9DDA? 137C000504BA         move.b  #$5, ($4ba,A1)
FFCF9DE0? 103C0002             move.b  #$2, D0
FFCF9DE4? 610002E8             bsr     sub_FFCFA0CE
FFCF9DE8? 6726                 beq     $ffcf9e10
FFCF9DEA? 6100021C             bsr     $ffcfa008
FFCF9DEE? 6704                 beq     $ffcf9df4
FFCF9DF0? 61000324             bsr     sub_FFCFA116
FFCF9DF4? 7002                 moveq   #$2, D0
FFCF9DF6? 6100031E             bsr     sub_FFCFA116
FFCF9DFA? 41E90238             lea     ($238,A1), A0
FFCF9DFE? 6100048A             bsr     loc_FFCFA28A
FFCF9E02? 7032                 moveq   #$32, D0
FFCF9E04? 61000432             bsr     sub_FFCFA238
FFCF9E08? 237C0000012C0294     move.l  #$12c, ($294,A1)
FFCF9E10? 32290168             move.w  ($168,A1), D1
FFCF9E14? 7000                 moveq   #$0, D0
FFCF9E16? 4E75                 rts

sub_FFCF9E18:
FFCF9E18* 2F29FFE8             move.l  (-$18,A1), -(A7)
FFCF9E1C* 4E75                 rts
FFCF9E1E* 42690168             clr.w   ($168,A1)
FFCF9E22* 422904BA             clr.b   ($4ba,A1)
FFCF9E26* 103C0006             move.b  #$6, D0
FFCF9E2A* 610002EA             bsr     sub_FFCFA116
FFCF9E2E* 13BC00188161FF90     move.b  #$18, ([-$70,A1])
FFCF9E36* 4E71                 nop
FFCF9E38* 13BC00068161FF90     move.b  #$6, ([-$70,A1])
FFCF9E40* 42A90294             clr.l   ($294,A1)
FFCF9E44* 41E90238             lea     ($238,A1), A0
FFCF9E48* 4EFA0440             jmp     (loc_FFCFA28A,PC)
FFCF9E4Cd 2F29FFE04E75         dc.b    $2F,$29,$FF,$E0,$4E,$75           ; |/)..Nu|
FFCF9E52? 241F                 move.l  (A7)+, D2
FFCF9E54? 41E90238             lea     ($238,A1), A0
FFCF9E58? 61000414             bsr     sub_FFCFA26E
FFCF9E5C? 337C05350298         move.w  #$535, ($298,A1)
FFCF9E62? 7026                 moveq   #$26, D0
FFCF9E64? 61000268             bsr     sub_FFCFA0CE
FFCF9E68? 663E                 bne     $ffcf9ea8
FFCF9E6A? 4AA90294             tst.l   ($294,A1)
FFCF9E6E? 6620                 bne     $ffcf9e90
FFCF9E70? 30290298             move.w  ($298,A1), D0
FFCF9E74? 0A400535             eori.w  #$535, D0
FFCF9E78? 674C                 beq     $ffcf9ec6
FFCF9E7A? 41E9020E             lea     ($20e,A1), A0
FFCF9E7E? 6100040A             bsr     loc_FFCFA28A
FFCF9E82? 700A                 moveq   #$a, D0
FFCF9E84? 610003B2             bsr     sub_FFCFA238
FFCF9E88? 610003E4             bsr     sub_FFCFA26E
FFCF9E8C? 7000                 moveq   #$0, D0
FFCF9E8E? 6036                 bra     $ffcf9ec6
FFCF9E90? 41E9020E             lea     ($20e,A1), A0
FFCF9E94? 610003F4             bsr     loc_FFCFA28A
FFCF9E98? 20290294             move.l  ($294,A1), D0
FFCF9E9C? 6100039A             bsr     sub_FFCFA238
FFCF9EA0? 7000                 moveq   #$0, D0
FFCF9EA2? 23400294             move.l  D0, ($294,A1)
FFCF9EA6? 601E                 bra     $ffcf9ec6
FFCF9EA8? 203CFFFFFD12         move.l  #$fffffd12, D0
FFCF9EAE? 6124                 bsr     $ffcf9ed4
FFCF9EB0? 41E90238             lea     ($238,A1), A0
FFCF9EB4? 610003B8             bsr     sub_FFCFA26E
FFCF9EB8? 53690298             subq.w  #1, ($298,A1)
FFCF9EBC? 66A4                 bne     $ffcf9e62
FFCF9EBE? 6100FF58             bsr     sub_FFCF9E18
FFCF9EC2? 303CFFB1             move.w  #$ffb1, D0
FFCF9EC6? 2F02                 move.l  D2, -(A7)
FFCF9EC8? 4A40                 tst.w   D0
FFCF9ECA? 4E75                 rts
FFCF9ECCd 41E9020E4EFA039C     dc.b    $41,$E9,$02,$0E,$4E,$FA,$03,$9C,$2F,$29,$FF,$DC,$4E,$75,$41,$E9 ; |A...N.../)..NuA.|
FFCF9EDCd 02384EFA03584EBA     dc.b    $02,$38,$4E,$FA,$03,$58,$4E,$BA,$FF,$F0,$4E,$FA,$03,$86,$2F,$29 ; |.8N..XN...N.../)|
FFCF9EECd FFD84E75             dc.b    $FF,$D8,$4E,$75                   ; |..Nu|
FFCF9EF0? 235F0288             move.l  (A7)+, ($288,A1)
FFCF9EF4? 32290168             move.w  ($168,A1), D1
FFCF9EF8? 42311014             clr.b   ($14,A1,D1.w)
FFCF9EFC? 4229048A             clr.b   ($48a,A1)
FFCF9F00? 6100014A             bsr     sub_FFCFA04C
FFCF9F04? 664C                 bne     $ffcf9f52
FFCF9F06? 6100FEAA             bsr     $ffcf9db2
FFCF9F0A? 6646                 bne     $ffcf9f52
FFCF9F0C? 610000FA             bsr     $ffcfa008
FFCF9F10? 6718                 beq     $ffcf9f2a
FFCF9F12? 61000202             bsr     sub_FFCFA116
FFCF9F16? 41E90238             lea     ($238,A1), A0
FFCF9F1A? 61000352             bsr     sub_FFCFA26E
FFCF9F1E? 7032                 moveq   #$32, D0
FFCF9F20? 61B2                 bsr     $ffcf9ed4
FFCF9F22? 237C0000012C0294     move.l  #$12c, ($294,A1)
FFCF9F2A? 6100FF20             bsr     $ffcf9e4c
FFCF9F2E? 6622                 bne     $ffcf9f52
FFCF9F30? 42311010             clr.b   ($10,A1,D1.w)
FFCF9F34? 13BC004F1014         move.b  #$4f, ($14,A1,D1.w)
FFCF9F3A? 7000                 moveq   #$0, D0
FFCF9F3C? 6132                 bsr     $ffcf9f70
FFCF9F3E? 6100FF0C             bsr     $ffcf9e4c
FFCF9F42? 660E                 bne     $ffcf9f52
FFCF9F44? 7022                 moveq   #$22, D0
FFCF9F46? 61000186             bsr     sub_FFCFA0CE
FFCF9F4A? 6704                 beq     $ffcf9f50
FFCF9F4C? 70B4                 moveq   #-$4c, D0
FFCF9F4E? 6002                 bra     $ffcf9f52
FFCF9F50? 7000                 moveq   #$0, D0
FFCF9F52? 13801010             move.b  D0, ($10,A1,D1.w)
FFCF9F56? 13801014             move.b  D0, ($14,A1,D1.w)
FFCF9F5A? 670C                 beq     $ffcf9f68
FFCF9F5C? 4231100C             clr.b   ($c,A1,D1.w)
FFCF9F60? 2F00                 move.l  D0, -(A7)
FFCF9F62? 6100FEB4             bsr     sub_FFCF9E18
FFCF9F66? 201F                 move.l  (A7)+, D0
FFCF9F68? 2F290288             move.l  ($288,A1), -(A7)
FFCF9F6C? 4A40                 tst.w   D0
FFCF9F6E? 4E75                 rts
FFCF9F70d 2F29FFD44E75         dc.b    $2F,$29,$FF,$D4,$4E,$75           ; |/)..Nu|
FFCF9F76? 235F028C             move.l  (A7)+, ($28c,A1)
FFCF9F7A? 4229049F             clr.b   ($49f,A1)
FFCF9F7E? 1340048A             move.b  D0, ($48a,A1)
FFCF9F82? 1400                 move.b  D0, D2
FFCF9F84? 70CE                 moveq   #-$32, D0
FFCF9F86? 0C020050             cmpi.b  #$50, D2
FFCF9F8A? 6C6A                 bge     $ffcf9ff6
FFCF9F8C? 32290168             move.w  ($168,A1), D1
FFCF9F90? 10311010             move.b  ($10,A1,D1.w), D0
FFCF9F94? 6660                 bne     $ffcf9ff6
FFCF9F96? 10311014             move.b  ($14,A1,D1.w), D0
FFCF9F9A? 13821014             move.b  D2, ($14,A1,D1.w)
FFCF9F9E? 9002                 sub.b   D2, D0
FFCF9FA0? 6754                 beq     $ffcf9ff6
FFCF9FA2? 1400                 move.b  D0, D2
FFCF9FA4? 6B08                 bmi     $ffcf9fae
FFCF9FA6? 7004                 moveq   #$4, D0
FFCF9FA8? 6100016C             bsr     sub_FFCFA116
FFCF9FAC? 6008                 bra     $ffcf9fb6
FFCF9FAE? 4402                 neg.b   D2
FFCF9FB0? 7000                 moveq   #$0, D0
FFCF9FB2? 61000162             bsr     sub_FFCFA116
FFCF9FB6? 7001                 moveq   #$1, D0
FFCF9FB8? 61000114             bsr     sub_FFCFA0CE
FFCF9FBC? 13828161FF9C         move.b  D2, ([-$64,A1])
FFCF9FC2? 243C00002D00         move.l  #$2d00, D2
FFCF9FC8? 203C00800001         move.l  #$800001, D0
FFCF9FCE? 6100034A             bsr     $ffcfa31a
FFCF9FD2? 662A                 bne     $ffcf9ffe
FFCF9FD4? 13BC00808161FF90     move.b  #$80, ([-$70,A1])
FFCF9FDC? 41E90238             lea     ($238,A1), A0
FFCF9FE0? 6100028C             bsr     sub_FFCFA26E
FFCF9FE4? 203CFFFFFE0C         move.l  #$fffffe0c, D0
FFCF9FEA? 6100FEE8             bsr     $ffcf9ed4
FFCF9FEE? 610000B4             bsr     sub_FFCFA0A4
FFCF9FF2? 660A                 bne     $ffcf9ffe
FFCF9FF4? 7000                 moveq   #$0, D0
FFCF9FF6? 2F29028C             move.l  ($28c,A1), -(A7)
FFCF9FFA? 4880                 ext.w   D0
FFCF9FFC? 4E75                 rts
FFCF9FFE? 13801010             move.b  D0, ($10,A1,D1.w)
FFCFA002? 13801014             move.b  D0, ($14,A1,D1.w)
FFCFA006? 60EE                 bra     $ffcf9ff6
FFCFA008? 10311004             move.b  ($4,A1,D1.w), D0
FFCFA00C? 0C000004             cmpi.b  #$4, D0
FFCFA010? 6636                 bne     $ffcfa048
FFCFA012? 7421                 moveq   #$21, D2
FFCFA014? 1031100C             move.b  ($c,A1,D1.w), D0
FFCFA018? 0C000005             cmpi.b  #$5, D0
FFCFA01C? 6712                 beq     $ffcfa030
FFCFA01E? 0C000007             cmpi.b  #$7, D0
FFCFA022? 670A                 beq     $ffcfa02e
FFCFA024? 10311008             move.b  ($8,A1,D1.w), D0
FFCFA028? 0C000004             cmpi.b  #$4, D0
FFCFA02C? 6702                 beq     $ffcfa030
FFCFA02E? 7425                 moveq   #$25, D2
FFCFA030? 7025                 moveq   #$25, D0
FFCFA032? 6100009A             bsr     sub_FFCFA0CE
FFCFA036? 6608                 bne     $ffcfa040
FFCFA038? 1002                 move.b  D2, D0
FFCFA03A? 0C000025             cmpi.b  #$25, D0
FFCFA03E? 4E75                 rts
FFCFA040? 1002                 move.b  D2, D0
FFCFA042? 0C000021             cmpi.b  #$21, D0
FFCFA046? 4E75                 rts
FFCFA048d 70004E75             dc.b    $70,$00,$4E,$75                   ; |p.Nu|

sub_FFCFA04C:
FFCFA04C* 207801D4             movea.l $1d4.w, A0                        ; VIA
FFCFA050* 13BC00188161FF90     move.b  #$18, ([-$70,A1])
FFCFA058* 103C0005             move.b  #$5, D0
FFCFA05C* 13808161FF88         move.b  D0, ([-$78,A1])
FFCFA062* 4A10                 tst.b   (A0)
FFCFA064* B0318161FF88         cmp.b   ([-$78,A1]), D0
FFCFA06A* 6632                 bne     loc_FFCFA09E
FFCFA06C* 103C0006             move.b  #$6, D0
FFCFA070* 13808161FF88         move.b  D0, ([-$78,A1])
FFCFA076* 4A10                 tst.b   (A0)
FFCFA078* B0318161FF88         cmp.b   ([-$78,A1]), D0
FFCFA07E* 661E                 bne     loc_FFCFA09E
FFCFA080* 103C0007             move.b  #$7, D0
FFCFA084* 13808161FF88         move.b  D0, ([-$78,A1])
FFCFA08A* 4A10                 tst.b   (A0)
FFCFA08C* B0318161FF88         cmp.b   ([-$78,A1]), D0
FFCFA092* 660A                 bne     loc_FFCFA09E
FFCFA094* 6100000E             bsr     sub_FFCFA0A4
FFCFA098* 6604                 bne     loc_FFCFA09E
FFCFA09A* 7000                 moveq   #$0, D0
FFCFA09C* 6004                 bra     loc_FFCFA0A2
loc_FFCFA09E:
FFCFA09E  303CFFB3             move.w  #$ffb3, D0
loc_FFCFA0A2:
FFCFA0A2* 4E75                 rts

sub_FFCFA0A4:
FFCFA0A4* 7000                 moveq   #$0, D0
FFCFA0A6* 13BC00958161FF84     move.b  #$95, ([-$7c,A1])
FFCFA0AE* 1031100C             move.b  ($c,A1,D1.w), D0
FFCFA0B2* 103B0012             move.b  ($12,PC,D0.w), D0
FFCFA0B6* 13808161FF8C         move.b  D0, ([-$74,A1])
FFCFA0BC* 4E71                 nop
FFCFA0BE* B0318161FF8C         cmp.b   ([-$74,A1]), D0
FFCFA0C4* 4E75                 rts
FFCFA0C6d 4C4C4C4C4C28284C     dc.b    $4C,$4C,$4C,$4C,$4C,$28,$28,$4C   ; |LLLLL((L|

sub_FFCFA0CE:
FFCFA0CE* 2F29FFD0             move.l  (-$30,A1), -(A7)
FFCFA0D2* 4E75                 rts
FFCFA0D4* 13BC00038161FF88     move.b  #$3, ([-$78,A1])
FFCFA0DC* 4E71                 nop
FFCFA0DE* 08000005             btst    #$5, D0
FFCFA0E2* 670C                 beq     loc_FFCFA0F0
FFCFA0E4* 13BC00208161FF94     move.b  #$20, ([-$6c,A1])
FFCFA0EC* 4E71                 nop
FFCFA0EE* 600A                 bra     loc_FFCFA0FA
loc_FFCFA0F0:
FFCFA0F0  13BC00208161FF90     move.b  #$20, ([-$70,A1])
FFCFA0F8  4E71                 nop
loc_FFCFA0FA:
FFCFA0FA* 13808161FF88         move.b  D0, ([-$78,A1])
FFCFA100* 207801D4             movea.l $1d4.w, A0                        ; VIA
FFCFA104* 4A10                 tst.b   (A0)
FFCFA106* 4A10                 tst.b   (A0)
FFCFA108* 4E71                 nop
FFCFA10A* 103C0004             move.b  #$4, D0
FFCFA10E* C0318161FF94         and.b   ([-$6c,A1]), D0
FFCFA114* 4E75                 rts

sub_FFCFA116:
FFCFA116* 2F29FFCC             move.l  (-$34,A1), -(A7)
FFCFA11A* 4E75                 rts
FFCFA11C* 13BC00038161FF88     move.b  #$3, ([-$78,A1])
FFCFA124* 08000005             btst    #$5, D0
FFCFA128* 670A                 beq     loc_FFCFA134
FFCFA12A  13BC00208161FF94     move.b  #$20, ([-$6c,A1])
FFCFA132  6008                 bra     loc_FFCFA13C
loc_FFCFA134:
FFCFA134* 13BC00208161FF90     move.b  #$20, ([-$70,A1])
loc_FFCFA13C:
FFCFA13C* 4E71                 nop
FFCFA13E* 13808161FF88         move.b  D0, ([-$78,A1])
FFCFA144* 00000008             ori.b   #$8, D0
FFCFA148* 4E71                 nop
FFCFA14A* 13808161FF88         move.b  D0, ([-$78,A1])
FFCFA150* 207801D4             movea.l $1d4.w, A0                        ; VIA
FFCFA154* 4A10                 tst.b   (A0)
FFCFA156* 4A10                 tst.b   (A0)
FFCFA158* 4E71                 nop
FFCFA15A* 0A000008             eori.b  #$8, D0
FFCFA15E* 13808161FF88         move.b  D0, ([-$78,A1])
FFCFA164* 4E71                 nop
FFCFA166* 4E75                 rts

sub_FFCFA168:
FFCFA168* 2F29FFC8             move.l  (-$38,A1), -(A7)
FFCFA16C* 4E75                 rts
FFCFA16E* 0C000001             cmpi.b  #$1, D0
FFCFA172* 6614                 bne     loc_FFCFA188
FFCFA174* 13BC00048161FF90     move.b  #$4, ([-$70,A1])
FFCFA17C* 4E71                 nop
FFCFA17E* 13BC00028161FF94     move.b  #$2, ([-$6c,A1])
FFCFA186* 4E75                 rts
loc_FFCFA188:
FFCFA188* 13BC00078161FF88     move.b  #$7, ([-$78,A1])
FFCFA190* 13BC00208161FF90     move.b  #$20, ([-$70,A1])
FFCFA198* 13BC00028161FF90     move.b  #$2, ([-$70,A1])
FFCFA1A0* 4E71                 nop
FFCFA1A2* 13BC00048161FF94     move.b  #$4, ([-$6c,A1])
FFCFA1AA* 0C000002             cmpi.b  #$2, D0
FFCFA1AE* 6604                 bne     loc_FFCFA1B4
FFCFA1B0* 7001                 moveq   #$1, D0
FFCFA1B2* 4E75                 rts
loc_FFCFA1B4:
FFCFA1B4* 7000                 moveq   #$0, D0
FFCFA1B6* 4E75                 rts

sub_FFCFA1B8:
FFCFA1B8* 48E76080             movem.l D1-D2/A0, -(A7)
FFCFA1BC* 207801D4             movea.l $1d4.w, A0                        ; VIA
FFCFA1C0* 143C0007             move.b  #$7, D2
FFCFA1C4* 13828161FF88         move.b  D2, ([-$78,A1])
FFCFA1CA* 13BC00208161FF94     move.b  #$20, ([-$6c,A1])
FFCFA1D2* 4E71                 nop
FFCFA1D4* 10318161FF94         move.b  ([-$6c,A1]), D0
FFCFA1DA* 4E71                 nop
FFCFA1DC* 13BC00208161FF90     move.b  #$20, ([-$70,A1])
FFCFA1E4* 4E71                 nop
FFCFA1E6* 7210                 moveq   #$10, D1
FFCFA1E8* 6014                 bra     loc_FFCFA1FE
loc_FFCFA1EA:
FFCFA1EA* 13828161FF88         move.b  D2, ([-$78,A1])
FFCFA1F0* 4A10                 tst.b   (A0)
FFCFA1F2* 4E71                 nop
FFCFA1F4* 5302                 subq.b  #1, D2
FFCFA1F6* 10318161FF94         move.b  ([-$6c,A1]), D0
FFCFA1FC* 4E71                 nop
loc_FFCFA1FE:
FFCFA1FE* 08000002             btst    #$2, D0
FFCFA202* 6704                 beq     loc_FFCFA208
FFCFA204* 08C10000             bset    #$0, D1
loc_FFCFA208:
FFCFA208* D201                 add.b   D1, D1
FFCFA20A* 64DE                 bcc     loc_FFCFA1EA
FFCFA20C* E209                 lsr.b   #1, D1
FFCFA20E* 103B1008             move.b  ($8,PC,D1.w), D0
FFCFA212* 4CDF0106             movem.l (A7)+, D1-D2/A0
FFCFA216* 4E75                 rts
FFCFA218d 0201010401010101     dc.b    $02,$01,$01,$04,$01,$01,$01,$01,$01,$01,$03,$04,$01,$01,$07,$00 ; |................|
FFCFA228d 0605040307010202     dc.b    $06,$05,$04,$03,$07,$01,$02,$02,$22,$02,$00,$FF,$FF,$20,$20,$00 ; |........"....  .|

sub_FFCFA238:
FFCFA238* 48E78040             movem.l D0/A1, -(A7)
FFCFA23C* 43FA0010             lea     ($ffcfa24e,PC), A1
FFCFA240* 21490006             move.l  A1, ($6,A0)
FFCFA244* A058                 _InsTime                                  ; A-line trap A058
FFCFA246* 4CDF0201             movem.l (A7)+, D0/A1
FFCFA24A* A05A                 _PrimeTime                                ; A-line trap A05A
FFCFA24C* 4E75                 rts
loc_FFCFA24E:
FFCFA24E* 2049                 movea.l A1, A0
FFCFA250* A059                 _RmvTime                                  ; A-line trap A059
FFCFA252* 42A80006             clr.l   ($6,A0)
FFCFA256* 2028FFEC             move.l  (-$14,A0), D0
FFCFA25A* 6710                 beq     loc_FFCFA26C
FFCFA25C* 42A8FFEC             clr.l   (-$14,A0)
FFCFA260* 22780134             movea.l $134.w, A1                        ; SonyVars
FFCFA264* 4CE8080EFFF0         movem.l (-$10,A0), D1-D3/A3
FFCFA26A* 2F00                 move.l  D0, -(A7)
loc_FFCFA26C:
FFCFA26C* 4E75                 rts

sub_FFCFA26E:
FFCFA26E* 48E8080EFFF0         movem.l D1-D3/A3, (-$10,A0)
FFCFA274* 4AA80006             tst.l   ($6,A0)
FFCFA278* 670A                 beq     loc_FFCFA284
FFCFA27A* 4AA8FFEC             tst.l   (-$14,A0)
FFCFA27E* 6608                 bne     loc_FFCFA288
FFCFA280* 215FFFEC             move.l  (A7)+, (-$14,A0)
loc_FFCFA284:
FFCFA284* 7000                 moveq   #$0, D0
FFCFA286* 4E75                 rts
loc_FFCFA288:
FFCFA288  A9FF                 _Debugger                                 ; A-line trap A9FF
loc_FFCFA28A:
FFCFA28A* 40E7                 move    SR, -(A7)
FFCFA28C* 007C0700             ori     #$700, SR
FFCFA290* 42A8FFEC             clr.l   (-$14,A0)
FFCFA294* 42A80006             clr.l   ($6,A0)
FFCFA298* A059                 _RmvTime                                  ; A-line trap A059
FFCFA29A* 46DF                 move    (A7)+, SR
FFCFA29C* 4E75                 rts
FFCFA29E? 2F09                 move.l  A1, -(A7)
FFCFA2A0? 2F00                 move.l  D0, -(A7)
FFCFA2A2? 41E90262             lea     ($262,A1), A0
FFCFA2A6? 43FA001E             lea     ($ffcfa2c6,PC), A1
FFCFA2AA? 4AA80006             tst.l   ($6,A0)
FFCFA2AE? 6610                 bne     $ffcfa2c0
FFCFA2B0? 21490006             move.l  A1, ($6,A0)
FFCFA2B4? 20BC65616461         move.l  #$65616461, (A0)
FFCFA2BA? A058                 _InsTime                                  ; A-line trap A058
FFCFA2BC? 2002                 move.l  D2, D0
FFCFA2BE? A05A                 _PrimeTime                                ; A-line trap A05A
FFCFA2C0? 201F                 move.l  (A7)+, D0
FFCFA2C2? 225F                 movea.l (A7)+, A1
FFCFA2C4? 4E75                 rts
FFCFA2C6? 40E7                 move    SR, -(A7)
FFCFA2C8? 007C0200             ori     #$200, SR
FFCFA2CC? 2049                 movea.l A1, A0
FFCFA2CE? A059                 _RmvTime                                  ; A-line trap A059
FFCFA2D0? 42A80006             clr.l   ($6,A0)
FFCFA2D4? 22780134             movea.l $134.w, A1                        ; SonyVars
FFCFA2D8? 7000                 moveq   #$0, D0
FFCFA2DA? 10318161FFB4         move.b  ([-$4c,A1]), D0
FFCFA2E0? 6736                 beq     $ffcfa318
FFCFA2E2? 103B012000D6         move.b  ($d6,PC,D0.w), D0
FFCFA2E8? 01B18161FFB4         bclr    D0, ([-$4c,A1])
FFCFA2EE? 08B100028161FFB4     bclr    #$2, ([-$4c,A1])
FFCFA2F6? C0FC0014             mulu.w  #$14, D0
FFCFA2FA? 41F10120016C         lea     ($16c,A1,D0.w), A0
FFCFA300? 2010                 move.l  (A0), D0
FFCFA302? 4290                 clr.l   (A0)
FFCFA304? 46DF                 move    (A7)+, SR
FFCFA306? 4A80                 tst.l   D0
FFCFA308? 670C                 beq     $ffcfa316
FFCFA30A? 4CE8080E0004         movem.l ($4,A0), D1-D3/A3
FFCFA310? 2040                 movea.l D0, A0
FFCFA312? 70AF                 moveq   #-$51, D0
FFCFA314? 4E90                 jsr     (A0)
FFCFA316? 4E75                 rts
FFCFA318? A9FF                 _Debugger                                 ; A-line trap A9FF
FFCFA31A? 4A318161FF98         tst.b   ([-$68,A1])
FFCFA320? 2F02                 move.l  D2, -(A7)
FFCFA322? 343B0238             move.w  ($38,PC,D0.w*2), D2
FFCFA326? 41F12120016C         lea     ($16c,A1,D2.w), A0
FFCFA32C? 241F                 move.l  (A7)+, D2
FFCFA32E? 4A90                 tst.l   (A0)
FFCFA330? 6628                 bne     $ffcfa35a
FFCFA332? 48E8080E0004         movem.l D1-D3/A3, ($4,A0)
FFCFA338? 209F                 move.l  (A7)+, (A0)
FFCFA33A? 6100FF62             bsr     $ffcfa29e
FFCFA33E? 4A318161FFB4         tst.b   ([-$4c,A1])
FFCFA344? 6614                 bne     $ffcfa35a
FFCFA346? 01F18161FFB4         bset    D0, ([-$4c,A1])
FFCFA34C? 4E71                 nop
FFCFA34E? 4840                 swap    D0
FFCFA350? 13808161FF94         move.b  D0, ([-$6c,A1])
FFCFA356? 7000                 moveq   #$0, D0
FFCFA358? 4E75                 rts
FFCFA35A? A9FF                 _Debugger                                 ; A-line trap A9FF
FFCFA35C? 00000014             ori.b   #$14, D0
FFCFA360? 0028003C0050         ori.b   #$3c, ($50,A0)
FFCFA366? 22780134             movea.l $134.w, A1                        ; SonyVars
FFCFA36A? 7000                 moveq   #$0, D0
FFCFA36C? 10318161FF98         move.b  ([-$68,A1]), D0
FFCFA372? C0318161FFB4         and.b   ([-$4c,A1]), D0
FFCFA378? 67000060             beq     $ffcfa3da
FFCFA37C? 103B003C             move.b  ($3c,PC,D0.w), D0
FFCFA380? 01B18161FFB4         bclr    D0, ([-$4c,A1])
FFCFA386? 08B100028161FFB4     bclr    #$2, ([-$4c,A1])
FFCFA38E? C0FC0014             mulu.w  #$14, D0
FFCFA392? 41F10120016C         lea     ($16c,A1,D0.w), A0
FFCFA398? 4CE8080E0004         movem.l ($4,A0), D1-D3/A3
FFCFA39E? 2F10                 move.l  (A0), -(A7)
FFCFA3A0? 4290                 clr.l   (A0)
FFCFA3A2? 08290000048B         btst    #$0, ($48b,A1)
FFCFA3A8? 660A                 bne     $ffcfa3b4
FFCFA3AA? 41E90262             lea     ($262,A1), A0
FFCFA3AE? A059                 _RmvTime                                  ; A-line trap A059
FFCFA3B0? 42A80006             clr.l   ($6,A0)
FFCFA3B4? 7000                 moveq   #$0, D0
FFCFA3B6? 4E75                 rts
FFCFA3B8? A9FF                 _Debugger                                 ; A-line trap A9FF
FFCFA3BA? 00000101             ori.b   #$1, D0
FFCFA3BE? 02020202             andi.b  #$2, D2
FFCFA3C2? 0303                 btst    D1, D3
FFCFA3C4? 0303                 btst    D1, D3
FFCFA3C6? 0303                 btst    D1, D3
FFCFA3C8? 0303                 btst    D1, D3
FFCFA3CA? 04040404             subi.b  #$4, D4
FFCFA3CE? 04040404             subi.b  #$4, D4
FFCFA3D2? 04040404             subi.b  #$4, D4
FFCFA3D6? 04040404             subi.b  #$4, D4
FFCFA3DA? A9FF                 _Debugger                                 ; A-line trap A9FF
FFCFA3DC? 4E75                 rts
FFCFA3DE? 48E78040             movem.l D0/A1, -(A7)
FFCFA3E2? 41E90262             lea     ($262,A1), A0
FFCFA3E6? 43FA0016             lea     ($ffcfa3fe,PC), A1
FFCFA3EA? 4AA80006             tst.l   ($6,A0)
FFCFA3EE? 6640                 bne     $ffcfa430
FFCFA3F0? 21490006             move.l  A1, ($6,A0)
FFCFA3F4? A058                 _InsTime                                  ; A-line trap A058
FFCFA3F6? 4CDF0201             movem.l (A7)+, D0/A1
FFCFA3FA? A05A                 _PrimeTime                                ; A-line trap A05A
FFCFA3FC? 4E75                 rts
FFCFA3FE? 40E7                 move    SR, -(A7)
FFCFA400? 007C0500             ori     #$500, SR
FFCFA404? 2049                 movea.l A1, A0
FFCFA406? A059                 _RmvTime                                  ; A-line trap A059
FFCFA408? 42A80006             clr.l   ($6,A0)
FFCFA40C? 22780134             movea.l $134.w, A1                        ; SonyVars
FFCFA410? 202902AC             move.l  ($2ac,A1), D0
FFCFA414? 42A902AC             clr.l   ($2ac,A1)
FFCFA418? 46DF                 move    (A7)+, SR
FFCFA41A? 4A80                 tst.l   D0
FFCFA41C? 6710                 beq     $ffcfa42e
FFCFA41E? 61000048             bsr     $ffcfa468
FFCFA422? 4CE9080E029C         movem.l ($29c,A1), D1-D3/A3
FFCFA428? 2040                 movea.l D0, A0
FFCFA42A? 70AF                 moveq   #-$51, D0
FFCFA42C? 4E90                 jsr     (A0)
FFCFA42E? 4E75                 rts
FFCFA430? A9FF                 _Debugger                                 ; A-line trap A9FF
FFCFA432? 2F29FFBC             move.l  (-$44,A1), -(A7)
FFCFA436? 4E75                 rts
FFCFA438? 22780134             movea.l $134.w, A1                        ; SonyVars
FFCFA43C? 41E90262             lea     ($262,A1), A0
FFCFA440? A059                 _RmvTime                                  ; A-line trap A059
FFCFA442? 42A80006             clr.l   ($6,A0)
FFCFA446? 61000020             bsr     $ffcfa468
FFCFA44A? 4CE9080E029C         movem.l ($29c,A1), D1-D3/A3
FFCFA450? 202902AC             move.l  ($2ac,A1), D0
FFCFA454? 670A                 beq     $ffcfa460
FFCFA456? 42A902AC             clr.l   ($2ac,A1)
FFCFA45A? 2040                 movea.l D0, A0
FFCFA45C? 7000                 moveq   #$0, D0
FFCFA45E? 4E90                 jsr     (A0)
FFCFA460? 4E75                 rts
FFCFA462d 2F29FFC04E752F29     dc.b    $2F,$29,$FF,$C0,$4E,$75,$2F,$29,$FF,$B8,$4E,$75,$2F,$29,$FF,$C4 ; |/)..Nu/)..Nu/)..|
FFCFA472d 4E75                 dc.b    $4E,$75                           ; |Nu|
FFCFA474? 48E9080E029C         movem.l D1-D3/A3, ($29c,A1)
FFCFA47A? 235F02AC             move.l  (A7)+, ($2ac,A1)
FFCFA47E? 6100FF5E             bsr     $ffcfa3de
FFCFA482? 206902B0             movea.l ($2b0,A1), A0
FFCFA486? 002800081068         ori.b   #$8, ($1068,A0)
FFCFA48C? 13BC00088161FF94     move.b  #$8, ([-$6c,A1])
FFCFA494? 7000                 moveq   #$0, D0
FFCFA496? 4E75                 rts
FFCFA498? 2F0A                 move.l  A2, -(A7)
FFCFA49A? 246902B0             movea.l ($2b0,A1), A2
FFCFA49E? 15401065             move.b  D0, ($1065,A2)
FFCFA4A2? E048                 lsr.w   #8, D0
FFCFA4A4? 15401064             move.b  D0, ($1064,A2)
FFCFA4A8? 3008                 move.w  A0, D0
FFCFA4AA? 15401063             move.b  D0, ($1063,A2)
FFCFA4AE? E048                 lsr.w   #8, D0
FFCFA4B0? 15401062             move.b  D0, ($1062,A2)
FFCFA4B4? 4E71                 nop
FFCFA4B6? 102A1068             move.b  ($1068,A2), D0
FFCFA4BA? 08800006             bclr    #$6, D0
FFCFA4BE? 0800001F             btst    #$1f, D0
FFCFA4C2? 6704                 beq     $ffcfa4c8
FFCFA4C4? 00000040             ori.b   #$40, D0
FFCFA4C8? 00000002             ori.b   #$2, D0
FFCFA4CC? 15401068             move.b  D0, ($1068,A2)
FFCFA4D0? 245F                 movea.l (A7)+, A2
FFCFA4D2? 4E75                 rts
FFCFA4D4? 2F08                 move.l  A0, -(A7)
FFCFA4D6? 206902B0             movea.l ($2b0,A1), A0
FFCFA4DA? 022800F51068         andi.b  #$f5, ($1068,A0)
FFCFA4E0? 002800801068         ori.b   #$80, ($1068,A0)
FFCFA4E6? 205F                 movea.l (A7)+, A0
FFCFA4E8? 4E75                 rts
FFCFA4EA? 2F08                 move.l  A0, -(A7)
FFCFA4EC? 206902B0             movea.l ($2b0,A1), A0
FFCFA4F0? 022800FD1068         andi.b  #$fd, ($1068,A0)
FFCFA4F6? 205F                 movea.l (A7)+, A0
FFCFA4F8? 4E75                 rts
FFCFA4FA? 48E9080E029C         movem.l D1-D3/A3, ($29c,A1)
FFCFA500? 235F02AC             move.l  (A7)+, ($2ac,A1)
FFCFA504? 6100FED8             bsr     $ffcfa3de
FFCFA508? 7019                 moveq   #$19, D0
FFCFA50A? 48E74080             movem.l D1/A0, -(A7)
FFCFA50E? 207081E202B60210     movea.l ([$2b6],$210), A0
FFCFA516? 2050                 movea.l (A0), A0
FFCFA518? 7200                 moveq   #$0, D1
FFCFA51A? 01C1                 bset    D0, D1
FFCFA51C? 83A80024             or.l    D1, ($24,A0)
FFCFA520? 4E71                 nop
FFCFA522? 4CDF0102             movem.l (A7)+, D1/A0
FFCFA526? 13BC00088161FF94     move.b  #$8, ([-$6c,A1])
FFCFA52E? 7000                 moveq   #$0, D0
FFCFA530? 4E75                 rts
FFCFA532? 2F01                 move.l  D1, -(A7)
FFCFA534? 4A80                 tst.l   D0
FFCFA536? 6A000012             bpl     $ffcfa54a
FFCFA53A? 02800000FFFF         andi.l  #$ffff, D0
FFCFA540? 008010300000         ori.l   #$10300000, D0
FFCFA546? 6000000E             bra     $ffcfa556
FFCFA54A? 02800000FFFF         andi.l  #$ffff, D0
FFCFA550? 008030300000         ori.l   #$30300000, D0
FFCFA556? 2208                 move.l  A0, D1
FFCFA558? 206902C0             movea.l ($2c0,A1), A0
FFCFA55C? E159                 rol.w   #8, D1
FFCFA55E? 4841                 swap    D1
FFCFA560? E159                 rol.w   #8, D1
FFCFA562? 21410004             move.l  D1, ($4,A0)
FFCFA566? 42A80008             clr.l   ($8,A0)
FFCFA56A? 42A8000C             clr.l   ($c,A0)
FFCFA56E? 4E71                 nop
FFCFA570? E158                 rol.w   #8, D0
FFCFA572? 4840                 swap    D0
FFCFA574? E158                 rol.w   #8, D0
FFCFA576? 2080                 move.l  D0, (A0)
FFCFA578? 4E71                 nop
FFCFA57A? 41F1816302B000008100 lea     ([$2b0,A1],-$7f00), A0
FFCFA584? 203CC8000000         move.l  #$c8000000, D0
FFCFA58A? E158                 rol.w   #8, D0
FFCFA58C? 4840                 swap    D0
FFCFA58E? E158                 rol.w   #8, D0
FFCFA590? 4E71                 nop
FFCFA592? 2080                 move.l  D0, (A0)
FFCFA594? 4E71                 nop
FFCFA596? 202902C4             move.l  ($2c4,A1), D0
FFCFA59A? E158                 rol.w   #8, D0
FFCFA59C? 4840                 swap    D0
FFCFA59E? E158                 rol.w   #8, D0
FFCFA5A0? 2140000C             move.l  D0, ($c,A0)
FFCFA5A4? 4E71                 nop
FFCFA5A6? 203C80008000         move.l  #$80008000, D0
FFCFA5AC? E158                 rol.w   #8, D0
FFCFA5AE? 4840                 swap    D0
FFCFA5B0? E158                 rol.w   #8, D0
FFCFA5B2? 4E71                 nop
FFCFA5B4? 2080                 move.l  D0, (A0)
FFCFA5B6? 4E71                 nop
FFCFA5B8? 221F                 move.l  (A7)+, D1
FFCFA5BA? 4E75                 rts
FFCFA5BC? 2F00                 move.l  D0, -(A7)
FFCFA5BE? 7019                 moveq   #$19, D0
FFCFA5C0? 48E74080             movem.l D1/A0, -(A7)
FFCFA5C4? 207081E202B60210     movea.l ([$2b6],$210), A0
FFCFA5CC? 2050                 movea.l (A0), A0
FFCFA5CE? 7200                 moveq   #$0, D1
FFCFA5D0? 01C1                 bset    D0, D1
FFCFA5D2? 83A80028             or.l    D1, ($28,A0)
FFCFA5D6? 4E71                 nop
FFCFA5D8? 4CDF0102             movem.l (A7)+, D1/A0
FFCFA5DC? 201F                 move.l  (A7)+, D0
FFCFA5DE? 4E75                 rts
FFCFA5E0? 48E78080             movem.l D0/A0, -(A7)
FFCFA5E4? 41F1816302B000008100 lea     ([$2b0,A1],-$7f00), A0
FFCFA5EE? 203CA0002000         move.l  #$a0002000, D0
FFCFA5F4? E158                 rol.w   #8, D0
FFCFA5F6? 4840                 swap    D0
FFCFA5F8? E158                 rol.w   #8, D0
FFCFA5FA? 4E71                 nop
FFCFA5FC? 2080                 move.l  D0, (A0)
FFCFA5FE? 4E71                 nop
FFCFA600? 6100FE66             bsr     $ffcfa468
FFCFA604? 4CDF0101             movem.l (A7)+, D0/A0
FFCFA608? 4E75                 rts
loc_FFCFA60A:
FFCFA60A  70E8                 moveq   #-$18, D0
FFCFA60C  4E75                 rts
FFCFA60Ed 118C086A13A21494     dc.b    $11,$8C,$08,$6A,$13,$A2,$14,$94,$16,$FC,$0E,$96,$13,$50,$0F,$D6 ; |...j.........P..|
FFCFA61Ed 01F40F5E0B12117E     dc.b    $01,$F4,$0F,$5E,$0B,$12,$11,$7E,$0E,$00,$01,$A0,$18,$E6,$11,$28 ; |...^...~.......(|
FFCFA62Ed 221822F424140800     dc.b    $22,$18,$22,$F4,$24,$14,$08,$00,$02,$00,$40,$00,$08,$00,$00,$00 ; |".".$.....@.....|
FFCFA63Ed 03E805DC0FA00005     dc.b    $03,$E8,$05,$DC,$0F,$A0,$00,$05,$00,$78,$00,$64,$00,$1E,$1D,$4C ; |.........x.d...L|
FFCFA64Ed 00003840FC00         dc.b    $00,$00,$38,$40,$FC,$00           ; |..8@..|

sub_FFCFA654:
FFCFA654  7400                 moveq   #$0, D2
FFCFA656  3418                 move.w  (A0)+, D2
FFCFA658  D480                 add.l   D0, D2
FFCFA65A  22C2                 move.l  D2, (A1)+
FFCFA65C  51C9FFF6             dbra    D1, sub_FFCFA654
FFCFA660  4E75                 rts
loc_FFCFA662:
FFCFA662  203C0000015A         move.l  #$15a, D0
FFCFA668  A71E                 _NewPtrSysClear                           ; A-line trap A71E
FFCFA66A  21C80134             move.l  A0, $134.w                        ; SonyVars
FFCFA66E  2089                 move.l  A1, (A0)
FFCFA670  137C00020007         move.b  #$2, ($7,A1)
FFCFA676  50E80019             st      ($19,A0)
FFCFA67A  42280159             clr.b   ($159,A0)
FFCFA67E  083800000B22         btst    #$0, $b22.w
FFCFA684  6706                 beq     loc_FFCFA68C
FFCFA686  2248                 movea.l A0, A1
FFCFA688  61000420             bsr     sub_FFCFAAAA
loc_FFCFA68C:
FFCFA68C  24780DD8             movea.l $dd8.w, A2
FFCFA690  D5EA005C             adda.l  ($5c,A2), A2
FFCFA694  214A013C             move.l  A2, ($13c,A0)
FFCFA698  2448                 movea.l A0, A2
FFCFA69A  41FAFF72             lea     ($ffcfa60e,PC), A0
FFCFA69E  43F80222             lea     $222.w, A1                        ; DiskVars
FFCFA6A2  720E                 moveq   #$e, D1
FFCFA6A4  2008                 move.l  A0, D0
FFCFA6A6  61AC                 bsr     sub_FFCFA654
FFCFA6A8  43F80B40             lea     $b40.w, A1
FFCFA6AC  7200                 moveq   #$0, D1
FFCFA6AE  61A4                 bsr     sub_FFCFA654
FFCFA6B0  7202                 moveq   #$2, D1
FFCFA6B2  43F80680             lea     $680.w, A1
FFCFA6B6  619C                 bsr     sub_FFCFA654
FFCFA6B8  50EA0018             st      ($18,A2)
FFCFA6BC  43EA002A             lea     ($2a,A2), A1
FFCFA6C0  41FAFF72             lea     ($ffcfa634,PC), A0
FFCFA6C4  7020                 moveq   #$20, D0
FFCFA6C6  A02E                 _BlockMove                                ; A-line trap A02E
FFCFA6C8  41EA0004             lea     ($4,A2), A0
FFCFA6CC  317C00010004         move.w  #$1, ($4,A0)
FFCFA6D2  43FA10D2             lea     ($ffcfb7a6,PC), A1
FFCFA6D6  21490006             move.l  A1, ($6,A0)
FFCFA6DA  317C001E000A         move.w  #$1e, ($a,A0)
FFCFA6E0  A033                 _VInstall                                 ; A-line trap A033
FFCFA6E2  41EA0116             lea     ($116,A2), A0
FFCFA6E6  A058                 _InsTime                                  ; A-line trap A058
FFCFA6E8  083800000B22         btst    #$0, $b22.w
FFCFA6EE  6718                 beq     loc_FFCFA708
FFCFA6F0  41EA0146             lea     ($146,A2), A0
FFCFA6F4  4268000A             clr.w   ($a,A0)
FFCFA6F8  317C00100004         move.w  #$10, ($4,A0)
FFCFA6FE  43FA03F6             lea     ($ffcfaaf6,PC), A1
FFCFA702  21490006             move.l  A1, ($6,A0)
FFCFA706  A28A                 _SlpQInstall                              ; A-line trap A28A
loc_FFCFA708:
FFCFA708  61000482             bsr     sub_FFCFAB8C
FFCFA70C  6720                 beq     loc_FFCFA72E
FFCFA70E  22780134             movea.l $134.w, A1                        ; SonyVars
FFCFA712  137C00010140         move.b  #$1, ($140,A1)
FFCFA718  42290019             clr.b   ($19,A1)
FFCFA71C  083800000B22         btst    #$0, $b22.w
FFCFA722  6704                 beq     loc_FFCFA728
FFCFA724  61000370             bsr     sub_FFCFAA96
loc_FFCFA728:
FFCFA728  7000                 moveq   #$0, D0
FFCFA72A  60000082             bra     loc_FFCFA7AE
loc_FFCFA72E:
FFCFA72E  61001CB8             bsr     sub_FFCFC3E8
FFCFA732  7401                 moveq   #$1, D2
loc_FFCFA734:
FFCFA734  33420012             move.w  D2, ($12,A1)
FFCFA738  61000CB0             bsr     sub_FFCFB3EA
FFCFA73C  4A311004             tst.b   ($4,A1,D1.w)
FFCFA740  6E52                 bgt     loc_FFCFA794
FFCFA742  50F11004             st      ($4,A1,D1.w)
FFCFA746  61000FE4             bsr     sub_FFCFB72C
FFCFA74A  700D                 moveq   #$d, D0
FFCFA74C  61000D06             bsr     sub_FFCFB454
FFCFA750  6B42                 bmi     loc_FFCFA794
FFCFA752  7009                 moveq   #$9, D0
FFCFA754  61000CFE             bsr     sub_FFCFB454
FFCFA758  5BF11005             smi     ($5,A1,D1.w)
FFCFA75C  700F                 moveq   #$f, D0
FFCFA75E  61000CF4             bsr     sub_FFCFB454
FFCFA762  5BF11013             smi     ($13,A1,D1.w)
FFCFA766  7005                 moveq   #$5, D0
FFCFA768  61000CEA             bsr     sub_FFCFB454
FFCFA76C  6A12                 bpl     loc_FFCFA780
FFCFA76E  50F11013             st      ($13,A1,D1.w)
FFCFA772  4A290140             tst.b   ($140,A1)
FFCFA776  6A08                 bpl     loc_FFCFA780
FFCFA778  50F11016             st      ($16,A1,D1.w)
FFCFA77C  50E900FD             st      ($fd,A1)
loc_FFCFA780:
FFCFA780  76FB                 moveq   #-$5, D3
FFCFA782  3002                 move.w  D2, D0
FFCFA784  13BC00011004         move.b  #$1, ($4,A1,D1.w)
FFCFA78A  4840                 swap    D0
FFCFA78C  3003                 move.w  D3, D0
FFCFA78E  41F11006             lea     ($6,A1,D1.w), A0
FFCFA792  A04E                 _AddDrive                                 ; A-line trap A04E
loc_FFCFA794:
FFCFA794  5242                 addq.w  #1, D2
FFCFA796  0C420002             cmpi.w  #$2, D2
FFCFA79A  6F98                 ble     loc_FFCFA734
FFCFA79C  42290019             clr.b   ($19,A1)
FFCFA7A0  083800000B22         btst    #$0, $b22.w
FFCFA7A6  6704                 beq     loc_FFCFA7AC
FFCFA7A8  610002EC             bsr     sub_FFCFAA96
loc_FFCFA7AC:
FFCFA7AC  7000                 moveq   #$0, D0
loc_FFCFA7AE:
FFCFA7AE  4E75                 rts
FFCFA7B0d 70EF                 dc.b    $70,$EF                           ; |p.|
loc_FFCFA7B2:
FFCFA7B2  4A40                 tst.w   D0
FFCFA7B4  6704                 beq     loc_FFCFA7BA
FFCFA7B6  31C00142             move.w  D0, $142.w                        ; DskErr
loc_FFCFA7BA:
FFCFA7BA  22780134             movea.l $134.w, A1                        ; SonyVars
FFCFA7BE  42290019             clr.b   ($19,A1)
FFCFA7C2  2251                 movea.l (A1), A1
FFCFA7C4  2F3808FC             move.l  $8fc.w, -(A7)                     ; JIODone
FFCFA7C8  4E75                 rts
FFCFA7CAd 0001006400050070     dc.b    $00,$01,$00,$64,$00,$05,$00,$70,$00,$06,$00,$68,$00,$07,$00,$DE ; |...d...p...h....|
FFCFA7DAd 0008007800090084     dc.b    $00,$08,$00,$78,$00,$09,$00,$84,$00,$15,$10,$FE,$00,$16,$10,$E2 ; |...x............|
FFCFA7EAd 0017112253432A58     dc.b    $00,$17,$11,$22,$53,$43,$2A,$58,$47,$44 ; |..."SC*XGD|
FFCFA7F4? 33CC43500692         move.w  A4, $43500692.l
FFCFA7FA? 00004EF0             ori.b   #$f0, D0
FFCFA7FE? 81E1                 divs.w  -(A1), D0
FFCFA800? 02426100             andi.w  #$6100, D2
FFCFA804? 02606608             andi.w  #$6608, -(A0)
FFCFA808? 4A311004             tst.b   ($4,A1,D1.w)
FFCFA80C? 6A02                 bpl     $ffcfa810
FFCFA80E? 70C0                 moveq   #-$40, D0
FFCFA810? 47FAFFB8             lea     ($ffcfa7ca,PC), A3
FFCFA814? 284B                 movea.l A3, A4
FFCFA816? 341B                 move.w  (A3)+, D2
FFCFA818? 6710                 beq     $ffcfa82a
FFCFA81A? B468001A             cmp.w   ($1a,A0), D2
FFCFA81E? 6606                 bne     $ffcfa826
FFCFA820? D8D3                 adda.w  (A3), A4
FFCFA822? 4A40                 tst.w   D0
FFCFA824? 4ED4                 jmp     (A4)
FFCFA826d 544B60EC70EF6084     dc.b    $54,$4B,$60,$EC,$70,$EF,$60,$84,$70,$FF,$60,$80,$66,$00,$FF,$7E ; |TK`.p.`.p.`.f..~|
FFCFA836d 600017186600FF76     dc.b    $60,$00,$17,$18,$66,$00,$FF,$76,$60,$00,$1A,$78 ; |`...f..v`..x|
FFCFA842? 2368001C00F4         move.l  ($1c,A0), ($f4,A1)
FFCFA848? 7000                 moveq   #$0, D0
FFCFA84A? 6000FF66             bra     loc_FFCFA7B2
FFCFA84E? 41E8001C             lea     ($1c,A0), A0
FFCFA852? 1218                 move.b  (A0)+, D1
FFCFA854? 1018                 move.b  (A0)+, D0
FFCFA856? 671E                 beq     $ffcfa876
FFCFA858? 6A04                 bpl     $ffcfa85e
FFCFA85A? 6130                 bsr     $ffcfa88c
FFCFA85C? 6018                 bra     $ffcfa876
FFCFA85E? 4AA9010A             tst.l   ($10a,A1)
FFCFA862? 6612                 bne     $ffcfa876
FFCFA864? 203C000024D8         move.l  #$24d8, D0
FFCFA86A? A71E                 _NewPtrSysClear                           ; A-line trap A71E
FFCFA86C? 6608                 bne     $ffcfa876
FFCFA86E? 2348010A             move.l  A0, ($10a,A1)
FFCFA872? 42690102             clr.w   ($102,A1)
FFCFA876? 4AA9010A             tst.l   ($10a,A1)
FFCFA87A? 56E90101             sne     ($101,A1)
FFCFA87E? 6706                 beq     $ffcfa886
FFCFA880? 4A01                 tst.b   D1
FFCFA882? 56E90101             sne     ($101,A1)
FFCFA886? 7000                 moveq   #$0, D0
FFCFA888? 6000FF28             bra     loc_FFCFA7B2
FFCFA88C? 42A7                 clr.l   -(A7)
FFCFA88E? 2029010A             move.l  ($10a,A1), D0
FFCFA892? 6710                 beq     $ffcfa8a4
FFCFA894? 2040                 movea.l D0, A0
FFCFA896? A021                 _GetPtrSize                               ; A-line trap A021
FFCFA898? 2E80                 move.l  D0, (A7)
FFCFA89A? A01F                 _DisposePtr                               ; A-line trap A01F
FFCFA89C? 42A9010A             clr.l   ($10a,A1)
FFCFA8A0? 42290101             clr.b   ($101,A1)
FFCFA8A4? 201F                 move.l  (A7)+, D0
FFCFA8A6? 4E75                 rts
FFCFA8A8? 6600FF08             bne     loc_FFCFA7B2
FFCFA8AC? 083800000B22         btst    #$0, $b22.w
FFCFA8B2? 6704                 beq     $ffcfa8b8
FFCFA8B4? 610001F4             bsr     sub_FFCFAAAA
FFCFA8B8? 4A311003             tst.b   ($3,A1,D1.w)
FFCFA8BC? 6F1A                 ble     $ffcfa8d8
FFCFA8BE? 61000E16             bsr     $ffcfb6d6
FFCFA8C2? 7C28                 moveq   #$28, D6
FFCFA8C4? 61000BD4             bsr     $ffcfb49a
FFCFA8C8? 6E0E                 bgt     $ffcfa8d8
FFCFA8CA? 6706                 beq     $ffcfa8d2
FFCFA8CC? 61000D10             bsr     $ffcfb5de
FFCFA8D0? 6B06                 bmi     $ffcfa8d8
FFCFA8D2? 7C28                 moveq   #$28, D6
FFCFA8D4? 61000BC4             bsr     $ffcfb49a
FFCFA8D8? 61000DE8             bsr     $ffcfb6c2
FFCFA8DC? 7000                 moveq   #$0, D0
FFCFA8DE? 61000DBC             bsr     $ffcfb69c
FFCFA8E2? 61000E48             bsr     sub_FFCFB72C
FFCFA8E6? 7002                 moveq   #$2, D0
FFCFA8E8? 61000B6A             bsr     sub_FFCFB454
FFCFA8EC? 6A08                 bpl     $ffcfa8f6
FFCFA8EE? 7000                 moveq   #$0, D0
FFCFA8F0? 61000DAA             bsr     $ffcfb69c
FFCFA8F4? 6074                 bra     $ffcfa96a
FFCFA8F6? 303C07D0             move.w  #$7d0, D0
FFCFA8FA? 61000C6A             bsr     $ffcfb566
FFCFA8FE? 700D                 moveq   #$d, D0
FFCFA900? 61000B0C             bsr     sub_FFCFB40E
FFCFA904? 4A290141             tst.b   ($141,A1)
FFCFA908? 6A0A                 bpl     $ffcfa914
FFCFA90A? 117C00FF0800         move.b  #$ff, ($800,A0)
FFCFA910? 4E71                 nop
FFCFA912? 6004                 bra     $ffcfa918
FFCFA914? 4A280E00             tst.b   ($e00,A0)
FFCFA918? 4A311013             tst.b   ($13,A1,D1.w)
FFCFA91C? 6B1E                 bmi     $ffcfa93c
FFCFA91E? 30290042             move.w  ($42,A1), D0
FFCFA922? 61000C42             bsr     $ffcfb566
FFCFA926? 4A290141             tst.b   ($141,A1)
FFCFA92A? 6A0A                 bpl     $ffcfa936
FFCFA92C? 117C00F70800         move.b  #$f7, ($800,A0)
FFCFA932? 4E71                 nop
FFCFA934? 6034                 bra     $ffcfa96a
FFCFA936d 4A280C00602E         dc.b    $4A,$28,$0C,$00,$60,$2E           ; |J(..`.|
FFCFA93C? 4A290141             tst.b   ($141,A1)
FFCFA940? 6A0A                 bpl     $ffcfa94c
FFCFA942? 117C00F70800         move.b  #$f7, ($800,A0)
FFCFA948? 4E71                 nop
FFCFA94A? 6004                 bra     $ffcfa950
FFCFA94C? 4A280C00             tst.b   ($c00,A0)
FFCFA950? 761E                 moveq   #$1e, D3
FFCFA952? 303C03E8             move.w  #$3e8, D0
FFCFA956? 61000C0E             bsr     $ffcfb566
FFCFA95A? 7002                 moveq   #$2, D0
FFCFA95C? 61000AF6             bsr     sub_FFCFB454
FFCFA960? 5BCBFFF0             dbmi    D3, $ffcfa952
FFCFA964? 700A                 moveq   #$a, D0
FFCFA966? 61000BFE             bsr     $ffcfb566
FFCFA96A? 13A900481003         move.b  ($48,A1), ($3,A1,D1.w)
FFCFA970? 7000                 moveq   #$0, D0
FFCFA972? 6000FE3E             bra     loc_FFCFA7B2
FFCFA976d 0006005400080048     dc.b    $00,$06,$00,$54,$00,$08,$00,$48,$00,$0A,$00,$E0,$44,$56,$28,$98 ; |...T...H....DV(.|
FFCFA986d 534328A24350025E     dc.b    $53,$43,$28,$A2,$43,$50,$02,$5E,$00,$00 ; |SC(.CP.^..|
loc_FFCFA990:
FFCFA990  70EE                 moveq   #-$12, D0
FFCFA992  47FAFFE2             lea     ($ffcfa976,PC), A3
FFCFA996  284B                 movea.l A3, A4
FFCFA998  6002                 bra     loc_FFCFA99C
loc_FFCFA99A:
FFCFA99A  544B                 addq.w  #2, A3
loc_FFCFA99C:
FFCFA99C  341B                 move.w  (A3)+, D2
FFCFA99E  671A                 beq     loc_FFCFA9BA
FFCFA9A0  B468001A             cmp.w   ($1a,A0), D2
FFCFA9A4  66F4                 bne     loc_FFCFA99A
FFCFA9A6  610000BC             bsr     sub_FFCFAA64
FFCFA9AA  660E                 bne     loc_FFCFA9BA
FFCFA9AC  70C0                 moveq   #-$40, D0
FFCFA9AE  4A311004             tst.b   ($4,A1,D1.w)
FFCFA9B2  41E8001C             lea     ($1c,A0), A0
FFCFA9B6  D8D3                 adda.w  (A3), A4
FFCFA9B8  4E94                 jsr     (A4)
loc_FFCFA9BA:
FFCFA9BA  6000FDF6             bra     loc_FFCFA7B2
FFCFA9BE? 700B                 moveq   #$b, D0
FFCFA9C0? D2C1                 adda.w  D1, A1
FFCFA9C2? 30D9                 move.w  (A1)+, (A0)+
FFCFA9C4? 5340                 subq.w  #1, D0
FFCFA9C6? 6EFA                 bgt     $ffcfa9c2
FFCFA9C8? 4E75                 rts
FFCFA9CA? 6F0E                 ble     $ffcfa9da
FFCFA9CC? 70BF                 moveq   #-$41, D0
FFCFA9CE? 0C3100021003         cmpi.b  #$2, ($3,A1,D1.w)
FFCFA9D4? 6D04                 blt     $ffcfa9da
FFCFA9D6? 70CE                 moveq   #-$32, D0
FFCFA9D8? 3410                 move.w  (A0), D2
FFCFA9DA? 6F58                 ble     $ffcfaa34
FFCFA9DC? 45FA0058             lea     ($ffcfaa36,PC), A2
FFCFA9E0? 7601                 moveq   #$1, D3
FFCFA9E2? 7000                 moveq   #$0, D0
FFCFA9E4? 4A311005             tst.b   ($5,A1,D1.w)
FFCFA9E8? 6A26                 bpl     $ffcfaa10
FFCFA9EA? 10311012             move.b  ($12,A1,D1.w), D0
FFCFA9EE? 4400                 neg.b   D0
FFCFA9F0? 7602                 moveq   #$2, D3
FFCFA9F2? 4A311016             tst.b   ($16,A1,D1.w)
FFCFA9F6? 6A18                 bpl     $ffcfaa10
FFCFA9F8? 7603                 moveq   #$3, D3
FFCFA9FA? 4A311017             tst.b   ($17,A1,D1.w)
FFCFA9FE? 6A10                 bpl     $ffcfaa10
FFCFAA00? 7002                 moveq   #$2, D0
FFCFAA02? 4A311018             tst.b   ($18,A1,D1.w)
FFCFAA06? 6A08                 bpl     $ffcfaa10
FFCFAA08? 45FA0044             lea     ($ffcfaa4e,PC), A2
FFCFAA0C? 7000                 moveq   #$0, D0
FFCFAA0E? 7601                 moveq   #$1, D3
FFCFAA10? B443                 cmp.w   D3, D2
FFCFAA12? 6F02                 ble     $ffcfaa16
FFCFAA14? 3403                 move.w  D3, D2
FFCFAA16? 30C2                 move.w  D2, (A0)+
FFCFAA18? 5342                 subq.w  #1, D2
FFCFAA1A? 3602                 move.w  D2, D3
FFCFAA1C? 9640                 sub.w   D0, D3
FFCFAA1E? 2050                 movea.l (A0), A0
FFCFAA20? 20DA                 move.l  (A2)+, (A0)+
FFCFAA22? 201A                 move.l  (A2)+, D0
FFCFAA24? B642                 cmp.w   D2, D3
FFCFAA26? 6604                 bne     $ffcfaa2c
FFCFAA28? 08C0001E             bset    #$1e, D0
FFCFAA2C? 20C0                 move.l  D0, (A0)+
FFCFAA2E? 51CAFFF0             dbra    D2, $ffcfaa20
FFCFAA32? 7000                 moveq   #$0, D0
FFCFAA34? 4E75                 rts
FFCFAA36d 00000320810A0050     dc.b    $00,$00,$03,$20,$81,$0A,$00,$50,$00,$00,$06,$40,$82,$0A,$00,$50 ; |... ...P...@...P|
FFCFAA46d 000005A08209         dc.b    $00,$00,$05,$A0,$82,$09           ; |......|
FFCFAA4C? 00500000             ori.w   #$0, (A0)
FFCFAA50? 0B40                 bchg    D5, D0
FFCFAA52? 9212                 sub.b   (A2), D1
FFCFAA54? 00502031             ori.w   #$2031, (A0)
FFCFAA58? 1016                 move.b  (A6), D0
FFCFAA5A? 10290140             move.b  ($140,A1), D0
FFCFAA5E? 2080                 move.l  D0, (A0)
FFCFAA60? 7000                 moveq   #$0, D0
FFCFAA62? 4E75                 rts

sub_FFCFAA64:
FFCFAA64  22780134             movea.l $134.w, A1                        ; SonyVars
FFCFAA68  50E90019             st      ($19,A1)
FFCFAA6C  30280016             move.w  ($16,A0), D0
FFCFAA70  6720                 beq     loc_FFCFAA92
FFCFAA72  0C400002             cmpi.w  #$2, D0
FFCFAA76  621A                 bhi     loc_FFCFAA92
FFCFAA78  336900120112         move.w  ($12,A1), ($112,A1)
FFCFAA7E  33400012             move.w  D0, ($12,A1)
FFCFAA82  70C0                 moveq   #-$40, D0
FFCFAA84  4A290140             tst.b   ($140,A1)
FFCFAA88  6E0A                 bgt     loc_FFCFAA94
FFCFAA8A  61000966             bsr     sub_FFCFB3F2
FFCFAA8E  7000                 moveq   #$0, D0
FFCFAA90  4E75                 rts
loc_FFCFAA92:
FFCFAA92  70C8                 moveq   #-$38, D0
loc_FFCFAA94:
FFCFAA94  4E75                 rts

sub_FFCFAA96:
FFCFAA96  48E78080             movem.l D0/A0, -(A7)
FFCFAA9A  7001                 moveq   #$1, D0
FFCFAA9C  C0290142             and.b   ($142,A1), D0
FFCFAAA0  6730                 beq     loc_FFCFAAD2
FFCFAAA2  42290142             clr.b   ($142,A1)
FFCFAAA6  7001                 moveq   #$1, D0
FFCFAAA8  6014                 bra     loc_FFCFAABE

sub_FFCFAAAA:
FFCFAAAA  48E78080             movem.l D0/A0, -(A7)
FFCFAAAE  7001                 moveq   #$1, D0
FFCFAAB0  C0290142             and.b   ($142,A1), D0
FFCFAAB4  661C                 bne     loc_FFCFAAD2
FFCFAAB6  303C0081             move.w  #$81, D0
FFCFAABA  13400142             move.b  D0, ($142,A1)
loc_FFCFAABE:
FFCFAABE  1F00                 move.b  D0, -(A7)
FFCFAAC0  2F0F                 move.l  A7, -(A7)
FFCFAAC2  2F17                 move.l  (A7), -(A7)
FFCFAAC4  2F3C00100001         move.l  #$100001, -(A7)
FFCFAACA  204F                 movea.l A7, A0
FFCFAACC  A085                 _PMgrOp                                   ; A-line trap A085
FFCFAACE  4FEF000E             lea     ($e,A7), A7
loc_FFCFAAD2:
FFCFAAD2  4CDF0101             movem.l (A7)+, D0/A0
FFCFAAD6  4E75                 rts
FFCFAAD8? 48E78080             movem.l D0/A0, -(A7)
FFCFAADC? 48690142             pea     ($142,A1)
FFCFAAE0? 2F17                 move.l  (A7), -(A7)
FFCFAAE2? 2F3C00180000         move.l  #$180000, -(A7)
FFCFAAE8? 204F                 movea.l A7, A0
FFCFAAEA? A085                 _PMgrOp                                   ; A-line trap A085
FFCFAAEC? 4FEF000C             lea     ($c,A7), A7
FFCFAAF0? 4CDF0101             movem.l (A7)+, D0/A0
FFCFAAF4? 4E75                 rts
FFCFAAF6? 48E77FFE             movem.l D1-D7/A0-A6, -(A7)
FFCFAAFA? 22780134             movea.l $134.w, A1                        ; SonyVars
FFCFAAFE? 0C400003             cmpi.w  #$3, D0
FFCFAB02? 6722                 beq     $ffcfab26
FFCFAB04? 50E90019             st      ($19,A1)
FFCFAB08? 4A290140             tst.b   ($140,A1)
FFCFAB0C? 6A14                 bpl     $ffcfab22
FFCFAB0E? 725A                 moveq   #$5a, D1
FFCFAB10? D2B8016A             add.l   $16a.w, D1                        ; Ticks
FFCFAB14? B2B8016A             cmp.l   $16a.w, D1                        ; Ticks
FFCFAB18? 6308                 bls     $ffcfab22
FFCFAB1A? 7001                 moveq   #$1, D0
FFCFAB1C? C0290142             and.b   ($142,A1), D0
FFCFAB20? 66F2                 bne     $ffcfab14
FFCFAB22? 7000                 moveq   #$0, D0
FFCFAB24? 605A                 bra     $ffcfab80
FFCFAB26? 40E7                 move    SR, -(A7)
FFCFAB28? 007C0700             ori     #$700, SR
FFCFAB2C? 7201                 moveq   #$1, D1
FFCFAB2E? C2290142             and.b   ($142,A1), D1
FFCFAB32? 42290142             clr.b   ($142,A1)
FFCFAB36? 6100FF72             bsr     sub_FFCFAAAA
FFCFAB3A? 207801E0             movea.l $1e0.w, A0                        ; IWM
FFCFAB3E? 117C00F80C00         move.b  #$f8, ($c00,A0)
FFCFAB44? 4E71                 nop
FFCFAB46? 4A281C00             tst.b   ($1c00,A0)
FFCFAB4A? 137C00010140         move.b  #$1, ($140,A1)
FFCFAB50? 6100003A             bsr     sub_FFCFAB8C
FFCFAB54? 6630                 bne     $ffcfab86
FFCFAB56? 42290140             clr.b   ($140,A1)
FFCFAB5A? 6100188C             bsr     sub_FFCFC3E8
FFCFAB5E? 0C2900FE0140         cmpi.b  #-$2, ($140,A1)
FFCFAB64? 6606                 bne     $ffcfab6c
FFCFAB66? 57E90141             seq     ($141,A1)
FFCFAB6A? 6004                 bra     $ffcfab70
FFCFAB6C? 42290141             clr.b   ($141,A1)
FFCFAB70? 1F01                 move.b  D1, -(A7)
FFCFAB72? 61001938             bsr     $ffcfc4ac
FFCFAB76? 4A1F                 tst.b   (A7)+
FFCFAB78? 670C                 beq     $ffcfab86
FFCFAB7A? 42290019             clr.b   ($19,A1)
FFCFAB7E? 46DF                 move    (A7)+, SR
FFCFAB80? 4CDF7FFE             movem.l (A7)+, D1-D7/A0-A6
FFCFAB84? 4E75                 rts
FFCFAB86d 6100FF0E60EE         dc.b    $61,$00,$FF,$0E,$60,$EE           ; |a...`.|

sub_FFCFAB8C:
FFCFAB8C  48E720C0             movem.l D2/A0-A1, -(A7)
FFCFAB90  7000                 moveq   #$0, D0
FFCFAB92  207801E0             movea.l $1e0.w, A0                        ; IWM
FFCFAB96  227801D4             movea.l $1d4.w, A1                        ; VIA
FFCFAB9A  117C00F80C00         move.b  #$f8, ($c00,A0)
FFCFABA0  74F5                 moveq   #-$b, D2
FFCFABA2  11420800             move.b  D2, ($800,A0)
FFCFABA6  4A11                 tst.b   (A1)
FFCFABA8  4E71                 nop
FFCFABAA  B4281800             cmp.b   ($1800,A0), D2
FFCFABAE  671E                 beq     loc_FFCFABCE
FFCFABB0  4A281C00             tst.b   ($1c00,A0)
FFCFABB4  4A281800             tst.b   ($1800,A0)
FFCFABB8  11401E00             move.b  D0, ($1e00,A0)
FFCFABBC  743F                 moveq   #$3f, D2
FFCFABBE  C4281800             and.b   ($1800,A0), D2
FFCFABC2  4A281C00             tst.b   ($1c00,A0)
FFCFABC6  0C02003F             cmpi.b  #$3f, D2
FFCFABCA  6702                 beq     loc_FFCFABCE
FFCFABCC  70C0                 moveq   #-$40, D0
loc_FFCFABCE:
FFCFABCE  4CDF0304             movem.l (A7)+, D2/A0-A1
FFCFABD2  4E75                 rts
FFCFABD4? 6F00FBDC             ble     loc_FFCFA7B2
FFCFABD8? 083800000B22         btst    #$0, $b22.w
FFCFABDE? 6704                 beq     $ffcfabe4
FFCFABE0? 6100FEC8             bsr     sub_FFCFAAAA
FFCFABE4? 33500016             move.w  (A0), ($16,A1)
FFCFABE8? 2F08                 move.l  A0, -(A7)
FFCFABEA? 4A290140             tst.b   ($140,A1)
FFCFABEE? 6A08                 bpl     $ffcfabf8
FFCFABF0? 610018BA             bsr     $ffcfc4ac
FFCFABF4? 66000032             bne     $ffcfac28
FFCFABF8? 61000B32             bsr     sub_FFCFB72C
FFCFABFC? 610017E4             bsr     $ffcfc3e2
FFCFAC00? 610007F0             bsr     sub_FFCFB3F2
FFCFAC04? 6100143A             bsr     $ffcfc040
FFCFAC08? 661E                 bne     $ffcfac28
FFCFAC0A? 610007E6             bsr     sub_FFCFB3F2
FFCFAC0E? 4A311017             tst.b   ($17,A1,D1.w)
FFCFAC12? 6A06                 bpl     $ffcfac1a
FFCFAC14? 61000114             bsr     $ffcfad2a
FFCFAC18? 6004                 bra     $ffcfac1e
FFCFAC1A? 61000052             bsr     $ffcfac6e
FFCFAC1E? 6B08                 bmi     $ffcfac28
FFCFAC20? 2057                 movea.l (A7), A0
FFCFAC22? 31400002             move.w  D0, ($2,A0)
FFCFAC26? 7000                 moveq   #$0, D0
FFCFAC28? 584F                 addq.w  #4, A7
FFCFAC2A? 600002FE             bra     $ffcfaf2a

sub_FFCFAC2E:
FFCFAC2E  082900041A00         btst    #$4, ($1a00,A1)
FFCFAC34  6636                 bne     loc_FFCFAC6C
FFCFAC36  22780CC0             movea.l $cc0.w, A1
FFCFAC3A  B2FCFFFF             cmpa.w  #$ffff, A1
FFCFAC3E  672C                 beq     loc_FFCFAC6C
FFCFAC40  40E7                 move    SR, -(A7)
FFCFAC42  007C0700             ori     #$700, SR
FFCFAC46  4A290F09             tst.b   ($f09,A1)
FFCFAC4A  660C                 bne     loc_FFCFAC58
FFCFAC4C  137C00010F09         move.b  #$1, ($f09,A1)
FFCFAC52  4E71                 nop
FFCFAC54  42290F09             clr.b   ($f09,A1)
loc_FFCFAC58:
FFCFAC58  4A290F29             tst.b   ($f29,A1)
FFCFAC5C  660C                 bne     loc_FFCFAC6A
FFCFAC5E  137C00010F29         move.b  #$1, ($f29,A1)
FFCFAC64  4E71                 nop
FFCFAC66  42290F29             clr.b   ($f29,A1)
loc_FFCFAC6A:
FFCFAC6A  46DF                 move    (A7)+, SR
loc_FFCFAC6C:
FFCFAC6C  4E75                 rts
FFCFAC6E? 40E7                 move    SR, -(A7)
FFCFAC70? 48E77FFE             movem.l D1-D7/A0-A6, -(A7)
FFCFAC74? 7004                 moveq   #$4, D0
FFCFAC76? 61000CDA             bsr     $ffcfb952
FFCFAC7A? 700E                 moveq   #$e, D0
FFCFAC7C? 61000790             bsr     sub_FFCFB40E
FFCFAC80? 207801E0             movea.l $1e0.w, A0                        ; IWM
FFCFAC84? 4A281A00             tst.b   ($1a00,A0)
FFCFAC88? 72FF                 moveq   #-$1, D1
FFCFAC8A? 7605                 moveq   #$5, D3
FFCFAC8C? 247801D4             movea.l $1d4.w, A2                        ; VIA
FFCFAC90? 47EA1A00             lea     ($1a00,A2), A3
FFCFAC94? 0C2900FE0140         cmpi.b  #-$2, ($140,A1)
FFCFAC9A? 6706                 beq     $ffcfaca2
FFCFAC9C? 49E81C00             lea     ($1c00,A0), A4
FFCFACA0? 6004                 bra     $ffcfaca6
FFCFACA2? 49E81E00             lea     ($1e00,A0), A4
FFCFACA6? 61000110             bsr     $ffcfadb8
FFCFACAA? 0C2900FE0140         cmpi.b  #-$2, ($140,A1)
FFCFACB0? 6706                 beq     $ffcfacb8
FFCFACB2? 61000112             bsr     $ffcfadc6
FFCFACB6? 6006                 bra     $ffcfacbe
FFCFACB8? 7800                 moveq   #$0, D4
FFCFACBA? 6100013E             bsr     $ffcfadfa
FFCFACBE? 6602                 bne     $ffcfacc2
FFCFACC0? 601C                 bra     $ffcfacde
FFCFACC2? 4A281800             tst.b   ($1800,A0)
FFCFACC6? 61000664             bsr     $ffcfb32c
FFCFACCA? 7201                 moveq   #$1, D1
FFCFACCC? 247801D4             movea.l $1d4.w, A2                        ; VIA
FFCFACD0? 610000E6             bsr     $ffcfadb8
FFCFACD4? 4CDF7FFE             movem.l (A7)+, D1-D7/A0-A6
FFCFACD8? 46DF                 move    (A7)+, SR
FFCFACDA? 4A80                 tst.l   D0
FFCFACDC? 4E75                 rts
FFCFACDE? 610000D8             bsr     $ffcfadb8
FFCFACE2? 740E                 moveq   #$e, D2
FFCFACE4? 0C2900FE0140         cmpi.b  #-$2, ($140,A1)
FFCFACEA? 6706                 beq     $ffcfacf2
FFCFACEC? 610000D8             bsr     $ffcfadc6
FFCFACF0? 6006                 bra     $ffcfacf8
FFCFACF2? 7800                 moveq   #$0, D4
FFCFACF4? 61000104             bsr     $ffcfadfa
FFCFACF8? 66C8                 bne     $ffcfacc2
FFCFACFA? 51CAFFE8             dbra    D2, $ffcface4
FFCFACFE? 7400                 moveq   #$0, D2
FFCFAD00? 142A1200             move.b  ($1200,A2), D2
FFCFAD04? 122A1000             move.b  ($1000,A2), D1
FFCFAD08? B42A1200             cmp.b   ($1200,A2), D2
FFCFAD0C? 6702                 beq     $ffcfad10
FFCFAD0E? 7200                 moveq   #$0, D1
FFCFAD10? 0713                 btst    D3, (A3)
FFCFAD12? 66AE                 bne     $ffcfacc2
FFCFAD14? E14A                 lsl.w   #8, D2
FFCFAD16? 8401                 or.b    D1, D2
FFCFAD18? 4642                 not.w   D2
FFCFAD1A? E582                 asl.l   #2, D2
FFCFAD1C? 4C7C20020000030F     divu.l  #$30f, D2; (2+)
FFCFAD24? 7000                 moveq   #$0, D0
FFCFAD26? 3002                 move.w  D2, D0
FFCFAD28? 6098                 bra     $ffcfacc2
FFCFAD2A? 40E7                 move    SR, -(A7)
FFCFAD2C? 48E77FFE             movem.l D1-D7/A0-A6, -(A7)
FFCFAD30? 7004                 moveq   #$4, D0
FFCFAD32? 61000C1E             bsr     $ffcfb952
FFCFAD36? 700E                 moveq   #$e, D0
FFCFAD38? 610006D4             bsr     sub_FFCFB40E
FFCFAD3C? 207801E0             movea.l $1e0.w, A0                        ; IWM
FFCFAD40? 72FF                 moveq   #-$1, D1
FFCFAD42? 7605                 moveq   #$5, D3
FFCFAD44? 247801D4             movea.l $1d4.w, A2                        ; VIA
FFCFAD48? 47EA1A00             lea     ($1a00,A2), A3
FFCFAD4C? 49E81E00             lea     ($1e00,A0), A4
FFCFAD50? 6166                 bsr     $ffcfadb8
FFCFAD52? 7803                 moveq   #$3, D4
FFCFAD54? 610000A4             bsr     $ffcfadfa
FFCFAD58? 6716                 beq     $ffcfad70
FFCFAD5A? 610005D0             bsr     $ffcfb32c
FFCFAD5E? 7201                 moveq   #$1, D1
FFCFAD60? 247801D4             movea.l $1d4.w, A2                        ; VIA
FFCFAD64? 6152                 bsr     $ffcfadb8
FFCFAD66? 4CDF7FFE             movem.l (A7)+, D1-D7/A0-A6
FFCFAD6A? 46DF                 move    (A7)+, SR
FFCFAD6C? 4A80                 tst.l   D0
FFCFAD6E? 4E75                 rts
FFCFAD70? 6146                 bsr     $ffcfadb8
FFCFAD72? 7803                 moveq   #$3, D4
FFCFAD74? 61000084             bsr     $ffcfadfa
FFCFAD78? 66E0                 bne     $ffcfad5a
FFCFAD7A? 7403                 moveq   #$3, D2
FFCFAD7C? 9404                 sub.b   D4, D2
FFCFAD7E? 7800                 moveq   #$0, D4
FFCFAD80? 6006                 bra     $ffcfad88
FFCFAD82? 06840000FFFF         addi.l  #$ffff, D4
FFCFAD88? 51CAFFF8             dbra    D2, $ffcfad82
FFCFAD8C? 7400                 moveq   #$0, D2
FFCFAD8E? 142A1200             move.b  ($1200,A2), D2
FFCFAD92? 122A1000             move.b  ($1000,A2), D1
FFCFAD96? B42A1200             cmp.b   ($1200,A2), D2
FFCFAD9A? 6702                 beq     $ffcfad9e
FFCFAD9C? 7200                 moveq   #$0, D1
FFCFAD9E? 0713                 btst    D3, (A3)
FFCFADA0? 66B8                 bne     $ffcfad5a
FFCFADA2? E14A                 lsl.w   #8, D2
FFCFADA4? 8401                 or.b    D1, D2
FFCFADA6? 4642                 not.w   D2
FFCFADA8? D484                 add.l   D4, D2
FFCFADAA? 4C7C20020000030F     divu.l  #$30f, D2; (2+)
FFCFADB2? 7000                 moveq   #$0, D0
FFCFADB4? 3002                 move.w  D2, D0
FFCFADB6? 60A2                 bra     $ffcfad5a
FFCFADB8? 15411000             move.b  D1, ($1000,A2)
FFCFADBC? E059                 ror.w   #8, D1
FFCFADBE? 15411200             move.b  D1, ($1200,A2)
FFCFADC2? E059                 ror.w   #8, D1
FFCFADC4? 4E75                 rts
FFCFADC6? 21DF0124             move.l  (A7)+, $124.w                     ; DskRtnAdr
FFCFADCA? 4A15                 tst.b   (A5)
FFCFADCC? 6100007A             bsr     $ffcfae48
FFCFADD0? 4A14                 tst.b   (A4)
FFCFADD2? 6B04                 bmi     $ffcfadd8
FFCFADD4? 4A14                 tst.b   (A4)
FFCFADD6? 6A0A                 bpl     $ffcfade2
FFCFADD8? 0713                 btst    D3, (A3)
FFCFADDA? 67EE                 beq     $ffcfadca
FFCFADDC? 70C0                 moveq   #-$40, D0
FFCFADDE? 600009BE             bra     $ffcfb79e
FFCFADE2? 4A15                 tst.b   (A5)
FFCFADE4? 61000062             bsr     $ffcfae48
FFCFADE8? 0713                 btst    D3, (A3)
FFCFADEA? 66F0                 bne     $ffcfaddc
FFCFADEC? 4A14                 tst.b   (A4)
FFCFADEE? 6AF2                 bpl     $ffcfade2
FFCFADF0? 4A14                 tst.b   (A4)
FFCFADF2? 6AEE                 bpl     $ffcfade2
FFCFADF4? 7000                 moveq   #$0, D0
FFCFADF6? 600009A6             bra     $ffcfb79e
FFCFADFA? 21DF0124             move.l  (A7)+, $124.w                     ; DskRtnAdr
FFCFADFE? 4A15                 tst.b   (A5)
FFCFAE00? 61000046             bsr     $ffcfae48
FFCFAE04? 08140003             btst    #$3, (A4)
FFCFAE08? 6606                 bne     $ffcfae10
FFCFAE0A? 08140003             btst    #$3, (A4)
FFCFAE0E? 6714                 beq     $ffcfae24
FFCFAE10? 0713                 btst    D3, (A3)
FFCFAE12? 67EA                 beq     $ffcfadfe
FFCFAE14? 4A04                 tst.b   D4
FFCFAE16? 6706                 beq     $ffcfae1e
FFCFAE18? 619E                 bsr     $ffcfadb8
FFCFAE1A? 5344                 subq.w  #1, D4
FFCFAE1C? 60E0                 bra     $ffcfadfe
FFCFAE1Ed 70C06000097C         dc.b    $70,$C0,$60,$00,$09,$7C           ; |p.`..||
FFCFAE24? 4A15                 tst.b   (A5)
FFCFAE26? 61000020             bsr     $ffcfae48
FFCFAE2A? 0713                 btst    D3, (A3)
FFCFAE2C? 6708                 beq     $ffcfae36
FFCFAE2E? 4A04                 tst.b   D4
FFCFAE30? 67EC                 beq     $ffcfae1e
FFCFAE32? 6184                 bsr     $ffcfadb8
FFCFAE34? 5344                 subq.w  #1, D4
FFCFAE36? 08140003             btst    #$3, (A4)
FFCFAE3A? 67E8                 beq     $ffcfae24
FFCFAE3C? 08140003             btst    #$3, (A4)
FFCFAE40? 67E2                 beq     $ffcfae24
FFCFAE42? 7000                 moveq   #$0, D0
FFCFAE44? 60000958             bra     $ffcfb79e
FFCFAE48? 082E0000FFFC         btst    #$0, (-$4,A6)
FFCFAE4E? 670A                 beq     $ffcfae5a
FFCFAE50? 554F                 subq.w  #2, A7
FFCFAE52? 2EAF0002             move.l  ($2,A7), (A7)
FFCFAE56? 1F560004             move.b  (A6), ($4,A7)
FFCFAE5A? 4E75                 rts
FFCFAE5C? 4A68001C             tst.w   ($1c,A0)
FFCFAE60? 6606                 bne     $ffcfae68
FFCFAE62? 50E90159             st      ($159,A1)
FFCFAE66? 6004                 bra     $ffcfae6c
FFCFAE68? 42290159             clr.b   ($159,A1)
FFCFAE6C? 7000                 moveq   #$0, D0
FFCFAE6E? 6000F942             bra     loc_FFCFA7B2
FFCFAE72d 4EF081E10226         dc.b    $4E,$F0,$81,$E1,$02,$26           ; |N....&|
FFCFAE78? 007C0100             ori     #$100, SR
FFCFAE7C? 36280006             move.w  ($6,A0), D3
FFCFAE80? 08280006002D         btst    #$6, ($2d,A0)
FFCFAE86? 56F8012C             sne     $12c.w                            ; DskVerify
FFCFAE8A? 6100FBD8             bsr     sub_FFCFAA64
FFCFAE8E? 660000AC             bne     $ffcfaf3c
FFCFAE92? 33430032             move.w  D3, ($32,A1)
FFCFAE96? 70C0                 moveq   #-$40, D0
FFCFAE98? 4A311004             tst.b   ($4,A1,D1.w)
FFCFAE9C? 6B00009E             bmi     $ffcfaf3c
FFCFAEA0? 083800000B22         btst    #$0, $b22.w
FFCFAEA6? 6704                 beq     $ffcfaeac
FFCFAEA8? 6100FC00             bsr     sub_FFCFAAAA
FFCFAEAC? 4A290140             tst.b   ($140,A1)
FFCFAEB0? 6A04                 bpl     $ffcfaeb6
FFCFAEB2? 610015F8             bsr     $ffcfc4ac
FFCFAEB6? 61000874             bsr     sub_FFCFB72C
FFCFAEBA? 7002                 moveq   #$2, D0
FFCFAEBC? 61000596             bsr     sub_FFCFB454
FFCFAEC0? 6A16                 bpl     $ffcfaed8
FFCFAEC2? 42311003             clr.b   ($3,A1,D1.w)
FFCFAEC6? 117C00860C00         move.b  #$86, ($c00,A0)
FFCFAECC? 4E71                 nop
FFCFAECE? 4A281000             tst.b   ($1000,A0)
FFCFAED2? 70BF                 moveq   #-$41, D0
FFCFAED4? 60000066             bra     $ffcfaf3c
FFCFAED8? 0C3100021003         cmpi.b  #$2, ($3,A1,D1.w)
FFCFAEDE? 6736                 beq     $ffcfaf16
FFCFAEE0? 42311017             clr.b   ($17,A1,D1.w)
FFCFAEE4? 4A290140             tst.b   ($140,A1)
FFCFAEE8? 6A04                 bpl     $ffcfaeee
FFCFAEEA? 610015C0             bsr     $ffcfc4ac
FFCFAEEE? 610007E2             bsr     $ffcfb6d2
FFCFAEF2? 610006EA             bsr     $ffcfb5de
FFCFAEF6? 6B38                 bmi     $ffcfaf30
FFCFAEF8? 6100088C             bsr     $ffcfb786
FFCFAEFC? 6632                 bne     $ffcfaf30
FFCFAEFE? 7006                 moveq   #$6, D0
FFCFAF00? 61000552             bsr     sub_FFCFB454
FFCFAF04? 5AF11002             spl     ($2,A1,D1.w)
FFCFAF08? 42311012             clr.b   ($12,A1,D1.w)
FFCFAF0C? 13BC00021003         move.b  #$2, ($3,A1,D1.w)
FFCFAF12? 600017AE             bra     $ffcfc6c2
FFCFAF16? 6100040C             bsr     $ffcfb324
FFCFAF1A? 6728                 beq     $ffcfaf44
FFCFAF1C? 337803020026         move.w  $302.w, ($26,A1)                  ; BufTgFBkNum
FFCFAF22? 4A311002             tst.b   ($2,A1,D1.w)
FFCFAF26? 6A1C                 bpl     $ffcfaf44
FFCFAF28? 70D4                 moveq   #-$2c, D0
FFCFAF2A? 3429003A             move.w  ($3a,A1), D2
FFCFAF2E? 6002                 bra     $ffcfaf32
FFCFAF30? 7400                 moveq   #$0, D2
FFCFAF32? 3F00                 move.w  D0, -(A7)
FFCFAF34? 3002                 move.w  D2, D0
FFCFAF36? 61000764             bsr     $ffcfb69c
FFCFAF3A? 301F                 move.w  (A7)+, D0
FFCFAF3C? 027CF8FF             andi    #$f8ff, SR
FFCFAF40? 6000F870             bra     loc_FFCFA7B2
FFCFAF44? 3C311000             move.w  (A1,D1.w), D6
FFCFAF48? 6100078C             bsr     $ffcfb6d6
FFCFAF4C? 2451                 movea.l (A1), A2
FFCFAF4E? 206A0008             movea.l ($8,A2), A0
FFCFAF52? 202A0010             move.l  ($10,A2), D0
FFCFAF56? 7E09                 moveq   #$9, D7
FFCFAF58? EEA8                 lsr.l   D7, D0
FFCFAF5A? 4A311017             tst.b   ($17,A1,D1.w)
FFCFAF5E? 6B001890             bmi     $ffcfc7f0
FFCFAF62? 7800                 moveq   #$0, D4
FFCFAF64? 4A311012             tst.b   ($12,A1,D1.w)
FFCFAF68? 6702                 beq     $ffcfaf6c
FFCFAF6A? 7801                 moveq   #$1, D4
FFCFAF6C? 7464                 moveq   #$64, D2
FFCFAF6E? E74A                 lsl.w   #3, D2
FFCFAF70? E96A                 lsl.w   D4, D2
FFCFAF72? B082                 cmp.l   D2, D0
FFCFAF74? 6D04                 blt     $ffcfaf7a
FFCFAF76? 70CE                 moveq   #-$32, D0
FFCFAF78? 60B0                 bra     $ffcfaf2a
FFCFAF7A? 7607                 moveq   #$7, D3
FFCFAF7C? E94B                 lsl.w   #4, D3
FFCFAF7E? E96B                 lsl.w   D4, D3
FFCFAF80? 7A10                 moveq   #$10, D5
FFCFAF82? E96D                 lsl.w   D4, D5
FFCFAF84? D645                 add.w   D5, D3
FFCFAF86? 9483                 sub.l   D3, D2
FFCFAF88? B082                 cmp.l   D2, D0
FFCFAF8A? 6DF8                 blt     $ffcfaf84
FFCFAF8C? E84B                 lsr.w   #4, D3
FFCFAF8E? 7AFF                 moveq   #-$1, D5
FFCFAF90? D443                 add.w   D3, D2
FFCFAF92? 5245                 addq.w  #1, D5
FFCFAF94? B042                 cmp.w   D2, D0
FFCFAF96? 6CF8                 bge     $ffcfaf90
FFCFAF98? E86B                 lsr.w   D4, D3
FFCFAF9A? 7C0C                 moveq   #$c, D6
FFCFAF9C? 9C43                 sub.w   D3, D6
FFCFAF9E? E94E                 lsl.w   #4, D6
FFCFAFA0? DA46                 add.w   D6, D5
FFCFAFA2? 2C04                 move.l  D4, D6
FFCFAFA4? 9443                 sub.w   D3, D2
FFCFAFA6? B082                 cmp.l   D2, D0
FFCFAFA8? 6C04                 bge     $ffcfafae
FFCFAFAA? 9443                 sub.w   D3, D2
FFCFAFAC? 7C00                 moveq   #$0, D6
FFCFAFAE? 4A06                 tst.b   D6
FFCFAFB0? 670E                 beq     $ffcfafc0
FFCFAFB2? 08C5000B             bset    #$b, D5
FFCFAFB6? 4A311005             tst.b   ($5,A1,D1.w)
FFCFAFBA? 6604                 bne     $ffcfafc0
FFCFAFBC? 70B2                 moveq   #-$4e, D0
FFCFAFBE? 60B8                 bra     $ffcfaf78
FFCFAFC0? 33450016             move.w  D5, ($16,A1)
FFCFAFC4? 9042                 sub.w   D2, D0
FFCFAFC6? 9640                 sub.w   D0, D3
FFCFAFC8? 33400020             move.w  D0, ($20,A1)
FFCFAFCC? 2A280024             move.l  ($24,A0), D5
FFCFAFD0? 24280028             move.l  ($28,A0), D2
FFCFAFD4? 9A82                 sub.l   D2, D5
FFCFAFD6? EEAD                 lsr.l   D7, D5
FFCFAFD8? 679C                 beq     $ffcfaf76
FFCFAFDA? B645                 cmp.w   D5, D3
FFCFAFDC? 5DC6                 slt     D6
FFCFAFDE? 6F02                 ble     $ffcfafe2
FFCFAFE0? 3605                 move.w  D5, D3
FFCFAFE2? 7A00                 moveq   #$0, D5
FFCFAFE4? 3800                 move.w  D0, D4
FFCFAFE6? 3F03                 move.w  D3, -(A7)
FFCFAFE8? 01C5                 bset    D0, D5
FFCFAFEA? 5240                 addq.w  #1, D0
FFCFAFEC? 5343                 subq.w  #1, D3
FFCFAFEE? 66F8                 bne     $ffcfafe8
FFCFAFF0? 361F                 move.w  (A7)+, D3
FFCFAFF2? 23450022             move.l  D5, ($22,A1)
FFCFAFF6? 26680020             movea.l ($20,A0), A3
FFCFAFFA? D7C2                 adda.l  D2, A3
FFCFAFFC? 234B001C             move.l  A3, ($1c,A1)
FFCFB000? EEAA                 lsr.l   D7, D2
FFCFB002? 33420028             move.w  D2, ($28,A1)
FFCFB006? 1369002C002D         move.b  ($2c,A1), ($2d,A1)
FFCFB00C? 42290100             clr.b   ($100,A1)
FFCFB010? 61000312             bsr     $ffcfb324
FFCFB014? 6712                 beq     $ffcfb028
FFCFB016? 610000E2             bsr     $ffcfb0fa
FFCFB01A? 6608                 bne     $ffcfb024
FFCFB01C? 2005                 move.l  D5, D0
FFCFB01E? 4680                 not.l   D0
FFCFB020? C1A90106             and.l   D0, ($106,A1)
FFCFB024? 600000F4             bra     $ffcfb11a
FFCFB028? 4A38012C             tst.b   $12c.w                            ; DskVerify
FFCFB02C? 66F6                 bne     $ffcfb024
FFCFB02E? 610000CA             bsr     $ffcfb0fa
FFCFB032? 66000096             bne     $ffcfb0ca
FFCFB036? 2405                 move.l  D5, D2
FFCFB038? C4A90106             and.l   ($106,A1), D2
FFCFB03C? 67000088             beq     $ffcfb0c6
FFCFB040? 7E02                 moveq   #$2, D7
FFCFB042? E187                 asl.l   #8, D7
FFCFB044? 3004                 move.w  D4, D0
FFCFB046? 4A311017             tst.b   ($17,A1,D1.w)
FFCFB04A? 6A02                 bpl     $ffcfb04e
FFCFB04C? 5340                 subq.w  #1, D0
FFCFB04E? C0FC020C             mulu.w  #$20c, D0
FFCFB052? 2869010A             movea.l ($10a,A1), A4
FFCFB056? D8C0                 adda.w  D0, A4
FFCFB058? 0902                 btst    D4, D2
FFCFB05A? 6744                 beq     $ffcfb0a0
FFCFB05C? 0985                 bclr    D4, D5
FFCFB05E? 48E700C0             movem.l A0-A1, -(A7)
FFCFB062? 4AA900F4             tst.l   ($f4,A1)
FFCFB066? 6716                 beq     $ffcfb07e
FFCFB068? 3004                 move.w  D4, D0
FFCFB06A? 90690020             sub.w   ($20,A1), D0
FFCFB06E? D0690028             add.w   ($28,A1), D0
FFCFB072? C0FC000C             mulu.w  #$c, D0
FFCFB076? 226900F4             movea.l ($f4,A1), A1
FFCFB07A? D3C0                 adda.l  D0, A1
FFCFB07C? 6004                 bra     $ffcfb082
FFCFB07E? 43F802FC             lea     $2fc.w, A1                        ; BufTgFNum
FFCFB082? 204C                 movea.l A4, A0
FFCFB084? 22D8                 move.l  (A0)+, (A1)+
FFCFB086? 22D8                 move.l  (A0)+, (A1)+
FFCFB088? 22D8                 move.l  (A0)+, (A1)+
FFCFB08A? 224B                 movea.l A3, A1
FFCFB08C? 2007                 move.l  D7, D0
FFCFB08E? A02E                 _BlockMove                                ; A-line trap A02E
FFCFB090? 4CDF0300             movem.l (A7)+, A0-A1
FFCFB094? 52690110             addq.w  #1, ($110,A1)
FFCFB098? DFAA0010             add.l   D7, ($10,A2)
FFCFB09C? DFA80028             add.l   D7, ($28,A0)
FFCFB0A0? D7C7                 adda.l  D7, A3
FFCFB0A2? D9C7                 adda.l  D7, A4
FFCFB0A4? 49EC000C             lea     ($c,A4), A4
FFCFB0A8? 5244                 addq.w  #1, D4
FFCFB0AA? 5343                 subq.w  #1, D3
FFCFB0AC? 66AA                 bne     $ffcfb058
FFCFB0AE? 23450022             move.l  D5, ($22,A1)
FFCFB0B2? 6612                 bne     $ffcfb0c6
FFCFB0B4? 20280028             move.l  ($28,A0), D0
FFCFB0B8? B0A80024             cmp.l   ($24,A0), D0
FFCFB0BC? 6D00FE8E             blt     $ffcfaf4c
FFCFB0C0? 7000                 moveq   #$0, D0
FFCFB0C2? 6000FE66             bra     $ffcfaf2a
FFCFB0C6d 61186050             dc.b    $61,$18,$60,$50                   ; |a.`P|
FFCFB0CA? 6114                 bsr     $ffcfb0e0
FFCFB0CC? 664C                 bne     $ffcfb11a
FFCFB0CE? 336900120102         move.w  ($12,A1), ($102,A1)
FFCFB0D4? 336900160104         move.w  ($16,A1), ($104,A1)
FFCFB0DA? 42A90106             clr.l   ($106,A1)
FFCFB0DE? 603A                 bra     $ffcfb11a
FFCFB0E0? 4A290101             tst.b   ($101,A1)
FFCFB0E4? 6710                 beq     $ffcfb0f6
FFCFB0E6? 0829000A0032         btst    #$a, ($32,A1)
FFCFB0EC? 6602                 bne     $ffcfb0f0
FFCFB0EE? 4A06                 tst.b   D6
FFCFB0F0? 57E90100             seq     ($100,A1)
FFCFB0F4? 4E75                 rts
FFCFB0F6d 7C0160F6             dc.b    $7C,$01,$60,$F6                   ; ||.`.|
FFCFB0FA? 4A290101             tst.b   ($101,A1)
FFCFB0FE? 6716                 beq     $ffcfb116
FFCFB100? 30290102             move.w  ($102,A1), D0
FFCFB104? 6710                 beq     $ffcfb116
FFCFB106? B0690012             cmp.w   ($12,A1), D0
FFCFB10A? 660A                 bne     $ffcfb116
FFCFB10C? 30290016             move.w  ($16,A1), D0
FFCFB110? 90690104             sub.w   ($104,A1), D0
FFCFB114? 6702                 beq     $ffcfb118
FFCFB116? 70FF                 moveq   #-$1, D0
FFCFB118? 4E75                 rts
FFCFB11Ad 4EF081E1024A         dc.b    $4E,$F0,$81,$E1,$02,$4A           ; |N....J|
FFCFB120? 136900300031         move.b  ($30,A1), ($31,A1)
FFCFB126? 3C290016             move.w  ($16,A1), D6
FFCFB12A? 6100036E             bsr     $ffcfb49a
FFCFB12E? 6B08                 bmi     $ffcfb138
FFCFB130? 1369002A002B         move.b  ($2a,A1), ($2b,A1)
FFCFB136? 6004                 bra     $ffcfb13c
FFCFB138d 60000280             dc.b    $60,$00,$02,$80                   ; |`...|
FFCFB13C? 1369002E002F         move.b  ($2e,A1), ($2f,A1)
FFCFB142? 3C01                 move.w  D1, D6
FFCFB144? 61000840             bsr     $ffcfb986
FFCFB148? 6B000210             bmi     $ffcfb35a
FFCFB14C? B2690016             cmp.w   ($16,A1), D1
FFCFB150? 66000262             bne     $ffcfb3b4
FFCFB154? 13430156             move.b  D3, ($156,A1)
FFCFB158? 334200FE             move.w  D2, ($fe,A1)
FFCFB15C? 31C202FA             move.w  D2, $2fa.w                        ; TagData
FFCFB160? 20290022             move.l  ($22,A1), D0
FFCFB164? 0500                 btst    D2, D0
FFCFB166? 660000BA             bne     $ffcfb222
FFCFB16A? 4A290100             tst.b   ($100,A1)
FFCFB16E? 6700021A             beq     $ffcfb38a
FFCFB172? 20290106             move.l  ($106,A1), D0
FFCFB176? 0500                 btst    D2, D0
FFCFB178? 66000210             bne     $ffcfb38a
FFCFB17C? 41FA0924             lea     ($ffcfbaa2,PC), A0
FFCFB180? 0C2900FE0140         cmpi.b  #-$2, ($140,A1)
FFCFB186? 6604                 bne     $ffcfb18c
FFCFB188? 41FA1DAE             lea     ($ffcfcf38,PC), A0
FFCFB18C? B1F8022E             cmpa.l  $22e.w, A0
FFCFB190? 56E90100             sne     ($100,A1)
FFCFB194? 660001F4             bne     $ffcfb38a
FFCFB198? 3202                 move.w  D2, D1
FFCFB19A? 4A316017             tst.b   ($17,A1,D6.w)
FFCFB19E? 6A04                 bpl     $ffcfb1a4
FFCFB1A0? 5342                 subq.w  #1, D2
FFCFB1A2? 6BD4                 bmi     $ffcfb178
FFCFB1A4? C4FC020C             mulu.w  #$20c, D2
FFCFB1A8? 2069010A             movea.l ($10a,A1), A0
FFCFB1AC? D1C2                 adda.l  D2, A0
FFCFB1AE? 41E8000C             lea     ($c,A0), A0
FFCFB1B2? 610008D8             bsr     $ffcfba8c
FFCFB1B6? 6100023A             bsr     sub_FFCFB3F2
FFCFB1BA? 3C01                 move.w  D1, D6
FFCFB1BC? 4A40                 tst.w   D0
FFCFB1BE? 5AE90100             spl     ($100,A1)
FFCFB1C2? 6B30                 bmi     $ffcfb1f4
FFCFB1C4? 5269010E             addq.w  #1, ($10e,A1)
FFCFB1C8? 342900FE             move.w  ($fe,A1), D2
FFCFB1CC? 2069010A             movea.l ($10a,A1), A0
FFCFB1D0? 3202                 move.w  D2, D1
FFCFB1D2? 4A316017             tst.b   ($17,A1,D6.w)
FFCFB1D6? 6A02                 bpl     $ffcfb1da
FFCFB1D8? 5341                 subq.w  #1, D1
FFCFB1DA? C2FC020C             mulu.w  #$20c, D1
FFCFB1DE? D1C1                 adda.l  D1, A0
FFCFB1E0? 45F802FC             lea     $2fc.w, A2                        ; BufTgFNum
FFCFB1E4? 20DA                 move.l  (A2)+, (A0)+
FFCFB1E6? 20DA                 move.l  (A2)+, (A0)+
FFCFB1E8? 20DA                 move.l  (A2)+, (A0)+
FFCFB1EA? 28290106             move.l  ($106,A1), D4
FFCFB1EE? 05C4                 bset    D2, D4
FFCFB1F0? 23440106             move.l  D4, ($106,A1)
FFCFB1F4? 08F80007015F         bset    #$7, $15f.w                       ; Filler3
FFCFB1FA? 661A                 bne     $ffcfb216
FFCFB1FC? 3029003E             move.w  ($3e,A1), D0
FFCFB200? 4A316017             tst.b   ($17,A1,D6.w)
FFCFB204? 6A02                 bpl     $ffcfb208
FFCFB206? 704B                 moveq   #$4b, D0
FFCFB208? 61000382             bsr     $ffcfb58c
FFCFB20C? 6100011E             bsr     $ffcfb32c
FFCFB210? 61000368             bsr     $ffcfb57a
FFCFB214? 6008                 bra     $ffcfb21e
FFCFB216? 61000114             bsr     $ffcfb32c
FFCFB21A? 027CF8FF             andi    #$f8ff, SR
FFCFB21E? 6000FF1C             bra     $ffcfb13c
FFCFB222? 0C03001F             cmpi.b  #$1f, D3
FFCFB226? 5EF16012             sgt     ($12,A1,D6.w)
FFCFB22A? 94690020             sub.w   ($20,A1), D2
FFCFB22E? 3202                 move.w  D2, D1
FFCFB230? E181                 asl.l   #8, D1
FFCFB232? D281                 add.l   D1, D1
FFCFB234? D2A9001C             add.l   ($1c,A1), D1
FFCFB238? 2041                 movea.l D1, A0
FFCFB23A? 32290028             move.w  ($28,A1), D1
FFCFB23E? D242                 add.w   D2, D1
FFCFB240? 3001                 move.w  D1, D0
FFCFB242? D241                 add.w   D1, D1
FFCFB244? D240                 add.w   D0, D1
FFCFB246? E541                 asl.w   #2, D1
FFCFB248? 334100F8             move.w  D1, ($f8,A1)
FFCFB24C? 610000D6             bsr     $ffcfb324
FFCFB250? 6728                 beq     $ffcfb27a
FFCFB252? 262900F4             move.l  ($f4,A1), D3
FFCFB256? 6710                 beq     $ffcfb268
FFCFB258? 2243                 movea.l D3, A1
FFCFB25A? D2C1                 adda.w  D1, A1
FFCFB25C? 45F802FC             lea     $2fc.w, A2                        ; BufTgFNum
FFCFB260? 24D9                 move.l  (A1)+, (A2)+
FFCFB262? 24D9                 move.l  (A1)+, (A2)+
FFCFB264? 24D9                 move.l  (A1)+, (A2)+
FFCFB266? 6008                 bra     $ffcfb270
FFCFB268? D0690026             add.w   ($26,A1), D0
FFCFB26C? 31C00302             move.w  D0, $302.w                        ; BufTgFBkNum
FFCFB270? 61000A82             bsr     $ffcfbcf4
FFCFB274? 6B0000E4             bmi     $ffcfb35a
FFCFB278? 6022                 bra     $ffcfb29c
FFCFB27A? 61000810             bsr     $ffcfba8c
FFCFB27E? 6B0000DA             bmi     $ffcfb35a
FFCFB282? 22780134             movea.l $134.w, A1                        ; SonyVars
FFCFB286? 202900F4             move.l  ($f4,A1), D0
FFCFB28A? 6710                 beq     $ffcfb29c
FFCFB28C? 2040                 movea.l D0, A0
FFCFB28E? D0E900F8             adda.w  ($f8,A1), A0
FFCFB292? 45F802FC             lea     $2fc.w, A2                        ; BufTgFNum
FFCFB296? 20DA                 move.l  (A2)+, (A0)+
FFCFB298? 20DA                 move.l  (A2)+, (A0)+
FFCFB29A? 20DA                 move.l  (A2)+, (A0)+
FFCFB29C? 61000154             bsr     sub_FFCFB3F2
FFCFB2A0? 28290022             move.l  ($22,A1), D4
FFCFB2A4? 342900FE             move.w  ($fe,A1), D2
FFCFB2A8? 0584                 bclr    D2, D4
FFCFB2AA? 23440022             move.l  D4, ($22,A1)
FFCFB2AE? 2451                 movea.l (A1), A2
FFCFB2B0? 206A0008             movea.l ($8,A2), A0
FFCFB2B4? 7602                 moveq   #$2, D3
FFCFB2B6? E183                 asl.l   #8, D3
FFCFB2B8? D7AA0010             add.l   D3, ($10,A2)
FFCFB2BC? D7A80028             add.l   D3, ($28,A0)
FFCFB2C0? 26280024             move.l  ($24,A0), D3
FFCFB2C4? 96A80028             sub.l   ($28,A0), D3
FFCFB2C8? 08F80007015F         bset    #$7, $15f.w                       ; Filler3
FFCFB2CE? 6718                 beq     $ffcfb2e8
FFCFB2D0? 6152                 bsr     $ffcfb324
FFCFB2D2? 672C                 beq     $ffcfb300
FFCFB2D4? 4A84                 tst.l   D4
FFCFB2D6? 660A                 bne     $ffcfb2e2
FFCFB2D8? 6152                 bsr     $ffcfb32c
FFCFB2DA? 7007                 moveq   #$7, D0
FFCFB2DC? 61000288             bsr     $ffcfb566
FFCFB2E0? 6024                 bra     $ffcfb306
FFCFB2E2? 4A311013             tst.b   ($13,A1,D1.w)
FFCFB2E6? 6B18                 bmi     $ffcfb300
FFCFB2E8? 3029003E             move.w  ($3e,A1), D0
FFCFB2EC? 4A311017             tst.b   ($17,A1,D1.w)
FFCFB2F0? 6A02                 bpl     $ffcfb2f4
FFCFB2F2? 704B                 moveq   #$4b, D0
FFCFB2F4? 61000296             bsr     $ffcfb58c
FFCFB2F8? 6132                 bsr     $ffcfb32c
FFCFB2FA? 6100027E             bsr     $ffcfb57a
FFCFB2FE? 6006                 bra     $ffcfb306
FFCFB300? 612A                 bsr     $ffcfb32c
FFCFB302? 027CF8FF             andi    #$f8ff, SR
FFCFB306? 2004                 move.l  D4, D0
FFCFB308? 6600FE32             bne     $ffcfb13c
FFCFB30C? 4A83                 tst.l   D3
FFCFB30E? 6E00FC3C             bgt     $ffcfaf4c
FFCFB312? 4A311012             tst.b   ($12,A1,D1.w)
FFCFB316? 6708                 beq     $ffcfb320
FFCFB318? 4A311005             tst.b   ($5,A1,D1.w)
FFCFB31C? 6602                 bne     $ffcfb320
FFCFB31E? 70B2                 moveq   #-$4e, D0
FFCFB320? 6000FC08             bra     $ffcfaf2a
FFCFB324d 0C29000200334E75     dc.b    $0C,$29,$00,$02,$00,$33,$4E,$75   ; |.)...3Nu|
FFCFB32C? 285F                 movea.l (A7)+, A4
FFCFB32E? 487A0014             pea     ($ffcfb344,PC)
FFCFB332? 2F38013E             move.l  $13e.w, -(A7)                     ; PollProc
FFCFB336? 6718                 beq     $ffcfb350
FFCFB338? 22780134             movea.l $134.w, A1                        ; SonyVars
FFCFB33C? 48E9110D00D0         movem.l D0/D2-D3/A0/A4, ($d0,A1)
FFCFB342? 4E75                 rts
FFCFB344? 610000AC             bsr     sub_FFCFB3F2
FFCFB348? 4CE9110D00D0         movem.l ($d0,A1), D0/D2-D3/A0/A4
FFCFB34E? 4ED4                 jmp     (A4)
FFCFB350? 2E78013A             movea.l $13a.w, A7                        ; PollStack
FFCFB354? 6100009C             bsr     sub_FFCFB3F2
FFCFB358? 4ED4                 jmp     (A4)
FFCFB35A? 61D0                 bsr     $ffcfb32c
FFCFB35C? 027CF8FF             andi    #$f8ff, SR
FFCFB360? 526900FA             addq.w  #1, ($fa,A1)
FFCFB364? 4A290159             tst.b   ($159,A1)
FFCFB368? 6708                 beq     $ffcfb372
FFCFB36A? 4229002D             clr.b   ($2d,A1)
FFCFB36E? 4229002B             clr.b   ($2b,A1)
FFCFB372? 52711014             addq.w  #1, ($14,A1,D1.w)
FFCFB376? 4A29002D             tst.b   ($2d,A1)
FFCFB37A? 6704                 beq     $ffcfb380
FFCFB37C? 61A6                 bsr     $ffcfb324
FFCFB37E? 663A                 bne     $ffcfb3ba
FFCFB380? 5329002B             subq.b  #1, ($2b,A1)
FFCFB384? 6A00FDB6             bpl     $ffcfb13c
FFCFB388? 6030                 bra     $ffcfb3ba
FFCFB38A? 22780134             movea.l $134.w, A1                        ; SonyVars
FFCFB38E? 3029003E             move.w  ($3e,A1), D0
FFCFB392? 4A316017             tst.b   ($17,A1,D6.w)
FFCFB396? 6A02                 bpl     $ffcfb39a
FFCFB398? 704B                 moveq   #$4b, D0
FFCFB39A? 610001F0             bsr     $ffcfb58c
FFCFB39E? 618C                 bsr     $ffcfb32c
FFCFB3A0? 610001D8             bsr     $ffcfb57a
FFCFB3A4? 52B80156             addq.l  #1, $156.w                        ; RndSeed
FFCFB3A8? 70AF                 moveq   #-$51, D0
FFCFB3AA? 5329002F             subq.b  #1, ($2f,A1)
FFCFB3AE? 6B0A                 bmi     $ffcfb3ba
FFCFB3B0? 6000FD90             bra     $ffcfb142
FFCFB3B4? 6100FF76             bsr     $ffcfb32c
FFCFB3B8? 70B0                 moveq   #-$50, D0
FFCFB3BA? 027CF8FF             andi    #$f8ff, SR
FFCFB3BE? 5329002D             subq.b  #1, ($2d,A1)
FFCFB3C2? 6F0E                 ble     $ffcfb3d2
FFCFB3C4? 61000218             bsr     $ffcfb5de
FFCFB3C8? 6B08                 bmi     $ffcfb3d2
FFCFB3CA? 610003BA             bsr     $ffcfb786
FFCFB3CE? 6A00FD4A             bpl     $ffcfb11a
FFCFB3D2? 6000FF4C             bra     $ffcfb320
FFCFB3D6d 004A008C             dc.b    $00,$4A,$00,$8C                   ; |.J..|
FFCFB3DA? 207801E0             movea.l $1e0.w, A0                        ; IWM
FFCFB3DE? 247801D4             movea.l $1d4.w, A2                        ; VIA
FFCFB3E2? 6116                 bsr     sub_FFCFB3FA
FFCFB3E4? 323B10EE             move.w  (-$12,PC,D1.w), D1
FFCFB3E8? 4E75                 rts

sub_FFCFB3EA:
FFCFB3EA  207801E0             movea.l $1e0.w, A0                        ; IWM
FFCFB3EE  247801D4             movea.l $1d4.w, A2                        ; VIA

sub_FFCFB3F2:
FFCFB3F2  6106                 bsr     sub_FFCFB3FA
FFCFB3F4  323B10DE             move.w  (-$22,PC,D1.w), D1
FFCFB3F8  4E75                 rts

sub_FFCFB3FA:
FFCFB3FA  22780134             movea.l $134.w, A1                        ; SonyVars
FFCFB3FE  32290012             move.w  ($12,A1), D1
FFCFB402  0C410002             cmpi.w  #$2, D1
FFCFB406  6302                 bls     loc_FFCFB40A
FFCFB408  7202                 moveq   #$2, D1
loc_FFCFB40A:
FFCFB40A  D241                 add.w   D1, D1
FFCFB40C  4E75                 rts

sub_FFCFB40E:
FFCFB40E  61DA                 bsr     sub_FFCFB3EA
FFCFB410  4A290141             tst.b   ($141,A1)
FFCFB414  6B00131E             bmi     loc_FFCFC734
FFCFB418  4A280200             tst.b   ($200,A0)
FFCFB41C  4A280600             tst.b   ($600,A0)
FFCFB420  E208                 lsr.b   #1, D0
FFCFB422  6406                 bcc     loc_FFCFB42A
FFCFB424  4A280A00             tst.b   ($a00,A0)
FFCFB428  6004                 bra     loc_FFCFB42E
loc_FFCFB42A:
FFCFB42A  4A280800             tst.b   ($800,A0)
loc_FFCFB42E:
FFCFB42E  E208                 lsr.b   #1, D0
FFCFB430  640A                 bcc     loc_FFCFB43C
FFCFB432  08EA00051E00         bset    #$5, ($1e00,A2)
FFCFB438  4E71                 nop
FFCFB43A  6008                 bra     loc_FFCFB444
loc_FFCFB43C:
FFCFB43C  08AA00051E00         bclr    #$5, ($1e00,A2)
FFCFB442  4E71                 nop
loc_FFCFB444:
FFCFB444  E208                 lsr.b   #1, D0
FFCFB446  6502                 bcs     loc_FFCFB44A
FFCFB448  4A10                 tst.b   (A0)
loc_FFCFB44A:
FFCFB44A  E208                 lsr.b   #1, D0
FFCFB44C  6504                 bcs     loc_FFCFB452
FFCFB44E  4A280400             tst.b   ($400,A0)
loc_FFCFB452:
FFCFB452  4E75                 rts

sub_FFCFB454:
FFCFB454  61B8                 bsr     sub_FFCFB40E
FFCFB456  4A290141             tst.b   ($141,A1)
FFCFB45A  6B001326             bmi     loc_FFCFC782
FFCFB45E  40E7                 move    SR, -(A7)
FFCFB460  007C0700             ori     #$700, SR
FFCFB464  4A281A00             tst.b   ($1a00,A0)
FFCFB468  10281C00             move.b  ($1c00,A0), D0
FFCFB46C  4A281800             tst.b   ($1800,A0)
FFCFB470  46DF                 move    (A7)+, SR
FFCFB472  4A00                 tst.b   D0
FFCFB474  4E75                 rts
FFCFB476? 6196                 bsr     sub_FFCFB40E
FFCFB478? 4A290141             tst.b   ($141,A1)
FFCFB47C? 6B001310             bmi     $ffcfc78e
FFCFB480? 40E7                 move    SR, -(A7)
FFCFB482? 007C0700             ori     #$700, SR
FFCFB486? 4A280E00             tst.b   ($e00,A0)
FFCFB48A? 156A1E001E00         move.b  ($1e00,A2), ($1e00,A2)
FFCFB490? 4E71                 nop
FFCFB492? 4A280C00             tst.b   ($c00,A0)
FFCFB496? 46DF                 move    (A7)+, SR
FFCFB498? 4E75                 rts
FFCFB49Ad 0886000B4EF081E1     dc.b    $08,$86,$00,$0B,$4E,$F0,$81,$E1,$02,$36 ; |....N....6|
FFCFB4A4? 2C5F                 movea.l (A7)+, A6
FFCFB4A6? 6100FF4A             bsr     sub_FFCFB3F2
FFCFB4AA? 3E311000             move.w  (A1,D1.w), D7
FFCFB4AE? 6A08                 bpl     $ffcfb4b8
FFCFB4B0? 6100012C             bsr     $ffcfb5de
FFCFB4B4? 3E00                 move.w  D0, D7
FFCFB4B6? 6024                 bra     $ffcfb4dc
FFCFB4B8? 7000                 moveq   #$0, D0
FFCFB4BA? 3A06                 move.w  D6, D5
FFCFB4BC? 9A47                 sub.w   D7, D5
FFCFB4BE? 674C                 beq     $ffcfb50c
FFCFB4C0? 6E04                 bgt     $ffcfb4c6
FFCFB4C2? 7001                 moveq   #$1, D0
FFCFB4C4? 4445                 neg.w   D5
FFCFB4C6? 61AE                 bsr     $ffcfb476
FFCFB4C8? 7EB5                 moveq   #-$4b, D7
FFCFB4CA? 5345                 subq.w  #1, D5
FFCFB4CC? 7004                 moveq   #$4, D0
FFCFB4CE? 6184                 bsr     sub_FFCFB454
FFCFB4D0? 6A0A                 bpl     $ffcfb4dc
FFCFB4D2? 61A4                 bsr     $ffcfb478
FFCFB4D4? 6142                 bsr     $ffcfb518
FFCFB4D6? 51CDFFF4             dbra    D5, $ffcfb4cc
FFCFB4DA? 3E06                 move.w  D6, D7
FFCFB4DC? 6100FF14             bsr     sub_FFCFB3F2
FFCFB4E0? 33871000             move.w  D7, (A1,D1.w)
FFCFB4E4? 4A290141             tst.b   ($141,A1)
FFCFB4E8? 6A08                 bpl     $ffcfb4f2
FFCFB4EA? 610010BC             bsr     $ffcfc5a8
FFCFB4EE? 6702                 beq     $ffcfb4f2
FFCFB4F0? 3E00                 move.w  D0, D7
FFCFB4F2? 30290034             move.w  ($34,A1), D0
FFCFB4F6? 7405                 moveq   #$5, D2
FFCFB4F8? 614A                 bsr     $ffcfb544
FFCFB4FA? 083800000B22         btst    #$0, $b22.w
FFCFB500? 6700000A             beq     $ffcfb50c
FFCFB504? 303C01F4             move.w  #$1f4, D0
FFCFB508? 6100005C             bsr     $ffcfb566
FFCFB50C? 30290014             move.w  ($14,A1), D0
FFCFB510? 7400                 moveq   #$0, D2
FFCFB512? 6130                 bsr     $ffcfb544
FFCFB514? 3007                 move.w  D7, D0
FFCFB516? 4ED6                 jmp     (A6)
FFCFB518? 3029003C             move.w  ($3c,A1), D0
FFCFB51C? 6118                 bsr     $ffcfb536
FFCFB51E? 7450                 moveq   #$50, D2
FFCFB520? 7004                 moveq   #$4, D0
FFCFB522? 6100FF30             bsr     sub_FFCFB454
FFCFB526? 5BCAFFF8             dbmi    D2, $ffcfb520
FFCFB52A? 34380D00             move.w  $d00.w, D2
FFCFB52E? EA4A                 lsr.w   #5, D2
FFCFB530? 51CAFFFE             dbra    D2, $ffcfb530
FFCFB534? 4E75                 rts
FFCFB536d 4A3110136B06584F     dc.b    $4A,$31,$10,$13,$6B,$06,$58,$4F,$4A,$40,$66,$24,$4E,$75 ; |J1..k.XOJ@f$Nu|
FFCFB544? 61F0                 bsr     $ffcfb536
FFCFB546? 285F                 movea.l (A7)+, A4
FFCFB548? 3A3C03E8             move.w  #$3e8, D5
FFCFB54C? 3002                 move.w  D2, D0
FFCFB54E? 6702                 beq     $ffcfb552
FFCFB550? 6114                 bsr     $ffcfb566
FFCFB552? 700B                 moveq   #$b, D0
FFCFB554? 6100FEFE             bsr     sub_FFCFB454
FFCFB558? 6A06                 bpl     $ffcfb560
FFCFB55A? 700A                 moveq   #$a, D0
FFCFB55C? 51CDFFF2             dbra    D5, $ffcfb550
FFCFB560? 42690014             clr.w   ($14,A1)
FFCFB564? 4ED4                 jmp     (A4)
FFCFB566d 4EF081E10246         dc.b    $4E,$F0,$81,$E1,$02,$46           ; |N....F|
FFCFB56C? 48E978F800D0         movem.l D3-D7/A3-A6, ($d0,A1)
FFCFB572? 21DF0124             move.l  (A7)+, $124.w                     ; DskRtnAdr
FFCFB576? 6114                 bsr     $ffcfb58c
FFCFB578? 600A                 bra     $ffcfb584
FFCFB57A? 48E978F800D0         movem.l D3-D7/A3-A6, ($d0,A1)
FFCFB580? 21DF0124             move.l  (A7)+, $124.w                     ; DskRtnAdr
FFCFB584? 7000                 moveq   #$0, D0
FFCFB586? 027CF8FF             andi    #$f8ff, SR
FFCFB58A? 4E75                 rts
FFCFB58C? 22780134             movea.l $134.w, A1                        ; SonyVars
FFCFB590? 91690014             sub.w   D0, ($14,A1)
FFCFB594? 6E04                 bgt     $ffcfb59a
FFCFB596? 42690014             clr.w   ($14,A1)
FFCFB59A? 41E90116             lea     ($116,A1), A0
FFCFB59E? 43FA0024             lea     ($ffcfb5c4,PC), A1
FFCFB5A2? 21490006             move.l  A1, ($6,A0)
FFCFB5A6? 02800000FFFF         andi.l  #$ffff, D0
FFCFB5AC? 0C40000A             cmpi.w  #$a, D0
FFCFB5B0? 6402                 bcc     $ffcfb5b4
FFCFB5B2? 700A                 moveq   #$a, D0
FFCFB5B4? 80FC000A             divu.w  #$a, D0
FFCFB5B8? 48C0                 ext.l   D0
FFCFB5BA? 22780568             movea.l $568.w, A1
FFCFB5BE? 4E91                 jsr     (A1)
FFCFB5C0? 6000FE30             bra     sub_FFCFB3F2
FFCFB5C4? 48E7FFFE             movem.l D0-D7/A0-A6, -(A7)
FFCFB5C8? 6100FE20             bsr     sub_FFCFB3EA
FFCFB5CC? 4CE978F800D0         movem.l ($d0,A1), D3-D7/A3-A6
FFCFB5D2? 7000                 moveq   #$0, D0
FFCFB5D4? 610001C8             bsr     $ffcfb79e
FFCFB5D8? 4CDF7FFF             movem.l (A7)+, D0-D7/A0-A6
FFCFB5DC? 4E75                 rts
FFCFB5DEd 4EF081E1023E         dc.b    $4E,$F0,$81,$E1,$02,$3E           ; |N....>|
FFCFB5E4? 2A5F                 movea.l (A7)+, A5
FFCFB5E6? 6100FE02             bsr     sub_FFCFB3EA
FFCFB5EA? 610000D6             bsr     $ffcfb6c2
FFCFB5EE? 61000EBC             bsr     $ffcfc4ac
FFCFB5F2? 6654                 bne     $ffcfb648
FFCFB5F4? 610000E0             bsr     $ffcfb6d6
FFCFB5F8? 7E50                 moveq   #$50, D7
FFCFB5FA? 7001                 moveq   #$1, D0
FFCFB5FC? 6100FE78             bsr     $ffcfb476
FFCFB600? 4A311013             tst.b   ($13,A1,D1.w)
FFCFB604? 6A18                 bpl     $ffcfb61e
FFCFB606? 5347                 subq.w  #1, D7
FFCFB608? 7004                 moveq   #$4, D0
FFCFB60A? 6100FE48             bsr     sub_FFCFB454
FFCFB60E? 6A32                 bpl     $ffcfb642
FFCFB610? 6100FE66             bsr     $ffcfb478
FFCFB614? 6100FF02             bsr     $ffcfb518
FFCFB618? 51CFFFEE             dbra    D7, $ffcfb608
FFCFB61C? 6028                 bra     $ffcfb646
FFCFB61E? 3029003C             move.w  ($3c,A1), D0
FFCFB622? 6100FF42             bsr     $ffcfb566
FFCFB626? 700A                 moveq   #$a, D0
FFCFB628? 6100FE2A             bsr     sub_FFCFB454
FFCFB62C? 6A18                 bpl     $ffcfb646
FFCFB62E? 7004                 moveq   #$4, D0
FFCFB630? 6100FE22             bsr     sub_FFCFB454
FFCFB634? 6A0C                 bpl     $ffcfb642
FFCFB636? 70B4                 moveq   #-$4c, D0
FFCFB638? 5347                 subq.w  #1, D7
FFCFB63A? 670C                 beq     $ffcfb648
FFCFB63C? 6100FE3A             bsr     $ffcfb478
FFCFB640? 60DC                 bra     $ffcfb61e
FFCFB642d 70B56002             dc.b    $70,$B5,$60,$02                   ; |p.`.|
FFCFB646? 7000                 moveq   #$0, D0
FFCFB648? 33801000             move.w  D0, (A1,D1.w)
FFCFB64C? 4ED5                 jmp     (A5)
FFCFB64E? 4A281A00             tst.b   ($1a00,A0)
FFCFB652? 701F                 moveq   #$1f, D0
FFCFB654? C0281C00             and.b   ($1c00,A0), D0
FFCFB658? 4A281800             tst.b   ($1800,A0)
FFCFB65C? 0C000017             cmpi.b  #$17, D0
FFCFB660? 6732                 beq     $ffcfb694
FFCFB662? 7408                 moveq   #$8, D2
FFCFB664? 4842                 swap    D2
FFCFB666? 70B3                 moveq   #-$4d, D0
FFCFB668? 5382                 subq.l  #1, D2
FFCFB66A? 6B2E                 bmi     $ffcfb69a
FFCFB66C? 4A281000             tst.b   ($1000,A0)
FFCFB670? 4A281A00             tst.b   ($1a00,A0)
FFCFB674? 703F                 moveq   #$3f, D0
FFCFB676? C0281C00             and.b   ($1c00,A0), D0
FFCFB67A? 08800005             bclr    #$5, D0
FFCFB67E? 66E6                 bne     $ffcfb666
FFCFB680? 0C000017             cmpi.b  #$17, D0
FFCFB684? 670E                 beq     $ffcfb694
FFCFB686? 117C00171E00         move.b  #$17, ($1e00,A0)
FFCFB68C? 4E71                 nop
FFCFB68E? 4A281C00             tst.b   ($1c00,A0)
FFCFB692? 60D2                 bra     $ffcfb666
FFCFB694? 4A281800             tst.b   ($1800,A0)
FFCFB698? 7000                 moveq   #$0, D0
FFCFB69A? 4E75                 rts
FFCFB69C? 6100FD54             bsr     sub_FFCFB3F2
FFCFB6A0? 3340001A             move.w  D0, ($1a,A1)
FFCFB6A4? 6708                 beq     $ffcfb6ae
FFCFB6A6? 336900120114         move.w  ($12,A1), ($114,A1)
FFCFB6AC? 4E75                 rts
FFCFB6AE? 7009                 moveq   #$9, D0
FFCFB6B0? 6100FDC4             bsr     $ffcfb476
FFCFB6B4? 117C00860C00         move.b  #$86, ($c00,A0)
FFCFB6BA? 4E71                 nop
FFCFB6BC? 4A281000             tst.b   ($1000,A0)
FFCFB6C0? 4E75                 rts
FFCFB6C2? 30290102             move.w  ($102,A1), D0
FFCFB6C6? B0690012             cmp.w   ($12,A1), D0
FFCFB6CA? 6604                 bne     $ffcfb6d0
FFCFB6CC? 42690102             clr.w   ($102,A1)
FFCFB6D0? 4E75                 rts
FFCFB6D2d 70006004             dc.b    $70,$00,$60,$04                   ; |p.`.|
FFCFB6D6? 30290038             move.w  ($38,A1), D0
FFCFB6DA? 3400                 move.w  D0, D2
FFCFB6DC? 614E                 bsr     sub_FFCFB72C
FFCFB6DE? 1A311016             move.b  ($16,A1,D1.w), D5
FFCFB6E2? 6A1A                 bpl     $ffcfb6fe
FFCFB6E4? 7007                 moveq   #$7, D0
FFCFB6E6? 6100FD6C             bsr     sub_FFCFB454
FFCFB6EA? 1F00                 move.b  D0, -(A7)
FFCFB6EC? 7007                 moveq   #$7, D0
FFCFB6EE? 1A311017             move.b  ($17,A1,D1.w), D5
FFCFB6F2? 6A02                 bpl     $ffcfb6f6
FFCFB6F4? 7006                 moveq   #$6, D0
FFCFB6F6? 6100FD7E             bsr     $ffcfb476
FFCFB6FA? 101F                 move.b  (A7)+, D0
FFCFB6FC? B105                 eor.b   D0, D5
FFCFB6FE? 7008                 moveq   #$8, D0
FFCFB700? 6100FD52             bsr     sub_FFCFB454
FFCFB704? 8005                 or.b    D5, D0
FFCFB706? 6A22                 bpl     $ffcfb72a
FFCFB708? 6100FD6E             bsr     $ffcfb478
FFCFB70C? 3002                 move.w  D2, D0
FFCFB70E? 343C02EE             move.w  #$2ee, D2
FFCFB712? 281F                 move.l  (A7)+, D4
FFCFB714? 6100FE2E             bsr     $ffcfb544
FFCFB718? 2F04                 move.l  D4, -(A7)
FFCFB71A? 0C2900020033         cmpi.b  #$2, ($33,A1)
FFCFB720? 6708                 beq     $ffcfb72a
FFCFB722? 303C1770             move.w  #$1770, D0
FFCFB726? 6000FE3E             bra     $ffcfb566
FFCFB72Ad 4E75                 dc.b    $4E,$75                           ; |Nu|

sub_FFCFB72C:
FFCFB72C  6100FCBC             bsr     sub_FFCFB3EA
FFCFB730  4EF081E10B40         jmp     ([$b40])                          ; through the vector at $B40
FFCFB736? 4A69001A             tst.w   ($1a,A1)
FFCFB73A? 6710                 beq     $ffcfb74c
FFCFB73C? 30290114             move.w  ($114,A1), D0
FFCFB740? B0690012             cmp.w   ($12,A1), D0
FFCFB744? 6706                 beq     $ffcfb74c
FFCFB746? 7000                 moveq   #$0, D0
FFCFB748? 6100FF52             bsr     $ffcfb69c
FFCFB74C? 4269001A             clr.w   ($1a,A1)
FFCFB750? 4A290141             tst.b   ($141,A1)
FFCFB754? 6B001060             bmi     $ffcfc7b6
FFCFB758? 0C41004A             cmpi.w  #$4a, D1
FFCFB75C? 660A                 bne     $ffcfb768
FFCFB75E? 4A281400             tst.b   ($1400,A0)
FFCFB762? 4A281200             tst.b   ($1200,A0)
FFCFB766? 4E75                 rts
FFCFB768? 4A280A00             tst.b   ($a00,A0)
FFCFB76C? 4A280600             tst.b   ($600,A0)
FFCFB770? 4A280200             tst.b   ($200,A0)
FFCFB774? 08AA00051E00         bclr    #$5, ($1e00,A2)
FFCFB77A? 4E71                 nop
FFCFB77C? 4A281600             tst.b   ($1600,A0)
FFCFB780? 4A281200             tst.b   ($1200,A0)
FFCFB784? 4E75                 rts
FFCFB786d 4EF081E1024E303C     dc.b    $4E,$F0,$81,$E1,$02,$4E,$30,$3C,$1F,$40,$60,$00,$FD,$D4,$4E,$F0 ; |N....N0<.@`...N.|
FFCFB796d 81E1022270FF4E75     dc.b    $81,$E1,$02,$22,$70,$FF,$4E,$75,$2F,$38,$01,$24,$4A,$40,$4E,$75 ; |..."p.Nu/8.$J@Nu|
FFCFB7A6? 40E7                 move    SR, -(A7)
FFCFB7A8? 22780134             movea.l $134.w, A1                        ; SonyVars
FFCFB7AC? 31690040000A         move.w  ($40,A1), ($a,A0)
FFCFB7B2? 083800000B22         btst    #$0, $b22.w
FFCFB7B8? 6704                 beq     $ffcfb7be
FFCFB7BA? 6100F2EE             bsr     sub_FFCFAAAA
FFCFB7BE? 10290140             move.b  ($140,A1), D0
FFCFB7C2? 5300                 subq.b  #1, D0
FFCFB7C4? 6608                 bne     $ffcfb7ce
FFCFB7C6? 4269001A             clr.w   ($1a,A1)
FFCFB7CA? 42690112             clr.w   ($112,A1)
FFCFB7CE? 6746                 beq     $ffcfb816
FFCFB7D0? 007C0700             ori     #$700, SR
FFCFB7D4? 4A290019             tst.b   ($19,A1)
FFCFB7D8? 663C                 bne     $ffcfb816
FFCFB7DA? 4A69001A             tst.w   ($1a,A1)
FFCFB7DE? 670C                 beq     $ffcfb7ec
FFCFB7E0? 5369001A             subq.w  #1, ($1a,A1)
FFCFB7E4? 6630                 bne     $ffcfb816
FFCFB7E6? 7009                 moveq   #$9, D0
FFCFB7E8? 6100FC8C             bsr     $ffcfb476
FFCFB7EC? 7601                 moveq   #$1, D3
FFCFB7EE? 612A                 bsr     $ffcfb81a
FFCFB7F0? 5243                 addq.w  #1, D3
FFCFB7F2? 0C430002             cmpi.w  #$2, D3
FFCFB7F6? 6FF6                 ble     $ffcfb7ee
FFCFB7F8? 117C00860C00         move.b  #$86, ($c00,A0)
FFCFB7FE? 4E71                 nop
FFCFB800? 4A281000             tst.b   ($1000,A0)
FFCFB804? 083800000B22         btst    #$0, $b22.w
FFCFB80A? 670A                 beq     $ffcfb816
FFCFB80C? 4A83                 tst.l   D3
FFCFB80E? 6B06                 bmi     $ffcfb816
FFCFB810? 46D7                 move    (A7), SR
FFCFB812? 6100F282             bsr     sub_FFCFAA96
FFCFB816? 46DF                 move    (A7)+, SR
FFCFB818? 4E75                 rts
FFCFB81A? 33430012             move.w  D3, ($12,A1)
FFCFB81E? 6100FBCA             bsr     sub_FFCFB3EA
FFCFB822? 4A311004             tst.b   ($4,A1,D1.w)
FFCFB826? 6B000062             bmi     $ffcfb88a
FFCFB82A? 4A311003             tst.b   ($3,A1,D1.w)
FFCFB82E? 6E1E                 bgt     $ffcfb84e
FFCFB830? 6732                 beq     $ffcfb864
FFCFB832? 083800000B22         btst    #$0, $b22.w
FFCFB838? 670C                 beq     $ffcfb846
FFCFB83A? 52311003             addq.b  #1, ($3,A1,D1.w)
FFCFB83E? 6A24                 bpl     $ffcfb864
FFCFB840? 08C3001F             bset    #$1f, D3
FFCFB844? 603C                 bra     $ffcfb882
FFCFB846? 52311003             addq.b  #1, ($3,A1,D1.w)
FFCFB84A? 6B36                 bmi     $ffcfb882
FFCFB84C? 6016                 bra     $ffcfb864
FFCFB84E? 6100FEE0             bsr     $ffcfb730
FFCFB852? 6138                 bsr     $ffcfb88c
FFCFB854? 6A34                 bpl     $ffcfb88a
FFCFB856? 70FF                 moveq   #-$1, D0
FFCFB858? 30290012             move.w  ($12,A1), D0
FFCFB85C? 307C0007             movea.w #$7, A0
FFCFB860? A02F                 _PostEvent                                ; A-line trap A02F
FFCFB862? 6026                 bra     $ffcfb88a
FFCFB864? 6100FECA             bsr     $ffcfb730
FFCFB868? 7002                 moveq   #$2, D0
FFCFB86A? 6100FBE8             bsr     sub_FFCFB454
FFCFB86E? 6B1A                 bmi     $ffcfb88a
FFCFB870? 611A                 bsr     $ffcfb88c
FFCFB872? 7007                 moveq   #$7, D0
FFCFB874? 2040                 movea.l D0, A0
FFCFB876? 30290012             move.w  ($12,A1), D0
FFCFB87A? A02F                 _PostEvent                                ; A-line trap A02F
FFCFB87C? 6604                 bne     $ffcfb882
FFCFB87E? 52311003             addq.b  #1, ($3,A1,D1.w)
FFCFB882? 50F11000             st      (A1,D1.w)
FFCFB886? 207801E0             movea.l $1e0.w, A0                        ; IWM
FFCFB88A? 4E75                 rts
FFCFB88C? 4A311005             tst.b   ($5,A1,D1.w)
FFCFB890? 6A06                 bpl     $ffcfb898
FFCFB892? 10311016             move.b  ($16,A1,D1.w), D0
FFCFB896? 4600                 not.b   D0
FFCFB898? 6A10                 bpl     $ffcfb8aa
FFCFB89A? 700C                 moveq   #$c, D0
FFCFB89C? 6100FBB6             bsr     sub_FFCFB454
FFCFB8A0? 6A08                 bpl     $ffcfb8aa
FFCFB8A2? 7003                 moveq   #$3, D0
FFCFB8A4? 6100FBD0             bsr     $ffcfb476
FFCFB8A8? 70FF                 moveq   #-$1, D0
FFCFB8AA? 4E75                 rts
FFCFB8AC? 6656                 bne     $ffcfb904
FFCFB8AE? 6158                 bsr     $ffcfb908
FFCFB8B0? 2013                 move.l  (A3), D0
FFCFB8B2? 2669013C             movea.l ($13c,A1), A3
FFCFB8B6? 08800000             bclr    #$0, D0
FFCFB8BA? 6708                 beq     $ffcfb8c4
FFCFB8BC? 26780DD8             movea.l $dd8.w, A3
FFCFB8C0? D7EB005C             adda.l  ($5c,A3), A3
FFCFB8C4? D08B                 add.l   A3, D0
FFCFB8C6? 6036                 bra     $ffcfb8fe
FFCFB8C8? 663A                 bne     $ffcfb904
FFCFB8CA? 61000052             bsr     $ffcfb91e
FFCFB8CE? 662E                 bne     $ffcfb8fe
FFCFB8D0? 6136                 bsr     $ffcfb908
FFCFB8D2? 202B0004             move.l  ($4,A3), D0
FFCFB8D6? 2669013C             movea.l ($13c,A1), A3
FFCFB8DA? 08800000             bclr    #$0, D0
FFCFB8DE? 6708                 beq     $ffcfb8e8
FFCFB8E0? 26780DD8             movea.l $dd8.w, A3
FFCFB8E4? D7EB005C             adda.l  ($5c,A3), A3
FFCFB8E8? D08B                 add.l   A3, D0
FFCFB8EA? 6012                 bra     $ffcfb8fe
FFCFB8EC? 6616                 bne     $ffcfb904
FFCFB8EE? 6118                 bsr     $ffcfb908
FFCFB8F0? 302B0008             move.w  ($8,A3), D0
FFCFB8F4? 4A311016             tst.b   ($16,A1,D1.w)
FFCFB8F8? 6A04                 bpl     $ffcfb8fe
FFCFB8FA? 103C0004             move.b  #$4, D0
FFCFB8FE? 2140001C             move.l  D0, ($1c,A0)
FFCFB902? 7000                 moveq   #$0, D0
FFCFB904? 6000EEAC             bra     loc_FFCFA7B2
FFCFB908? 30290012             move.w  ($12,A1), D0
FFCFB90C? 5340                 subq.w  #1, D0
FFCFB90E? D040                 add.w   D0, D0
FFCFB910? 3640                 movea.w D0, A3
FFCFB912? E548                 lsl.w   #2, D0
FFCFB914? D04B                 add.w   A3, D0
FFCFB916? 2669013C             movea.l ($13c,A1), A3
FFCFB91A? D6C0                 adda.w  D0, A3
FFCFB91C? 4E75                 rts
FFCFB91E? 48E740C0             movem.l D1/A0-A1, -(A7)
FFCFB922? 303CA89F             move.w  #$a89f, D0
FFCFB926? A746                 _GetToolBoxTrapAddress                    ; A-line trap A746
FFCFB928? 2F08                 move.l  A0, -(A7)
FFCFB92A? 303A0016             move.w  ($ffcfb942,PC), D0
FFCFB92E? A746                 _GetToolBoxTrapAddress                    ; A-line trap A746
FFCFB930? B1DF                 cmpa.l  (A7)+, A0
FFCFB932? 6712                 beq     $ffcfb946
FFCFB934? 30290012             move.w  ($12,A1), D0
FFCFB938? 42A7                 clr.l   -(A7)
FFCFB93A? 2F3C6469636E         move.l  #$6469636e, -(A7)
FFCFB940? 2F00                 move.l  D0, -(A7)
FFCFB942? AA57                 _DockingDispatch                          ; A-line trap AA57
FFCFB944? 201F                 move.l  (A7)+, D0
FFCFB946? 4CDF0302             movem.l (A7)+, D1/A0-A1
FFCFB94A? 4E75                 rts
FFCFB94Cd D5AA96DEAAFF4EF0     dc.b    $D5,$AA,$96,$DE,$AA,$FF,$4E,$F0,$81,$E1,$02,$3A,$00,$00,$00,$00 ; |......N....:....|
FFCFB95Cd 00004AB8013E         dc.b    $00,$00,$4A,$B8,$01,$3E           ; |..J..>|
FFCFB962? 6706                 beq     $ffcfb96a
FFCFB964? 2C7801D8             movea.l $1d8.w, A6                        ; SCCRd
FFCFB968? 6004                 bra     $ffcfb96e
FFCFB96A? 4DFAFFEC             lea     ($ffcfb958,PC), A6
FFCFB96E? 5C8E                 addq.l  #6, A6
FFCFB970? 2A7801D4             movea.l $1d4.w, A5                        ; VIA
FFCFB974? 4BED1E00             lea     ($1e00,A5), A5
FFCFB978? 007C0700             ori     #$700, SR
FFCFB97C? 21CF013A             move.l  A7, $13a.w                        ; PollStack
FFCFB980? D1B8013A             add.l   D0, $13a.w                        ; PollStack
FFCFB984? 4E75                 rts
FFCFB986? 7008                 moveq   #$8, D0
FFCFB988? 61C8                 bsr     $ffcfb952
FFCFB98A? 7001                 moveq   #$1, D0
FFCFB98C? 082900030016         btst    #$3, ($16,A1)
FFCFB992? 6702                 beq     $ffcfb996
FFCFB994? 7003                 moveq   #$3, D0
FFCFB996? 6100FA76             bsr     sub_FFCFB40E
FFCFB99A? 6100FA56             bsr     sub_FFCFB3F2
FFCFB99E? 4A311017             tst.b   ($17,A1,D1.w)
FFCFB9A2? 6B000E78             bmi     $ffcfc81c
FFCFB9A6? 45FAFFA4             lea     ($ffcfb94c,PC), A2
FFCFB9AA? 4EF081E1022A         jmp     ([$22a])                          ; through the vector at $22A
FFCFB9B0? 7603                 moveq   #$3, D3
FFCFB9B2? 343C023F             move.w  #$23f, D2
FFCFB9B6? 7A00                 moveq   #$0, D5
FFCFB9B8? 287801E0             movea.l $1e0.w, A4                        ; IWM
FFCFB9BC? 49EC1800             lea     ($1800,A4), A4
FFCFB9C0? 21DF0124             move.l  (A7)+, $124.w                     ; DskRtnAdr
FFCFB9C4? 4A15                 tst.b   (A5)
FFCFB9C6? 6100F480             bsr     $ffcfae48
FFCFB9CA? 1A14                 move.b  (A4), D5
FFCFB9CC? 51CA0008             dbra    D2, $ffcfb9d6
FFCFB9D0? 70BE                 moveq   #-$42, D0
FFCFB9D2? 600000A6             bra     $ffcfba7a
FFCFB9D6? 6AEC                 bpl     $ffcfb9c4
FFCFB9D8? 5343                 subq.w  #1, D3
FFCFB9DA? 66E8                 bne     $ffcfb9c4
FFCFB9DC? 303C05DC             move.w  #$5dc, D0
FFCFB9E0? 4A311013             tst.b   ($13,A1,D1.w)
FFCFB9E4? 6704                 beq     $ffcfb9ea
FFCFB9E6? 303C05BC             move.w  #$5bc, D0
FFCFB9EA? 47FA0200             lea     ($ffcfbbec,PC), A3
FFCFB9EE? 204A                 movea.l A2, A0
FFCFB9F0? 7203                 moveq   #$3, D1
FFCFB9F2? 1A14                 move.b  (A4), D5
FFCFB9F4? 6AFC                 bpl     $ffcfb9f2
FFCFB9F6? 4A15                 tst.b   (A5)
FFCFB9F8? 6100F44E             bsr     $ffcfae48
FFCFB9FC? 51C80008             dbra    D0, $ffcfba06
FFCFBA00? 70BD                 moveq   #-$43, D0
FFCFBA02? 60000076             bra     $ffcfba7a
FFCFBA06? BA18                 cmp.b   (A0)+, D5
FFCFBA08? 66E4                 bne     $ffcfb9ee
FFCFBA0A? 5341                 subq.w  #1, D1
FFCFBA0C? 66E4                 bne     $ffcfb9f2
FFCFBA0E? 4A15                 tst.b   (A5)
FFCFBA10? 6100F436             bsr     $ffcfae48
FFCFBA14? 1A14                 move.b  (A4), D5
FFCFBA16? 6AFC                 bpl     $ffcfba14
FFCFBA18? 12335000             move.b  (A3,D5.w), D1
FFCFBA1C? 1801                 move.b  D1, D4
FFCFBA1E? EC59                 ror.w   #6, D1
FFCFBA20? 4A15                 tst.b   (A5)
FFCFBA22? 6100F424             bsr     $ffcfae48
FFCFBA26? 1A14                 move.b  (A4), D5
FFCFBA28? 6AFC                 bpl     $ffcfba26
FFCFBA2A? 7400                 moveq   #$0, D2
FFCFBA2C? 14335000             move.b  (A3,D5.w), D2
FFCFBA30? B504                 eor.b   D2, D4
FFCFBA32? 4A15                 tst.b   (A5)
FFCFBA34? 6100F412             bsr     $ffcfae48
FFCFBA38? 1A14                 move.b  (A4), D5
FFCFBA3A? 6AFC                 bpl     $ffcfba38
FFCFBA3C? 12335000             move.b  (A3,D5.w), D1
FFCFBA40? B304                 eor.b   D1, D4
FFCFBA42? ED59                 rol.w   #6, D1
FFCFBA44? 4A15                 tst.b   (A5)
FFCFBA46? 6100F400             bsr     $ffcfae48
FFCFBA4A? 1A14                 move.b  (A4), D5
FFCFBA4C? 6AFC                 bpl     $ffcfba4a
FFCFBA4E? 16335000             move.b  (A3,D5.w), D3
FFCFBA52? B704                 eor.b   D3, D4
FFCFBA54? 4A15                 tst.b   (A5)
FFCFBA56? 6100F3F0             bsr     $ffcfae48
FFCFBA5A? 1A14                 move.b  (A4), D5
FFCFBA5C? 6AFC                 bpl     $ffcfba5a
FFCFBA5E? 1A335000             move.b  (A3,D5.w), D5
FFCFBA62? BB04                 eor.b   D5, D4
FFCFBA64? 6618                 bne     $ffcfba7e
FFCFBA66? 7801                 moveq   #$1, D4
FFCFBA68? 4A15                 tst.b   (A5)
FFCFBA6A? 6100F3DC             bsr     $ffcfae48
FFCFBA6E? 1A14                 move.b  (A4), D5
FFCFBA70? 6AFC                 bpl     $ffcfba6e
FFCFBA72? BA18                 cmp.b   (A0)+, D5
FFCFBA74? 660C                 bne     $ffcfba82
FFCFBA76? 51CCFFF0             dbra    D4, $ffcfba68
FFCFBA7A? 6000FD22             bra     $ffcfb79e
FFCFBA7Ed 70BB60F870BA60F4     dc.b    $70,$BB,$60,$F8,$70,$BA,$60,$F4   ; |p.`.p.`.|
FFCFBA86? D5AAADDE             add.l   D2, (-$5222,A2)
FFCFBA8A? AAFF                 dc.w    $AAFF                             ; A-line trap AAFF
FFCFBA8C? 6100F964             bsr     sub_FFCFB3F2
FFCFBA90? 4A311017             tst.b   ($17,A1,D1.w)
FFCFBA94? 6B000E62             bmi     $ffcfc8f8
FFCFBA98? 43FAFFEC             lea     ($ffcfba86,PC), A1
FFCFBA9C? 4EF081E1022E         jmp     ([$22e])                          ; through the vector at $22E
FFCFBAA2? 21DF0124             move.l  (A7)+, $124.w                     ; DskRtnAdr
FFCFBAA6? 7430                 moveq   #$30, D2
FFCFBAA8? 7600                 moveq   #$0, D3
FFCFBAAA? 70C0                 moveq   #-$40, D0
FFCFBAAC? 283C01FE000A         move.l  #$1fe000a, D4
FFCFBAB2? 7A00                 moveq   #$0, D5
FFCFBAB4? 7C00                 moveq   #$0, D6
FFCFBAB6? 7E00                 moveq   #$0, D7
FFCFBAB8? 2449                 movea.l A1, A2
FFCFBABA? 7203                 moveq   #$3, D1
FFCFBABC? 1614                 move.b  (A4), D3
FFCFBABE? 6AFC                 bpl     $ffcfbabc
FFCFBAC0? 4A15                 tst.b   (A5)
FFCFBAC2? 6100F384             bsr     $ffcfae48
FFCFBAC6? 51CA0006             dbra    D2, $ffcfbace
FFCFBACA? 70B9                 moveq   #-$47, D0
FFCFBACC? 60AC                 bra     $ffcfba7a
FFCFBACE? B61A                 cmp.b   (A2)+, D3
FFCFBAD0? 66E6                 bne     $ffcfbab8
FFCFBAD2? 5341                 subq.w  #1, D1
FFCFBAD4? 66E6                 bne     $ffcfbabc
FFCFBAD6? 1614                 move.b  (A4), D3
FFCFBAD8? 6AFC                 bpl     $ffcfbad6
FFCFBADA? 43F802FB             lea     $2fb.w, A1
FFCFBADE? 12F33000             move.b  (A3,D3.w), (A1)+
FFCFBAE2? 4A15                 tst.b   (A5)
FFCFBAE4? 6100F362             bsr     $ffcfae48
FFCFBAE8? 1614                 move.b  (A4), D3
FFCFBAEA? 6AF6                 bpl     $ffcfbae2
FFCFBAEC? 12333000             move.b  (A3,D3.w), D1
FFCFBAF0? E519                 rol.b   #2, D1
FFCFBAF2? 1401                 move.b  D1, D2
FFCFBAF4? C400                 and.b   D0, D2
FFCFBAF6? 1614                 move.b  (A4), D3
FFCFBAF8? 6AFC                 bpl     $ffcfbaf6
FFCFBAFA? 84333000             or.b    (A3,D3.w), D2
FFCFBAFE? 1607                 move.b  D7, D3
FFCFBB00? D607                 add.b   D7, D3
FFCFBB02? E31F                 rol.b   #1, D7
FFCFBB04? BF02                 eor.b   D7, D2
FFCFBB06? 12C2                 move.b  D2, (A1)+
FFCFBB08? DB02                 addx.b  D2, D5
FFCFBB0A? E519                 rol.b   #2, D1
FFCFBB0C? 1401                 move.b  D1, D2
FFCFBB0E? C400                 and.b   D0, D2
FFCFBB10? 1614                 move.b  (A4), D3
FFCFBB12? 6AFC                 bpl     $ffcfbb10
FFCFBB14? 84333000             or.b    (A3,D3.w), D2
FFCFBB18? BB02                 eor.b   D5, D2
FFCFBB1A? 12C2                 move.b  D2, (A1)+
FFCFBB1C? DD02                 addx.b  D2, D6
FFCFBB1E? E519                 rol.b   #2, D1
FFCFBB20? C200                 and.b   D0, D1
FFCFBB22? 4A15                 tst.b   (A5)
FFCFBB24? 6100F322             bsr     $ffcfae48
FFCFBB28? 1614                 move.b  (A4), D3
FFCFBB2A? 6AFC                 bpl     $ffcfbb28
FFCFBB2C? 82333000             or.b    (A3,D3.w), D1
FFCFBB30? BD01                 eor.b   D6, D1
FFCFBB32? 12C1                 move.b  D1, (A1)+
FFCFBB34? DF01                 addx.b  D1, D7
FFCFBB36? 5744                 subq.w  #3, D4
FFCFBB38? 6AA8                 bpl     $ffcfbae2
FFCFBB3A? 4844                 swap    D4
FFCFBB3C? 4A38012C             tst.b   $12c.w                            ; DskVerify
FFCFBB40? 6708                 beq     $ffcfbb4a
FFCFBB42? 6064                 bra     $ffcfbba8
FFCFBB44? 4A15                 tst.b   (A5)
FFCFBB46? 6100F300             bsr     $ffcfae48
FFCFBB4A? 1614                 move.b  (A4), D3
FFCFBB4C? 6AF6                 bpl     $ffcfbb44
FFCFBB4E? 12333000             move.b  (A3,D3.w), D1
FFCFBB52? E519                 rol.b   #2, D1
FFCFBB54? 1401                 move.b  D1, D2
FFCFBB56? C400                 and.b   D0, D2
FFCFBB58? 1614                 move.b  (A4), D3
FFCFBB5A? 6AFC                 bpl     $ffcfbb58
FFCFBB5C? 84333000             or.b    (A3,D3.w), D2
FFCFBB60? 1607                 move.b  D7, D3
FFCFBB62? D607                 add.b   D7, D3
FFCFBB64? E31F                 rol.b   #1, D7
FFCFBB66? BF02                 eor.b   D7, D2
FFCFBB68? 10C2                 move.b  D2, (A0)+
FFCFBB6A? DB02                 addx.b  D2, D5
FFCFBB6C? E519                 rol.b   #2, D1
FFCFBB6E? 1401                 move.b  D1, D2
FFCFBB70? C400                 and.b   D0, D2
FFCFBB72? 1614                 move.b  (A4), D3
FFCFBB74? 6AFC                 bpl     $ffcfbb72
FFCFBB76? 84333000             or.b    (A3,D3.w), D2
FFCFBB7A? BB02                 eor.b   D5, D2
FFCFBB7C? 10C2                 move.b  D2, (A0)+
FFCFBB7E? DD02                 addx.b  D2, D6
FFCFBB80? 4A44                 tst.w   D4
FFCFBB82? 67000082             beq     $ffcfbc06
FFCFBB86? E519                 rol.b   #2, D1
FFCFBB88? C200                 and.b   D0, D1
FFCFBB8A? 4A15                 tst.b   (A5)
FFCFBB8C? 6100F2BA             bsr     $ffcfae48
FFCFBB90? 1614                 move.b  (A4), D3
FFCFBB92? 6AFC                 bpl     $ffcfbb90
FFCFBB94? 82333000             or.b    (A3,D3.w), D1
FFCFBB98? BD01                 eor.b   D6, D1
FFCFBB9A? 10C1                 move.b  D1, (A0)+
FFCFBB9C? DF01                 addx.b  D1, D7
FFCFBB9E? 5744                 subq.w  #3, D4
FFCFBBA0? 60A2                 bra     $ffcfbb44
FFCFBBA2? 4A15                 tst.b   (A5)
FFCFBBA4? 6100F2A2             bsr     $ffcfae48
FFCFBBA8? 1614                 move.b  (A4), D3
FFCFBBAA? 6AF6                 bpl     $ffcfbba2
FFCFBBAC? 12333000             move.b  (A3,D3.w), D1
FFCFBBB0? E519                 rol.b   #2, D1
FFCFBBB2? 1401                 move.b  D1, D2
FFCFBBB4? C400                 and.b   D0, D2
FFCFBBB6? 1614                 move.b  (A4), D3
FFCFBBB8? 6AFC                 bpl     $ffcfbbb6
FFCFBBBA? 84333000             or.b    (A3,D3.w), D2
FFCFBBBE? 1607                 move.b  D7, D3
FFCFBBC0? D607                 add.b   D7, D3
FFCFBBC2? E31F                 rol.b   #1, D7
FFCFBBC4? BF02                 eor.b   D7, D2
FFCFBBC6? B418                 cmp.b   (A0)+, D2
FFCFBBC8? 6634                 bne     $ffcfbbfe
FFCFBBCA? DB02                 addx.b  D2, D5
FFCFBBCC? E519                 rol.b   #2, D1
FFCFBBCE? 1401                 move.b  D1, D2
FFCFBBD0? C400                 and.b   D0, D2
FFCFBBD2? 1614                 move.b  (A4), D3
FFCFBBD4? 6AFC                 bpl     $ffcfbbd2
FFCFBBD6? 84333000             or.b    (A3,D3.w), D2
FFCFBBDA? BB02                 eor.b   D5, D2
FFCFBBDC? B418                 cmp.b   (A0)+, D2
FFCFBBDE? 66000080             bne     $ffcfbc60
FFCFBBE2? DD02                 addx.b  D2, D6
FFCFBBE4? 4A44                 tst.w   D4
FFCFBBE6? 671E                 beq     $ffcfbc06
FFCFBBE8? E519                 rol.b   #2, D1
FFCFBBEA? C200                 and.b   D0, D1
FFCFBBEC? 4A15                 tst.b   (A5)
FFCFBBEE? 6100F258             bsr     $ffcfae48
FFCFBBF2? 1614                 move.b  (A4), D3
FFCFBBF4? 6AFC                 bpl     $ffcfbbf2
FFCFBBF6? 82333000             or.b    (A3,D3.w), D1
FFCFBBFA? BD01                 eor.b   D6, D1
FFCFBBFC? B218                 cmp.b   (A0)+, D1
FFCFBBFE? 6660                 bne     $ffcfbc60
FFCFBC00? DF01                 addx.b  D1, D7
FFCFBC02? 5744                 subq.w  #3, D4
FFCFBC04? 609C                 bra     $ffcfbba2
FFCFBC06? 4A15                 tst.b   (A5)
FFCFBC08? 6100F23E             bsr     $ffcfae48
FFCFBC0C? 1614                 move.b  (A4), D3
FFCFBC0E? 6AFC                 bpl     $ffcfbc0c
FFCFBC10? 12333000             move.b  (A3,D3.w), D1
FFCFBC14? 6B46                 bmi     $ffcfbc5c
FFCFBC16? E519                 rol.b   #2, D1
FFCFBC18? 1401                 move.b  D1, D2
FFCFBC1A? C400                 and.b   D0, D2
FFCFBC1C? 1614                 move.b  (A4), D3
FFCFBC1E? 6AFC                 bpl     $ffcfbc1c
FFCFBC20? 16333000             move.b  (A3,D3.w), D3
FFCFBC24? 6B36                 bmi     $ffcfbc5c
FFCFBC26? 8403                 or.b    D3, D2
FFCFBC28? BA02                 cmp.b   D2, D5
FFCFBC2A? 6630                 bne     $ffcfbc5c
FFCFBC2C? E519                 rol.b   #2, D1
FFCFBC2E? 1401                 move.b  D1, D2
FFCFBC30? C400                 and.b   D0, D2
FFCFBC32? 1614                 move.b  (A4), D3
FFCFBC34? 6AFC                 bpl     $ffcfbc32
FFCFBC36? 16333000             move.b  (A3,D3.w), D3
FFCFBC3A? 6B20                 bmi     $ffcfbc5c
FFCFBC3C? 8403                 or.b    D3, D2
FFCFBC3E? BC02                 cmp.b   D2, D6
FFCFBC40? 661A                 bne     $ffcfbc5c
FFCFBC42? E519                 rol.b   #2, D1
FFCFBC44? C200                 and.b   D0, D1
FFCFBC46? 4A15                 tst.b   (A5)
FFCFBC48? 6100F1FE             bsr     $ffcfae48
FFCFBC4C? 1614                 move.b  (A4), D3
FFCFBC4E? 6AFC                 bpl     $ffcfbc4c
FFCFBC50? 16333000             move.b  (A3,D3.w), D3
FFCFBC54? 6B06                 bmi     $ffcfbc5c
FFCFBC56? 8203                 or.b    D3, D1
FFCFBC58? BE01                 cmp.b   D1, D7
FFCFBC5A? 6708                 beq     $ffcfbc64
FFCFBC5C? 70B8                 moveq   #-$48, D0
FFCFBC5E? 601A                 bra     $ffcfbc7a
FFCFBC60d 70BC6016             dc.b    $70,$BC,$60,$16                   ; |p.`.|
FFCFBC64? 7801                 moveq   #$1, D4
FFCFBC66? 1614                 move.b  (A4), D3
FFCFBC68? 6AFC                 bpl     $ffcfbc66
FFCFBC6A? 4A15                 tst.b   (A5)
FFCFBC6C? 6100F1DA             bsr     $ffcfae48
FFCFBC70? B61A                 cmp.b   (A2)+, D3
FFCFBC72? 660A                 bne     $ffcfbc7e
FFCFBC74? 51CCFFF0             dbra    D4, $ffcfbc66
FFCFBC78? 7000                 moveq   #$0, D0
FFCFBC7A? 6000FB22             bra     $ffcfb79e
FFCFBC7Ed 70B760F80001FFFF     dc.b    $70,$B7,$60,$F8,$00,$01,$FF,$FF,$02,$03,$FF,$04,$05,$06,$FF,$FF ; |p.`.............|
FFCFBC8Ed FFFFFFFF0708FFFF     dc.b    $FF,$FF,$FF,$FF,$07,$08,$FF,$FF,$FF,$09,$0A,$0B,$0C,$0D,$FF,$FF ; |................|
FFCFBC9Ed 0E0F10111213FF14     dc.b    $0E,$0F,$10,$11,$12,$13,$FF,$14,$15,$16,$17,$18,$19,$1A,$FF,$FF ; |................|
FFCFBCAEd FFFFFFFFFFFFFFFF     dc.b    $FF,$FF,$FF,$FF,$FF,$FF,$FF,$FF,$FF,$1B,$FF,$1C,$1D,$1E,$FF,$FF ; |................|
FFCFBCBEd FF1FFFFF2021FF22     dc.b    $FF,$1F,$FF,$FF,$20,$21,$FF,$22,$23,$24,$25,$26,$27,$28,$FF,$FF ; |.... !."#$%&'(..|
FFCFBCCEd FFFFFF292A2BFF2C     dc.b    $FF,$FF,$FF,$29,$2A,$2B,$FF,$2C,$2D,$2E,$2F,$30,$31,$32,$FF,$FF ; |...)*+.,-./012..|
FFCFBCDEd 333435363738FF39     dc.b    $33,$34,$35,$36,$37,$38,$FF,$39,$3A,$3B,$3C,$3D,$3E,$3F,$FF,$3F ; |345678.9:;<=>?.?|
FFCFBCEEd CFF3FCFFD5AA6100     dc.b    $CF,$F3,$FC,$FF,$D5,$AA,$61,$00,$F6,$FC ; |......a...|
FFCFBCF8? 4A311017             tst.b   ($17,A1,D1.w)
FFCFBCFC? 6B000D1A             bmi     $ffcfca18
FFCFBD00? 45FAFFEA             lea     ($ffcfbcec,PC), A2
FFCFBD04? 4EF081E10232         jmp     ([$232])                          ; through the vector at $232
FFCFBD0A? 21DF0124             move.l  (A7)+, $124.w                     ; DskRtnAdr
FFCFBD0E? 43F802FB             lea     $2fb.w, A1
FFCFBD12? 283C02010009         move.l  #$2010009, D4
FFCFBD18? 7400                 moveq   #$0, D2
FFCFBD1A? 7600                 moveq   #$0, D3
FFCFBD1C? 7A00                 moveq   #$0, D5
FFCFBD1E? 7C00                 moveq   #$0, D6
FFCFBD20? 7E00                 moveq   #$0, D7
FFCFBD22? 7006                 moveq   #$6, D0
FFCFBD24? 26780134             movea.l $134.w, A3                        ; SonyVars
FFCFBD28? 4A2B0141             tst.b   ($141,A3)
FFCFBD2C? 267801E0             movea.l $1e0.w, A3                        ; IWM
FFCFBD30? 6A40                 bpl     $ffcfbd72
FFCFBD32? 49EB1E00             lea     ($1e00,A3), A4
FFCFBD36? 47D3                 lea     (A3), A3
FFCFBD38? 177C00F50800         move.b  #$f5, ($800,A3)
FFCFBD3E? 4A2B1400             tst.b   ($1400,A3)
FFCFBD42? 177C00180C00         move.b  #$18, ($c00,A3)
FFCFBD48? 4E71                 nop
FFCFBD4A? 177C00100E00         move.b  #$10, ($e00,A3)
FFCFBD50? 4E71                 nop
FFCFBD52? 177C00010E00         move.b  #$1, ($e00,A3)
FFCFBD58? 4E71                 nop
FFCFBD5A? 177C00010C00         move.b  #$1, ($c00,A3)
FFCFBD60? 4E71                 nop
FFCFBD62? 4A2B1400             tst.b   ($1400,A3)
FFCFBD66? 169A                 move.b  (A2)+, (A3)
FFCFBD68? 177C00080E00         move.b  #$8, ($e00,A3)
FFCFBD6E? 6000000E             bra     $ffcfbd7e
FFCFBD72? 4A2B1A00             tst.b   ($1a00,A3)
FFCFBD76? 175A1E00             move.b  (A2)+, ($1e00,A3)
FFCFBD7A? 47EB1A00             lea     ($1a00,A3), A3
FFCFBD7E? 121A                 move.b  (A2)+, D1
FFCFBD80? 4A14                 tst.b   (A4)
FFCFBD82? 6AFC                 bpl     $ffcfbd80
FFCFBD84? 1681                 move.b  D1, (A3)
FFCFBD86? 4E71                 nop
FFCFBD88? 4A15                 tst.b   (A5)
FFCFBD8A? 6100F0BC             bsr     $ffcfae48
FFCFBD8E? 5340                 subq.w  #1, D0
FFCFBD90? 66EC                 bne     $ffcfbd7e
FFCFBD92? 121A                 move.b  (A2)+, D1
FFCFBD94? 45FA015E             lea     ($ffcfbef4,PC), A2
FFCFBD98? 4A14                 tst.b   (A4)
FFCFBD9A? 6AFC                 bpl     $ffcfbd98
FFCFBD9C? 1681                 move.b  D1, (A3)
FFCFBD9E? 4E71                 nop
FFCFBDA0? 720B                 moveq   #$b, D1
FFCFBDA2? 1419                 move.b  (A1)+, D2
FFCFBDA4? 6030                 bra     $ffcfbdd6
FFCFBDA6? 2248                 movea.l A0, A1
FFCFBDA8? DF02                 addx.b  D2, D7
FFCFBDAA? BD02                 eor.b   D6, D2
FFCFBDAC? 1602                 move.b  D2, D3
FFCFBDAE? EC4B                 lsr.w   #6, D3
FFCFBDB0? 4A14                 tst.b   (A4)
FFCFBDB2? 6AFC                 bpl     $ffcfbdb0
FFCFBDB4? 16B23000             move.b  (A2,D3.w), (A3)
FFCFBDB8? 4E71                 nop
FFCFBDBA? 5744                 subq.w  #3, D4
FFCFBDBC? 1607                 move.b  D7, D3
FFCFBDBE? D607                 add.b   D7, D3
FFCFBDC0? E31F                 rol.b   #1, D7
FFCFBDC2? 0200003F             andi.b  #$3f, D0
FFCFBDC6? 4A15                 tst.b   (A5)
FFCFBDC8? 6100F07E             bsr     $ffcfae48
FFCFBDCC? 4A14                 tst.b   (A4)
FFCFBDCE? 6AF6                 bpl     $ffcfbdc6
FFCFBDD0? 16B20000             move.b  (A2,D0.w), (A3)
FFCFBDD4? 4E71                 nop
FFCFBDD6? 1019                 move.b  (A1)+, D0
FFCFBDD8? DB00                 addx.b  D0, D5
FFCFBDDA? BF00                 eor.b   D7, D0
FFCFBDDC? 1600                 move.b  D0, D3
FFCFBDDE? E55B                 rol.w   #2, D3
FFCFBDE0? 0201003F             andi.b  #$3f, D1
FFCFBDE4? 4A14                 tst.b   (A4)
FFCFBDE6? 6AFC                 bpl     $ffcfbde4
FFCFBDE8? 16B21000             move.b  (A2,D1.w), (A3)
FFCFBDEC? 4E71                 nop
FFCFBDEE? 1219                 move.b  (A1)+, D1
FFCFBDF0? DD01                 addx.b  D1, D6
FFCFBDF2? BB01                 eor.b   D5, D1
FFCFBDF4? 1601                 move.b  D1, D3
FFCFBDF6? E55B                 rol.w   #2, D3
FFCFBDF8? 0202003F             andi.b  #$3f, D2
FFCFBDFC? 4A15                 tst.b   (A5)
FFCFBDFE? 6100F048             bsr     $ffcfae48
FFCFBE02? 4A14                 tst.b   (A4)
FFCFBE04? 6AFC                 bpl     $ffcfbe02
FFCFBE06? 16B22000             move.b  (A2,D2.w), (A3)
FFCFBE0A? 4E71                 nop
FFCFBE0C? 1419                 move.b  (A1)+, D2
FFCFBE0E? 4A44                 tst.w   D4
FFCFBE10? 6696                 bne     $ffcfbda8
FFCFBE12? 4844                 swap    D4
FFCFBE14? 6690                 bne     $ffcfbda6
FFCFBE16? 4203                 clr.b   D3
FFCFBE18? EC4B                 lsr.w   #6, D3
FFCFBE1A? 4A14                 tst.b   (A4)
FFCFBE1C? 6AFC                 bpl     $ffcfbe1a
FFCFBE1E? 16B23000             move.b  (A2,D3.w), (A3)
FFCFBE22? 4E71                 nop
FFCFBE24? 1605                 move.b  D5, D3
FFCFBE26? E55B                 rol.w   #2, D3
FFCFBE28? 1606                 move.b  D6, D3
FFCFBE2A? E55B                 rol.w   #2, D3
FFCFBE2C? 0200003F             andi.b  #$3f, D0
FFCFBE30? 4A14                 tst.b   (A4)
FFCFBE32? 6AFC                 bpl     $ffcfbe30
FFCFBE34? 16B20000             move.b  (A2,D0.w), (A3)
FFCFBE38? 4E71                 nop
FFCFBE3A? 0201003F             andi.b  #$3f, D1
FFCFBE3E? 4A15                 tst.b   (A5)
FFCFBE40? 6100F006             bsr     $ffcfae48
FFCFBE44? 4A14                 tst.b   (A4)
FFCFBE46? 6AFC                 bpl     $ffcfbe44
FFCFBE48? 16B21000             move.b  (A2,D1.w), (A3)
FFCFBE4C? 4E71                 nop
FFCFBE4E? 1607                 move.b  D7, D3
FFCFBE50? EC4B                 lsr.w   #6, D3
FFCFBE52? 4A14                 tst.b   (A4)
FFCFBE54? 6AFC                 bpl     $ffcfbe52
FFCFBE56? 16B23000             move.b  (A2,D3.w), (A3)
FFCFBE5A? 4E71                 nop
FFCFBE5C? 0205003F             andi.b  #$3f, D5
FFCFBE60? 4A14                 tst.b   (A4)
FFCFBE62? 6AFC                 bpl     $ffcfbe60
FFCFBE64? 16B25000             move.b  (A2,D5.w), (A3)
FFCFBE68? 4E71                 nop
FFCFBE6A? 0206003F             andi.b  #$3f, D6
FFCFBE6E? 4A15                 tst.b   (A5)
FFCFBE70? 6100EFD6             bsr     $ffcfae48
FFCFBE74? 4A14                 tst.b   (A4)
FFCFBE76? 6AFC                 bpl     $ffcfbe74
FFCFBE78? 16B26000             move.b  (A2,D6.w), (A3)
FFCFBE7C? 4E71                 nop
FFCFBE7E? 0207003F             andi.b  #$3f, D7
FFCFBE82? 4A14                 tst.b   (A4)
FFCFBE84? 6AFC                 bpl     $ffcfbe82
FFCFBE86? 16B27000             move.b  (A2,D7.w), (A3)
FFCFBE8A? 4E71                 nop
FFCFBE8C? 24780134             movea.l $134.w, A2                        ; SonyVars
FFCFBE90? 4A2A0141             tst.b   ($141,A2)
FFCFBE94? 6A30                 bpl     $ffcfbec6
FFCFBE96? 45FA0028             lea     ($ffcfbec0,PC), A2
FFCFBE9A? 7405                 moveq   #$5, D2
FFCFBE9C? 1214                 move.b  (A4), D1
FFCFBE9E? 6AFC                 bpl     $ffcfbe9c
FFCFBEA0? 169A                 move.b  (A2)+, (A3)
FFCFBEA2? 4A15                 tst.b   (A5)
FFCFBEA4? 6100EFA2             bsr     $ffcfae48
FFCFBEA8? 51CAFFF2             dbra    D2, $ffcfbe9c
FFCFBEAC? 7000                 moveq   #$0, D0
FFCFBEAE? 08010005             btst    #$5, D1
FFCFBEB2? 6702                 beq     $ffcfbeb6
FFCFBEB4? 70B6                 moveq   #-$4a, D0
FFCFBEB6? 177C00180C00         move.b  #$18, ($c00,A3)
FFCFBEBC? 6000F8E0             bra     $ffcfb79e
FFCFBEC0d DEAAFFFFFFFF         dc.b    $DE,$AA,$FF,$FF,$FF,$FF           ; |......|
FFCFBEC6? 45FA0028             lea     ($ffcfbef0,PC), A2
FFCFBECA? 7403                 moveq   #$3, D2
FFCFBECC? 1214                 move.b  (A4), D1
FFCFBECE? 6AFC                 bpl     $ffcfbecc
FFCFBED0? 169A                 move.b  (A2)+, (A3)
FFCFBED2? 4E71                 nop
FFCFBED4? 4A15                 tst.b   (A5)
FFCFBED6? 6B02                 bmi     $ffcfbeda
FFCFBED8? 1F16                 move.b  (A6), -(A7)
FFCFBEDA? 51CAFFF0             dbra    D2, $ffcfbecc
FFCFBEDE? 7000                 moveq   #$0, D0
FFCFBEE0? 08010006             btst    #$6, D1
FFCFBEE4? 6602                 bne     $ffcfbee8
FFCFBEE6? 70B6                 moveq   #-$4a, D0
FFCFBEE8? 4A2B0200             tst.b   ($200,A3)
FFCFBEEC? 6000F8B0             bra     $ffcfb79e
FFCFBEF0d DEAAFFFF96979A9B     dc.b    $DE,$AA,$FF,$FF,$96,$97,$9A,$9B,$9D,$9E,$9F,$A6,$A7,$AB,$AC,$AD ; |................|
FFCFBF00d AEAFB2B3B4B5B6B7     dc.b    $AE,$AF,$B2,$B3,$B4,$B5,$B6,$B7,$B9,$BA,$BB,$BC,$BD,$BE,$BF,$CB ; |................|
FFCFBF10d CDCECFD3D6D7D9DA     dc.b    $CD,$CE,$CF,$D3,$D6,$D7,$D9,$DA,$DB,$DC,$DD,$DE,$DF,$E5,$E6,$E7 ; |................|
FFCFBF20d E9EAEBECEDEEEFF2     dc.b    $E9,$EA,$EB,$EC,$ED,$EE,$EF,$F2,$F3,$F4,$F5,$F6,$F7,$F9,$FA,$FB ; |................|
FFCFBF30d FCFDFEFFFF3FCFF3     dc.b    $FC,$FD,$FE,$FF,$FF,$3F,$CF,$F3,$FC,$FF,$D5,$AA,$96,$00,$00,$00 ; |.....?..........|
FFCFBF40d 0000DEAAFFFF3FCF     dc.b    $00,$00,$DE,$AA,$FF,$FF,$3F,$CF,$F3,$FC,$FF,$D5 ; |......?.....|
FFCFBF4C? AAAD                 dc.w    $AAAD                             ; A-line trap AAAD
FFCFBF4E? 00009EFC             ori.b   #$fc, D0
FFCFBF52? 0200234F             andi.b  #$4f, D0
FFCFBF56? 001C0838             ori.b   #$38, (A4)+
FFCFBF5A? 00000B22             ori.b   #$22, D0
FFCFBF5E? 6704                 beq     $ffcfbf64
FFCFBF60? 6100EB48             bsr     sub_FFCFAAAA
FFCFBF64? 3828001C             move.w  ($1c,A0), D4
FFCFBF68? 672C                 beq     $ffcfbf96
FFCFBF6A? 7602                 moveq   #$2, D3
FFCFBF6C? 10290140             move.b  ($140,A1), D0
FFCFBF70? C0311016             and.b   ($16,A1,D1.w), D0
FFCFBF74? 6A0A                 bpl     $ffcfbf80
FFCFBF76? 7603                 moveq   #$3, D3
FFCFBF78? 4A311018             tst.b   ($18,A1,D1.w)
FFCFBF7C? 6A02                 bpl     $ffcfbf80
FFCFBF7E? 7601                 moveq   #$1, D3
FFCFBF80? 70CE                 moveq   #-$32, D0
FFCFBF82? B843                 cmp.w   D3, D4
FFCFBF84? 620000B2             bhi     $ffcfc038
FFCFBF88? 0C440003             cmpi.w  #$3, D4
FFCFBF8C? 57C0                 seq     D0
FFCFBF8E? 80311018             or.b    ($18,A1,D1.w), D0
FFCFBF92? 5BF11017             smi     ($17,A1,D1.w)
FFCFBF96? 4A290140             tst.b   ($140,A1)
FFCFBF9A? 6A08                 bpl     $ffcfbfa4
FFCFBF9C? 6100050E             bsr     $ffcfc4ac
FFCFBFA0? 66000096             bne     $ffcfc038
FFCFBFA4? 6100F786             bsr     sub_FFCFB72C
FFCFBFA8? 4A311017             tst.b   ($17,A1,D1.w)
FFCFBFAC? 5BE90032             smi     ($32,A1)
FFCFBFB0? 6B12                 bmi     $ffcfbfc4
FFCFBFB2? 4A311005             tst.b   ($5,A1,D1.w)
FFCFBFB6? 5BE90032             smi     ($32,A1)
FFCFBFBA? 6A08                 bpl     $ffcfbfc4
FFCFBFBC? 5344                 subq.w  #1, D4
FFCFBFBE? 6604                 bne     $ffcfbfc4
FFCFBFC0? 42290032             clr.b   ($32,A1)
FFCFBFC4? 4A290032             tst.b   ($32,A1)
FFCFBFC8? 56F11012             sne     ($12,A1,D1.w)
FFCFBFCC? 337C00080022         move.w  #$8, ($22,A1)
FFCFBFD2? 6100040E             bsr     $ffcfc3e2
FFCFBFD6? 7006                 moveq   #$6, D0
FFCFBFD8? 6100F47A             bsr     sub_FFCFB454
FFCFBFDC? 6B04                 bmi     $ffcfbfe2
FFCFBFDE? 70D4                 moveq   #-$2c, D0
FFCFBFE0? 6056                 bra     $ffcfc038
FFCFBFE2? 22780134             movea.l $134.w, A1                        ; SonyVars
FFCFBFE6? 2069001C             movea.l ($1c,A1), A0
FFCFBFEA? 43FAFF48             lea     ($ffcfbf34,PC), A1
FFCFBFEE? 700B                 moveq   #$b, D0
FFCFBFF0? 721A                 moveq   #$1a, D1
FFCFBFF2? 2449                 movea.l A1, A2
FFCFBFF4? 10DA                 move.b  (A2)+, (A0)+
FFCFBFF6? 51C9FFFC             dbra    D1, $ffcfbff4
FFCFBFFA? 51C8FFF4             dbra    D0, $ffcfbff0
FFCFBFFE? 6100F3F2             bsr     sub_FFCFB3F2
FFCFC002? 42690016             clr.w   ($16,A1)
FFCFC006? 6138                 bsr     $ffcfc040
FFCFC008? 662E                 bne     $ffcfc038
FFCFC00A? 6100F3E6             bsr     sub_FFCFB3F2
FFCFC00E? 4A311017             tst.b   ($17,A1,D1.w)
FFCFC012? 6A06                 bpl     $ffcfc01a
FFCFC014? 61000AEC             bsr     $ffcfcb02
FFCFC018? 6004                 bra     $ffcfc01e
FFCFC01A? 61000040             bsr     $ffcfc05c
FFCFC01E? 6618                 bne     $ffcfc038
FFCFC020? 6100F3D0             bsr     sub_FFCFB3F2
FFCFC024? 08A900030016         bclr    #$3, ($16,A1)
FFCFC02A? 52690016             addq.w  #1, ($16,A1)
FFCFC02E? 0C6900500016         cmpi.w  #$50, ($16,A1)
FFCFC034? 6DD0                 blt     $ffcfc006
FFCFC036? 7000                 moveq   #$0, D0
FFCFC038? 4FEF0200             lea     ($200,A7), A7
FFCFC03C? 6000EEEC             bra     $ffcfaf2a
FFCFC040? 136900300031         move.b  ($30,A1), ($31,A1)
FFCFC046? 3C290016             move.w  ($16,A1), D6
FFCFC04A? 6100037A             bsr     $ffcfc3c6
FFCFC04E? 6100F3A2             bsr     sub_FFCFB3F2
FFCFC052? 3C311000             move.w  (A1,D1.w), D6
FFCFC056? 6B02                 bmi     $ffcfc05a
FFCFC058? 7000                 moveq   #$0, D0
FFCFC05A? 4E75                 rts
FFCFC05C? 6100F394             bsr     sub_FFCFB3F2
FFCFC060? 3C290016             move.w  ($16,A1), D6
FFCFC064? 3206                 move.w  D6, D1
FFCFC066? 0881000B             bclr    #$b, D1
FFCFC06A? E849                 lsr.w   #4, D1
FFCFC06C? 700C                 moveq   #$c, D0
FFCFC06E? 9041                 sub.w   D1, D0
FFCFC070? 33400020             move.w  D0, ($20,A1)
FFCFC074? 610001D6             bsr     $ffcfc24c
FFCFC078? 6178                 bsr     $ffcfc0f2
FFCFC07A? 670C                 beq     $ffcfc088
FFCFC07C? 61000340             bsr     $ffcfc3be
FFCFC080? 027CF8FF             andi    #$f8ff, SR
FFCFC084? 60000058             bra     $ffcfc0de
FFCFC088? 6100F910             bsr     $ffcfb99a
FFCFC08C? 6B06                 bmi     $ffcfc094
FFCFC08E? 4A02                 tst.b   D2
FFCFC090? 6702                 beq     $ffcfc094
FFCFC092? 70AE                 moveq   #-$52, D0
FFCFC094? 61000328             bsr     $ffcfc3be
FFCFC098? 027CF8FF             andi    #$f8ff, SR
FFCFC09C? 41E90022             lea     ($22,A1), A0
FFCFC0A0? 4A40                 tst.w   D0
FFCFC0A2? 6B44                 bmi     $ffcfc0e8
FFCFC0A4? 243C000005E0         move.l  #$5e0, D2
FFCFC0AA? 9440                 sub.w   D0, D2
FFCFC0AC? 84FC0005             divu.w  #$5, D2
FFCFC0B0? 31FCFFAD0142         move.w  #$ffad, $142.w                    ; DskErr
FFCFC0B6? 9450                 sub.w   (A0), D2
FFCFC0B8? 6B2A                 bmi     $ffcfc0e4
FFCFC0BA? 48C2                 ext.l   D2
FFCFC0BC? 84E90020             divu.w  ($20,A1), D2
FFCFC0C0? 6706                 beq     $ffcfc0c8
FFCFC0C2? 5342                 subq.w  #1, D2
FFCFC0C4? 6702                 beq     $ffcfc0c8
FFCFC0C6? 5250                 addq.w  #1, (A0)
FFCFC0C8? 6100F328             bsr     sub_FFCFB3F2
FFCFC0CC? 08E900030016         bset    #$3, ($16,A1)
FFCFC0D2? 6606                 bne     $ffcfc0da
FFCFC0D4? 4A290032             tst.b   ($32,A1)
FFCFC0D8? 6682                 bne     $ffcfc05c
FFCFC0DA? 42780142             clr.w   $142.w                            ; DskErr
FFCFC0DE? 30380142             move.w  $142.w, D0                        ; DskErr
FFCFC0E2? 4E75                 rts
FFCFC0E4? 5242                 addq.w  #1, D2
FFCFC0E6? 67E0                 beq     $ffcfc0c8
FFCFC0E8? 5350                 subq.w  #1, (A0)
FFCFC0EA? 0C500004             cmpi.w  #$4, (A0)
FFCFC0EE? 6DEE                 blt     $ffcfc0de
FFCFC0F0? 6086                 bra     $ffcfc078
FFCFC0F2? 21DF0124             move.l  (A7)+, $124.w                     ; DskRtnAdr
FFCFC0F6? 7001                 moveq   #$1, D0
FFCFC0F8? 22780134             movea.l $134.w, A1                        ; SonyVars
FFCFC0FC? 4A290032             tst.b   ($32,A1)
FFCFC100? 6708                 beq     $ffcfc10a
FFCFC102? 0806000B             btst    #$b, D6
FFCFC106? 6702                 beq     $ffcfc10a
FFCFC108? 7003                 moveq   #$3, D0
FFCFC10A? 6100F302             bsr     sub_FFCFB40E
FFCFC10E? 7004                 moveq   #$4, D0
FFCFC110? 6100F840             bsr     $ffcfb952
FFCFC114? 287801E0             movea.l $1e0.w, A4                        ; IWM
FFCFC118? 47EC1A00             lea     ($1a00,A4), A3
FFCFC11C? 2069001C             movea.l ($1c,A1), A0
FFCFC120? 30290020             move.w  ($20,A1), D0
FFCFC124? 32290022             move.w  ($22,A1), D1
FFCFC128? 5541                 subq.w  #2, D1
FFCFC12A? 363C00C7             move.w  #$c7, D3
FFCFC12E? 4A290141             tst.b   ($141,A1)
FFCFC132? 43FAFE00             lea     ($ffcfbf34,PC), A1
FFCFC136? 6A32                 bpl     $ffcfc16a
FFCFC138? 47D4                 lea     (A4), A3
FFCFC13A? 49EC1E00             lea     ($1e00,A4), A4
FFCFC13E? 4A2B1400             tst.b   ($1400,A3)
FFCFC142? 177C00180C00         move.b  #$18, ($c00,A3)
FFCFC148? 177C00100E00         move.b  #$10, ($e00,A3)
FFCFC14E? 177C00010E00         move.b  #$1, ($e00,A3)
FFCFC154? 177C00010C00         move.b  #$1, ($c00,A3)
FFCFC15A? 4A2B1400             tst.b   ($1400,A3)
FFCFC15E? 1683                 move.b  D3, (A3)
FFCFC160? 177C00080E00         move.b  #$8, ($e00,A3)
FFCFC166? 6000000E             bra     $ffcfc176
FFCFC16A? 4A13                 tst.b   (A3)
FFCFC16C? 19431E00             move.b  D3, ($1e00,A4)
FFCFC170? 4E71                 nop
FFCFC172? 49EC1800             lea     ($1800,A4), A4
FFCFC176? 2449                 movea.l A1, A2
FFCFC178? 7402                 moveq   #$2, D2
FFCFC17A? 181A                 move.b  (A2)+, D4
FFCFC17C? 4A14                 tst.b   (A4)
FFCFC17E? 6AFC                 bpl     $ffcfc17c
FFCFC180? 1684                 move.b  D4, (A3)
FFCFC182? 4E71                 nop
FFCFC184? 181A                 move.b  (A2)+, D4
FFCFC186? 4A15                 tst.b   (A5)
FFCFC188? 6100ECBE             bsr     $ffcfae48
FFCFC18C? 4A14                 tst.b   (A4)
FFCFC18E? 6AFC                 bpl     $ffcfc18c
FFCFC190? 1684                 move.b  D4, (A3)
FFCFC192? 4E71                 nop
FFCFC194? 51CAFFE4             dbra    D2, $ffcfc17a
FFCFC198? 51CBFFDC             dbra    D3, $ffcfc176
FFCFC19C? 3601                 move.w  D1, D3
FFCFC19E? 2449                 movea.l A1, A2
FFCFC1A0? 7405                 moveq   #$5, D2
FFCFC1A2? 4A14                 tst.b   (A4)
FFCFC1A4? 6AFC                 bpl     $ffcfc1a2
FFCFC1A6? 169A                 move.b  (A2)+, (A3)
FFCFC1A8? 4E71                 nop
FFCFC1AA? 4A15                 tst.b   (A5)
FFCFC1AC? 6100EC9A             bsr     $ffcfae48
FFCFC1B0? 51CAFFF0             dbra    D2, $ffcfc1a2
FFCFC1B4? 51CBFFE8             dbra    D3, $ffcfc19e
FFCFC1B8? 741A                 moveq   #$1a, D2
FFCFC1BA? 4A14                 tst.b   (A4)
FFCFC1BC? 6AFC                 bpl     $ffcfc1ba
FFCFC1BE? 1698                 move.b  (A0)+, (A3)
FFCFC1C0? 4E71                 nop
FFCFC1C2? 4A15                 tst.b   (A5)
FFCFC1C4? 6100EC82             bsr     $ffcfae48
FFCFC1C8? 51CAFFF0             dbra    D2, $ffcfc1ba
FFCFC1CC? 343C02BE             move.w  #$2be, D2
FFCFC1D0? 4A14                 tst.b   (A4)
FFCFC1D2? 6AFC                 bpl     $ffcfc1d0
FFCFC1D4? 16BC0096             move.b  #$96, (A3)
FFCFC1D8? 4E71                 nop
FFCFC1DA? 4A15                 tst.b   (A5)
FFCFC1DC? 6100EC6A             bsr     $ffcfae48
FFCFC1E0? 51CAFFEE             dbra    D2, $ffcfc1d0
FFCFC1E4? 7403                 moveq   #$3, D2
FFCFC1E6? 504A                 addq.w  #8, A2
FFCFC1E8? 4A14                 tst.b   (A4)
FFCFC1EA? 6AFC                 bpl     $ffcfc1e8
FFCFC1EC? 169A                 move.b  (A2)+, (A3)
FFCFC1EE? 4E71                 nop
FFCFC1F0? 51CAFFF6             dbra    D2, $ffcfc1e8
FFCFC1F4? 5340                 subq.w  #1, D0
FFCFC1F6? 6EA4                 bgt     $ffcfc19c
FFCFC1F8? 22780134             movea.l $134.w, A1                        ; SonyVars
FFCFC1FC? 4A290141             tst.b   ($141,A1)
FFCFC200? 6A2E                 bpl     $ffcfc230
FFCFC202? 7402                 moveq   #$2, D2
FFCFC204? 4A14                 tst.b   (A4)
FFCFC206? 6AFC                 bpl     $ffcfc204
FFCFC208? 16BC00FF             move.b  #$ff, (A3)
FFCFC20C? 51CAFFF6             dbra    D2, $ffcfc204
FFCFC210? 1014                 move.b  (A4), D0
FFCFC212? 7400                 moveq   #$0, D2
FFCFC214? 08000005             btst    #$5, D0
FFCFC218? 6704                 beq     $ffcfc21e
FFCFC21A? 70B6                 moveq   #-$4a, D0
FFCFC21C? 6002                 bra     $ffcfc220
FFCFC21E? 7000                 moveq   #$0, D0
FFCFC220? 177C00180C00         move.b  #$18, ($c00,A3)
FFCFC226? 4E71                 nop
FFCFC228? 2F380124             move.l  $124.w, -(A7)                     ; DskRtnAdr
FFCFC22C? 4A40                 tst.w   D0
FFCFC22E? 4E75                 rts
FFCFC230? 1014                 move.b  (A4), D0
FFCFC232? 7400                 moveq   #$0, D2
FFCFC234? 08000006             btst    #$6, D0
FFCFC238? 6604                 bne     $ffcfc23e
FFCFC23A? 70B6                 moveq   #-$4a, D0
FFCFC23C? 6002                 bra     $ffcfc240
FFCFC23E? 7000                 moveq   #$0, D0
FFCFC240? 4A2B0200             tst.b   ($200,A3)
FFCFC244? 2F380124             move.l  $124.w, -(A7)                     ; DskRtnAdr
FFCFC248? 4A40                 tst.w   D0
FFCFC24A? 4E75                 rts
FFCFC24C? 48E7FFC0             movem.l D0-D7/A0-A1, -(A7)
FFCFC250? 22780134             movea.l $134.w, A1                        ; SonyVars
FFCFC254? 2069001C             movea.l ($1c,A1), A0
FFCFC258? 7602                 moveq   #$2, D3
FFCFC25A? 4A290032             tst.b   ($32,A1)
FFCFC25E? 6702                 beq     $ffcfc262
FFCFC260? 7622                 moveq   #$22, D3
FFCFC262? 2278025A             movea.l $25a.w, A1
FFCFC266? 1E313000             move.b  (A1,D3.w), D7
FFCFC26A? 1A03                 move.b  D3, D5
FFCFC26C? 763F                 moveq   #$3f, D3
FFCFC26E? C606                 and.b   D6, D3
FFCFC270? 14313000             move.b  (A1,D3.w), D2
FFCFC274? B705                 eor.b   D3, D5
FFCFC276? EC4E                 lsr.w   #6, D6
FFCFC278? BD05                 eor.b   D6, D5
FFCFC27A? 1C316000             move.b  (A1,D6.w), D6
FFCFC27E? 3200                 move.w  D0, D1
FFCFC280? 5341                 subq.w  #1, D1
FFCFC282? E249                 lsr.w   #1, D1
FFCFC284? 5241                 addq.w  #1, D1
FFCFC286? 4841                 swap    D1
FFCFC288? 4241                 clr.w   D1
FFCFC28A? 16311000             move.b  (A1,D1.w), D3
FFCFC28E? 7800                 moveq   #$0, D4
FFCFC290? 1805                 move.b  D5, D4
FFCFC292? B304                 eor.b   D1, D4
FFCFC294? 41E80009             lea     ($9,A0), A0
FFCFC298? 10C2                 move.b  D2, (A0)+
FFCFC29A? 10C3                 move.b  D3, (A0)+
FFCFC29C? 10C6                 move.b  D6, (A0)+
FFCFC29E? 10C7                 move.b  D7, (A0)+
FFCFC2A0? 10F14000             move.b  (A1,D4.w), (A0)+
FFCFC2A4? 41E8000C             lea     ($c,A0), A0
FFCFC2A8? 10C3                 move.b  D3, (A0)+
FFCFC2AA? 5241                 addq.w  #1, D1
FFCFC2AC? 4841                 swap    D1
FFCFC2AE? 5340                 subq.w  #1, D0
FFCFC2B0? 66D8                 bne     $ffcfc28a
FFCFC2B2? 4CDF03FF             movem.l (A7)+, D0-D7/A0-A1
FFCFC2B6? 4E75                 rts
FFCFC2B8? 9EFC0200             suba.w  #$200, A7
FFCFC2BC? 234F001C             move.l  A7, ($1c,A1)
FFCFC2C0? 083800000B22         btst    #$0, $b22.w
FFCFC2C6? 6704                 beq     $ffcfc2cc
FFCFC2C8? 6100E7E0             bsr     sub_FFCFAAAA
FFCFC2CC? 4A290140             tst.b   ($140,A1)
FFCFC2D0? 6A08                 bpl     $ffcfc2da
FFCFC2D2? 610001D8             bsr     $ffcfc4ac
FFCFC2D6? 6600FD60             bne     $ffcfc038
FFCFC2DA? 61000106             bsr     $ffcfc3e2
FFCFC2DE? 7404                 moveq   #$4, D2
FFCFC2E0? 383C007F             move.w  #$7f, D4
FFCFC2E4? 7C4F                 moveq   #$4f, D6
FFCFC2E6? E34C                 lsl.w   #1, D4
FFCFC2E8? 5244                 addq.w  #1, D4
FFCFC2EA? 760F                 moveq   #$f, D3
FFCFC2EC? 48E73E00             movem.l D2-D6, -(A7)
FFCFC2F0? 610000D4             bsr     $ffcfc3c6
FFCFC2F4? 4CDF007C             movem.l (A7)+, D2-D6
FFCFC2F8? 6100F0F8             bsr     sub_FFCFB3F2
FFCFC2FC? 30311000             move.w  (A1,D1.w), D0
FFCFC300? 6B1A                 bmi     $ffcfc31c
FFCFC302? 4A311017             tst.b   ($17,A1,D1.w)
FFCFC306? 6A06                 bpl     $ffcfc30e
FFCFC308? 61000AAA             bsr     $ffcfcdb4
FFCFC30C? 6002                 bra     $ffcfc310
FFCFC30E? 6110                 bsr     $ffcfc320
FFCFC310? 660A                 bne     $ffcfc31c
FFCFC312? 5346                 subq.w  #1, D6
FFCFC314? 51CBFFD6             dbra    D3, $ffcfc2ec
FFCFC318? 51CAFFCC             dbra    D2, $ffcfc2e6
FFCFC31C? 6000FD1A             bra     $ffcfc038
FFCFC320? 48E73E00             movem.l D2-D6, -(A7)
FFCFC324? 007C0700             ori     #$700, SR
FFCFC328? 41E90022             lea     ($22,A1), A0
FFCFC32C? 3084                 move.w  D4, (A0)
FFCFC32E? 760C                 moveq   #$c, D3
FFCFC330? 9642                 sub.w   D2, D3
FFCFC332? E54B                 lsl.w   #2, D3
FFCFC334? 31430002             move.w  D3, ($2,A0)
FFCFC338? 20D8                 move.l  (A0)+, (A0)+
FFCFC33A? 08A900030016         bclr    #$3, ($16,A1)
FFCFC340? 2C01                 move.l  D1, D6
FFCFC342? 6100F642             bsr     $ffcfb986
FFCFC346? 6A08                 bpl     $ffcfc350
FFCFC348? 6174                 bsr     $ffcfc3be
FFCFC34A? 027CF8FF             andi    #$f8ff, SR
FFCFC34E? 6062                 bra     $ffcfc3b2
FFCFC350? 41E90020             lea     ($20,A1), A0
FFCFC354? 30C2                 move.w  D2, (A0)+
FFCFC356? 3018                 move.w  (A0)+, D0
FFCFC358? 0580                 bclr    D2, D0
FFCFC35A? 660C                 bne     $ffcfc368
FFCFC35C? 6160                 bsr     $ffcfc3be
FFCFC35E? 027CF8FF             andi    #$f8ff, SR
FFCFC362? 41E90024             lea     ($24,A1), A0
FFCFC366? 6028                 bra     $ffcfc390
FFCFC368? 0C03001F             cmpi.b  #$1f, D3
FFCFC36C? 5EF16012             sgt     ($12,A1,D6.w)
FFCFC370? 2069001C             movea.l ($1c,A1), A0
FFCFC374? 4238012C             clr.b   $12c.w                            ; DskVerify
FFCFC378? 6100F712             bsr     $ffcfba8c
FFCFC37C? 6140                 bsr     $ffcfc3be
FFCFC37E? 4A40                 tst.w   D0
FFCFC380? 6630                 bne     $ffcfc3b2
FFCFC382? 41E90020             lea     ($20,A1), A0
FFCFC386? 3418                 move.w  (A0)+, D2
FFCFC388? 3010                 move.w  (A0), D0
FFCFC38A? 0580                 bclr    D2, D0
FFCFC38C? 30C0                 move.w  D0, (A0)+
FFCFC38E? 6708                 beq     $ffcfc398
FFCFC390? 5350                 subq.w  #1, (A0)
FFCFC392? 66AC                 bne     $ffcfc340
FFCFC394? 70AC                 moveq   #-$54, D0
FFCFC396? 601A                 bra     $ffcfc3b2
FFCFC398? 6100F058             bsr     sub_FFCFB3F2
FFCFC39C? 4A311012             tst.b   ($12,A1,D1.w)
FFCFC3A0? 670E                 beq     $ffcfc3b0
FFCFC3A2? 08E900030016         bset    #$3, ($16,A1)
FFCFC3A8? 6606                 bne     $ffcfc3b0
FFCFC3AA? 5448                 addq.w  #2, A0
FFCFC3AC? 2110                 move.l  (A0), -(A0)
FFCFC3AE? 6090                 bra     $ffcfc340
FFCFC3B0? 7000                 moveq   #$0, D0
FFCFC3B2? 027CF8FF             andi    #$f8ff, SR
FFCFC3B6? 4CDF007C             movem.l (A7)+, D2-D6
FFCFC3BA? 4A40                 tst.w   D0
FFCFC3BC? 4E75                 rts
FFCFC3BEd 31C001426000EF68     dc.b    $31,$C0,$01,$42,$60,$00,$EF,$68   ; |1..B`..h|
FFCFC3C6? 41FAF0D2             lea     ($ffcfb49a,PC), A0
FFCFC3CA? 53290019             subq.b  #1, ($19,A1)
FFCFC3CE? 610A                 bsr     $ffcfc3da
FFCFC3D0? 0C2900FF0019         cmpi.b  #-$1, ($19,A1)
FFCFC3D6? 66F8                 bne     $ffcfc3d0
FFCFC3D8? 4E75                 rts
FFCFC3DA? 4E90                 jsr     (A0)
FFCFC3DC? 52290019             addq.b  #1, ($19,A1)
FFCFC3E0? 4E75                 rts
FFCFC3E2d 41FAF2F260E2         dc.b    $41,$FA,$F2,$F2,$60,$E2           ; |A...`.|

sub_FFCFC3E8:
FFCFC3E8  22780134             movea.l $134.w, A1                        ; SonyVars
FFCFC3EC  40E7                 move    SR, -(A7)
FFCFC3EE  007C0700             ori     #$700, SR
FFCFC3F2  207801E0             movea.l $1e0.w, A0                        ; IWM
FFCFC3F6  4A281400             tst.b   ($1400,A0)
FFCFC3FA  4A281C00             tst.b   ($1c00,A0)
FFCFC3FE  4A281000             tst.b   ($1000,A0)
FFCFC402  4A281A00             tst.b   ($1a00,A0)
FFCFC406  7057                 moveq   #$57, D0
FFCFC408  11401E00             move.b  D0, ($1e00,A0)
FFCFC40C  117C00171E00         move.b  #$17, ($1e00,A0)
FFCFC412  11401E00             move.b  D0, ($1e00,A0)
FFCFC416  11401E00             move.b  D0, ($1e00,A0)
FFCFC41A  70F5                 moveq   #-$b, D0
FFCFC41C  11400800             move.b  D0, ($800,A0)
FFCFC420  4E71                 nop
FFCFC422  B0281800             cmp.b   ($1800,A0), D0
FFCFC426  6628                 bne     loc_FFCFC450
FFCFC428  70F6                 moveq   #-$a, D0
FFCFC42A  11400800             move.b  D0, ($800,A0)
FFCFC42E  4E71                 nop
FFCFC430  B0281800             cmp.b   ($1800,A0), D0
FFCFC434  661A                 bne     loc_FFCFC450
FFCFC436  70F7                 moveq   #-$9, D0
FFCFC438  11400800             move.b  D0, ($800,A0)
FFCFC43C  4E71                 nop
FFCFC43E  B0281800             cmp.b   ($1800,A0), D0
FFCFC442  660C                 bne     loc_FFCFC450
FFCFC444  50E90140             st      ($140,A1)
FFCFC448  117C00F80C00         move.b  #$f8, ($c00,A0)
FFCFC44E  4E71                 nop
loc_FFCFC450:
FFCFC450  4A281C00             tst.b   ($1c00,A0)
FFCFC454  4A281800             tst.b   ($1800,A0)
FFCFC458  4A281200             tst.b   ($1200,A0)
FFCFC45C  4A290140             tst.b   ($140,A1)
FFCFC460  6A46                 bpl     loc_FFCFC4A8
FFCFC462  70F5                 moveq   #-$b, D0
FFCFC464  11400800             move.b  D0, ($800,A0)
FFCFC468  4E71                 nop
FFCFC46A  B0281800             cmp.b   ($1800,A0), D0
FFCFC46E  6638                 bne     loc_FFCFC4A8
FFCFC470  70F6                 moveq   #-$a, D0
FFCFC472  11400800             move.b  D0, ($800,A0)
FFCFC476  4E71                 nop
FFCFC478  B0281800             cmp.b   ($1800,A0), D0
FFCFC47C  662A                 bne     loc_FFCFC4A8
FFCFC47E  70F7                 moveq   #-$9, D0
FFCFC480  11400800             move.b  D0, ($800,A0)
FFCFC484  4E71                 nop
FFCFC486  B0281800             cmp.b   ($1800,A0), D0
FFCFC48A  661C                 bne     loc_FFCFC4A8
FFCFC48C  53290140             subq.b  #1, ($140,A1)
FFCFC490  50E90141             st      ($141,A1)
FFCFC494  41FA0986             lea     ($ffcfce1c,PC), A0
FFCFC498  21C8022A             move.l  A0, $22a.w
FFCFC49C  41FA0A9A             lea     ($ffcfcf38,PC), A0
FFCFC4A0  21C8022E             move.l  A0, $22e.w
FFCFC4A4  61000CCE             bsr     sub_FFCFD174
loc_FFCFC4A8:
FFCFC4A8  46DF                 move    (A7)+, SR
FFCFC4AA  4E75                 rts
FFCFC4AC? 6100EF44             bsr     sub_FFCFB3F2
FFCFC4B0? 4A290140             tst.b   ($140,A1)
FFCFC4B4? 6A00F198             bpl     $ffcfb64e
FFCFC4B8? 40E7                 move    SR, -(A7)
FFCFC4BA? 007C0700             ori     #$700, SR
FFCFC4BE? 207801E0             movea.l $1e0.w, A0                        ; IWM
FFCFC4C2? 0C2900FE0140         cmpi.b  #-$2, ($140,A1)
FFCFC4C8? 6700008A             beq     $ffcfc554
FFCFC4CC? 7401                 moveq   #$1, D2
FFCFC4CE? 207801E0             movea.l $1e0.w, A0                        ; IWM
FFCFC4D2? 117C00380C00         move.b  #$38, ($c00,A0)
FFCFC4D8? 4E71                 nop
FFCFC4DA? 70F5                 moveq   #-$b, D0
FFCFC4DC? 11400800             move.b  D0, ($800,A0)
FFCFC4E0? 4E71                 nop
FFCFC4E2? B0281800             cmp.b   ($1800,A0), D0
FFCFC4E6? 662E                 bne     $ffcfc516
FFCFC4E8? 70F6                 moveq   #-$a, D0
FFCFC4EA? 11400800             move.b  D0, ($800,A0)
FFCFC4EE? 4E71                 nop
FFCFC4F0? B0281800             cmp.b   ($1800,A0), D0
FFCFC4F4? 6620                 bne     $ffcfc516
FFCFC4F6? 70F7                 moveq   #-$9, D0
FFCFC4F8? 11400800             move.b  D0, ($800,A0)
FFCFC4FC? 4E71                 nop
FFCFC4FE? B0281800             cmp.b   ($1800,A0), D0
FFCFC502? 6612                 bne     $ffcfc516
FFCFC504? 4A311017             tst.b   ($17,A1,D1.w)
FFCFC508? 6B4A                 bmi     $ffcfc554
FFCFC50A? 117C00F80C00         move.b  #$f8, ($c00,A0)
FFCFC510? 4E71                 nop
FFCFC512? 4A281C00             tst.b   ($1c00,A0)
FFCFC516? 42290141             clr.b   ($141,A1)
FFCFC51A? 2F02                 move.l  D2, -(A7)
FFCFC51C? 6100F130             bsr     $ffcfb64e
FFCFC520? 241F                 move.l  (A7)+, D2
FFCFC522? 4A40                 tst.w   D0
FFCFC524? 667C                 bne     $ffcfc5a2
FFCFC526? 4A311017             tst.b   ($17,A1,D1.w)
FFCFC52A? 6A76                 bpl     $ffcfc5a2
FFCFC52C? 4A281C00             tst.b   ($1c00,A0)
FFCFC530? 4A281000             tst.b   ($1000,A0)
FFCFC534? 4A281A00             tst.b   ($1a00,A0)
FFCFC538? 7057                 moveq   #$57, D0
FFCFC53A? 11401E00             move.b  D0, ($1e00,A0)
FFCFC53E? 117C00171E00         move.b  #$17, ($1e00,A0)
FFCFC544? 11401E00             move.b  D0, ($1e00,A0)
FFCFC548? 11401E00             move.b  D0, ($1e00,A0)
FFCFC54C? 4E71                 nop
FFCFC54E? 51CAFF7E             dbra    D2, $ffcfc4ce
FFCFC552? 6044                 bra     $ffcfc598
FFCFC554? 117C00380C00         move.b  #$38, ($c00,A0)
FFCFC55A? 4E71                 nop
FFCFC55C? 117C00C00400         move.b  #$c0, ($400,A0)
FFCFC562? 4E71                 nop
FFCFC564? 7020                 moveq   #$20, D0
FFCFC566? 4A311017             tst.b   ($17,A1,D1.w)
FFCFC56A? 6B02                 bmi     $ffcfc56e
FFCFC56C? 7044                 moveq   #$44, D0
FFCFC56E? 0C2900FE0140         cmpi.b  #-$2, ($140,A1)
FFCFC574? 660A                 bne     $ffcfc580
FFCFC576? 4A290158             tst.b   ($158,A1)
FFCFC57A? 6704                 beq     $ffcfc580
FFCFC57C? 08C00003             bset    #$3, D0
FFCFC580? 11400A00             move.b  D0, ($a00,A0)
FFCFC584? 4E71                 nop
FFCFC586? B0281A00             cmp.b   ($1a00,A0), D0
FFCFC58A? 6604                 bne     $ffcfc590
FFCFC58C? 611A                 bsr     $ffcfc5a8
FFCFC58E? 670E                 beq     $ffcfc59e
FFCFC590? 117C00F80C00         move.b  #$f8, ($c00,A0)
FFCFC596? 4E71                 nop
FFCFC598? 4A281C00             tst.b   ($1c00,A0)
FFCFC59C? 70B3                 moveq   #-$4d, D0
FFCFC59E? 57E90141             seq     ($141,A1)
FFCFC5A2? 46DF                 move    (A7)+, SR
FFCFC5A4? 4A40                 tst.w   D0
FFCFC5A6? 4E75                 rts
FFCFC5A8? 45FA00D8             lea     ($ffcfc682,PC), A2
FFCFC5AC? 4A311017             tst.b   ($17,A1,D1.w)
FFCFC5B0? 6B04                 bmi     $ffcfc5b6
FFCFC5B2? 45FA00DE             lea     ($ffcfc692,PC), A2
FFCFC5B6? 0C2900FE0140         cmpi.b  #-$2, ($140,A1)
FFCFC5BC? 6660                 bne     $ffcfc61e
FFCFC5BE? 2F03                 move.l  D3, -(A7)
FFCFC5C0? 227801D4             movea.l $1d4.w, A1                        ; VIA
FFCFC5C4? 43E91E00             lea     ($1e00,A1), A1
FFCFC5C8? 7404                 moveq   #$4, D2
FFCFC5CA? 117C00380C00         move.b  #$38, ($c00,A0)
FFCFC5D0? 4842                 swap    D2
FFCFC5D2? 7003                 moveq   #$3, D0
FFCFC5D4? 1291                 move.b  (A1), (A1)
FFCFC5D6? 14281600             move.b  ($1600,A0), D2
FFCFC5DA? 16281600             move.b  ($1600,A0), D3
FFCFC5DE? 16320000             move.b  (A2,D0.w), D3
FFCFC5E2? 5300                 subq.b  #1, D0
FFCFC5E4? E80A                 lsr.b   #4, D2
FFCFC5E6? E80B                 lsr.b   #4, D3
FFCFC5E8? B602                 cmp.b   D2, D3
FFCFC5EA? 56C8FFE8             dbne    D0, $ffcfc5d4
FFCFC5EE? 660A                 bne     $ffcfc5fa
FFCFC5F0? 22780134             movea.l $134.w, A1                        ; SonyVars
FFCFC5F4? 261F                 move.l  (A7)+, D3
FFCFC5F6? 7000                 moveq   #$0, D0
FFCFC5F8? 4E75                 rts
FFCFC5FA? 117C00380C00         move.b  #$38, ($c00,A0)
FFCFC600? 7003                 moveq   #$3, D0
FFCFC602? 1291                 move.b  (A1), (A1)
FFCFC604? 117200000600         move.b  (A2,D0.w), ($600,A0)
FFCFC60A? 51C8FFF6             dbra    D0, $ffcfc602
FFCFC60E? 4842                 swap    D2
FFCFC610? 51CAFFB8             dbra    D2, $ffcfc5ca
FFCFC614? 22780134             movea.l $134.w, A1                        ; SonyVars
FFCFC618? 261F                 move.l  (A7)+, D3
FFCFC61A? 70B3                 moveq   #-$4d, D0
FFCFC61C? 4E75                 rts
FFCFC61E? 227801D4             movea.l $1d4.w, A1                        ; VIA
FFCFC622? 43E91E00             lea     ($1e00,A1), A1
FFCFC626? 7404                 moveq   #$4, D2
FFCFC628? 117C00380C00         move.b  #$38, ($c00,A0)
FFCFC62E? 4E71                 nop
FFCFC630? 4842                 swap    D2
FFCFC632? 700F                 moveq   #$f, D0
FFCFC634? 1291                 move.b  (A1), (A1)
FFCFC636? 4E71                 nop
FFCFC638? 14281600             move.b  ($1600,A0), D2
FFCFC63C? B4320000             cmp.b   (A2,D0.w), D2
FFCFC640? 56C8FFF2             dbne    D0, $ffcfc634
FFCFC644? 6608                 bne     $ffcfc64e
FFCFC646? 22780134             movea.l $134.w, A1                        ; SonyVars
FFCFC64A? 7000                 moveq   #$0, D0
FFCFC64C? 4E75                 rts
FFCFC64E? 117C00380C00         move.b  #$38, ($c00,A0)
FFCFC654? 700F                 moveq   #$f, D0
FFCFC656? 1291                 move.b  (A1), (A1)
FFCFC658? 117200000600         move.b  (A2,D0.w), ($600,A0)
FFCFC65E? 4E71                 nop
FFCFC660? 51C8FFF4             dbra    D0, $ffcfc656
FFCFC664? 4842                 swap    D2
FFCFC666? 51CAFFC0             dbra    D2, $ffcfc628
FFCFC66A? 22780134             movea.l $134.w, A1                        ; SonyVars
FFCFC66E? 70B3                 moveq   #-$4d, D0
FFCFC670? 4E75                 rts
FFCFC672d 0050001000500020     dc.b    $00,$50,$00,$10,$00,$50,$00,$20,$00,$50,$00,$10,$00,$50,$00,$10 ; |.P...P. .P...P..|
FFCFC682d 3B571B9719192F2F     dc.b    $3B,$57,$1B,$97,$19,$19,$2F,$2F,$1B,$1B,$18,$18,$2E,$2E,$41,$18 ; |;W....//......A.|
FFCFC692d 3C883C883C3C3C3C     dc.b    $3C,$88,$3C,$88,$3C,$3C,$3C,$3C,$3C,$3C,$3C,$3C,$3C,$3C,$40,$1A ; |<.<.<<<<<<<<<<@.|
FFCFC6A2d 534F2E2E2E574841     dc.b    $53,$4F,$2E,$2E,$2E,$57,$48,$41,$54,$20,$41,$52,$45,$20,$59,$4F ; |SO...WHAT ARE YO|
FFCFC6B2d 552053544152494E     dc.b    $55,$20,$53,$54,$41,$52,$49,$4E,$47,$20,$41,$54 ; |U STARING AT|
FFCFC6BE? 3F20                 move.w  -(A0), -(A7)
FFCFC6C0? 2020                 move.l  -(A0), D0
FFCFC6C2? 10290140             move.b  ($140,A1), D0
FFCFC6C6? C0311016             and.b   ($16,A1,D1.w), D0
FFCFC6CA? 6A44                 bpl     $ffcfc710
FFCFC6CC? 700F                 moveq   #$f, D0
FFCFC6CE? 6100ED84             bsr     sub_FFCFB454
FFCFC6D2? 5AF11018             spl     ($18,A1,D1.w)
FFCFC6D6? 613C                 bsr     $ffcfc714
FFCFC6D8? 4A40                 tst.w   D0
FFCFC6DA? 6B14                 bmi     $ffcfc6f0
FFCFC6DC? 13B110181017         move.b  ($18,A1,D1.w), ($17,A1,D1.w)
FFCFC6E2? 6A2C                 bpl     $ffcfc710
FFCFC6E4? 52311003             addq.b  #1, ($3,A1,D1.w)
FFCFC6E8? 303CFE70             move.w  #$fe70, D0
FFCFC6EC? 6000E83C             bra     $ffcfaf2a
FFCFC6F0? 50F11017             st      ($17,A1,D1.w)
FFCFC6F4? 6100EEE8             bsr     $ffcfb5de
FFCFC6F8? 6610                 bne     $ffcfc70a
FFCFC6FA? 4A311018             tst.b   ($18,A1,D1.w)
FFCFC6FE? 6B10                 bmi     $ffcfc710
FFCFC700? 6112                 bsr     $ffcfc714
FFCFC702? 04030022             subi.b  #$22, D3
FFCFC706? 8043                 or.w    D3, D0
FFCFC708? 6706                 beq     $ffcfc710
FFCFC70A? 13B110181017         move.b  ($18,A1,D1.w), ($17,A1,D1.w)
FFCFC710? 6000E804             bra     $ffcfaf16
FFCFC714? 7205                 moveq   #$5, D1
FFCFC716? 3F01                 move.w  D1, -(A7)
FFCFC718? 40E7                 move    SR, -(A7)
FFCFC71A? 42690016             clr.w   ($16,A1)
FFCFC71E? 6100F266             bsr     $ffcfb986
FFCFC722? 6100EC08             bsr     $ffcfb32c
FFCFC726? 46DF                 move    (A7)+, SR
FFCFC728? 321F                 move.w  (A7)+, D1
FFCFC72A? 4A40                 tst.w   D0
FFCFC72C? 5AC9FFE8             dbpl    D1, $ffcfc716
FFCFC730? 6000ECC0             bra     sub_FFCFB3F2
loc_FFCFC734:
FFCFC734  117C00F30800         move.b  #$f3, ($800,A0)
FFCFC73A  4E71                 nop
FFCFC73C  08000001             btst    #$1, D0
FFCFC740  6708                 beq     loc_FFCFC74A
FFCFC742  117C00200E00         move.b  #$20, ($e00,A0)
FFCFC748  6006                 bra     loc_FFCFC750
loc_FFCFC74A:
FFCFC74A  117C00200C00         move.b  #$20, ($c00,A0)
loc_FFCFC750:
FFCFC750  08000001             btst    #$1, D0
FFCFC754  6708                 beq     loc_FFCFC75E
FFCFC756  08EA00051E00         bset    #$5, ($1e00,A2)
FFCFC75C  6006                 bra     loc_FFCFC764
loc_FFCFC75E:
FFCFC75E  08AA00051E00         bclr    #$5, ($1e00,A2)
loc_FFCFC764:
FFCFC764  117B00080800         move.b  ($8,PC,D0.w), ($800,A0)
FFCFC76A  4E71                 nop
FFCFC76C  4E75                 rts
FFCFC76Ed F0F4F0F4F1F5F1F5     dc.b    $F0,$F4,$F0,$F4,$F1,$F5,$F1,$F5,$F2,$F6,$F2,$F6,$F3,$F7,$F3,$F7 ; |................|
FFCFC77Ed 53574321             dc.b    $53,$57,$43,$21                   ; |SWC!|
loc_FFCFC782:
FFCFC782  082800031E00         btst    #$3, ($1e00,A0)
FFCFC788  56C0                 sne     D0
FFCFC78A  4A00                 tst.b   D0
FFCFC78C  4E75                 rts
FFCFC78E? 40E7                 move    SR, -(A7)
FFCFC790? 007C0700             ori     #$700, SR
FFCFC794? 2F00                 move.l  D0, -(A7)
FFCFC796? 70F8                 moveq   #-$8, D0
FFCFC798? 80281800             or.b    ($1800,A0), D0
FFCFC79C? 11400800             move.b  D0, ($800,A0)
FFCFC7A0? 4E71                 nop
FFCFC7A2? 156A1E001E00         move.b  ($1e00,A2), ($1e00,A2)
FFCFC7A8? 5100                 subq.b  #8, D0
FFCFC7AA? 11400800             move.b  D0, ($800,A0)
FFCFC7AE? 4E71                 nop
FFCFC7B0? 201F                 move.l  (A7)+, D0
FFCFC7B2? 46DF                 move    (A7)+, SR
FFCFC7B4? 4E75                 rts
FFCFC7B6? 0C41004A             cmpi.w  #$4a, D1
FFCFC7BA? 6610                 bne     $ffcfc7cc
FFCFC7BC? 117C00040C00         move.b  #$4, ($c00,A0)
FFCFC7C2? 117C00820E00         move.b  #$82, ($e00,A0)
FFCFC7C8? 4E71                 nop
FFCFC7CA? 4E75                 rts
FFCFC7CC? 117C00F70800         move.b  #$f7, ($800,A0)
FFCFC7D2? 4E71                 nop
FFCFC7D4? 08AA00051E00         bclr    #$5, ($1e00,A2)
FFCFC7DA? 117C00200C00         move.b  #$20, ($c00,A0)
FFCFC7E0? 117C00020C00         move.b  #$2, ($c00,A0)
FFCFC7E6? 117C00840E00         move.b  #$84, ($e00,A0)
FFCFC7EC? 4E71                 nop
FFCFC7EE? 4E75                 rts
FFCFC7F0? 745A                 moveq   #$5a, D2
FFCFC7F2? E94A                 lsl.w   #4, D2
FFCFC7F4? 7609                 moveq   #$9, D3
FFCFC7F6? 4A311018             tst.b   ($18,A1,D1.w)
FFCFC7FA? 6A04                 bpl     $ffcfc800
FFCFC7FC? D442                 add.w   D2, D2
FFCFC7FE? 7612                 moveq   #$12, D3
FFCFC800? B082                 cmp.l   D2, D0
FFCFC802? 6C00E772             bge     $ffcfaf76
FFCFC806? 80C3                 divu.w  D3, D0
FFCFC808? E248                 lsr.w   #1, D0
FFCFC80A? 55C6                 scs     D6
FFCFC80C? 3A00                 move.w  D0, D5
FFCFC80E? 4840                 swap    D0
FFCFC810? 74FF                 moveq   #-$1, D2
FFCFC812? 5243                 addq.w  #1, D3
FFCFC814? 6000E798             bra     $ffcfafae
FFCFC818? A1A1                 dc.w    $A1A1                             ; A-line trap A1A1
FFCFC81A? A1FE                 _TEFindWord,flags $100                    ; A-line trap A1FE
FFCFC81C? 45FAFFFA             lea     ($ffcfc818,PC), A2
FFCFC820? 4EF081E10680         jmp     ([$680])                          ; through the vector at $680
FFCFC826? 21DF0124             move.l  (A7)+, $124.w                     ; DskRtnAdr
FFCFC82A? 41F802FC             lea     $2fc.w, A0                        ; BufTgFNum
FFCFC82E? 4298                 clr.l   (A0)+
FFCFC830? 4298                 clr.l   (A0)+
FFCFC832? 4298                 clr.l   (A0)+
FFCFC834? 287801E0             movea.l $1e0.w, A4                        ; IWM
FFCFC838? 47EC1E00             lea     ($1e00,A4), A3
FFCFC83C? 49EC1200             lea     ($1200,A4), A4
FFCFC840? 70BD                 moveq   #-$43, D0
FFCFC842? 343C4E20             move.w  #$4e20, D2
FFCFC846? 4A2C0200             tst.b   ($200,A4)
FFCFC84A? 197C0018FA00         move.b  #$18, (-$600,A4)
FFCFC850? 197C0001FC00         move.b  #$1, (-$400,A4)
FFCFC856? 197C0001FA00         move.b  #$1, (-$600,A4)
FFCFC85C? 4E71                 nop
FFCFC85E? 082C00050C00         btst    #$5, ($c00,A4)
FFCFC864? 6704                 beq     $ffcfc86a
FFCFC866? 4A2C0200             tst.b   ($200,A4)
FFCFC86A? 197C0008FC00         move.b  #$8, (-$400,A4)
FFCFC870? 4E71                 nop
FFCFC872? 204A                 movea.l A2, A0
FFCFC874? 7203                 moveq   #$3, D1
FFCFC876? 4A15                 tst.b   (A5)
FFCFC878? 082E0000FFFC         btst    #$0, (-$4,A6)
FFCFC87E? 6702                 beq     $ffcfc882
FFCFC880? 1F16                 move.b  (A6), -(A7)
FFCFC882? 4A13                 tst.b   (A3)
FFCFC884? 5BCAFFF0             dbmi    D2, $ffcfc876
FFCFC888? 6A000176             bpl     $ffcfca00
FFCFC88C? 1A14                 move.b  (A4), D5
FFCFC88E? BA18                 cmp.b   (A0)+, D5
FFCFC890? 56C9FFE4             dbne    D1, $ffcfc876
FFCFC894? 6708                 beq     $ffcfc89e
FFCFC896? 197C0008FA00         move.b  #$8, (-$600,A4)
FFCFC89C? 60A8                 bra     $ffcfc846
FFCFC89E? 703C                 moveq   #$3c, D0
FFCFC8A0? 4A13                 tst.b   (A3)
FFCFC8A2? 5BC8FFFC             dbmi    D0, $ffcfc8a0
FFCFC8A6? 6A48                 bpl     $ffcfc8f0
FFCFC8A8? 7200                 moveq   #$0, D1
FFCFC8AA? 1214                 move.b  (A4), D1
FFCFC8AC? 41F802FC             lea     $2fc.w, A0                        ; BufTgFNum
FFCFC8B0? 10C1                 move.b  D1, (A0)+
FFCFC8B2? 703C                 moveq   #$3c, D0
FFCFC8B4? 4A13                 tst.b   (A3)
FFCFC8B6? 5BC8FFFC             dbmi    D0, $ffcfc8b4
FFCFC8BA? 6A34                 bpl     $ffcfc8f0
FFCFC8BC? 10D4                 move.b  (A4), (A0)+
FFCFC8BE? 6704                 beq     $ffcfc8c4
FFCFC8C0? 08C1000B             bset    #$b, D1
FFCFC8C4? 703C                 moveq   #$3c, D0
FFCFC8C6? 7400                 moveq   #$0, D2
FFCFC8C8? 4A13                 tst.b   (A3)
FFCFC8CA? 5BC8FFFC             dbmi    D0, $ffcfc8c8
FFCFC8CE? 6A20                 bpl     $ffcfc8f0
FFCFC8D0? 1414                 move.b  (A4), D2
FFCFC8D2? 10C2                 move.b  D2, (A0)+
FFCFC8D4? 4A15                 tst.b   (A5)
FFCFC8D6? 6100E570             bsr     $ffcfae48
FFCFC8DA? 703C                 moveq   #$3c, D0
FFCFC8DC? 7620                 moveq   #$20, D3
FFCFC8DE? 4A13                 tst.b   (A3)
FFCFC8E0? 5BC8FFFC             dbmi    D0, $ffcfc8de
FFCFC8E4? 6A0A                 bpl     $ffcfc8f0
FFCFC8E6? 8614                 or.b    (A4), D3
FFCFC8E8? 10C3                 move.b  D3, (A0)+
FFCFC8EA? 70BB                 moveq   #-$45, D0
FFCFC8EC? 600000EA             bra     $ffcfc9d8
FFCFC8F0d 6000011E             dc.b    $60,$00,$01,$1E                   ; |`...|
FFCFC8F4? A1A1                 dc.w    $A1A1                             ; A-line trap A1A1
FFCFC8F6? A1FB                 dc.w    $A1FB                             ; A-line trap A1FB
FFCFC8F8? 43FAFFFA             lea     ($ffcfc8f4,PC), A1
FFCFC8FC? 4EF081E10684         jmp     ([$684])                          ; through the vector at $684
FFCFC902? 21DF0124             move.l  (A7)+, $124.w                     ; DskRtnAdr
FFCFC906? 383C0001             move.w  #$1, D4
FFCFC90A? 4A2C0200             tst.b   ($200,A4)
FFCFC90E? 197C0018FA00         move.b  #$18, (-$600,A4)
FFCFC914? 197C0001FC00         move.b  #$1, (-$400,A4)
FFCFC91A? 197C0001FA00         move.b  #$1, (-$600,A4)
FFCFC920? 4A2C0200             tst.b   ($200,A4)
FFCFC924? 197C0008FC00         move.b  #$8, (-$400,A4)
FFCFC92A? 4E71                 nop
FFCFC92C? 70B9                 moveq   #-$47, D0
FFCFC92E? 7203                 moveq   #$3, D1
FFCFC930? 74FF                 moveq   #-$1, D2
FFCFC932? 2A09                 move.l  A1, D5
FFCFC934? 22780134             movea.l $134.w, A1                        ; SonyVars
FFCFC938? 0C2900FE0140         cmpi.b  #-$2, ($140,A1)
FFCFC93E? 2245                 movea.l D5, A1
FFCFC940? 661C                 bne     $ffcfc95e
FFCFC942? 4A15                 tst.b   (A5)
FFCFC944? 6100E502             bsr     $ffcfae48
FFCFC948? 1A13                 move.b  (A3), D5
FFCFC94A? 5BCAFFF6             dbmi    D2, $ffcfc942
FFCFC94E? 6A0000C0             bpl     $ffcfca10
FFCFC952? 08050000             btst    #$0, D5
FFCFC956? 66000014             bne     $ffcfc96c
FFCFC95A? 1A14                 move.b  (A4), D5
FFCFC95C? 60E4                 bra     $ffcfc942
FFCFC95E? 4A15                 tst.b   (A5)
FFCFC960? 6100E4E6             bsr     $ffcfae48
FFCFC964? 4A13                 tst.b   (A3)
FFCFC966? 5BCAFFF6             dbmi    D2, $ffcfc95e
FFCFC96A? 6A46                 bpl     $ffcfc9b2
FFCFC96C? 743C                 moveq   #$3c, D2
FFCFC96E? 1A14                 move.b  (A4), D5
FFCFC970? BA19                 cmp.b   (A1)+, D5
FFCFC972? 56C9FFEA             dbne    D1, $ffcfc95e
FFCFC976? 6714                 beq     $ffcfc98c
FFCFC978? 197C0008FA00         move.b  #$8, (-$600,A4)
FFCFC97E? 4E71                 nop
FFCFC980? 43FAFF72             lea     ($ffcfc8f4,PC), A1
FFCFC984? 51CCFF84             dbra    D4, $ffcfc90a
FFCFC988? 60000076             bra     $ffcfca00
FFCFC98C? 383C01FF             move.w  #$1ff, D4
FFCFC990? 4A38012C             tst.b   $12c.w                            ; DskVerify
FFCFC994? 661E                 bne     $ffcfc9b4
FFCFC996? 4A13                 tst.b   (A3)
FFCFC998? 6B10                 bmi     $ffcfc9aa
FFCFC99A? 723C                 moveq   #$3c, D1
FFCFC99C? 4A15                 tst.b   (A5)
FFCFC99E? 6100E4A8             bsr     $ffcfae48
FFCFC9A2? 4A13                 tst.b   (A3)
FFCFC9A4? 5BC9FFFC             dbmi    D1, $ffcfc9a2
FFCFC9A8? 6A08                 bpl     $ffcfc9b2
FFCFC9AA? 10D4                 move.b  (A4), (A0)+
FFCFC9AC? 51CCFFE8             dbra    D4, $ffcfc996
FFCFC9B0? 6020                 bra     $ffcfc9d2
FFCFC9B2d 605C                 dc.b    $60,$5C                           ; |`\|
FFCFC9B4? 4A13                 tst.b   (A3)
FFCFC9B6? 6B10                 bmi     $ffcfc9c8
FFCFC9B8? 723C                 moveq   #$3c, D1
FFCFC9BA? 4A15                 tst.b   (A5)
FFCFC9BC? 6100E48A             bsr     $ffcfae48
FFCFC9C0? 4A13                 tst.b   (A3)
FFCFC9C2? 5BC9FFFC             dbmi    D1, $ffcfc9c0
FFCFC9C6? 6AEA                 bpl     $ffcfc9b2
FFCFC9C8? 1414                 move.b  (A4), D2
FFCFC9CA? B418                 cmp.b   (A0)+, D2
FFCFC9CC? 56CCFFE6             dbne    D4, $ffcfc9b4
FFCFC9D0? 6642                 bne     $ffcfca14
FFCFC9D2? 70B8                 moveq   #-$48, D0
FFCFC9D4? 41F80304             lea     $304.w, A0                        ; BufTgDate
FFCFC9D8? 783C                 moveq   #$3c, D4
FFCFC9DA? 4A13                 tst.b   (A3)
FFCFC9DC? 5BCCFFFC             dbmi    D4, $ffcfc9da
FFCFC9E0? 6A2E                 bpl     $ffcfca10
FFCFC9E2? 10D4                 move.b  (A4), (A0)+
FFCFC9E4? 783C                 moveq   #$3c, D4
FFCFC9E6? 4A13                 tst.b   (A3)
FFCFC9E8? 5BCCFFFC             dbmi    D4, $ffcfc9e6
FFCFC9EC? 6A22                 bpl     $ffcfca10
FFCFC9EE? 1A13                 move.b  (A3), D5
FFCFC9F0? 10D4                 move.b  (A4), (A0)+
FFCFC9F2? 10EC0200             move.b  ($200,A4), (A0)+
FFCFC9F6? 1085                 move.b  D5, (A0)
FFCFC9F8? 02050022             andi.b  #$22, D5
FFCFC9FC? 6602                 bne     $ffcfca00
FFCFC9FE? 7000                 moveq   #$0, D0
FFCFCA00? 197C0018FA00         move.b  #$18, (-$600,A4)
FFCFCA06? 4E71                 nop
FFCFCA08? 2F380124             move.l  $124.w, -(A7)                     ; DskRtnAdr
FFCFCA0C? 4A40                 tst.w   D0
FFCFCA0E? 4E75                 rts
FFCFCA10d 70BE60EC70BC60E8     dc.b    $70,$BE,$60,$EC,$70,$BC,$60,$E8,$45,$FA,$FE,$DA,$4E,$F0,$81,$E1 ; |p.`.p.`.E...N...|
FFCFCA20d 0688                 dc.b    $06,$88                           ; |..|
FFCFCA22? 21DF0124             move.l  (A7)+, $124.w                     ; DskRtnAdr
FFCFCA26? 287801E0             movea.l $1e0.w, A4                        ; IWM
FFCFCA2A? 47D4                 lea     (A4), A3
FFCFCA2C? 49EC1E00             lea     ($1e00,A4), A4
FFCFCA30? 177C00F50800         move.b  #$f5, ($800,A3)
FFCFCA36? 4A2B1400             tst.b   ($1400,A3)
FFCFCA3A? 177C00180C00         move.b  #$18, ($c00,A3)
FFCFCA40? 177C00100E00         move.b  #$10, ($e00,A3)
FFCFCA46? 177C00010E00         move.b  #$1, ($e00,A3)
FFCFCA4C? 177C00010C00         move.b  #$1, ($c00,A3)
FFCFCA52? 4E71                 nop
FFCFCA54? 4A2B1400             tst.b   ($1400,A3)
FFCFCA58? 303C4978             move.w  #$4978, D0
FFCFCA5C? C0F80CEA             mulu.w  $cea.w, D0
FFCFCA60? 4840                 swap    D0
FFCFCA62? 08150007             btst    #$7, (A5)
FFCFCA66? 57C8FFFA             dbeq    D0, $ffcfca62
FFCFCA6A? 6606                 bne     $ffcfca72
FFCFCA6C? 1F16                 move.b  (A6), -(A7)
FFCFCA6E? 5540                 subq.w  #2, D0
FFCFCA70? 6AF0                 bpl     $ffcfca62
FFCFCA72? 7009                 moveq   #$9, D0
FFCFCA74? 7200                 moveq   #$0, D1
FFCFCA76? 1681                 move.b  D1, (A3)
FFCFCA78? 1681                 move.b  D1, (A3)
FFCFCA7A? 177C00080E00         move.b  #$8, ($e00,A3)
FFCFCA80? 4E71                 nop
FFCFCA82? 4A15                 tst.b   (A5)
FFCFCA84? 6100E3C2             bsr     $ffcfae48
FFCFCA88? 4A14                 tst.b   (A4)
FFCFCA8A? 6AFC                 bpl     $ffcfca88
FFCFCA8C? 1681                 move.b  D1, (A3)
FFCFCA8E? 4E71                 nop
FFCFCA90? 51C8FFF0             dbra    D0, $ffcfca82
FFCFCA94? 7002                 moveq   #$2, D0
FFCFCA96? 4A15                 tst.b   (A5)
FFCFCA98? 6100E3AE             bsr     $ffcfae48
FFCFCA9C? 4A14                 tst.b   (A4)
FFCFCA9E? 6AFC                 bpl     $ffcfca9c
FFCFCAA0? 175A0200             move.b  (A2)+, ($200,A3)
FFCFCAA4? 4E71                 nop
FFCFCAA6? 51C8FFEE             dbra    D0, $ffcfca96
FFCFCAAA? 4A14                 tst.b   (A4)
FFCFCAAC? 6AFC                 bpl     $ffcfcaaa
FFCFCAAE? 1692                 move.b  (A2), (A3)
FFCFCAB0? 4E71                 nop
FFCFCAB2? 303C01FF             move.w  #$1ff, D0
FFCFCAB6? 4A15                 tst.b   (A5)
FFCFCAB8? 6100E38E             bsr     $ffcfae48
FFCFCABC? 4A14                 tst.b   (A4)
FFCFCABE? 6AFC                 bpl     $ffcfcabc
FFCFCAC0? 1698                 move.b  (A0)+, (A3)
FFCFCAC2? 4E71                 nop
FFCFCAC4? 51C8FFF0             dbra    D0, $ffcfcab6
FFCFCAC8? 4A14                 tst.b   (A4)
FFCFCACA? 6AFC                 bpl     $ffcfcac8
FFCFCACC? 17400400             move.b  D0, ($400,A3)
FFCFCAD0? 4E71                 nop
FFCFCAD2? 7003                 moveq   #$3, D0
FFCFCAD4? 4A15                 tst.b   (A5)
FFCFCAD6? 6100E370             bsr     $ffcfae48
FFCFCADA? 1414                 move.b  (A4), D2
FFCFCADC? 6AFC                 bpl     $ffcfcada
FFCFCADE? 16BC004E             move.b  #$4e, (A3)
FFCFCAE2? 4E71                 nop
FFCFCAE4? 51C8FFEE             dbra    D0, $ffcfcad4
FFCFCAE8? 7000                 moveq   #$0, D0
FFCFCAEA? 08020005             btst    #$5, D2
FFCFCAEE? 6702                 beq     $ffcfcaf2
FFCFCAF0? 70B6                 moveq   #-$4a, D0
FFCFCAF2? 177C00180C00         move.b  #$18, ($c00,A3)
FFCFCAF8? 4E71                 nop
FFCFCAFA? 2F380124             move.l  $124.w, -(A7)                     ; DskRtnAdr
FFCFCAFE? 4A40                 tst.w   D0
FFCFCB00? 4E75                 rts
FFCFCB02? 6100E8EE             bsr     sub_FFCFB3F2
FFCFCB06? 38290016             move.w  ($16,A1), D4
FFCFCB0A? 7A00                 moveq   #$0, D5
FFCFCB0C? 0884000B             bclr    #$b, D4
FFCFCB10? 6714                 beq     $ffcfcb26
FFCFCB12? 7A01                 moveq   #$1, D5
FFCFCB14? 7400                 moveq   #$0, D2
FFCFCB16? 34380D00             move.w  $d00.w, D2
FFCFCB1A? 2002                 move.l  D2, D0
FFCFCB1C? D082                 add.l   D2, D0
FFCFCB1E? D082                 add.l   D2, D0
FFCFCB20? E488                 lsr.l   #2, D0
FFCFCB22? 51C8FFFE             dbra    D0, $ffcfcb22
FFCFCB26? 7408                 moveq   #$8, D2
FFCFCB28? 10311018             move.b  ($18,A1,D1.w), D0
FFCFCB2C? 6A06                 bpl     $ffcfcb34
FFCFCB2E? 7411                 moveq   #$11, D2
FFCFCB30? 08C2001F             bset    #$1f, D2
FFCFCB34? 611E                 bsr     $ffcfcb54
FFCFCB36? 6100F886             bsr     $ffcfc3be
FFCFCB3A? 027CF8FF             andi    #$f8ff, SR
FFCFCB3E? 30380142             move.w  $142.w, D0                        ; DskErr
FFCFCB42? 660E                 bne     $ffcfcb52
FFCFCB44? 6100E8AC             bsr     sub_FFCFB3F2
FFCFCB48? 08E900030016         bset    #$3, ($16,A1)
FFCFCB4E? 67B2                 beq     $ffcfcb02
FFCFCB50? 7000                 moveq   #$0, D0
FFCFCB52? 4E75                 rts
FFCFCB54? 21DF0124             move.l  (A7)+, $124.w                     ; DskRtnAdr
FFCFCB58? 7001                 moveq   #$1, D0
FFCFCB5A? 4A45                 tst.w   D5
FFCFCB5C? 6702                 beq     $ffcfcb60
FFCFCB5E? 7003                 moveq   #$3, D0
FFCFCB60? 6100E8AC             bsr     sub_FFCFB40E
FFCFCB64? 7004                 moveq   #$4, D0
FFCFCB66? 6100EDEA             bsr     $ffcfb952
FFCFCB6A? 287801E0             movea.l $1e0.w, A4                        ; IWM
FFCFCB6E? 47D4                 lea     (A4), A3
FFCFCB70? 49EC1E00             lea     ($1e00,A4), A4
FFCFCB74? 177C00180C00         move.b  #$18, ($c00,A3)
FFCFCB7A? 177C00100E00         move.b  #$10, ($e00,A3)
FFCFCB80? 177C00010E00         move.b  #$1, ($e00,A3)
FFCFCB86? 177C00010C00         move.b  #$1, ($c00,A3)
FFCFCB8C? 4A2B1400             tst.b   ($1400,A3)
FFCFCB90? 724E                 moveq   #$4e, D1
FFCFCB92? 1681                 move.b  D1, (A3)
FFCFCB94? 1681                 move.b  D1, (A3)
FFCFCB96? 177C00080E00         move.b  #$8, ($e00,A3)
FFCFCB9C? 4E71                 nop
FFCFCB9E? 363C34BC             move.w  #$34bc, D3
FFCFCBA2? 4A15                 tst.b   (A5)
FFCFCBA4? 6100E2A2             bsr     $ffcfae48
FFCFCBA8? 1014                 move.b  (A4), D0
FFCFCBAA? 6AFC                 bpl     $ffcfcba8
FFCFCBAC? 1681                 move.b  D1, (A3)
FFCFCBAE? 4E71                 nop
FFCFCBB0? 08000003             btst    #$3, D0
FFCFCBB4? 6708                 beq     $ffcfcbbe
FFCFCBB6? 51CBFFEA             dbra    D3, $ffcfcba2
FFCFCBBA? 600001DA             bra     $ffcfcd96
FFCFCBBE? 4A15                 tst.b   (A5)
FFCFCBC0? 6100E286             bsr     $ffcfae48
FFCFCBC4? 1014                 move.b  (A4), D0
FFCFCBC6? 6AFC                 bpl     $ffcfcbc4
FFCFCBC8? 1681                 move.b  D1, (A3)
FFCFCBCA? 4E71                 nop
FFCFCBCC? 08000003             btst    #$3, D0
FFCFCBD0? 6608                 bne     $ffcfcbda
FFCFCBD2? 51CBFFEA             dbra    D3, $ffcfcbbe
FFCFCBD6? 600001BE             bra     $ffcfcd96
FFCFCBDA? 177C00F50800         move.b  #$f5, ($800,A3)
FFCFCBE0? 4E71                 nop
FFCFCBE2? 704E                 moveq   #$4e, D0
FFCFCBE4? 4A15                 tst.b   (A5)
FFCFCBE6? 6100E260             bsr     $ffcfae48
FFCFCBEA? 4A14                 tst.b   (A4)
FFCFCBEC? 6AFC                 bpl     $ffcfcbea
FFCFCBEE? 1681                 move.b  D1, (A3)
FFCFCBF0? 4E71                 nop
FFCFCBF2? 51C8FFF0             dbra    D0, $ffcfcbe4
FFCFCBF6? 700B                 moveq   #$b, D0
FFCFCBF8? 7200                 moveq   #$0, D1
FFCFCBFA? 4A15                 tst.b   (A5)
FFCFCBFC? 6100E24A             bsr     $ffcfae48
FFCFCC00? 4A14                 tst.b   (A4)
FFCFCC02? 6AFC                 bpl     $ffcfcc00
FFCFCC04? 1681                 move.b  D1, (A3)
FFCFCC06? 4E71                 nop
FFCFCC08? 51C8FFF0             dbra    D0, $ffcfcbfa
FFCFCC0C? 7002                 moveq   #$2, D0
FFCFCC0E? 4A15                 tst.b   (A5)
FFCFCC10? 6100E236             bsr     $ffcfae48
FFCFCC14? 4A14                 tst.b   (A4)
FFCFCC16? 6AFC                 bpl     $ffcfcc14
FFCFCC18? 177C00C20200         move.b  #$c2, ($200,A3)
FFCFCC1E? 4E71                 nop
FFCFCC20? 51C8FFEC             dbra    D0, $ffcfcc0e
FFCFCC24? 4A14                 tst.b   (A4)
FFCFCC26? 6AFC                 bpl     $ffcfcc24
FFCFCC28? 16BC00FC             move.b  #$fc, (A3)
FFCFCC2C? 4E71                 nop
FFCFCC2E? 7031                 moveq   #$31, D0
FFCFCC30? 4A15                 tst.b   (A5)
FFCFCC32? 6100E214             bsr     $ffcfae48
FFCFCC36? 4A14                 tst.b   (A4)
FFCFCC38? 6AFC                 bpl     $ffcfcc36
FFCFCC3A? 16BC004E             move.b  #$4e, (A3)
FFCFCC3E? 4E71                 nop
FFCFCC40? 51C8FFEE             dbra    D0, $ffcfcc30
FFCFCC44? 7C01                 moveq   #$1, D6
FFCFCC46? 601C                 bra     $ffcfcc64
FFCFCC48? 704F                 moveq   #$4f, D0
FFCFCC4A? 4A82                 tst.l   D2
FFCFCC4C? 6A02                 bpl     $ffcfcc50
FFCFCC4E? 7064                 moveq   #$64, D0
FFCFCC50? 4A15                 tst.b   (A5)
FFCFCC52? 6100E1F4             bsr     $ffcfae48
FFCFCC56? 4A14                 tst.b   (A4)
FFCFCC58? 6AFC                 bpl     $ffcfcc56
FFCFCC5A? 16BC004E             move.b  #$4e, (A3)
FFCFCC5E? 4E71                 nop
FFCFCC60? 51C8FFEE             dbra    D0, $ffcfcc50
FFCFCC64? 700B                 moveq   #$b, D0
FFCFCC66? 7200                 moveq   #$0, D1
FFCFCC68? 4A15                 tst.b   (A5)
FFCFCC6A? 6100E1DC             bsr     $ffcfae48
FFCFCC6E? 4A14                 tst.b   (A4)
FFCFCC70? 6AFC                 bpl     $ffcfcc6e
FFCFCC72? 1681                 move.b  D1, (A3)
FFCFCC74? 4E71                 nop
FFCFCC76? 51C8FFF0             dbra    D0, $ffcfcc68
FFCFCC7A? 7002                 moveq   #$2, D0
FFCFCC7C? 4A15                 tst.b   (A5)
FFCFCC7E? 6100E1C8             bsr     $ffcfae48
FFCFCC82? 4A14                 tst.b   (A4)
FFCFCC84? 6AFC                 bpl     $ffcfcc82
FFCFCC86? 177C00A10200         move.b  #$a1, ($200,A3)
FFCFCC8C? 4E71                 nop
FFCFCC8E? 51C8FFEC             dbra    D0, $ffcfcc7c
FFCFCC92? 4A14                 tst.b   (A4)
FFCFCC94? 6AFC                 bpl     $ffcfcc92
FFCFCC96? 16BC00FE             move.b  #$fe, (A3)
FFCFCC9A? 4E71                 nop
FFCFCC9C? 4A15                 tst.b   (A5)
FFCFCC9E? 6100E1A8             bsr     $ffcfae48
FFCFCCA2? 4A14                 tst.b   (A4)
FFCFCCA4? 6AFC                 bpl     $ffcfcca2
FFCFCCA6? 1684                 move.b  D4, (A3)
FFCFCCA8? 4E71                 nop
FFCFCCAA? 4A15                 tst.b   (A5)
FFCFCCAC? 6100E19A             bsr     $ffcfae48
FFCFCCB0? 4A14                 tst.b   (A4)
FFCFCCB2? 6AFC                 bpl     $ffcfccb0
FFCFCCB4? 1685                 move.b  D5, (A3)
FFCFCCB6? 4E71                 nop
FFCFCCB8? 4A15                 tst.b   (A5)
FFCFCCBA? 6100E18C             bsr     $ffcfae48
FFCFCCBE? 4A14                 tst.b   (A4)
FFCFCCC0? 6AFC                 bpl     $ffcfccbe
FFCFCCC2? 1686                 move.b  D6, (A3)
FFCFCCC4? 4E71                 nop
FFCFCCC6? 4A15                 tst.b   (A5)
FFCFCCC8? 6100E17E             bsr     $ffcfae48
FFCFCCCC? 4A14                 tst.b   (A4)
FFCFCCCE? 6AFC                 bpl     $ffcfcccc
FFCFCCD0? 16BC0002             move.b  #$2, (A3)
FFCFCCD4? 4E71                 nop
FFCFCCD6? 4A15                 tst.b   (A5)
FFCFCCD8? 6100E16E             bsr     $ffcfae48
FFCFCCDC? 4A14                 tst.b   (A4)
FFCFCCDE? 6AFC                 bpl     $ffcfccdc
FFCFCCE0? 17400400             move.b  D0, ($400,A3)
FFCFCCE4? 4E71                 nop
FFCFCCE6? 7015                 moveq   #$15, D0
FFCFCCE8? 4A15                 tst.b   (A5)
FFCFCCEA? 6100E15C             bsr     $ffcfae48
FFCFCCEE? 4A14                 tst.b   (A4)
FFCFCCF0? 6AFC                 bpl     $ffcfccee
FFCFCCF2? 16BC004E             move.b  #$4e, (A3)
FFCFCCF6? 4E71                 nop
FFCFCCF8? 51C8FFEE             dbra    D0, $ffcfcce8
FFCFCCFC? 700B                 moveq   #$b, D0
FFCFCCFE? 7200                 moveq   #$0, D1
FFCFCD00? 4A15                 tst.b   (A5)
FFCFCD02? 6100E144             bsr     $ffcfae48
FFCFCD06? 4A14                 tst.b   (A4)
FFCFCD08? 6AFC                 bpl     $ffcfcd06
FFCFCD0A? 1681                 move.b  D1, (A3)
FFCFCD0C? 4E71                 nop
FFCFCD0E? 51C8FFF0             dbra    D0, $ffcfcd00
FFCFCD12? 7002                 moveq   #$2, D0
FFCFCD14? 4A15                 tst.b   (A5)
FFCFCD16? 6100E130             bsr     $ffcfae48
FFCFCD1A? 4A14                 tst.b   (A4)
FFCFCD1C? 6AFC                 bpl     $ffcfcd1a
FFCFCD1E? 177C00A10200         move.b  #$a1, ($200,A3)
FFCFCD24? 4E71                 nop
FFCFCD26? 51C8FFEC             dbra    D0, $ffcfcd14
FFCFCD2A? 4A14                 tst.b   (A4)
FFCFCD2C? 6AFC                 bpl     $ffcfcd2a
FFCFCD2E? 16BC00FB             move.b  #$fb, (A3)
FFCFCD32? 4E71                 nop
FFCFCD34? 303C01FF             move.w  #$1ff, D0
FFCFCD38? 4A15                 tst.b   (A5)
FFCFCD3A? 6100E10C             bsr     $ffcfae48
FFCFCD3E? 4A14                 tst.b   (A4)
FFCFCD40? 6AFC                 bpl     $ffcfcd3e
FFCFCD42? 16BC00F6             move.b  #$f6, (A3)
FFCFCD46? 4E71                 nop
FFCFCD48? 51C8FFEE             dbra    D0, $ffcfcd38
FFCFCD4C? 4A14                 tst.b   (A4)
FFCFCD4E? 6AFC                 bpl     $ffcfcd4c
FFCFCD50? 17400400             move.b  D0, ($400,A3)
FFCFCD54? 4E71                 nop
FFCFCD56? 5246                 addq.w  #1, D6
FFCFCD58? 51CAFEEE             dbra    D2, $ffcfcc48
FFCFCD5C? 7004                 moveq   #$4, D0
FFCFCD5E? 724E                 moveq   #$4e, D1
FFCFCD60? 363C03E8             move.w  #$3e8, D3
FFCFCD64? 4A45                 tst.w   D5
FFCFCD66? 660C                 bne     $ffcfcd74
FFCFCD68? 7604                 moveq   #$4, D3
FFCFCD6A? 6008                 bra     $ffcfcd74
FFCFCD6C? 177C00F40800         move.b  #$f4, ($800,A3)
FFCFCD72? 4E71                 nop
FFCFCD74? 4A15                 tst.b   (A5)
FFCFCD76? 6100E0D0             bsr     $ffcfae48
FFCFCD7A? 1414                 move.b  (A4), D2
FFCFCD7C? 6AFC                 bpl     $ffcfcd7a
FFCFCD7E? 1681                 move.b  D1, (A3)
FFCFCD80? 4E71                 nop
FFCFCD82? 5340                 subq.w  #1, D0
FFCFCD84? 6E08                 bgt     $ffcfcd8e
FFCFCD86? 67E4                 beq     $ffcfcd6c
FFCFCD88? 08020003             btst    #$3, D2
FFCFCD8C? 660C                 bne     $ffcfcd9a
FFCFCD8E? 51CBFFE4             dbra    D3, $ffcfcd74
FFCFCD92? 4A45                 tst.w   D5
FFCFCD94? 6704                 beq     $ffcfcd9a
FFCFCD96? 70AD                 moveq   #-$53, D0
FFCFCD98? 600A                 bra     $ffcfcda4
FFCFCD9A? 7000                 moveq   #$0, D0
FFCFCD9C? 08020005             btst    #$5, D2
FFCFCDA0? 6702                 beq     $ffcfcda4
FFCFCDA2? 70B6                 moveq   #-$4a, D0
FFCFCDA4? 177C00180C00         move.b  #$18, ($c00,A3)
FFCFCDAA? 4E71                 nop
FFCFCDAC? 2F380124             move.l  $124.w, -(A7)                     ; DskRtnAdr
FFCFCDB0? 4A40                 tst.w   D0
FFCFCDB2? 4E75                 rts
FFCFCDB4? 48E73F00             movem.l D2-D7, -(A7)
FFCFCDB8? 007C0700             ori     #$700, SR
FFCFCDBC? 33460016             move.w  D6, ($16,A1)
FFCFCDC0? 7E24                 moveq   #$24, D7
FFCFCDC2? 2C3C000003FE         move.l  #$3fe, D6
FFCFCDC8? 4A311018             tst.b   ($18,A1,D1.w)
FFCFCDCC? 6A08                 bpl     $ffcfcdd6
FFCFCDCE? 7E48                 moveq   #$48, D7
FFCFCDD0? 2C3C0007FFFE         move.l  #$7fffe, D6
FFCFCDD6? 6100EBAE             bsr     $ffcfb986
FFCFCDDA? 661C                 bne     $ffcfcdf8
FFCFCDDC? 0506                 btst    D2, D6
FFCFCDDE? 6718                 beq     $ffcfcdf8
FFCFCDE0? B2690016             cmp.w   ($16,A1), D1
FFCFCDE4? 6612                 bne     $ffcfcdf8
FFCFCDE6? 3602                 move.w  D2, D3
FFCFCDE8? 2069001C             movea.l ($1c,A1), A0
FFCFCDEC? 4238012C             clr.b   $12c.w                            ; DskVerify
FFCFCDF0? 6100FB06             bsr     $ffcfc8f8
FFCFCDF4? 6602                 bne     $ffcfcdf8
FFCFCDF6? 0786                 bclr    D3, D6
FFCFCDF8? 6100F5C4             bsr     $ffcfc3be
FFCFCDFC? 4A86                 tst.l   D6
FFCFCDFE? 57CFFFD6             dbeq    D7, $ffcfcdd6
FFCFCE02? 6704                 beq     $ffcfce08
FFCFCE04? 70AC                 moveq   #-$54, D0
FFCFCE06? 6008                 bra     $ffcfce10
FFCFCE08? 08E900030016         bset    #$3, ($16,A1)
FFCFCE0E? 67B0                 beq     $ffcfcdc0
FFCFCE10? 027CF8FF             andi    #$f8ff, SR
FFCFCE14? 4CDF00FC             movem.l (A7)+, D2-D7
FFCFCE18? 4A40                 tst.w   D0
FFCFCE1A? 4E75                 rts
FFCFCE1C? 7603                 moveq   #$3, D3
FFCFCE1E? 343C023F             move.w  #$23f, D2
FFCFCE22? 7A00                 moveq   #$0, D5
FFCFCE24? 287801E0             movea.l $1e0.w, A4                        ; IWM
FFCFCE28? 49EC1000             lea     ($1000,A4), A4
FFCFCE2C? 4A2C0400             tst.b   ($400,A4)
FFCFCE30? 197C0018FC00         move.b  #$18, (-$400,A4)
FFCFCE36? 197C0001FE00         move.b  #$1, (-$200,A4)
FFCFCE3C? 197C0001FC00         move.b  #$1, (-$400,A4)
FFCFCE42? 4A2C0400             tst.b   ($400,A4)
FFCFCE46? 197C0008FE00         move.b  #$8, (-$200,A4)
FFCFCE4C? 21DF0124             move.l  (A7)+, $124.w                     ; DskRtnAdr
FFCFCE50? 4A15                 tst.b   (A5)
FFCFCE52? 6100DFF4             bsr     $ffcfae48
FFCFCE56? 4A2C0E00             tst.b   ($e00,A4)
FFCFCE5A? 51CA0008             dbra    D2, $ffcfce64
FFCFCE5E? 70BE                 moveq   #-$42, D0
FFCFCE60? 600000C4             bra     $ffcfcf26
FFCFCE64? 6AEA                 bpl     $ffcfce50
FFCFCE66? 1A14                 move.b  (A4), D5
FFCFCE68? 5343                 subq.w  #1, D3
FFCFCE6A? 66E4                 bne     $ffcfce50
FFCFCE6C? 303C05DC             move.w  #$5dc, D0
FFCFCE70? 4A311013             tst.b   ($13,A1,D1.w)
FFCFCE74? 6704                 beq     $ffcfce7a
FFCFCE76? 303C05BC             move.w  #$5bc, D0
FFCFCE7A? 47FAED70             lea     ($ffcfbbec,PC), A3
FFCFCE7E? 204A                 movea.l A2, A0
FFCFCE80? 7203                 moveq   #$3, D1
FFCFCE82? 4A2C0E00             tst.b   ($e00,A4)
FFCFCE86? 6AFA                 bpl     $ffcfce82
FFCFCE88? 1A14                 move.b  (A4), D5
FFCFCE8A? 4A15                 tst.b   (A5)
FFCFCE8C? 6100DFBA             bsr     $ffcfae48
FFCFCE90? 51C80008             dbra    D0, $ffcfce9a
FFCFCE94? 70BD                 moveq   #-$43, D0
FFCFCE96? 6000008E             bra     $ffcfcf26
FFCFCE9A? BA18                 cmp.b   (A0)+, D5
FFCFCE9C? 66E0                 bne     $ffcfce7e
FFCFCE9E? 5341                 subq.w  #1, D1
FFCFCEA0? 66E0                 bne     $ffcfce82
FFCFCEA2? 4A15                 tst.b   (A5)
FFCFCEA4? 6100DFA2             bsr     $ffcfae48
FFCFCEA8? 4A2C0E00             tst.b   ($e00,A4)
FFCFCEAC? 6AFA                 bpl     $ffcfcea8
FFCFCEAE? 1A14                 move.b  (A4), D5
FFCFCEB0? 12335000             move.b  (A3,D5.w), D1
FFCFCEB4? 1801                 move.b  D1, D4
FFCFCEB6? EC59                 ror.w   #6, D1
FFCFCEB8? 4A15                 tst.b   (A5)
FFCFCEBA? 6100DF8C             bsr     $ffcfae48
FFCFCEBE? 4A2C0E00             tst.b   ($e00,A4)
FFCFCEC2? 6AFA                 bpl     $ffcfcebe
FFCFCEC4? 1A14                 move.b  (A4), D5
FFCFCEC6? 7400                 moveq   #$0, D2
FFCFCEC8? 14335000             move.b  (A3,D5.w), D2
FFCFCECC? B504                 eor.b   D2, D4
FFCFCECE? 4A15                 tst.b   (A5)
FFCFCED0? 6100DF76             bsr     $ffcfae48
FFCFCED4? 4A2C0E00             tst.b   ($e00,A4)
FFCFCED8? 6AFA                 bpl     $ffcfced4
FFCFCEDA? 1A14                 move.b  (A4), D5
FFCFCEDC? 12335000             move.b  (A3,D5.w), D1
FFCFCEE0? B304                 eor.b   D1, D4
FFCFCEE2? ED59                 rol.w   #6, D1
FFCFCEE4? 4A15                 tst.b   (A5)
FFCFCEE6? 6100DF60             bsr     $ffcfae48
FFCFCEEA? 4A2C0E00             tst.b   ($e00,A4)
FFCFCEEE? 6AFA                 bpl     $ffcfceea
FFCFCEF0? 1A14                 move.b  (A4), D5
FFCFCEF2? 16335000             move.b  (A3,D5.w), D3
FFCFCEF6? B704                 eor.b   D3, D4
FFCFCEF8? 4A15                 tst.b   (A5)
FFCFCEFA? 6100DF4C             bsr     $ffcfae48
FFCFCEFE? 4A2C0E00             tst.b   ($e00,A4)
FFCFCF02? 6AFA                 bpl     $ffcfcefe
FFCFCF04? 1A14                 move.b  (A4), D5
FFCFCF06? 1A335000             move.b  (A3,D5.w), D5
FFCFCF0A? BB04                 eor.b   D5, D4
FFCFCF0C? 6622                 bne     $ffcfcf30
FFCFCF0E? 7801                 moveq   #$1, D4
FFCFCF10? 4A15                 tst.b   (A5)
FFCFCF12? 6100DF34             bsr     $ffcfae48
FFCFCF16? 4A2C0E00             tst.b   ($e00,A4)
FFCFCF1A? 6AFA                 bpl     $ffcfcf16
FFCFCF1C? 1A14                 move.b  (A4), D5
FFCFCF1E? BA18                 cmp.b   (A0)+, D5
FFCFCF20? 6612                 bne     $ffcfcf34
FFCFCF22? 51CCFFEC             dbra    D4, $ffcfcf10
FFCFCF26? 197C0018FC00         move.b  #$18, (-$400,A4)
FFCFCF2C? 6000E870             bra     $ffcfb79e
FFCFCF30d 70BB60F270BA60EE     dc.b    $70,$BB,$60,$F2,$70,$BA,$60,$EE   ; |p.`.p.`.|
FFCFCF38? 21DF0124             move.l  (A7)+, $124.w                     ; DskRtnAdr
FFCFCF3C? 7430                 moveq   #$30, D2
FFCFCF3E? 7600                 moveq   #$0, D3
FFCFCF40? 70C0                 moveq   #-$40, D0
FFCFCF42? 283C01FE000A         move.l  #$1fe000a, D4
FFCFCF48? 7A00                 moveq   #$0, D5
FFCFCF4A? 7C00                 moveq   #$0, D6
FFCFCF4C? 7E00                 moveq   #$0, D7
FFCFCF4E? 4A2C0400             tst.b   ($400,A4)
FFCFCF52? 197C0008FE00         move.b  #$8, (-$200,A4)
FFCFCF58? 2449                 movea.l A1, A2
FFCFCF5A? 7203                 moveq   #$3, D1
FFCFCF5C? 4A2C0E00             tst.b   ($e00,A4)
FFCFCF60? 6AFA                 bpl     $ffcfcf5c
FFCFCF62? 1614                 move.b  (A4), D3
FFCFCF64? 4A15                 tst.b   (A5)
FFCFCF66? 6100DEE0             bsr     $ffcfae48
FFCFCF6A? 51CA0006             dbra    D2, $ffcfcf72
FFCFCF6E? 70B9                 moveq   #-$47, D0
FFCFCF70? 60B4                 bra     $ffcfcf26
FFCFCF72? B61A                 cmp.b   (A2)+, D3
FFCFCF74? 66E2                 bne     $ffcfcf58
FFCFCF76? 5341                 subq.w  #1, D1
FFCFCF78? 66E2                 bne     $ffcfcf5c
FFCFCF7A? 4A2C0E00             tst.b   ($e00,A4)
FFCFCF7E? 6AFA                 bpl     $ffcfcf7a
FFCFCF80? 1614                 move.b  (A4), D3
FFCFCF82? 43F802FB             lea     $2fb.w, A1
FFCFCF86? 12F33000             move.b  (A3,D3.w), (A1)+
FFCFCF8A? 4A15                 tst.b   (A5)
FFCFCF8C? 6100DEBA             bsr     $ffcfae48
FFCFCF90? 4A2C0E00             tst.b   ($e00,A4)
FFCFCF94? 6AF4                 bpl     $ffcfcf8a
FFCFCF96? 1614                 move.b  (A4), D3
FFCFCF98? 12333000             move.b  (A3,D3.w), D1
FFCFCF9C? E519                 rol.b   #2, D1
FFCFCF9E? 1401                 move.b  D1, D2
FFCFCFA0? C400                 and.b   D0, D2
FFCFCFA2? 4A2C0E00             tst.b   ($e00,A4)
FFCFCFA6? 6AFA                 bpl     $ffcfcfa2
FFCFCFA8? 1614                 move.b  (A4), D3
FFCFCFAA? 84333000             or.b    (A3,D3.w), D2
FFCFCFAE? 1607                 move.b  D7, D3
FFCFCFB0? D607                 add.b   D7, D3
FFCFCFB2? E31F                 rol.b   #1, D7
FFCFCFB4? BF02                 eor.b   D7, D2
FFCFCFB6? 12C2                 move.b  D2, (A1)+
FFCFCFB8? DB02                 addx.b  D2, D5
FFCFCFBA? E519                 rol.b   #2, D1
FFCFCFBC? 1401                 move.b  D1, D2
FFCFCFBE? C400                 and.b   D0, D2
FFCFCFC0? 4A2C0E00             tst.b   ($e00,A4)
FFCFCFC4? 6AFA                 bpl     $ffcfcfc0
FFCFCFC6? 1614                 move.b  (A4), D3
FFCFCFC8? 84333000             or.b    (A3,D3.w), D2
FFCFCFCC? BB02                 eor.b   D5, D2
FFCFCFCE? 12C2                 move.b  D2, (A1)+
FFCFCFD0? DD02                 addx.b  D2, D6
FFCFCFD2? E519                 rol.b   #2, D1
FFCFCFD4? C200                 and.b   D0, D1
FFCFCFD6? 4A15                 tst.b   (A5)
FFCFCFD8? 6100DE6E             bsr     $ffcfae48
FFCFCFDC? 4A2C0E00             tst.b   ($e00,A4)
FFCFCFE0? 6AFA                 bpl     $ffcfcfdc
FFCFCFE2? 1614                 move.b  (A4), D3
FFCFCFE4? 82333000             or.b    (A3,D3.w), D1
FFCFCFE8? BD01                 eor.b   D6, D1
FFCFCFEA? 12C1                 move.b  D1, (A1)+
FFCFCFEC? DF01                 addx.b  D1, D7
FFCFCFEE? 5744                 subq.w  #3, D4
FFCFCFF0? 6A98                 bpl     $ffcfcf8a
FFCFCFF2? 4844                 swap    D4
FFCFCFF4? 4A38012C             tst.b   $12c.w                            ; DskVerify
FFCFCFF8? 6708                 beq     $ffcfd002
FFCFCFFA? 6074                 bra     $ffcfd070
FFCFCFFC? 4A15                 tst.b   (A5)
FFCFCFFE? 6100DE48             bsr     $ffcfae48
FFCFD002? 4A2C0E00             tst.b   ($e00,A4)
FFCFD006? 6AF4                 bpl     $ffcfcffc
FFCFD008? 1614                 move.b  (A4), D3
FFCFD00A? 12333000             move.b  (A3,D3.w), D1
FFCFD00E? E519                 rol.b   #2, D1
FFCFD010? 1401                 move.b  D1, D2
FFCFD012? C400                 and.b   D0, D2
FFCFD014? 4A2C0E00             tst.b   ($e00,A4)
FFCFD018? 6AFA                 bpl     $ffcfd014
FFCFD01A? 1614                 move.b  (A4), D3
FFCFD01C? 84333000             or.b    (A3,D3.w), D2
FFCFD020? 1607                 move.b  D7, D3
FFCFD022? D607                 add.b   D7, D3
FFCFD024? E31F                 rol.b   #1, D7
FFCFD026? BF02                 eor.b   D7, D2
FFCFD028? 10C2                 move.b  D2, (A0)+
FFCFD02A? DB02                 addx.b  D2, D5
FFCFD02C? E519                 rol.b   #2, D1
FFCFD02E? 1401                 move.b  D1, D2
FFCFD030? C400                 and.b   D0, D2
FFCFD032? 4A2C0E00             tst.b   ($e00,A4)
FFCFD036? 6AFA                 bpl     $ffcfd032
FFCFD038? 1614                 move.b  (A4), D3
FFCFD03A? 84333000             or.b    (A3,D3.w), D2
FFCFD03E? BB02                 eor.b   D5, D2
FFCFD040? 10C2                 move.b  D2, (A0)+
FFCFD042? DD02                 addx.b  D2, D6
FFCFD044? 4A44                 tst.w   D4
FFCFD046? 67000096             beq     $ffcfd0de
FFCFD04A? E519                 rol.b   #2, D1
FFCFD04C? C200                 and.b   D0, D1
FFCFD04E? 4A15                 tst.b   (A5)
FFCFD050? 6100DDF6             bsr     $ffcfae48
FFCFD054? 4A2C0E00             tst.b   ($e00,A4)
FFCFD058? 6AFA                 bpl     $ffcfd054
FFCFD05A? 1614                 move.b  (A4), D3
FFCFD05C? 82333000             or.b    (A3,D3.w), D1
FFCFD060? BD01                 eor.b   D6, D1
FFCFD062? 10C1                 move.b  D1, (A0)+
FFCFD064? DF01                 addx.b  D1, D7
FFCFD066? 5744                 subq.w  #3, D4
FFCFD068? 6092                 bra     $ffcfcffc
FFCFD06A? 4A15                 tst.b   (A5)
FFCFD06C? 6100DDDA             bsr     $ffcfae48
FFCFD070? 4A2C0E00             tst.b   ($e00,A4)
FFCFD074? 6AF4                 bpl     $ffcfd06a
FFCFD076? 1614                 move.b  (A4), D3
FFCFD078? 12333000             move.b  (A3,D3.w), D1
FFCFD07C? E519                 rol.b   #2, D1
FFCFD07E? 1401                 move.b  D1, D2
FFCFD080? C400                 and.b   D0, D2
FFCFD082? 4A2C0E00             tst.b   ($e00,A4)
FFCFD086? 6AFA                 bpl     $ffcfd082
FFCFD088? 1614                 move.b  (A4), D3
FFCFD08A? 84333000             or.b    (A3,D3.w), D2
FFCFD08E? 1607                 move.b  D7, D3
FFCFD090? D607                 add.b   D7, D3
FFCFD092? E31F                 rol.b   #1, D7
FFCFD094? BF02                 eor.b   D7, D2
FFCFD096? B418                 cmp.b   (A0)+, D2
FFCFD098? 663C                 bne     $ffcfd0d6
FFCFD09A? DB02                 addx.b  D2, D5
FFCFD09C? E519                 rol.b   #2, D1
FFCFD09E? 1401                 move.b  D1, D2
FFCFD0A0? C400                 and.b   D0, D2
FFCFD0A2? 4A2C0E00             tst.b   ($e00,A4)
FFCFD0A6? 6AFA                 bpl     $ffcfd0a2
FFCFD0A8? 1614                 move.b  (A4), D3
FFCFD0AA? 84333000             or.b    (A3,D3.w), D2
FFCFD0AE? BB02                 eor.b   D5, D2
FFCFD0B0? B418                 cmp.b   (A0)+, D2
FFCFD0B2? 66000094             bne     $ffcfd148
FFCFD0B6? DD02                 addx.b  D2, D6
FFCFD0B8? 4A44                 tst.w   D4
FFCFD0BA? 6722                 beq     $ffcfd0de
FFCFD0BC? E519                 rol.b   #2, D1
FFCFD0BE? C200                 and.b   D0, D1
FFCFD0C0? 4A15                 tst.b   (A5)
FFCFD0C2? 6100DD84             bsr     $ffcfae48
FFCFD0C6? 4A2C0E00             tst.b   ($e00,A4)
FFCFD0CA? 6AFA                 bpl     $ffcfd0c6
FFCFD0CC? 1614                 move.b  (A4), D3
FFCFD0CE? 82333000             or.b    (A3,D3.w), D1
FFCFD0D2? BD01                 eor.b   D6, D1
FFCFD0D4? B218                 cmp.b   (A0)+, D1
FFCFD0D6? 6670                 bne     $ffcfd148
FFCFD0D8? DF01                 addx.b  D1, D7
FFCFD0DA? 5744                 subq.w  #3, D4
FFCFD0DC? 608C                 bra     $ffcfd06a
FFCFD0DE? 4A15                 tst.b   (A5)
FFCFD0E0? 6100DD66             bsr     $ffcfae48
FFCFD0E4? 4A2C0E00             tst.b   ($e00,A4)
FFCFD0E8? 6AFA                 bpl     $ffcfd0e4
FFCFD0EA? 1614                 move.b  (A4), D3
FFCFD0EC? 12333000             move.b  (A3,D3.w), D1
FFCFD0F0? 6B52                 bmi     $ffcfd144
FFCFD0F2? E519                 rol.b   #2, D1
FFCFD0F4? 1401                 move.b  D1, D2
FFCFD0F6? C400                 and.b   D0, D2
FFCFD0F8? 4A2C0E00             tst.b   ($e00,A4)
FFCFD0FC? 6AFA                 bpl     $ffcfd0f8
FFCFD0FE? 1614                 move.b  (A4), D3
FFCFD100? 16333000             move.b  (A3,D3.w), D3
FFCFD104? 6B3E                 bmi     $ffcfd144
FFCFD106? 8403                 or.b    D3, D2
FFCFD108? BA02                 cmp.b   D2, D5
FFCFD10A? 6638                 bne     $ffcfd144
FFCFD10C? E519                 rol.b   #2, D1
FFCFD10E? 1401                 move.b  D1, D2
FFCFD110? C400                 and.b   D0, D2
FFCFD112? 4A2C0E00             tst.b   ($e00,A4)
FFCFD116? 6AFA                 bpl     $ffcfd112
FFCFD118? 1614                 move.b  (A4), D3
FFCFD11A? 16333000             move.b  (A3,D3.w), D3
FFCFD11E? 6B24                 bmi     $ffcfd144
FFCFD120? 8403                 or.b    D3, D2
FFCFD122? BC02                 cmp.b   D2, D6
FFCFD124? 661E                 bne     $ffcfd144
FFCFD126? E519                 rol.b   #2, D1
FFCFD128? C200                 and.b   D0, D1
FFCFD12A? 4A15                 tst.b   (A5)
FFCFD12C? 6100DD1A             bsr     $ffcfae48
FFCFD130? 4A2C0E00             tst.b   ($e00,A4)
FFCFD134? 6AFA                 bpl     $ffcfd130
FFCFD136? 1614                 move.b  (A4), D3
FFCFD138? 16333000             move.b  (A3,D3.w), D3
FFCFD13C? 6B06                 bmi     $ffcfd144
FFCFD13E? 8203                 or.b    D3, D1
FFCFD140? BE01                 cmp.b   D1, D7
FFCFD142? 6708                 beq     $ffcfd14c
FFCFD144? 70B8                 moveq   #-$48, D0
FFCFD146? 601E                 bra     $ffcfd166
FFCFD148d 70BC601A             dc.b    $70,$BC,$60,$1A                   ; |p.`.|
FFCFD14C? 7801                 moveq   #$1, D4
FFCFD14E? 4A2C0E00             tst.b   ($e00,A4)
FFCFD152? 6AFA                 bpl     $ffcfd14e
FFCFD154? 1614                 move.b  (A4), D3
FFCFD156? 4A15                 tst.b   (A5)
FFCFD158? 6100DCEE             bsr     $ffcfae48
FFCFD15C? B61A                 cmp.b   (A2)+, D3
FFCFD15E? 6610                 bne     $ffcfd170
FFCFD160? 51CCFFEC             dbra    D4, $ffcfd14e
FFCFD164? 7000                 moveq   #$0, D0
FFCFD166? 197C0018FC00         move.b  #$18, (-$400,A4)
FFCFD16C? 6000E630             bra     $ffcfb79e
FFCFD170d 70B760F2             dc.b    $70,$B7,$60,$F2                   ; |p.`.|

sub_FFCFD174:
FFCFD174  48E7F038             movem.l D0-D3/A2-A4, -(A7)
FFCFD178  287801E0             movea.l $1e0.w, A4                        ; IWM
FFCFD17C  247801D4             movea.l $1d4.w, A2                        ; VIA
FFCFD180  47D4                 lea     (A4), A3
FFCFD182  49EC1E00             lea     ($1e00,A4), A4
FFCFD186  177C00200A00         move.b  #$20, ($a00,A3)
FFCFD18C  177C00860C00         move.b  #$86, ($c00,A3)
FFCFD192  177C00180C00         move.b  #$18, ($c00,A3)
FFCFD198  177C00100E00         move.b  #$10, ($e00,A3)
FFCFD19E  177C00010E00         move.b  #$1, ($e00,A3)
FFCFD1A4  177C00010C00         move.b  #$1, ($c00,A3)
FFCFD1AA  4A2B1400             tst.b   ($1400,A3)
FFCFD1AE  7014                 moveq   #$14, D0
FFCFD1B0  1680                 move.b  D0, (A3)
FFCFD1B2  1680                 move.b  D0, (A3)
FFCFD1B4  122A1200             move.b  ($1200,A2), D1
FFCFD1B8  162A1000             move.b  ($1000,A2), D3
FFCFD1BC  B22A1200             cmp.b   ($1200,A2), D1
FFCFD1C0  6702                 beq     loc_FFCFD1C4
FFCFD1C2  7600                 moveq   #$0, D3
loc_FFCFD1C4:
FFCFD1C4  E149                 lsl.w   #8, D1
FFCFD1C6  1203                 move.b  D3, D1
FFCFD1C8  177C00080E00         move.b  #$8, ($e00,A3)
loc_FFCFD1CE:
FFCFD1CE  4A14                 tst.b   (A4)
FFCFD1D0  6AFC                 bpl     loc_FFCFD1CE
FFCFD1D2  1680                 move.b  D0, (A3)
FFCFD1D4  51C8FFF8             dbra    D0, loc_FFCFD1CE
FFCFD1D8  177C00180C00         move.b  #$18, ($c00,A3)
FFCFD1DE  142A1200             move.b  ($1200,A2), D2
FFCFD1E2  162A1000             move.b  ($1000,A2), D3
FFCFD1E6  B42A1200             cmp.b   ($1200,A2), D2
FFCFD1EA  6702                 beq     loc_FFCFD1EE
FFCFD1EC  7600                 moveq   #$0, D3
loc_FFCFD1EE:
FFCFD1EE  E14A                 lsl.w   #8, D2
FFCFD1F0  1403                 move.b  D3, D2
FFCFD1F2  156A12001200         move.b  ($1200,A2), ($1200,A2)
FFCFD1F8  42290158             clr.b   ($158,A1)
FFCFD1FC  9242                 sub.w   D2, D1
FFCFD1FE  6B08                 bmi     loc_FFCFD208
FFCFD200  0C4100BB             cmpi.w  #$bb, D1
FFCFD204  5DE90158             slt     ($158,A1)
loc_FFCFD208:
FFCFD208  4CDF1C0F             movem.l (A7)+, D0-D3/A2-A4
FFCFD20C  4E75                 rts
FFCFD20E? 30BC0410             move.w  #$410, (A0)
FFCFD212? 7000                 moveq   #$0, D0
FFCFD214? 6000D59C             bra     loc_FFCFA7B2
FFCFD218? 10A90156             move.b  ($156,A1), (A0)
FFCFD21C? 7000                 moveq   #$0, D0
FFCFD21E? 6000D592             bra     loc_FFCFA7B2
FFCFD222? 6600D58E             bne     loc_FFCFA7B2
FFCFD226? 9EFC0200             suba.w  #$200, A7
FFCFD22A? 234F001C             move.l  A7, ($1c,A1)
FFCFD22E? 083800000B22         btst    #$0, $b22.w
FFCFD234? 6704                 beq     $ffcfd23a
FFCFD236? 6100D872             bsr     sub_FFCFAAAA
FFCFD23A? 41E8001E             lea     ($1e,A0), A0
FFCFD23E? 23480152             move.l  A0, ($152,A1)
FFCFD242? 3820                 move.w  -(A0), D4
FFCFD244? 672C                 beq     $ffcfd272
FFCFD246? 7602                 moveq   #$2, D3
FFCFD248? 10290140             move.b  ($140,A1), D0
FFCFD24C? C0311016             and.b   ($16,A1,D1.w), D0
FFCFD250? 6A0A                 bpl     $ffcfd25c
FFCFD252? 7603                 moveq   #$3, D3
FFCFD254? 4A311018             tst.b   ($18,A1,D1.w)
FFCFD258? 6A02                 bpl     $ffcfd25c
FFCFD25A? 7601                 moveq   #$1, D3
FFCFD25C? 70CE                 moveq   #-$32, D0
FFCFD25E? B843                 cmp.w   D3, D4
FFCFD260? 620000B2             bhi     $ffcfd314
FFCFD264? 0C440003             cmpi.w  #$3, D4
FFCFD268? 57C0                 seq     D0
FFCFD26A? 80311018             or.b    ($18,A1,D1.w), D0
FFCFD26E? 5BF11017             smi     ($17,A1,D1.w)
FFCFD272? 4A290140             tst.b   ($140,A1)
FFCFD276? 6A08                 bpl     $ffcfd280
FFCFD278? 6100F232             bsr     $ffcfc4ac
FFCFD27C? 66000096             bne     $ffcfd314
FFCFD280? 6100E4AA             bsr     sub_FFCFB72C
FFCFD284? 4A311017             tst.b   ($17,A1,D1.w)
FFCFD288? 5BE90032             smi     ($32,A1)
FFCFD28C? 6B12                 bmi     $ffcfd2a0
FFCFD28E? 4A311005             tst.b   ($5,A1,D1.w)
FFCFD292? 5BE90032             smi     ($32,A1)
FFCFD296? 6A08                 bpl     $ffcfd2a0
FFCFD298? 5344                 subq.w  #1, D4
FFCFD29A? 6604                 bne     $ffcfd2a0
FFCFD29C? 42290032             clr.b   ($32,A1)
FFCFD2A0? 4A290032             tst.b   ($32,A1)
FFCFD2A4? 56F11012             sne     ($12,A1,D1.w)
FFCFD2A8? 337C00080022         move.w  #$8, ($22,A1)
FFCFD2AE? 6100F132             bsr     $ffcfc3e2
FFCFD2B2? 7006                 moveq   #$6, D0
FFCFD2B4? 6100E19E             bsr     sub_FFCFB454
FFCFD2B8? 6B04                 bmi     $ffcfd2be
FFCFD2BA? 70D4                 moveq   #-$2c, D0
FFCFD2BC? 6056                 bra     $ffcfd314
FFCFD2BE? 22780134             movea.l $134.w, A1                        ; SonyVars
FFCFD2C2? 2069001C             movea.l ($1c,A1), A0
FFCFD2C6? 700B                 moveq   #$b, D0
FFCFD2C8? 7223                 moveq   #$23, D1
FFCFD2CA? 43FAEC68             lea     ($ffcfbf34,PC), A1
FFCFD2CE? 10D9                 move.b  (A1)+, (A0)+
FFCFD2D0? 51C9FFFC             dbra    D1, $ffcfd2ce
FFCFD2D4? 51C8FFF2             dbra    D0, $ffcfd2c8
FFCFD2D8? 6100E118             bsr     sub_FFCFB3F2
FFCFD2DC? 42690016             clr.w   ($16,A1)
FFCFD2E0? 6100ED5E             bsr     $ffcfc040
FFCFD2E4? 662E                 bne     $ffcfd314
FFCFD2E6? 6100E10A             bsr     sub_FFCFB3F2
FFCFD2EA? 4A311017             tst.b   ($17,A1,D1.w)
FFCFD2EE? 6A06                 bpl     $ffcfd2f6
FFCFD2F0? 610003F0             bsr     $ffcfd6e2
FFCFD2F4? 6004                 bra     $ffcfd2fa
FFCFD2F6? 61000024             bsr     $ffcfd31c
FFCFD2FA? 6618                 bne     $ffcfd314
FFCFD2FC? 6100E0F4             bsr     sub_FFCFB3F2
FFCFD300? 08A900030016         bclr    #$3, ($16,A1)
FFCFD306? 52690016             addq.w  #1, ($16,A1)
FFCFD30A? 0C6900500016         cmpi.w  #$50, ($16,A1)
FFCFD310? 6DCE                 blt     $ffcfd2e0
FFCFD312? 7000                 moveq   #$0, D0
FFCFD314? 4FEF0200             lea     ($200,A7), A7
FFCFD318? 6000DC10             bra     $ffcfaf2a
FFCFD31C? 6100E0D4             bsr     sub_FFCFB3F2
FFCFD320? 3C290016             move.w  ($16,A1), D6
FFCFD324? 61000316             bsr     $ffcfd63c
FFCFD328? 61000112             bsr     $ffcfd43c
FFCFD32C? 6708                 beq     $ffcfd336
FFCFD32E? 027CF8FF             andi    #$f8ff, SR
FFCFD332? 60000080             bra     $ffcfd3b4
FFCFD336? 6100E0BA             bsr     sub_FFCFB3F2
FFCFD33A? 6100E64A             bsr     $ffcfb986
FFCFD33E? 6B06                 bmi     $ffcfd346
FFCFD340? 4A02                 tst.b   D2
FFCFD342? 6702                 beq     $ffcfd346
FFCFD344? 70AE                 moveq   #-$52, D0
FFCFD346? 6100F076             bsr     $ffcfc3be
FFCFD34A? 027CF8FF             andi    #$f8ff, SR
FFCFD34E? 41E90022             lea     ($22,A1), A0
FFCFD352? 30380142             move.w  $142.w, D0                        ; DskErr
FFCFD356? 6B64                 bmi     $ffcfd3bc
FFCFD358? 243C000005E0         move.l  #$5e0, D2
FFCFD35E? 9440                 sub.w   D0, D2
FFCFD360? 84FC0005             divu.w  #$5, D2
FFCFD364? 70AD                 moveq   #-$53, D0
FFCFD366? 9450                 sub.w   (A0), D2
FFCFD368? 6B4E                 bmi     $ffcfd3b8
FFCFD36A? 48C2                 ext.l   D2
FFCFD36C? 84E90020             divu.w  ($20,A1), D2
FFCFD370? 6706                 beq     $ffcfd378
FFCFD372? 5342                 subq.w  #1, D2
FFCFD374? 6702                 beq     $ffcfd378
FFCFD376? 5250                 addq.w  #1, (A0)
FFCFD378? 6100E078             bsr     sub_FFCFB3F2
FFCFD37C? 20690152             movea.l ($152,A1), A0
FFCFD380? 4A280009             tst.b   ($9,A0)
FFCFD384? 6708                 beq     $ffcfd38e
FFCFD386? 6140                 bsr     $ffcfd3c8
FFCFD388? 662A                 bne     $ffcfd3b4
FFCFD38A? 20690152             movea.l ($152,A1), A0
FFCFD38E? 7200                 moveq   #$0, D1
FFCFD390? 32290020             move.w  ($20,A1), D1
FFCFD394? E589                 lsl.l   #2, D1
FFCFD396? 2401                 move.l  D1, D2
FFCFD398? D281                 add.l   D1, D1
FFCFD39A? D481                 add.l   D1, D2
FFCFD39C? ED89                 lsl.l   #6, D1
FFCFD39E? D398                 add.l   D1, (A0)+
FFCFD3A0? D598                 add.l   D2, (A0)+
FFCFD3A2? 08E900030016         bset    #$3, ($16,A1)
FFCFD3A8? 6608                 bne     $ffcfd3b2
FFCFD3AA? 4A290032             tst.b   ($32,A1)
FFCFD3AE? 6600FF6C             bne     $ffcfd31c
FFCFD3B2? 7000                 moveq   #$0, D0
FFCFD3B4? 4A40                 tst.w   D0
FFCFD3B6? 4E75                 rts
FFCFD3B8? 5242                 addq.w  #1, D2
FFCFD3BA? 67BC                 beq     $ffcfd378
FFCFD3BC? 5350                 subq.w  #1, (A0)
FFCFD3BE? 0C500004             cmpi.w  #$4, (A0)
FFCFD3C2? 6DF0                 blt     $ffcfd3b4
FFCFD3C4? 6000FF62             bra     $ffcfd328
FFCFD3C8? 007C0700             ori     #$700, SR
FFCFD3CC? 41E90026             lea     ($26,A1), A0
FFCFD3D0? 7000                 moveq   #$0, D0
FFCFD3D2? 10290017             move.b  ($17,A1), D0
FFCFD3D6? E848                 lsr.w   #4, D0
FFCFD3D8? 343C0FFF             move.w  #$fff, D2
FFCFD3DC? E06A                 lsr.w   D0, D2
FFCFD3DE? 30C2                 move.w  D2, (A0)+
FFCFD3E0? 740C                 moveq   #$c, D2
FFCFD3E2? 9440                 sub.w   D0, D2
FFCFD3E4? E54A                 lsl.w   #2, D2
FFCFD3E6? 3082                 move.w  D2, (A0)
FFCFD3E8? 6100E59C             bsr     $ffcfb986
FFCFD3EC? 6B30                 bmi     $ffcfd41e
FFCFD3EE? 33420024             move.w  D2, ($24,A1)
FFCFD3F2? B2690016             cmp.w   ($16,A1), D1
FFCFD3F6? 6626                 bne     $ffcfd41e
FFCFD3F8? 20690152             movea.l ($152,A1), A0
FFCFD3FC? 2050                 movea.l (A0), A0
FFCFD3FE? 7009                 moveq   #$9, D0
FFCFD400? E16A                 lsl.w   D0, D2
FFCFD402? D0C2                 adda.w  D2, A0
FFCFD404? 50F8012C             st      $12c.w                            ; DskVerify
FFCFD408? 6100E682             bsr     $ffcfba8c
FFCFD40C? 6B10                 bmi     $ffcfd41e
FFCFD40E? 6100DFE2             bsr     sub_FFCFB3F2
FFCFD412? 41E90024             lea     ($24,A1), A0
FFCFD416? 3418                 move.w  (A0)+, D2
FFCFD418? 3610                 move.w  (A0), D3
FFCFD41A? 0583                 bclr    D2, D3
FFCFD41C? 3083                 move.w  D3, (A0)
FFCFD41E? 6100EF9E             bsr     $ffcfc3be
FFCFD422? 41E90026             lea     ($26,A1), A0
FFCFD426? 4A58                 tst.w   (A0)+
FFCFD428? 6708                 beq     $ffcfd432
FFCFD42A? 5350                 subq.w  #1, (A0)
FFCFD42C? 66BA                 bne     $ffcfd3e8
FFCFD42E? 70AC                 moveq   #-$54, D0
FFCFD430? 6002                 bra     $ffcfd434
FFCFD432? 7000                 moveq   #$0, D0
FFCFD434? 027CF8FF             andi    #$f8ff, SR
FFCFD438? 4A40                 tst.w   D0
FFCFD43A? 4E75                 rts
FFCFD43C? 007C0700             ori     #$700, SR
FFCFD440? 7001                 moveq   #$1, D0
FFCFD442? 22780134             movea.l $134.w, A1                        ; SonyVars
FFCFD446? 082900030016         btst    #$3, ($16,A1)
FFCFD44C? 6702                 beq     $ffcfd450
FFCFD44E? 7003                 moveq   #$3, D0
FFCFD450? 6100DFBC             bsr     sub_FFCFB40E
FFCFD454? 287801E0             movea.l $1e0.w, A4                        ; IWM
FFCFD458? 47EC1A00             lea     ($1a00,A4), A3
FFCFD45C? 49EC1800             lea     ($1800,A4), A4
FFCFD460? 2A69001C             movea.l ($1c,A1), A5
FFCFD464? 45FA0630             lea     ($ffcfda96,PC), A2
FFCFD468? 3F290020             move.w  ($20,A1), -(A7)
FFCFD46C? 32290022             move.w  ($22,A1), D1
FFCFD470? 5541                 subq.w  #2, D1
FFCFD472? 31C10142             move.w  D1, $142.w                        ; DskErr
FFCFD476? 7000                 moveq   #$0, D0
FFCFD478? 7200                 moveq   #$0, D1
FFCFD47A? 7400                 moveq   #$0, D2
FFCFD47C? 7600                 moveq   #$0, D3
FFCFD47E? 3C3C00C7             move.w  #$c7, D6
FFCFD482? 4A290141             tst.b   ($141,A1)
FFCFD486? 6A2E                 bpl     $ffcfd4b6
FFCFD488? 47ECE800             lea     (-$1800,A4), A3
FFCFD48C? 49EC0600             lea     ($600,A4), A4
FFCFD490? 177C00180C00         move.b  #$18, ($c00,A3)
FFCFD496? 177C00100E00         move.b  #$10, ($e00,A3)
FFCFD49C? 177C00010E00         move.b  #$1, ($e00,A3)
FFCFD4A2? 177C00010C00         move.b  #$1, ($c00,A3)
FFCFD4A8? 4A2B1400             tst.b   ($1400,A3)
FFCFD4AC? 1686                 move.b  D6, (A3)
FFCFD4AE? 177C00080E00         move.b  #$8, ($e00,A3)
FFCFD4B4? 6008                 bra     $ffcfd4be
FFCFD4B6? 4A13                 tst.b   (A3)
FFCFD4B8? 17460400             move.b  D6, ($400,A3)
FFCFD4BC? 4E71                 nop
FFCFD4BE? 4DFAEA74             lea     ($ffcfbf34,PC), A6
FFCFD4C2? 7E02                 moveq   #$2, D7
FFCFD4C4? 181E                 move.b  (A6)+, D4
FFCFD4C6? 4A14                 tst.b   (A4)
FFCFD4C8? 6AFC                 bpl     $ffcfd4c6
FFCFD4CA? 1684                 move.b  D4, (A3)
FFCFD4CC? 4E71                 nop
FFCFD4CE? 181E                 move.b  (A6)+, D4
FFCFD4D0? 4A14                 tst.b   (A4)
FFCFD4D2? 6AFC                 bpl     $ffcfd4d0
FFCFD4D4? 1684                 move.b  D4, (A3)
FFCFD4D6? 4E71                 nop
FFCFD4D8? 51CFFFEA             dbra    D7, $ffcfd4c4
FFCFD4DC? 51CEFFE0             dbra    D6, $ffcfd4be
FFCFD4E0? 3C380142             move.w  $142.w, D6                        ; DskErr
FFCFD4E4? 4DFAEA4E             lea     ($ffcfbf34,PC), A6
FFCFD4E8? 7E05                 moveq   #$5, D7
FFCFD4EA? 4A14                 tst.b   (A4)
FFCFD4EC? 6AFC                 bpl     $ffcfd4ea
FFCFD4EE? 169E                 move.b  (A6)+, (A3)
FFCFD4F0? 4E71                 nop
FFCFD4F2? 51CFFFF6             dbra    D7, $ffcfd4ea
FFCFD4F6? 51CEFFEC             dbra    D6, $ffcfd4e4
FFCFD4FA? 7E16                 moveq   #$16, D7
FFCFD4FC? 4A14                 tst.b   (A4)
FFCFD4FE? 6AFC                 bpl     $ffcfd4fc
FFCFD500? 169D                 move.b  (A5)+, (A3)
FFCFD502? 4E71                 nop
FFCFD504? 51CFFFF6             dbra    D7, $ffcfd4fc
FFCFD508? 101D                 move.b  (A5)+, D0
FFCFD50A? 161D                 move.b  (A5)+, D3
FFCFD50C? 121D                 move.b  (A5)+, D1
FFCFD50E? 141D                 move.b  (A5)+, D2
FFCFD510? 4A14                 tst.b   (A4)
FFCFD512? 6AFC                 bpl     $ffcfd510
FFCFD514? 1680                 move.b  D0, (A3)
FFCFD516? 4E71                 nop
FFCFD518? 524D                 addq.w  #1, A5
FFCFD51A? 225D                 movea.l (A5)+, A1
FFCFD51C? 205D                 movea.l (A5)+, A0
FFCFD51E? 283C02010009         move.l  #$2010009, D4
FFCFD524? 4A14                 tst.b   (A4)
FFCFD526? 6AFC                 bpl     $ffcfd524
FFCFD528? 1683                 move.b  D3, (A3)
FFCFD52A? 4E71                 nop
FFCFD52C? 7A00                 moveq   #$0, D5
FFCFD52E? 7C00                 moveq   #$0, D6
FFCFD530? 7E00                 moveq   #$0, D7
FFCFD532? 6026                 bra     $ffcfd55a
FFCFD534? 2248                 movea.l A0, A1
FFCFD536? DF02                 addx.b  D2, D7
FFCFD538? BD02                 eor.b   D6, D2
FFCFD53A? 1602                 move.b  D2, D3
FFCFD53C? EC4B                 lsr.w   #6, D3
FFCFD53E? 4A14                 tst.b   (A4)
FFCFD540? 6AFC                 bpl     $ffcfd53e
FFCFD542? 16B23000             move.b  (A2,D3.w), (A3)
FFCFD546? 4E71                 nop
FFCFD548? 5744                 subq.w  #3, D4
FFCFD54A? 1607                 move.b  D7, D3
FFCFD54C? D607                 add.b   D7, D3
FFCFD54E? E31F                 rol.b   #1, D7
FFCFD550? 4A14                 tst.b   (A4)
FFCFD552? 6AFC                 bpl     $ffcfd550
FFCFD554? 16B20000             move.b  (A2,D0.w), (A3)
FFCFD558? 4E71                 nop
FFCFD55A? 1019                 move.b  (A1)+, D0
FFCFD55C? DB00                 addx.b  D0, D5
FFCFD55E? BF00                 eor.b   D7, D0
FFCFD560? 1600                 move.b  D0, D3
FFCFD562? E55B                 rol.w   #2, D3
FFCFD564? 4A14                 tst.b   (A4)
FFCFD566? 6AFC                 bpl     $ffcfd564
FFCFD568? 16B21000             move.b  (A2,D1.w), (A3)
FFCFD56C? 4E71                 nop
FFCFD56E? 1219                 move.b  (A1)+, D1
FFCFD570? DD01                 addx.b  D1, D6
FFCFD572? BB01                 eor.b   D5, D1
FFCFD574? 1601                 move.b  D1, D3
FFCFD576? E55B                 rol.w   #2, D3
FFCFD578? 4A14                 tst.b   (A4)
FFCFD57A? 6AFC                 bpl     $ffcfd578
FFCFD57C? 16B22000             move.b  (A2,D2.w), (A3)
FFCFD580? 4E71                 nop
FFCFD582? 1419                 move.b  (A1)+, D2
FFCFD584? 4A44                 tst.w   D4
FFCFD586? 66AE                 bne     $ffcfd536
FFCFD588? 4844                 swap    D4
FFCFD58A? 66A8                 bne     $ffcfd534
FFCFD58C? 4203                 clr.b   D3
FFCFD58E? EC4B                 lsr.w   #6, D3
FFCFD590? 4A14                 tst.b   (A4)
FFCFD592? 6AFC                 bpl     $ffcfd590
FFCFD594? 16B23000             move.b  (A2,D3.w), (A3)
FFCFD598? 4E71                 nop
FFCFD59A? 1605                 move.b  D5, D3
FFCFD59C? E55B                 rol.w   #2, D3
FFCFD59E? 1606                 move.b  D6, D3
FFCFD5A0? E55B                 rol.w   #2, D3
FFCFD5A2? 4A14                 tst.b   (A4)
FFCFD5A4? 6AFC                 bpl     $ffcfd5a2
FFCFD5A6? 16B20000             move.b  (A2,D0.w), (A3)
FFCFD5AA? 4E71                 nop
FFCFD5AC? 4A14                 tst.b   (A4)
FFCFD5AE? 6AFC                 bpl     $ffcfd5ac
FFCFD5B0? 16B21000             move.b  (A2,D1.w), (A3)
FFCFD5B4? 4E71                 nop
FFCFD5B6? 1607                 move.b  D7, D3
FFCFD5B8? EC4B                 lsr.w   #6, D3
FFCFD5BA? 4A14                 tst.b   (A4)
FFCFD5BC? 6AFC                 bpl     $ffcfd5ba
FFCFD5BE? 16B23000             move.b  (A2,D3.w), (A3)
FFCFD5C2? 4E71                 nop
FFCFD5C4? 4A14                 tst.b   (A4)
FFCFD5C6? 6AFC                 bpl     $ffcfd5c4
FFCFD5C8? 16B25000             move.b  (A2,D5.w), (A3)
FFCFD5CC? 4E71                 nop
FFCFD5CE? 4A14                 tst.b   (A4)
FFCFD5D0? 6AFC                 bpl     $ffcfd5ce
FFCFD5D2? 16B26000             move.b  (A2,D6.w), (A3)
FFCFD5D6? 4E71                 nop
FFCFD5D8? 4A14                 tst.b   (A4)
FFCFD5DA? 6AFC                 bpl     $ffcfd5d8
FFCFD5DC? 16B27000             move.b  (A2,D7.w), (A3)
FFCFD5E0? 4E71                 nop
FFCFD5E2? 7E03                 moveq   #$3, D7
FFCFD5E4? 504E                 addq.w  #8, A6
FFCFD5E6? 1214                 move.b  (A4), D1
FFCFD5E8? 6AFC                 bpl     $ffcfd5e6
FFCFD5EA? 169E                 move.b  (A6)+, (A3)
FFCFD5EC? 4E71                 nop
FFCFD5EE? 51CFFFF6             dbra    D7, $ffcfd5e6
FFCFD5F2? 5357                 subq.w  #1, (A7)
FFCFD5F4? 6E00FEEA             bgt     $ffcfd4e0
FFCFD5F8? 544F                 addq.w  #2, A7
FFCFD5FA? 7000                 moveq   #$0, D0
FFCFD5FC? 22780134             movea.l $134.w, A1                        ; SonyVars
FFCFD600? 4A290141             tst.b   ($141,A1)
FFCFD604? 6A22                 bpl     $ffcfd628
FFCFD606? 7E02                 moveq   #$2, D7
FFCFD608? 1214                 move.b  (A4), D1
FFCFD60A? 6AFC                 bpl     $ffcfd608
FFCFD60C? 16BC00FF             move.b  #$ff, (A3)
FFCFD610? 51CFFFF6             dbra    D7, $ffcfd608
FFCFD614? 08010005             btst    #$5, D1
FFCFD618? 6702                 beq     $ffcfd61c
FFCFD61A? 70B6                 moveq   #-$4a, D0
FFCFD61C? 177C00180C00         move.b  #$18, ($c00,A3)
FFCFD622? 31C00142             move.w  D0, $142.w                        ; DskErr
FFCFD626? 4E75                 rts
FFCFD628? 08010006             btst    #$6, D1
FFCFD62C? 6602                 bne     $ffcfd630
FFCFD62E? 70B6                 moveq   #-$4a, D0
FFCFD630? 4A2C0400             tst.b   ($400,A4)
FFCFD634? 4A14                 tst.b   (A4)
FFCFD636? 31C00142             move.w  D0, $142.w                        ; DskErr
FFCFD63A? 4E75                 rts
FFCFD63C? 48E7FFF8             movem.l D0-D7/A0-A4, -(A7)
FFCFD640? 2069001C             movea.l ($1c,A1), A0
FFCFD644? 24690152             movea.l ($152,A1), A2
FFCFD648? 285A                 movea.l (A2)+, A4
FFCFD64A? 265A                 movea.l (A2)+, A3
FFCFD64C? 7600                 moveq   #$0, D3
FFCFD64E? 1612                 move.b  (A2), D3
FFCFD650? 700C                 moveq   #$c, D0
FFCFD652? 747F                 moveq   #$7f, D2
FFCFD654? C446                 and.w   D6, D2
FFCFD656? E84A                 lsr.w   #4, D2
FFCFD658? 9042                 sub.w   D2, D0
FFCFD65A? 33400020             move.w  D0, ($20,A1)
FFCFD65E? 43FA0436             lea     ($ffcfda96,PC), A1
FFCFD662? 45FA03F6             lea     ($ffcfda5a,PC), A2
FFCFD666? 1E313000             move.b  (A1,D3.w), D7
FFCFD66A? 1A03                 move.b  D3, D5
FFCFD66C? 0203000F             andi.b  #$f, D3
FFCFD670? 5503                 subq.b  #2, D3
FFCFD672? 6704                 beq     $ffcfd678
FFCFD674? 45FA03A8             lea     ($ffcfda1e,PC), A2
FFCFD678? C4FC000C             mulu.w  #$c, D2
FFCFD67C? D4C2                 adda.w  D2, A2
FFCFD67E? 763F                 moveq   #$3f, D3
FFCFD680? C606                 and.b   D6, D3
FFCFD682? 14313000             move.b  (A1,D3.w), D2
FFCFD686? B705                 eor.b   D3, D5
FFCFD688? EC4E                 lsr.w   #6, D6
FFCFD68A? BD05                 eor.b   D6, D5
FFCFD68C? 1C316000             move.b  (A1,D6.w), D6
FFCFD690? 4840                 swap    D0
FFCFD692? 7200                 moveq   #$0, D1
FFCFD694? 12320000             move.b  (A2,D0.w), D1
FFCFD698? 16311000             move.b  (A1,D1.w), D3
FFCFD69C? 7800                 moveq   #$0, D4
FFCFD69E? 1805                 move.b  D5, D4
FFCFD6A0? B304                 eor.b   D1, D4
FFCFD6A2? 41E80009             lea     ($9,A0), A0
FFCFD6A6? 10C2                 move.b  D2, (A0)+
FFCFD6A8? 10C3                 move.b  D3, (A0)+
FFCFD6AA? 10C6                 move.b  D6, (A0)+
FFCFD6AC? 10C7                 move.b  D7, (A0)+
FFCFD6AE? 10F14000             move.b  (A1,D4.w), (A0)+
FFCFD6B2? 41E8000B             lea     ($b,A0), A0
FFCFD6B6? 10FC000B             move.b  #$b, (A0)+
FFCFD6BA? 10C1                 move.b  D1, (A0)+
FFCFD6BC? 4218                 clr.b   (A0)+
FFCFD6BE? 2801                 move.l  D1, D4
FFCFD6C0? D844                 add.w   D4, D4
FFCFD6C2? D841                 add.w   D1, D4
FFCFD6C4? E54C                 lsl.w   #2, D4
FFCFD6C6? D88B                 add.l   A3, D4
FFCFD6C8? 20C4                 move.l  D4, (A0)+
FFCFD6CA? 7809                 moveq   #$9, D4
FFCFD6CC? E969                 lsl.w   D4, D1
FFCFD6CE? D28C                 add.l   A4, D1
FFCFD6D0? 20C1                 move.l  D1, (A0)+
FFCFD6D2? 5240                 addq.w  #1, D0
FFCFD6D4? 3200                 move.w  D0, D1
FFCFD6D6? 4840                 swap    D0
FFCFD6D8? B240                 cmp.w   D0, D1
FFCFD6DA? 6DB4                 blt     $ffcfd690
FFCFD6DC? 4CDF1FFF             movem.l (A7)+, D0-D7/A0-A4
FFCFD6E0? 4E75                 rts
FFCFD6E2? 6100DD0E             bsr     sub_FFCFB3F2
FFCFD6E6? 38290016             move.w  ($16,A1), D4
FFCFD6EA? 7A00                 moveq   #$0, D5
FFCFD6EC? 0884000B             bclr    #$b, D4
FFCFD6F0? 6714                 beq     $ffcfd706
FFCFD6F2? 7A01                 moveq   #$1, D5
FFCFD6F4? 7400                 moveq   #$0, D2
FFCFD6F6? 34380D00             move.w  $d00.w, D2
FFCFD6FA? 2002                 move.l  D2, D0
FFCFD6FC? D082                 add.l   D2, D0
FFCFD6FE? D082                 add.l   D2, D0
FFCFD700? E488                 lsr.l   #2, D0
FFCFD702? 51C8FFFE             dbra    D0, $ffcfd702
FFCFD706? 7408                 moveq   #$8, D2
FFCFD708? 10311018             move.b  ($18,A1,D1.w), D0
FFCFD70C? 6A06                 bpl     $ffcfd714
FFCFD70E? 7411                 moveq   #$11, D2
FFCFD710? 08C2001F             bset    #$1f, D2
FFCFD714? 6100009C             bsr     $ffcfd7b2
FFCFD718? 22690152             movea.l ($152,A1), A1
FFCFD71C? 2451                 movea.l (A1), A2
FFCFD71E? 2288                 move.l  A0, (A1)
FFCFD720? 6100EC9C             bsr     $ffcfc3be
FFCFD724? 027CF8FF             andi    #$f8ff, SR
FFCFD728? 30380142             move.w  $142.w, D0                        ; DskErr
FFCFD72C? 661C                 bne     $ffcfd74a
FFCFD72E? 20690152             movea.l ($152,A1), A0
FFCFD732? 4A280009             tst.b   ($9,A0)
FFCFD736? 6708                 beq     $ffcfd740
FFCFD738? 6112                 bsr     $ffcfd74c
FFCFD73A? 660E                 bne     $ffcfd74a
FFCFD73C? 6100DCB4             bsr     sub_FFCFB3F2
FFCFD740? 08E900030016         bset    #$3, ($16,A1)
FFCFD746? 679A                 beq     $ffcfd6e2
FFCFD748? 7000                 moveq   #$0, D0
FFCFD74A? 4E75                 rts
FFCFD74C? 48E73F00             movem.l D2-D7, -(A7)
FFCFD750? 007C0700             ori     #$700, SR
FFCFD754? 7E12                 moveq   #$12, D7
FFCFD756? 2C3C000003FE         move.l  #$3fe, D6
FFCFD75C? 6100DC94             bsr     sub_FFCFB3F2
FFCFD760? 4A311018             tst.b   ($18,A1,D1.w)
FFCFD764? 6A08                 bpl     $ffcfd76e
FFCFD766? 7E24                 moveq   #$24, D7
FFCFD768? 2C3C0007FFFE         move.l  #$7fffe, D6
FFCFD76E? 6100E216             bsr     $ffcfb986
FFCFD772? 6624                 bne     $ffcfd798
FFCFD774? 0506                 btst    D2, D6
FFCFD776? 6720                 beq     $ffcfd798
FFCFD778? B2690016             cmp.w   ($16,A1), D1
FFCFD77C? 661A                 bne     $ffcfd798
FFCFD77E? 3602                 move.w  D2, D3
FFCFD780? 5342                 subq.w  #1, D2
FFCFD782? 7009                 moveq   #$9, D0
FFCFD784? E1AA                 lsl.l   D0, D2
FFCFD786? D4A9001C             add.l   ($1c,A1), D2
FFCFD78A? 2042                 movea.l D2, A0
FFCFD78C? 50F8012C             st      $12c.w                            ; DskVerify
FFCFD790? 6100F166             bsr     $ffcfc8f8
FFCFD794? 6602                 bne     $ffcfd798
FFCFD796? 0786                 bclr    D3, D6
FFCFD798? 6100EC24             bsr     $ffcfc3be
FFCFD79C? 4A86                 tst.l   D6
FFCFD79E? 57CFFFCE             dbeq    D7, $ffcfd76e
FFCFD7A2? 6702                 beq     $ffcfd7a6
FFCFD7A4? 70AC                 moveq   #-$54, D0
FFCFD7A6? 027CF8FF             andi    #$f8ff, SR
FFCFD7AA? 4CDF00FC             movem.l (A7)+, D2-D7
FFCFD7AE? 4A40                 tst.w   D0
FFCFD7B0? 4E75                 rts
FFCFD7B2? 21DF0124             move.l  (A7)+, $124.w                     ; DskRtnAdr
FFCFD7B6? 7001                 moveq   #$1, D0
FFCFD7B8? 4A45                 tst.w   D5
FFCFD7BA? 6702                 beq     $ffcfd7be
FFCFD7BC? 7003                 moveq   #$3, D0
FFCFD7BE? 6100DC4E             bsr     sub_FFCFB40E
FFCFD7C2? 7004                 moveq   #$4, D0
FFCFD7C4? 6100E18C             bsr     $ffcfb952
FFCFD7C8? 20690152             movea.l ($152,A1), A0
FFCFD7CC? 2050                 movea.l (A0), A0
FFCFD7CE? 2348001C             move.l  A0, ($1c,A1)
FFCFD7D2? 287801E0             movea.l $1e0.w, A4                        ; IWM
FFCFD7D6? 47D4                 lea     (A4), A3
FFCFD7D8? 49EC1E00             lea     ($1e00,A4), A4
FFCFD7DC? 4A2B1400             tst.b   ($1400,A3)
FFCFD7E0? 177C00180C00         move.b  #$18, ($c00,A3)
FFCFD7E6? 177C00100E00         move.b  #$10, ($e00,A3)
FFCFD7EC? 177C00010E00         move.b  #$1, ($e00,A3)
FFCFD7F2? 177C00010C00         move.b  #$1, ($c00,A3)
FFCFD7F8? 4A2B1400             tst.b   ($1400,A3)
FFCFD7FC? 724E                 moveq   #$4e, D1
FFCFD7FE? 1681                 move.b  D1, (A3)
FFCFD800? 1681                 move.b  D1, (A3)
FFCFD802? 177C00080E00         move.b  #$8, ($e00,A3)
FFCFD808? 4E71                 nop
FFCFD80A? 363C34BC             move.w  #$34bc, D3
FFCFD80E? 4A15                 tst.b   (A5)
FFCFD810? 6100D636             bsr     $ffcfae48
FFCFD814? 1014                 move.b  (A4), D0
FFCFD816? 6AFC                 bpl     $ffcfd814
FFCFD818? 1681                 move.b  D1, (A3)
FFCFD81A? 4E71                 nop
FFCFD81C? 08000003             btst    #$3, D0
FFCFD820? 6708                 beq     $ffcfd82a
FFCFD822? 51CBFFEA             dbra    D3, $ffcfd80e
FFCFD826? 600001D8             bra     $ffcfda00
FFCFD82A? 4A15                 tst.b   (A5)
FFCFD82C? 6100D61A             bsr     $ffcfae48
FFCFD830? 1014                 move.b  (A4), D0
FFCFD832? 6AFC                 bpl     $ffcfd830
FFCFD834? 1681                 move.b  D1, (A3)
FFCFD836? 4E71                 nop
FFCFD838? 08000003             btst    #$3, D0
FFCFD83C? 6608                 bne     $ffcfd846
FFCFD83E? 51CBFFEA             dbra    D3, $ffcfd82a
FFCFD842? 600001BC             bra     $ffcfda00
FFCFD846? 177C00F50800         move.b  #$f5, ($800,A3)
FFCFD84C? 4E71                 nop
FFCFD84E? 704E                 moveq   #$4e, D0
FFCFD850? 4A15                 tst.b   (A5)
FFCFD852? 6100D5F4             bsr     $ffcfae48
FFCFD856? 4A14                 tst.b   (A4)
FFCFD858? 6AFC                 bpl     $ffcfd856
FFCFD85A? 1681                 move.b  D1, (A3)
FFCFD85C? 4E71                 nop
FFCFD85E? 51C8FFF0             dbra    D0, $ffcfd850
FFCFD862? 700B                 moveq   #$b, D0
FFCFD864? 7200                 moveq   #$0, D1
FFCFD866? 4A15                 tst.b   (A5)
FFCFD868? 6100D5DE             bsr     $ffcfae48
FFCFD86C? 4A14                 tst.b   (A4)
FFCFD86E? 6AFC                 bpl     $ffcfd86c
FFCFD870? 1681                 move.b  D1, (A3)
FFCFD872? 4E71                 nop
FFCFD874? 51C8FFF0             dbra    D0, $ffcfd866
FFCFD878? 7002                 moveq   #$2, D0
FFCFD87A? 4A15                 tst.b   (A5)
FFCFD87C? 6100D5CA             bsr     $ffcfae48
FFCFD880? 4A14                 tst.b   (A4)
FFCFD882? 6AFC                 bpl     $ffcfd880
FFCFD884? 177C00C20200         move.b  #$c2, ($200,A3)
FFCFD88A? 4E71                 nop
FFCFD88C? 51C8FFEC             dbra    D0, $ffcfd87a
FFCFD890? 4A14                 tst.b   (A4)
FFCFD892? 6AFC                 bpl     $ffcfd890
FFCFD894? 16BC00FC             move.b  #$fc, (A3)
FFCFD898? 4E71                 nop
FFCFD89A? 7031                 moveq   #$31, D0
FFCFD89C? 4A15                 tst.b   (A5)
FFCFD89E? 6100D5A8             bsr     $ffcfae48
FFCFD8A2? 4A14                 tst.b   (A4)
FFCFD8A4? 6AFC                 bpl     $ffcfd8a2
FFCFD8A6? 16BC004E             move.b  #$4e, (A3)
FFCFD8AA? 4E71                 nop
FFCFD8AC? 51C8FFEE             dbra    D0, $ffcfd89c
FFCFD8B0? 7C01                 moveq   #$1, D6
FFCFD8B2? 601C                 bra     $ffcfd8d0
FFCFD8B4? 704F                 moveq   #$4f, D0
FFCFD8B6? 4A82                 tst.l   D2
FFCFD8B8? 6A02                 bpl     $ffcfd8bc
FFCFD8BA? 7064                 moveq   #$64, D0
FFCFD8BC? 4A15                 tst.b   (A5)
FFCFD8BE? 6100D588             bsr     $ffcfae48
FFCFD8C2? 4A14                 tst.b   (A4)
FFCFD8C4? 6AFC                 bpl     $ffcfd8c2
FFCFD8C6? 16BC004E             move.b  #$4e, (A3)
FFCFD8CA? 4E71                 nop
FFCFD8CC? 51C8FFEE             dbra    D0, $ffcfd8bc
FFCFD8D0? 700B                 moveq   #$b, D0
FFCFD8D2? 7200                 moveq   #$0, D1
FFCFD8D4? 4A15                 tst.b   (A5)
FFCFD8D6? 6100D570             bsr     $ffcfae48
FFCFD8DA? 4A14                 tst.b   (A4)
FFCFD8DC? 6AFC                 bpl     $ffcfd8da
FFCFD8DE? 1681                 move.b  D1, (A3)
FFCFD8E0? 4E71                 nop
FFCFD8E2? 51C8FFF0             dbra    D0, $ffcfd8d4
FFCFD8E6? 7002                 moveq   #$2, D0
FFCFD8E8? 4A15                 tst.b   (A5)
FFCFD8EA? 6100D55C             bsr     $ffcfae48
FFCFD8EE? 4A14                 tst.b   (A4)
FFCFD8F0? 6AFC                 bpl     $ffcfd8ee
FFCFD8F2? 177C00A10200         move.b  #$a1, ($200,A3)
FFCFD8F8? 4E71                 nop
FFCFD8FA? 51C8FFEC             dbra    D0, $ffcfd8e8
FFCFD8FE? 4A14                 tst.b   (A4)
FFCFD900? 6AFC                 bpl     $ffcfd8fe
FFCFD902? 16BC00FE             move.b  #$fe, (A3)
FFCFD906? 4E71                 nop
FFCFD908? 4A15                 tst.b   (A5)
FFCFD90A? 6100D53C             bsr     $ffcfae48
FFCFD90E? 4A14                 tst.b   (A4)
FFCFD910? 6AFC                 bpl     $ffcfd90e
FFCFD912? 1684                 move.b  D4, (A3)
FFCFD914? 4E71                 nop
FFCFD916? 4A15                 tst.b   (A5)
FFCFD918? 6100D52E             bsr     $ffcfae48
FFCFD91C? 4A14                 tst.b   (A4)
FFCFD91E? 6AFC                 bpl     $ffcfd91c
FFCFD920? 1685                 move.b  D5, (A3)
FFCFD922? 4E71                 nop
FFCFD924? 4A15                 tst.b   (A5)
FFCFD926? 6100D520             bsr     $ffcfae48
FFCFD92A? 4A14                 tst.b   (A4)
FFCFD92C? 6AFC                 bpl     $ffcfd92a
FFCFD92E? 1686                 move.b  D6, (A3)
FFCFD930? 4E71                 nop
FFCFD932? 4A15                 tst.b   (A5)
FFCFD934? 6100D512             bsr     $ffcfae48
FFCFD938? 4A14                 tst.b   (A4)
FFCFD93A? 6AFC                 bpl     $ffcfd938
FFCFD93C? 16BC0002             move.b  #$2, (A3)
FFCFD940? 4E71                 nop
FFCFD942? 4A15                 tst.b   (A5)
FFCFD944? 6100D502             bsr     $ffcfae48
FFCFD948? 4A14                 tst.b   (A4)
FFCFD94A? 6AFC                 bpl     $ffcfd948
FFCFD94C? 17400400             move.b  D0, ($400,A3)
FFCFD950? 4E71                 nop
FFCFD952? 7015                 moveq   #$15, D0
FFCFD954? 4A15                 tst.b   (A5)
FFCFD956? 6100D4F0             bsr     $ffcfae48
FFCFD95A? 4A14                 tst.b   (A4)
FFCFD95C? 6AFC                 bpl     $ffcfd95a
FFCFD95E? 16BC004E             move.b  #$4e, (A3)
FFCFD962? 4E71                 nop
FFCFD964? 51C8FFEE             dbra    D0, $ffcfd954
FFCFD968? 700B                 moveq   #$b, D0
FFCFD96A? 7200                 moveq   #$0, D1
FFCFD96C? 4A15                 tst.b   (A5)
FFCFD96E? 6100D4D8             bsr     $ffcfae48
FFCFD972? 4A14                 tst.b   (A4)
FFCFD974? 6AFC                 bpl     $ffcfd972
FFCFD976? 1681                 move.b  D1, (A3)
FFCFD978? 4E71                 nop
FFCFD97A? 51C8FFF0             dbra    D0, $ffcfd96c
FFCFD97E? 7002                 moveq   #$2, D0
FFCFD980? 4A15                 tst.b   (A5)
FFCFD982? 6100D4C4             bsr     $ffcfae48
FFCFD986? 4A14                 tst.b   (A4)
FFCFD988? 6AFC                 bpl     $ffcfd986
FFCFD98A? 177C00A10200         move.b  #$a1, ($200,A3)
FFCFD990? 4E71                 nop
FFCFD992? 51C8FFEC             dbra    D0, $ffcfd980
FFCFD996? 4A14                 tst.b   (A4)
FFCFD998? 6AFC                 bpl     $ffcfd996
FFCFD99A? 16BC00FB             move.b  #$fb, (A3)
FFCFD99E? 4E71                 nop
FFCFD9A0? 303C01FF             move.w  #$1ff, D0
FFCFD9A4? 4A15                 tst.b   (A5)
FFCFD9A6? 6100D4A0             bsr     $ffcfae48
FFCFD9AA? 4A14                 tst.b   (A4)
FFCFD9AC? 6AFC                 bpl     $ffcfd9aa
FFCFD9AE? 1698                 move.b  (A0)+, (A3)
FFCFD9B0? 4E71                 nop
FFCFD9B2? 51C8FFF0             dbra    D0, $ffcfd9a4
FFCFD9B6? 4A14                 tst.b   (A4)
FFCFD9B8? 6AFC                 bpl     $ffcfd9b6
FFCFD9BA? 17400400             move.b  D0, ($400,A3)
FFCFD9BE? 4E71                 nop
FFCFD9C0? 5246                 addq.w  #1, D6
FFCFD9C2? 51CAFEF0             dbra    D2, $ffcfd8b4
FFCFD9C6? 7004                 moveq   #$4, D0
FFCFD9C8? 724E                 moveq   #$4e, D1
FFCFD9CA? 363C03E8             move.w  #$3e8, D3
FFCFD9CE? 4A45                 tst.w   D5
FFCFD9D0? 660C                 bne     $ffcfd9de
FFCFD9D2? 7604                 moveq   #$4, D3
FFCFD9D4? 6008                 bra     $ffcfd9de
FFCFD9D6? 177C00F40800         move.b  #$f4, ($800,A3)
FFCFD9DC? 4E71                 nop
FFCFD9DE? 4A15                 tst.b   (A5)
FFCFD9E0? 6100D466             bsr     $ffcfae48
FFCFD9E4? 1414                 move.b  (A4), D2
FFCFD9E6? 6AFC                 bpl     $ffcfd9e4
FFCFD9E8? 1681                 move.b  D1, (A3)
FFCFD9EA? 4E71                 nop
FFCFD9EC? 5340                 subq.w  #1, D0
FFCFD9EE? 6E08                 bgt     $ffcfd9f8
FFCFD9F0? 67E4                 beq     $ffcfd9d6
FFCFD9F2? 08020003             btst    #$3, D2
FFCFD9F6? 660C                 bne     $ffcfda04
FFCFD9F8? 51CBFFE4             dbra    D3, $ffcfd9de
FFCFD9FC? 4A45                 tst.w   D5
FFCFD9FE? 6704                 beq     $ffcfda04
FFCFDA00? 70AD                 moveq   #-$53, D0
FFCFDA02? 600A                 bra     $ffcfda0e
FFCFDA04? 7000                 moveq   #$0, D0
FFCFDA06? 08020005             btst    #$5, D2
FFCFDA0A? 6702                 beq     $ffcfda0e
FFCFDA0C? 70B6                 moveq   #-$4a, D0
FFCFDA0E? 177C00180C00         move.b  #$18, ($c00,A3)
FFCFDA14? 4E71                 nop
FFCFDA16? 2F380124             move.l  $124.w, -(A7)                     ; DskRtnAdr
FFCFDA1A? 4A40                 tst.w   D0
FFCFDA1C? 4E75                 rts
FFCFDA1Ed 000306090104070A     dc.b    $00,$03,$06,$09,$01,$04,$07,$0A,$02,$05,$08,$0B,$00,$03,$06,$09 ; |................|
FFCFDA2Ed 0104070A02050800     dc.b    $01,$04,$07,$0A,$02,$05,$08,$00,$00,$05,$03,$08,$01,$06,$04,$09 ; |................|
FFCFDA3Ed 0207000000070503     dc.b    $02,$07,$00,$00,$00,$07,$05,$03,$01,$08,$06,$04,$02,$00,$00,$00 ; |................|
FFCFDA4Ed 0002040601030507     dc.b    $00,$02,$04,$06,$01,$03,$05,$07,$00,$00,$00,$00,$00,$06,$01,$07 ; |................|
FFCFDA5Ed 02080309040A050B     dc.b    $02,$08,$03,$09,$04,$0A,$05,$0B,$00,$06,$01,$07,$02,$08,$03,$09 ; |................|
FFCFDA6Ed 040A050000050106     dc.b    $04,$0A,$05,$00,$00,$05,$01,$06,$02,$07,$03,$08,$04,$09,$00,$00 ; |................|
FFCFDA7Ed 0005010602070308     dc.b    $00,$05,$01,$06,$02,$07,$03,$08,$04,$00,$00,$00,$00,$04,$01,$05 ; |................|
FFCFDA8Ed 0206030700000000     dc.b    $02,$06,$03,$07,$00,$00,$00,$00,$96,$97,$9A,$9B,$9D,$9E,$9F,$A6 ; |................|
FFCFDA9Ed A7ABACADAEAFB2B3     dc.b    $A7,$AB,$AC,$AD,$AE,$AF,$B2,$B3,$B4,$B5,$B6,$B7,$B9,$BA,$BB,$BC ; |................|
FFCFDAAEd BDBEBFCBCDCECFD3     dc.b    $BD,$BE,$BF,$CB,$CD,$CE,$CF,$D3,$D6,$D7,$D9,$DA,$DB,$DC,$DD,$DE ; |................|
FFCFDABEd DFE5E6E7E9EAEBEC     dc.b    $DF,$E5,$E6,$E7,$E9,$EA,$EB,$EC,$ED,$EE,$EF,$F2,$F3,$F4,$F5,$F6 ; |................|
FFCFDACEd F7F9FAFBFCFDFEFF     dc.b    $F7,$F9,$FA,$FB,$FC,$FD,$FE,$FF,$96,$97,$9A,$9B,$9D,$9E,$9F,$A6 ; |................|
FFCFDADEd A7ABACADAEAFB2B3     dc.b    $A7,$AB,$AC,$AD,$AE,$AF,$B2,$B3,$B4,$B5,$B6,$B7,$B9,$BA,$BB,$BC ; |................|
FFCFDAEEd BDBEBFCBCDCECFD3     dc.b    $BD,$BE,$BF,$CB,$CD,$CE,$CF,$D3,$D6,$D7,$D9,$DA,$DB,$DC,$DD,$DE ; |................|
FFCFDAFEd DFE5E6E7E9EAEBEC     dc.b    $DF,$E5,$E6,$E7,$E9,$EA,$EB,$EC,$ED,$EE,$EF,$F2,$F3,$F4,$F5,$F6 ; |................|
FFCFDB0Ed F7F9FAFBFCFDFEFF     dc.b    $F7,$F9,$FA,$FB,$FC,$FD,$FE,$FF,$96,$97,$9A,$9B,$9D,$9E,$9F,$A6 ; |................|
FFCFDB1Ed A7ABACADAEAFB2B3     dc.b    $A7,$AB,$AC,$AD,$AE,$AF,$B2,$B3,$B4,$B5,$B6,$B7,$B9,$BA,$BB,$BC ; |................|
FFCFDB2Ed BDBEBFCBCDCECFD3     dc.b    $BD,$BE,$BF,$CB,$CD,$CE,$CF,$D3,$D6,$D7,$D9,$DA,$DB,$DC,$DD,$DE ; |................|
FFCFDB3Ed DFE5E6E7E9EAEBEC     dc.b    $DF,$E5,$E6,$E7,$E9,$EA,$EB,$EC,$ED,$EE,$EF,$F2,$F3,$F4,$F5,$F6 ; |................|
FFCFDB4Ed F7F9FAFBFCFDFEFF     dc.b    $F7,$F9,$FA,$FB,$FC,$FD,$FE,$FF,$96,$97,$9A,$9B,$9D,$9E,$9F,$A6 ; |................|
FFCFDB5Ed A7ABACADAEAFB2B3     dc.b    $A7,$AB,$AC,$AD,$AE,$AF,$B2,$B3,$B4,$B5,$B6,$B7,$B9,$BA,$BB,$BC ; |................|
FFCFDB6Ed BDBEBFCBCDCECFD3     dc.b    $BD,$BE,$BF,$CB,$CD,$CE,$CF,$D3,$D6,$D7,$D9,$DA,$DB,$DC,$DD,$DE ; |................|
FFCFDB7Ed DFE5E6E7E9EAEBEC     dc.b    $DF,$E5,$E6,$E7,$E9,$EA,$EB,$EC,$ED,$EE,$EF,$F2,$F3,$F4,$F5,$F6 ; |................|
FFCFDB8Ed F7F9FAFBFCFDFEFF     dc.b    $F7,$F9,$FA,$FB,$FC,$FD,$FE,$FF   ; |........|
FFCFDB96? 4A40                 tst.w   D0
FFCFDB98? 6600CC18             bne     loc_FFCFA7B2
FFCFDB9C? 4FEFFE00             lea     (-$200,A7), A7
FFCFDBA0? 234F001C             move.l  A7, ($1c,A1)
FFCFDBA4? 41E8001C             lea     ($1c,A0), A0
FFCFDBA8? 23480022             move.l  A0, ($22,A1)
FFCFDBAC? 42A8000C             clr.l   ($c,A0)
FFCFDBB0? 2018                 move.l  (A0)+, D0
FFCFDBB2? 8098                 or.l    (A0)+, D0
FFCFDBB4? 6728                 beq     $ffcfdbde
FFCFDBB6? 5048                 addq.w  #8, A0
FFCFDBB8? 70CE                 moveq   #-$32, D0
FFCFDBBA? 3E18                 move.w  (A0)+, D7
FFCFDBBC? 0C470003             cmpi.w  #$3, D7
FFCFDBC0? 621C                 bhi     $ffcfdbde
FFCFDBC2? 660A                 bne     $ffcfdbce
FFCFDBC4? 4A311017             tst.b   ($17,A1,D1.w)
FFCFDBC8? 6B04                 bmi     $ffcfdbce
FFCFDBCA? 4268FFFE             clr.w   (-$2,A0)
FFCFDBCE? 3418                 move.w  (A0)+, D2
FFCFDBD0? 0C420050             cmpi.w  #$50, D2
FFCFDBD4? 6408                 bcc     $ffcfdbde
FFCFDBD6? E15A                 rol.w   #8, D2
FFCFDBD8? 1418                 move.b  (A0)+, D2
FFCFDBDA? 0C020002             cmpi.b  #$2, D2
FFCFDBDE? 640000A6             bcc     $ffcfdc86
FFCFDBE2? E702                 asl.b   #3, D2
FFCFDBE4? E15A                 rol.w   #8, D2
FFCFDBE6? 33420016             move.w  D2, ($16,A1)
FFCFDBEA? 7400                 moveq   #$0, D2
FFCFDBEC? 1418                 move.b  (A0)+, D2
FFCFDBEE? 334200FE             move.w  D2, ($fe,A1)
FFCFDBF2? 083800000B22         btst    #$0, $b22.w
FFCFDBF8? 6704                 beq     $ffcfdbfe
FFCFDBFA? 6100CEAE             bsr     sub_FFCFAAAA
FFCFDBFE? 4A290140             tst.b   ($140,A1)
FFCFDC02? 6A08                 bpl     $ffcfdc0c
FFCFDC04? 6100E8A6             bsr     $ffcfc4ac
FFCFDC08? 6600007C             bne     $ffcfdc86
FFCFDC0C? 6100DB1E             bsr     sub_FFCFB72C
FFCFDC10? 6100E7D0             bsr     $ffcfc3e2
FFCFDC14? 6100E42A             bsr     $ffcfc040
FFCFDC18? 666C                 bne     $ffcfdc86
FFCFDC1A? 7004                 moveq   #$4, D0
FFCFDC1C? 6100DD34             bsr     $ffcfb952
FFCFDC20? 20690022             movea.l ($22,A1), A0
FFCFDC24? 3E280010             move.w  ($10,A0), D7
FFCFDC28? 0C470003             cmpi.w  #$3, D7
FFCFDC2C? 6606                 bne     $ffcfdc34
FFCFDC2E? 615E                 bsr     $ffcfdc8e
FFCFDC30? 673A                 beq     $ffcfdc6c
FFCFDC32? 604A                 bra     $ffcfdc7e
FFCFDC34? 4A47                 tst.w   D7
FFCFDC36? 6734                 beq     $ffcfdc6c
FFCFDC38? 3C3C00FF             move.w  #$ff, D6
FFCFDC3C? 6100DD48             bsr     $ffcfb986
FFCFDC40? 6B0C                 bmi     $ffcfdc4e
FFCFDC42? B2690016             cmp.w   ($16,A1), D1
FFCFDC46? 6606                 bne     $ffcfdc4e
FFCFDC48? B46900FE             cmp.w   ($fe,A1), D2
FFCFDC4C? 670C                 beq     $ffcfdc5a
FFCFDC4E? 6100E76E             bsr     $ffcfc3be
FFCFDC52? 51CEFFE8             dbra    D6, $ffcfdc3c
FFCFDC56? 70AF                 moveq   #-$51, D0
FFCFDC58? 602C                 bra     $ffcfdc86
FFCFDC5A? 5347                 subq.w  #1, D7
FFCFDC5C? 670E                 beq     $ffcfdc6c
FFCFDC5E? 2069001C             movea.l ($1c,A1), A0
FFCFDC62? 4238012C             clr.b   $12c.w                            ; DskVerify
FFCFDC66? 6100DE24             bsr     $ffcfba8c
FFCFDC6A? 6B1A                 bmi     $ffcfdc86
FFCFDC6C? 616A                 bsr     $ffcfdcd8
FFCFDC6E? 660E                 bne     $ffcfdc7e
FFCFDC70? 22780134             movea.l $134.w, A1                        ; SonyVars
FFCFDC74? 22690022             movea.l ($22,A1), A1
FFCFDC78? 23690008000C         move.l  ($8,A1), ($c,A1)
FFCFDC7E? 6100E73E             bsr     $ffcfc3be
FFCFDC82? 027CF8FF             andi    #$f8ff, SR
FFCFDC86? 4FEF0200             lea     ($200,A7), A7
FFCFDC8A? 6000D29E             bra     $ffcfaf2a
FFCFDC8E? 21DF0124             move.l  (A7)+, $124.w                     ; DskRtnAdr
FFCFDC92? 700E                 moveq   #$e, D0
FFCFDC94? 6100D778             bsr     sub_FFCFB40E
FFCFDC98? 746E                 moveq   #$6e, D2
FFCFDC9A? 4A311018             tst.b   ($18,A1,D1.w)
FFCFDC9E? 6B02                 bmi     $ffcfdca2
FFCFDCA0? D442                 add.w   D2, D2
FFCFDCA2? C4F80D00             mulu.w  $d00.w, D2
FFCFDCA6? 287801E0             movea.l $1e0.w, A4                        ; IWM
FFCFDCAA? 49EC1E00             lea     ($1e00,A4), A4
FFCFDCAE? 7000                 moveq   #$0, D0
FFCFDCB0? 4A15                 tst.b   (A5)
FFCFDCB2? 6100D194             bsr     $ffcfae48
FFCFDCB6? 08140003             btst    #$3, (A4)
FFCFDCBA? 6706                 beq     $ffcfdcc2
FFCFDCBC? 5382                 subq.l  #1, D2
FFCFDCBE? 6EF0                 bgt     $ffcfdcb0
FFCFDCC0? 6010                 bra     $ffcfdcd2
FFCFDCC2? 4A15                 tst.b   (A5)
FFCFDCC4? 6100D182             bsr     $ffcfae48
FFCFDCC8? 08140003             btst    #$3, (A4)
FFCFDCCC? 6606                 bne     $ffcfdcd4
FFCFDCCE? 5382                 subq.l  #1, D2
FFCFDCD0? 6EF0                 bgt     $ffcfdcc2
FFCFDCD2? 70AD                 moveq   #-$53, D0
FFCFDCD4? 6000DAC8             bra     $ffcfb79e
FFCFDCD8? 6100D718             bsr     sub_FFCFB3F2
FFCFDCDC? 7001                 moveq   #$1, D0
FFCFDCDE? 082900030016         btst    #$3, ($16,A1)
FFCFDCE4? 6702                 beq     $ffcfdce8
FFCFDCE6? 7003                 moveq   #$3, D0
FFCFDCE8? 6100D724             bsr     sub_FFCFB40E
FFCFDCEC? 28690022             movea.l ($22,A1), A4
FFCFDCF0? 245C                 movea.l (A4)+, A2
FFCFDCF2? 205C                 movea.l (A4)+, A0
FFCFDCF4? 201C                 move.l  (A4)+, D0
FFCFDCF6? 4A311017             tst.b   ($17,A1,D1.w)
FFCFDCFA? 6B00000E             bmi     $ffcfdd0a
FFCFDCFE? 0C2900FE0140         cmpi.b  #-$2, ($140,A1)
FFCFDD04? 670000A6             beq     $ffcfddac
FFCFDD08? 6072                 bra     $ffcfdd7c
FFCFDD0A? 21DF0124             move.l  (A7)+, $124.w                     ; DskRtnAdr
FFCFDD0E? 287801E0             movea.l $1e0.w, A4                        ; IWM
FFCFDD12? 47EC1E00             lea     ($1e00,A4), A3
FFCFDD16? 49EC1200             lea     ($1200,A4), A4
FFCFDD1A? 4A2C0200             tst.b   ($200,A4)
FFCFDD1E? 197C0018FA00         move.b  #$18, (-$600,A4)
FFCFDD24? 197C0001FC00         move.b  #$1, (-$400,A4)
FFCFDD2A? 197C0001FA00         move.b  #$1, (-$600,A4)
FFCFDD30? 4A2C0200             tst.b   ($200,A4)
FFCFDD34? 197C0008FC00         move.b  #$8, (-$400,A4)
FFCFDD3A? 74FF                 moveq   #-$1, D2
FFCFDD3C? 601C                 bra     $ffcfdd5a
FFCFDD3E? 4A15                 tst.b   (A5)
FFCFDD40? 6100D106             bsr     $ffcfae48
FFCFDD44? 4A13                 tst.b   (A3)
FFCFDD46? 5BCAFFF6             dbmi    D2, $ffcfdd3e
FFCFDD4A? 6A2C                 bpl     $ffcfdd78
FFCFDD4C? 1613                 move.b  (A3), D3
FFCFDD4E? 743C                 moveq   #$3c, D2
FFCFDD50? 10D4                 move.b  (A4), (A0)+
FFCFDD52? E20B                 lsr.b   #1, D3
FFCFDD54? D301                 addx.b  D1, D1
FFCFDD56? 6404                 bcc     $ffcfdd5c
FFCFDD58? 14C1                 move.b  D1, (A2)+
FFCFDD5A? 7201                 moveq   #$1, D1
FFCFDD5C? 5380                 subq.l  #1, D0
FFCFDD5E? 6CDE                 bge     $ffcfdd3e
FFCFDD60? 0C010001             cmpi.b  #$1, D1
FFCFDD64? 6706                 beq     $ffcfdd6c
FFCFDD66? D201                 add.b   D1, D1
FFCFDD68? 64FC                 bcc     $ffcfdd66
FFCFDD6A? 14C1                 move.b  D1, (A2)+
FFCFDD6C? 7000                 moveq   #$0, D0
FFCFDD6E? 197C0018FA00         move.b  #$18, (-$600,A4)
FFCFDD74? 6000DA28             bra     $ffcfb79e
FFCFDD78d 70BE60F2             dc.b    $70,$BE,$60,$F2                   ; |p.`.|
FFCFDD7C? 21DF0124             move.l  (A7)+, $124.w                     ; DskRtnAdr
FFCFDD80? 287801E0             movea.l $1e0.w, A4                        ; IWM
FFCFDD84? 49EC1800             lea     ($1800,A4), A4
FFCFDD88? 74FF                 moveq   #-$1, D2
FFCFDD8A? 6012                 bra     $ffcfdd9e
FFCFDD8C? 4A15                 tst.b   (A5)
FFCFDD8E? 6100D0B8             bsr     $ffcfae48
FFCFDD92? 1214                 move.b  (A4), D1
FFCFDD94? 5BCAFFF6             dbmi    D2, $ffcfdd8c
FFCFDD98? 6A0E                 bpl     $ffcfdda8
FFCFDD9A? 10C1                 move.b  D1, (A0)+
FFCFDD9C? 743C                 moveq   #$3c, D2
FFCFDD9E? 5380                 subq.l  #1, D0
FFCFDDA0? 6CEA                 bge     $ffcfdd8c
FFCFDDA2? 7000                 moveq   #$0, D0
FFCFDDA4? 6000D9F8             bra     $ffcfb79e
FFCFDDA8d 70BE60F8             dc.b    $70,$BE,$60,$F8                   ; |p.`.|
FFCFDDAC? 21DF0124             move.l  (A7)+, $124.w                     ; DskRtnAdr
FFCFDDB0? 287801E0             movea.l $1e0.w, A4                        ; IWM
FFCFDDB4? 47EC1E00             lea     ($1e00,A4), A3
FFCFDDB8? 49EC1200             lea     ($1200,A4), A4
FFCFDDBC? 4A2C0200             tst.b   ($200,A4)
FFCFDDC0? 197C0018FA00         move.b  #$18, (-$600,A4)
FFCFDDC6? 197C0001FC00         move.b  #$1, (-$400,A4)
FFCFDDCC? 197C0001FA00         move.b  #$1, (-$600,A4)
FFCFDDD2? 4A2C0200             tst.b   ($200,A4)
FFCFDDD6? 197C0008FC00         move.b  #$8, (-$400,A4)
FFCFDDDC? 74FF                 moveq   #-$1, D2
FFCFDDDE? 6012                 bra     $ffcfddf2
FFCFDDE0? 4A15                 tst.b   (A5)
FFCFDDE2? 6100D064             bsr     $ffcfae48
FFCFDDE6? 4A13                 tst.b   (A3)
FFCFDDE8? 5BCAFFF6             dbmi    D2, $ffcfdde0
FFCFDDEC? 6A14                 bpl     $ffcfde02
FFCFDDEE? 743C                 moveq   #$3c, D2
FFCFDDF0? 10D4                 move.b  (A4), (A0)+
FFCFDDF2? 5380                 subq.l  #1, D0
FFCFDDF4? 6CEA                 bge     $ffcfdde0
FFCFDDF6? 7000                 moveq   #$0, D0
FFCFDDF8? 197C0018FA00         move.b  #$18, (-$600,A4)
FFCFDDFE? 6000D99E             bra     $ffcfb79e
FFCFDE02d 70BE60F200000000     dc.b    $70,$BE,$60,$F2,$00,$00,$00,$00,$00,$00,$00,$00,$00,$00,$4E,$56 ; |p.`...........NV|
FFCFDE12d FFCC                 dc.b    $FF,$CC                           ; |..|
FFCFDE14? 48E70108             movem.l D7/A4, -(A7)
FFCFDE18? 286E000C             movea.l ($c,A6), A4
FFCFDE1C? 3E2E000A             move.w  ($a,A6), D7
FFCFDE20? 2D54FFCC             move.l  (A4), (-$34,A6)
FFCFDE24? 3D47FFD0             move.w  D7, (-$30,A6)
FFCFDE28? 558F                 subq.l  #2, A7
FFCFDE2A? 486EFFCC             pea     (-$34,A6)
FFCFDE2E? 7006                 moveq   #$6, D0
FFCFDE30? AAF0                 dc.w    $AAF0                             ; A-line trap AAF0
FFCFDE32? 4A5F                 tst.w   (A7)+
FFCFDE34? 6642                 bne     $ffcfde78
FFCFDE36? 558F                 subq.l  #2, A7
FFCFDE38? 486EFFCC             pea     (-$34,A6)
FFCFDE3C? 701B                 moveq   #$1b, D0
FFCFDE3E? AAF0                 dc.w    $AAF0                             ; A-line trap AAF0
FFCFDE40? 4A5F                 tst.w   (A7)+
FFCFDE42? 6634                 bne     $ffcfde78
FFCFDE44? 2D54FFEA             move.l  (A4), (-$16,A6)
FFCFDE48? 7000                 moveq   #$0, D0
FFCFDE4A? 2D40FFEE             move.l  D0, (-$12,A6)
FFCFDE4E? 3D47FFF2             move.w  D7, (-$e,A6)
FFCFDE52? 3D7C000AFFF4         move.w  #$a, (-$c,A6)
FFCFDE58? 2D40FFF6             move.l  D0, (-$a,A6)
FFCFDE5C? 2D40FFFA             move.l  D0, (-$6,A6)
FFCFDE60? 558F                 subq.l  #2, A7
FFCFDE62? 486EFFEA             pea     (-$16,A6)
FFCFDE66? 7013                 moveq   #$13, D0
FFCFDE68? AAF0                 dc.w    $AAF0                             ; A-line trap AAF0
FFCFDE6A? 4A5F                 tst.w   (A7)+
FFCFDE6C? 660A                 bne     $ffcfde78
FFCFDE6E? 7000                 moveq   #$0, D0
FFCFDE70? 3007                 move.w  D7, D0
FFCFDE72? 29AEFFEE0C24         move.l  (-$12,A6), ($24,A4,D0.l*4)
FFCFDE78? 4CEE1080FFC4         movem.l (-$3c,A6), D7/A4
FFCFDE7E? 4E5E                 unlk    A6
FFCFDE80? 4E75                 rts
FFCFDE82? 00000000             ori.b   #$0, D0
FFCFDE86? 00000000             ori.b   #$0, D0
FFCFDE8A? 00000000             ori.b   #$0, D0
FFCFDE8E? 00004E56             ori.b   #$56, D0
FFCFDE92? 00002F0B             ori.b   #$b, D0
FFCFDE96? 266E0008             movea.l ($8,A6), A3
FFCFDE9A? 226E000C             movea.l ($c,A6), A1
FFCFDE9E? 6002                 bra     $ffcfdea2
FFCFDEA0? 5249                 addq.w  #1, A1
FFCFDEA2? 4A11                 tst.b   (A1)
FFCFDEA4? 6706                 beq     $ffcfdeac
FFCFDEA6? 1011                 move.b  (A1), D0
FFCFDEA8? B01B                 cmp.b   (A3)+, D0
FFCFDEAA? 67F4                 beq     $ffcfdea0
FFCFDEAC? 1011                 move.b  (A1), D0
FFCFDEAE? 266EFFFC             movea.l (-$4,A6), A3
FFCFDEB2? 4E5E                 unlk    A6
FFCFDEB4? 4E75                 rts
FFCFDEB6d 0000000000000000     dc.b    $00,$00,$00,$00,$00,$00,$00,$00,$00,$00,$4E,$56,$FF,$D0 ; |..........NV..|
FFCFDEC4? 48E70018             movem.l A3-A4, -(A7)
FFCFDEC8? 47EEFFF0             lea     (-$10,A6), A3
FFCFDECC? 49EEFFF8             lea     (-$8,A6), A4
FFCFDED0? 3D7C0002FFD4         move.w  #$2, (-$2c,A6)
FFCFDED6? 3D6E000AFFD6         move.w  ($a,A6), (-$2a,A6)
FFCFDEDC? 7010                 moveq   #$10, D0
FFCFDEDE? 2D40FFD8             move.l  D0, (-$28,A6)
FFCFDEE2? 41EEFFE0             lea     (-$20,A6), A0
FFCFDEE6? 2D48FFDC             move.l  A0, (-$24,A6)
FFCFDEEA? 3D7C0008FFE4         move.w  #$8, (-$1c,A6)
FFCFDEF0? 3D7C0008FFE6         move.w  #$8, (-$1a,A6)
FFCFDEF6? 2D4BFFE8             move.l  A3, (-$18,A6)
FFCFDEFA? 2D4CFFEC             move.l  A4, (-$14,A6)
FFCFDEFE? 558F                 subq.l  #2, A7
FFCFDF00? 486EFFD0             pea     (-$30,A6)
FFCFDF04? 7000                 moveq   #$0, D0
FFCFDF06? AAF0                 dc.w    $AAF0                             ; A-line trap AAF0
FFCFDF08? 4A5F                 tst.w   (A7)+
FFCFDF0A? 6638                 bne     $ffcfdf44
FFCFDF0C? 7000                 moveq   #$0, D0
FFCFDF0E? 102EFFE0             move.b  (-$20,A6), D0
FFCFDF12? 0C400005             cmpi.w  #$5, D0
FFCFDF16? 662C                 bne     $ffcfdf44
FFCFDF18? 487A003C             pea     ($ffcfdf56,PC)
FFCFDF1C? 200B                 move.l  A3, D0
FFCFDF1E? 5280                 addq.l  #1, D0
FFCFDF20? 2F00                 move.l  D0, -(A7)
FFCFDF22? 4EBAFF6C             jsr     ($ffcfde90,PC)
FFCFDF26? 4A00                 tst.b   D0
FFCFDF28? 504F                 addq.w  #8, A7
FFCFDF2A? 6618                 bne     $ffcfdf44
FFCFDF2C? 487A0022             pea     ($ffcfdf50,PC)
FFCFDF30? 200C                 move.l  A4, D0
FFCFDF32? 5280                 addq.l  #1, D0
FFCFDF34? 2F00                 move.l  D0, -(A7)
FFCFDF36? 4EBAFF58             jsr     ($ffcfde90,PC)
FFCFDF3A? 4A00                 tst.b   D0
FFCFDF3C? 504F                 addq.w  #8, A7
FFCFDF3E? 6604                 bne     $ffcfdf44
FFCFDF40? 7001                 moveq   #$1, D0
FFCFDF42? 6002                 bra     $ffcfdf46
FFCFDF44? 7000                 moveq   #$0, D0
FFCFDF46? 4CEE1800FFC8         movem.l (-$38,A6), A3-A4
FFCFDF4C? 4E5E                 unlk    A6
FFCFDF4E? 4E75                 rts
FFCFDF50d 4170706C65004D42     dc.b    $41,$70,$70,$6C,$65,$00,$4D,$42,$31,$00,$00,$00,$00,$00,$00,$00 ; |Apple.MB1.......|
FFCFDF60d 4E56FFEA             dc.b    $4E,$56,$FF,$EA                   ; |NV..|
FFCFDF64? 48E70108             movem.l D7/A4, -(A7)
FFCFDF68? 286E000C             movea.l ($c,A6), A4
FFCFDF6C? 3E2E000A             move.w  ($a,A6), D7
FFCFDF70? 48C7                 ext.l   D7
FFCFDF72? 2D747C24FFEE         move.l  ($24,A4,D7.l*4), (-$12,A6)
FFCFDF78? 671C                 beq     $ffcfdf96
FFCFDF7A? 48C7                 ext.l   D7
FFCFDF7C? 7000                 moveq   #$0, D0
FFCFDF7E? 29807C24             move.l  D0, ($24,A4,D7.l*4)
FFCFDF82? 2D54FFEA             move.l  (A4), (-$16,A6)
FFCFDF86? 3D47FFF2             move.w  D7, (-$e,A6)
FFCFDF8A? 558F                 subq.l  #2, A7
FFCFDF8C? 486EFFEA             pea     (-$16,A6)
FFCFDF90? 7015                 moveq   #$15, D0
FFCFDF92? AAF0                 dc.w    $AAF0                             ; A-line trap AAF0
FFCFDF94? 4A5F                 tst.w   (A7)+
FFCFDF96? 4CEE1080FFE2         movem.l (-$1e,A6), D7/A4
FFCFDF9C? 4E5E                 unlk    A6
FFCFDF9E? 4E75                 rts
FFCFDFA0? 4E560000             link    A6, #$0
FFCFDFA4? 48E70338             movem.l D6-D7/A2-A4, -(A7)
FFCFDFA8? 246E0008             movea.l ($8,A6), A2
FFCFDFAC? 4246                 clr.w   D6
FFCFDFAE? 3E2A0002             move.w  ($2,A2), D7
FFCFDFB2? 266A0010             movea.l ($10,A2), A3
FFCFDFB6? 7000                 moveq   #$0, D0
FFCFDFB8? 2840                 movea.l D0, A4
FFCFDFBA? 7200                 moveq   #$0, D1
FFCFDFBC? 3207                 move.w  D7, D1
FFCFDFBE? 0C410020             cmpi.w  #$20, D1
FFCFDFC2? 6408                 bcc     $ffcfdfcc
FFCFDFC4? 7000                 moveq   #$0, D0
FFCFDFC6? 3007                 move.w  D7, D0
FFCFDFC8? 49F30804             lea     ($4,A3,D0.l), A4
FFCFDFCC? 3012                 move.w  (A2), D0
FFCFDFCE? 0C40001C             cmpi.w  #$1c, D0
FFCFDFD2? 620000A2             bhi     $ffcfe076
FFCFDFD6? D040                 add.w   D0, D0
FFCFDFD8? 303B0006             move.w  ($6,PC,D0.w), D0
FFCFDFDC? 4EFB0000             jmp     (PC,D0.w)
FFCFDFE0? 0098003C0046         ori.l   #$3c0046, (A0)+
FFCFDFE6? 00980098005C         ori.l   #$98005c, (A0)+
FFCFDFEC? 009800980098         ori.l   #$980098, (A0)+
FFCFDFF2? 009800980098         ori.l   #$980098, (A0)+
FFCFDFF8? 009800980098         ori.l   #$980098, (A0)+
FFCFDFFE? 009800980098         ori.l   #$980098, (A0)+
FFCFE004? 009800980098         ori.l   #$980098, (A0)+
FFCFE00A? 009800980096         ori.l   #$980096, (A0)+
FFCFE010? 009800980098         ori.l   #$980098, (A0)+
FFCFE016? 00980098200C         ori.l   #$98200c, (A0)+
FFCFE01C? 6758                 beq     $ffcfe076
FFCFE01E? 00140001             ori.b   #$1, (A4)
FFCFE022? 6052                 bra     $ffcfe076
FFCFE024? 200C                 move.l  A4, D0
FFCFE026? 674E                 beq     $ffcfe076
FFCFE028? 2F0B                 move.l  A3, -(A7)
FFCFE02A? 7000                 moveq   #$0, D0
FFCFE02C? 3007                 move.w  D7, D0
FFCFE02E? 2F00                 move.l  D0, -(A7)
FFCFE030? 4EBAFF2E             jsr     ($ffcfdf60,PC)
FFCFE034? 4214                 clr.b   (A4)
FFCFE036? 504F                 addq.w  #8, A7
FFCFE038? 603C                 bra     $ffcfe076
FFCFE03A? 200C                 move.l  A4, D0
FFCFE03C? 6738                 beq     $ffcfe076
FFCFE03E? 7003                 moveq   #$3, D0
FFCFE040? C014                 and.b   (A4), D0
FFCFE042? 7200                 moveq   #$0, D1
FFCFE044? 1200                 move.b  D0, D1
FFCFE046? 0C410001             cmpi.w  #$1, D1
FFCFE04A? 662A                 bne     $ffcfe076
FFCFE04C? 00140002             ori.b   #$2, (A4)
FFCFE050? 7000                 moveq   #$0, D0
FFCFE052? 3007                 move.w  D7, D0
FFCFE054? 2F00                 move.l  D0, -(A7)
FFCFE056? 4EBAFE68             jsr     ($ffcfdec0,PC)
FFCFE05A? 4A00                 tst.b   D0
FFCFE05C? 584F                 addq.w  #4, A7
FFCFE05E? 6716                 beq     $ffcfe076
FFCFE060? 00140004             ori.b   #$4, (A4)
FFCFE064? 2F0B                 move.l  A3, -(A7)
FFCFE066? 7000                 moveq   #$0, D0
FFCFE068? 3007                 move.w  D7, D0
FFCFE06A? 2F00                 move.l  D0, -(A7)
FFCFE06C? 4EBAFDA2             jsr     ($ffcfde10,PC)
FFCFE070? 504F                 addq.w  #8, A7
FFCFE072? 6002                 bra     $ffcfe076
FFCFE074? 7C15                 moveq   #$15, D6
FFCFE076? 3D46000C             move.w  D6, ($c,A6)
FFCFE07A? 4CEE1CC0FFEC         movem.l (-$14,A6), D6-D7/A2-A4
FFCFE080? 4E5E                 unlk    A6
FFCFE082? 4E740004             rtd     #$4; (1+)
FFCFE086d 0000000000000000     dc.b    $00,$00,$00,$00,$00,$00,$00,$00,$00,$00,$4E,$56,$FF,$E2 ; |..........NV..|
FFCFE094? 48E70108             movem.l D7/A4, -(A7)
FFCFE098? 3E2E000E             move.w  ($e,A6), D7
FFCFE09C? 286E0008             movea.l ($8,A6), A4
FFCFE0A0? 200C                 move.l  A4, D0
FFCFE0A2? 6776                 beq     $ffcfe11a
FFCFE0A4? 7000                 moveq   #$0, D0
FFCFE0A6? 3007                 move.w  D7, D0
FFCFE0A8? 0C400020             cmpi.w  #$20, D0
FFCFE0AC? 646C                 bcc     $ffcfe11a
FFCFE0AE? 7000                 moveq   #$0, D0
FFCFE0B0? 3007                 move.w  D7, D0
FFCFE0B2? 7204                 moveq   #$4, D1
FFCFE0B4? C2340804             and.b   ($4,A4,D0.l), D1
FFCFE0B8? 6760                 beq     $ffcfe11a
FFCFE0BA? 2D54FFE2             move.l  (A4), (-$1e,A6)
FFCFE0BE? 3D47FFE6             move.w  D7, (-$1a,A6)
FFCFE0C2? 558F                 subq.l  #2, A7
FFCFE0C4? 486EFFE2             pea     (-$1e,A6)
FFCFE0C8? 7006                 moveq   #$6, D0
FFCFE0CA? AAF0                 dc.w    $AAF0                             ; A-line trap AAF0
FFCFE0CC? 4A5F                 tst.w   (A7)+
FFCFE0CE? 664A                 bne     $ffcfe11a
FFCFE0D0? 202E0010             move.l  ($10,A6), D0
FFCFE0D4? 6B38                 bmi     $ffcfe10e
FFCFE0D6? 0C8000000003         cmpi.l  #$3, D0
FFCFE0DC? 6E30                 bgt     $ffcfe10e
FFCFE0DE? D080                 add.l   D0, D0
FFCFE0E0? 303B0806             move.w  ($6,PC,D0.l), D0
FFCFE0E4? 4EFB0000             jmp     (PC,D0.w)
FFCFE0E8? 0012000A             ori.b   #$a, (A2)
FFCFE0EC? 001A0022             ori.b   #$22, (A2)+
FFCFE0F0? 006E0080FFE8         ori.w   #$80, (-$18,A6)
FFCFE0F6? 6016                 bra     $ffcfe10e
FFCFE0F8d 026EFE7FFFE8600E     dc.b    $02,$6E,$FE,$7F,$FF,$E8,$60,$0E,$00,$6E,$01,$00,$FF,$E8,$60,$06 ; |.n....`..n....`.|
FFCFE108? 026EFEFFFFE8         andi.w  #$feff, (-$18,A6)
FFCFE10E? 558F                 subq.l  #2, A7
FFCFE110? 486EFFE2             pea     (-$1e,A6)
FFCFE114? 701C                 moveq   #$1c, D0
FFCFE116? AAF0                 dc.w    $AAF0                             ; A-line trap AAF0
FFCFE118? 4A5F                 tst.w   (A7)+
FFCFE11A? 4CEE1080FFDA         movem.l (-$26,A6), D7/A4
FFCFE120? 4E5E                 unlk    A6
FFCFE122? 4E75                 rts
FFCFE124? 00000000             ori.b   #$0, D0
FFCFE128? 00000000             ori.b   #$0, D0
FFCFE12C? 00000000             ori.b   #$0, D0
FFCFE130? 4E56FFDA             link    A6, #-$26
FFCFE134? 2F0C                 move.l  A4, -(A7)
FFCFE136? 303CAAF0             move.w  #$aaf0, D0
FFCFE13A? A746                 _GetToolBoxTrapAddress                    ; A-line trap A746
FFCFE13C? 2D48FFDA             move.l  A0, (-$26,A6)
FFCFE140? 303CA89F             move.w  #$a89f, D0
FFCFE144? A746                 _GetToolBoxTrapAddress                    ; A-line trap A746
FFCFE146? 202EFFDA             move.l  (-$26,A6), D0
FFCFE14A? B1C0                 cmpa.l  D0, A0
FFCFE14C? 6770                 beq     $ffcfe1be
FFCFE14E? 203C000000A4         move.l  #$a4, D0
FFCFE154? A71E                 _NewPtrSysClear                           ; A-line trap A71E
FFCFE156? 2848                 movea.l A0, A4
FFCFE158? 200C                 move.l  A4, D0
FFCFE15A? 6762                 beq     $ffcfe1be
FFCFE15C? 7000                 moveq   #$0, D0
FFCFE15E? 2D40FFDE             move.l  D0, (-$22,A6)
FFCFE162? 41FAFE3C             lea     ($ffcfdfa0,PC), A0
FFCFE166? 2D48FFE2             move.l  A0, (-$1e,A6)
FFCFE16A? 3D7C000CFFE6         move.w  #$c, (-$1a,A6)
FFCFE170? 3D7C00C8FFE8         move.w  #$c8, (-$18,A6)
FFCFE176? 2D4CFFEA             move.l  A4, (-$16,A6)
FFCFE17A? 426EFFEE             clr.w   (-$12,A6)
FFCFE17E? 558F                 subq.l  #2, A7
FFCFE180? 486EFFDE             pea     (-$22,A6)
FFCFE184? 7001                 moveq   #$1, D0
FFCFE186? AAF0                 dc.w    $AAF0                             ; A-line trap AAF0
FFCFE188? 4A5F                 tst.w   (A7)+
FFCFE18A? 662E                 bne     $ffcfe1ba
FFCFE18C? 28AEFFDE             move.l  (-$22,A6), (A4)
FFCFE190? 2D6EFFDEFFF0         move.l  (-$22,A6), (-$10,A6)
FFCFE196? 3D7C0003FFF4         move.w  #$3, (-$c,A6)
FFCFE19C? 558F                 subq.l  #2, A7
FFCFE19E? 486EFFF0             pea     (-$10,A6)
FFCFE1A2? 7000                 moveq   #$0, D0
FFCFE1A4? AAF0                 dc.w    $AAF0                             ; A-line trap AAF0
FFCFE1A6? 4A5F                 tst.w   (A7)+
FFCFE1A8? 6604                 bne     $ffcfe1ae
FFCFE1AA? 200C                 move.l  A4, D0
FFCFE1AC? 6012                 bra     $ffcfe1c0
FFCFE1AE? 558F                 subq.l  #2, A7
FFCFE1B0? 486EFFDE             pea     (-$22,A6)
FFCFE1B4? 7002                 moveq   #$2, D0
FFCFE1B6? AAF0                 dc.w    $AAF0                             ; A-line trap AAF0
FFCFE1B8? 544F                 addq.w  #2, A7
FFCFE1BA? 204C                 movea.l A4, A0
FFCFE1BC? A01F                 _DisposePtr                               ; A-line trap A01F
FFCFE1BE? 7000                 moveq   #$0, D0
FFCFE1C0? 286EFFD6             movea.l (-$2a,A6), A4
FFCFE1C4? 4E5E                 unlk    A6
FFCFE1C6? 4E75                 rts
FFCFE1C8d 0000000000000000     dc.b    $00,$00,$00,$00,$00,$00,$00,$00,$78,$00,$00,$00,$00,$00,$00,$00 ; |........x.......|
FFCFE1D8d 000F7A10             dc.b    $00,$0F,$7A,$10                   ; |..z.|
