; ============================================================================
; ROM resource 'sl04' 2 Main at FFEA7F20
; ============================================================================
; data at ROM 2A7F20 (490C bytes), entry at 2AC820, attributes 58, combo 7800000000000000
; data header: 4b757274 c0a00000 0000490c 00000544
; 68k code resource, disassembled from its start (entry points: offset 0, driver
; header entries for DRVR, and executed addresses).
;
; Columns: address, flag, raw bytes, instruction, ; comment.
;   flag '*' executed in the coverage run, ' ' reached by control flow,
;   '?' decodes as code but neither executed nor reached, 'd' data.

FFEA7F20d FFFF000000000020     dc.b    $FF,$FF,$00,$00,$00,$00,$00,$20,$00,$00,$00,$46,$00,$00,$00,$00 ; |....... ...F....|
FFEA7F30d 00000000000047C2     dc.b    $00,$00,$00,$00,$00,$00,$47,$C2,$00,$00,$00,$00,$00,$00,$47,$EC ; |......G.......G.|
FFEA7F40d 0000000000000000     dc.b    $00,$00,$00,$00,$00,$00,$00,$00,$4E,$56,$00,$00,$4E,$5E,$4E,$75 ; |........NV..N^Nu|
FFEA7F50d 41F9FFFFFC6A4EF9     dc.b    $41,$F9,$FF,$FF,$FC,$6A,$4E,$F9,$00,$00,$45,$74,$41,$F9,$FF,$FF ; |A....jN...EtA...|
FFEA7F60d FC784EF900004542     dc.b    $FC,$78,$4E,$F9,$00,$00,$45,$42   ; |.xN...EB|
FFEA7F68? 4E560000             link    A6, #$0
FFEA7F6C? 2F0C                 move.l  A4, -(A7)
FFEA7F6E? 286E0008             movea.l ($8,A6), A4
FFEA7F72? 200C                 move.l  A4, D0
FFEA7F74? 6616                 bne     $ffea7f8c
FFEA7F76? 7000                 moveq   #$0, D0
FFEA7F78? 2F00                 move.l  D0, -(A7)
FFEA7F7A? 48782A4C             pea     $2a4c.w
FFEA7F7E? 4EB900004624         jsr     $4624.l                           ; -> outside
FFEA7F84? 2840                 movea.l D0, A4
FFEA7F86? 200C                 move.l  A4, D0
FFEA7F88? 504F                 addq.w  #8, A7
FFEA7F8A? 671A                 beq     $ffea7fa6
FFEA7F8C? 2F0C                 move.l  A4, -(A7)
FFEA7F8E? 4EB9000043AE         jsr     $43ae.l                           ; -> outside
FFEA7F94? 2840                 movea.l D0, A4
FFEA7F96? 28B9FFFFFC84         move.l  $fffffc84.l, (A4)
FFEA7F9C? 422C0004             clr.b   ($4,A4)
FFEA7FA0? 422C00BA             clr.b   ($ba,A4)
FFEA7FA4? 584F                 addq.w  #4, A7
FFEA7FA6? 200C                 move.l  A4, D0
FFEA7FA8? 286EFFFC             movea.l (-$4,A6), A4
FFEA7FAC? 4E5E                 unlk    A6
FFEA7FAE? 4E75                 rts
FFEA7FB0? 4E560000             link    A6, #$0
FFEA7FB4? 2F0C                 move.l  A4, -(A7)
FFEA7FB6? 286E0008             movea.l ($8,A6), A4
FFEA7FBA? 200C                 move.l  A4, D0
FFEA7FBC? 673E                 beq     $ffea7ffc
FFEA7FBE? 28B9FFFFFC84         move.l  $fffffc84.l, (A4)
FFEA7FC4? 4A2C0004             tst.b   ($4,A4)
FFEA7FC8? 670C                 beq     $ffea7fd6
FFEA7FCA? 2F0C                 move.l  A4, -(A7)
FFEA7FCC? 2054                 movea.l (A4), A0
FFEA7FCE? 22680028             movea.l ($28,A0), A1
FFEA7FD2? 4E91                 jsr     (A1)
FFEA7FD4? 584F                 addq.w  #4, A7
FFEA7FD6? 200C                 move.l  A4, D0
FFEA7FD8? 6722                 beq     $ffea7ffc
FFEA7FDA? 7000                 moveq   #$0, D0
FFEA7FDC? 2F00                 move.l  D0, -(A7)
FFEA7FDE? 2F0C                 move.l  A4, -(A7)
FFEA7FE0? 4EB9000043BA         jsr     $43ba.l                           ; -> outside
FFEA7FE6? 202E000C             move.l  ($c,A6), D0
FFEA7FEA? 08000000             btst    #$0, D0
FFEA7FEE? 504F                 addq.w  #8, A7
FFEA7FF0? 670A                 beq     $ffea7ffc
FFEA7FF2? 2F0C                 move.l  A4, -(A7)
FFEA7FF4? 4EB9000045CA         jsr     $45ca.l                           ; -> outside
FFEA7FFA? 584F                 addq.w  #4, A7
FFEA7FFC? 286EFFFC             movea.l (-$4,A6), A4
FFEA8000? 4E5E                 unlk    A6
FFEA8002? 4E75                 rts
FFEA8004? 4E56FFEE             link    A6, #-$12
FFEA8008? 48E71318             movem.l D3/D6-D7/A3-A4, -(A7)
FFEA800C? 266E000C             movea.l ($c,A6), A3
FFEA8010? 286E0008             movea.l ($8,A6), A4
FFEA8014? 4A2C0004             tst.b   ($4,A4)
FFEA8018? 6708                 beq     $ffea8022
FFEA801A? 303CC4DE             move.w  #$c4de, D0
FFEA801E? 6000081A             bra     $ffea883a
FFEA8022? 7000                 moveq   #$0, D0
FFEA8024? 3013                 move.w  (A3), D0
FFEA8026? 0C400001             cmpi.w  #$1, D0
FFEA802A? 6308                 bls     $ffea8034
FFEA802C? 303CC4DB             move.w  #$c4db, D0
FFEA8030? 60000808             bra     $ffea883a
FFEA8034? 296B00020006         move.l  ($2,A3), ($6,A4)
FFEA803A? 7001                 moveq   #$1, D0
FFEA803C? B0AC0006             cmp.l   ($6,A4), D0
FFEA8040? 6710                 beq     $ffea8052
FFEA8042? 7002                 moveq   #$2, D0
FFEA8044? B0AC0006             cmp.l   ($6,A4), D0
FFEA8048? 6708                 beq     $ffea8052
FFEA804A? 303CC4EE             move.w  #$c4ee, D0
FFEA804E? 600007EA             bra     $ffea883a
FFEA8052? 203C7067737A         move.l  #$7067737a, D0
FFEA8058? 41EEFFEE             lea     (-$12,A6), A0
FFEA805C? 2248                 movea.l A0, A1
FFEA805E? A1AD                 _Gestalt                                  ; A-line trap A1AD
FFEA8060? 2288                 move.l  A0, (A1)
FFEA8062? 3E00                 move.w  D0, D7
FFEA8064? 6606                 bne     $ffea806c
FFEA8066? 4AAEFFEE             tst.l   (-$12,A6)
FFEA806A? 6608                 bne     $ffea8074
FFEA806C? 2D7C00001000FFEE     move.l  #$1000, (-$12,A6)
FFEA8074? 203C00002000         move.l  #$2000, D0
FFEA807A? 222EFFEE             move.l  (-$12,A6), D1
FFEA807E? 4EB90000474A         jsr     $474a.l                           ; -> outside
FFEA8084? 4A80                 tst.l   D0
FFEA8086? 6722                 beq     $ffea80aa
FFEA8088? 203C00002000         move.l  #$2000, D0
FFEA808E? 222EFFEE             move.l  (-$12,A6), D1
FFEA8092? 4EB90000473A         jsr     $473a.l                           ; -> outside
FFEA8098? 5280                 addq.l  #1, D0
FFEA809A? 222EFFEE             move.l  (-$12,A6), D1
FFEA809E? 4EB900004712         jsr     $4712.l                           ; -> outside
FFEA80A4? 29401A0A             move.l  D0, ($1a0a,A4)
FFEA80A8? 6008                 bra     $ffea80b2
FFEA80AA? 297C000020001A0A     move.l  #$2000, ($1a0a,A4)
FFEA80B2? 296C1A0A1A22         move.l  ($1a0a,A4), ($1a22,A4)
FFEA80B8? 296EFFEE1A0E         move.l  (-$12,A6), ($1a0e,A4)
FFEA80BE? 486C1A0A             pea     ($1a0a,A4)
FFEA80C2? 2F0C                 move.l  A4, -(A7)
FFEA80C4? 2054                 movea.l (A4), A0
FFEA80C6? 22680040             movea.l ($40,A0), A1
FFEA80CA? 4E91                 jsr     (A1)
FFEA80CC? 3E00                 move.w  D0, D7
FFEA80CE? 504F                 addq.w  #8, A7
FFEA80D0? 6706                 beq     $ffea80d8
FFEA80D2? 3007                 move.w  D7, D0
FFEA80D4? 60000764             bra     $ffea883a
FFEA80D8? 296C1A121934         move.l  ($1a12,A4), ($1934,A4)
FFEA80DE? 296C1A0A1944         move.l  ($1a0a,A4), ($1944,A4)
FFEA80E4? 202C1A16             move.l  ($1a16,A4), D0
FFEA80E8? 90AC1934             sub.l   ($1934,A4), D0
FFEA80EC? 2940198E             move.l  D0, ($198e,A4)
FFEA80F0? 202C1944             move.l  ($1944,A4), D0
FFEA80F4? D0AC1934             add.l   ($1934,A4), D0
FFEA80F8? 2940193C             move.l  D0, ($193c,A4)
FFEA80FC? 296EFFEE1A26         move.l  (-$12,A6), ($1a26,A4)
FFEA8102? 486C1A22             pea     ($1a22,A4)
FFEA8106? 2F0C                 move.l  A4, -(A7)
FFEA8108? 2054                 movea.l (A4), A0
FFEA810A? 22680040             movea.l ($40,A0), A1
FFEA810E? 4E91                 jsr     (A1)
FFEA8110? 3E00                 move.w  D0, D7
FFEA8112? 504F                 addq.w  #8, A7
FFEA8114? 6716                 beq     $ffea812c
FFEA8116? 486C1A0A             pea     ($1a0a,A4)
FFEA811A? 2F0C                 move.l  A4, -(A7)
FFEA811C? 2054                 movea.l (A4), A0
FFEA811E? 22680044             movea.l ($44,A0), A1
FFEA8122? 4E91                 jsr     (A1)
FFEA8124? 3007                 move.w  D7, D0
FFEA8126? 504F                 addq.w  #8, A7
FFEA8128? 60000710             bra     $ffea883a
FFEA812C? 296C1A2A1938         move.l  ($1a2a,A4), ($1938,A4)
FFEA8132? 296C1A221948         move.l  ($1a22,A4), ($1948,A4)
FFEA8138? 202C1A2E             move.l  ($1a2e,A4), D0
FFEA813C? 90AC1938             sub.l   ($1938,A4), D0
FFEA8140? 29401992             move.l  D0, ($1992,A4)
FFEA8144? 202C1948             move.l  ($1948,A4), D0
FFEA8148? D0AC1938             add.l   ($1938,A4), D0
FFEA814C? 29401940             move.l  D0, ($1940,A4)
FFEA8150? 203C00004000         move.l  #$4000, D0
FFEA8156? 222EFFEE             move.l  (-$12,A6), D1
FFEA815A? 4EB90000474A         jsr     $474a.l                           ; -> outside
FFEA8160? 4A80                 tst.l   D0
FFEA8162? 6722                 beq     $ffea8186
FFEA8164? 203C00004000         move.l  #$4000, D0
FFEA816A? 222EFFEE             move.l  (-$12,A6), D1
FFEA816E? 4EB90000473A         jsr     $473a.l                           ; -> outside
FFEA8174? 5280                 addq.l  #1, D0
FFEA8176? 222EFFEE             move.l  (-$12,A6), D1
FFEA817A? 4EB900004712         jsr     $4712.l                           ; -> outside
FFEA8180? 294019F2             move.l  D0, ($19f2,A4)
FFEA8184? 6008                 bra     $ffea818e
FFEA8186? 297C0000400019F2     move.l  #$4000, ($19f2,A4)
FFEA818E? 296EFFEE19F6         move.l  (-$12,A6), ($19f6,A4)
FFEA8194? 486C19F2             pea     ($19f2,A4)
FFEA8198? 2F0C                 move.l  A4, -(A7)
FFEA819A? 2054                 movea.l (A4), A0
FFEA819C? 22680040             movea.l ($40,A0), A1
FFEA81A0? 4E91                 jsr     (A1)
FFEA81A2? 3E00                 move.w  D0, D7
FFEA81A4? 504F                 addq.w  #8, A7
FFEA81A6? 6726                 beq     $ffea81ce
FFEA81A8? 486C1A0A             pea     ($1a0a,A4)
FFEA81AC? 2F0C                 move.l  A4, -(A7)
FFEA81AE? 2054                 movea.l (A4), A0
FFEA81B0? 22680044             movea.l ($44,A0), A1
FFEA81B4? 4E91                 jsr     (A1)
FFEA81B6? 486C1A22             pea     ($1a22,A4)
FFEA81BA? 2F0C                 move.l  A4, -(A7)
FFEA81BC? 2054                 movea.l (A4), A0
FFEA81BE? 22680044             movea.l ($44,A0), A1
FFEA81C2? 4E91                 jsr     (A1)
FFEA81C4? 3007                 move.w  D7, D0
FFEA81C6? 4FEF0010             lea     ($10,A7), A7
FFEA81CA? 6000066E             bra     $ffea883a
FFEA81CE? 296C19FA199A         move.l  ($19fa,A4), ($199a,A4)
FFEA81D4? 202C19FE             move.l  ($19fe,A4), D0
FFEA81D8? 90AC199A             sub.l   ($199a,A4), D0
FFEA81DC? 29401996             move.l  D0, ($1996,A4)
FFEA81E0? 206C199A             movea.l ($199a,A4), A0
FFEA81E4? 41E82010             lea     ($2010,A0), A0
FFEA81E8? 2948199E             move.l  A0, ($199e,A4)
FFEA81EC? 206C199A             movea.l ($199a,A4), A0
FFEA81F0? 41E82020             lea     ($2020,A0), A0
FFEA81F4? 294819A2             move.l  A0, ($19a2,A4)
FFEA81F8? 206C199A             movea.l ($199a,A4), A0
FFEA81FC? 41E82030             lea     ($2030,A0), A0
FFEA8200? 294819A6             move.l  A0, ($19a6,A4)
FFEA8204? 206C199A             movea.l ($199a,A4), A0
FFEA8208? 41E82040             lea     ($2040,A0), A0
FFEA820C? 294819AA             move.l  A0, ($19aa,A4)
FFEA8210? 206C199A             movea.l ($199a,A4), A0
FFEA8214? 41E82050             lea     ($2050,A0), A0
FFEA8218? 294819AE             move.l  A0, ($19ae,A4)
FFEA821C? 206C199A             movea.l ($199a,A4), A0
FFEA8220? 41E82060             lea     ($2060,A0), A0
FFEA8224? 294819B2             move.l  A0, ($19b2,A4)
FFEA8228? 206C199A             movea.l ($199a,A4), A0
FFEA822C? 41E82070             lea     ($2070,A0), A0
FFEA8230? 294819B6             move.l  A0, ($19b6,A4)
FFEA8234? 206C199A             movea.l ($199a,A4), A0
FFEA8238? 41E82080             lea     ($2080,A0), A0
FFEA823C? 294819BA             move.l  A0, ($19ba,A4)
FFEA8240? 206C199A             movea.l ($199a,A4), A0
FFEA8244? 41E820B0             lea     ($20b0,A0), A0
FFEA8248? 294819BE             move.l  A0, ($19be,A4)
FFEA824C? 203C70000000         move.l  #$70000000, D0
FFEA8252? E158                 rol.w   #8, D0
FFEA8254? 4840                 swap    D0
FFEA8256? E158                 rol.w   #8, D0
FFEA8258? 206C19BE             movea.l ($19be,A4), A0
FFEA825C? 21400010             move.l  D0, ($10,A0)
FFEA8260? 206C19BE             movea.l ($19be,A4), A0
FFEA8264? 7000                 moveq   #$0, D0
FFEA8266? 21400014             move.l  D0, ($14,A0)
FFEA826A? 206C19BE             movea.l ($19be,A4), A0
FFEA826E? 21400018             move.l  D0, ($18,A0)
FFEA8272? 206C19BE             movea.l ($19be,A4), A0
FFEA8276? 2140001C             move.l  D0, ($1c,A0)
FFEA827A? 222C0006             move.l  ($6,A4), D1
FFEA827E? 5381                 subq.l  #1, D1
FFEA8280? 670A                 beq     $ffea828c
FFEA8282? 5381                 subq.l  #1, D1
FFEA8284? 670001FC             beq     $ffea8482
FFEA8288? 600003C2             bra     $ffea864c
FFEA828C? 558F                 subq.l  #2, A7
FFEA828E? 1EB80290             move.b  $290.w, (A7)                      ; PortAUse
FFEA8292? 1C1F                 move.b  (A7)+, D6
FFEA8294? 6F44                 ble     $ffea82da
FFEA8296? 486C1A0A             pea     ($1a0a,A4)
FFEA829A? 2F0C                 move.l  A4, -(A7)
FFEA829C? 2054                 movea.l (A4), A0
FFEA829E? 22680044             movea.l ($44,A0), A1
FFEA82A2? 4E91                 jsr     (A1)
FFEA82A4? 486C1A22             pea     ($1a22,A4)
FFEA82A8? 2F0C                 move.l  A4, -(A7)
FFEA82AA? 2054                 movea.l (A4), A0
FFEA82AC? 22680044             movea.l ($44,A0), A1
FFEA82B0? 4E91                 jsr     (A1)
FFEA82B2? 486C19F2             pea     ($19f2,A4)
FFEA82B6? 2F0C                 move.l  A4, -(A7)
FFEA82B8? 2054                 movea.l (A4), A0
FFEA82BA? 22680044             movea.l ($44,A0), A1
FFEA82BE? 4E91                 jsr     (A1)
FFEA82C0? 0C060001             cmpi.b  #$1, D6
FFEA82C4? 4FEF0018             lea     ($18,A7), A7
FFEA82C8? 6608                 bne     $ffea82d2
FFEA82CA? 303CC4D9             move.w  #$c4d9, D0
FFEA82CE? 6000056A             bra     $ffea883a
FFEA82D2d 303CC4DE60000562     dc.b    $30,$3C,$C4,$DE,$60,$00,$05,$62   ; |0<..`..b|
FFEA82DA? 7002                 moveq   #$2, D0
FFEA82DC? 1F00                 move.b  D0, -(A7)
FFEA82DE? 11DF0290             move.b  (A7)+, $290.w                     ; PortAUse
FFEA82E2? 598F                 subq.l  #4, A7
FFEA82E4? 2EB801D8             move.l  $1d8.w, (A7)                      ; SCCRd
FFEA82E8? 201F                 move.l  (A7)+, D0
FFEA82EA? 5480                 addq.l  #2, D0
FFEA82EC? 294018E2             move.l  D0, ($18e2,A4)
FFEA82F0? 598F                 subq.l  #4, A7
FFEA82F2? 2EB801DC             move.l  $1dc.w, (A7)                      ; SCCWr
FFEA82F6? 201F                 move.l  (A7)+, D0
FFEA82F8? 5480                 addq.l  #2, D0
FFEA82FA? 294018E6             move.l  D0, ($18e6,A4)
FFEA82FE? 197C008018FA         move.b  #$80, ($18fa,A4)
FFEA8304? 203C73657220         move.l  #$73657220, D0
FFEA830A? 41EEFFEE             lea     (-$12,A6), A0
FFEA830E? 2248                 movea.l A0, A1
FFEA8310? A1AD                 _Gestalt                                  ; A-line trap A1AD
FFEA8312? 2288                 move.l  A0, (A1)
FFEA8314? 3E00                 move.w  D0, D7
FFEA8316? 6608                 bne     $ffea8320
FFEA8318? 7002                 moveq   #$2, D0
FFEA831A? C0AEFFEE             and.l   (-$12,A6), D0
FFEA831E? 6606                 bne     $ffea8326
FFEA8320? 422C00C0             clr.b   ($c0,A4)
FFEA8324? 6006                 bra     $ffea832c
FFEA8326? 197C000100C0         move.b  #$1, ($c0,A4)
FFEA832C? 7000                 moveq   #$0, D0
FFEA832E? 2940000A             move.l  D0, ($a,A4)
FFEA8332? 4A2C00BA             tst.b   ($ba,A4)
FFEA8336? 6614                 bne     $ffea834c
FFEA8338? 598F                 subq.l  #4, A7
FFEA833A? 2EB802D0             move.l  $2d0.w, (A7)                      ; SerialVars
FFEA833E? 0C9F4E445452         cmpi.l  #$4e445452, (A7)+
FFEA8344? 56C3                 sne     D3
FFEA8346? 4403                 neg.b   D3
FFEA8348? 194300B9             move.b  D3, ($b9,A4)
FFEA834C? 2F0C                 move.l  A4, -(A7)
FFEA834E? 21DF02D0             move.l  (A7)+, $2d0.w                     ; SerialVars
FFEA8352? 397C0006192C         move.w  #$6, ($192c,A4)
FFEA8358? 397C0004192E         move.w  #$4, ($192e,A4)
FFEA835E? 397C00071930         move.w  #$7, ($1930,A4)
FFEA8364? 397C00021932         move.w  #$2, ($1932,A4)
FFEA836A? 41F9000040A4         lea     $40a4.l, A0
FFEA8370? 294818FC             move.l  A0, ($18fc,A4)
FFEA8374? 41F9000040B0         lea     $40b0.l, A0
FFEA837A? 29481900             move.l  A0, ($1900,A4)
FFEA837E? 41F9000040C8         lea     $40c8.l, A0
FFEA8384? 29481904             move.l  A0, ($1904,A4)
FFEA8388? 41F9000040BC         lea     $40bc.l, A0
FFEA838E? 29481908             move.l  A0, ($1908,A4)
FFEA8392? 41F9000040D4         lea     $40d4.l, A0
FFEA8398? 2948195C             move.l  A0, ($195c,A4)
FFEA839C? 41F900004106         lea     $4106.l, A0
FFEA83A2? 29481960             move.l  A0, ($1960,A4)
FFEA83A6? 41F9000040A4         lea     $40a4.l, A0
FFEA83AC? 2948190C             move.l  A0, ($190c,A4)
FFEA83B0? 41F9000040B0         lea     $40b0.l, A0
FFEA83B6? 29481910             move.l  A0, ($1910,A4)
FFEA83BA? 41F9000040C8         lea     $40c8.l, A0
FFEA83C0? 29481914             move.l  A0, ($1914,A4)
FFEA83C4? 41F9000040BC         lea     $40bc.l, A0
FFEA83CA? 29481918             move.l  A0, ($1918,A4)
FFEA83CE? 41F900004138         lea     $4138.l, A0
FFEA83D4? 29481964             move.l  A0, ($1964,A4)
FFEA83D8? 41F90000416A         lea     $416a.l, A0
FFEA83DE? 29481968             move.l  A0, ($1968,A4)
FFEA83E2? 207802B6             movea.l $2b6.w, A0                        ; BasicGlob
FFEA83E6? 20680210             movea.l ($210,A0), A0
FFEA83EA? 2010                 move.l  (A0), D0
FFEA83EC? D0BC00008500         add.l   #$8500, D0
FFEA83F2? 2040                 movea.l D0, A0
FFEA83F4? 29481976             move.l  A0, ($1976,A4)
FFEA83F8? 207802B6             movea.l $2b6.w, A0                        ; BasicGlob
FFEA83FC? 20680210             movea.l ($210,A0), A0
FFEA8400? 2010                 move.l  (A0), D0
FFEA8402? D0BC00008500         add.l   #$8500, D0
FFEA8408? 2040                 movea.l D0, A0
FFEA840A? 5888                 addq.l  #4, A0
FFEA840C? 2948197A             move.l  A0, ($197a,A4)
FFEA8410? 207802B6             movea.l $2b6.w, A0                        ; BasicGlob
FFEA8414? 20680210             movea.l ($210,A0), A0
FFEA8418? 2010                 move.l  (A0), D0
FFEA841A? D0BC00008500         add.l   #$8500, D0
FFEA8420? 2040                 movea.l D0, A0
FFEA8422? 41E8000C             lea     ($c,A0), A0
FFEA8426? 2948197E             move.l  A0, ($197e,A4)
FFEA842A? 207802B6             movea.l $2b6.w, A0                        ; BasicGlob
FFEA842E? 20680210             movea.l ($210,A0), A0
FFEA8432? 2010                 move.l  (A0), D0
FFEA8434? D0BC00008400         add.l   #$8400, D0
FFEA843A? 2040                 movea.l D0, A0
FFEA843C? 29481982             move.l  A0, ($1982,A4)
FFEA8440? 207802B6             movea.l $2b6.w, A0                        ; BasicGlob
FFEA8444? 20680210             movea.l ($210,A0), A0
FFEA8448? 2010                 move.l  (A0), D0
FFEA844A? D0BC00008400         add.l   #$8400, D0
FFEA8450? 2040                 movea.l D0, A0
FFEA8452? 5888                 addq.l  #4, A0
FFEA8454? 29481986             move.l  A0, ($1986,A4)
FFEA8458? 207802B6             movea.l $2b6.w, A0                        ; BasicGlob
FFEA845C? 20680210             movea.l ($210,A0), A0
FFEA8460? 2010                 move.l  (A0), D0
FFEA8462? D0BC00008400         add.l   #$8400, D0
FFEA8468? 2040                 movea.l D0, A0
FFEA846A? 41E8000C             lea     ($c,A0), A0
FFEA846E? 2948198A             move.l  A0, ($198a,A4)
FFEA8472? 701D                 moveq   #$1d, D0
FFEA8474? 29401954             move.l  D0, ($1954,A4)
FFEA8478? 721C                 moveq   #$1c, D1
FFEA847A? 29411958             move.l  D1, ($1958,A4)
FFEA847E? 600001CC             bra     $ffea864c
FFEA8482? 7002                 moveq   #$2, D0
FFEA8484? 2F00                 move.l  D0, -(A7)
FFEA8486? 2F0C                 move.l  A4, -(A7)
FFEA8488? 4EB90000451A         jsr     $451a.l                           ; -> outside
FFEA848E? 1C00                 move.b  D0, D6
FFEA8490? 504F                 addq.w  #8, A7
FFEA8492? 6744                 beq     $ffea84d8
FFEA8494? 486C1A0A             pea     ($1a0a,A4)
FFEA8498? 2F0C                 move.l  A4, -(A7)
FFEA849A? 2054                 movea.l (A4), A0
FFEA849C? 22680044             movea.l ($44,A0), A1
FFEA84A0? 4E91                 jsr     (A1)
FFEA84A2? 486C1A22             pea     ($1a22,A4)
FFEA84A6? 2F0C                 move.l  A4, -(A7)
FFEA84A8? 2054                 movea.l (A4), A0
FFEA84AA? 22680044             movea.l ($44,A0), A1
FFEA84AE? 4E91                 jsr     (A1)
FFEA84B0? 486C19F2             pea     ($19f2,A4)
FFEA84B4? 2F0C                 move.l  A4, -(A7)
FFEA84B6? 2054                 movea.l (A4), A0
FFEA84B8? 22680044             movea.l ($44,A0), A1
FFEA84BC? 4E91                 jsr     (A1)
FFEA84BE? 0C060001             cmpi.b  #$1, D6
FFEA84C2? 4FEF0018             lea     ($18,A7), A7
FFEA84C6? 6608                 bne     $ffea84d0
FFEA84C8? 303CC4D9             move.w  #$c4d9, D0
FFEA84CC? 6000036C             bra     $ffea883a
FFEA84D0d 303CC4DE60000364     dc.b    $30,$3C,$C4,$DE,$60,$00,$03,$64   ; |0<..`..d|
FFEA84D8? 598F                 subq.l  #4, A7
FFEA84DA? 2EB801D8             move.l  $1d8.w, (A7)                      ; SCCRd
FFEA84DE? 201F                 move.l  (A7)+, D0
FFEA84E0? 294018E2             move.l  D0, ($18e2,A4)
FFEA84E4? 598F                 subq.l  #4, A7
FFEA84E6? 2EB801DC             move.l  $1dc.w, (A7)                      ; SCCWr
FFEA84EA? 201F                 move.l  (A7)+, D0
FFEA84EC? 294018E6             move.l  D0, ($18e6,A4)
FFEA84F0? 197C004018FA         move.b  #$40, ($18fa,A4)
FFEA84F6? 422C00C0             clr.b   ($c0,A4)
FFEA84FA? 297C00010000000A     move.l  #$10000, ($a,A4)
FFEA8502? 4A2C00BA             tst.b   ($ba,A4)
FFEA8506? 6614                 bne     $ffea851c
FFEA8508? 207802B6             movea.l $2b6.w, A0                        ; BasicGlob
FFEA850C? 0CA84E4454520058     cmpi.l  #$4e445452, ($58,A0)
FFEA8514? 56C3                 sne     D3
FFEA8516? 4403                 neg.b   D3
FFEA8518? 194300B9             move.b  D3, ($b9,A4)
FFEA851C? 207802B6             movea.l $2b6.w, A0                        ; BasicGlob
FFEA8520? 214C0058             move.l  A4, ($58,A0)
FFEA8524? 397C0002192C         move.w  #$2, ($192c,A4)
FFEA852A? 426C192E             clr.w   ($192e,A4)
FFEA852E? 397C00031930         move.w  #$3, ($1930,A4)
FFEA8534? 426C1932             clr.w   ($1932,A4)
FFEA8538? 41F90000419C         lea     $419c.l, A0
FFEA853E? 294818FC             move.l  A0, ($18fc,A4)
FFEA8542? 41F9000041AC         lea     $41ac.l, A0
FFEA8548? 29481900             move.l  A0, ($1900,A4)
FFEA854C? 41F9000041CC         lea     $41cc.l, A0
FFEA8552? 29481904             move.l  A0, ($1904,A4)
FFEA8556? 41F9000041BC         lea     $41bc.l, A0
FFEA855C? 29481908             move.l  A0, ($1908,A4)
FFEA8560? 41F9000041DC         lea     $41dc.l, A0
FFEA8566? 2948195C             move.l  A0, ($195c,A4)
FFEA856A? 41F900004212         lea     $4212.l, A0
FFEA8570? 29481960             move.l  A0, ($1960,A4)
FFEA8574? 41F90000419C         lea     $419c.l, A0
FFEA857A? 2948190C             move.l  A0, ($190c,A4)
FFEA857E? 41F9000041AC         lea     $41ac.l, A0
FFEA8584? 29481910             move.l  A0, ($1910,A4)
FFEA8588? 41F9000041CC         lea     $41cc.l, A0
FFEA858E? 29481914             move.l  A0, ($1914,A4)
FFEA8592? 41F9000041BC         lea     $41bc.l, A0
FFEA8598? 29481918             move.l  A0, ($1918,A4)
FFEA859C? 41F900004248         lea     $4248.l, A0
FFEA85A2? 29481964             move.l  A0, ($1964,A4)
FFEA85A6? 41F90000427E         lea     $427e.l, A0
FFEA85AC? 29481968             move.l  A0, ($1968,A4)
FFEA85B0? 207802B6             movea.l $2b6.w, A0                        ; BasicGlob
FFEA85B4? 20680210             movea.l ($210,A0), A0
FFEA85B8? 2010                 move.l  (A0), D0
FFEA85BA? D0BC00008700         add.l   #$8700, D0
FFEA85C0? 2040                 movea.l D0, A0
FFEA85C2? 29481976             move.l  A0, ($1976,A4)
FFEA85C6? 207802B6             movea.l $2b6.w, A0                        ; BasicGlob
FFEA85CA? 20680210             movea.l ($210,A0), A0
FFEA85CE? 2010                 move.l  (A0), D0
FFEA85D0? D0BC00008700         add.l   #$8700, D0
FFEA85D6? 2040                 movea.l D0, A0
FFEA85D8? 5888                 addq.l  #4, A0
FFEA85DA? 2948197A             move.l  A0, ($197a,A4)
FFEA85DE? 207802B6             movea.l $2b6.w, A0                        ; BasicGlob
FFEA85E2? 20680210             movea.l ($210,A0), A0
FFEA85E6? 2010                 move.l  (A0), D0
FFEA85E8? D0BC00008700         add.l   #$8700, D0
FFEA85EE? 2040                 movea.l D0, A0
FFEA85F0? 41E8000C             lea     ($c,A0), A0
FFEA85F4? 2948197E             move.l  A0, ($197e,A4)
FFEA85F8? 207802B6             movea.l $2b6.w, A0                        ; BasicGlob
FFEA85FC? 20680210             movea.l ($210,A0), A0
FFEA8600? 2010                 move.l  (A0), D0
FFEA8602? D0BC00008600         add.l   #$8600, D0
FFEA8608? 2040                 movea.l D0, A0
FFEA860A? 29481982             move.l  A0, ($1982,A4)
FFEA860E? 207802B6             movea.l $2b6.w, A0                        ; BasicGlob
FFEA8612? 20680210             movea.l ($210,A0), A0
FFEA8616? 2010                 move.l  (A0), D0
FFEA8618? D0BC00008600         add.l   #$8600, D0
FFEA861E? 2040                 movea.l D0, A0
FFEA8620? 5888                 addq.l  #4, A0
FFEA8622? 29481986             move.l  A0, ($1986,A4)
FFEA8626? 207802B6             movea.l $2b6.w, A0                        ; BasicGlob
FFEA862A? 20680210             movea.l ($210,A0), A0
FFEA862E? 2010                 move.l  (A0), D0
FFEA8630? D0BC00008600         add.l   #$8600, D0
FFEA8636? 2040                 movea.l D0, A0
FFEA8638? 41E8000C             lea     ($c,A0), A0
FFEA863C? 2948198A             move.l  A0, ($198a,A4)
FFEA8640? 701F                 moveq   #$1f, D0
FFEA8642? 29401954             move.l  D0, ($1954,A4)
FFEA8646? 721E                 moveq   #$1e, D1
FFEA8648? 29411958             move.l  D1, ($1958,A4)
FFEA864C? 7000                 moveq   #$0, D0
FFEA864E? 2940002A             move.l  D0, ($2a,A4)
FFEA8652? 2940002E             move.l  D0, ($2e,A4)
FFEA8656? 2940003A             move.l  D0, ($3a,A4)
FFEA865A? 2940003E             move.l  D0, ($3e,A4)
FFEA865E? 426C004A             clr.w   ($4a,A4)
FFEA8662? 426C004C             clr.w   ($4c,A4)
FFEA8666? 2940196C             move.l  D0, ($196c,A4)
FFEA866A? 29401970             move.l  D0, ($1970,A4)
FFEA866E? 422C1974             clr.b   ($1974,A4)
FFEA8672? 2940004E             move.l  D0, ($4e,A4)
FFEA8676? 29400052             move.l  D0, ($52,A4)
FFEA867A? 29400056             move.l  D0, ($56,A4)
FFEA867E? 2940005A             move.l  D0, ($5a,A4)
FFEA8682? 2940005E             move.l  D0, ($5e,A4)
FFEA8686? 29400062             move.l  D0, ($62,A4)
FFEA868A? 29400066             move.l  D0, ($66,A4)
FFEA868E? 2940006A             move.l  D0, ($6a,A4)
FFEA8692? 2940006E             move.l  D0, ($6e,A4)
FFEA8696? 29400072             move.l  D0, ($72,A4)
FFEA869A? 29400076             move.l  D0, ($76,A4)
FFEA869E? 2940007A             move.l  D0, ($7a,A4)
FFEA86A2? 2940007E             move.l  D0, ($7e,A4)
FFEA86A6? 29400082             move.l  D0, ($82,A4)
FFEA86AA? 29400086             move.l  D0, ($86,A4)
FFEA86AE? 2940008A             move.l  D0, ($8a,A4)
FFEA86B2? 426C000E             clr.w   ($e,A4)
FFEA86B6? 422C0010             clr.b   ($10,A4)
FFEA86BA? 29400012             move.l  D0, ($12,A4)
FFEA86BE? 29400016             move.l  D0, ($16,A4)
FFEA86C2? 426C001A             clr.w   ($1a,A4)
FFEA86C6? 422C001C             clr.b   ($1c,A4)
FFEA86CA? 426C001E             clr.w   ($1e,A4)
FFEA86CE? 422C0020             clr.b   ($20,A4)
FFEA86D2? 426C0022             clr.w   ($22,A4)
FFEA86D6? 426C0024             clr.w   ($24,A4)
FFEA86DA? 422C0027             clr.b   ($27,A4)
FFEA86DE? 422C0028             clr.b   ($28,A4)
FFEA86E2? 426C18DE             clr.w   ($18de,A4)
FFEA86E6? 397C001018E0         move.w  #$10, ($18e0,A4)
FFEA86EC? 197C000100BD         move.b  #$1, ($bd,A4)
FFEA86F2? 422C00B8             clr.b   ($b8,A4)
FFEA86F6? 422C0026             clr.b   ($26,A4)
FFEA86FA? 2940009E             move.l  D0, ($9e,A4)
FFEA86FE? 426C00A6             clr.w   ($a6,A4)
FFEA8702? 294000B0             move.l  D0, ($b0,A4)
FFEA8706? 426C00B4             clr.w   ($b4,A4)
FFEA870A? 294019E6             move.l  D0, ($19e6,A4)
FFEA870E? 294000C4             move.l  D0, ($c4,A4)
FFEA8712? 294000C8             move.l  D0, ($c8,A4)
FFEA8716? 426C1A3C             clr.w   ($1a3c,A4)
FFEA871A? 426C1A3E             clr.w   ($1a3e,A4)
FFEA871E? 426C1A40             clr.w   ($1a40,A4)
FFEA8722? 422C1A42             clr.b   ($1a42,A4)
FFEA8726? 2940008E             move.l  D0, ($8e,A4)
FFEA872A? 29400092             move.l  D0, ($92,A4)
FFEA872E? 426C00B6             clr.w   ($b6,A4)
FFEA8732? 197C000118DB         move.b  #$1, ($18db,A4)
FFEA8738? 197C000118DC         move.b  #$1, ($18dc,A4)
FFEA873E? 422C00C1             clr.b   ($c1,A4)
FFEA8742? 197C000100BC         move.b  #$1, ($bc,A4)
FFEA8748? 197C000100BB         move.b  #$1, ($bb,A4)
FFEA874E? 222C18E2             move.l  ($18e2,A4), D1
FFEA8752? 5881                 addq.l  #4, D1
FFEA8754? 294118EA             move.l  D1, ($18ea,A4)
FFEA8758? 222C18E6             move.l  ($18e6,A4), D1
FFEA875C? 5881                 addq.l  #4, D1
FFEA875E? 294118EE             move.l  D1, ($18ee,A4)
FFEA8762? 222C18E2             move.l  ($18e2,A4), D1
FFEA8766? 5081                 addq.l  #8, D1
FFEA8768? 294118F2             move.l  D1, ($18f2,A4)
FFEA876C? 222C18E6             move.l  ($18e6,A4), D1
FFEA8770? 5081                 addq.l  #8, D1
FFEA8772? 294118F6             move.l  D1, ($18f6,A4)
FFEA8776? 197C000118DD         move.b  #$1, ($18dd,A4)
FFEA877C? 2F0C                 move.l  A4, -(A7)
FFEA877E? 4EB900003256         jsr     $3256.l                           ; -> outside
FFEA8784? 2F0C                 move.l  A4, -(A7)
FFEA8786? 4EB90000332C         jsr     $332c.l                           ; -> outside
FFEA878C? 422C00C2             clr.b   ($c2,A4)
FFEA8790? 2F0C                 move.l  A4, -(A7)
FFEA8792? 4EB90000442A         jsr     $442a.l                           ; -> outside
FFEA8798? 2F0C                 move.l  A4, -(A7)
FFEA879A? 4EB9000044CA         jsr     $44ca.l                           ; -> outside
FFEA87A0? 2C00                 move.l  D0, D6
FFEA87A2? 206C18E6             movea.l ($18e6,A4), A0
FFEA87A6? 4210                 clr.b   (A0)
FFEA87A8? 4E71                 nop
FFEA87AA? 206C18E6             movea.l ($18e6,A4), A0
FFEA87AE? 4210                 clr.b   (A0)
FFEA87B0? 2F06                 move.l  D6, -(A7)
FFEA87B2? 2F0C                 move.l  A4, -(A7)
FFEA87B4? 4EB900004506         jsr     $4506.l                           ; -> outside
FFEA87BA? 2F0C                 move.l  A4, -(A7)
FFEA87BC? 4EB900004402         jsr     $4402.l                           ; -> outside
FFEA87C2? 487800FF             pea     $ff.w
FFEA87C6? 2F0C                 move.l  A4, -(A7)
FFEA87C8? 4EB9000043EE         jsr     $43ee.l                           ; -> outside
FFEA87CE? 2F0C                 move.l  A4, -(A7)
FFEA87D0? 4EB900004452         jsr     $4452.l                           ; -> outside
FFEA87D6? 2F0C                 move.l  A4, -(A7)
FFEA87D8? 4EB900004416         jsr     $4416.l                           ; -> outside
FFEA87DE? 426EFFF2             clr.w   (-$e,A6)
FFEA87E2? 2D6C1954FFF4         move.l  ($1954,A4), (-$c,A6)
FFEA87E8? 2D6C195CFFF8         move.l  ($195c,A4), (-$8,A6)
FFEA87EE? 2D4CFFFC             move.l  A4, (-$4,A6)
FFEA87F2? 486EFFF2             pea     (-$e,A6)
FFEA87F6? 2F0C                 move.l  A4, -(A7)
FFEA87F8? 4EB900003170         jsr     $3170.l                           ; -> outside
FFEA87FE? 2D6C1958FFF4         move.l  ($1958,A4), (-$c,A6)
FFEA8804? 2D6C1960FFF8         move.l  ($1960,A4), (-$8,A6)
FFEA880A? 486EFFF2             pea     (-$e,A6)
FFEA880E? 2F0C                 move.l  A4, -(A7)
FFEA8810? 4EB900003170         jsr     $3170.l                           ; -> outside
FFEA8816? 2F2C1904             move.l  ($1904,A4), -(A7)
FFEA881A? 2F2C1908             move.l  ($1908,A4), -(A7)
FFEA881E? 2F2C1900             move.l  ($1900,A4), -(A7)
FFEA8822? 2F2C18FC             move.l  ($18fc,A4), -(A7)
FFEA8826? 2F0C                 move.l  A4, -(A7)
FFEA8828? 4EB9000043C6         jsr     $43c6.l                           ; -> outside
FFEA882E? 197C00010004         move.b  #$1, ($4,A4)
FFEA8834? 7000                 moveq   #$0, D0
FFEA8836? 4FEF0050             lea     ($50,A7), A7
FFEA883A? 4CEE18C8FFDA         movem.l (-$26,A6), D3/D6-D7/A3-A4
FFEA8840? 4E5E                 unlk    A6
FFEA8842? 4E75                 rts
FFEA8844? 4E56FFEE             link    A6, #-$12
FFEA8848? 2F0C                 move.l  A4, -(A7)
FFEA884A? 286E0008             movea.l ($8,A6), A4
FFEA884E? 4A2C0004             tst.b   ($4,A4)
FFEA8852? 67000188             beq     $ffea89dc
FFEA8856? 422C0004             clr.b   ($4,A4)
FFEA885A? 7000                 moveq   #$0, D0
FFEA885C? 2F00                 move.l  D0, -(A7)
FFEA885E? 2F0C                 move.l  A4, -(A7)
FFEA8860? 2054                 movea.l (A4), A0
FFEA8862? 226800B8             movea.l ($b8,A0), A1
FFEA8866? 4E91                 jsr     (A1)
FFEA8868? 7000                 moveq   #$0, D0
FFEA886A? 2F00                 move.l  D0, -(A7)
FFEA886C? 2F0C                 move.l  A4, -(A7)
FFEA886E? 2054                 movea.l (A4), A0
FFEA8870? 226800C0             movea.l ($c0,A0), A1
FFEA8874? 4E91                 jsr     (A1)
FFEA8876? 2F0C                 move.l  A4, -(A7)
FFEA8878? 4EB900003256         jsr     $3256.l                           ; -> outside
FFEA887E? 2F0C                 move.l  A4, -(A7)
FFEA8880? 4EB90000332C         jsr     $332c.l                           ; -> outside
FFEA8886? 486C1A0A             pea     ($1a0a,A4)
FFEA888A? 2F0C                 move.l  A4, -(A7)
FFEA888C? 2054                 movea.l (A4), A0
FFEA888E? 22680044             movea.l ($44,A0), A1
FFEA8892? 4E91                 jsr     (A1)
FFEA8894? 486C1A22             pea     ($1a22,A4)
FFEA8898? 2F0C                 move.l  A4, -(A7)
FFEA889A? 2054                 movea.l (A4), A0
FFEA889C? 22680044             movea.l ($44,A0), A1
FFEA88A0? 4E91                 jsr     (A1)
FFEA88A2? 486C19F2             pea     ($19f2,A4)
FFEA88A6? 2F0C                 move.l  A4, -(A7)
FFEA88A8? 2054                 movea.l (A4), A0
FFEA88AA? 22680044             movea.l ($44,A0), A1
FFEA88AE? 4E91                 jsr     (A1)
FFEA88B0? 2F0C                 move.l  A4, -(A7)
FFEA88B2? 4EB900004402         jsr     $4402.l                           ; -> outside
FFEA88B8? 4A2C00C1             tst.b   ($c1,A4)
FFEA88BC? 4FEF0034             lea     ($34,A7), A7
FFEA88C0? 6604                 bne     $ffea88c6
FFEA88C2? 422C00B9             clr.b   ($b9,A4)
FFEA88C6? 2F0C                 move.l  A4, -(A7)
FFEA88C8? 4EB90000442A         jsr     $442a.l                           ; -> outside
FFEA88CE? 022C00FE18CC         andi.b  #$fe, ($18cc,A4)
FFEA88D4? 022C00D718DA         andi.b  #$d7, ($18da,A4)
FFEA88DA? 487800FF             pea     $ff.w
FFEA88DE? 2F0C                 move.l  A4, -(A7)
FFEA88E0? 4EB9000043EE         jsr     $43ee.l                           ; -> outside
FFEA88E6? 2F0C                 move.l  A4, -(A7)
FFEA88E8? 4EB900004452         jsr     $4452.l                           ; -> outside
FFEA88EE? 2F0C                 move.l  A4, -(A7)
FFEA88F0? 4EB900004416         jsr     $4416.l                           ; -> outside
FFEA88F6? 3D7C0001FFF2         move.w  #$1, (-$e,A6)
FFEA88FC? 2D6C1954FFF4         move.l  ($1954,A4), (-$c,A6)
FFEA8902? 7000                 moveq   #$0, D0
FFEA8904? 2D40FFF8             move.l  D0, (-$8,A6)
FFEA8908? 2D40FFFC             move.l  D0, (-$4,A6)
FFEA890C? 486EFFF2             pea     (-$e,A6)
FFEA8910? 2F0C                 move.l  A4, -(A7)
FFEA8912? 4EB900003170         jsr     $3170.l                           ; -> outside
FFEA8918? 3D7C0001FFF2         move.w  #$1, (-$e,A6)
FFEA891E? 2D6C1958FFF4         move.l  ($1958,A4), (-$c,A6)
FFEA8924? 486EFFF2             pea     (-$e,A6)
FFEA8928? 2F0C                 move.l  A4, -(A7)
FFEA892A? 4EB900003170         jsr     $3170.l                           ; -> outside
FFEA8930? 2F2C1928             move.l  ($1928,A4), -(A7)
FFEA8934? 2F2C1924             move.l  ($1924,A4), -(A7)
FFEA8938? 2F2C1920             move.l  ($1920,A4), -(A7)
FFEA893C? 2F2C191C             move.l  ($191c,A4), -(A7)
FFEA8940? 2F0C                 move.l  A4, -(A7)
FFEA8942? 4EB9000043C6         jsr     $43c6.l                           ; -> outside
FFEA8948? 202C0006             move.l  ($6,A4), D0
FFEA894C? 5380                 subq.l  #1, D0
FFEA894E? 4FEF0038             lea     ($38,A7), A7
FFEA8952? 6708                 beq     $ffea895c
FFEA8954? 5380                 subq.l  #1, D0
FFEA8956? 6752                 beq     $ffea89aa
FFEA8958? 60000082             bra     $ffea89dc
FFEA895C? 4A2C00C0             tst.b   ($c0,A4)
FFEA8960? 671E                 beq     $ffea8980
FFEA8962? 7000                 moveq   #$0, D0
FFEA8964? 80AC000A             or.l    ($a,A4), D0
FFEA8968? 2D40FFEE             move.l  D0, (-$12,A6)
FFEA896C? 486EFFEE             pea     (-$12,A6)
FFEA8970? 7007                 moveq   #$7, D0
FFEA8972? 2F00                 move.l  D0, -(A7)
FFEA8974? 2F0C                 move.l  A4, -(A7)
FFEA8976? 4EB9000044A2         jsr     $44a2.l                           ; -> outside
FFEA897C? 4FEF000C             lea     ($c,A7), A7
FFEA8980? 1F3C00FF             move.b  #$ff, -(A7)
FFEA8984? 11DF0290             move.b  (A7)+, $290.w                     ; PortAUse
FFEA8988? 4A2C00C1             tst.b   ($c1,A4)
FFEA898C? 6712                 beq     $ffea89a0
FFEA898E? 4A2C00B9             tst.b   ($b9,A4)
FFEA8992? 660C                 bne     $ffea89a0
FFEA8994? 2F3C4E445452         move.l  #$4e445452, -(A7)
FFEA899A? 21DF02D0             move.l  (A7)+, $2d0.w                     ; SerialVars
FFEA899E? 603C                 bra     $ffea89dc
FFEA89A0? 7000                 moveq   #$0, D0
FFEA89A2? 2F00                 move.l  D0, -(A7)
FFEA89A4? 21DF02D0             move.l  (A7)+, $2d0.w                     ; SerialVars
FFEA89A8? 6032                 bra     $ffea89dc
FFEA89AA? 7002                 moveq   #$2, D0
FFEA89AC? 2F00                 move.l  D0, -(A7)
FFEA89AE? 2F0C                 move.l  A4, -(A7)
FFEA89B0? 4EB9000044F2         jsr     $44f2.l                           ; -> outside
FFEA89B6? 4A2C00C1             tst.b   ($c1,A4)
FFEA89BA? 504F                 addq.w  #8, A7
FFEA89BC? 6714                 beq     $ffea89d2
FFEA89BE? 4A2C00B9             tst.b   ($b9,A4)
FFEA89C2? 660E                 bne     $ffea89d2
FFEA89C4? 207802B6             movea.l $2b6.w, A0                        ; BasicGlob
FFEA89C8? 217C4E4454520058     move.l  #$4e445452, ($58,A0)
FFEA89D0? 600A                 bra     $ffea89dc
FFEA89D2? 207802B6             movea.l $2b6.w, A0                        ; BasicGlob
FFEA89D6? 7000                 moveq   #$0, D0
FFEA89D8? 21400058             move.l  D0, ($58,A0)
FFEA89DC? 286EFFEA             movea.l (-$16,A6), A4
FFEA89E0? 4E5E                 unlk    A6
FFEA89E2? 4E75                 rts
FFEA89E4? 4E560000             link    A6, #$0
FFEA89E8? 2F03                 move.l  D3, -(A7)
FFEA89EA? 7200                 moveq   #$0, D1
FFEA89EC? 322E000E             move.w  ($e,A6), D1
FFEA89F0? 0C41006D             cmpi.w  #$6d, D1
FFEA89F4? 54C3                 scc     D3
FFEA89F6? 4403                 neg.b   D3
FFEA89F8? 57C0                 seq     D0
FFEA89FA? 4400                 neg.b   D0
FFEA89FC? 262EFFFC             move.l  (-$4,A6), D3
FFEA8A00? 4E5E                 unlk    A6
FFEA8A02? 4E75                 rts
FFEA8A04? 4E560000             link    A6, #$0
FFEA8A08? 48E70308             movem.l D6-D7/A4, -(A7)
FFEA8A0C? 1C2E000F             move.b  ($f,A6), D6
FFEA8A10? 286E0008             movea.l ($8,A6), A4
FFEA8A14? 4247                 clr.w   D7
FFEA8A16? BC2C0027             cmp.b   ($27,A4), D6
FFEA8A1A? 6606                 bne     $ffea8a22
FFEA8A1C? 3007                 move.w  D7, D0
FFEA8A1E? 600000B2             bra     $ffea8ad2
FFEA8A22? 19460027             move.b  D6, ($27,A4)
FFEA8A26? 2F0C                 move.l  A4, -(A7)
FFEA8A28? 4EB900004402         jsr     $4402.l                           ; -> outside
FFEA8A2E? 4A2C0027             tst.b   ($27,A4)
FFEA8A32? 584F                 addq.w  #4, A7
FFEA8A34? 662C                 bne     $ffea8a62
FFEA8A36? 2F0C                 move.l  A4, -(A7)
FFEA8A38? 2054                 movea.l (A4), A0
FFEA8A3A? 22680154             movea.l ($154,A0), A1
FFEA8A3E? 4E91                 jsr     (A1)
FFEA8A40? 022C00E718CC         andi.b  #$e7, ($18cc,A4)
FFEA8A46? 022C007F18DA         andi.b  #$7f, ($18da,A4)
FFEA8A4C? 022C00FE18CE         andi.b  #$fe, ($18ce,A4)
FFEA8A52? 4A2C0028             tst.b   ($28,A4)
FFEA8A56? 584F                 addq.w  #4, A7
FFEA8A58? 666C                 bne     $ffea8ac6
FFEA8A5A? 022C001E18D9         andi.b  #$1e, ($18d9,A4)
FFEA8A60? 6064                 bra     $ffea8ac6
FFEA8A62? 4A2C18DB             tst.b   ($18db,A4)
FFEA8A66? 670C                 beq     $ffea8a74
FFEA8A68? 2F0C                 move.l  A4, -(A7)
FFEA8A6A? 4EB900004466         jsr     $4466.l                           ; -> outside
FFEA8A70? 3E00                 move.w  D0, D7
FFEA8A72? 584F                 addq.w  #4, A7
FFEA8A74? 4A47                 tst.w   D7
FFEA8A76? 6706                 beq     $ffea8a7e
FFEA8A78? 422C0027             clr.b   ($27,A4)
FFEA8A7C? 6048                 bra     $ffea8ac6
FFEA8A7E? 4A2C18DC             tst.b   ($18dc,A4)
FFEA8A82? 670A                 beq     $ffea8a8e
FFEA8A84? 2F0C                 move.l  A4, -(A7)
FFEA8A86? 4EB900004452         jsr     $4452.l                           ; -> outside
FFEA8A8C? 584F                 addq.w  #4, A7
FFEA8A8E? 4A2C0026             tst.b   ($26,A4)
FFEA8A92? 6606                 bne     $ffea8a9a
FFEA8A94? 002C001818CC         ori.b   #$18, ($18cc,A4)
FFEA8A9A? 002C008018DA         ori.b   #$80, ($18da,A4)
FFEA8AA0? 002C000118CE         ori.b   #$1, ($18ce,A4)
FFEA8AA6? 002C000118D9         ori.b   #$1, ($18d9,A4)
FFEA8AAC? 4A2C004A             tst.b   ($4a,A4)
FFEA8AB0? 6714                 beq     $ffea8ac6
FFEA8AB2? 4A2C00B6             tst.b   ($b6,A4)
FFEA8AB6? 660E                 bne     $ffea8ac6
FFEA8AB8? 7001                 moveq   #$1, D0
FFEA8ABA? 2F00                 move.l  D0, -(A7)
FFEA8ABC? 2F0C                 move.l  A4, -(A7)
FFEA8ABE? 4EB900003AE0         jsr     $3ae0.l                           ; -> outside
FFEA8AC4? 504F                 addq.w  #8, A7
FFEA8AC6? 2F0C                 move.l  A4, -(A7)
FFEA8AC8? 4EB900004416         jsr     $4416.l                           ; -> outside
FFEA8ACE? 3007                 move.w  D7, D0
FFEA8AD0? 584F                 addq.w  #4, A7
FFEA8AD2? 4CEE10C0FFF4         movem.l (-$c,A6), D6-D7/A4
FFEA8AD8? 4E5E                 unlk    A6
FFEA8ADA? 4E75                 rts
FFEA8ADC? 4E560000             link    A6, #$0
FFEA8AE0? 48E70308             movem.l D6-D7/A4, -(A7)
FFEA8AE4? 1C2E000F             move.b  ($f,A6), D6
FFEA8AE8? 286E0008             movea.l ($8,A6), A4
FFEA8AEC? 4247                 clr.w   D7
FFEA8AEE? BC2C0028             cmp.b   ($28,A4), D6
FFEA8AF2? 6606                 bne     $ffea8afa
FFEA8AF4? 3007                 move.w  D7, D0
FFEA8AF6? 600000A6             bra     $ffea8b9e
FFEA8AFA? 19460028             move.b  D6, ($28,A4)
FFEA8AFE? 6638                 bne     $ffea8b38
FFEA8B00? 4A2C00B7             tst.b   ($b7,A4)
FFEA8B04? 6614                 bne     $ffea8b1a
FFEA8B06? 2F0C                 move.l  A4, -(A7)
FFEA8B08? 2054                 movea.l (A4), A0
FFEA8B0A? 22680160             movea.l ($160,A0), A1
FFEA8B0E? 4E91                 jsr     (A1)
FFEA8B10? 2F0C                 move.l  A4, -(A7)
FFEA8B12? 4EB90000447A         jsr     $447a.l                           ; -> outside
FFEA8B18? 504F                 addq.w  #8, A7
FFEA8B1A? 2F0C                 move.l  A4, -(A7)
FFEA8B1C? 4EB900004402         jsr     $4402.l                           ; -> outside
FFEA8B22? 022C00F718D0         andi.b  #$f7, ($18d0,A4)
FFEA8B28? 4A2C0027             tst.b   ($27,A4)
FFEA8B2C? 584F                 addq.w  #4, A7
FFEA8B2E? 6656                 bne     $ffea8b86
FFEA8B30? 022C001E18D9         andi.b  #$1e, ($18d9,A4)
FFEA8B36? 604E                 bra     $ffea8b86
FFEA8B38? 2F0C                 move.l  A4, -(A7)
FFEA8B3A? 4EB900004402         jsr     $4402.l                           ; -> outside
FFEA8B40? 4A2C18DB             tst.b   ($18db,A4)
FFEA8B44? 584F                 addq.w  #4, A7
FFEA8B46? 670C                 beq     $ffea8b54
FFEA8B48? 2F0C                 move.l  A4, -(A7)
FFEA8B4A? 4EB900004466         jsr     $4466.l                           ; -> outside
FFEA8B50? 3E00                 move.w  D0, D7
FFEA8B52? 584F                 addq.w  #4, A7
FFEA8B54? 4A47                 tst.w   D7
FFEA8B56? 6706                 beq     $ffea8b5e
FFEA8B58? 422C0028             clr.b   ($28,A4)
FFEA8B5C? 6028                 bra     $ffea8b86
FFEA8B5E? 4A2C18DC             tst.b   ($18dc,A4)
FFEA8B62? 670A                 beq     $ffea8b6e
FFEA8B64? 2F0C                 move.l  A4, -(A7)
FFEA8B66? 4EB900004452         jsr     $4452.l                           ; -> outside
FFEA8B6C? 584F                 addq.w  #4, A7
FFEA8B6E? 7000                 moveq   #$0, D0
FFEA8B70? 102C00BB             move.b  ($bb,A4), D0
FFEA8B74? 0C400001             cmpi.w  #$1, D0
FFEA8B78? 6606                 bne     $ffea8b80
FFEA8B7A? 002C000818D0         ori.b   #$8, ($18d0,A4)
FFEA8B80? 002C000118D9         ori.b   #$1, ($18d9,A4)
FFEA8B86? 2F0C                 move.l  A4, -(A7)
FFEA8B88? 4EB90000332C         jsr     $332c.l                           ; -> outside
FFEA8B8E? 422C00C2             clr.b   ($c2,A4)
FFEA8B92? 2F0C                 move.l  A4, -(A7)
FFEA8B94? 4EB900004416         jsr     $4416.l                           ; -> outside
FFEA8B9A? 3007                 move.w  D7, D0
FFEA8B9C? 504F                 addq.w  #8, A7
FFEA8B9E? 4CEE10C0FFF4         movem.l (-$c,A6), D6-D7/A4
FFEA8BA4? 4E5E                 unlk    A6
FFEA8BA6? 4E75                 rts
FFEA8BA8? 4E560000             link    A6, #$0
FFEA8BAC? 48E70108             movem.l D7/A4, -(A7)
FFEA8BB0? 286E0008             movea.l ($8,A6), A4
FFEA8BB4? 4A2C0028             tst.b   ($28,A4)
FFEA8BB8? 671A                 beq     $ffea8bd4
FFEA8BBA? 4A2C00B7             tst.b   ($b7,A4)
FFEA8BBE? 6614                 bne     $ffea8bd4
FFEA8BC0? 2F0C                 move.l  A4, -(A7)
FFEA8BC2? 2054                 movea.l (A4), A0
FFEA8BC4? 22680160             movea.l ($160,A0), A1
FFEA8BC8? 4E91                 jsr     (A1)
FFEA8BCA? 2F0C                 move.l  A4, -(A7)
FFEA8BCC? 4EB90000447A         jsr     $447a.l                           ; -> outside
FFEA8BD2? 504F                 addq.w  #8, A7
FFEA8BD4? 2F0C                 move.l  A4, -(A7)
FFEA8BD6? 4EB900004402         jsr     $4402.l                           ; -> outside
FFEA8BDC? 2F0C                 move.l  A4, -(A7)
FFEA8BDE? 4EB900003256         jsr     $3256.l                           ; -> outside
FFEA8BE4? 2F0C                 move.l  A4, -(A7)
FFEA8BE6? 4EB90000332C         jsr     $332c.l                           ; -> outside
FFEA8BEC? 422C00C2             clr.b   ($c2,A4)
FFEA8BF0? 2F0C                 move.l  A4, -(A7)
FFEA8BF2? 4EB90000442A         jsr     $442a.l                           ; -> outside
FFEA8BF8? 422C0027             clr.b   ($27,A4)
FFEA8BFC? 422C0028             clr.b   ($28,A4)
FFEA8C00? 2F0C                 move.l  A4, -(A7)
FFEA8C02? 4EB9000044CA         jsr     $44ca.l                           ; -> outside
FFEA8C08? 2E00                 move.l  D0, D7
FFEA8C0A? 206C18E6             movea.l ($18e6,A4), A0
FFEA8C0E? 10BC0009             move.b  #$9, (A0)
FFEA8C12? 4E71                 nop
FFEA8C14? 7000                 moveq   #$0, D0
FFEA8C16? 102C18D4             move.b  ($18d4,A4), D0
FFEA8C1A? 122C18FA             move.b  ($18fa,A4), D1
FFEA8C1E? 4881                 ext.w   D1
FFEA8C20? 8240                 or.w    D0, D1
FFEA8C22? 206C18E6             movea.l ($18e6,A4), A0
FFEA8C26? 1081                 move.b  D1, (A0)
FFEA8C28? 2F07                 move.l  D7, -(A7)
FFEA8C2A? 2F0C                 move.l  A4, -(A7)
FFEA8C2C? 4EB900004506         jsr     $4506.l                           ; -> outside
FFEA8C32? 2F0C                 move.l  A4, -(A7)
FFEA8C34? 4EB900004452         jsr     $4452.l                           ; -> outside
FFEA8C3A? 2F0C                 move.l  A4, -(A7)
FFEA8C3C? 4EB900004416         jsr     $4416.l                           ; -> outside
FFEA8C42? 7000                 moveq   #$0, D0
FFEA8C44? 4FEF0024             lea     ($24,A7), A7
FFEA8C48? 4CEE1080FFF8         movem.l (-$8,A6), D7/A4
FFEA8C4E? 4E5E                 unlk    A6
FFEA8C50? 4E75                 rts
FFEA8C52? 4E56FFB4             link    A6, #-$4c
FFEA8C56? 48E70718             movem.l D5-D7/A3-A4, -(A7)
FFEA8C5A? 286E0008             movea.l ($8,A6), A4
FFEA8C5E? 1A2C0027             move.b  ($27,A4), D5
FFEA8C62? 6710                 beq     $ffea8c74
FFEA8C64? 7000                 moveq   #$0, D0
FFEA8C66? 2F00                 move.l  D0, -(A7)
FFEA8C68? 2F0C                 move.l  A4, -(A7)
FFEA8C6A? 2054                 movea.l (A4), A0
FFEA8C6C? 226800B8             movea.l ($b8,A0), A1
FFEA8C70? 4E91                 jsr     (A1)
FFEA8C72? 504F                 addq.w  #8, A7
FFEA8C74? 2F0C                 move.l  A4, -(A7)
FFEA8C76? 4EB900003256         jsr     $3256.l                           ; -> outside
FFEA8C7C? 422C004C             clr.b   ($4c,A4)
FFEA8C80? 422C004A             clr.b   ($4a,A4)
FFEA8C84? 4A2C00B6             tst.b   ($b6,A4)
FFEA8C88? 584F                 addq.w  #4, A7
FFEA8C8A? 6706                 beq     $ffea8c92
FFEA8C8C? 296C19DE1944         move.l  ($19de,A4), ($1944,A4)
FFEA8C92? 422C00B6             clr.b   ($b6,A4)
FFEA8C96? 4AAC002A             tst.l   ($2a,A4)
FFEA8C9A? 661C                 bne     $ffea8cb8
FFEA8C9C? 4AAC003A             tst.l   ($3a,A4)
FFEA8CA0? 6616                 bne     $ffea8cb8
FFEA8CA2? 202C002A             move.l  ($2a,A4), D0
FFEA8CA6? B0AC1A12             cmp.l   ($1a12,A4), D0
FFEA8CAA? 670C                 beq     $ffea8cb8
FFEA8CAC? 206C002A             movea.l ($2a,A4), A0
FFEA8CB0? 226C003A             movea.l ($3a,A4), A1
FFEA8CB4? 7003                 moveq   #$3, D0
FFEA8CB6? A05C                 _MemoryDispatch                           ; A-line trap A05C
FFEA8CB8? 7000                 moveq   #$0, D0
FFEA8CBA? 2940002A             move.l  D0, ($2a,A4)
FFEA8CBE? 2940003A             move.l  D0, ($3a,A4)
FFEA8CC2? 206E000C             movea.l ($c,A6), A0
FFEA8CC6? 2010                 move.l  (A0), D0
FFEA8CC8? A055                 _StripAddress                             ; A-line trap A055
FFEA8CCA? 2640                 movea.l D0, A3
FFEA8CCC? 206E000C             movea.l ($c,A6), A0
FFEA8CD0? 2E280004             move.l  ($4,A0), D7
FFEA8CD4? 200B                 move.l  A3, D0
FFEA8CD6? 6674                 bne     $ffea8d4c
FFEA8CD8? 4A87                 tst.l   D7
FFEA8CDA? 6670                 bne     $ffea8d4c
FFEA8CDC? B7EC1A12             cmpa.l  ($1a12,A4), A3
FFEA8CE0? 676A                 beq     $ffea8d4c
FFEA8CE2? BEAC1A0A             cmp.l   ($1a0a,A4), D7
FFEA8CE6? 6364                 bls     $ffea8d4c
FFEA8CE8? 0C8701FFFE00         cmpi.l  #$1fffe00, D7
FFEA8CEE? 625C                 bhi     $ffea8d4c
FFEA8CF0? 204B                 movea.l A3, A0
FFEA8CF2? 2247                 movea.l D7, A1
FFEA8CF4? 7004                 moveq   #$4, D0
FFEA8CF6? A05C                 _MemoryDispatch                           ; A-line trap A05C
FFEA8CF8? 3C00                 move.w  D0, D6
FFEA8CFA? 6706                 beq     $ffea8d02
FFEA8CFC? 3006                 move.w  D6, D0
FFEA8CFE? 600000D6             bra     $ffea8dd6
FFEA8D02? 2D4BFFB4             move.l  A3, (-$4c,A6)
FFEA8D06? 2D47FFB8             move.l  D7, (-$48,A6)
FFEA8D0A? 7008                 moveq   #$8, D0
FFEA8D0C? 2D40FFFC             move.l  D0, (-$4,A6)
FFEA8D10? 558F                 subq.l  #2, A7
FFEA8D12? 486EFFB4             pea     (-$4c,A6)
FFEA8D16? 486EFFFC             pea     (-$4,A6)
FFEA8D1A? 4EB9000046F2         jsr     $46f2.l                           ; -> outside
FFEA8D20? 3C1F                 move.w  (A7)+, D6
FFEA8D22? 670E                 beq     $ffea8d32
FFEA8D24? 204B                 movea.l A3, A0
FFEA8D26? 2247                 movea.l D7, A1
FFEA8D28? 7003                 moveq   #$3, D0
FFEA8D2A? A05C                 _MemoryDispatch                           ; A-line trap A05C
FFEA8D2C? 3006                 move.w  D6, D0
FFEA8D2E? 600000A6             bra     $ffea8dd6
FFEA8D32? 202EFFBC             move.l  (-$44,A6), D0
FFEA8D36? 908B                 sub.l   A3, D0
FFEA8D38? 2940198E             move.l  D0, ($198e,A4)
FFEA8D3C? 294B1934             move.l  A3, ($1934,A4)
FFEA8D40? 29471944             move.l  D7, ($1944,A4)
FFEA8D44? 197C0001004C         move.b  #$1, ($4c,A4)
FFEA8D4A? 6036                 bra     $ffea8d82
FFEA8D4C? 296C1A121934         move.l  ($1a12,A4), ($1934,A4)
FFEA8D52? 296C1A0A1944         move.l  ($1a0a,A4), ($1944,A4)
FFEA8D58? 202C1A16             move.l  ($1a16,A4), D0
FFEA8D5C? 90AC1934             sub.l   ($1934,A4), D0
FFEA8D60? 2940198E             move.l  D0, ($198e,A4)
FFEA8D64? B7EC1934             cmpa.l  ($1934,A4), A3
FFEA8D68? 6618                 bne     $ffea8d82
FFEA8D6A? BEAC1944             cmp.l   ($1944,A4), D7
FFEA8D6E? 6608                 bne     $ffea8d78
FFEA8D70? 197C0001004C         move.b  #$1, ($4c,A4)
FFEA8D76? 600A                 bra     $ffea8d82
FFEA8D78? 4A87                 tst.l   D7
FFEA8D7A? 6706                 beq     $ffea8d82
FFEA8D7C? 303CC501             move.w  #$c501, D0
FFEA8D80? 6054                 bra     $ffea8dd6
FFEA8D82? 202C1944             move.l  ($1944,A4), D0
FFEA8D86? D0AC1934             add.l   ($1934,A4), D0
FFEA8D8A? 2940193C             move.l  D0, ($193c,A4)
FFEA8D8E? 296C1934194C         move.l  ($1934,A4), ($194c,A4)
FFEA8D94? 294B002A             move.l  A3, ($2a,A4)
FFEA8D98? 2947003A             move.l  D7, ($3a,A4)
FFEA8D9C? 200B                 move.l  A3, D0
FFEA8D9E? 6734                 beq     $ffea8dd4
FFEA8DA0? 4A87                 tst.l   D7
FFEA8DA2? 6730                 beq     $ffea8dd4
FFEA8DA4? 197C0001004A         move.b  #$1, ($4a,A4)
FFEA8DAA? 200B                 move.l  A3, D0
FFEA8DAC? D087                 add.l   D7, D0
FFEA8DAE? 29400032             move.l  D0, ($32,A4)
FFEA8DB2? 294B0042             move.l  A3, ($42,A4)
FFEA8DB6? 2F0C                 move.l  A4, -(A7)
FFEA8DB8? 4EB9000033D4         jsr     $33d4.l                           ; -> outside
FFEA8DBE? 4A05                 tst.b   D5
FFEA8DC0? 584F                 addq.w  #4, A7
FFEA8DC2? 6710                 beq     $ffea8dd4
FFEA8DC4? 7001                 moveq   #$1, D0
FFEA8DC6? 2F00                 move.l  D0, -(A7)
FFEA8DC8? 2F0C                 move.l  A4, -(A7)
FFEA8DCA? 2054                 movea.l (A4), A0
FFEA8DCC? 226800B8             movea.l ($b8,A0), A1
FFEA8DD0? 4E91                 jsr     (A1)
FFEA8DD2? 504F                 addq.w  #8, A7
FFEA8DD4? 7000                 moveq   #$0, D0
FFEA8DD6? 4CEE18E0FFA0         movem.l (-$60,A6), D5-D7/A3-A4
FFEA8DDC? 4E5E                 unlk    A6
FFEA8DDE? 4E75                 rts
FFEA8DE0? 4E56FFFC             link    A6, #-$4
FFEA8DE4? 48E70118             movem.l D7/A3-A4, -(A7)
FFEA8DE8? 266E000C             movea.l ($c,A6), A3
FFEA8DEC? 286E0008             movea.l ($8,A6), A4
FFEA8DF0? 26AC1A0A             move.l  ($1a0a,A4), (A3)
FFEA8DF4? 276C1A120004         move.l  ($1a12,A4), ($4,A3)
FFEA8DFA? 7001                 moveq   #$1, D0
FFEA8DFC? 27400008             move.l  D0, ($8,A3)
FFEA8E00? 203C7067737A         move.l  #$7067737a, D0
FFEA8E06? 41EEFFFC             lea     (-$4,A6), A0
FFEA8E0A? 2248                 movea.l A0, A1
FFEA8E0C? A1AD                 _Gestalt                                  ; A-line trap A1AD
FFEA8E0E? 2288                 move.l  A0, (A1)
FFEA8E10? 3E00                 move.w  D0, D7
FFEA8E12? 6606                 bne     $ffea8e1a
FFEA8E14? 4AAEFFFC             tst.l   (-$4,A6)
FFEA8E18? 6606                 bne     $ffea8e20
FFEA8E1A? 2D6B0008FFFC         move.l  ($8,A3), (-$4,A6)
FFEA8E20? 276EFFFC000C         move.l  (-$4,A6), ($c,A3)
FFEA8E26? 202C1A0A             move.l  ($1a0a,A4), D0
FFEA8E2A? 5280                 addq.l  #1, D0
FFEA8E2C? 27400010             move.l  D0, ($10,A3)
FFEA8E30? 277C01FFFE000014     move.l  #$1fffe00, ($14,A3)
FFEA8E38? 7001                 moveq   #$1, D0
FFEA8E3A? 27400018             move.l  D0, ($18,A3)
FFEA8E3E? 277C0000FFFF001C     move.l  #$ffff, ($1c,A3)
FFEA8E46? 422B0020             clr.b   ($20,A3)
FFEA8E4A? 4CEE1880FFF0         movem.l (-$10,A6), D7/A3-A4
FFEA8E50? 4E5E                 unlk    A6
FFEA8E52? 4E75                 rts
FFEA8E54? 4E560000             link    A6, #$0
FFEA8E58? 48E70108             movem.l D7/A4, -(A7)
FFEA8E5C? 286E0008             movea.l ($8,A6), A4
FFEA8E60? 4A2C004A             tst.b   ($4a,A4)
FFEA8E64? 6604                 bne     $ffea8e6a
FFEA8E66? 7000                 moveq   #$0, D0
FFEA8E68? 6032                 bra     $ffea8e9c
FFEA8E6A? 2F0C                 move.l  A4, -(A7)
FFEA8E6C? 4EB90000448E         jsr     $448e.l                           ; -> outside
FFEA8E72? 7000                 moveq   #$0, D0
FFEA8E74? 2F00                 move.l  D0, -(A7)
FFEA8E76? 2F0C                 move.l  A4, -(A7)
FFEA8E78? 4EB900003B4A         jsr     $3b4a.l                           ; -> outside
FFEA8E7E? 2E2C1950             move.l  ($1950,A4), D7
FFEA8E82? 70FF                 moveq   #-$1, D0
FFEA8E84? B087                 cmp.l   D7, D0
FFEA8E86? 4FEF000C             lea     ($c,A7), A7
FFEA8E8A? 6704                 beq     $ffea8e90
FFEA8E8C? DEAC0046             add.l   ($46,A4), D7
FFEA8E90? 2F0C                 move.l  A4, -(A7)
FFEA8E92? 4EB9000044DE         jsr     $44de.l                           ; -> outside
FFEA8E98? 2007                 move.l  D7, D0
FFEA8E9A? 584F                 addq.w  #4, A7
FFEA8E9C? 4CEE1080FFF8         movem.l (-$8,A6), D7/A4
FFEA8EA2? 4E5E                 unlk    A6
FFEA8EA4? 4E75                 rts
FFEA8EA6? 4E560000             link    A6, #$0
FFEA8EAA? 48E70318             movem.l D6-D7/A3-A4, -(A7)
FFEA8EAE? 2E2E000C             move.l  ($c,A6), D7
FFEA8EB2? 286E0008             movea.l ($8,A6), A4
FFEA8EB6? 4A2C004A             tst.b   ($4a,A4)
FFEA8EBA? 6704                 beq     $ffea8ec0
FFEA8EBC? 4A87                 tst.l   D7
FFEA8EBE? 6604                 bne     $ffea8ec4
FFEA8EC0? 7000                 moveq   #$0, D0
FFEA8EC2? 607A                 bra     $ffea8f3e
FFEA8EC4? 2F0C                 move.l  A4, -(A7)
FFEA8EC6? 4EB90000448E         jsr     $448e.l                           ; -> outside
FFEA8ECC? 2C2C0046             move.l  ($46,A4), D6
FFEA8ED0? DCAC1950             add.l   ($1950,A4), D6
FFEA8ED4? BC87                 cmp.l   D7, D6
FFEA8ED6? 584F                 addq.w  #4, A7
FFEA8ED8? 6412                 bcc     $ffea8eec
FFEA8EDA? 2F0C                 move.l  A4, -(A7)
FFEA8EDC? 2054                 movea.l (A4), A0
FFEA8EDE? 226800D4             movea.l ($d4,A0), A1
FFEA8EE2? 4E91                 jsr     (A1)
FFEA8EE4? 2C00                 move.l  D0, D6
FFEA8EE6? BC87                 cmp.l   D7, D6
FFEA8EE8? 584F                 addq.w  #4, A7
FFEA8EEA? 6546                 bcs     $ffea8f32
FFEA8EEC? 70FF                 moveq   #-$1, D0
FFEA8EEE? B0AC1950             cmp.l   ($1950,A4), D0
FFEA8EF2? 673E                 beq     $ffea8f32
FFEA8EF4? 4A2C004C             tst.b   ($4c,A4)
FFEA8EF8? 6706                 beq     $ffea8f00
FFEA8EFA? 266C194C             movea.l ($194c,A4), A3
FFEA8EFE? 6024                 bra     $ffea8f24
FFEA8F00? BEAC0046             cmp.l   ($46,A4), D7
FFEA8F04? 6312                 bls     $ffea8f18
FFEA8F06? 2007                 move.l  D7, D0
FFEA8F08? 90AC0046             sub.l   ($46,A4), D0
FFEA8F0C? 2F00                 move.l  D0, -(A7)
FFEA8F0E? 2F0C                 move.l  A4, -(A7)
FFEA8F10? 4EB900003E78         jsr     $3e78.l                           ; -> outside
FFEA8F16? 504F                 addq.w  #8, A7
FFEA8F18? 70FF                 moveq   #-$1, D0
FFEA8F1A? B0AC1950             cmp.l   ($1950,A4), D0
FFEA8F1E? 6712                 beq     $ffea8f32
FFEA8F20? 266C0042             movea.l ($42,A4), A3
FFEA8F24? 2F0C                 move.l  A4, -(A7)
FFEA8F26? 4EB9000044DE         jsr     $44de.l                           ; -> outside
FFEA8F2C? 200B                 move.l  A3, D0
FFEA8F2E? 584F                 addq.w  #4, A7
FFEA8F30? 600C                 bra     $ffea8f3e
FFEA8F32? 2F0C                 move.l  A4, -(A7)
FFEA8F34? 4EB9000044DE         jsr     $44de.l                           ; -> outside
FFEA8F3A? 7000                 moveq   #$0, D0
FFEA8F3C? 584F                 addq.w  #4, A7
FFEA8F3E? 4CEE18C0FFF0         movem.l (-$10,A6), D6-D7/A3-A4
FFEA8F44? 4E5E                 unlk    A6
FFEA8F46? 4E75                 rts
FFEA8F48? 4E560000             link    A6, #$0
FFEA8F4C? 48E70318             movem.l D6-D7/A3-A4, -(A7)
FFEA8F50? 2C2E000C             move.l  ($c,A6), D6
FFEA8F54? 286E0008             movea.l ($8,A6), A4
FFEA8F58? 4A2C004A             tst.b   ($4a,A4)
FFEA8F5C? 6608                 bne     $ffea8f66
FFEA8F5E? 303CC4FD             move.w  #$c4fd, D0
FFEA8F62? 60000122             bra     $ffea9086
FFEA8F66? 4A2C00A6             tst.b   ($a6,A4)
FFEA8F6A? 6708                 beq     $ffea8f74
FFEA8F6C? 303CC4DF             move.w  #$c4df, D0
FFEA8F70? 60000114             bra     $ffea9086
FFEA8F74? 4A86                 tst.l   D6
FFEA8F76? 6606                 bne     $ffea8f7e
FFEA8F78? 7000                 moveq   #$0, D0
FFEA8F7A? 6000010A             bra     $ffea9086
FFEA8F7E? 2E06                 move.l  D6, D7
FFEA8F80? 2F0C                 move.l  A4, -(A7)
FFEA8F82? 4EB90000448E         jsr     $448e.l                           ; -> outside
FFEA8F88? 70FF                 moveq   #-$1, D0
FFEA8F8A? B0AC1950             cmp.l   ($1950,A4), D0
FFEA8F8E? 584F                 addq.w  #4, A7
FFEA8F90? 6612                 bne     $ffea8fa4
FFEA8F92? 2F0C                 move.l  A4, -(A7)
FFEA8F94? 4EB9000044DE         jsr     $44de.l                           ; -> outside
FFEA8F9A? 303CC4FE             move.w  #$c4fe, D0
FFEA8F9E? 584F                 addq.w  #4, A7
FFEA8FA0? 600000E4             bra     $ffea9086
FFEA8FA4? 4AAC0046             tst.l   ($46,A4)
FFEA8FA8? 6734                 beq     $ffea8fde
FFEA8FAA? BEAC0046             cmp.l   ($46,A4), D7
FFEA8FAE? 6304                 bls     $ffea8fb4
FFEA8FB0? 2E2C0046             move.l  ($46,A4), D7
FFEA8FB4? 9FAC0046             sub.l   D7, ($46,A4)
FFEA8FB8? DFAC0042             add.l   D7, ($42,A4)
FFEA8FBC? 202C0042             move.l  ($42,A4), D0
FFEA8FC0? B0AC0032             cmp.l   ($32,A4), D0
FFEA8FC4? 6508                 bcs     $ffea8fce
FFEA8FC6? 202C003A             move.l  ($3a,A4), D0
FFEA8FCA? 91AC0042             sub.l   D0, ($42,A4)
FFEA8FCE? 2006                 move.l  D6, D0
FFEA8FD0? 9087                 sub.l   D7, D0
FFEA8FD2? 2E00                 move.l  D0, D7
FFEA8FD4? 422C1974             clr.b   ($1974,A4)
FFEA8FD8? 4A87                 tst.l   D7
FFEA8FDA? 6700009E             beq     $ffea907a
FFEA8FDE? BEAC1950             cmp.l   ($1950,A4), D7
FFEA8FE2? 6330                 bls     $ffea9014
FFEA8FE4? 7000                 moveq   #$0, D0
FFEA8FE6? 2F00                 move.l  D0, -(A7)
FFEA8FE8? 2F0C                 move.l  A4, -(A7)
FFEA8FEA? 4EB900003B4A         jsr     $3b4a.l                           ; -> outside
FFEA8FF0? 70FF                 moveq   #-$1, D0
FFEA8FF2? B0AC1950             cmp.l   ($1950,A4), D0
FFEA8FF6? 504F                 addq.w  #8, A7
FFEA8FF8? 6610                 bne     $ffea900a
FFEA8FFA? 2F0C                 move.l  A4, -(A7)
FFEA8FFC? 4EB9000044DE         jsr     $44de.l                           ; -> outside
FFEA9002? 303CC4FE             move.w  #$c4fe, D0
FFEA9006? 584F                 addq.w  #4, A7
FFEA9008? 607C                 bra     $ffea9086
FFEA900A? BEAC1950             cmp.l   ($1950,A4), D7
FFEA900E? 6304                 bls     $ffea9014
FFEA9010? 2E2C1950             move.l  ($1950,A4), D7
FFEA9014? 266C194C             movea.l ($194c,A4), A3
FFEA9018? 9FAC1950             sub.l   D7, ($1950,A4)
FFEA901C? DFAC194C             add.l   D7, ($194c,A4)
FFEA9020? 202C194C             move.l  ($194c,A4), D0
FFEA9024? B0AC193C             cmp.l   ($193c,A4), D0
FFEA9028? 6508                 bcs     $ffea9032
FFEA902A? 202C1944             move.l  ($1944,A4), D0
FFEA902E? 91AC194C             sub.l   D0, ($194c,A4)
FFEA9032? 422C1974             clr.b   ($1974,A4)
FFEA9036? 2F07                 move.l  D7, -(A7)
FFEA9038? 2F0B                 move.l  A3, -(A7)
FFEA903A? 2F0C                 move.l  A4, -(A7)
FFEA903C? 4EB9000039D6         jsr     $39d6.l                           ; -> outside
FFEA9042? 4A00                 tst.b   D0
FFEA9044? 4FEF000C             lea     ($c,A7), A7
FFEA9048? 6730                 beq     $ffea907a
FFEA904A? 70FF                 moveq   #-$1, D0
FFEA904C? 29401950             move.l  D0, ($1950,A4)
FFEA9050? 00AC00000001008E     ori.l   #$1, ($8e,A4)
FFEA9058? 2F0C                 move.l  A4, -(A7)
FFEA905A? 4EB9000044DE         jsr     $44de.l                           ; -> outside
FFEA9060? 4AAC005E             tst.l   ($5e,A4)
FFEA9064? 584F                 addq.w  #4, A7
FFEA9066? 670C                 beq     $ffea9074
FFEA9068? 2F2C0062             move.l  ($62,A4), -(A7)
FFEA906C? 206C005E             movea.l ($5e,A4), A0
FFEA9070? 4E90                 jsr     (A0)
FFEA9072? 584F                 addq.w  #4, A7
FFEA9074? 303CC4FE             move.w  #$c4fe, D0
FFEA9078? 600C                 bra     $ffea9086
FFEA907A? 2F0C                 move.l  A4, -(A7)
FFEA907C? 4EB9000044DE         jsr     $44de.l                           ; -> outside
FFEA9082? 7000                 moveq   #$0, D0
FFEA9084? 584F                 addq.w  #4, A7
FFEA9086? 4CEE18C0FFF0         movem.l (-$10,A6), D6-D7/A3-A4
FFEA908C? 4E5E                 unlk    A6
FFEA908E? 4E75                 rts
FFEA9090? 4E560000             link    A6, #$0
FFEA9094? 48E70018             movem.l A3-A4, -(A7)
FFEA9098? 286E0008             movea.l ($8,A6), A4
FFEA909C? 2F0C                 move.l  A4, -(A7)
FFEA909E? 4EB90000448E         jsr     $448e.l                           ; -> outside
FFEA90A4? 7000                 moveq   #$0, D0
FFEA90A6? 2F00                 move.l  D0, -(A7)
FFEA90A8? 2F0C                 move.l  A4, -(A7)
FFEA90AA? 4EB900003B4A         jsr     $3b4a.l                           ; -> outside
FFEA90B0? 2640                 movea.l D0, A3
FFEA90B2? 7050                 moveq   #$50, D0
FFEA90B4? C0AC008E             and.l   ($8e,A4), D0
FFEA90B8? 6740                 beq     $ffea90fa
FFEA90BA? 70FF                 moveq   #-$1, D0
FFEA90BC? B0AC1950             cmp.l   ($1950,A4), D0
FFEA90C0? 6738                 beq     $ffea90fa
FFEA90C2? 4A2C1A3B             tst.b   ($1a3b,A4)
FFEA90C6? 6632                 bne     $ffea90fa
FFEA90C8? 4AAC1950             tst.l   ($1950,A4)
FFEA90CC? 670E                 beq     $ffea90dc
FFEA90CE? 538B                 subq.l  #1, A3
FFEA90D0? B7EC1934             cmpa.l  ($1934,A4), A3
FFEA90D4? 6428                 bcc     $ffea90fe
FFEA90D6? D7EC1944             adda.l  ($1944,A4), A3
FFEA90DA? 6022                 bra     $ffea90fe
FFEA90DC? 4AAC0046             tst.l   ($46,A4)
FFEA90E0? 6706                 beq     $ffea90e8
FFEA90E2? 266C196C             movea.l ($196c,A4), A3
FFEA90E6? 6016                 bra     $ffea90fe
FFEA90E8? 4A2C1974             tst.b   ($1974,A4)
FFEA90EC? 6706                 beq     $ffea90f4
FFEA90EE? 266C1970             movea.l ($1970,A4), A3
FFEA90F2? 600A                 bra     $ffea90fe
FFEA90F4? 7000                 moveq   #$0, D0
FFEA90F6? 2640                 movea.l D0, A3
FFEA90F8? 6004                 bra     $ffea90fe
FFEA90FA? 7000                 moveq   #$0, D0
FFEA90FC? 2640                 movea.l D0, A3
FFEA90FE? 2F0C                 move.l  A4, -(A7)
FFEA9100? 4EB9000044DE         jsr     $44de.l                           ; -> outside
FFEA9106? 200B                 move.l  A3, D0
FFEA9108? 4CEE1800FFF8         movem.l (-$8,A6), A3-A4
FFEA910E? 4E5E                 unlk    A6
FFEA9110? 4E75                 rts
FFEA9112? 4E56FFEC             link    A6, #-$14
FFEA9116? 48E71318             movem.l D3/D6-D7/A3-A4, -(A7)
FFEA911A? 286E0008             movea.l ($8,A6), A4
FFEA911E? 4A2C00B6             tst.b   ($b6,A4)
FFEA9122? 6708                 beq     $ffea912c
FFEA9124? 303CC502             move.w  #$c502, D0
FFEA9128? 6000021C             bra     $ffea9346
FFEA912C? 2F0C                 move.l  A4, -(A7)
FFEA912E? 2054                 movea.l (A4), A0
FFEA9130? 226800E0             movea.l ($e0,A0), A1
FFEA9134? 4E91                 jsr     (A1)
FFEA9136? 4A80                 tst.l   D0
FFEA9138? 584F                 addq.w  #4, A7
FFEA913A? 67000206             beq     $ffea9342
FFEA913E? 2F0C                 move.l  A4, -(A7)
FFEA9140? 4EB90000448E         jsr     $448e.l                           ; -> outside
FFEA9146? 4AAC1950             tst.l   ($1950,A4)
FFEA914A? 584F                 addq.w  #4, A7
FFEA914C? 670001C6             beq     $ffea9314
FFEA9150? 207802B6             movea.l $2b6.w, A0                        ; BasicGlob
FFEA9154? 20680210             movea.l ($210,A0), A0
FFEA9158? 2050                 movea.l (A0), A0
FFEA915A? 202C1954             move.l  ($1954,A4), D0
FFEA915E? 7201                 moveq   #$1, D1
FFEA9160? E1A9                 lsl.l   D0, D1
FFEA9162? 4681                 not.l   D1
FFEA9164? C3A80024             and.l   D1, ($24,A0)
FFEA9168? 206C1976             movea.l ($1976,A4), A0
FFEA916C? 20BC002000A0         move.l  #$2000a0, (A0)
FFEA9172? 206C197A             movea.l ($197a,A4), A0
FFEA9176? 203C00200000         move.l  #$200000, D0
FFEA917C? C090                 and.l   (A0), D0
FFEA917E? 66F2                 bne     $ffea9172
FFEA9180? 207802B6             movea.l $2b6.w, A0                        ; BasicGlob
FFEA9184? 20680210             movea.l ($210,A0), A0
FFEA9188? 2050                 movea.l (A0), A0
FFEA918A? 202C1954             move.l  ($1954,A4), D0
FFEA918E? 7201                 moveq   #$1, D1
FFEA9190? E1A9                 lsl.l   D0, D1
FFEA9192? 83A80028             or.l    D1, ($28,A0)
FFEA9196? 207802B6             movea.l $2b6.w, A0                        ; BasicGlob
FFEA919A? 20680210             movea.l ($210,A0), A0
FFEA919E? 2050                 movea.l (A0), A0
FFEA91A0? 202C1954             move.l  ($1954,A4), D0
FFEA91A4? 7201                 moveq   #$1, D1
FFEA91A6? E1A9                 lsl.l   D0, D1
FFEA91A8? 83A80024             or.l    D1, ($24,A0)
FFEA91AC? 206C197E             movea.l ($197e,A4), A0
FFEA91B0? 2010                 move.l  (A0), D0
FFEA91B2? E158                 rol.w   #8, D0
FFEA91B4? 4840                 swap    D0
FFEA91B6? E158                 rol.w   #8, D0
FFEA91B8? 90AC1996             sub.l   ($1996,A4), D0
FFEA91BC? 2D40FFF4             move.l  D0, (-$c,A6)
FFEA91C0? 2040                 movea.l D0, A0
FFEA91C2? 2010                 move.l  (A0), D0
FFEA91C4? E158                 rol.w   #8, D0
FFEA91C6? 4840                 swap    D0
FFEA91C8? E158                 rol.w   #8, D0
FFEA91CA? 223CF0000000         move.l  #$f0000000, D1                    ; CHAOS+0
FFEA91D0? C280                 and.l   D0, D1
FFEA91D2? 0C8160000000         cmpi.l  #$60000000, D1
FFEA91D8? 660A                 bne     $ffea91e4
FFEA91DA? 202EFFF4             move.l  (-$c,A6), D0
FFEA91DE? 72F0                 moveq   #-$10, D1
FFEA91E0? D3AEFFF4             add.l   D1, (-$c,A6)
FFEA91E4? 206EFFF4             movea.l (-$c,A6), A0
FFEA91E8? 20280004             move.l  ($4,A0), D0
FFEA91EC? E158                 rol.w   #8, D0
FFEA91EE? 4840                 swap    D0
FFEA91F0? E158                 rol.w   #8, D0
FFEA91F2? 90AC198E             sub.l   ($198e,A4), D0
FFEA91F6? 2D40FFF0             move.l  D0, (-$10,A6)
FFEA91FA? 206EFFF4             movea.l (-$c,A6), A0
FFEA91FE? 2010                 move.l  (A0), D0
FFEA9200? E158                 rol.w   #8, D0
FFEA9202? 4840                 swap    D0
FFEA9204? E158                 rol.w   #8, D0
FFEA9206? 223C0000FFFF         move.l  #$ffff, D1
FFEA920C? C280                 and.l   D0, D1
FFEA920E? 202EFFF0             move.l  (-$10,A6), D0
FFEA9212? D280                 add.l   D0, D1
FFEA9214? 2D41FFEC             move.l  D1, (-$14,A6)
FFEA9218? 206EFFF4             movea.l (-$c,A6), A0
FFEA921C? 2028000C             move.l  ($c,A0), D0
FFEA9220? E158                 rol.w   #8, D0
FFEA9222? 4840                 swap    D0
FFEA9224? E158                 rol.w   #8, D0
FFEA9226? 223C0000FFFF         move.l  #$ffff, D1
FFEA922C? C280                 and.l   D0, D1
FFEA922E? 202EFFEC             move.l  (-$14,A6), D0
FFEA9232? 9081                 sub.l   D1, D0
FFEA9234? 2640                 movea.l D0, A3
FFEA9236? 534B                 subq.w  #1, A3
FFEA9238? B7EC1934             cmpa.l  ($1934,A4), A3
FFEA923C? 6406                 bcc     $ffea9244
FFEA923E? 266C193C             movea.l ($193c,A4), A3
FFEA9242? 534B                 subq.w  #1, A3
FFEA9244? 200B                 move.l  A3, D0
FFEA9246? 90AC1934             sub.l   ($1934,A4), D0
FFEA924A? 222C19D2             move.l  ($19d2,A4), D1
FFEA924E? 4EB90000473A         jsr     $473a.l                           ; -> outside
FFEA9254? 2E00                 move.l  D0, D7
FFEA9256? D7EC198E             adda.l  ($198e,A4), A3
FFEA925A? 2007                 move.l  D7, D0
FFEA925C? E780                 asl.l   #3, D0
FFEA925E? 41EC1A44             lea     ($1a44,A4), A0
FFEA9262? 2C300800             move.l  (A0,D0.l), D6
FFEA9266? 9C8B                 sub.l   A3, D6
FFEA9268? 4A2C1A3A             tst.b   ($1a3a,A4)
FFEA926C? 670E                 beq     $ffea927c
FFEA926E? 2D6C19A6FFF8         move.l  ($19a6,A4), (-$8,A6)
FFEA9274? 2D6C19AAFFFC         move.l  ($19aa,A4), (-$4,A6)
FFEA927A? 600C                 bra     $ffea9288
FFEA927C? 2D6C19B6FFF8         move.l  ($19b6,A4), (-$8,A6)
FFEA9282? 2D6C19BAFFFC         move.l  ($19ba,A4), (-$4,A6)
FFEA9288? 202C1996             move.l  ($1996,A4), D0
FFEA928C? D0AEFFF8             add.l   (-$8,A6), D0
FFEA9290? E158                 rol.w   #8, D0
FFEA9292? 4840                 swap    D0
FFEA9294? E158                 rol.w   #8, D0
FFEA9296? 206C197E             movea.l ($197e,A4), A0
FFEA929A? 2080                 move.l  D0, (A0)
FFEA929C? 203C30000000         move.l  #$30000000, D0
FFEA92A2? 8086                 or.l    D6, D0
FFEA92A4? 7200                 moveq   #$0, D1
FFEA92A6? 8280                 or.l    D0, D1
FFEA92A8? 203C00300000         move.l  #$300000, D0
FFEA92AE? 8081                 or.l    D1, D0
FFEA92B0? 223C000C0000         move.l  #$c0000, D1
FFEA92B6? 8280                 or.l    D0, D1
FFEA92B8? 7000                 moveq   #$0, D0
FFEA92BA? 8081                 or.l    D1, D0
FFEA92BC? E158                 rol.w   #8, D0
FFEA92BE? 4840                 swap    D0
FFEA92C0? E158                 rol.w   #8, D0
FFEA92C2? 206EFFF8             movea.l (-$8,A6), A0
FFEA92C6? 2080                 move.l  D0, (A0)
FFEA92C8? 200B                 move.l  A3, D0
FFEA92CA? E158                 rol.w   #8, D0
FFEA92CC? 4840                 swap    D0
FFEA92CE? E158                 rol.w   #8, D0
FFEA92D0? 206EFFF8             movea.l (-$8,A6), A0
FFEA92D4? 21400004             move.l  D0, ($4,A0)
FFEA92D8? 2007                 move.l  D7, D0
FFEA92DA? E780                 asl.l   #3, D0
FFEA92DC? 206EFFFC             movea.l (-$4,A6), A0
FFEA92E0? 43EC1A48             lea     ($1a48,A4), A1
FFEA92E4? 217108000008         move.l  (A1,D0.l), ($8,A0)
FFEA92EA? 4A2C1A3A             tst.b   ($1a3a,A4)
FFEA92EE? 57C3                 seq     D3
FFEA92F0? 4403                 neg.b   D3
FFEA92F2? 19431A3A             move.b  D3, ($1a3a,A4)
FFEA92F6? 197C00011A3B         move.b  #$1, ($1a3b,A4)
FFEA92FC? 206C1976             movea.l ($1976,A4), A0
FFEA9300? 20BC008000C8         move.l  #$8000c8, (A0)
FFEA9306? 2F0C                 move.l  A4, -(A7)
FFEA9308? 4EB9000044DE         jsr     $44de.l                           ; -> outside
FFEA930E? 7000                 moveq   #$0, D0
FFEA9310? 584F                 addq.w  #4, A7
FFEA9312? 6032                 bra     $ffea9346
FFEA9314? 4AAC0046             tst.l   ($46,A4)
FFEA9318? 6718                 beq     $ffea9332
FFEA931A? 53AC0046             subq.l  #1, ($46,A4)
FFEA931E? 197C00011A3B         move.b  #$1, ($1a3b,A4)
FFEA9324? 2F0C                 move.l  A4, -(A7)
FFEA9326? 4EB9000044DE         jsr     $44de.l                           ; -> outside
FFEA932C? 7000                 moveq   #$0, D0
FFEA932E? 584F                 addq.w  #4, A7
FFEA9330? 6014                 bra     $ffea9346
FFEA9332? 2F0C                 move.l  A4, -(A7)
FFEA9334? 4EB9000044DE         jsr     $44de.l                           ; -> outside
FFEA933A? 303CC4E1             move.w  #$c4e1, D0
FFEA933E? 584F                 addq.w  #4, A7
FFEA9340? 6004                 bra     $ffea9346
FFEA9342? 303CC4E2             move.w  #$c4e2, D0
FFEA9346? 4CEE18C8FFD8         movem.l (-$28,A6), D3/D6-D7/A3-A4
FFEA934C? 4E5E                 unlk    A6
FFEA934E? 4E75                 rts
FFEA9350? 4E56FFB4             link    A6, #-$4c
FFEA9354? 48E70318             movem.l D6-D7/A3-A4, -(A7)
FFEA9358? 286E0008             movea.l ($8,A6), A4
FFEA935C? 2F0C                 move.l  A4, -(A7)
FFEA935E? 4EB90000332C         jsr     $332c.l                           ; -> outside
FFEA9364? 422C004D             clr.b   ($4d,A4)
FFEA9368? 422C004B             clr.b   ($4b,A4)
FFEA936C? 422C00C2             clr.b   ($c2,A4)
FFEA9370? 4A2C00B7             tst.b   ($b7,A4)
FFEA9374? 584F                 addq.w  #4, A7
FFEA9376? 6706                 beq     $ffea937e
FFEA9378? 296C19E21948         move.l  ($19e2,A4), ($1948,A4)
FFEA937E? 422C00B7             clr.b   ($b7,A4)
FFEA9382? 4AAC002E             tst.l   ($2e,A4)
FFEA9386? 661C                 bne     $ffea93a4
FFEA9388? 4AAC003E             tst.l   ($3e,A4)
FFEA938C? 6616                 bne     $ffea93a4
FFEA938E? 202C002E             move.l  ($2e,A4), D0
FFEA9392? B0AC1A2A             cmp.l   ($1a2a,A4), D0
FFEA9396? 670C                 beq     $ffea93a4
FFEA9398? 206C002E             movea.l ($2e,A4), A0
FFEA939C? 226C003E             movea.l ($3e,A4), A1
FFEA93A0? 7003                 moveq   #$3, D0
FFEA93A2? A05C                 _MemoryDispatch                           ; A-line trap A05C
FFEA93A4? 7000                 moveq   #$0, D0
FFEA93A6? 2940002E             move.l  D0, ($2e,A4)
FFEA93AA? 2940003E             move.l  D0, ($3e,A4)
FFEA93AE? 206E000C             movea.l ($c,A6), A0
FFEA93B2? 2010                 move.l  (A0), D0
FFEA93B4? A055                 _StripAddress                             ; A-line trap A055
FFEA93B6? 2640                 movea.l D0, A3
FFEA93B8? 206E000C             movea.l ($c,A6), A0
FFEA93BC? 2E280004             move.l  ($4,A0), D7
FFEA93C0? 200B                 move.l  A3, D0
FFEA93C2? 6672                 bne     $ffea9436
FFEA93C4? 4A87                 tst.l   D7
FFEA93C6? 666E                 bne     $ffea9436
FFEA93C8? B7EC1A2A             cmpa.l  ($1a2a,A4), A3
FFEA93CC? 6768                 beq     $ffea9436
FFEA93CE? BEAC1A22             cmp.l   ($1a22,A4), D7
FFEA93D2? 6562                 bcs     $ffea9436
FFEA93D4? 0C8701F3FE0C         cmpi.l  #$1f3fe0c, D7
FFEA93DA? 625A                 bhi     $ffea9436
FFEA93DC? 204B                 movea.l A3, A0
FFEA93DE? 2247                 movea.l D7, A1
FFEA93E0? 7004                 moveq   #$4, D0
FFEA93E2? A05C                 _MemoryDispatch                           ; A-line trap A05C
FFEA93E4? 3C00                 move.w  D0, D6
FFEA93E6? 6706                 beq     $ffea93ee
FFEA93E8? 3006                 move.w  D6, D0
FFEA93EA? 600000AC             bra     $ffea9498
FFEA93EE? 2D4BFFB4             move.l  A3, (-$4c,A6)
FFEA93F2? 2D47FFB8             move.l  D7, (-$48,A6)
FFEA93F6? 7008                 moveq   #$8, D0
FFEA93F8? 2D40FFFC             move.l  D0, (-$4,A6)
FFEA93FC? 558F                 subq.l  #2, A7
FFEA93FE? 486EFFB4             pea     (-$4c,A6)
FFEA9402? 486EFFFC             pea     (-$4,A6)
FFEA9406? 4EB9000046F2         jsr     $46f2.l                           ; -> outside
FFEA940C? 3C1F                 move.w  (A7)+, D6
FFEA940E? 670C                 beq     $ffea941c
FFEA9410? 204B                 movea.l A3, A0
FFEA9412? 2247                 movea.l D7, A1
FFEA9414? 7003                 moveq   #$3, D0
FFEA9416? A05C                 _MemoryDispatch                           ; A-line trap A05C
FFEA9418? 3006                 move.w  D6, D0
FFEA941A? 607C                 bra     $ffea9498
FFEA941C? 202EFFBC             move.l  (-$44,A6), D0
FFEA9420? 908B                 sub.l   A3, D0
FFEA9422? 29401992             move.l  D0, ($1992,A4)
FFEA9426? 294B1938             move.l  A3, ($1938,A4)
FFEA942A? 29471948             move.l  D7, ($1948,A4)
FFEA942E? 197C0001004D         move.b  #$1, ($4d,A4)
FFEA9434? 6036                 bra     $ffea946c
FFEA9436? 296C1A2A1938         move.l  ($1a2a,A4), ($1938,A4)
FFEA943C? 296C1A221948         move.l  ($1a22,A4), ($1948,A4)
FFEA9442? 202C1A2E             move.l  ($1a2e,A4), D0
FFEA9446? 90AC1938             sub.l   ($1938,A4), D0
FFEA944A? 29401992             move.l  D0, ($1992,A4)
FFEA944E? B7EC1938             cmpa.l  ($1938,A4), A3
FFEA9452? 6618                 bne     $ffea946c
FFEA9454? BEAC1948             cmp.l   ($1948,A4), D7
FFEA9458? 6608                 bne     $ffea9462
FFEA945A? 197C0001004D         move.b  #$1, ($4d,A4)
FFEA9460? 600A                 bra     $ffea946c
FFEA9462? 4A87                 tst.l   D7
FFEA9464? 6706                 beq     $ffea946c
FFEA9466? 303CC501             move.w  #$c501, D0
FFEA946A? 602C                 bra     $ffea9498
FFEA946C? 202C1948             move.l  ($1948,A4), D0
FFEA9470? D0AC1938             add.l   ($1938,A4), D0
FFEA9474? 29401940             move.l  D0, ($1940,A4)
FFEA9478? 294B002E             move.l  A3, ($2e,A4)
FFEA947C? 2947003E             move.l  D7, ($3e,A4)
FFEA9480? 200B                 move.l  A3, D0
FFEA9482? 6712                 beq     $ffea9496
FFEA9484? 4A87                 tst.l   D7
FFEA9486? 670E                 beq     $ffea9496
FFEA9488? 197C0001004B         move.b  #$1, ($4b,A4)
FFEA948E? 200B                 move.l  A3, D0
FFEA9490? D087                 add.l   D7, D0
FFEA9492? 29400036             move.l  D0, ($36,A4)
FFEA9496? 7000                 moveq   #$0, D0
FFEA9498? 4CEE18C0FFA4         movem.l (-$5c,A6), D6-D7/A3-A4
FFEA949E? 4E5E                 unlk    A6
FFEA94A0? 4E75                 rts
FFEA94A2? 4E56FFFC             link    A6, #-$4
FFEA94A6? 48E70118             movem.l D7/A3-A4, -(A7)
FFEA94AA? 266E000C             movea.l ($c,A6), A3
FFEA94AE? 286E0008             movea.l ($8,A6), A4
FFEA94B2? 26AC1A22             move.l  ($1a22,A4), (A3)
FFEA94B6? 276C1A2A0004         move.l  ($1a2a,A4), ($4,A3)
FFEA94BC? 7001                 moveq   #$1, D0
FFEA94BE? 27400008             move.l  D0, ($8,A3)
FFEA94C2? 203C7067737A         move.l  #$7067737a, D0
FFEA94C8? 41EEFFFC             lea     (-$4,A6), A0
FFEA94CC? 2248                 movea.l A0, A1
FFEA94CE? A1AD                 _Gestalt                                  ; A-line trap A1AD
FFEA94D0? 2288                 move.l  A0, (A1)
FFEA94D2? 3E00                 move.w  D0, D7
FFEA94D4? 6606                 bne     $ffea94dc
FFEA94D6? 4AAEFFFC             tst.l   (-$4,A6)
FFEA94DA? 6606                 bne     $ffea94e2
FFEA94DC? 2D6B0008FFFC         move.l  ($8,A3), (-$4,A6)
FFEA94E2? 276EFFFC000C         move.l  (-$4,A6), ($c,A3)
FFEA94E8? 202C1A22             move.l  ($1a22,A4), D0
FFEA94EC? 5280                 addq.l  #1, D0
FFEA94EE? 27400010             move.l  D0, ($10,A3)
FFEA94F2? 277C01F3FE0C0014     move.l  #$1f3fe0c, ($14,A3)
FFEA94FA? 7001                 moveq   #$1, D0
FFEA94FC? 27400018             move.l  D0, ($18,A3)
FFEA9500? 277C0000FFFF001C     move.l  #$ffff, ($1c,A3)
FFEA9508? 422B0020             clr.b   ($20,A3)
FFEA950C? 4CEE1880FFF0         movem.l (-$10,A6), D7/A3-A4
FFEA9512? 4E5E                 unlk    A6
FFEA9514? 4E75                 rts
FFEA9516? 4E56FFFC             link    A6, #-$4
FFEA951A? 48E70018             movem.l A3-A4, -(A7)
FFEA951E? 286E0008             movea.l ($8,A6), A4
FFEA9522? 4A2C00B4             tst.b   ($b4,A4)
FFEA9526? 670E                 beq     $ffea9536
FFEA9528? 4AAC00A8             tst.l   ($a8,A4)
FFEA952C? 6708                 beq     $ffea9536
FFEA952E? 202C00A8             move.l  ($a8,A4), D0
FFEA9532? 600000AE             bra     $ffea95e2
FFEA9536? 4A2C004B             tst.b   ($4b,A4)
FFEA953A? 6606                 bne     $ffea9542
FFEA953C? 7000                 moveq   #$0, D0
FFEA953E? 600000A2             bra     $ffea95e2
FFEA9542? 4A2C004D             tst.b   ($4d,A4)
FFEA9546? 67000096             beq     $ffea95de
FFEA954A? 206C198A             movea.l ($198a,A4), A0
FFEA954E? 2010                 move.l  (A0), D0
FFEA9550? E158                 rol.w   #8, D0
FFEA9552? 4840                 swap    D0
FFEA9554? E158                 rol.w   #8, D0
FFEA9556? 2640                 movea.l D0, A3
FFEA9558? 97EC1996             suba.l  ($1996,A4), A3
FFEA955C? 2013                 move.l  (A3), D0
FFEA955E? E158                 rol.w   #8, D0
FFEA9560? 4840                 swap    D0
FFEA9562? E158                 rol.w   #8, D0
FFEA9564? 223CF0000000         move.l  #$f0000000, D1                    ; CHAOS+0
FFEA956A? C280                 and.l   D0, D1
FFEA956C? 0C8160000000         cmpi.l  #$60000000, D1
FFEA9572? 6604                 bne     $ffea9578
FFEA9574? 47EBFFF0             lea     (-$10,A3), A3
FFEA9578? 206C1986             movea.l ($1986,A4), A0
FFEA957C? 203C00040000         move.l  #$40000, D0
FFEA9582? C090                 and.l   (A0), D0
FFEA9584? 673C                 beq     $ffea95c2
FFEA9586? 203CF0000000         move.l  #$f0000000, D0                    ; CHAOS+0
FFEA958C? C093                 and.l   (A3), D0
FFEA958E? 0C8070000000         cmpi.l  #$70000000, D0
FFEA9594? 672C                 beq     $ffea95c2
FFEA9596? 202B0004             move.l  ($4,A3), D0
FFEA959A? E158                 rol.w   #8, D0
FFEA959C? 4840                 swap    D0
FFEA959E? E158                 rol.w   #8, D0
FFEA95A0? 90AC1992             sub.l   ($1992,A4), D0
FFEA95A4? 2D40FFFC             move.l  D0, (-$4,A6)
FFEA95A8? 2013                 move.l  (A3), D0
FFEA95AA? E158                 rol.w   #8, D0
FFEA95AC? 4840                 swap    D0
FFEA95AE? E158                 rol.w   #8, D0
FFEA95B0? 223C0000FFFF         move.l  #$ffff, D1
FFEA95B6? C280                 and.l   D0, D1
FFEA95B8? 202EFFFC             move.l  (-$4,A6), D0
FFEA95BC? D280                 add.l   D0, D1
FFEA95BE? 2001                 move.l  D1, D0
FFEA95C0? 6020                 bra     $ffea95e2
FFEA95C2? 4A2C00C2             tst.b   ($c2,A4)
FFEA95C6? 6710                 beq     $ffea95d8
FFEA95C8? 4A2C00C3             tst.b   ($c3,A4)
FFEA95CC? 660A                 bne     $ffea95d8
FFEA95CE? 202C00B0             move.l  ($b0,A4), D0
FFEA95D2? D0AC1938             add.l   ($1938,A4), D0
FFEA95D6? 600A                 bra     $ffea95e2
FFEA95D8d 202C19386004         dc.b    $20,$2C,$19,$38,$60,$04           ; | ,.8`.|
FFEA95DE? 202C002E             move.l  ($2e,A4), D0
FFEA95E2? 4CEE1800FFF4         movem.l (-$c,A6), A3-A4
FFEA95E8? 4E5E                 unlk    A6
FFEA95EA? 4E75                 rts
FFEA95EC? 4E560000             link    A6, #$0
FFEA95F0? 48E70708             movem.l D5-D7/A4, -(A7)
FFEA95F4? 286E0008             movea.l ($8,A6), A4
FFEA95F8? 2F0C                 move.l  A4, -(A7)
FFEA95FA? 4EB9000044CA         jsr     $44ca.l                           ; -> outside
FFEA9600? 2E00                 move.l  D0, D7
FFEA9602? 2C2C008E             move.l  ($8e,A4), D6
FFEA9606? 7000                 moveq   #$0, D0
FFEA9608? 2940008E             move.l  D0, ($8e,A4)
FFEA960C? 206C18E6             movea.l ($18e6,A4), A0
FFEA9610? 4210                 clr.b   (A0)
FFEA9612? 4E71                 nop
FFEA9614? 206C18E6             movea.l ($18e6,A4), A0
FFEA9618? 10BC0030             move.b  #$30, (A0)
FFEA961C? 2F07                 move.l  D7, -(A7)
FFEA961E? 2F0C                 move.l  A4, -(A7)
FFEA9620? 4EB900004506         jsr     $4506.l                           ; -> outside
FFEA9626? 08060000             btst    #$0, D6
FFEA962A? 4FEF000C             lea     ($c,A7), A7
FFEA962E? 673E                 beq     $ffea966e
FFEA9630? 2F0C                 move.l  A4, -(A7)
FFEA9632? 4EB900003256         jsr     $3256.l                           ; -> outside
FFEA9638? 4A2C00B6             tst.b   ($b6,A4)
FFEA963C? 584F                 addq.w  #4, A7
FFEA963E? 6714                 beq     $ffea9654
FFEA9640? 296C19DE1944         move.l  ($19de,A4), ($1944,A4)
FFEA9646? 422C00B6             clr.b   ($b6,A4)
FFEA964A? 2F0C                 move.l  A4, -(A7)
FFEA964C? 4EB9000033D4         jsr     $33d4.l                           ; -> outside
FFEA9652? 584F                 addq.w  #4, A7
FFEA9654? 4A2C0027             tst.b   ($27,A4)
FFEA9658? 6714                 beq     $ffea966e
FFEA965A? 4A2C004A             tst.b   ($4a,A4)
FFEA965E? 670E                 beq     $ffea966e
FFEA9660? 7001                 moveq   #$1, D0
FFEA9662? 2F00                 move.l  D0, -(A7)
FFEA9664? 2F0C                 move.l  A4, -(A7)
FFEA9666? 4EB900003AE0         jsr     $3ae0.l                           ; -> outside
FFEA966C? 504F                 addq.w  #8, A7
FFEA966E? 4A2C0027             tst.b   ($27,A4)
FFEA9672? 6776                 beq     $ffea96ea
FFEA9674? 4A2C0026             tst.b   ($26,A4)
FFEA9678? 6670                 bne     $ffea96ea
FFEA967A? 002C001818CC         ori.b   #$18, ($18cc,A4)
FFEA9680? 2F0C                 move.l  A4, -(A7)
FFEA9682? 4EB9000044CA         jsr     $44ca.l                           ; -> outside
FFEA9688? 2E00                 move.l  D0, D7
FFEA968A? 7000                 moveq   #$0, D0
FFEA968C? 102C18D4             move.b  ($18d4,A4), D0
FFEA9690? 3A3CFF37             move.w  #$ff37, D5
FFEA9694? CA40                 and.w   D0, D5
FFEA9696? 206C18E6             movea.l ($18e6,A4), A0
FFEA969A? 10BC0009             move.b  #$9, (A0)
FFEA969E? 4E71                 nop
FFEA96A0? 206C18E6             movea.l ($18e6,A4), A0
FFEA96A4? 1085                 move.b  D5, (A0)
FFEA96A6? 206C18E6             movea.l ($18e6,A4), A0
FFEA96AA? 10BC0001             move.b  #$1, (A0)
FFEA96AE? 4E71                 nop
FFEA96B0? 206C18E6             movea.l ($18e6,A4), A0
FFEA96B4? 10AC18CC             move.b  ($18cc,A4), (A0)
FFEA96B8? 7000                 moveq   #$0, D0
FFEA96BA? 102C18D4             move.b  ($18d4,A4), D0
FFEA96BE? 323CFF37             move.w  #$ff37, D1
FFEA96C2? C240                 and.w   D0, D1
FFEA96C4? 7000                 moveq   #$0, D0
FFEA96C6? 3001                 move.w  D1, D0
FFEA96C8? 7A08                 moveq   #$8, D5
FFEA96CA? 8A40                 or.w    D0, D5
FFEA96CC? 206C18E6             movea.l ($18e6,A4), A0
FFEA96D0? 10BC0009             move.b  #$9, (A0)
FFEA96D4? 4E71                 nop
FFEA96D6? 206C18E6             movea.l ($18e6,A4), A0
FFEA96DA? 1085                 move.b  D5, (A0)
FFEA96DC? 2F07                 move.l  D7, -(A7)
FFEA96DE? 2F0C                 move.l  A4, -(A7)
FFEA96E0? 4EB900004506         jsr     $4506.l                           ; -> outside
FFEA96E6? 4FEF000C             lea     ($c,A7), A7
FFEA96EA? 2006                 move.l  D6, D0
FFEA96EC? 4CEE10E0FFF0         movem.l (-$10,A6), D5-D7/A4
FFEA96F2? 4E5E                 unlk    A6
FFEA96F4? 4E75                 rts
FFEA96F6? 4E56FFF8             link    A6, #-$8
FFEA96FA? 48E70118             movem.l D7/A3-A4, -(A7)
FFEA96FE? 266E000C             movea.l ($c,A6), A3
FFEA9702? 286E0008             movea.l ($8,A6), A4
FFEA9706? 2F0C                 move.l  A4, -(A7)
FFEA9708? 2054                 movea.l (A4), A0
FFEA970A? 22680154             movea.l ($154,A0), A1
FFEA970E? 4E91                 jsr     (A1)
FFEA9710? 7000                 moveq   #$0, D0
FFEA9712? 2940009E             move.l  D0, ($9e,A4)
FFEA9716? 294000A2             move.l  D0, ($a2,A4)
FFEA971A? 220B                 move.l  A3, D1
FFEA971C? 584F                 addq.w  #4, A7
FFEA971E? 6606                 bne     $ffea9726
FFEA9720? 70CE                 moveq   #-$32, D0
FFEA9722? 60000108             bra     $ffea982c
FFEA9726? 4A2C00B6             tst.b   ($b6,A4)
FFEA972A? 6708                 beq     $ffea9734
FFEA972C? 303CC502             move.w  #$c502, D0
FFEA9730? 600000FA             bra     $ffea982c
FFEA9734? 4A2C0027             tst.b   ($27,A4)
FFEA9738? 6608                 bne     $ffea9742
FFEA973A? 303CC4EC             move.w  #$c4ec, D0
FFEA973E? 600000EC             bra     $ffea982c
FFEA9742? 4A93                 tst.l   (A3)
FFEA9744? 6620                 bne     $ffea9766
FFEA9746? 4A2C004A             tst.b   ($4a,A4)
FFEA974A? 6608                 bne     $ffea9754
FFEA974C? 303CC4FD             move.w  #$c4fd, D0
FFEA9750? 600000DA             bra     $ffea982c
FFEA9754? 202B0004             move.l  ($4,A3), D0
FFEA9758? B0AC003A             cmp.l   ($3a,A4), D0
FFEA975C? 6308                 bls     $ffea9766
FFEA975E? 303CC4E6             move.w  #$c4e6, D0
FFEA9762? 600000C8             bra     $ffea982c
FFEA9766? 7071                 moveq   #$71, D0
FFEA9768? C0AC008E             and.l   ($8e,A4), D0
FFEA976C? 6708                 beq     $ffea9776
FFEA976E? 303CC4E8             move.w  #$c4e8, D0
FFEA9772? 600000B8             bra     $ffea982c
FFEA9776? 207802B6             movea.l $2b6.w, A0                        ; BasicGlob
FFEA977A? 20680210             movea.l ($210,A0), A0
FFEA977E? 2050                 movea.l (A0), A0
FFEA9780? 202C1954             move.l  ($1954,A4), D0
FFEA9784? 7201                 moveq   #$1, D1
FFEA9786? E1A9                 lsl.l   D0, D1
FFEA9788? 4681                 not.l   D1
FFEA978A? C3A80024             and.l   D1, ($24,A0)
FFEA978E? 4A2C004A             tst.b   ($4a,A4)
FFEA9792? 6628                 bne     $ffea97bc
FFEA9794? 2D6C1A12FFF8         move.l  ($1a12,A4), (-$8,A6)
FFEA979A? 2D6C1A22FFFC         move.l  ($1a22,A4), (-$4,A6)
FFEA97A0? 486EFFF8             pea     (-$8,A6)
FFEA97A4? 2F0C                 move.l  A4, -(A7)
FFEA97A6? 2054                 movea.l (A4), A0
FFEA97A8? 226800CC             movea.l ($cc,A0), A1
FFEA97AC? 4E91                 jsr     (A1)
FFEA97AE? 3E00                 move.w  D0, D7
FFEA97B0? 504F                 addq.w  #8, A7
FFEA97B2? 6704                 beq     $ffea97b8
FFEA97B4? 3007                 move.w  D7, D0
FFEA97B6? 6074                 bra     $ffea982c
FFEA97B8? 422C004A             clr.b   ($4a,A4)
FFEA97BC? 197C000100A6         move.b  #$1, ($a6,A4)
FFEA97C2? 29530096             move.l  (A3), ($96,A4)
FFEA97C6? 296B0004009A         move.l  ($4,A3), ($9a,A4)
FFEA97CC? 2F0C                 move.l  A4, -(A7)
FFEA97CE? 4EB90000448E         jsr     $448e.l                           ; -> outside
FFEA97D4? 2F0C                 move.l  A4, -(A7)
FFEA97D6? 4EB900002DEE         jsr     $2dee.l                           ; -> outside
FFEA97DC? 3E00                 move.w  D0, D7
FFEA97DE? 2F0C                 move.l  A4, -(A7)
FFEA97E0? 4EB9000044DE         jsr     $44de.l                           ; -> outside
FFEA97E6? 4A2C004A             tst.b   ($4a,A4)
FFEA97EA? 4FEF000C             lea     ($c,A7), A7
FFEA97EE? 6624                 bne     $ffea9814
FFEA97F0? 0C470001             cmpi.w  #$1, D7
FFEA97F4? 671E                 beq     $ffea9814
FFEA97F6? 7000                 moveq   #$0, D0
FFEA97F8? 2D40FFF8             move.l  D0, (-$8,A6)
FFEA97FC? 2D40FFFC             move.l  D0, (-$4,A6)
FFEA9800? 486EFFF8             pea     (-$8,A6)
FFEA9804? 2F0C                 move.l  A4, -(A7)
FFEA9806? 2054                 movea.l (A4), A0
FFEA9808? 226800CC             movea.l ($cc,A0), A1
FFEA980C? 4E91                 jsr     (A1)
FFEA980E? 3E00                 move.w  D0, D7
FFEA9810? 504F                 addq.w  #8, A7
FFEA9812? 6016                 bra     $ffea982a
FFEA9814? 207802B6             movea.l $2b6.w, A0                        ; BasicGlob
FFEA9818? 20680210             movea.l ($210,A0), A0
FFEA981C? 2050                 movea.l (A0), A0
FFEA981E? 202C1954             move.l  ($1954,A4), D0
FFEA9822? 7201                 moveq   #$1, D1
FFEA9824? E1A9                 lsl.l   D0, D1
FFEA9826? 83A80024             or.l    D1, ($24,A0)
FFEA982A? 3007                 move.w  D7, D0
FFEA982C? 4CEE1880FFEC         movem.l (-$14,A6), D7/A3-A4
FFEA9832? 4E5E                 unlk    A6
FFEA9834? 4E75                 rts
FFEA9836? 4E560000             link    A6, #$0
FFEA983A? 48E70108             movem.l D7/A4, -(A7)
FFEA983E? 286E0008             movea.l ($8,A6), A4
FFEA9842? 4A2C00A6             tst.b   ($a6,A4)
FFEA9846? 670000A0             beq     $ffea98e8
FFEA984A? 2F0C                 move.l  A4, -(A7)
FFEA984C? 4EB90000448E         jsr     $448e.l                           ; -> outside
FFEA9852? 426C00A6             clr.w   ($a6,A4)
FFEA9856? 7000                 moveq   #$0, D0
FFEA9858? 2F00                 move.l  D0, -(A7)
FFEA985A? 2F0C                 move.l  A4, -(A7)
FFEA985C? 4EB900003B4A         jsr     $3b4a.l                           ; -> outside
FFEA9862? 2E2C1950             move.l  ($1950,A4), D7
FFEA9866? 70FF                 moveq   #-$1, D0
FFEA9868? B087                 cmp.l   D7, D0
FFEA986A? 4FEF000C             lea     ($c,A7), A7
FFEA986E? 6768                 beq     $ffea98d8
FFEA9870? 202C00A2             move.l  ($a2,A4), D0
FFEA9874? D0AC0046             add.l   ($46,A4), D0
FFEA9878? DE80                 add.l   D0, D7
FFEA987A? BEAC009A             cmp.l   ($9a,A4), D7
FFEA987E? 6406                 bcc     $ffea9886
FFEA9880? 2947009E             move.l  D7, ($9e,A4)
FFEA9884? 6006                 bra     $ffea988c
FFEA9886? 296C009A009E         move.l  ($9a,A4), ($9e,A4)
FFEA988C? 4AAC0096             tst.l   ($96,A4)
FFEA9890? 6736                 beq     $ffea98c8
FFEA9892? 202C009E             move.l  ($9e,A4), D0
FFEA9896? 90AC00A2             sub.l   ($a2,A4), D0
FFEA989A? 2F00                 move.l  D0, -(A7)
FFEA989C? 2F2C0096             move.l  ($96,A4), -(A7)
FFEA98A0? 2F0C                 move.l  A4, -(A7)
FFEA98A2? 4EB900003CF2         jsr     $3cf2.l                           ; -> outside
FFEA98A8? BEAC009A             cmp.l   ($9a,A4), D7
FFEA98AC? 4FEF000C             lea     ($c,A7), A7
FFEA98B0? 632C                 bls     $ffea98de
FFEA98B2? 2007                 move.l  D7, D0
FFEA98B4? 90AC009A             sub.l   ($9a,A4), D0
FFEA98B8? 2F00                 move.l  D0, -(A7)
FFEA98BA? 2F0C                 move.l  A4, -(A7)
FFEA98BC? 2054                 movea.l (A4), A0
FFEA98BE? 226800D8             movea.l ($d8,A0), A1
FFEA98C2? 4E91                 jsr     (A1)
FFEA98C4? 504F                 addq.w  #8, A7
FFEA98C6? 6016                 bra     $ffea98de
FFEA98C8? 2F07                 move.l  D7, -(A7)
FFEA98CA? 2F0C                 move.l  A4, -(A7)
FFEA98CC? 2054                 movea.l (A4), A0
FFEA98CE? 226800D8             movea.l ($d8,A0), A1
FFEA98D2? 4E91                 jsr     (A1)
FFEA98D4? 504F                 addq.w  #8, A7
FFEA98D6? 6006                 bra     $ffea98de
FFEA98D8? 296C00A2009E         move.l  ($a2,A4), ($9e,A4)
FFEA98DE? 2F0C                 move.l  A4, -(A7)
FFEA98E0? 4EB9000044DE         jsr     $44de.l                           ; -> outside
FFEA98E6? 584F                 addq.w  #4, A7
FFEA98E8? 4CEE1080FFF8         movem.l (-$8,A6), D7/A4
FFEA98EE? 4E5E                 unlk    A6
FFEA98F0? 4E75                 rts
FFEA98F2? 4E560000             link    A6, #$0
FFEA98F6? 48E70108             movem.l D7/A4, -(A7)
FFEA98FA? 286E0008             movea.l ($8,A6), A4
FFEA98FE? 4A2C00A6             tst.b   ($a6,A4)
FFEA9902? 6740                 beq     $ffea9944
FFEA9904? 2F0C                 move.l  A4, -(A7)
FFEA9906? 4EB90000448E         jsr     $448e.l                           ; -> outside
FFEA990C? 7000                 moveq   #$0, D0
FFEA990E? 2F00                 move.l  D0, -(A7)
FFEA9910? 2F0C                 move.l  A4, -(A7)
FFEA9912? 4EB900003B4A         jsr     $3b4a.l                           ; -> outside
FFEA9918? 70FF                 moveq   #-$1, D0
FFEA991A? B0AC1950             cmp.l   ($1950,A4), D0
FFEA991E? 4FEF000C             lea     ($c,A7), A7
FFEA9922? 6710                 beq     $ffea9934
FFEA9924? 202C0046             move.l  ($46,A4), D0
FFEA9928? D0AC1950             add.l   ($1950,A4), D0
FFEA992C? 2E2C00A2             move.l  ($a2,A4), D7
FFEA9930? DE80                 add.l   D0, D7
FFEA9932? 6004                 bra     $ffea9938
FFEA9934? 2E2C00A2             move.l  ($a2,A4), D7
FFEA9938? 2F0C                 move.l  A4, -(A7)
FFEA993A? 4EB9000044DE         jsr     $44de.l                           ; -> outside
FFEA9940? 584F                 addq.w  #4, A7
FFEA9942? 6004                 bra     $ffea9948
FFEA9944? 2E2C009E             move.l  ($9e,A4), D7
FFEA9948? 2007                 move.l  D7, D0
FFEA994A? 4CEE1080FFF8         movem.l (-$8,A6), D7/A4
FFEA9950? 4E5E                 unlk    A6
FFEA9952? 4E75                 rts
FFEA9954? 4E560000             link    A6, #$0
FFEA9958? 48E71718             movem.l D3/D5-D7/A3-A4, -(A7)
FFEA995C? 266E000C             movea.l ($c,A6), A3
FFEA9960? 286E0008             movea.l ($8,A6), A4
FFEA9964? 2F0C                 move.l  A4, -(A7)
FFEA9966? 2054                 movea.l (A4), A0
FFEA9968? 22680160             movea.l ($160,A0), A1
FFEA996C? 4E91                 jsr     (A1)
FFEA996E? 296C00B019E6         move.l  ($b0,A4), ($19e6,A4)
FFEA9974? 7000                 moveq   #$0, D0
FFEA9976? 294000B0             move.l  D0, ($b0,A4)
FFEA997A? 220B                 move.l  A3, D1
FFEA997C? 584F                 addq.w  #4, A7
FFEA997E? 6606                 bne     $ffea9986
FFEA9980? 7ECE                 moveq   #-$32, D7
FFEA9982? 600000E4             bra     $ffea9a68
FFEA9986? 4A2C00B7             tst.b   ($b7,A4)
FFEA998A? 6708                 beq     $ffea9994
FFEA998C? 3E3CC502             move.w  #$c502, D7
FFEA9990? 600000D6             bra     $ffea9a68
FFEA9994? 4A2C0028             tst.b   ($28,A4)
FFEA9998? 6608                 bne     $ffea99a2
FFEA999A? 3E3CC4EC             move.w  #$c4ec, D7
FFEA999E? 600000C8             bra     $ffea9a68
FFEA99A2? 4A93                 tst.l   (A3)
FFEA99A4? 6634                 bne     $ffea99da
FFEA99A6? 4A2C004B             tst.b   ($4b,A4)
FFEA99AA? 6608                 bne     $ffea99b4
FFEA99AC? 3E3CC4FD             move.w  #$c4fd, D7
FFEA99B0? 600000B6             bra     $ffea9a68
FFEA99B4? 2C2C003E             move.l  ($3e,A4), D6
FFEA99B8? 4A2C00C2             tst.b   ($c2,A4)
FFEA99BC? 670E                 beq     $ffea99cc
FFEA99BE? 4A2C00C3             tst.b   ($c3,A4)
FFEA99C2? 6704                 beq     $ffea99c8
FFEA99C4? 5386                 subq.l  #1, D6
FFEA99C6? 6004                 bra     $ffea99cc
FFEA99C8? 9CAC19E6             sub.l   ($19e6,A4), D6
FFEA99CC? BCAB0004             cmp.l   ($4,A3), D6
FFEA99D0? 641A                 bcc     $ffea99ec
FFEA99D2? 3E3CC4E6             move.w  #$c4e6, D7
FFEA99D6? 60000090             bra     $ffea9a68
FFEA99DA? 4A2C004B             tst.b   ($4b,A4)
FFEA99DE? 670C                 beq     $ffea99ec
FFEA99E0? 4A2C004D             tst.b   ($4d,A4)
FFEA99E4? 6706                 beq     $ffea99ec
FFEA99E6? 3E3CC4E5             move.w  #$c4e5, D7
FFEA99EA? 607C                 bra     $ffea9a68
FFEA99EC? 2F0C                 move.l  A4, -(A7)
FFEA99EE? 4EB90000332C         jsr     $332c.l                           ; -> outside
FFEA99F4? 4A2C00C2             tst.b   ($c2,A4)
FFEA99F8? 584F                 addq.w  #4, A7
FFEA99FA? 6706                 beq     $ffea9a02
FFEA99FC? 4A2C00C3             tst.b   ($c3,A4)
FFEA9A00? 6706                 beq     $ffea9a08
FFEA9A02? 7000                 moveq   #$0, D0
FFEA9A04? 294019E6             move.l  D0, ($19e6,A4)
FFEA9A08? 4A2C00C3             tst.b   ($c3,A4)
FFEA9A0C? 57C3                 seq     D3
FFEA9A0E? 4403                 neg.b   D3
FFEA9A10? 194300C3             move.b  D3, ($c3,A4)
FFEA9A14? 197C000100B4         move.b  #$1, ($b4,A4)
FFEA9A1A? 4A93                 tst.l   (A3)
FFEA9A1C? 660E                 bne     $ffea9a2c
FFEA9A1E? 4A2C004D             tst.b   ($4d,A4)
FFEA9A22? 6608                 bne     $ffea9a2c
FFEA9A24? 296C002E00A8         move.l  ($2e,A4), ($a8,A4)
FFEA9A2A? 6004                 bra     $ffea9a30
FFEA9A2C? 295300A8             move.l  (A3), ($a8,A4)
FFEA9A30? 296B000400AC         move.l  ($4,A3), ($ac,A4)
FFEA9A36? 2F0C                 move.l  A4, -(A7)
FFEA9A38? 4EB9000044CA         jsr     $44ca.l                           ; -> outside
FFEA9A3E? 2A00                 move.l  D0, D5
FFEA9A40? 206C18E6             movea.l ($18e6,A4), A0
FFEA9A44? 4210                 clr.b   (A0)
FFEA9A46? 4E71                 nop
FFEA9A48? 206C18E6             movea.l ($18e6,A4), A0
FFEA9A4C? 10BC0080             move.b  #$80, (A0)
FFEA9A50? 2F05                 move.l  D5, -(A7)
FFEA9A52? 2F0C                 move.l  A4, -(A7)
FFEA9A54? 4EB900004506         jsr     $4506.l                           ; -> outside
FFEA9A5A? 2F0C                 move.l  A4, -(A7)
FFEA9A5C? 4EB900003036         jsr     $3036.l                           ; -> outside
FFEA9A62? 4FEF0010             lea     ($10,A7), A7
FFEA9A66? 6006                 bra     $ffea9a6e
FFEA9A68? 422C00C2             clr.b   ($c2,A4)
FFEA9A6C? 3007                 move.w  D7, D0
FFEA9A6E? 4CEE18E8FFE8         movem.l (-$18,A6), D3/D5-D7/A3-A4
FFEA9A74? 4E5E                 unlk    A6
FFEA9A76? 4E75                 rts
FFEA9A78? 4E560000             link    A6, #$0
FFEA9A7C? 48E70118             movem.l D7/A3-A4, -(A7)
FFEA9A80? 286E0008             movea.l ($8,A6), A4
FFEA9A84? 4A2C00B4             tst.b   ($b4,A4)
FFEA9A88? 670000B6             beq     $ffea9b40
FFEA9A8C? 207802B6             movea.l $2b6.w, A0                        ; BasicGlob
FFEA9A90? 20680210             movea.l ($210,A0), A0
FFEA9A94? 2050                 movea.l (A0), A0
FFEA9A96? 202C1958             move.l  ($1958,A4), D0
FFEA9A9A? 7201                 moveq   #$1, D1
FFEA9A9C? E1A9                 lsl.l   D0, D1
FFEA9A9E? 4681                 not.l   D1
FFEA9AA0? C3A80024             and.l   D1, ($24,A0)
FFEA9AA4? 206C1982             movea.l ($1982,A4), A0
FFEA9AA8? 20BC000000C8         move.l  #$c8, (A0)
FFEA9AAE? 206C1986             movea.l ($1986,A4), A0
FFEA9AB2? 203C00040000         move.l  #$40000, D0
FFEA9AB8? C090                 and.l   (A0), D0
FFEA9ABA? 66F2                 bne     $ffea9aae
FFEA9ABC? 207802B6             movea.l $2b6.w, A0                        ; BasicGlob
FFEA9AC0? 20680210             movea.l ($210,A0), A0
FFEA9AC4? 2050                 movea.l (A0), A0
FFEA9AC6? 202C1958             move.l  ($1958,A4), D0
FFEA9ACA? 7201                 moveq   #$1, D1
FFEA9ACC? E1A9                 lsl.l   D0, D1
FFEA9ACE? 83A80028             or.l    D1, ($28,A0)
FFEA9AD2? 2F0C                 move.l  A4, -(A7)
FFEA9AD4? 4EB9000044CA         jsr     $44ca.l                           ; -> outside
FFEA9ADA? 2E00                 move.l  D0, D7
FFEA9ADC? 426C00B4             clr.w   ($b4,A4)
FFEA9AE0? 422C00C2             clr.b   ($c2,A4)
FFEA9AE4? 2F07                 move.l  D7, -(A7)
FFEA9AE6? 2F0C                 move.l  A4, -(A7)
FFEA9AE8? 4EB900004506         jsr     $4506.l                           ; -> outside
FFEA9AEE? 207802B6             movea.l $2b6.w, A0                        ; BasicGlob
FFEA9AF2? 20680210             movea.l ($210,A0), A0
FFEA9AF6? 2050                 movea.l (A0), A0
FFEA9AF8? 202C1958             move.l  ($1958,A4), D0
FFEA9AFC? 7201                 moveq   #$1, D1
FFEA9AFE? E1A9                 lsl.l   D0, D1
FFEA9B00? 83A80024             or.l    D1, ($24,A0)
FFEA9B04? 206C198A             movea.l ($198a,A4), A0
FFEA9B08? 2010                 move.l  (A0), D0
FFEA9B0A? E158                 rol.w   #8, D0
FFEA9B0C? 4840                 swap    D0
FFEA9B0E? E158                 rol.w   #8, D0
FFEA9B10? 2640                 movea.l D0, A3
FFEA9B12? 97EC1996             suba.l  ($1996,A4), A3
FFEA9B16? 203CF0000000         move.l  #$f0000000, D0                    ; CHAOS+0
FFEA9B1C? C093                 and.l   (A3), D0
FFEA9B1E? 0C8070000000         cmpi.l  #$70000000, D0
FFEA9B24? 4FEF000C             lea     ($c,A7), A7
FFEA9B28? 6716                 beq     $ffea9b40
FFEA9B2A? 202B000C             move.l  ($c,A3), D0
FFEA9B2E? E158                 rol.w   #8, D0
FFEA9B30? 4840                 swap    D0
FFEA9B32? E158                 rol.w   #8, D0
FFEA9B34? 223C0000FFFF         move.l  #$ffff, D1
FFEA9B3A? C280                 and.l   D0, D1
FFEA9B3C? 93AC00B0             sub.l   D1, ($b0,A4)
FFEA9B40? 4CEE1880FFF4         movem.l (-$c,A6), D7/A3-A4
FFEA9B46? 4E5E                 unlk    A6
FFEA9B48? 4E75                 rts
FFEA9B4A? 4E560000             link    A6, #$0
FFEA9B4E? 2F0C                 move.l  A4, -(A7)
FFEA9B50? 286E0008             movea.l ($8,A6), A4
FFEA9B54? 4A2C00B4             tst.b   ($b4,A4)
FFEA9B58? 6718                 beq     $ffea9b72
FFEA9B5A? 202C00B0             move.l  ($b0,A4), D0
FFEA9B5E? B0AC00AC             cmp.l   ($ac,A4), D0
FFEA9B62? 660E                 bne     $ffea9b72
FFEA9B64? 4AAC00B0             tst.l   ($b0,A4)
FFEA9B68? 6708                 beq     $ffea9b72
FFEA9B6A? 202C00B0             move.l  ($b0,A4), D0
FFEA9B6E? 5380                 subq.l  #1, D0
FFEA9B70? 6004                 bra     $ffea9b76
FFEA9B72? 202C00B0             move.l  ($b0,A4), D0
FFEA9B76? 286EFFFC             movea.l (-$4,A6), A4
FFEA9B7A? 4E5E                 unlk    A6
FFEA9B7C? 4E75                 rts
FFEA9B7E? 4E56FFF2             link    A6, #-$e
FFEA9B82? 48E70308             movem.l D6-D7/A4, -(A7)
FFEA9B86? 2E2E000C             move.l  ($c,A6), D7
FFEA9B8A? 286E0008             movea.l ($8,A6), A4
FFEA9B8E? 4A87                 tst.l   D7
FFEA9B90? 6606                 bne     $ffea9b98
FFEA9B92? 70CE                 moveq   #-$32, D0
FFEA9B94? 600000E6             bra     $ffea9c7c
FFEA9B98? 4A2C004A             tst.b   ($4a,A4)
FFEA9B9C? 6706                 beq     $ffea9ba4
FFEA9B9E? 4A2C004C             tst.b   ($4c,A4)
FFEA9BA2? 6608                 bne     $ffea9bac
FFEA9BA4? 303CC502             move.w  #$c502, D0
FFEA9BA8? 600000D2             bra     $ffea9c7c
FFEA9BAC? 4A2C0027             tst.b   ($27,A4)
FFEA9BB0? 6608                 bne     $ffea9bba
FFEA9BB2? 303CC4EC             move.w  #$c4ec, D0
FFEA9BB6? 600000C4             bra     $ffea9c7c
FFEA9BBA? 0C870000FFFF         cmpi.l  #$ffff, D7
FFEA9BC0? 620A                 bhi     $ffea9bcc
FFEA9BC2? 202C1944             move.l  ($1944,A4), D0
FFEA9BC6? E288                 lsr.l   #1, D0
FFEA9BC8? B087                 cmp.l   D7, D0
FFEA9BCA? 6408                 bcc     $ffea9bd4
FFEA9BCC? 303CC4DD             move.w  #$c4dd, D0
FFEA9BD0? 600000AA             bra     $ffea9c7c
FFEA9BD4? 2F0C                 move.l  A4, -(A7)
FFEA9BD6? 2054                 movea.l (A4), A0
FFEA9BD8? 22680154             movea.l ($154,A0), A1
FFEA9BDC? 4E91                 jsr     (A1)
FFEA9BDE? 2F0C                 move.l  A4, -(A7)
FFEA9BE0? 4EB900003256         jsr     $3256.l                           ; -> outside
FFEA9BE6? 202C1944             move.l  ($1944,A4), D0
FFEA9BEA? 2207                 move.l  D7, D1
FFEA9BEC? 4EB90000474A         jsr     $474a.l                           ; -> outside
FFEA9BF2? 2C00                 move.l  D0, D6
FFEA9BF4? 296C194419DE         move.l  ($1944,A4), ($19de,A4)
FFEA9BFA? 4A86                 tst.l   D6
FFEA9BFC? 504F                 addq.w  #8, A7
FFEA9BFE? 6708                 beq     $ffea9c08
FFEA9C00? 9DAC1944             sub.l   D6, ($1944,A4)
FFEA9C04? 9DAC193C             sub.l   D6, ($193c,A4)
FFEA9C08? 294719D2             move.l  D7, ($19d2,A4)
FFEA9C0C? 2F3C30000000         move.l  #$30000000, -(A7)
FFEA9C12? 486C19C6             pea     ($19c6,A4)
FFEA9C16? 48780200             pea     $200.w                            ; SPAlarm
FFEA9C1A? 2F2C199A             move.l  ($199a,A4), -(A7)
FFEA9C1E? 2F2C1944             move.l  ($1944,A4), -(A7)
FFEA9C22? 202C198E             move.l  ($198e,A4), D0
FFEA9C26? D0AC1934             add.l   ($1934,A4), D0
FFEA9C2A? 2F00                 move.l  D0, -(A7)
FFEA9C2C? 2F07                 move.l  D7, -(A7)
FFEA9C2E? 2F0C                 move.l  A4, -(A7)
FFEA9C30? 4EB9000038F6         jsr     $38f6.l                           ; -> outside
FFEA9C36? 294019EA             move.l  D0, ($19ea,A4)
FFEA9C3A? 426EFFF2             clr.w   (-$e,A6)
FFEA9C3E? 2D6C1954FFF4         move.l  ($1954,A4), (-$c,A6)
FFEA9C44? 2D6C1964FFF8         move.l  ($1964,A4), (-$8,A6)
FFEA9C4A? 2D4CFFFC             move.l  A4, (-$4,A6)
FFEA9C4E? 486EFFF2             pea     (-$e,A6)
FFEA9C52? 2F0C                 move.l  A4, -(A7)
FFEA9C54? 4EB900003170         jsr     $3170.l                           ; -> outside
FFEA9C5A? 7000                 moveq   #$0, D0
FFEA9C5C? 2F00                 move.l  D0, -(A7)
FFEA9C5E? 2F2C1918             move.l  ($1918,A4), -(A7)
FFEA9C62? 2F00                 move.l  D0, -(A7)
FFEA9C64? 2F2C190C             move.l  ($190c,A4), -(A7)
FFEA9C68? 2F0C                 move.l  A4, -(A7)
FFEA9C6A? 4EB9000043DA         jsr     $43da.l                           ; -> outside
FFEA9C70? 197C000100B6         move.b  #$1, ($b6,A4)
FFEA9C76? 7000                 moveq   #$0, D0
FFEA9C78? 4FEF003C             lea     ($3c,A7), A7
FFEA9C7C? 4CEE10C0FFE6         movem.l (-$1a,A6), D6-D7/A4
FFEA9C82? 4E5E                 unlk    A6
FFEA9C84? 4E75                 rts
FFEA9C86? 4E560000             link    A6, #$0
FFEA9C8A? 2F0C                 move.l  A4, -(A7)
FFEA9C8C? 286E0008             movea.l ($8,A6), A4
FFEA9C90? 4A2C00B6             tst.b   ($b6,A4)
FFEA9C94? 6606                 bne     $ffea9c9c
FFEA9C96? 303CC502             move.w  #$c502, D0
FFEA9C9A? 6014                 bra     $ffea9cb0
FFEA9C9C? 7000                 moveq   #$0, D0
FFEA9C9E? 102E000F             move.b  ($f,A6), D0
FFEA9CA2? 2F00                 move.l  D0, -(A7)
FFEA9CA4? 2F0C                 move.l  A4, -(A7)
FFEA9CA6? 4EB900003AE0         jsr     $3ae0.l                           ; -> outside
FFEA9CAC? 7000                 moveq   #$0, D0
FFEA9CAE? 504F                 addq.w  #8, A7
FFEA9CB0? 286EFFFC             movea.l (-$4,A6), A4
FFEA9CB4? 4E5E                 unlk    A6
FFEA9CB6? 4E75                 rts
FFEA9CB8? 4E56FFF2             link    A6, #-$e
FFEA9CBC? 2F0C                 move.l  A4, -(A7)
FFEA9CBE? 286E0008             movea.l ($8,A6), A4
FFEA9CC2? 4A2C00B6             tst.b   ($b6,A4)
FFEA9CC6? 6604                 bne     $ffea9ccc
FFEA9CC8? 7000                 moveq   #$0, D0
FFEA9CCA? 6074                 bra     $ffea9d40
FFEA9CCC? 2F0C                 move.l  A4, -(A7)
FFEA9CCE? 4EB900003256         jsr     $3256.l                           ; -> outside
FFEA9CD4? 202C19DE             move.l  ($19de,A4), D0
FFEA9CD8? 29401944             move.l  D0, ($1944,A4)
FFEA9CDC? D0AC1934             add.l   ($1934,A4), D0
FFEA9CE0? 2940193C             move.l  D0, ($193c,A4)
FFEA9CE4? 426EFFF2             clr.w   (-$e,A6)
FFEA9CE8? 2D6C1954FFF4         move.l  ($1954,A4), (-$c,A6)
FFEA9CEE? 2D6C195CFFF8         move.l  ($195c,A4), (-$8,A6)
FFEA9CF4? 2D4CFFFC             move.l  A4, (-$4,A6)
FFEA9CF8? 486EFFF2             pea     (-$e,A6)
FFEA9CFC? 2F0C                 move.l  A4, -(A7)
FFEA9CFE? 4EB900003170         jsr     $3170.l                           ; -> outside
FFEA9D04? 7000                 moveq   #$0, D0
FFEA9D06? 2F00                 move.l  D0, -(A7)
FFEA9D08? 2F2C1908             move.l  ($1908,A4), -(A7)
FFEA9D0C? 2F00                 move.l  D0, -(A7)
FFEA9D0E? 2F2C18FC             move.l  ($18fc,A4), -(A7)
FFEA9D12? 2F0C                 move.l  A4, -(A7)
FFEA9D14? 4EB9000043DA         jsr     $43da.l                           ; -> outside
FFEA9D1A? 422C00B6             clr.b   ($b6,A4)
FFEA9D1E? 2F0C                 move.l  A4, -(A7)
FFEA9D20? 4EB9000033D4         jsr     $33d4.l                           ; -> outside
FFEA9D26? 4A2C0027             tst.b   ($27,A4)
FFEA9D2A? 4FEF0024             lea     ($24,A7), A7
FFEA9D2E? 670E                 beq     $ffea9d3e
FFEA9D30? 7001                 moveq   #$1, D0
FFEA9D32? 2F00                 move.l  D0, -(A7)
FFEA9D34? 2F0C                 move.l  A4, -(A7)
FFEA9D36? 4EB900003AE0         jsr     $3ae0.l                           ; -> outside
FFEA9D3C? 504F                 addq.w  #8, A7
FFEA9D3E? 7000                 moveq   #$0, D0
FFEA9D40? 286EFFEE             movea.l (-$12,A6), A4
FFEA9D44? 4E5E                 unlk    A6
FFEA9D46? 4E75                 rts
FFEA9D48? 4E56FFF2             link    A6, #-$e
FFEA9D4C? 48E70308             movem.l D6-D7/A4, -(A7)
FFEA9D50? 2E2E000C             move.l  ($c,A6), D7
FFEA9D54? 286E0008             movea.l ($8,A6), A4
FFEA9D58? 4A87                 tst.l   D7
FFEA9D5A? 6606                 bne     $ffea9d62
FFEA9D5C? 70CE                 moveq   #-$32, D0
FFEA9D5E? 60000108             bra     $ffea9e68
FFEA9D62? 4A2C004B             tst.b   ($4b,A4)
FFEA9D66? 6706                 beq     $ffea9d6e
FFEA9D68? 4A2C004D             tst.b   ($4d,A4)
FFEA9D6C? 6608                 bne     $ffea9d76
FFEA9D6E? 303CC502             move.w  #$c502, D0
FFEA9D72? 600000F4             bra     $ffea9e68
FFEA9D76? 4A2C0028             tst.b   ($28,A4)
FFEA9D7A? 6608                 bne     $ffea9d84
FFEA9D7C? 303CC4EC             move.w  #$c4ec, D0
FFEA9D80? 600000E6             bra     $ffea9e68
FFEA9D84? 0C870000FFFF         cmpi.l  #$ffff, D7
FFEA9D8A? 620A                 bhi     $ffea9d96
FFEA9D8C? 202C1948             move.l  ($1948,A4), D0
FFEA9D90? E288                 lsr.l   #1, D0
FFEA9D92? B087                 cmp.l   D7, D0
FFEA9D94? 6408                 bcc     $ffea9d9e
FFEA9D96? 303CC4DD             move.w  #$c4dd, D0
FFEA9D9A? 600000CC             bra     $ffea9e68
FFEA9D9E? 2F0C                 move.l  A4, -(A7)
FFEA9DA0? 2054                 movea.l (A4), A0
FFEA9DA2? 22680160             movea.l ($160,A0), A1
FFEA9DA6? 4E91                 jsr     (A1)
FFEA9DA8? 2F0C                 move.l  A4, -(A7)
FFEA9DAA? 4EB90000332C         jsr     $332c.l                           ; -> outside
FFEA9DB0? 422C00C2             clr.b   ($c2,A4)
FFEA9DB4? 202C1948             move.l  ($1948,A4), D0
FFEA9DB8? 2207                 move.l  D7, D1
FFEA9DBA? 4EB90000474A         jsr     $474a.l                           ; -> outside
FFEA9DC0? 2C00                 move.l  D0, D6
FFEA9DC2? 296C194819E2         move.l  ($1948,A4), ($19e2,A4)
FFEA9DC8? 4A86                 tst.l   D6
FFEA9DCA? 504F                 addq.w  #8, A7
FFEA9DCC? 6708                 beq     $ffea9dd6
FFEA9DCE? 9DAC1948             sub.l   D6, ($1948,A4)
FFEA9DD2? 9DAC1940             sub.l   D6, ($1940,A4)
FFEA9DD6? 294719D6             move.l  D7, ($19d6,A4)
FFEA9DDA? 2F3C10000000         move.l  #$10000000, -(A7)
FFEA9DE0? 486C19CE             pea     ($19ce,A4)
FFEA9DE4? 487801F4             pea     $1f4.w
FFEA9DE8? 2F2C19BE             move.l  ($19be,A4), -(A7)
FFEA9DEC? 2F2C1948             move.l  ($1948,A4), -(A7)
FFEA9DF0? 202C1992             move.l  ($1992,A4), D0
FFEA9DF4? D0AC1938             add.l   ($1938,A4), D0
FFEA9DF8? 2F00                 move.l  D0, -(A7)
FFEA9DFA? 2F07                 move.l  D7, -(A7)
FFEA9DFC? 2F0C                 move.l  A4, -(A7)
FFEA9DFE? 4EB9000038F6         jsr     $38f6.l                           ; -> outside
FFEA9E04? 294019EE             move.l  D0, ($19ee,A4)
FFEA9E08? 7000                 moveq   #$0, D0
FFEA9E0A? 102C00BC             move.b  ($bc,A4), D0
FFEA9E0E? 0C400001             cmpi.w  #$1, D0
FFEA9E12? 4FEF0020             lea     ($20,A7), A7
FFEA9E16? 6610                 bne     $ffea9e28
FFEA9E18? 206C18E2             movea.l ($18e2,A4), A0
FFEA9E1C? 7004                 moveq   #$4, D0
FFEA9E1E? C010                 and.b   (A0), D0
FFEA9E20? 7200                 moveq   #$0, D1
FFEA9E22? 1200                 move.b  D0, D1
FFEA9E24? 4A81                 tst.l   D1
FFEA9E26? 67F0                 beq     $ffea9e18
FFEA9E28? 426EFFF2             clr.w   (-$e,A6)
FFEA9E2C? 2D6C1958FFF4         move.l  ($1958,A4), (-$c,A6)
FFEA9E32? 2D6C1968FFF8         move.l  ($1968,A4), (-$8,A6)
FFEA9E38? 2D4CFFFC             move.l  A4, (-$4,A6)
FFEA9E3C? 486EFFF2             pea     (-$e,A6)
FFEA9E40? 2F0C                 move.l  A4, -(A7)
FFEA9E42? 4EB900003170         jsr     $3170.l                           ; -> outside
FFEA9E48? 7000                 moveq   #$0, D0
FFEA9E4A? 2F00                 move.l  D0, -(A7)
FFEA9E4C? 2F00                 move.l  D0, -(A7)
FFEA9E4E? 2F2C1910             move.l  ($1910,A4), -(A7)
FFEA9E52? 2F00                 move.l  D0, -(A7)
FFEA9E54? 2F0C                 move.l  A4, -(A7)
FFEA9E56? 4EB9000043DA         jsr     $43da.l                           ; -> outside
FFEA9E5C? 197C000100B7         move.b  #$1, ($b7,A4)
FFEA9E62? 7000                 moveq   #$0, D0
FFEA9E64? 4FEF001C             lea     ($1c,A7), A7
FFEA9E68? 4CEE10C0FFE6         movem.l (-$1a,A6), D6-D7/A4
FFEA9E6E? 4E5E                 unlk    A6
FFEA9E70? 4E75                 rts
FFEA9E72? 4E560000             link    A6, #$0
FFEA9E76? 48E70108             movem.l D7/A4, -(A7)
FFEA9E7A? 286E0008             movea.l ($8,A6), A4
FFEA9E7E? 4A2C00B7             tst.b   ($b7,A4)
FFEA9E82? 6606                 bne     $ffea9e8a
FFEA9E84? 303CC502             move.w  #$c502, D0
FFEA9E88? 6026                 bra     $ffea9eb0
FFEA9E8A? 2E3C00800088         move.l  #$800088, D7
FFEA9E90? 7000                 moveq   #$0, D0
FFEA9E92? 102C00BC             move.b  ($bc,A4), D0
FFEA9E96? 4A80                 tst.l   D0
FFEA9E98? 6608                 bne     $ffea9ea2
FFEA9E9A? 008700400040         ori.l   #$400040, D7
FFEA9EA0? 6006                 bra     $ffea9ea8
FFEA9EA2? 008700000040         ori.l   #$40, D7
FFEA9EA8? 206C1982             movea.l ($1982,A4), A0
FFEA9EAC? 2087                 move.l  D7, (A0)
FFEA9EAE? 7000                 moveq   #$0, D0
FFEA9EB0? 4CEE1080FFF8         movem.l (-$8,A6), D7/A4
FFEA9EB6? 4E5E                 unlk    A6
FFEA9EB8? 4E75                 rts
FFEA9EBA? 4E56FFF2             link    A6, #-$e
FFEA9EBE? 2F0C                 move.l  A4, -(A7)
FFEA9EC0? 286E0008             movea.l ($8,A6), A4
FFEA9EC4? 4A2C00B7             tst.b   ($b7,A4)
FFEA9EC8? 6606                 bne     $ffea9ed0
FFEA9ECA? 7000                 moveq   #$0, D0
FFEA9ECC? 60000086             bra     $ffea9f54
FFEA9ED0? 2F0C                 move.l  A4, -(A7)
FFEA9ED2? 4EB90000332C         jsr     $332c.l                           ; -> outside
FFEA9ED8? 202C19E2             move.l  ($19e2,A4), D0
FFEA9EDC? 29401948             move.l  D0, ($1948,A4)
FFEA9EE0? D0AC1938             add.l   ($1938,A4), D0
FFEA9EE4? 29401940             move.l  D0, ($1940,A4)
FFEA9EE8? 426EFFF2             clr.w   (-$e,A6)
FFEA9EEC? 2D6C1958FFF4         move.l  ($1958,A4), (-$c,A6)
FFEA9EF2? 2D6C1960FFF8         move.l  ($1960,A4), (-$8,A6)
FFEA9EF8? 2D4CFFFC             move.l  A4, (-$4,A6)
FFEA9EFC? 486EFFF2             pea     (-$e,A6)
FFEA9F00? 2F0C                 move.l  A4, -(A7)
FFEA9F02? 4EB900003170         jsr     $3170.l                           ; -> outside
FFEA9F08? 7000                 moveq   #$0, D0
FFEA9F0A? 2F00                 move.l  D0, -(A7)
FFEA9F0C? 2F00                 move.l  D0, -(A7)
FFEA9F0E? 2F2C1900             move.l  ($1900,A4), -(A7)
FFEA9F12? 2F00                 move.l  D0, -(A7)
FFEA9F14? 2F0C                 move.l  A4, -(A7)
FFEA9F16? 4EB9000043DA         jsr     $43da.l                           ; -> outside
FFEA9F1C? 422C00B7             clr.b   ($b7,A4)
FFEA9F20? 203C70000000         move.l  #$70000000, D0
FFEA9F26? E158                 rol.w   #8, D0
FFEA9F28? 4840                 swap    D0
FFEA9F2A? E158                 rol.w   #8, D0
FFEA9F2C? 206C19BE             movea.l ($19be,A4), A0
FFEA9F30? 21400010             move.l  D0, ($10,A0)
FFEA9F34? 206C19BE             movea.l ($19be,A4), A0
FFEA9F38? 7000                 moveq   #$0, D0
FFEA9F3A? 21400014             move.l  D0, ($14,A0)
FFEA9F3E? 206C19BE             movea.l ($19be,A4), A0
FFEA9F42? 21400018             move.l  D0, ($18,A0)
FFEA9F46? 206C19BE             movea.l ($19be,A4), A0
FFEA9F4A? 2140001C             move.l  D0, ($1c,A0)
FFEA9F4E? 7000                 moveq   #$0, D0
FFEA9F50? 4FEF0020             lea     ($20,A7), A7
FFEA9F54? 286EFFEE             movea.l (-$12,A6), A4
FFEA9F58? 4E5E                 unlk    A6
FFEA9F5A? 4E75                 rts
FFEA9F5C? 4E560000             link    A6, #$0
FFEA9F60? 2F0C                 move.l  A4, -(A7)
FFEA9F62? 286E0008             movea.l ($8,A6), A4
FFEA9F66? 4A2C00B6             tst.b   ($b6,A4)
FFEA9F6A? 671A                 beq     $ffea9f86
FFEA9F6C? 222C19D2             move.l  ($19d2,A4), D1
FFEA9F70? 2001                 move.l  D1, D0
FFEA9F72? C2FC0200             mulu.w  #$200, D1
FFEA9F76? 4840                 swap    D0
FFEA9F78? C0FC0200             mulu.w  #$200, D0
FFEA9F7C? 4840                 swap    D0
FFEA9F7E? 4240                 clr.w   D0
FFEA9F80? D280                 add.l   D0, D1
FFEA9F82? 2001                 move.l  D1, D0
FFEA9F84? 6016                 bra     $ffea9f9c
FFEA9F86? 0CAC0000FFFF1944     cmpi.l  #$ffff, ($1944,A4)
FFEA9F8E? 6308                 bls     $ffea9f98
FFEA9F90? 203C0000FFFF         move.l  #$ffff, D0
FFEA9F96? 6004                 bra     $ffea9f9c
FFEA9F98? 202C1944             move.l  ($1944,A4), D0
FFEA9F9C? 286EFFFC             movea.l (-$4,A6), A4
FFEA9FA0? 4E5E                 unlk    A6
FFEA9FA2? 4E75                 rts
FFEA9FA4? 4E560000             link    A6, #$0
FFEA9FA8? 2F0C                 move.l  A4, -(A7)
FFEA9FAA? 286E0008             movea.l ($8,A6), A4
FFEA9FAE? 4A2C00B7             tst.b   ($b7,A4)
FFEA9FB2? 671A                 beq     $ffea9fce
FFEA9FB4? 222C19D6             move.l  ($19d6,A4), D1
FFEA9FB8? 2001                 move.l  D1, D0
FFEA9FBA? C2FC01F4             mulu.w  #$1f4, D1
FFEA9FBE? 4840                 swap    D0
FFEA9FC0? C0FC01F4             mulu.w  #$1f4, D0
FFEA9FC4? 4840                 swap    D0
FFEA9FC6? 4240                 clr.w   D0
FFEA9FC8? D280                 add.l   D0, D1
FFEA9FCA? 2001                 move.l  D1, D0
FFEA9FCC? 6006                 bra     $ffea9fd4
FFEA9FCE? 203C0000FFFF         move.l  #$ffff, D0
FFEA9FD4? 286EFFFC             movea.l (-$4,A6), A4
FFEA9FD8? 4E5E                 unlk    A6
FFEA9FDA? 4E75                 rts
FFEA9FDC? 4E560000             link    A6, #$0
FFEA9FE0? 48E70108             movem.l D7/A4, -(A7)
FFEA9FE4? 286E0008             movea.l ($8,A6), A4
FFEA9FE8? 2F0C                 move.l  A4, -(A7)
FFEA9FEA? 4EB9000044CA         jsr     $44ca.l                           ; -> outside
FFEA9FF0? 2E00                 move.l  D0, D7
FFEA9FF2? 7000                 moveq   #$0, D0
FFEA9FF4? 102C18D0             move.b  ($18d0,A4), D0
FFEA9FF8? 7208                 moveq   #$8, D1
FFEA9FFA? C200                 and.b   D0, D1
FFEA9FFC? 584F                 addq.w  #4, A7
FFEA9FFE? 661E                 bne     $ffeaa01e
FFEAA000? 4A2C0028             tst.b   ($28,A4)
FFEAA004? 6718                 beq     $ffeaa01e
FFEAA006? 002C000818D0         ori.b   #$8, ($18d0,A4)
FFEAA00C? 206C18E6             movea.l ($18e6,A4), A0
FFEAA010? 10BC0005             move.b  #$5, (A0)
FFEAA014? 4E71                 nop
FFEAA016? 206C18E6             movea.l ($18e6,A4), A0
FFEAA01A? 10AC18D0             move.b  ($18d0,A4), (A0)
FFEAA01E? 206C18E6             movea.l ($18e6,A4), A0
FFEAA022? 4210                 clr.b   (A0)
FFEAA024? 4E71                 nop
FFEAA026? 206C18E2             movea.l ($18e2,A4), A0
FFEAA02A? 7004                 moveq   #$4, D0
FFEAA02C? C010                 and.b   (A0), D0
FFEAA02E? 6718                 beq     $ffeaa048
FFEAA030? 206C18EE             movea.l ($18ee,A4), A0
FFEAA034? 10AE000F             move.b  ($f,A6), (A0)
FFEAA038? 2F07                 move.l  D7, -(A7)
FFEAA03A? 2F0C                 move.l  A4, -(A7)
FFEAA03C? 4EB900004506         jsr     $4506.l                           ; -> outside
FFEAA042? 7000                 moveq   #$0, D0
FFEAA044? 504F                 addq.w  #8, A7
FFEAA046? 6010                 bra     $ffeaa058
FFEAA048? 2F07                 move.l  D7, -(A7)
FFEAA04A? 2F0C                 move.l  A4, -(A7)
FFEAA04C? 4EB900004506         jsr     $4506.l                           ; -> outside
FFEAA052? 303CC4E9             move.w  #$c4e9, D0
FFEAA056? 504F                 addq.w  #8, A7
FFEAA058? 4CEE1080FFF8         movem.l (-$8,A6), D7/A4
FFEAA05E? 4E5E                 unlk    A6
FFEAA060? 4E75                 rts
FFEAA062? 4E56FFCE             link    A6, #-$32
FFEAA066? 48E71F18             movem.l D3-D7/A3-A4, -(A7)
FFEAA06A? 266E000C             movea.l ($c,A6), A3
FFEAA06E? 286E0008             movea.l ($8,A6), A4
FFEAA072? 422C00C2             clr.b   ($c2,A4)
FFEAA076? 200B                 move.l  A3, D0
FFEAA078? 6606                 bne     $ffeaa080
FFEAA07A? 70CE                 moveq   #-$32, D0
FFEAA07C? 60000266             bra     $ffeaa2e4
FFEAA080? 2D6B0004FFFA         move.l  ($4,A3), (-$6,A6)
FFEAA086? 2D6B000CFFF6         move.l  ($c,A3), (-$a,A6)
FFEAA08C? 7000                 moveq   #$0, D0
FFEAA08E? 27400004             move.l  D0, ($4,A3)
FFEAA092? 2740000C             move.l  D0, ($c,A3)
FFEAA096? 4AAEFFFA             tst.l   (-$6,A6)
FFEAA09A? 6732                 beq     $ffeaa0ce
FFEAA09C? 0CAE00000400FFFA     cmpi.l  #$400, (-$6,A6)
FFEAA0A4? 6308                 bls     $ffeaa0ae
FFEAA0A6? 303CC4E4             move.w  #$c4e4, D0
FFEAA0AA? 60000238             bra     $ffeaa2e4
FFEAA0AE? 4A2C0028             tst.b   ($28,A4)
FFEAA0B2? 6608                 bne     $ffeaa0bc
FFEAA0B4? 303CC4EC             move.w  #$c4ec, D0
FFEAA0B8? 6000022A             bra     $ffeaa2e4
FFEAA0BC? 4A93                 tst.l   (A3)
FFEAA0BE? 661A                 bne     $ffeaa0da
FFEAA0C0? 4A2C004B             tst.b   ($4b,A4)
FFEAA0C4? 6614                 bne     $ffeaa0da
FFEAA0C6? 303CC4FD             move.w  #$c4fd, D0
FFEAA0CA? 60000218             bra     $ffeaa2e4
FFEAA0CE? 4AAEFFF6             tst.l   (-$a,A6)
FFEAA0D2? 6606                 bne     $ffeaa0da
FFEAA0D4? 70CE                 moveq   #-$32, D0
FFEAA0D6? 6000020C             bra     $ffeaa2e4
FFEAA0DA? 4AAEFFF6             tst.l   (-$a,A6)
FFEAA0DE? 6734                 beq     $ffeaa114
FFEAA0E0? 0CAE00000400FFF6     cmpi.l  #$400, (-$a,A6)
FFEAA0E8? 6308                 bls     $ffeaa0f2
FFEAA0EA? 303CC4E4             move.w  #$c4e4, D0
FFEAA0EE? 600001F4             bra     $ffeaa2e4
FFEAA0F2? 4A2C0027             tst.b   ($27,A4)
FFEAA0F6? 6608                 bne     $ffeaa100
FFEAA0F8? 303CC4EC             move.w  #$c4ec, D0
FFEAA0FC? 600001E6             bra     $ffeaa2e4
FFEAA100? 4AAB0008             tst.l   ($8,A3)
FFEAA104? 660E                 bne     $ffeaa114
FFEAA106? 4A2C004A             tst.b   ($4a,A4)
FFEAA10A? 6608                 bne     $ffeaa114
FFEAA10C? 303CC4FD             move.w  #$c4fd, D0
FFEAA110? 600001D2             bra     $ffeaa2e4
FFEAA114? 4AAB0010             tst.l   ($10,A3)
FFEAA118? 6608                 bne     $ffeaa122
FFEAA11A? 303CC4E3             move.w  #$c4e3, D0
FFEAA11E? 600001C4             bra     $ffeaa2e4
FFEAA122? 197C00011A42         move.b  #$1, ($1a42,A4)
FFEAA128? 2D6C004EFFDE         move.l  ($4e,A4), (-$22,A6)
FFEAA12E? 2D6C0056FFE2         move.l  ($56,A4), (-$1e,A6)
FFEAA134? 2D6C005EFFE6         move.l  ($5e,A4), (-$1a,A6)
FFEAA13A? 2D6C0076FFEA         move.l  ($76,A4), (-$16,A6)
FFEAA140? 2D6C0066FFEE         move.l  ($66,A4), (-$12,A6)
FFEAA146? 2D6C006EFFF2         move.l  ($6e,A4), (-$e,A6)
FFEAA14C? 7000                 moveq   #$0, D0
FFEAA14E? 2940004E             move.l  D0, ($4e,A4)
FFEAA152? 29400056             move.l  D0, ($56,A4)
FFEAA156? 2940005E             move.l  D0, ($5e,A4)
FFEAA15A? 29400076             move.l  D0, ($76,A4)
FFEAA15E? 29400066             move.l  D0, ($66,A4)
FFEAA162? 2940006E             move.l  D0, ($6e,A4)
FFEAA166? 1D6C00BCFFFF         move.b  ($bc,A4), (-$1,A6)
FFEAA16C? 197C000100BC         move.b  #$1, ($bc,A4)
FFEAA172? 4AAEFFF6             tst.l   (-$a,A6)
FFEAA176? 6722                 beq     $ffeaa19a
FFEAA178? 2D6B0008FFCE         move.l  ($8,A3), (-$32,A6)
FFEAA17E? 2D6EFFF6FFD2         move.l  (-$a,A6), (-$2e,A6)
FFEAA184? 486EFFCE             pea     (-$32,A6)
FFEAA188? 2F0C                 move.l  A4, -(A7)
FFEAA18A? 2054                 movea.l (A4), A0
FFEAA18C? 22680150             movea.l ($150,A0), A1
FFEAA190? 4E91                 jsr     (A1)
FFEAA192? 3800                 move.w  D0, D4
FFEAA194? 504F                 addq.w  #8, A7
FFEAA196? 6D00011C             blt     $ffeaa2b4
FFEAA19A? 4AAEFFFA             tst.l   (-$6,A6)
FFEAA19E? 672E                 beq     $ffeaa1ce
FFEAA1A0? 2D53FFD6             move.l  (A3), (-$2a,A6)
FFEAA1A4? 2D6EFFFAFFDA         move.l  (-$6,A6), (-$26,A6)
FFEAA1AA? 486EFFD6             pea     (-$2a,A6)
FFEAA1AE? 2F0C                 move.l  A4, -(A7)
FFEAA1B0? 2054                 movea.l (A4), A0
FFEAA1B2? 2268015C             movea.l ($15c,A0), A1
FFEAA1B6? 4E91                 jsr     (A1)
FFEAA1B8? 3800                 move.w  D0, D4
FFEAA1BA? 504F                 addq.w  #8, A7
FFEAA1BC? 6C10                 bge     $ffeaa1ce
FFEAA1BE? 2F0C                 move.l  A4, -(A7)
FFEAA1C0? 2054                 movea.l (A4), A0
FFEAA1C2? 22680154             movea.l ($154,A0), A1
FFEAA1C6? 4E91                 jsr     (A1)
FFEAA1C8? 584F                 addq.w  #4, A7
FFEAA1CA? 600000E8             bra     $ffeaa2b4
FFEAA1CE? 4244                 clr.w   D4
FFEAA1D0? 4A2B0015             tst.b   ($15,A3)
FFEAA1D4? 671A                 beq     $ffeaa1f0
FFEAA1D6? 4A2C00B9             tst.b   ($b9,A4)
FFEAA1DA? 57C3                 seq     D3
FFEAA1DC? 4403                 neg.b   D3
FFEAA1DE? 4883                 ext.w   D3
FFEAA1E0? 48C3                 ext.l   D3
FFEAA1E2? 2F03                 move.l  D3, -(A7)
FFEAA1E4? 2F0C                 move.l  A4, -(A7)
FFEAA1E6? 2054                 movea.l (A4), A0
FFEAA1E8? 226801B0             movea.l ($1b0,A0), A1
FFEAA1EC? 4E91                 jsr     (A1)
FFEAA1EE? 504F                 addq.w  #8, A7
FFEAA1F0? 598F                 subq.l  #4, A7
FFEAA1F2? A975                 _TickCount                                ; A-line trap A975
FFEAA1F4? 202B0010             move.l  ($10,A3), D0
FFEAA1F8? D09F                 add.l   (A7)+, D0
FFEAA1FA? 2A00                 move.l  D0, D5
FFEAA1FC? 5485                 addq.l  #2, D5
FFEAA1FE? 598F                 subq.l  #4, A7
FFEAA200? A975                 _TickCount                                ; A-line trap A975
FFEAA202? BA9F                 cmp.l   (A7)+, D5
FFEAA204? 6346                 bls     $ffeaa24c
FFEAA206? 4A2C00B4             tst.b   ($b4,A4)
FFEAA20A? 6606                 bne     $ffeaa212
FFEAA20C? 4A2C00A6             tst.b   ($a6,A4)
FFEAA210? 673A                 beq     $ffeaa24c
FFEAA212? 4A2B0014             tst.b   ($14,A3)
FFEAA216? 67E6                 beq     $ffeaa1fe
FFEAA218? 2F0C                 move.l  A4, -(A7)
FFEAA21A? 4EB9000044CA         jsr     $44ca.l                           ; -> outside
FFEAA220? 2C00                 move.l  D0, D6
FFEAA222? 206C18E6             movea.l ($18e6,A4), A0
FFEAA226? 10BC0001             move.b  #$1, (A0)
FFEAA22A? 4E71                 nop
FFEAA22C? 206C18E2             movea.l ($18e2,A4), A0
FFEAA230? 1E10                 move.b  (A0), D7
FFEAA232? 2F06                 move.l  D6, -(A7)
FFEAA234? 2F0C                 move.l  A4, -(A7)
FFEAA236? 4EB900004506         jsr     $4506.l                           ; -> outside
FFEAA23C? 1007                 move.b  D7, D0
FFEAA23E? 4880                 ext.w   D0
FFEAA240? 323C0080             move.w  #$80, D1
FFEAA244? C200                 and.b   D0, D1
FFEAA246? 4FEF000C             lea     ($c,A7), A7
FFEAA24A? 67B2                 beq     $ffeaa1fe
FFEAA24C? 598F                 subq.l  #4, A7
FFEAA24E? A975                 _TickCount                                ; A-line trap A975
FFEAA250? BA9F                 cmp.l   (A7)+, D5
FFEAA252? 621A                 bhi     $ffeaa26e
FFEAA254? 383CC4E3             move.w  #$c4e3, D4
FFEAA258? 2F0C                 move.l  A4, -(A7)
FFEAA25A? 2054                 movea.l (A4), A0
FFEAA25C? 22680160             movea.l ($160,A0), A1
FFEAA260? 4E91                 jsr     (A1)
FFEAA262? 2F0C                 move.l  A4, -(A7)
FFEAA264? 2054                 movea.l (A4), A0
FFEAA266? 22680154             movea.l ($154,A0), A1
FFEAA26A? 4E91                 jsr     (A1)
FFEAA26C? 504F                 addq.w  #8, A7
FFEAA26E? 4AAEFFFA             tst.l   (-$6,A6)
FFEAA272? 671E                 beq     $ffeaa292
FFEAA274? 2F0C                 move.l  A4, -(A7)
FFEAA276? 2054                 movea.l (A4), A0
FFEAA278? 22680164             movea.l ($164,A0), A1
FFEAA27C? 4E91                 jsr     (A1)
FFEAA27E? 27400004             move.l  D0, ($4,A3)
FFEAA282? 202C0092             move.l  ($92,A4), D0
FFEAA286? 08000000             btst    #$0, D0
FFEAA28A? 584F                 addq.w  #4, A7
FFEAA28C? 6704                 beq     $ffeaa292
FFEAA28E? 383CC4E7             move.w  #$c4e7, D4
FFEAA292? 4AAEFFF6             tst.l   (-$a,A6)
FFEAA296? 671C                 beq     $ffeaa2b4
FFEAA298? 2F0C                 move.l  A4, -(A7)
FFEAA29A? 2054                 movea.l (A4), A0
FFEAA29C? 22680158             movea.l ($158,A0), A1
FFEAA2A0? 4E91                 jsr     (A1)
FFEAA2A2? 2740000C             move.l  D0, ($c,A3)
FFEAA2A6? 7071                 moveq   #$71, D0
FFEAA2A8? C0AC008E             and.l   ($8e,A4), D0
FFEAA2AC? 584F                 addq.w  #4, A7
FFEAA2AE? 6704                 beq     $ffeaa2b4
FFEAA2B0? 383CC4E8             move.w  #$c4e8, D4
FFEAA2B4? 296EFFDE004E         move.l  (-$22,A6), ($4e,A4)
FFEAA2BA? 296EFFE20056         move.l  (-$1e,A6), ($56,A4)
FFEAA2C0? 296EFFE6005E         move.l  (-$1a,A6), ($5e,A4)
FFEAA2C6? 296EFFEA0076         move.l  (-$16,A6), ($76,A4)
FFEAA2CC? 296EFFEE0066         move.l  (-$12,A6), ($66,A4)
FFEAA2D2? 296EFFF2006E         move.l  (-$e,A6), ($6e,A4)
FFEAA2D8? 196EFFFF00BC         move.b  (-$1,A6), ($bc,A4)
FFEAA2DE? 422C1A42             clr.b   ($1a42,A4)
FFEAA2E2? 3004                 move.w  D4, D0
FFEAA2E4? 4CEE18F8FFB2         movem.l (-$4e,A6), D3-D7/A3-A4
FFEAA2EA? 4E5E                 unlk    A6
FFEAA2EC? 4E75                 rts
FFEAA2EE? 4E560000             link    A6, #$0
FFEAA2F2? 48E70308             movem.l D6-D7/A4, -(A7)
FFEAA2F6? 1E2E000F             move.b  ($f,A6), D7
FFEAA2FA? 286E0008             movea.l ($8,A6), A4
FFEAA2FE? 7000                 moveq   #$0, D0
FFEAA300? 1007                 move.b  D7, D0
FFEAA302? 4A80                 tst.l   D0
FFEAA304? 6640                 bne     $ffeaa346
FFEAA306? 022C00F718D0         andi.b  #$f7, ($18d0,A4)
FFEAA30C? 2F0C                 move.l  A4, -(A7)
FFEAA30E? 4EB9000044CA         jsr     $44ca.l                           ; -> outside
FFEAA314? 2C00                 move.l  D0, D6
FFEAA316? 206C18E6             movea.l ($18e6,A4), A0
FFEAA31A? 10BC0005             move.b  #$5, (A0)
FFEAA31E? 4E71                 nop
FFEAA320? 206C18E6             movea.l ($18e6,A4), A0
FFEAA324? 10AC18D0             move.b  ($18d0,A4), (A0)
FFEAA328? 2F06                 move.l  D6, -(A7)
FFEAA32A? 2F0C                 move.l  A4, -(A7)
FFEAA32C? 4EB900004506         jsr     $4506.l                           ; -> outside
FFEAA332? 206C1982             movea.l ($1982,A4), A0
FFEAA336? 20BC00400040         move.l  #$400040, (A0)
FFEAA33C? 422C00BC             clr.b   ($bc,A4)
FFEAA340? 4FEF000C             lea     ($c,A7), A7
FFEAA344? 604A                 bra     $ffeaa390
FFEAA346? 4A2C00B8             tst.b   ($b8,A4)
FFEAA34A? 6644                 bne     $ffeaa390
FFEAA34C? 4A2C0028             tst.b   ($28,A4)
FFEAA350? 6738                 beq     $ffeaa38a
FFEAA352? 002C000818D0         ori.b   #$8, ($18d0,A4)
FFEAA358? 2F0C                 move.l  A4, -(A7)
FFEAA35A? 4EB9000044CA         jsr     $44ca.l                           ; -> outside
FFEAA360? 2C00                 move.l  D0, D6
FFEAA362? 206C18E6             movea.l ($18e6,A4), A0
FFEAA366? 10BC0005             move.b  #$5, (A0)
FFEAA36A? 4E71                 nop
FFEAA36C? 206C18E6             movea.l ($18e6,A4), A0
FFEAA370? 10AC18D0             move.b  ($18d0,A4), (A0)
FFEAA374? 2F06                 move.l  D6, -(A7)
FFEAA376? 2F0C                 move.l  A4, -(A7)
FFEAA378? 4EB900004506         jsr     $4506.l                           ; -> outside
FFEAA37E? 206C1982             movea.l ($1982,A4), A0
FFEAA382? 7040                 moveq   #$40, D0
FFEAA384? 2080                 move.l  D0, (A0)
FFEAA386? 4FEF000C             lea     ($c,A7), A7
FFEAA38A? 197C000100BC         move.b  #$1, ($bc,A4)
FFEAA390? 194700BB             move.b  D7, ($bb,A4)
FFEAA394? 4CEE10C0FFF4         movem.l (-$c,A6), D6-D7/A4
FFEAA39A? 4E5E                 unlk    A6
FFEAA39C? 4E75                 rts
FFEAA39E? 4E560000             link    A6, #$0
FFEAA3A2? 48E70308             movem.l D6-D7/A4, -(A7)
FFEAA3A6? 1E2E000F             move.b  ($f,A6), D7
FFEAA3AA? 286E0008             movea.l ($8,A6), A4
FFEAA3AE? 4A07                 tst.b   D7
FFEAA3B0? 6758                 beq     $ffeaa40a
FFEAA3B2? 206C1982             movea.l ($1982,A4), A0
FFEAA3B6? 20BC00400040         move.l  #$400040, (A0)
FFEAA3BC? 422C00BC             clr.b   ($bc,A4)
FFEAA3C0? 4A2C0028             tst.b   ($28,A4)
FFEAA3C4? 6710                 beq     $ffeaa3d6
FFEAA3C6? 4A2C00B7             tst.b   ($b7,A4)
FFEAA3CA? 660A                 bne     $ffeaa3d6
FFEAA3CC? 2F0C                 move.l  A4, -(A7)
FFEAA3CE? 4EB90000447A         jsr     $447a.l                           ; -> outside
FFEAA3D4? 584F                 addq.w  #4, A7
FFEAA3D6? 002C001018D0         ori.b   #$10, ($18d0,A4)
FFEAA3DC? 2F0C                 move.l  A4, -(A7)
FFEAA3DE? 4EB9000044CA         jsr     $44ca.l                           ; -> outside
FFEAA3E4? 2C00                 move.l  D0, D6
FFEAA3E6? 206C18E6             movea.l ($18e6,A4), A0
FFEAA3EA? 10BC0005             move.b  #$5, (A0)
FFEAA3EE? 4E71                 nop
FFEAA3F0? 206C18E6             movea.l ($18e6,A4), A0
FFEAA3F4? 10AC18D0             move.b  ($18d0,A4), (A0)
FFEAA3F8? 2F06                 move.l  D6, -(A7)
FFEAA3FA? 2F0C                 move.l  A4, -(A7)
FFEAA3FC? 4EB900004506         jsr     $4506.l                           ; -> outside
FFEAA402? 4FEF000C             lea     ($c,A7), A7
FFEAA406? 60000082             bra     $ffeaa48a
FFEAA40A? 022C00EF18D0         andi.b  #$ef, ($18d0,A4)
FFEAA410? 2F0C                 move.l  A4, -(A7)
FFEAA412? 4EB9000044CA         jsr     $44ca.l                           ; -> outside
FFEAA418? 2C00                 move.l  D0, D6
FFEAA41A? 206C18E6             movea.l ($18e6,A4), A0
FFEAA41E? 10BC0005             move.b  #$5, (A0)
FFEAA422? 4E71                 nop
FFEAA424? 206C18E6             movea.l ($18e6,A4), A0
FFEAA428? 10AC18D0             move.b  ($18d0,A4), (A0)
FFEAA42C? 2F06                 move.l  D6, -(A7)
FFEAA42E? 2F0C                 move.l  A4, -(A7)
FFEAA430? 4EB900004506         jsr     $4506.l                           ; -> outside
FFEAA436? 7000                 moveq   #$0, D0
FFEAA438? 102C00BB             move.b  ($bb,A4), D0
FFEAA43C? 0C400001             cmpi.w  #$1, D0
FFEAA440? 4FEF000C             lea     ($c,A7), A7
FFEAA444? 6644                 bne     $ffeaa48a
FFEAA446? 4A2C0028             tst.b   ($28,A4)
FFEAA44A? 6730                 beq     $ffeaa47c
FFEAA44C? 002C000818D0         ori.b   #$8, ($18d0,A4)
FFEAA452? 2F0C                 move.l  A4, -(A7)
FFEAA454? 4EB9000044CA         jsr     $44ca.l                           ; -> outside
FFEAA45A? 2C00                 move.l  D0, D6
FFEAA45C? 206C18E6             movea.l ($18e6,A4), A0
FFEAA460? 10BC0005             move.b  #$5, (A0)
FFEAA464? 4E71                 nop
FFEAA466? 206C18E6             movea.l ($18e6,A4), A0
FFEAA46A? 10AC18D0             move.b  ($18d0,A4), (A0)
FFEAA46E? 2F06                 move.l  D6, -(A7)
FFEAA470? 2F0C                 move.l  A4, -(A7)
FFEAA472? 4EB900004506         jsr     $4506.l                           ; -> outside
FFEAA478? 4FEF000C             lea     ($c,A7), A7
FFEAA47C? 206C1982             movea.l ($1982,A4), A0
FFEAA480? 7040                 moveq   #$40, D0
FFEAA482? 2080                 move.l  D0, (A0)
FFEAA484? 197C000100BC         move.b  #$1, ($bc,A4)
FFEAA48A? 194700B8             move.b  D7, ($b8,A4)
FFEAA48E? 7000                 moveq   #$0, D0
FFEAA490? 4CEE10C0FFF4         movem.l (-$c,A6), D6-D7/A4
FFEAA496? 4E5E                 unlk    A6
FFEAA498? 4E75                 rts
FFEAA49A? 4E56FFF4             link    A6, #-$c
FFEAA49E? 2F0C                 move.l  A4, -(A7)
FFEAA4A0? 286E0008             movea.l ($8,A6), A4
FFEAA4A4? 4A2C1A3C             tst.b   ($1a3c,A4)
FFEAA4A8? 6638                 bne     $ffeaa4e2
FFEAA4AA? 2D4CFFF8             move.l  A4, (-$8,A6)
FFEAA4AE? 41F9000025A2         lea     $25a2.l, A0
FFEAA4B4? 2D48FFF4             move.l  A0, (-$c,A6)
FFEAA4B8? 486EFFF4             pea     (-$c,A6)
FFEAA4BC? 2F0C                 move.l  A4, -(A7)
FFEAA4BE? 2054                 movea.l (A4), A0
FFEAA4C0? 22680048             movea.l ($48,A0), A1
FFEAA4C4? 4E91                 jsr     (A1)
FFEAA4C6? 4A00                 tst.b   D0
FFEAA4C8? 504F                 addq.w  #8, A7
FFEAA4CA? 6710                 beq     $ffeaa4dc
FFEAA4CC? 7000                 moveq   #$0, D0
FFEAA4CE? 2F00                 move.l  D0, -(A7)
FFEAA4D0? 2F0C                 move.l  A4, -(A7)
FFEAA4D2? 4EB9000025A2         jsr     $25a2.l                           ; -> outside
FFEAA4D8? 504F                 addq.w  #8, A7
FFEAA4DA? 6006                 bra     $ffeaa4e2
FFEAA4DC? 197C00011A3C         move.b  #$1, ($1a3c,A4)
FFEAA4E2? 286EFFF0             movea.l (-$10,A6), A4
FFEAA4E6? 4E5E                 unlk    A6
FFEAA4E8? 4E75                 rts
FFEAA4EA? 4E56FFFC             link    A6, #-$4
FFEAA4EE? 48E70018             movem.l A3-A4, -(A7)
FFEAA4F2? 286E0008             movea.l ($8,A6), A4
FFEAA4F6? 422C1A3C             clr.b   ($1a3c,A4)
FFEAA4FA? 7001                 moveq   #$1, D0
FFEAA4FC? 2F00                 move.l  D0, -(A7)
FFEAA4FE? 2F0C                 move.l  A4, -(A7)
FFEAA500? 4EB900003B4A         jsr     $3b4a.l                           ; -> outside
FFEAA506? 4AAC004E             tst.l   ($4e,A4)
FFEAA50A? 504F                 addq.w  #8, A7
FFEAA50C? 671E                 beq     $ffeaa52c
FFEAA50E? 4AAC1950             tst.l   ($1950,A4)
FFEAA512? 6718                 beq     $ffeaa52c
FFEAA514? 70FF                 moveq   #-$1, D0
FFEAA516? B0AC1950             cmp.l   ($1950,A4), D0
FFEAA51A? 6710                 beq     $ffeaa52c
FFEAA51C? 2F2C1950             move.l  ($1950,A4), -(A7)
FFEAA520? 2F2C0052             move.l  ($52,A4), -(A7)
FFEAA524? 206C004E             movea.l ($4e,A4), A0
FFEAA528? 4E90                 jsr     (A0)
FFEAA52A? 504F                 addq.w  #8, A7
FFEAA52C? 4AAC19EA             tst.l   ($19ea,A4)
FFEAA530? 67000134             beq     $ffeaa666
FFEAA534? 266C19C2             movea.l ($19c2,A4), A3
FFEAA538? 206C197E             movea.l ($197e,A4), A0
FFEAA53C? 2010                 move.l  (A0), D0
FFEAA53E? E158                 rol.w   #8, D0
FFEAA540? 4840                 swap    D0
FFEAA542? E158                 rol.w   #8, D0
FFEAA544? 90AC1996             sub.l   ($1996,A4), D0
FFEAA548? 2D40FFFC             move.l  D0, (-$4,A6)
FFEAA54C? B0AC19C6             cmp.l   ($19c6,A4), D0
FFEAA550? 6606                 bne     $ffeaa558
FFEAA552? 2D6C199AFFFC         move.l  ($199a,A4), (-$4,A6)
FFEAA558? B7EEFFFC             cmpa.l  (-$4,A6), A3
FFEAA55C? 67000108             beq     $ffeaa666
FFEAA560? 603E                 bra     $ffeaa5a0
FFEAA562? 202C19EA             move.l  ($19ea,A4), D0
FFEAA566? E158                 rol.w   #8, D0
FFEAA568? 4840                 swap    D0
FFEAA56A? E158                 rol.w   #8, D0
FFEAA56C? 27400004             move.l  D0, ($4,A3)
FFEAA570? 202C19D2             move.l  ($19d2,A4), D0
FFEAA574? D1AC19EA             add.l   D0, ($19ea,A4)
FFEAA578? 202C198E             move.l  ($198e,A4), D0
FFEAA57C? D0AC193C             add.l   ($193c,A4), D0
FFEAA580? B0AC19EA             cmp.l   ($19ea,A4), D0
FFEAA584? 620C                 bhi     $ffeaa592
FFEAA586? 202C198E             move.l  ($198e,A4), D0
FFEAA58A? D0AC1934             add.l   ($1934,A4), D0
FFEAA58E? 294019EA             move.l  D0, ($19ea,A4)
FFEAA592? 47EB0010             lea     ($10,A3), A3
FFEAA596? B7EC19C6             cmpa.l  ($19c6,A4), A3
FFEAA59A? 6604                 bne     $ffeaa5a0
FFEAA59C? 266C199A             movea.l ($199a,A4), A3
FFEAA5A0? B7EEFFFC             cmpa.l  (-$4,A6), A3
FFEAA5A4? 66BC                 bne     $ffeaa562
FFEAA5A6? B7EC199A             cmpa.l  ($199a,A4), A3
FFEAA5AA? 660A                 bne     $ffeaa5b6
FFEAA5AC? 266C19C6             movea.l ($19c6,A4), A3
FFEAA5B0? 47EBFFF0             lea     (-$10,A3), A3
FFEAA5B4? 6004                 bra     $ffeaa5ba
FFEAA5B6? 47EBFFF0             lea     (-$10,A3), A3
FFEAA5BA? 203C70000000         move.l  #$70000000, D0
FFEAA5C0? E158                 rol.w   #8, D0
FFEAA5C2? 4840                 swap    D0
FFEAA5C4? E158                 rol.w   #8, D0
FFEAA5C6? 2680                 move.l  D0, (A3)
FFEAA5C8? 202C19C2             move.l  ($19c2,A4), D0
FFEAA5CC? B0AC199A             cmp.l   ($199a,A4), D0
FFEAA5D0? 660E                 bne     $ffeaa5e0
FFEAA5D2? 202C19C6             move.l  ($19c6,A4), D0
FFEAA5D6? 7210                 moveq   #$10, D1
FFEAA5D8? 9081                 sub.l   D1, D0
FFEAA5DA? 294019C2             move.l  D0, ($19c2,A4)
FFEAA5DE? 6006                 bra     $ffeaa5e6
FFEAA5E0? 70F0                 moveq   #-$10, D0
FFEAA5E2? D1AC19C2             add.l   D0, ($19c2,A4)
FFEAA5E6? 203C30000000         move.l  #$30000000, D0
FFEAA5EC? 80AC19D2             or.l    ($19d2,A4), D0
FFEAA5F0? 7200                 moveq   #$0, D1
FFEAA5F2? 8280                 or.l    D0, D1
FFEAA5F4? 203C00300000         move.l  #$300000, D0
FFEAA5FA? 8081                 or.l    D1, D0
FFEAA5FC? 7200                 moveq   #$0, D1
FFEAA5FE? 8280                 or.l    D0, D1
FFEAA600? 7000                 moveq   #$0, D0
FFEAA602? 8081                 or.l    D1, D0
FFEAA604? E158                 rol.w   #8, D0
FFEAA606? 4840                 swap    D0
FFEAA608? E158                 rol.w   #8, D0
FFEAA60A? 206C19C2             movea.l ($19c2,A4), A0
FFEAA60E? 2080                 move.l  D0, (A0)
FFEAA610? 296EFFFC19C2         move.l  (-$4,A6), ($19c2,A4)
FFEAA616? 206C197A             movea.l ($197a,A4), A0
FFEAA61A? 203C00040000         move.l  #$40000, D0
FFEAA620? C090                 and.l   (A0), D0
FFEAA622? 6642                 bne     $ffeaa666
FFEAA624? 207802B6             movea.l $2b6.w, A0                        ; BasicGlob
FFEAA628? 20680210             movea.l ($210,A0), A0
FFEAA62C? 2050                 movea.l (A0), A0
FFEAA62E? 202C1954             move.l  ($1954,A4), D0
FFEAA632? 7201                 moveq   #$1, D1
FFEAA634? E1A9                 lsl.l   D0, D1
FFEAA636? 4681                 not.l   D1
FFEAA638? C3A80024             and.l   D1, ($24,A0)
FFEAA63C? 206C1976             movea.l ($1976,A4), A0
FFEAA640? 20BC000000C8         move.l  #$c8, (A0)
FFEAA646? 206C1976             movea.l ($1976,A4), A0
FFEAA64A? 20BC008000C8         move.l  #$8000c8, (A0)
FFEAA650? 207802B6             movea.l $2b6.w, A0                        ; BasicGlob
FFEAA654? 20680210             movea.l ($210,A0), A0
FFEAA658? 2050                 movea.l (A0), A0
FFEAA65A? 202C1954             move.l  ($1954,A4), D0
FFEAA65E? 7201                 moveq   #$1, D1
FFEAA660? E1A9                 lsl.l   D0, D1
FFEAA662? 83A80024             or.l    D1, ($24,A0)
FFEAA666? 4CEE1800FFF4         movem.l (-$c,A6), A3-A4
FFEAA66C? 4E5E                 unlk    A6
FFEAA66E? 4E75                 rts
FFEAA670? 4E56FFF4             link    A6, #-$c
FFEAA674? 2F0C                 move.l  A4, -(A7)
FFEAA676? 286E0008             movea.l ($8,A6), A4
FFEAA67A? 4A2C1A3D             tst.b   ($1a3d,A4)
FFEAA67E? 6638                 bne     $ffeaa6b8
FFEAA680? 2D4CFFF8             move.l  A4, (-$8,A6)
FFEAA684? 41F900002778         lea     $2778.l, A0
FFEAA68A? 2D48FFF4             move.l  A0, (-$c,A6)
FFEAA68E? 486EFFF4             pea     (-$c,A6)
FFEAA692? 2F0C                 move.l  A4, -(A7)
FFEAA694? 2054                 movea.l (A4), A0
FFEAA696? 22680048             movea.l ($48,A0), A1
FFEAA69A? 4E91                 jsr     (A1)
FFEAA69C? 4A00                 tst.b   D0
FFEAA69E? 504F                 addq.w  #8, A7
FFEAA6A0? 6710                 beq     $ffeaa6b2
FFEAA6A2? 7000                 moveq   #$0, D0
FFEAA6A4? 2F00                 move.l  D0, -(A7)
FFEAA6A6? 2F0C                 move.l  A4, -(A7)
FFEAA6A8? 4EB900002778         jsr     $2778.l                           ; -> outside
FFEAA6AE? 504F                 addq.w  #8, A7
FFEAA6B0? 6006                 bra     $ffeaa6b8
FFEAA6B2? 197C00011A3D         move.b  #$1, ($1a3d,A4)
FFEAA6B8? 286EFFF0             movea.l (-$10,A6), A4
FFEAA6BC? 4E5E                 unlk    A6
FFEAA6BE? 4E75                 rts
FFEAA6C0? 4E56FFF8             link    A6, #-$8
FFEAA6C4? 48E70108             movem.l D7/A4, -(A7)
FFEAA6C8? 286E0008             movea.l ($8,A6), A4
FFEAA6CC? 422C1A3D             clr.b   ($1a3d,A4)
FFEAA6D0? 4A2C00A7             tst.b   ($a7,A4)
FFEAA6D4? 6754                 beq     $ffeaa72a
FFEAA6D6? 2F0C                 move.l  A4, -(A7)
FFEAA6D8? 4EB900002DEE         jsr     $2dee.l                           ; -> outside
FFEAA6DE? 3E00                 move.w  D0, D7
FFEAA6E0? 4A2C004A             tst.b   ($4a,A4)
FFEAA6E4? 584F                 addq.w  #4, A7
FFEAA6E6? 6622                 bne     $ffeaa70a
FFEAA6E8? 0C470001             cmpi.w  #$1, D7
FFEAA6EC? 671C                 beq     $ffeaa70a
FFEAA6EE? 7000                 moveq   #$0, D0
FFEAA6F0? 2D40FFF8             move.l  D0, (-$8,A6)
FFEAA6F4? 2D40FFFC             move.l  D0, (-$4,A6)
FFEAA6F8? 486EFFF8             pea     (-$8,A6)
FFEAA6FC? 2F0C                 move.l  A4, -(A7)
FFEAA6FE? 2054                 movea.l (A4), A0
FFEAA700? 226800CC             movea.l ($cc,A0), A1
FFEAA704? 4E91                 jsr     (A1)
FFEAA706? 3E00                 move.w  D0, D7
FFEAA708? 504F                 addq.w  #8, A7
FFEAA70A? 4AAC004E             tst.l   ($4e,A4)
FFEAA70E? 671A                 beq     $ffeaa72a
FFEAA710? 4A47                 tst.w   D7
FFEAA712? 6616                 bne     $ffeaa72a
FFEAA714? 202C0046             move.l  ($46,A4), D0
FFEAA718? D0AC1950             add.l   ($1950,A4), D0
FFEAA71C? 2F00                 move.l  D0, -(A7)
FFEAA71E? 2F2C0052             move.l  ($52,A4), -(A7)
FFEAA722? 206C004E             movea.l ($4e,A4), A0
FFEAA726? 4E90                 jsr     (A0)
FFEAA728? 504F                 addq.w  #8, A7
FFEAA72A? 4A2C00A7             tst.b   ($a7,A4)
FFEAA72E? 6640                 bne     $ffeaa770
FFEAA730? 7000                 moveq   #$0, D0
FFEAA732? 2F00                 move.l  D0, -(A7)
FFEAA734? 2F0C                 move.l  A4, -(A7)
FFEAA736? 4EB900003B4A         jsr     $3b4a.l                           ; -> outside
FFEAA73C? 4A2C004C             tst.b   ($4c,A4)
FFEAA740? 504F                 addq.w  #8, A7
FFEAA742? 662C                 bne     $ffeaa770
FFEAA744? 70FF                 moveq   #-$1, D0
FFEAA746? B0AC1950             cmp.l   ($1950,A4), D0
FFEAA74A? 6724                 beq     $ffeaa770
FFEAA74C? 202C1950             move.l  ($1950,A4), D0
FFEAA750? B0AC19DA             cmp.l   ($19da,A4), D0
FFEAA754? 631A                 bls     $ffeaa770
FFEAA756? 202C1950             move.l  ($1950,A4), D0
FFEAA75A? 90AC19DA             sub.l   ($19da,A4), D0
FFEAA75E? 222C19D2             move.l  ($19d2,A4), D1
FFEAA762? D280                 add.l   D0, D1
FFEAA764? 2F01                 move.l  D1, -(A7)
FFEAA766? 2F0C                 move.l  A4, -(A7)
FFEAA768? 4EB900003E78         jsr     $3e78.l                           ; -> outside
FFEAA76E? 504F                 addq.w  #8, A7
FFEAA770? 4CEE1080FFF0         movem.l (-$10,A6), D7/A4
FFEAA776? 4E5E                 unlk    A6
FFEAA778? 4E75                 rts
FFEAA77A? 4E56FFF4             link    A6, #-$c
FFEAA77E? 2F0C                 move.l  A4, -(A7)
FFEAA780? 286E0008             movea.l ($8,A6), A4
FFEAA784? 4A2C1A3E             tst.b   ($1a3e,A4)
FFEAA788? 6638                 bne     $ffeaa7c2
FFEAA78A? 2D4CFFF8             move.l  A4, (-$8,A6)
FFEAA78E? 41F900002882         lea     $2882.l, A0
FFEAA794? 2D48FFF4             move.l  A0, (-$c,A6)
FFEAA798? 486EFFF4             pea     (-$c,A6)
FFEAA79C? 2F0C                 move.l  A4, -(A7)
FFEAA79E? 2054                 movea.l (A4), A0
FFEAA7A0? 22680048             movea.l ($48,A0), A1
FFEAA7A4? 4E91                 jsr     (A1)
FFEAA7A6? 4A00                 tst.b   D0
FFEAA7A8? 504F                 addq.w  #8, A7
FFEAA7AA? 6710                 beq     $ffeaa7bc
FFEAA7AC? 7000                 moveq   #$0, D0
FFEAA7AE? 2F00                 move.l  D0, -(A7)
FFEAA7B0? 2F0C                 move.l  A4, -(A7)
FFEAA7B2? 4EB900002882         jsr     $2882.l                           ; -> outside
FFEAA7B8? 504F                 addq.w  #8, A7
FFEAA7BA? 6006                 bra     $ffeaa7c2
FFEAA7BC? 197C00011A3E         move.b  #$1, ($1a3e,A4)
FFEAA7C2? 286EFFF0             movea.l (-$10,A6), A4
FFEAA7C6? 4E5E                 unlk    A6
FFEAA7C8? 4E75                 rts
FFEAA7CA? 4E56FFFC             link    A6, #-$4
FFEAA7CE? 48E70018             movem.l A3-A4, -(A7)
FFEAA7D2? 286E0008             movea.l ($8,A6), A4
FFEAA7D6? 422C1A3E             clr.b   ($1a3e,A4)
FFEAA7DA? 4AAC0056             tst.l   ($56,A4)
FFEAA7DE? 670C                 beq     $ffeaa7ec
FFEAA7E0? 2F2C005A             move.l  ($5a,A4), -(A7)
FFEAA7E4? 206C0056             movea.l ($56,A4), A0
FFEAA7E8? 4E90                 jsr     (A0)
FFEAA7EA? 584F                 addq.w  #4, A7
FFEAA7EC? 4AAC19EE             tst.l   ($19ee,A4)
FFEAA7F0? 6700014C             beq     $ffeaa93e
FFEAA7F4? 266C19CA             movea.l ($19ca,A4), A3
FFEAA7F8? 206C198A             movea.l ($198a,A4), A0
FFEAA7FC? 2010                 move.l  (A0), D0
FFEAA7FE? E158                 rol.w   #8, D0
FFEAA800? 4840                 swap    D0
FFEAA802? E158                 rol.w   #8, D0
FFEAA804? 90AC1996             sub.l   ($1996,A4), D0
FFEAA808? 2D40FFFC             move.l  D0, (-$4,A6)
FFEAA80C? B0AC19CE             cmp.l   ($19ce,A4), D0
FFEAA810? 6606                 bne     $ffeaa818
FFEAA812? 2D6C19BEFFFC         move.l  ($19be,A4), (-$4,A6)
FFEAA818? B7EEFFFC             cmpa.l  (-$4,A6), A3
FFEAA81C? 67000120             beq     $ffeaa93e
FFEAA820? 603E                 bra     $ffeaa860
FFEAA822? 202C19EE             move.l  ($19ee,A4), D0
FFEAA826? E158                 rol.w   #8, D0
FFEAA828? 4840                 swap    D0
FFEAA82A? E158                 rol.w   #8, D0
FFEAA82C? 27400004             move.l  D0, ($4,A3)
FFEAA830? 202C19D6             move.l  ($19d6,A4), D0
FFEAA834? D1AC19EE             add.l   D0, ($19ee,A4)
FFEAA838? 202C1992             move.l  ($1992,A4), D0
FFEAA83C? D0AC1940             add.l   ($1940,A4), D0
FFEAA840? B0AC19EE             cmp.l   ($19ee,A4), D0
FFEAA844? 620C                 bhi     $ffeaa852
FFEAA846? 202C1992             move.l  ($1992,A4), D0
FFEAA84A? D0AC1938             add.l   ($1938,A4), D0
FFEAA84E? 294019EE             move.l  D0, ($19ee,A4)
FFEAA852? 47EB0010             lea     ($10,A3), A3
FFEAA856? B7EC19CE             cmpa.l  ($19ce,A4), A3
FFEAA85A? 6604                 bne     $ffeaa860
FFEAA85C? 266C19BE             movea.l ($19be,A4), A3
FFEAA860? B7EEFFFC             cmpa.l  (-$4,A6), A3
FFEAA864? 66BC                 bne     $ffeaa822
FFEAA866? B7EC19BE             cmpa.l  ($19be,A4), A3
FFEAA86A? 660A                 bne     $ffeaa876
FFEAA86C? 266C19CE             movea.l ($19ce,A4), A3
FFEAA870? 47EBFFF0             lea     (-$10,A3), A3
FFEAA874? 6004                 bra     $ffeaa87a
FFEAA876? 47EBFFF0             lea     (-$10,A3), A3
FFEAA87A? 203C70000000         move.l  #$70000000, D0
FFEAA880? E158                 rol.w   #8, D0
FFEAA882? 4840                 swap    D0
FFEAA884? E158                 rol.w   #8, D0
FFEAA886? 2680                 move.l  D0, (A3)
FFEAA888? 202C19CA             move.l  ($19ca,A4), D0
FFEAA88C? B0AC19BE             cmp.l   ($19be,A4), D0
FFEAA890? 660E                 bne     $ffeaa8a0
FFEAA892? 202C19CE             move.l  ($19ce,A4), D0
FFEAA896? 7210                 moveq   #$10, D1
FFEAA898? 9081                 sub.l   D1, D0
FFEAA89A? 294019CA             move.l  D0, ($19ca,A4)
FFEAA89E? 6006                 bra     $ffeaa8a6
FFEAA8A0? 70F0                 moveq   #-$10, D0
FFEAA8A2? D1AC19CA             add.l   D0, ($19ca,A4)
FFEAA8A6? 203C10000000         move.l  #$10000000, D0
FFEAA8AC? 80AC19D6             or.l    ($19d6,A4), D0
FFEAA8B0? 7200                 moveq   #$0, D1
FFEAA8B2? 8280                 or.l    D0, D1
FFEAA8B4? 203C00300000         move.l  #$300000, D0
FFEAA8BA? 8081                 or.l    D1, D0
FFEAA8BC? 7200                 moveq   #$0, D1
FFEAA8BE? 8280                 or.l    D0, D1
FFEAA8C0? 7000                 moveq   #$0, D0
FFEAA8C2? 8081                 or.l    D1, D0
FFEAA8C4? E158                 rol.w   #8, D0
FFEAA8C6? 4840                 swap    D0
FFEAA8C8? E158                 rol.w   #8, D0
FFEAA8CA? 206C19CA             movea.l ($19ca,A4), A0
FFEAA8CE? 2080                 move.l  D0, (A0)
FFEAA8D0? 296EFFFC19CA         move.l  (-$4,A6), ($19ca,A4)
FFEAA8D6? 206C1986             movea.l ($1986,A4), A0
FFEAA8DA? 203C00040000         move.l  #$40000, D0
FFEAA8E0? C090                 and.l   (A0), D0
FFEAA8E2? 665A                 bne     $ffeaa93e
FFEAA8E4? 207802B6             movea.l $2b6.w, A0                        ; BasicGlob
FFEAA8E8? 20680210             movea.l ($210,A0), A0
FFEAA8EC? 2050                 movea.l (A0), A0
FFEAA8EE? 202C1958             move.l  ($1958,A4), D0
FFEAA8F2? 7201                 moveq   #$1, D1
FFEAA8F4? E1A9                 lsl.l   D0, D1
FFEAA8F6? 4681                 not.l   D1
FFEAA8F8? C3A80024             and.l   D1, ($24,A0)
FFEAA8FC? 206C1982             movea.l ($1982,A4), A0
FFEAA900? 20BC000000C8         move.l  #$c8, (A0)
FFEAA906? 2F0C                 move.l  A4, -(A7)
FFEAA908? 2054                 movea.l (A4), A0
FFEAA90A? 22680180             movea.l ($180,A0), A1
FFEAA90E? 4E91                 jsr     (A1)
FFEAA910? 207802B6             movea.l $2b6.w, A0                        ; BasicGlob
FFEAA914? 20680210             movea.l ($210,A0), A0
FFEAA918? 2050                 movea.l (A0), A0
FFEAA91A? 202C1958             move.l  ($1958,A4), D0
FFEAA91E? 7201                 moveq   #$1, D1
FFEAA920? E1A9                 lsl.l   D0, D1
FFEAA922? 83A80028             or.l    D1, ($28,A0)
FFEAA926? 207802B6             movea.l $2b6.w, A0                        ; BasicGlob
FFEAA92A? 20680210             movea.l ($210,A0), A0
FFEAA92E? 2050                 movea.l (A0), A0
FFEAA930? 202C1958             move.l  ($1958,A4), D0
FFEAA934? 7201                 moveq   #$1, D1
FFEAA936? E1A9                 lsl.l   D0, D1
FFEAA938? 83A80024             or.l    D1, ($24,A0)
FFEAA93C? 584F                 addq.w  #4, A7
FFEAA93E? 4CEE1800FFF4         movem.l (-$c,A6), A3-A4
FFEAA944? 4E5E                 unlk    A6
FFEAA946? 4E75                 rts
FFEAA948? 4E56FFF4             link    A6, #-$c
FFEAA94C? 2F0C                 move.l  A4, -(A7)
FFEAA94E? 286E0008             movea.l ($8,A6), A4
FFEAA952? 4A2C1A3F             tst.b   ($1a3f,A4)
FFEAA956? 6638                 bne     $ffeaa990
FFEAA958? 2D4CFFF8             move.l  A4, (-$8,A6)
FFEAA95C? 41F900002A50         lea     $2a50.l, A0
FFEAA962? 2D48FFF4             move.l  A0, (-$c,A6)
FFEAA966? 486EFFF4             pea     (-$c,A6)
FFEAA96A? 2F0C                 move.l  A4, -(A7)
FFEAA96C? 2054                 movea.l (A4), A0
FFEAA96E? 22680048             movea.l ($48,A0), A1
FFEAA972? 4E91                 jsr     (A1)
FFEAA974? 4A00                 tst.b   D0
FFEAA976? 504F                 addq.w  #8, A7
FFEAA978? 6710                 beq     $ffeaa98a
FFEAA97A? 7000                 moveq   #$0, D0
FFEAA97C? 2F00                 move.l  D0, -(A7)
FFEAA97E? 2F0C                 move.l  A4, -(A7)
FFEAA980? 4EB900002A50         jsr     $2a50.l                           ; -> outside
FFEAA986? 504F                 addq.w  #8, A7
FFEAA988? 6006                 bra     $ffeaa990
FFEAA98A? 197C00011A3F         move.b  #$1, ($1a3f,A4)
FFEAA990? 286EFFF0             movea.l (-$10,A6), A4
FFEAA994? 4E5E                 unlk    A6
FFEAA996? 4E75                 rts
FFEAA998? 4E560000             link    A6, #$0
FFEAA99C? 48E70108             movem.l D7/A4, -(A7)
FFEAA9A0? 286E0008             movea.l ($8,A6), A4
FFEAA9A4? 422C1A3F             clr.b   ($1a3f,A4)
FFEAA9A8? 4A2C00B5             tst.b   ($b5,A4)
FFEAA9AC? 6722                 beq     $ffeaa9d0
FFEAA9AE? 2F0C                 move.l  A4, -(A7)
FFEAA9B0? 4EB900003036         jsr     $3036.l                           ; -> outside
FFEAA9B6? 3E00                 move.w  D0, D7
FFEAA9B8? 4AAC0056             tst.l   ($56,A4)
FFEAA9BC? 584F                 addq.w  #4, A7
FFEAA9BE? 6710                 beq     $ffeaa9d0
FFEAA9C0? 4A47                 tst.w   D7
FFEAA9C2? 660C                 bne     $ffeaa9d0
FFEAA9C4? 2F2C005A             move.l  ($5a,A4), -(A7)
FFEAA9C8? 206C0056             movea.l ($56,A4), A0
FFEAA9CC? 4E90                 jsr     (A0)
FFEAA9CE? 584F                 addq.w  #4, A7
FFEAA9D0? 4CEE1080FFF8         movem.l (-$8,A6), D7/A4
FFEAA9D6? 4E5E                 unlk    A6
FFEAA9D8? 4E75                 rts
FFEAA9DA? 4E56FFF4             link    A6, #-$c
FFEAA9DE? 2F0C                 move.l  A4, -(A7)
FFEAA9E0? 286E0008             movea.l ($8,A6), A4
FFEAA9E4? 4A2C1A40             tst.b   ($1a40,A4)
FFEAA9E8? 6638                 bne     $ffeaaa22
FFEAA9EA? 2D4CFFF8             move.l  A4, (-$8,A6)
FFEAA9EE? 41F900002AE2         lea     $2ae2.l, A0
FFEAA9F4? 2D48FFF4             move.l  A0, (-$c,A6)
FFEAA9F8? 486EFFF4             pea     (-$c,A6)
FFEAA9FC? 2F0C                 move.l  A4, -(A7)
FFEAA9FE? 2054                 movea.l (A4), A0
FFEAAA00? 22680048             movea.l ($48,A0), A1
FFEAAA04? 4E91                 jsr     (A1)
FFEAAA06? 4A00                 tst.b   D0
FFEAAA08? 504F                 addq.w  #8, A7
FFEAAA0A? 6710                 beq     $ffeaaa1c
FFEAAA0C? 7000                 moveq   #$0, D0
FFEAAA0E? 2F00                 move.l  D0, -(A7)
FFEAAA10? 2F0C                 move.l  A4, -(A7)
FFEAAA12? 4EB900002AE2         jsr     $2ae2.l                           ; -> outside
FFEAAA18? 504F                 addq.w  #8, A7
FFEAAA1A? 6006                 bra     $ffeaaa22
FFEAAA1C? 197C00011A40         move.b  #$1, ($1a40,A4)
FFEAAA22? 286EFFF0             movea.l (-$10,A6), A4
FFEAAA26? 4E5E                 unlk    A6
FFEAAA28? 4E75                 rts
FFEAAA2A? 4E560000             link    A6, #$0
FFEAAA2E? 48E71708             movem.l D3/D5-D7/A4, -(A7)
FFEAAA32? 286E0008             movea.l ($8,A6), A4
FFEAAA36? 422C1A40             clr.b   ($1a40,A4)
FFEAAA3A? 2F0C                 move.l  A4, -(A7)
FFEAAA3C? 4EB9000044CA         jsr     $44ca.l                           ; -> outside
FFEAAA42? 2A00                 move.l  D0, D5
FFEAAA44? 206C18E6             movea.l ($18e6,A4), A0
FFEAAA48? 4210                 clr.b   (A0)
FFEAAA4A? 4E71                 nop
FFEAAA4C? 206C18E2             movea.l ($18e2,A4), A0
FFEAAA50? 1C10                 move.b  (A0), D6
FFEAAA52? 2F05                 move.l  D5, -(A7)
FFEAAA54? 2F0C                 move.l  A4, -(A7)
FFEAAA56? 4EB900004506         jsr     $4506.l                           ; -> outside
FFEAAA5C? 1E06                 move.b  D6, D7
FFEAAA5E? 4AAC007E             tst.l   ($7e,A4)
FFEAAA62? 4FEF000C             lea     ($c,A7), A7
FFEAAA66? 6738                 beq     $ffeaaaa0
FFEAAA68? 7000                 moveq   #$0, D0
FFEAAA6A? 102C00BE             move.b  ($be,A4), D0
FFEAAA6E? 7200                 moveq   #$0, D1
FFEAAA70? 1207                 move.b  D7, D1
FFEAAA72? 7420                 moveq   #$20, D2
FFEAAA74? C401                 and.b   D1, D2
FFEAAA76? 7200                 moveq   #$0, D1
FFEAAA78? 1202                 move.b  D2, D1
FFEAAA7A? 0C410020             cmpi.w  #$20, D1
FFEAAA7E? 57C3                 seq     D3
FFEAAA80? 4403                 neg.b   D3
FFEAAA82? 4883                 ext.w   D3
FFEAAA84? B640                 cmp.w   D0, D3
FFEAAA86? 6718                 beq     $ffeaaaa0
FFEAAA88? 4A2C00BE             tst.b   ($be,A4)
FFEAAA8C? 57C3                 seq     D3
FFEAAA8E? 4403                 neg.b   D3
FFEAAA90? 194300BE             move.b  D3, ($be,A4)
FFEAAA94? 2F2C0082             move.l  ($82,A4), -(A7)
FFEAAA98? 206C007E             movea.l ($7e,A4), A0
FFEAAA9C? 4E90                 jsr     (A0)
FFEAAA9E? 584F                 addq.w  #4, A7
FFEAAAA0? 4AAC0086             tst.l   ($86,A4)
FFEAAAA4? 6738                 beq     $ffeaaade
FFEAAAA6? 7000                 moveq   #$0, D0
FFEAAAA8? 102C00BF             move.b  ($bf,A4), D0
FFEAAAAC? 7200                 moveq   #$0, D1
FFEAAAAE? 1207                 move.b  D7, D1
FFEAAAB0? 7408                 moveq   #$8, D2
FFEAAAB2? C401                 and.b   D1, D2
FFEAAAB4? 7200                 moveq   #$0, D1
FFEAAAB6? 1202                 move.b  D2, D1
FFEAAAB8? 0C410008             cmpi.w  #$8, D1
FFEAAABC? 57C3                 seq     D3
FFEAAABE? 4403                 neg.b   D3
FFEAAAC0? 4883                 ext.w   D3
FFEAAAC2? B640                 cmp.w   D0, D3
FFEAAAC4? 6718                 beq     $ffeaaade
FFEAAAC6? 4A2C00BF             tst.b   ($bf,A4)
FFEAAACA? 57C3                 seq     D3
FFEAAACC? 4403                 neg.b   D3
FFEAAACE? 194300BF             move.b  D3, ($bf,A4)
FFEAAAD2? 2F2C008A             move.l  ($8a,A4), -(A7)
FFEAAAD6? 206C0086             movea.l ($86,A4), A0
FFEAAADA? 4E90                 jsr     (A0)
FFEAAADC? 584F                 addq.w  #4, A7
FFEAAADE? 7000                 moveq   #$0, D0
FFEAAAE0? 1007                 move.b  D7, D0
FFEAAAE2? 323C0080             move.w  #$80, D1
FFEAAAE6? C200                 and.b   D0, D1
FFEAAAE8? 7000                 moveq   #$0, D0
FFEAAAEA? 1001                 move.b  D1, D0
FFEAAAEC? 0C400080             cmpi.w  #$80, D0
FFEAAAF0? 6600008E             bne     $ffeaab80
FFEAAAF4? 00AC00000008008E     ori.l   #$8, ($8e,A4)
FFEAAAFC? 4AAC006E             tst.l   ($6e,A4)
FFEAAB00? 670E                 beq     $ffeaab10
FFEAAB02? 2F2C0072             move.l  ($72,A4), -(A7)
FFEAAB06? 206C006E             movea.l ($6e,A4), A0
FFEAAB0A? 4E90                 jsr     (A0)
FFEAAB0C? 584F                 addq.w  #4, A7
FFEAAB0E? 6070                 bra     $ffeaab80
FFEAAB10? 022C007F18DA         andi.b  #$7f, ($18da,A4)
FFEAAB16? 2F0C                 move.l  A4, -(A7)
FFEAAB18? 4EB9000044CA         jsr     $44ca.l                           ; -> outside
FFEAAB1E? 2E00                 move.l  D0, D7
FFEAAB20? 7000                 moveq   #$0, D0
FFEAAB22? 102C18D4             move.b  ($18d4,A4), D0
FFEAAB26? 3C3CFF37             move.w  #$ff37, D6
FFEAAB2A? CC40                 and.w   D0, D6
FFEAAB2C? 206C18E6             movea.l ($18e6,A4), A0
FFEAAB30? 10BC0009             move.b  #$9, (A0)
FFEAAB34? 4E71                 nop
FFEAAB36? 206C18E6             movea.l ($18e6,A4), A0
FFEAAB3A? 1086                 move.b  D6, (A0)
FFEAAB3C? 206C18E6             movea.l ($18e6,A4), A0
FFEAAB40? 10BC000F             move.b  #$f, (A0)
FFEAAB44? 4E71                 nop
FFEAAB46? 206C18E6             movea.l ($18e6,A4), A0
FFEAAB4A? 10AC18DA             move.b  ($18da,A4), (A0)
FFEAAB4E? 7000                 moveq   #$0, D0
FFEAAB50? 102C18D4             move.b  ($18d4,A4), D0
FFEAAB54? 323CFF37             move.w  #$ff37, D1
FFEAAB58? C240                 and.w   D0, D1
FFEAAB5A? 7000                 moveq   #$0, D0
FFEAAB5C? 3001                 move.w  D1, D0
FFEAAB5E? 7A08                 moveq   #$8, D5
FFEAAB60? 8A40                 or.w    D0, D5
FFEAAB62? 206C18E6             movea.l ($18e6,A4), A0
FFEAAB66? 10BC0009             move.b  #$9, (A0)
FFEAAB6A? 4E71                 nop
FFEAAB6C? 206C18E6             movea.l ($18e6,A4), A0
FFEAAB70? 1085                 move.b  D5, (A0)
FFEAAB72? 2F07                 move.l  D7, -(A7)
FFEAAB74? 2F0C                 move.l  A4, -(A7)
FFEAAB76? 4EB900004506         jsr     $4506.l                           ; -> outside
FFEAAB7C? 4FEF000C             lea     ($c,A7), A7
FFEAAB80? 2F0C                 move.l  A4, -(A7)
FFEAAB82? 4EB9000044CA         jsr     $44ca.l                           ; -> outside
FFEAAB88? 2E00                 move.l  D0, D7
FFEAAB8A? 206C18E6             movea.l ($18e6,A4), A0
FFEAAB8E? 4210                 clr.b   (A0)
FFEAAB90? 4E71                 nop
FFEAAB92? 206C18E6             movea.l ($18e6,A4), A0
FFEAAB96? 10BC0010             move.b  #$10, (A0)
FFEAAB9A? 2F07                 move.l  D7, -(A7)
FFEAAB9C? 2F0C                 move.l  A4, -(A7)
FFEAAB9E? 4EB900004506         jsr     $4506.l                           ; -> outside
FFEAABA4? 4FEF000C             lea     ($c,A7), A7
FFEAABA8? 4CEE10E8FFEC         movem.l (-$14,A6), D3/D5-D7/A4
FFEAABAE? 4E5E                 unlk    A6
FFEAABB0? 4E75                 rts
FFEAABB2? 4E56FFF4             link    A6, #-$c
FFEAABB6? 2F0C                 move.l  A4, -(A7)
FFEAABB8? 286E0008             movea.l ($8,A6), A4
FFEAABBC? 4A2C1A41             tst.b   ($1a41,A4)
FFEAABC0? 6638                 bne     $ffeaabfa
FFEAABC2? 2D4CFFF8             move.l  A4, (-$8,A6)
FFEAABC6? 41F900002CBA         lea     $2cba.l, A0
FFEAABCC? 2D48FFF4             move.l  A0, (-$c,A6)
FFEAABD0? 486EFFF4             pea     (-$c,A6)
FFEAABD4? 2F0C                 move.l  A4, -(A7)
FFEAABD6? 2054                 movea.l (A4), A0
FFEAABD8? 22680048             movea.l ($48,A0), A1
FFEAABDC? 4E91                 jsr     (A1)
FFEAABDE? 4A00                 tst.b   D0
FFEAABE0? 504F                 addq.w  #8, A7
FFEAABE2? 6710                 beq     $ffeaabf4
FFEAABE4? 7000                 moveq   #$0, D0
FFEAABE6? 2F00                 move.l  D0, -(A7)
FFEAABE8? 2F0C                 move.l  A4, -(A7)
FFEAABEA? 4EB900002CBA         jsr     $2cba.l                           ; -> outside
FFEAABF0? 504F                 addq.w  #8, A7
FFEAABF2? 6006                 bra     $ffeaabfa
FFEAABF4? 197C00011A41         move.b  #$1, ($1a41,A4)
FFEAABFA? 286EFFF0             movea.l (-$10,A6), A4
FFEAABFE? 4E5E                 unlk    A6
FFEAAC00? 4E75                 rts
FFEAAC02? 4E560000             link    A6, #$0
FFEAAC06? 48E70308             movem.l D6-D7/A4, -(A7)
FFEAAC0A? 286E0008             movea.l ($8,A6), A4
FFEAAC0E? 422C1A41             clr.b   ($1a41,A4)
FFEAAC12? 2F0C                 move.l  A4, -(A7)
FFEAAC14? 4EB90000443E         jsr     $443e.l                           ; -> outside
FFEAAC1A? 7071                 moveq   #$71, D0
FFEAAC1C? C0AC008E             and.l   ($8e,A4), D0
FFEAAC20? 584F                 addq.w  #4, A7
FFEAAC22? 670000BE             beq     $ffeaace2
FFEAAC26? 4A2C00A6             tst.b   ($a6,A4)
FFEAAC2A? 670E                 beq     $ffeaac3a
FFEAAC2C? 2F0C                 move.l  A4, -(A7)
FFEAAC2E? 2054                 movea.l (A4), A0
FFEAAC30? 22680154             movea.l ($154,A0), A1
FFEAAC34? 4E91                 jsr     (A1)
FFEAAC36? 584F                 addq.w  #4, A7
FFEAAC38? 6020                 bra     $ffeaac5a
FFEAAC3A? 4A2C00B6             tst.b   ($b6,A4)
FFEAAC3E? 661A                 bne     $ffeaac5a
FFEAAC40? 2F0C                 move.l  A4, -(A7)
FFEAAC42? 2054                 movea.l (A4), A0
FFEAAC44? 226800D4             movea.l ($d4,A0), A1
FFEAAC48? 4E91                 jsr     (A1)
FFEAAC4A? 588F                 addq.l  #4, A7
FFEAAC4C? 2F00                 move.l  D0, -(A7)
FFEAAC4E? 2F0C                 move.l  A4, -(A7)
FFEAAC50? 2054                 movea.l (A4), A0
FFEAAC52? 226800D8             movea.l ($d8,A0), A1
FFEAAC56? 4E91                 jsr     (A1)
FFEAAC58? 504F                 addq.w  #8, A7
FFEAAC5A? 022C00E718CC         andi.b  #$e7, ($18cc,A4)
FFEAAC60? 2F0C                 move.l  A4, -(A7)
FFEAAC62? 4EB9000044CA         jsr     $44ca.l                           ; -> outside
FFEAAC68? 2E00                 move.l  D0, D7
FFEAAC6A? 7000                 moveq   #$0, D0
FFEAAC6C? 102C18D4             move.b  ($18d4,A4), D0
FFEAAC70? 3C3CFF37             move.w  #$ff37, D6
FFEAAC74? CC40                 and.w   D0, D6
FFEAAC76? 206C18E6             movea.l ($18e6,A4), A0
FFEAAC7A? 10BC0009             move.b  #$9, (A0)
FFEAAC7E? 4E71                 nop
FFEAAC80? 206C18E6             movea.l ($18e6,A4), A0
FFEAAC84? 1086                 move.b  D6, (A0)
FFEAAC86? 206C18E6             movea.l ($18e6,A4), A0
FFEAAC8A? 10BC0001             move.b  #$1, (A0)
FFEAAC8E? 4E71                 nop
FFEAAC90? 206C18E6             movea.l ($18e6,A4), A0
FFEAAC94? 10AC18CC             move.b  ($18cc,A4), (A0)
FFEAAC98? 7000                 moveq   #$0, D0
FFEAAC9A? 102C18D4             move.b  ($18d4,A4), D0
FFEAAC9E? 323CFF37             move.w  #$ff37, D1
FFEAACA2? C240                 and.w   D0, D1
FFEAACA4? 7000                 moveq   #$0, D0
FFEAACA6? 3001                 move.w  D1, D0
FFEAACA8? 7C08                 moveq   #$8, D6
FFEAACAA? 8C40                 or.w    D0, D6
FFEAACAC? 206C18E6             movea.l ($18e6,A4), A0
FFEAACB0? 10BC0009             move.b  #$9, (A0)
FFEAACB4? 4E71                 nop
FFEAACB6? 206C18E6             movea.l ($18e6,A4), A0
FFEAACBA? 1086                 move.b  D6, (A0)
FFEAACBC? 2F07                 move.l  D7, -(A7)
FFEAACBE? 2F0C                 move.l  A4, -(A7)
FFEAACC0? 4EB900004506         jsr     $4506.l                           ; -> outside
FFEAACC6? 422C1A3B             clr.b   ($1a3b,A4)
FFEAACCA? 4AAC005E             tst.l   ($5e,A4)
FFEAACCE? 4FEF000C             lea     ($c,A7), A7
FFEAACD2? 6748                 beq     $ffeaad1c
FFEAACD4? 2F2C0062             move.l  ($62,A4), -(A7)
FFEAACD8? 206C005E             movea.l ($5e,A4), A0
FFEAACDC? 4E90                 jsr     (A0)
FFEAACDE? 584F                 addq.w  #4, A7
FFEAACE0? 603A                 bra     $ffeaad1c
FFEAACE2? 2F0C                 move.l  A4, -(A7)
FFEAACE4? 4EB9000044CA         jsr     $44ca.l                           ; -> outside
FFEAACEA? 2E00                 move.l  D0, D7
FFEAACEC? 206C18E6             movea.l ($18e6,A4), A0
FFEAACF0? 4210                 clr.b   (A0)
FFEAACF2? 4E71                 nop
FFEAACF4? 206C18E6             movea.l ($18e6,A4), A0
FFEAACF8? 10BC0030             move.b  #$30, (A0)
FFEAACFC? 2F07                 move.l  D7, -(A7)
FFEAACFE? 2F0C                 move.l  A4, -(A7)
FFEAAD00? 4EB900004506         jsr     $4506.l                           ; -> outside
FFEAAD06? 4AAC0066             tst.l   ($66,A4)
FFEAAD0A? 4FEF000C             lea     ($c,A7), A7
FFEAAD0E? 670C                 beq     $ffeaad1c
FFEAAD10? 2F2C006A             move.l  ($6a,A4), -(A7)
FFEAAD14? 206C0066             movea.l ($66,A4), A0
FFEAAD18? 4E90                 jsr     (A0)
FFEAAD1A? 584F                 addq.w  #4, A7
FFEAAD1C? 4CEE10C0FFF4         movem.l (-$c,A6), D6-D7/A4
FFEAAD22? 4E5E                 unlk    A6
FFEAAD24? 4E75                 rts
FFEAAD26? 4E560000             link    A6, #$0
FFEAAD2A? 4E5E                 unlk    A6
FFEAAD2C? 4E75                 rts
FFEAAD2E? 4E560000             link    A6, #$0
FFEAAD32? 4E5E                 unlk    A6
FFEAAD34? 4E75                 rts
FFEAAD36? 4E56FFF0             link    A6, #-$10
FFEAAD3A? 48E71718             movem.l D3/D5-D7/A3-A4, -(A7)
FFEAAD3E? 286E0008             movea.l ($8,A6), A4
FFEAAD42? 7000                 moveq   #$0, D0
FFEAAD44? 2F00                 move.l  D0, -(A7)
FFEAAD46? 2F0C                 move.l  A4, -(A7)
FFEAAD48? 4EB900003B4A         jsr     $3b4a.l                           ; -> outside
FFEAAD4E? 2640                 movea.l D0, A3
FFEAAD50? 70FF                 moveq   #-$1, D0
FFEAAD52? B0AC1950             cmp.l   ($1950,A4), D0
FFEAAD56? 504F                 addq.w  #8, A7
FFEAAD58? 6608                 bne     $ffeaad62
FFEAAD5A? 303CC4FE             move.w  #$c4fe, D0
FFEAAD5E? 60000214             bra     $ffeaaf74
FFEAAD62? 2C2C0046             move.l  ($46,A4), D6
FFEAAD66? DCAC1950             add.l   ($1950,A4), D6
FFEAAD6A? 202C00A2             move.l  ($a2,A4), D0
FFEAAD6E? D086                 add.l   D6, D0
FFEAAD70? B0AC009A             cmp.l   ($9a,A4), D0
FFEAAD74? 6540                 bcs     $ffeaadb6
FFEAAD76? 4AAC0096             tst.l   ($96,A4)
FFEAAD7A? 671A                 beq     $ffeaad96
FFEAAD7C? 202C009A             move.l  ($9a,A4), D0
FFEAAD80? 90AC00A2             sub.l   ($a2,A4), D0
FFEAAD84? 2F00                 move.l  D0, -(A7)
FFEAAD86? 2F2C0096             move.l  ($96,A4), -(A7)
FFEAAD8A? 2F0C                 move.l  A4, -(A7)
FFEAAD8C? 4EB900003CF2         jsr     $3cf2.l                           ; -> outside
FFEAAD92? 4FEF000C             lea     ($c,A7), A7
FFEAAD96? 296C009A009E         move.l  ($9a,A4), ($9e,A4)
FFEAAD9C? 426C00A6             clr.w   ($a6,A4)
FFEAADA0? 7071                 moveq   #$71, D0
FFEAADA2? C0AC008E             and.l   ($8e,A4), D0
FFEAADA6? 6708                 beq     $ffeaadb0
FFEAADA8? 303CC4E8             move.w  #$c4e8, D0
FFEAADAC? 600001C6             bra     $ffeaaf74
FFEAADB0d 7000600001C0         dc.b    $70,$00,$60,$00,$01,$C0           ; |p.`...|
FFEAADB6? 197C000100A7         move.b  #$1, ($a7,A4)
FFEAADBC? 4AAC0096             tst.l   ($96,A4)
FFEAADC0? 6722                 beq     $ffeaade4
FFEAADC2? 2F06                 move.l  D6, -(A7)
FFEAADC4? 2F2C0096             move.l  ($96,A4), -(A7)
FFEAADC8? 2F0C                 move.l  A4, -(A7)
FFEAADCA? 4EB900003CF2         jsr     $3cf2.l                           ; -> outside
FFEAADD0? DDAC0096             add.l   D6, ($96,A4)
FFEAADD4? DDAC00A2             add.l   D6, ($a2,A4)
FFEAADD8? 296C00A2009E         move.l  ($a2,A4), ($9e,A4)
FFEAADDE? 4FEF000C             lea     ($c,A7), A7
FFEAADE2? 6030                 bra     $ffeaae14
FFEAADE4? 2946009E             move.l  D6, ($9e,A4)
FFEAADE8? 4A2C004C             tst.b   ($4c,A4)
FFEAADEC? 6626                 bne     $ffeaae14
FFEAADEE? 0CAC00001C001950     cmpi.l  #$1c00, ($1950,A4)
FFEAADF6? 631C                 bls     $ffeaae14
FFEAADF8? 202C1950             move.l  ($1950,A4), D0
FFEAADFC? 90BC00001C00         sub.l   #$1c00, D0
FFEAAE02? 222C19D2             move.l  ($19d2,A4), D1
FFEAAE06? D280                 add.l   D0, D1
FFEAAE08? 2F01                 move.l  D1, -(A7)
FFEAAE0A? 2F0C                 move.l  A4, -(A7)
FFEAAE0C? 4EB900003E78         jsr     $3e78.l                           ; -> outside
FFEAAE12? 504F                 addq.w  #8, A7
FFEAAE14? 2E2C009A             move.l  ($9a,A4), D7
FFEAAE18? 9EAC009E             sub.l   ($9e,A4), D7
FFEAAE1C? 4A2C1A42             tst.b   ($1a42,A4)
FFEAAE20? 671E                 beq     $ffeaae40
FFEAAE22? 2F07                 move.l  D7, -(A7)
FFEAAE24? 2F0B                 move.l  A3, -(A7)
FFEAAE26? 2F0C                 move.l  A4, -(A7)
FFEAAE28? 4EB900003678         jsr     $3678.l                           ; -> outside
FFEAAE2E? 4A00                 tst.b   D0
FFEAAE30? 4FEF000C             lea     ($c,A7), A7
FFEAAE34? 6600013C             bne     $ffeaaf72
FFEAAE38? 422C00A7             clr.b   ($a7,A4)
FFEAAE3C? 6000FF04             bra     $ffeaad42
FFEAAE40? 200B                 move.l  A3, D0
FFEAAE42? 90AC1934             sub.l   ($1934,A4), D0
FFEAAE46? 222C19D2             move.l  ($19d2,A4), D1
FFEAAE4A? 4EB90000473A         jsr     $473a.l                           ; -> outside
FFEAAE50? 2A00                 move.l  D0, D5
FFEAAE52? E780                 asl.l   #3, D0
FFEAAE54? 41EC1A44             lea     ($1a44,A4), A0
FFEAAE58? 20300800             move.l  (A0,D0.l), D0
FFEAAE5C? 90AC198E             sub.l   ($198e,A4), D0
FFEAAE60? 2D40FFF0             move.l  D0, (-$10,A6)
FFEAAE64? 908B                 sub.l   A3, D0
FFEAAE66? B087                 cmp.l   D7, D0
FFEAAE68? 6206                 bhi     $ffeaae70
FFEAAE6A? 7001                 moveq   #$1, D0
FFEAAE6C? 60000106             bra     $ffeaaf74
FFEAAE70? 4A2C1A3A             tst.b   ($1a3a,A4)
FFEAAE74? 6714                 beq     $ffeaae8a
FFEAAE76? 2D6C19A2FFF4         move.l  ($19a2,A4), (-$c,A6)
FFEAAE7C? 2D6C19A6FFF8         move.l  ($19a6,A4), (-$8,A6)
FFEAAE82? 2D6C19AAFFFC         move.l  ($19aa,A4), (-$4,A6)
FFEAAE88? 6012                 bra     $ffeaae9c
FFEAAE8A? 2D6C19B2FFF4         move.l  ($19b2,A4), (-$c,A6)
FFEAAE90? 2D6C19B6FFF8         move.l  ($19b6,A4), (-$8,A6)
FFEAAE96? 2D6C19BAFFFC         move.l  ($19ba,A4), (-$4,A6)
FFEAAE9C? 4A2C1A3A             tst.b   ($1a3a,A4)
FFEAAEA0? 57C3                 seq     D3
FFEAAEA2? 4403                 neg.b   D3
FFEAAEA4? 19431A3A             move.b  D3, ($1a3a,A4)
FFEAAEA8? 202EFFF0             move.l  (-$10,A6), D0
FFEAAEAC? 908B                 sub.l   A3, D0
FFEAAEAE? 9087                 sub.l   D7, D0
FFEAAEB0? 223C30000000         move.l  #$30000000, D1
FFEAAEB6? 8280                 or.l    D0, D1
FFEAAEB8? 7000                 moveq   #$0, D0
FFEAAEBA? 8081                 or.l    D1, D0
FFEAAEBC? 223C00300000         move.l  #$300000, D1
FFEAAEC2? 8280                 or.l    D0, D1
FFEAAEC4? 7000                 moveq   #$0, D0
FFEAAEC6? 8081                 or.l    D1, D0
FFEAAEC8? 7200                 moveq   #$0, D1
FFEAAECA? 8280                 or.l    D0, D1
FFEAAECC? 2001                 move.l  D1, D0
FFEAAECE? E158                 rol.w   #8, D0
FFEAAED0? 4840                 swap    D0
FFEAAED2? E158                 rol.w   #8, D0
FFEAAED4? 206EFFF8             movea.l (-$8,A6), A0
FFEAAED8? 2080                 move.l  D0, (A0)
FFEAAEDA? 200B                 move.l  A3, D0
FFEAAEDC? D087                 add.l   D7, D0
FFEAAEDE? 222C198E             move.l  ($198e,A4), D1
FFEAAEE2? D280                 add.l   D0, D1
FFEAAEE4? 2001                 move.l  D1, D0
FFEAAEE6? E158                 rol.w   #8, D0
FFEAAEE8? 4840                 swap    D0
FFEAAEEA? E158                 rol.w   #8, D0
FFEAAEEC? 206EFFF8             movea.l (-$8,A6), A0
FFEAAEF0? 21400004             move.l  D0, ($4,A0)
FFEAAEF4? 2005                 move.l  D5, D0
FFEAAEF6? E780                 asl.l   #3, D0
FFEAAEF8? 206EFFFC             movea.l (-$4,A6), A0
FFEAAEFC? 43EC1A48             lea     ($1a48,A4), A1
FFEAAF00? 217108000008         move.l  (A1,D0.l), ($8,A0)
FFEAAF06? 202C198E             move.l  ($198e,A4), D0
FFEAAF0A? D0AC1934             add.l   ($1934,A4), D0
FFEAAF0E? 2F00                 move.l  D0, -(A7)
FFEAAF10? 2F2C1944             move.l  ($1944,A4), -(A7)
FFEAAF14? 202C1954             move.l  ($1954,A4), D0
FFEAAF18? 7201                 moveq   #$1, D1
FFEAAF1A? E1A9                 lsl.l   D0, D1
FFEAAF1C? 2F01                 move.l  D1, -(A7)
FFEAAF1E? 2F2C1996             move.l  ($1996,A4), -(A7)
FFEAAF22? 2F07                 move.l  D7, -(A7)
FFEAAF24? 202C198E             move.l  ($198e,A4), D0
FFEAAF28? D08B                 add.l   A3, D0
FFEAAF2A? 2F00                 move.l  D0, -(A7)
FFEAAF2C? 2F2C19D2             move.l  ($19d2,A4), -(A7)
FFEAAF30? 202C1996             move.l  ($1996,A4), D0
FFEAAF34? D0AEFFF8             add.l   (-$8,A6), D0
FFEAAF38? E158                 rol.w   #8, D0
FFEAAF3A? 4840                 swap    D0
FFEAAF3C? E158                 rol.w   #8, D0
FFEAAF3E? 2F00                 move.l  D0, -(A7)
FFEAAF40? 202C1996             move.l  ($1996,A4), D0
FFEAAF44? D0AEFFF4             add.l   (-$c,A6), D0
FFEAAF48? E158                 rol.w   #8, D0
FFEAAF4A? 4840                 swap    D0
FFEAAF4C? E158                 rol.w   #8, D0
FFEAAF4E? 2F00                 move.l  D0, -(A7)
FFEAAF50? 2F2EFFF4             move.l  (-$c,A6), -(A7)
FFEAAF54? 486C1A44             pea     ($1a44,A4)
FFEAAF58? 2F2C1976             move.l  ($1976,A4), -(A7)
FFEAAF5C? 4EB9000042B4         jsr     $42b4.l                           ; -> outside
FFEAAF62? 4A80                 tst.l   D0
FFEAAF64? 4FEF0030             lea     ($30,A7), A7
FFEAAF68? 6608                 bne     $ffeaaf72
FFEAAF6A? 422C00A7             clr.b   ($a7,A4)
FFEAAF6E? 6000FDD2             bra     $ffeaad42
FFEAAF72? 7001                 moveq   #$1, D0
FFEAAF74? 4CEE18E8FFD8         movem.l (-$28,A6), D3/D5-D7/A3-A4
FFEAAF7A? 4E5E                 unlk    A6
FFEAAF7C? 4E75                 rts
FFEAAF7E? 4E560000             link    A6, #$0
FFEAAF82? 48E70108             movem.l D7/A4, -(A7)
FFEAAF86? 286E0008             movea.l ($8,A6), A4
FFEAAF8A? 202C00AC             move.l  ($ac,A4), D0
FFEAAF8E? B0AC00B0             cmp.l   ($b0,A4), D0
FFEAAF92? 660A                 bne     $ffeaaf9e
FFEAAF94? 426C00B4             clr.w   ($b4,A4)
FFEAAF98? 7000                 moveq   #$0, D0
FFEAAF9A? 60000112             bra     $ffeab0ae
FFEAAF9E? 2E2C00AC             move.l  ($ac,A4), D7
FFEAAFA2? 9EAC00B0             sub.l   ($b0,A4), D7
FFEAAFA6? 0C870000FFFF         cmpi.l  #$ffff, D7
FFEAAFAC? 6306                 bls     $ffeaafb4
FFEAAFAE? 2E3C0000FFFF         move.l  #$ffff, D7
FFEAAFB4? BEAC1948             cmp.l   ($1948,A4), D7
FFEAAFB8? 6304                 bls     $ffeaafbe
FFEAAFBA? 2E2C1948             move.l  ($1948,A4), D7
FFEAAFBE? 4AAC00A8             tst.l   ($a8,A4)
FFEAAFC2? 672E                 beq     $ffeaaff2
FFEAAFC4? 2F07                 move.l  D7, -(A7)
FFEAAFC6? 2F2C1938             move.l  ($1938,A4), -(A7)
FFEAAFCA? 2F2C00A8             move.l  ($a8,A4), -(A7)
FFEAAFCE? 2F0C                 move.l  A4, -(A7)
FFEAAFD0? 4EB9000044B6         jsr     $44b6.l                           ; -> outside
FFEAAFD6? 2007                 move.l  D7, D0
FFEAAFD8? D0AC00B0             add.l   ($b0,A4), D0
FFEAAFDC? B0AC00AC             cmp.l   ($ac,A4), D0
FFEAAFE0? 4FEF0010             lea     ($10,A7), A7
FFEAAFE4? 6608                 bne     $ffeaafee
FFEAAFE6? 7000                 moveq   #$0, D0
FFEAAFE8? 294000A8             move.l  D0, ($a8,A4)
FFEAAFEC? 6004                 bra     $ffeaaff2
FFEAAFEE? DFAC00A8             add.l   D7, ($a8,A4)
FFEAAFF2? 203C10000000         move.l  #$10000000, D0
FFEAAFF8? 8087                 or.l    D7, D0
FFEAAFFA? 7200                 moveq   #$0, D1
FFEAAFFC? 8280                 or.l    D0, D1
FFEAAFFE? 203C00300000         move.l  #$300000, D0
FFEAB004? 8081                 or.l    D1, D0
FFEAB006? 7200                 moveq   #$0, D1
FFEAB008? 8280                 or.l    D0, D1
FFEAB00A? 7000                 moveq   #$0, D0
FFEAB00C? 8081                 or.l    D1, D0
FFEAB00E? E158                 rol.w   #8, D0
FFEAB010? 4840                 swap    D0
FFEAB012? E158                 rol.w   #8, D0
FFEAB014? 206C19BE             movea.l ($19be,A4), A0
FFEAB018? 2080                 move.l  D0, (A0)
FFEAB01A? 202C19E6             move.l  ($19e6,A4), D0
FFEAB01E? D0AC1938             add.l   ($1938,A4), D0
FFEAB022? 222C1992             move.l  ($1992,A4), D1
FFEAB026? D280                 add.l   D0, D1
FFEAB028? 2001                 move.l  D1, D0
FFEAB02A? E158                 rol.w   #8, D0
FFEAB02C? 4840                 swap    D0
FFEAB02E? E158                 rol.w   #8, D0
FFEAB030? 206C19BE             movea.l ($19be,A4), A0
FFEAB034? 21400004             move.l  D0, ($4,A0)
FFEAB038? 206C19BE             movea.l ($19be,A4), A0
FFEAB03C? 7000                 moveq   #$0, D0
FFEAB03E? 21400008             move.l  D0, ($8,A0)
FFEAB042? 206C19BE             movea.l ($19be,A4), A0
FFEAB046? 2140000C             move.l  D0, ($c,A0)
FFEAB04A? 202C1996             move.l  ($1996,A4), D0
FFEAB04E? D0AC19BE             add.l   ($19be,A4), D0
FFEAB052? E158                 rol.w   #8, D0
FFEAB054? 4840                 swap    D0
FFEAB056? E158                 rol.w   #8, D0
FFEAB058? 206C198A             movea.l ($198a,A4), A0
FFEAB05C? 2080                 move.l  D0, (A0)
FFEAB05E? DFAC00B0             add.l   D7, ($b0,A4)
FFEAB062? 197C000100B5         move.b  #$1, ($b5,A4)
FFEAB068? 206C1982             movea.l ($1982,A4), A0
FFEAB06C? 20BC00000080         move.l  #$80, (A0)
FFEAB072? 2E3C00800088         move.l  #$800088, D7
FFEAB078? 7000                 moveq   #$0, D0
FFEAB07A? 102C00BC             move.b  ($bc,A4), D0
FFEAB07E? 4A80                 tst.l   D0
FFEAB080? 6608                 bne     $ffeab08a
FFEAB082? 008700400040         ori.l   #$400040, D7
FFEAB088? 6006                 bra     $ffeab090
FFEAB08A? 008700000040         ori.l   #$40, D7
FFEAB090? 207802B6             movea.l $2b6.w, A0                        ; BasicGlob
FFEAB094? 20680210             movea.l ($210,A0), A0
FFEAB098? 2050                 movea.l (A0), A0
FFEAB09A? 202C1958             move.l  ($1958,A4), D0
FFEAB09E? 7201                 moveq   #$1, D1
FFEAB0A0? E1A9                 lsl.l   D0, D1
FFEAB0A2? 83A80028             or.l    D1, ($28,A0)
FFEAB0A6? 206C1982             movea.l ($1982,A4), A0
FFEAB0AA? 2087                 move.l  D7, (A0)
FFEAB0AC? 7001                 moveq   #$1, D0
FFEAB0AE? 4CEE1080FFF8         movem.l (-$8,A6), D7/A4
FFEAB0B4? 4E5E                 unlk    A6
FFEAB0B6? 4E75                 rts
FFEAB0B8? 4E560000             link    A6, #$0
FFEAB0BC? 2F0C                 move.l  A4, -(A7)
FFEAB0BE? 286E000C             movea.l ($c,A6), A4
FFEAB0C2? 3014                 move.w  (A4), D0
FFEAB0C4? 6708                 beq     $ffeab0ce
FFEAB0C6? 5340                 subq.w  #1, D0
FFEAB0C8? 6772                 beq     $ffeab13c
FFEAB0CA? 600000CA             bra     $ffeab196
FFEAB0CE? 207802B6             movea.l $2b6.w, A0                        ; BasicGlob
FFEAB0D2? 20680210             movea.l ($210,A0), A0
FFEAB0D6? 2050                 movea.l (A0), A0
FFEAB0D8? 202C0002             move.l  ($2,A4), D0
FFEAB0DC? 7201                 moveq   #$1, D1
FFEAB0DE? E1A9                 lsl.l   D0, D1
FFEAB0E0? 4681                 not.l   D1
FFEAB0E2? C3A80024             and.l   D1, ($24,A0)
FFEAB0E6? 207802B6             movea.l $2b6.w, A0                        ; BasicGlob
FFEAB0EA? 20680210             movea.l ($210,A0), A0
FFEAB0EE? 2050                 movea.l (A0), A0
FFEAB0F0? 202C0002             move.l  ($2,A4), D0
FFEAB0F4? 7201                 moveq   #$1, D1
FFEAB0F6? E1A9                 lsl.l   D0, D1
FFEAB0F8? 83A80028             or.l    D1, ($28,A0)
FFEAB0FC? 207802B6             movea.l $2b6.w, A0                        ; BasicGlob
FFEAB100? 20680210             movea.l ($210,A0), A0
FFEAB104? 202C0002             move.l  ($2,A4), D0
FFEAB108? EB80                 asl.l   #5, D0
FFEAB10A? 21AC00060808         move.l  ($6,A4), ($8,A0,D0.l)
FFEAB110? 207802B6             movea.l $2b6.w, A0                        ; BasicGlob
FFEAB114? 20680210             movea.l ($210,A0), A0
FFEAB118? 202C0002             move.l  ($2,A4), D0
FFEAB11C? EB80                 asl.l   #5, D0
FFEAB11E? 21AC000A080C         move.l  ($a,A4), ($c,A0,D0.l)
FFEAB124? 207802B6             movea.l $2b6.w, A0                        ; BasicGlob
FFEAB128? 20680210             movea.l ($210,A0), A0
FFEAB12C? 2050                 movea.l (A0), A0
FFEAB12E? 202C0002             move.l  ($2,A4), D0
FFEAB132? 7201                 moveq   #$1, D1
FFEAB134? E1A9                 lsl.l   D0, D1
FFEAB136? 83A80024             or.l    D1, ($24,A0)
FFEAB13A? 605A                 bra     $ffeab196
FFEAB13C? 207802B6             movea.l $2b6.w, A0                        ; BasicGlob
FFEAB140? 20680210             movea.l ($210,A0), A0
FFEAB144? 2050                 movea.l (A0), A0
FFEAB146? 202C0002             move.l  ($2,A4), D0
FFEAB14A? 7201                 moveq   #$1, D1
FFEAB14C? E1A9                 lsl.l   D0, D1
FFEAB14E? 4681                 not.l   D1
FFEAB150? C3A80024             and.l   D1, ($24,A0)
FFEAB154? 207802B6             movea.l $2b6.w, A0                        ; BasicGlob
FFEAB158? 20680210             movea.l ($210,A0), A0
FFEAB15C? 2050                 movea.l (A0), A0
FFEAB15E? 202C0002             move.l  ($2,A4), D0
FFEAB162? 7201                 moveq   #$1, D1
FFEAB164? E1A9                 lsl.l   D0, D1
FFEAB166? 83A80028             or.l    D1, ($28,A0)
FFEAB16A? 598F                 subq.l  #4, A7
FFEAB16C? 2EB80060             move.l  $60.w, (A7)
FFEAB170? 207802B6             movea.l $2b6.w, A0                        ; BasicGlob
FFEAB174? 20680210             movea.l ($210,A0), A0
FFEAB178? 202C0002             move.l  ($2,A4), D0
FFEAB17C? EB80                 asl.l   #5, D0
FFEAB17E? 219F0808             move.l  (A7)+, ($8,A0,D0.l)
FFEAB182? 207802B6             movea.l $2b6.w, A0                        ; BasicGlob
FFEAB186? 20680210             movea.l ($210,A0), A0
FFEAB18A? 202C0002             move.l  ($2,A4), D0
FFEAB18E? EB80                 asl.l   #5, D0
FFEAB190? 21AC000A080C         move.l  ($a,A4), ($c,A0,D0.l)
FFEAB196? 286EFFFC             movea.l (-$4,A6), A4
FFEAB19A? 4E5E                 unlk    A6
FFEAB19C? 4E75                 rts
FFEAB19E? 4E560000             link    A6, #$0
FFEAB1A2? 48E70118             movem.l D7/A3-A4, -(A7)
FFEAB1A6? 286E0008             movea.l ($8,A6), A4
FFEAB1AA? 207802B6             movea.l $2b6.w, A0                        ; BasicGlob
FFEAB1AE? 20680210             movea.l ($210,A0), A0
FFEAB1B2? 2050                 movea.l (A0), A0
FFEAB1B4? 202C1954             move.l  ($1954,A4), D0
FFEAB1B8? 7201                 moveq   #$1, D1
FFEAB1BA? E1A9                 lsl.l   D0, D1
FFEAB1BC? 4681                 not.l   D1
FFEAB1BE? C3A80024             and.l   D1, ($24,A0)
FFEAB1C2? 2F0C                 move.l  A4, -(A7)
FFEAB1C4? 4EB9000044CA         jsr     $44ca.l                           ; -> outside
FFEAB1CA? 2E00                 move.l  D0, D7
FFEAB1CC? 206C1976             movea.l ($1976,A4), A0
FFEAB1D0? 20BC000000C8         move.l  #$c8, (A0)
FFEAB1D6? 426C00A6             clr.w   ($a6,A4)
FFEAB1DA? 197C00011A3A         move.b  #$1, ($1a3a,A4)
FFEAB1E0? 202C1996             move.l  ($1996,A4), D0
FFEAB1E4? D0AC199A             add.l   ($199a,A4), D0
FFEAB1E8? E158                 rol.w   #8, D0
FFEAB1EA? 4840                 swap    D0
FFEAB1EC? E158                 rol.w   #8, D0
FFEAB1EE? 206C197E             movea.l ($197e,A4), A0
FFEAB1F2? 2080                 move.l  D0, (A0)
FFEAB1F4? 266C199A             movea.l ($199a,A4), A3
FFEAB1F8? 294B19C2             move.l  A3, ($19c2,A4)
FFEAB1FC? 296C1934194C         move.l  ($1934,A4), ($194c,A4)
FFEAB202? 296C002A0042         move.l  ($2a,A4), ($42,A4)
FFEAB208? 4AAC1950             tst.l   ($1950,A4)
FFEAB20C? 584F                 addq.w  #4, A7
FFEAB20E? 6606                 bne     $ffeab216
FFEAB210? 4AAC0046             tst.l   ($46,A4)
FFEAB214? 6704                 beq     $ffeab21a
FFEAB216? 422C1974             clr.b   ($1974,A4)
FFEAB21A? 7000                 moveq   #$0, D0
FFEAB21C? 29401950             move.l  D0, ($1950,A4)
FFEAB220? 29400046             move.l  D0, ($46,A4)
FFEAB224? 2F07                 move.l  D7, -(A7)
FFEAB226? 2F0C                 move.l  A4, -(A7)
FFEAB228? 4EB900004506         jsr     $4506.l                           ; -> outside
FFEAB22E? 504F                 addq.w  #8, A7
FFEAB230? 206C197A             movea.l ($197a,A4), A0
FFEAB234? 203C00040000         move.l  #$40000, D0
FFEAB23A? C090                 and.l   (A0), D0
FFEAB23C? 66F2                 bne     $ffeab230
FFEAB23E? 207802B6             movea.l $2b6.w, A0                        ; BasicGlob
FFEAB242? 20680210             movea.l ($210,A0), A0
FFEAB246? 2050                 movea.l (A0), A0
FFEAB248? 202C1954             move.l  ($1954,A4), D0
FFEAB24C? 7201                 moveq   #$1, D1
FFEAB24E? E1A9                 lsl.l   D0, D1
FFEAB250? 83A80028             or.l    D1, ($28,A0)
FFEAB254? 207802B6             movea.l $2b6.w, A0                        ; BasicGlob
FFEAB258? 20680210             movea.l ($210,A0), A0
FFEAB25C? 2050                 movea.l (A0), A0
FFEAB25E? 202C1954             move.l  ($1954,A4), D0
FFEAB262? 7201                 moveq   #$1, D1
FFEAB264? E1A9                 lsl.l   D0, D1
FFEAB266? 83A80024             or.l    D1, ($24,A0)
FFEAB26A? 4CEE1880FFF4         movem.l (-$c,A6), D7/A3-A4
FFEAB270? 4E5E                 unlk    A6
FFEAB272? 4E75                 rts
FFEAB274? 4E560000             link    A6, #$0
FFEAB278? 48E70108             movem.l D7/A4, -(A7)
FFEAB27C? 286E0008             movea.l ($8,A6), A4
FFEAB280? 207802B6             movea.l $2b6.w, A0                        ; BasicGlob
FFEAB284? 20680210             movea.l ($210,A0), A0
FFEAB288? 2050                 movea.l (A0), A0
FFEAB28A? 202C1958             move.l  ($1958,A4), D0
FFEAB28E? 7201                 moveq   #$1, D1
FFEAB290? E1A9                 lsl.l   D0, D1
FFEAB292? 4681                 not.l   D1
FFEAB294? C3A80024             and.l   D1, ($24,A0)
FFEAB298? 2F0C                 move.l  A4, -(A7)
FFEAB29A? 4EB9000044CA         jsr     $44ca.l                           ; -> outside
FFEAB2A0? 2E00                 move.l  D0, D7
FFEAB2A2? 206C1982             movea.l ($1982,A4), A0
FFEAB2A6? 20BC000000C8         move.l  #$c8, (A0)
FFEAB2AC? 426C00B4             clr.w   ($b4,A4)
FFEAB2B0? 202C1996             move.l  ($1996,A4), D0
FFEAB2B4? D0AC19BE             add.l   ($19be,A4), D0
FFEAB2B8? E158                 rol.w   #8, D0
FFEAB2BA? 4840                 swap    D0
FFEAB2BC? E158                 rol.w   #8, D0
FFEAB2BE? 206C198A             movea.l ($198a,A4), A0
FFEAB2C2? 2080                 move.l  D0, (A0)
FFEAB2C4? 296C19BE19CA         move.l  ($19be,A4), ($19ca,A4)
FFEAB2CA? 2F07                 move.l  D7, -(A7)
FFEAB2CC? 2F0C                 move.l  A4, -(A7)
FFEAB2CE? 4EB900004506         jsr     $4506.l                           ; -> outside
FFEAB2D4? 4FEF000C             lea     ($c,A7), A7
FFEAB2D8? 206C1986             movea.l ($1986,A4), A0
FFEAB2DC? 203C00040000         move.l  #$40000, D0
FFEAB2E2? C090                 and.l   (A0), D0
FFEAB2E4? 66F2                 bne     $ffeab2d8
FFEAB2E6? 207802B6             movea.l $2b6.w, A0                        ; BasicGlob
FFEAB2EA? 20680210             movea.l ($210,A0), A0
FFEAB2EE? 2050                 movea.l (A0), A0
FFEAB2F0? 202C1958             move.l  ($1958,A4), D0
FFEAB2F4? 7201                 moveq   #$1, D1
FFEAB2F6? E1A9                 lsl.l   D0, D1
FFEAB2F8? 83A80028             or.l    D1, ($28,A0)
FFEAB2FC? 207802B6             movea.l $2b6.w, A0                        ; BasicGlob
FFEAB300? 20680210             movea.l ($210,A0), A0
FFEAB304? 2050                 movea.l (A0), A0
FFEAB306? 202C1958             move.l  ($1958,A4), D0
FFEAB30A? 7201                 moveq   #$1, D1
FFEAB30C? E1A9                 lsl.l   D0, D1
FFEAB30E? 83A80024             or.l    D1, ($24,A0)
FFEAB312? 4CEE1080FFF8         movem.l (-$8,A6), D7/A4
FFEAB318? 4E5E                 unlk    A6
FFEAB31A? 4E75                 rts
FFEAB31C? 4E56FFFC             link    A6, #-$4
FFEAB320? 48E70318             movem.l D6-D7/A3-A4, -(A7)
FFEAB324? 286E0008             movea.l ($8,A6), A4
FFEAB328? 202C198E             move.l  ($198e,A4), D0
FFEAB32C? D0AC1934             add.l   ($1934,A4), D0
FFEAB330? 2D40FFFC             move.l  D0, (-$4,A6)
FFEAB334? 202C1944             move.l  ($1944,A4), D0
FFEAB338? 223C00000400         move.l  #$400, D1
FFEAB33E? 4EB90000473A         jsr     $473a.l                           ; -> outside
FFEAB344? 2C00                 move.l  D0, D6
FFEAB346? 0C8600000200         cmpi.l  #$200, D6
FFEAB34C? 6306                 bls     $ffeab354
FFEAB34E? 2C3C00000200         move.l  #$200, D6
FFEAB354? 202C1944             move.l  ($1944,A4), D0
FFEAB358? 2206                 move.l  D6, D1
FFEAB35A? 4EB90000473A         jsr     $473a.l                           ; -> outside
FFEAB360? 294019D2             move.l  D0, ($19d2,A4)
FFEAB364? 266C199A             movea.l ($199a,A4), A3
FFEAB368? 2006                 move.l  D6, D0
FFEAB36A? 5386                 subq.l  #1, D6
FFEAB36C? 7E00                 moveq   #$0, D7
FFEAB36E? 6074                 bra     $ffeab3e4
FFEAB370? 203C30000000         move.l  #$30000000, D0
FFEAB376? 80AC19D2             or.l    ($19d2,A4), D0
FFEAB37A? 7200                 moveq   #$0, D1
FFEAB37C? 8280                 or.l    D0, D1
FFEAB37E? 203C00300000         move.l  #$300000, D0
FFEAB384? 8081                 or.l    D1, D0
FFEAB386? 7200                 moveq   #$0, D1
FFEAB388? 8280                 or.l    D0, D1
FFEAB38A? 7000                 moveq   #$0, D0
FFEAB38C? 8081                 or.l    D1, D0
FFEAB38E? E158                 rol.w   #8, D0
FFEAB390? 4840                 swap    D0
FFEAB392? E158                 rol.w   #8, D0
FFEAB394? 2680                 move.l  D0, (A3)
FFEAB396? 202EFFFC             move.l  (-$4,A6), D0
FFEAB39A? E158                 rol.w   #8, D0
FFEAB39C? 4840                 swap    D0
FFEAB39E? E158                 rol.w   #8, D0
FFEAB3A0? 27400004             move.l  D0, ($4,A3)
FFEAB3A4? 7000                 moveq   #$0, D0
FFEAB3A6? 27400008             move.l  D0, ($8,A3)
FFEAB3AA? 2740000C             move.l  D0, ($c,A3)
FFEAB3AE? 222C19D2             move.l  ($19d2,A4), D1
FFEAB3B2? D3AEFFFC             add.l   D1, (-$4,A6)
FFEAB3B6? 2207                 move.l  D7, D1
FFEAB3B8? E781                 asl.l   #3, D1
FFEAB3BA? 41EC1A44             lea     ($1a44,A4), A0
FFEAB3BE? 21AEFFFC1800         move.l  (-$4,A6), (A0,D1.l)
FFEAB3C4? 47EB0010             lea     ($10,A3), A3
FFEAB3C8? 202C1996             move.l  ($1996,A4), D0
FFEAB3CC? D08B                 add.l   A3, D0
FFEAB3CE? E158                 rol.w   #8, D0
FFEAB3D0? 4840                 swap    D0
FFEAB3D2? E158                 rol.w   #8, D0
FFEAB3D4? 2207                 move.l  D7, D1
FFEAB3D6? E781                 asl.l   #3, D1
FFEAB3D8? 41EC1A48             lea     ($1a48,A4), A0
FFEAB3DC? 21801800             move.l  D0, (A0,D1.l)
FFEAB3E0? 2007                 move.l  D7, D0
FFEAB3E2? 5287                 addq.l  #1, D7
FFEAB3E4? BC87                 cmp.l   D7, D6
FFEAB3E6? 6288                 bhi     $ffeab370
FFEAB3E8? 2006                 move.l  D6, D0
FFEAB3EA? 5286                 addq.l  #1, D6
FFEAB3EC? 202C1944             move.l  ($1944,A4), D0
FFEAB3F0? 2206                 move.l  D6, D1
FFEAB3F2? 4EB90000474A         jsr     $474a.l                           ; -> outside
FFEAB3F8? D0AC19D2             add.l   ($19d2,A4), D0
FFEAB3FC? 223C30000000         move.l  #$30000000, D1
FFEAB402? 8280                 or.l    D0, D1
FFEAB404? 7000                 moveq   #$0, D0
FFEAB406? 8081                 or.l    D1, D0
FFEAB408? 223C00300000         move.l  #$300000, D1
FFEAB40E? 8280                 or.l    D0, D1
FFEAB410? 7000                 moveq   #$0, D0
FFEAB412? 8081                 or.l    D1, D0
FFEAB414? 7200                 moveq   #$0, D1
FFEAB416? 8280                 or.l    D0, D1
FFEAB418? 2001                 move.l  D1, D0
FFEAB41A? E158                 rol.w   #8, D0
FFEAB41C? 4840                 swap    D0
FFEAB41E? E158                 rol.w   #8, D0
FFEAB420? 2680                 move.l  D0, (A3)
FFEAB422? 202EFFFC             move.l  (-$4,A6), D0
FFEAB426? E158                 rol.w   #8, D0
FFEAB428? 4840                 swap    D0
FFEAB42A? E158                 rol.w   #8, D0
FFEAB42C? 27400004             move.l  D0, ($4,A3)
FFEAB430? 7000                 moveq   #$0, D0
FFEAB432? 27400008             move.l  D0, ($8,A3)
FFEAB436? 2740000C             move.l  D0, ($c,A3)
FFEAB43A? 202C1944             move.l  ($1944,A4), D0
FFEAB43E? 2206                 move.l  D6, D1
FFEAB440? 4EB90000474A         jsr     $474a.l                           ; -> outside
FFEAB446? D0AC19D2             add.l   ($19d2,A4), D0
FFEAB44A? D1AEFFFC             add.l   D0, (-$4,A6)
FFEAB44E? 2007                 move.l  D7, D0
FFEAB450? E780                 asl.l   #3, D0
FFEAB452? 41EC1A44             lea     ($1a44,A4), A0
FFEAB456? 21AEFFFC0800         move.l  (-$4,A6), (A0,D0.l)
FFEAB45C? 202C1996             move.l  ($1996,A4), D0
FFEAB460? D0AC199A             add.l   ($199a,A4), D0
FFEAB464? E158                 rol.w   #8, D0
FFEAB466? 4840                 swap    D0
FFEAB468? E158                 rol.w   #8, D0
FFEAB46A? 2207                 move.l  D7, D1
FFEAB46C? E781                 asl.l   #3, D1
FFEAB46E? 41EC1A48             lea     ($1a48,A4), A0
FFEAB472? 21801800             move.l  D0, (A0,D1.l)
FFEAB476? 2007                 move.l  D7, D0
FFEAB478? E780                 asl.l   #3, D0
FFEAB47A? 2207                 move.l  D7, D1
FFEAB47C? 5281                 addq.l  #1, D1
FFEAB47E? E781                 asl.l   #3, D1
FFEAB480? 41EC1A44             lea     ($1a44,A4), A0
FFEAB484? 43EC1A44             lea     ($1a44,A4), A1
FFEAB488? 23B008001800         move.l  (A0,D0.l), (A1,D1.l)
FFEAB48E? 2007                 move.l  D7, D0
FFEAB490? E780                 asl.l   #3, D0
FFEAB492? 2207                 move.l  D7, D1
FFEAB494? 5281                 addq.l  #1, D1
FFEAB496? E781                 asl.l   #3, D1
FFEAB498? 41EC1A48             lea     ($1a48,A4), A0
FFEAB49C? 43EC1A48             lea     ($1a48,A4), A1
FFEAB4A0? 23B008001800         move.l  (A0,D0.l), (A1,D1.l)
FFEAB4A6? 47EB0010             lea     ($10,A3), A3
FFEAB4AA? 203C600C0000         move.l  #$600c0000, D0
FFEAB4B0? E158                 rol.w   #8, D0
FFEAB4B2? 4840                 swap    D0
FFEAB4B4? E158                 rol.w   #8, D0
FFEAB4B6? 2680                 move.l  D0, (A3)
FFEAB4B8? 7000                 moveq   #$0, D0
FFEAB4BA? 27400004             move.l  D0, ($4,A3)
FFEAB4BE? 202C1996             move.l  ($1996,A4), D0
FFEAB4C2? D0AC199A             add.l   ($199a,A4), D0
FFEAB4C6? E158                 rol.w   #8, D0
FFEAB4C8? 4840                 swap    D0
FFEAB4CA? E158                 rol.w   #8, D0
FFEAB4CC? 27400008             move.l  D0, ($8,A3)
FFEAB4D0? 7000                 moveq   #$0, D0
FFEAB4D2? 2740000C             move.l  D0, ($c,A3)
FFEAB4D6? 206C199E             movea.l ($199e,A4), A0
FFEAB4DA? 21400008             move.l  D0, ($8,A0)
FFEAB4DE? 206C199E             movea.l ($199e,A4), A0
FFEAB4E2? 2140000C             move.l  D0, ($c,A0)
FFEAB4E6? 203C30300000         move.l  #$30300000, D0
FFEAB4EC? E158                 rol.w   #8, D0
FFEAB4EE? 4840                 swap    D0
FFEAB4F0? E158                 rol.w   #8, D0
FFEAB4F2? 206C19A2             movea.l ($19a2,A4), A0
FFEAB4F6? 2080                 move.l  D0, (A0)
FFEAB4F8? 206C19A2             movea.l ($19a2,A4), A0
FFEAB4FC? 7000                 moveq   #$0, D0
FFEAB4FE? 21400008             move.l  D0, ($8,A0)
FFEAB502? 206C19A2             movea.l ($19a2,A4), A0
FFEAB506? 2140000C             move.l  D0, ($c,A0)
FFEAB50A? 206C19A6             movea.l ($19a6,A4), A0
FFEAB50E? 21400008             move.l  D0, ($8,A0)
FFEAB512? 206C19A6             movea.l ($19a6,A4), A0
FFEAB516? 2140000C             move.l  D0, ($c,A0)
FFEAB51A? 203C600C0000         move.l  #$600c0000, D0
FFEAB520? E158                 rol.w   #8, D0
FFEAB522? 4840                 swap    D0
FFEAB524? E158                 rol.w   #8, D0
FFEAB526? 206C19AA             movea.l ($19aa,A4), A0
FFEAB52A? 2080                 move.l  D0, (A0)
FFEAB52C? 206C19AA             movea.l ($19aa,A4), A0
FFEAB530? 7000                 moveq   #$0, D0
FFEAB532? 21400004             move.l  D0, ($4,A0)
FFEAB536? 206C19AA             movea.l ($19aa,A4), A0
FFEAB53A? 2140000C             move.l  D0, ($c,A0)
FFEAB53E? 206C19AE             movea.l ($19ae,A4), A0
FFEAB542? 21400008             move.l  D0, ($8,A0)
FFEAB546? 206C19AE             movea.l ($19ae,A4), A0
FFEAB54A? 2140000C             move.l  D0, ($c,A0)
FFEAB54E? 203C30300000         move.l  #$30300000, D0
FFEAB554? E158                 rol.w   #8, D0
FFEAB556? 4840                 swap    D0
FFEAB558? E158                 rol.w   #8, D0
FFEAB55A? 206C19B2             movea.l ($19b2,A4), A0
FFEAB55E? 2080                 move.l  D0, (A0)
FFEAB560? 206C19B2             movea.l ($19b2,A4), A0
FFEAB564? 7000                 moveq   #$0, D0
FFEAB566? 21400008             move.l  D0, ($8,A0)
FFEAB56A? 206C19B2             movea.l ($19b2,A4), A0
FFEAB56E? 2140000C             move.l  D0, ($c,A0)
FFEAB572? 206C19B6             movea.l ($19b6,A4), A0
FFEAB576? 21400008             move.l  D0, ($8,A0)
FFEAB57A? 206C19B6             movea.l ($19b6,A4), A0
FFEAB57E? 2140000C             move.l  D0, ($c,A0)
FFEAB582? 203C600C0000         move.l  #$600c0000, D0
FFEAB588? E158                 rol.w   #8, D0
FFEAB58A? 4840                 swap    D0
FFEAB58C? E158                 rol.w   #8, D0
FFEAB58E? 206C19BA             movea.l ($19ba,A4), A0
FFEAB592? 2080                 move.l  D0, (A0)
FFEAB594? 206C19BA             movea.l ($19ba,A4), A0
FFEAB598? 7000                 moveq   #$0, D0
FFEAB59A? 21400004             move.l  D0, ($4,A0)
FFEAB59E? 206C19BA             movea.l ($19ba,A4), A0
FFEAB5A2? 2140000C             move.l  D0, ($c,A0)
FFEAB5A6? 222C19D2             move.l  ($19d2,A4), D1
FFEAB5AA? D281                 add.l   D1, D1
FFEAB5AC? 242C1944             move.l  ($1944,A4), D2
FFEAB5B0? 9481                 sub.l   D1, D2
FFEAB5B2? 294219DA             move.l  D2, ($19da,A4)
FFEAB5B6? 4CEE18C0FFEC         movem.l (-$14,A6), D6-D7/A3-A4
FFEAB5BC? 4E5E                 unlk    A6
FFEAB5BE? 4E75                 rts
FFEAB5C0? 4E56FFDC             link    A6, #-$24
FFEAB5C4? 48E71F18             movem.l D3-D7/A3-A4, -(A7)
FFEAB5C8? 2E2E0010             move.l  ($10,A6), D7
FFEAB5CC? 286E0008             movea.l ($8,A6), A4
FFEAB5D0? 4A2C1A3A             tst.b   ($1a3a,A4)
FFEAB5D4? 671A                 beq     $ffeab5f0
FFEAB5D6? 2D6C199EFFE4         move.l  ($199e,A4), (-$1c,A6)
FFEAB5DC? 2D6C19A2FFE8         move.l  ($19a2,A4), (-$18,A6)
FFEAB5E2? 2D6C19A6FFEC         move.l  ($19a6,A4), (-$14,A6)
FFEAB5E8? 2D6C19AAFFF0         move.l  ($19aa,A4), (-$10,A6)
FFEAB5EE? 6018                 bra     $ffeab608
FFEAB5F0? 2D6C19AEFFE4         move.l  ($19ae,A4), (-$1c,A6)
FFEAB5F6? 2D6C19B2FFE8         move.l  ($19b2,A4), (-$18,A6)
FFEAB5FC? 2D6C19B6FFEC         move.l  ($19b6,A4), (-$14,A6)
FFEAB602? 2D6C19BAFFF0         move.l  ($19ba,A4), (-$10,A6)
FFEAB608? 4A2C1A3A             tst.b   ($1a3a,A4)
FFEAB60C? 57C3                 seq     D3
FFEAB60E? 4403                 neg.b   D3
FFEAB610? 19431A3A             move.b  D3, ($1a3a,A4)
FFEAB614? 2F0C                 move.l  A4, -(A7)
FFEAB616? 4EB9000044CA         jsr     $44ca.l                           ; -> outside
FFEAB61C? 2D40FFF8             move.l  D0, (-$8,A6)
FFEAB620? 206C1976             movea.l ($1976,A4), A0
FFEAB624? 20BC002000A0         move.l  #$2000a0, (A0)
FFEAB62A? 584F                 addq.w  #4, A7
FFEAB62C? 206C197A             movea.l ($197a,A4), A0
FFEAB630? 0C9000040000         cmpi.l  #$40000, (A0)
FFEAB636? 67F4                 beq     $ffeab62c
FFEAB638? 206C197E             movea.l ($197e,A4), A0
FFEAB63C? 2010                 move.l  (A0), D0
FFEAB63E? E158                 rol.w   #8, D0
FFEAB640? 4840                 swap    D0
FFEAB642? E158                 rol.w   #8, D0
FFEAB644? 90AC1996             sub.l   ($1996,A4), D0
FFEAB648? 2D40FFF4             move.l  D0, (-$c,A6)
FFEAB64C? 2040                 movea.l D0, A0
FFEAB64E? 2010                 move.l  (A0), D0
FFEAB650? E158                 rol.w   #8, D0
FFEAB652? 4840                 swap    D0
FFEAB654? E158                 rol.w   #8, D0
FFEAB656? 223CF0000000         move.l  #$f0000000, D1                    ; CHAOS+0
FFEAB65C? C280                 and.l   D0, D1
FFEAB65E? 0C8160000000         cmpi.l  #$60000000, D1
FFEAB664? 660C                 bne     $ffeab672
FFEAB666? 202EFFF4             move.l  (-$c,A6), D0
FFEAB66A? 7210                 moveq   #$10, D1
FFEAB66C? 9081                 sub.l   D1, D0
FFEAB66E? 2D40FFF4             move.l  D0, (-$c,A6)
FFEAB672? 206EFFF4             movea.l (-$c,A6), A0
FFEAB676? 20280004             move.l  ($4,A0), D0
FFEAB67A? E158                 rol.w   #8, D0
FFEAB67C? 4840                 swap    D0
FFEAB67E? E158                 rol.w   #8, D0
FFEAB680? 90AC198E             sub.l   ($198e,A4), D0
FFEAB684? 2D40FFE0             move.l  D0, (-$20,A6)
FFEAB688? 206EFFF4             movea.l (-$c,A6), A0
FFEAB68C? 2010                 move.l  (A0), D0
FFEAB68E? E158                 rol.w   #8, D0
FFEAB690? 4840                 swap    D0
FFEAB692? E158                 rol.w   #8, D0
FFEAB694? 223C0000FFFF         move.l  #$ffff, D1
FFEAB69A? C280                 and.l   D0, D1
FFEAB69C? 202EFFE0             move.l  (-$20,A6), D0
FFEAB6A0? D280                 add.l   D0, D1
FFEAB6A2? 2D41FFDC             move.l  D1, (-$24,A6)
FFEAB6A6? 206EFFF4             movea.l (-$c,A6), A0
FFEAB6AA? 2028000C             move.l  ($c,A0), D0
FFEAB6AE? E158                 rol.w   #8, D0
FFEAB6B0? 4840                 swap    D0
FFEAB6B2? E158                 rol.w   #8, D0
FFEAB6B4? 223C0000FFFF         move.l  #$ffff, D1
FFEAB6BA? C280                 and.l   D0, D1
FFEAB6BC? 202EFFDC             move.l  (-$24,A6), D0
FFEAB6C0? 2640                 movea.l D0, A3
FFEAB6C2? 97C1                 suba.l  D1, A3
FFEAB6C4? B7EC193C             cmpa.l  ($193c,A4), A3
FFEAB6C8? 6504                 bcs     $ffeab6ce
FFEAB6CA? 266C1934             movea.l ($1934,A4), A3
FFEAB6CE? B7EE000C             cmpa.l  ($c,A6), A3
FFEAB6D2? 6508                 bcs     $ffeab6dc
FFEAB6D4? 2C0B                 move.l  A3, D6
FFEAB6D6? 9CAE000C             sub.l   ($c,A6), D6
FFEAB6DA? 600C                 bra     $ffeab6e8
FFEAB6DC? 202C1944             move.l  ($1944,A4), D0
FFEAB6E0? D08B                 add.l   A3, D0
FFEAB6E2? 2C00                 move.l  D0, D6
FFEAB6E4? 9CAE000C             sub.l   ($c,A6), D6
FFEAB6E8? BE86                 cmp.l   D6, D7
FFEAB6EA? 6306                 bls     $ffeab6f2
FFEAB6EC? 9E86                 sub.l   D6, D7
FFEAB6EE? 7A01                 moveq   #$1, D5
FFEAB6F0? 601A                 bra     $ffeab70c
FFEAB6F2? 202C1996             move.l  ($1996,A4), D0
FFEAB6F6? D0AEFFEC             add.l   (-$14,A6), D0
FFEAB6FA? E158                 rol.w   #8, D0
FFEAB6FC? 4840                 swap    D0
FFEAB6FE? E158                 rol.w   #8, D0
FFEAB700? 206C197E             movea.l ($197e,A4), A0
FFEAB704? 2080                 move.l  D0, (A0)
FFEAB706? 4205                 clr.b   D5
FFEAB708? 60000098             bra     $ffeab7a2
FFEAB70C? 200B                 move.l  A3, D0
FFEAB70E? D087                 add.l   D7, D0
FFEAB710? B0AC193C             cmp.l   ($193c,A4), D0
FFEAB714? 634E                 bls     $ffeab764
FFEAB716? 202C1996             move.l  ($1996,A4), D0
FFEAB71A? D0AEFFE4             add.l   (-$1c,A6), D0
FFEAB71E? E158                 rol.w   #8, D0
FFEAB720? 4840                 swap    D0
FFEAB722? E158                 rol.w   #8, D0
FFEAB724? 206C197E             movea.l ($197e,A4), A0
FFEAB728? 2080                 move.l  D0, (A0)
FFEAB72A? 202C193C             move.l  ($193c,A4), D0
FFEAB72E? 908B                 sub.l   A3, D0
FFEAB730? 80BC30000000         or.l    #$30000000, D0
FFEAB736? E158                 rol.w   #8, D0
FFEAB738? 4840                 swap    D0
FFEAB73A? E158                 rol.w   #8, D0
FFEAB73C? 206EFFE4             movea.l (-$1c,A6), A0
FFEAB740? 2080                 move.l  D0, (A0)
FFEAB742? 202C198E             move.l  ($198e,A4), D0
FFEAB746? D08B                 add.l   A3, D0
FFEAB748? E158                 rol.w   #8, D0
FFEAB74A? 4840                 swap    D0
FFEAB74C? E158                 rol.w   #8, D0
FFEAB74E? 206EFFE4             movea.l (-$1c,A6), A0
FFEAB752? 21400004             move.l  D0, ($4,A0)
FFEAB756? 202C193C             move.l  ($193c,A4), D0
FFEAB75A? 908B                 sub.l   A3, D0
FFEAB75C? 9E80                 sub.l   D0, D7
FFEAB75E? 266C1934             movea.l ($1934,A4), A3
FFEAB762? 6014                 bra     $ffeab778
FFEAB764? 202C1996             move.l  ($1996,A4), D0
FFEAB768? D0AEFFE8             add.l   (-$18,A6), D0
FFEAB76C? E158                 rol.w   #8, D0
FFEAB76E? 4840                 swap    D0
FFEAB770? E158                 rol.w   #8, D0
FFEAB772? 206C197E             movea.l ($197e,A4), A0
FFEAB776? 2080                 move.l  D0, (A0)
FFEAB778? 2007                 move.l  D7, D0
FFEAB77A? 80BC30300000         or.l    #$30300000, D0
FFEAB780? E158                 rol.w   #8, D0
FFEAB782? 4840                 swap    D0
FFEAB784? E158                 rol.w   #8, D0
FFEAB786? 206EFFE8             movea.l (-$18,A6), A0
FFEAB78A? 2080                 move.l  D0, (A0)
FFEAB78C? 202C198E             move.l  ($198e,A4), D0
FFEAB790? D08B                 add.l   A3, D0
FFEAB792? E158                 rol.w   #8, D0
FFEAB794? 4840                 swap    D0
FFEAB796? E158                 rol.w   #8, D0
FFEAB798? 206EFFE8             movea.l (-$18,A6), A0
FFEAB79C? 21400004             move.l  D0, ($4,A0)
FFEAB7A0? D7C7                 adda.l  D7, A3
FFEAB7A2? 200B                 move.l  A3, D0
FFEAB7A4? 90AC1934             sub.l   ($1934,A4), D0
FFEAB7A8? 222C19D2             move.l  ($19d2,A4), D1
FFEAB7AC? 4EB90000473A         jsr     $473a.l                           ; -> outside
FFEAB7B2? 2800                 move.l  D0, D4
FFEAB7B4? E780                 asl.l   #3, D0
FFEAB7B6? 41EC1A44             lea     ($1a44,A4), A0
FFEAB7BA? 20300800             move.l  (A0,D0.l), D0
FFEAB7BE? 90AC198E             sub.l   ($198e,A4), D0
FFEAB7C2? 2D40FFFC             move.l  D0, (-$4,A6)
FFEAB7C6? 908B                 sub.l   A3, D0
FFEAB7C8? 223C30300000         move.l  #$30300000, D1
FFEAB7CE? 8280                 or.l    D0, D1
FFEAB7D0? 2001                 move.l  D1, D0
FFEAB7D2? E158                 rol.w   #8, D0
FFEAB7D4? 4840                 swap    D0
FFEAB7D6? E158                 rol.w   #8, D0
FFEAB7D8? 206EFFEC             movea.l (-$14,A6), A0
FFEAB7DC? 2080                 move.l  D0, (A0)
FFEAB7DE? 202C198E             move.l  ($198e,A4), D0
FFEAB7E2? D08B                 add.l   A3, D0
FFEAB7E4? E158                 rol.w   #8, D0
FFEAB7E6? 4840                 swap    D0
FFEAB7E8? E158                 rol.w   #8, D0
FFEAB7EA? 206EFFEC             movea.l (-$14,A6), A0
FFEAB7EE? 21400004             move.l  D0, ($4,A0)
FFEAB7F2? 2004                 move.l  D4, D0
FFEAB7F4? E780                 asl.l   #3, D0
FFEAB7F6? 206EFFF0             movea.l (-$10,A6), A0
FFEAB7FA? 43EC1A48             lea     ($1a48,A4), A1
FFEAB7FE? 217108000008         move.l  (A1,D0.l), ($8,A0)
FFEAB804? 207802B6             movea.l $2b6.w, A0                        ; BasicGlob
FFEAB808? 20680210             movea.l ($210,A0), A0
FFEAB80C? 2050                 movea.l (A0), A0
FFEAB80E? 202C1954             move.l  ($1954,A4), D0
FFEAB812? 7201                 moveq   #$1, D1
FFEAB814? E1A9                 lsl.l   D0, D1
FFEAB816? 83A80028             or.l    D1, ($28,A0)
FFEAB81A? 206C1976             movea.l ($1976,A4), A0
FFEAB81E? 20BC00800080         move.l  #$800080, (A0)
FFEAB824? 2F2EFFF8             move.l  (-$8,A6), -(A7)
FFEAB828? 2F0C                 move.l  A4, -(A7)
FFEAB82A? 4EB900004506         jsr     $4506.l                           ; -> outside
FFEAB830? 1005                 move.b  D5, D0
FFEAB832? 504F                 addq.w  #8, A7
FFEAB834? 4CEE18F8FFC0         movem.l (-$40,A6), D3-D7/A3-A4
FFEAB83A? 4E5E                 unlk    A6
FFEAB83C? 4E75                 rts
FFEAB83E? 4E56FFFE             link    A6, #-$2
FFEAB842? 48E71F18             movem.l D3-D7/A3-A4, -(A7)
FFEAB846? 2E2E001C             move.l  ($1c,A6), D7
FFEAB84A? 282E0024             move.l  ($24,A6), D4
FFEAB84E? 2C2E000C             move.l  ($c,A6), D6
FFEAB852? 266E0010             movea.l ($10,A6), A3
FFEAB856? 202E0014             move.l  ($14,A6), D0
FFEAB85A? 2206                 move.l  D6, D1
FFEAB85C? 4EB90000473A         jsr     $473a.l                           ; -> outside
FFEAB862? 2A00                 move.l  D0, D5
FFEAB864? BE85                 cmp.l   D5, D7
FFEAB866? 55C3                 scs     D3
FFEAB868? 4403                 neg.b   D3
FFEAB86A? 1D43FFFF             move.b  D3, (-$1,A6)
FFEAB86E? 6702                 beq     $ffeab872
FFEAB870? 2A07                 move.l  D7, D5
FFEAB872? 286E0018             movea.l ($18,A6), A4
FFEAB876? 7E00                 moveq   #$0, D7
FFEAB878? 6040                 bra     $ffeab8ba
FFEAB87A? 2004                 move.l  D4, D0
FFEAB87C? 8086                 or.l    D6, D0
FFEAB87E? 7200                 moveq   #$0, D1
FFEAB880? 8280                 or.l    D0, D1
FFEAB882? 203C00300000         move.l  #$300000, D0
FFEAB888? 8081                 or.l    D1, D0
FFEAB88A? 7200                 moveq   #$0, D1
FFEAB88C? 8280                 or.l    D0, D1
FFEAB88E? 7000                 moveq   #$0, D0
FFEAB890? 8081                 or.l    D1, D0
FFEAB892? E158                 rol.w   #8, D0
FFEAB894? 4840                 swap    D0
FFEAB896? E158                 rol.w   #8, D0
FFEAB898? 2880                 move.l  D0, (A4)
FFEAB89A? 200B                 move.l  A3, D0
FFEAB89C? E158                 rol.w   #8, D0
FFEAB89E? 4840                 swap    D0
FFEAB8A0? E158                 rol.w   #8, D0
FFEAB8A2? 29400004             move.l  D0, ($4,A4)
FFEAB8A6? 7000                 moveq   #$0, D0
FFEAB8A8? 29400008             move.l  D0, ($8,A4)
FFEAB8AC? 2940000C             move.l  D0, ($c,A4)
FFEAB8B0? D7C6                 adda.l  D6, A3
FFEAB8B2? 49EC0010             lea     ($10,A4), A4
FFEAB8B6? 2007                 move.l  D7, D0
FFEAB8B8? 5287                 addq.l  #1, D7
FFEAB8BA? BA87                 cmp.l   D7, D5
FFEAB8BC? 62BC                 bhi     $ffeab87a
FFEAB8BE? 206E0020             movea.l ($20,A6), A0
FFEAB8C2? 208C                 move.l  A4, (A0)
FFEAB8C4? 203C600C0000         move.l  #$600c0000, D0
FFEAB8CA? E158                 rol.w   #8, D0
FFEAB8CC? 4840                 swap    D0
FFEAB8CE? E158                 rol.w   #8, D0
FFEAB8D0? 2880                 move.l  D0, (A4)
FFEAB8D2? 7000                 moveq   #$0, D0
FFEAB8D4? 29400004             move.l  D0, ($4,A4)
FFEAB8D8? 206E0008             movea.l ($8,A6), A0
FFEAB8DC? 20281996             move.l  ($1996,A0), D0
FFEAB8E0? D0AE0018             add.l   ($18,A6), D0
FFEAB8E4? E158                 rol.w   #8, D0
FFEAB8E6? 4840                 swap    D0
FFEAB8E8? E158                 rol.w   #8, D0
FFEAB8EA? 29400008             move.l  D0, ($8,A4)
FFEAB8EE? 7000                 moveq   #$0, D0
FFEAB8F0? 2940000C             move.l  D0, ($c,A4)
FFEAB8F4? 4A2EFFFF             tst.b   (-$1,A6)
FFEAB8F8? 6606                 bne     $ffeab900
FFEAB8FA? 7000                 moveq   #$0, D0
FFEAB8FC? 2640                 movea.l D0, A3
FFEAB8FE? 6012                 bra     $ffeab912
FFEAB900? 49ECFFF0             lea     (-$10,A4), A4
FFEAB904? 203C70000000         move.l  #$70000000, D0
FFEAB90A? E158                 rol.w   #8, D0
FFEAB90C? 4840                 swap    D0
FFEAB90E? E158                 rol.w   #8, D0
FFEAB910? 2880                 move.l  D0, (A4)
FFEAB912? 200B                 move.l  A3, D0
FFEAB914? 4CEE18F8FFE2         movem.l (-$1e,A6), D3-D7/A3-A4
FFEAB91A? 4E5E                 unlk    A6
FFEAB91C? 4E75                 rts
FFEAB91E? 4E56FFF0             link    A6, #-$10
FFEAB922? 48E71118             movem.l D3/D7/A3-A4, -(A7)
FFEAB926? 2E2E0010             move.l  ($10,A6), D7
FFEAB92A? 286E0008             movea.l ($8,A6), A4
FFEAB92E? 4A87                 tst.l   D7
FFEAB930? 6606                 bne     $ffeab938
FFEAB932? 7000                 moveq   #$0, D0
FFEAB934? 600000E8             bra     $ffeaba1e
FFEAB938? 2007                 move.l  D7, D0
FFEAB93A? D0AE000C             add.l   ($c,A6), D0
FFEAB93E? 2D40FFF8             move.l  D0, (-$8,A6)
FFEAB942? B0AC193C             cmp.l   ($193c,A4), D0
FFEAB946? 6508                 bcs     $ffeab950
FFEAB948? 202C1944             move.l  ($1944,A4), D0
FFEAB94C? 91AEFFF8             sub.l   D0, (-$8,A6)
FFEAB950? 206C197E             movea.l ($197e,A4), A0
FFEAB954? 2010                 move.l  (A0), D0
FFEAB956? E158                 rol.w   #8, D0
FFEAB958? 4840                 swap    D0
FFEAB95A? E158                 rol.w   #8, D0
FFEAB95C? 2640                 movea.l D0, A3
FFEAB95E? 97EC1996             suba.l  ($1996,A4), A3
FFEAB962? 206C1976             movea.l ($1976,A4), A0
FFEAB966? 20BC00200020         move.l  #$200020, (A0)
FFEAB96C? 206C197A             movea.l ($197a,A4), A0
FFEAB970? 203C00200000         move.l  #$200000, D0
FFEAB976? C090                 and.l   (A0), D0
FFEAB978? 66F2                 bne     $ffeab96c
FFEAB97A? 2013                 move.l  (A3), D0
FFEAB97C? E158                 rol.w   #8, D0
FFEAB97E? 4840                 swap    D0
FFEAB980? E158                 rol.w   #8, D0
FFEAB982? 223CF0000000         move.l  #$f0000000, D1                    ; CHAOS+0
FFEAB988? C280                 and.l   D0, D1
FFEAB98A? 0C8160000000         cmpi.l  #$60000000, D1
FFEAB990? 6604                 bne     $ffeab996
FFEAB992? 47EBFFF0             lea     (-$10,A3), A3
FFEAB996? 202B0004             move.l  ($4,A3), D0
FFEAB99A? E158                 rol.w   #8, D0
FFEAB99C? 4840                 swap    D0
FFEAB99E? E158                 rol.w   #8, D0
FFEAB9A0? 90AC198E             sub.l   ($198e,A4), D0
FFEAB9A4? 2D40FFF4             move.l  D0, (-$c,A6)
FFEAB9A8? 2013                 move.l  (A3), D0
FFEAB9AA? E158                 rol.w   #8, D0
FFEAB9AC? 4840                 swap    D0
FFEAB9AE? E158                 rol.w   #8, D0
FFEAB9B0? 223C0000FFFF         move.l  #$ffff, D1
FFEAB9B6? C280                 and.l   D0, D1
FFEAB9B8? 202EFFF4             move.l  (-$c,A6), D0
FFEAB9BC? D280                 add.l   D0, D1
FFEAB9BE? 2D41FFF0             move.l  D1, (-$10,A6)
FFEAB9C2? 202B000C             move.l  ($c,A3), D0
FFEAB9C6? E158                 rol.w   #8, D0
FFEAB9C8? 4840                 swap    D0
FFEAB9CA? E158                 rol.w   #8, D0
FFEAB9CC? 223C0000FFFF         move.l  #$ffff, D1
FFEAB9D2? C280                 and.l   D0, D1
FFEAB9D4? 202EFFF0             move.l  (-$10,A6), D0
FFEAB9D8? 9081                 sub.l   D1, D0
FFEAB9DA? 2D40FFFC             move.l  D0, (-$4,A6)
FFEAB9DE? 202E000C             move.l  ($c,A6), D0
FFEAB9E2? B0AEFFF8             cmp.l   (-$8,A6), D0
FFEAB9E6? 641C                 bcc     $ffeaba04
FFEAB9E8? 7600                 moveq   #$0, D3
FFEAB9EA? 202EFFFC             move.l  (-$4,A6), D0
FFEAB9EE? B0AE000C             cmp.l   ($c,A6), D0
FFEAB9F2? 630C                 bls     $ffeaba00
FFEAB9F4? 202EFFFC             move.l  (-$4,A6), D0
FFEAB9F8? B0AEFFF8             cmp.l   (-$8,A6), D0
FFEAB9FC? 6402                 bcc     $ffeaba00
FFEAB9FE? 7601                 moveq   #$1, D3
FFEABA00? 1003                 move.b  D3, D0
FFEABA02? 601A                 bra     $ffeaba1e
FFEABA04? 7601                 moveq   #$1, D3
FFEABA06? 202EFFFC             move.l  (-$4,A6), D0
FFEABA0A? B0AE000C             cmp.l   ($c,A6), D0
FFEABA0E? 620C                 bhi     $ffeaba1c
FFEABA10? 202EFFFC             move.l  (-$4,A6), D0
FFEABA14? B0AEFFF8             cmp.l   (-$8,A6), D0
FFEABA18? 6502                 bcs     $ffeaba1c
FFEABA1A? 7600                 moveq   #$0, D3
FFEABA1C? 1003                 move.b  D3, D0
FFEABA1E? 4CEE1888FFE0         movem.l (-$20,A6), D3/D7/A3-A4
FFEABA24? 4E5E                 unlk    A6
FFEABA26? 4E75                 rts
FFEABA28? 4E560000             link    A6, #$0
FFEABA2C? 48E70308             movem.l D6-D7/A4, -(A7)
FFEABA30? 286E0008             movea.l ($8,A6), A4
FFEABA34? 2F0C                 move.l  A4, -(A7)
FFEABA36? 4EB9000044CA         jsr     $44ca.l                           ; -> outside
FFEABA3C? 2C00                 move.l  D0, D6
FFEABA3E? 206C197A             movea.l ($197a,A4), A0
FFEABA42? 203C00040000         move.l  #$40000, D0
FFEABA48? C090                 and.l   (A0), D0
FFEABA4A? 584F                 addq.w  #4, A7
FFEABA4C? 6610                 bne     $ffeaba5e
FFEABA4E? 206C18E6             movea.l ($18e6,A4), A0
FFEABA52? 4210                 clr.b   (A0)
FFEABA54? 4E71                 nop
FFEABA56? 206C18E6             movea.l ($18e6,A4), A0
FFEABA5A? 10BC0030             move.b  #$30, (A0)
FFEABA5E? 4A2E000F             tst.b   ($f,A6)
FFEABA62? 670E                 beq     $ffeaba72
FFEABA64? 206C18EA             movea.l ($18ea,A4), A0
FFEABA68? 1E10                 move.b  (A0), D7
FFEABA6A? 4E71                 nop
FFEABA6C? 1E10                 move.b  (A0), D7
FFEABA6E? 4E71                 nop
FFEABA70? 1E10                 move.b  (A0), D7
FFEABA72? 2F06                 move.l  D6, -(A7)
FFEABA74? 2F0C                 move.l  A4, -(A7)
FFEABA76? 4EB900004506         jsr     $4506.l                           ; -> outside
FFEABA7C? 206C1976             movea.l ($1976,A4), A0
FFEABA80? 20BC008000C8         move.l  #$8000c8, (A0)
FFEABA86? 504F                 addq.w  #8, A7
FFEABA88? 4CEE10C0FFF4         movem.l (-$c,A6), D6-D7/A4
FFEABA8E? 4E5E                 unlk    A6
FFEABA90? 4E75                 rts
FFEABA92? 4E56FFF4             link    A6, #-$c
FFEABA96? 48E70118             movem.l D7/A3-A4, -(A7)
FFEABA9A? 1E2E000F             move.b  ($f,A6), D7
FFEABA9E? 286E0008             movea.l ($8,A6), A4
FFEABAA2? 70FF                 moveq   #-$1, D0
FFEABAA4? B0AC1950             cmp.l   ($1950,A4), D0
FFEABAA8? 6620                 bne     $ffeabaca
FFEABAAA? 4A07                 tst.b   D7
FFEABAAC? 6716                 beq     $ffeabac4
FFEABAAE? 207802B6             movea.l $2b6.w, A0                        ; BasicGlob
FFEABAB2? 20680210             movea.l ($210,A0), A0
FFEABAB6? 2050                 movea.l (A0), A0
FFEABAB8? 202C1954             move.l  ($1954,A4), D0
FFEABABC? 7201                 moveq   #$1, D1
FFEABABE? E1A9                 lsl.l   D0, D1
FFEABAC0? 83A80028             or.l    D1, ($28,A0)
FFEABAC4? 7000                 moveq   #$0, D0
FFEABAC6? 60000168             bra     $ffeabc30
FFEABACA? 206C197A             movea.l ($197a,A4), A0
FFEABACE? 203C00040000         move.l  #$40000, D0
FFEABAD4? C090                 and.l   (A0), D0
FFEABAD6? 6632                 bne     $ffeabb0a
FFEABAD8? 266C1950             movea.l ($1950,A4), A3
FFEABADC? D7EC194C             adda.l  ($194c,A4), A3
FFEABAE0? B7EC193C             cmpa.l  ($193c,A4), A3
FFEABAE4? 6504                 bcs     $ffeabaea
FFEABAE6? 97EC1944             suba.l  ($1944,A4), A3
FFEABAEA? 4A07                 tst.b   D7
FFEABAEC? 6716                 beq     $ffeabb04
FFEABAEE? 207802B6             movea.l $2b6.w, A0                        ; BasicGlob
FFEABAF2? 20680210             movea.l ($210,A0), A0
FFEABAF6? 2050                 movea.l (A0), A0
FFEABAF8? 202C1954             move.l  ($1954,A4), D0
FFEABAFC? 7201                 moveq   #$1, D1
FFEABAFE? E1A9                 lsl.l   D0, D1
FFEABB00? 83A80028             or.l    D1, ($28,A0)
FFEABB04? 200B                 move.l  A3, D0
FFEABB06? 60000128             bra     $ffeabc30
FFEABB0A? 4A07                 tst.b   D7
FFEABB0C? 6716                 beq     $ffeabb24
FFEABB0E? 207802B6             movea.l $2b6.w, A0                        ; BasicGlob
FFEABB12? 20680210             movea.l ($210,A0), A0
FFEABB16? 2050                 movea.l (A0), A0
FFEABB18? 202C1954             move.l  ($1954,A4), D0
FFEABB1C? 7201                 moveq   #$1, D1
FFEABB1E? E1A9                 lsl.l   D0, D1
FFEABB20? 83A80028             or.l    D1, ($28,A0)
FFEABB24? 206C197E             movea.l ($197e,A4), A0
FFEABB28? 2010                 move.l  (A0), D0
FFEABB2A? E158                 rol.w   #8, D0
FFEABB2C? 4840                 swap    D0
FFEABB2E? E158                 rol.w   #8, D0
FFEABB30? 90AC1996             sub.l   ($1996,A4), D0
FFEABB34? 2D40FFFC             move.l  D0, (-$4,A6)
FFEABB38? 206C1976             movea.l ($1976,A4), A0
FFEABB3C? 20BC00200020         move.l  #$200020, (A0)
FFEABB42? 206C197A             movea.l ($197a,A4), A0
FFEABB46? 203C00200000         move.l  #$200000, D0
FFEABB4C? C090                 and.l   (A0), D0
FFEABB4E? 66F2                 bne     $ffeabb42
FFEABB50? 206EFFFC             movea.l (-$4,A6), A0
FFEABB54? 2010                 move.l  (A0), D0
FFEABB56? E158                 rol.w   #8, D0
FFEABB58? 4840                 swap    D0
FFEABB5A? E158                 rol.w   #8, D0
FFEABB5C? 223CF0000000         move.l  #$f0000000, D1                    ; CHAOS+0
FFEABB62? C280                 and.l   D0, D1
FFEABB64? 0C8160000000         cmpi.l  #$60000000, D1
FFEABB6A? 660A                 bne     $ffeabb76
FFEABB6C? 202EFFFC             move.l  (-$4,A6), D0
FFEABB70? 72F0                 moveq   #-$10, D1
FFEABB72? D3AEFFFC             add.l   D1, (-$4,A6)
FFEABB76? 206EFFFC             movea.l (-$4,A6), A0
FFEABB7A? 20280004             move.l  ($4,A0), D0
FFEABB7E? E158                 rol.w   #8, D0
FFEABB80? 4840                 swap    D0
FFEABB82? E158                 rol.w   #8, D0
FFEABB84? 90AC198E             sub.l   ($198e,A4), D0
FFEABB88? 2D40FFF8             move.l  D0, (-$8,A6)
FFEABB8C? 206EFFFC             movea.l (-$4,A6), A0
FFEABB90? 2010                 move.l  (A0), D0
FFEABB92? E158                 rol.w   #8, D0
FFEABB94? 4840                 swap    D0
FFEABB96? E158                 rol.w   #8, D0
FFEABB98? 223C0000FFFF         move.l  #$ffff, D1
FFEABB9E? C280                 and.l   D0, D1
FFEABBA0? 202EFFF8             move.l  (-$8,A6), D0
FFEABBA4? D280                 add.l   D0, D1
FFEABBA6? 2D41FFF4             move.l  D1, (-$c,A6)
FFEABBAA? 206EFFFC             movea.l (-$4,A6), A0
FFEABBAE? 2028000C             move.l  ($c,A0), D0
FFEABBB2? E158                 rol.w   #8, D0
FFEABBB4? 4840                 swap    D0
FFEABBB6? E158                 rol.w   #8, D0
FFEABBB8? 223C0000FFFF         move.l  #$ffff, D1
FFEABBBE? C280                 and.l   D0, D1
FFEABBC0? 202EFFF4             move.l  (-$c,A6), D0
FFEABBC4? 2640                 movea.l D0, A3
FFEABBC6? 97C1                 suba.l  D1, A3
FFEABBC8? B7EC193C             cmpa.l  ($193c,A4), A3
FFEABBCC? 6604                 bne     $ffeabbd2
FFEABBCE? 266C1934             movea.l ($1934,A4), A3
FFEABBD2? B7EC194C             cmpa.l  ($194c,A4), A3
FFEABBD6? 6610                 bne     $ffeabbe8
FFEABBD8? 4AAC1950             tst.l   ($1950,A4)
FFEABBDC? 6306                 bls     $ffeabbe4
FFEABBDE? 2E2C1944             move.l  ($1944,A4), D7
FFEABBE2? 601E                 bra     $ffeabc02
FFEABBE4d 7E00601A             dc.b    $7E,$00,$60,$1A                   ; |~.`.|
FFEABBE8? B7EC194C             cmpa.l  ($194c,A4), A3
FFEABBEC? 6308                 bls     $ffeabbf6
FFEABBEE? 2E0B                 move.l  A3, D7
FFEABBF0? 9EAC194C             sub.l   ($194c,A4), D7
FFEABBF4? 600C                 bra     $ffeabc02
FFEABBF6? 202C1944             move.l  ($1944,A4), D0
FFEABBFA? D08B                 add.l   A3, D0
FFEABBFC? 2E00                 move.l  D0, D7
FFEABBFE? 9EAC194C             sub.l   ($194c,A4), D7
FFEABC02? BEAC1950             cmp.l   ($1950,A4), D7
FFEABC06? 6422                 bcc     $ffeabc2a
FFEABC08? 70FF                 moveq   #-$1, D0
FFEABC0A? 29401950             move.l  D0, ($1950,A4)
FFEABC0E? 00AC00000001008E     ori.l   #$1, ($8e,A4)
FFEABC16? 4AAC005E             tst.l   ($5e,A4)
FFEABC1A? 6712                 beq     $ffeabc2e
FFEABC1C? 2F2C0062             move.l  ($62,A4), -(A7)
FFEABC20? 206C005E             movea.l ($5e,A4), A0
FFEABC24? 4E90                 jsr     (A0)
FFEABC26? 584F                 addq.w  #4, A7
FFEABC28? 6004                 bra     $ffeabc2e
FFEABC2A? 29471950             move.l  D7, ($1950,A4)
FFEABC2E? 200B                 move.l  A3, D0
FFEABC30? 4CEE1880FFE8         movem.l (-$18,A6), D7/A3-A4
FFEABC36? 4E5E                 unlk    A6
FFEABC38? 4E75                 rts
FFEABC3A? 4E56FFFC             link    A6, #-$4
FFEABC3E? 48E70718             movem.l D5-D7/A3-A4, -(A7)
FFEABC42? 2A2E0010             move.l  ($10,A6), D5
FFEABC46? 266E000C             movea.l ($c,A6), A3
FFEABC4A? 286E0008             movea.l ($8,A6), A4
FFEABC4E? 4A85                 tst.l   D5
FFEABC50? 67000164             beq     $ffeabdb6
FFEABC54? 70FF                 moveq   #-$1, D0
FFEABC56? B0AC1950             cmp.l   ($1950,A4), D0
FFEABC5A? 6700015A             beq     $ffeabdb6
FFEABC5E? 4AAC0046             tst.l   ($46,A4)
FFEABC62? 63000086             bls     $ffeabcea
FFEABC66? 2E2C0046             move.l  ($46,A4), D7
FFEABC6A? BE85                 cmp.l   D5, D7
FFEABC6C? 6302                 bls     $ffeabc70
FFEABC6E? 2E05                 move.l  D5, D7
FFEABC70? 9A87                 sub.l   D7, D5
FFEABC72? 9FAC0046             sub.l   D7, ($46,A4)
FFEABC76? 2C2C0032             move.l  ($32,A4), D6
FFEABC7A? 9CAC0042             sub.l   ($42,A4), D6
FFEABC7E? BC87                 cmp.l   D7, D6
FFEABC80? 6526                 bcs     $ffeabca8
FFEABC82? 2F07                 move.l  D7, -(A7)
FFEABC84? 2F0B                 move.l  A3, -(A7)
FFEABC86? 2F2C0042             move.l  ($42,A4), -(A7)
FFEABC8A? 2F0C                 move.l  A4, -(A7)
FFEABC8C? 4EB9000044B6         jsr     $44b6.l                           ; -> outside
FFEABC92? DFAC0042             add.l   D7, ($42,A4)
FFEABC96? D7C7                 adda.l  D7, A3
FFEABC98? BC87                 cmp.l   D7, D6
FFEABC9A? 4FEF0010             lea     ($10,A7), A7
FFEABC9E? 663C                 bne     $ffeabcdc
FFEABCA0? 296C002A0042         move.l  ($2a,A4), ($42,A4)
FFEABCA6? 6034                 bra     $ffeabcdc
FFEABCA8? 2F06                 move.l  D6, -(A7)
FFEABCAA? 2F0B                 move.l  A3, -(A7)
FFEABCAC? 2F2C0042             move.l  ($42,A4), -(A7)
FFEABCB0? 2F0C                 move.l  A4, -(A7)
FFEABCB2? 4EB9000044B6         jsr     $44b6.l                           ; -> outside
FFEABCB8? 296C002A0042         move.l  ($2a,A4), ($42,A4)
FFEABCBE? D7C6                 adda.l  D6, A3
FFEABCC0? 9E86                 sub.l   D6, D7
FFEABCC2? 2F07                 move.l  D7, -(A7)
FFEABCC4? 2F0B                 move.l  A3, -(A7)
FFEABCC6? 2F2C0042             move.l  ($42,A4), -(A7)
FFEABCCA? 2F0C                 move.l  A4, -(A7)
FFEABCCC? 4EB9000044B6         jsr     $44b6.l                           ; -> outside
FFEABCD2? DFAC0042             add.l   D7, ($42,A4)
FFEABCD6? D7C7                 adda.l  D7, A3
FFEABCD8? 4FEF0020             lea     ($20,A7), A7
FFEABCDC? 197C00011974         move.b  #$1, ($1974,A4)
FFEABCE2? 200B                 move.l  A3, D0
FFEABCE4? 5380                 subq.l  #1, D0
FFEABCE6? 29401970             move.l  D0, ($1970,A4)
FFEABCEA? 4A85                 tst.l   D5
FFEABCEC? 67000092             beq     $ffeabd80
FFEABCF0? 4AAC1950             tst.l   ($1950,A4)
FFEABCF4? 6300008A             bls     $ffeabd80
FFEABCF8? 2E2C1950             move.l  ($1950,A4), D7
FFEABCFC? BE85                 cmp.l   D5, D7
FFEABCFE? 6302                 bls     $ffeabd02
FFEABD00? 2E05                 move.l  D5, D7
FFEABD02? 9FAC1950             sub.l   D7, ($1950,A4)
FFEABD06? 2D6C194CFFFC         move.l  ($194c,A4), (-$4,A6)
FFEABD0C? 2C2C193C             move.l  ($193c,A4), D6
FFEABD10? 9CAC194C             sub.l   ($194c,A4), D6
FFEABD14? BC87                 cmp.l   D7, D6
FFEABD16? 6526                 bcs     $ffeabd3e
FFEABD18? 2F07                 move.l  D7, -(A7)
FFEABD1A? 2F0B                 move.l  A3, -(A7)
FFEABD1C? 2F2C194C             move.l  ($194c,A4), -(A7)
FFEABD20? 2F0C                 move.l  A4, -(A7)
FFEABD22? 4EB9000044B6         jsr     $44b6.l                           ; -> outside
FFEABD28? DFAC194C             add.l   D7, ($194c,A4)
FFEABD2C? D7C7                 adda.l  D7, A3
FFEABD2E? BC87                 cmp.l   D7, D6
FFEABD30? 4FEF0010             lea     ($10,A7), A7
FFEABD34? 663C                 bne     $ffeabd72
FFEABD36? 296C1934194C         move.l  ($1934,A4), ($194c,A4)
FFEABD3C? 6034                 bra     $ffeabd72
FFEABD3E? 2F06                 move.l  D6, -(A7)
FFEABD40? 2F0B                 move.l  A3, -(A7)
FFEABD42? 2F2C194C             move.l  ($194c,A4), -(A7)
FFEABD46? 2F0C                 move.l  A4, -(A7)
FFEABD48? 4EB9000044B6         jsr     $44b6.l                           ; -> outside
FFEABD4E? 296C1934194C         move.l  ($1934,A4), ($194c,A4)
FFEABD54? D7C6                 adda.l  D6, A3
FFEABD56? 9E86                 sub.l   D6, D7
FFEABD58? 2F07                 move.l  D7, -(A7)
FFEABD5A? 2F0B                 move.l  A3, -(A7)
FFEABD5C? 2F2C194C             move.l  ($194c,A4), -(A7)
FFEABD60? 2F0C                 move.l  A4, -(A7)
FFEABD62? 4EB9000044B6         jsr     $44b6.l                           ; -> outside
FFEABD68? DFAC194C             add.l   D7, ($194c,A4)
FFEABD6C? D7C7                 adda.l  D7, A3
FFEABD6E? 4FEF0020             lea     ($20,A7), A7
FFEABD72? 197C00011974         move.b  #$1, ($1974,A4)
FFEABD78? 200B                 move.l  A3, D0
FFEABD7A? 5380                 subq.l  #1, D0
FFEABD7C? 29401970             move.l  D0, ($1970,A4)
FFEABD80? 2F05                 move.l  D5, -(A7)
FFEABD82? 2F2EFFFC             move.l  (-$4,A6), -(A7)
FFEABD86? 2F0C                 move.l  A4, -(A7)
FFEABD88? 4EB9000039D6         jsr     $39d6.l                           ; -> outside
FFEABD8E? 4A00                 tst.b   D0
FFEABD90? 4FEF000C             lea     ($c,A7), A7
FFEABD94? 6720                 beq     $ffeabdb6
FFEABD96? 70FF                 moveq   #-$1, D0
FFEABD98? 29401950             move.l  D0, ($1950,A4)
FFEABD9C? 00AC00000001008E     ori.l   #$1, ($8e,A4)
FFEABDA4? 4AAC005E             tst.l   ($5e,A4)
FFEABDA8? 670C                 beq     $ffeabdb6
FFEABDAA? 2F2C0062             move.l  ($62,A4), -(A7)
FFEABDAE? 206C005E             movea.l ($5e,A4), A0
FFEABDB2? 4E90                 jsr     (A0)
FFEABDB4? 584F                 addq.w  #4, A7
FFEABDB6? 4CEE18E0FFE8         movem.l (-$18,A6), D5-D7/A3-A4
FFEABDBC? 4E5E                 unlk    A6
FFEABDBE? 4E75                 rts
FFEABDC0? 4E56FFFC             link    A6, #-$4
FFEABDC4? 48E70F18             movem.l D4-D7/A3-A4, -(A7)
FFEABDC8? 282E000C             move.l  ($c,A6), D4
FFEABDCC? 286E0008             movea.l ($8,A6), A4
FFEABDD0? B8AC1950             cmp.l   ($1950,A4), D4
FFEABDD4? 6404                 bcc     $ffeabdda
FFEABDD6? 2E04                 move.l  D4, D7
FFEABDD8? 6004                 bra     $ffeabdde
FFEABDDA? 2E2C1950             move.l  ($1950,A4), D7
FFEABDDE? 4A87                 tst.l   D7
FFEABDE0? 67000200             beq     $ffeabfe2
FFEABDE4? 9FAC1950             sub.l   D7, ($1950,A4)
FFEABDE8? 2D6C194CFFFC         move.l  ($194c,A4), (-$4,A6)
FFEABDEE? 202C0046             move.l  ($46,A4), D0
FFEABDF2? D087                 add.l   D7, D0
FFEABDF4? B0AC003A             cmp.l   ($3a,A4), D0
FFEABDF8? 6326                 bls     $ffeabe20
FFEABDFA? 70FF                 moveq   #-$1, D0
FFEABDFC? 29401950             move.l  D0, ($1950,A4)
FFEABE00? 00AC00000001008E     ori.l   #$1, ($8e,A4)
FFEABE08? 4AAC005E             tst.l   ($5e,A4)
FFEABE0C? 670001D4             beq     $ffeabfe2
FFEABE10? 2F2C0062             move.l  ($62,A4), -(A7)
FFEABE14? 206C005E             movea.l ($5e,A4), A0
FFEABE18? 4E90                 jsr     (A0)
FFEABE1A? 584F                 addq.w  #4, A7
FFEABE1C? 600001C4             bra     $ffeabfe2
FFEABE20? 266C0046             movea.l ($46,A4), A3
FFEABE24? D7EC0042             adda.l  ($42,A4), A3
FFEABE28? B7EC0032             cmpa.l  ($32,A4), A3
FFEABE2C? 6304                 bls     $ffeabe32
FFEABE2E? 97EC003A             suba.l  ($3a,A4), A3
FFEABE32? DFAC0046             add.l   D7, ($46,A4)
FFEABE36? 2C2C193C             move.l  ($193c,A4), D6
FFEABE3A? 9CAC194C             sub.l   ($194c,A4), D6
FFEABE3E? 2A2C0032             move.l  ($32,A4), D5
FFEABE42? 9A8B                 sub.l   A3, D5
FFEABE44? BC87                 cmp.l   D7, D6
FFEABE46? 6536                 bcs     $ffeabe7e
FFEABE48? BA87                 cmp.l   D7, D5
FFEABE4A? 6532                 bcs     $ffeabe7e
FFEABE4C? 2F07                 move.l  D7, -(A7)
FFEABE4E? 2F0B                 move.l  A3, -(A7)
FFEABE50? 2F2C194C             move.l  ($194c,A4), -(A7)
FFEABE54? 2F0C                 move.l  A4, -(A7)
FFEABE56? 4EB9000044B6         jsr     $44b6.l                           ; -> outside
FFEABE5C? DFAC194C             add.l   D7, ($194c,A4)
FFEABE60? D7C7                 adda.l  D7, A3
FFEABE62? BC87                 cmp.l   D7, D6
FFEABE64? 4FEF0010             lea     ($10,A7), A7
FFEABE68? 6606                 bne     $ffeabe70
FFEABE6A? 296C1934194C         move.l  ($1934,A4), ($194c,A4)
FFEABE70? BA87                 cmp.l   D7, D5
FFEABE72? 66000120             bne     $ffeabf94
FFEABE76? 266C002A             movea.l ($2a,A4), A3
FFEABE7A? 60000118             bra     $ffeabf94
FFEABE7E? BA86                 cmp.l   D6, D5
FFEABE80? 63000086             bls     $ffeabf08
FFEABE84? 2F06                 move.l  D6, -(A7)
FFEABE86? 2F0B                 move.l  A3, -(A7)
FFEABE88? 2F2C194C             move.l  ($194c,A4), -(A7)
FFEABE8C? 2F0C                 move.l  A4, -(A7)
FFEABE8E? 4EB9000044B6         jsr     $44b6.l                           ; -> outside
FFEABE94? 296C1934194C         move.l  ($1934,A4), ($194c,A4)
FFEABE9A? D7C6                 adda.l  D6, A3
FFEABE9C? 9A86                 sub.l   D6, D5
FFEABE9E? 9E86                 sub.l   D6, D7
FFEABEA0? BA87                 cmp.l   D7, D5
FFEABEA2? 4FEF0010             lea     ($10,A7), A7
FFEABEA6? 6528                 bcs     $ffeabed0
FFEABEA8? 2F07                 move.l  D7, -(A7)
FFEABEAA? 2F0B                 move.l  A3, -(A7)
FFEABEAC? 2F2C194C             move.l  ($194c,A4), -(A7)
FFEABEB0? 2F0C                 move.l  A4, -(A7)
FFEABEB2? 4EB9000044B6         jsr     $44b6.l                           ; -> outside
FFEABEB8? DFAC194C             add.l   D7, ($194c,A4)
FFEABEBC? D7C7                 adda.l  D7, A3
FFEABEBE? BA87                 cmp.l   D7, D5
FFEABEC0? 4FEF0010             lea     ($10,A7), A7
FFEABEC4? 660000CE             bne     $ffeabf94
FFEABEC8? 266C002A             movea.l ($2a,A4), A3
FFEABECC? 600000C6             bra     $ffeabf94
FFEABED0? 2F05                 move.l  D5, -(A7)
FFEABED2? 2F0B                 move.l  A3, -(A7)
FFEABED4? 2F2C194C             move.l  ($194c,A4), -(A7)
FFEABED8? 2F0C                 move.l  A4, -(A7)
FFEABEDA? 4EB9000044B6         jsr     $44b6.l                           ; -> outside
FFEABEE0? DBAC194C             add.l   D5, ($194c,A4)
FFEABEE4? 266C002A             movea.l ($2a,A4), A3
FFEABEE8? 9E85                 sub.l   D5, D7
FFEABEEA? 2F07                 move.l  D7, -(A7)
FFEABEEC? 2F0B                 move.l  A3, -(A7)
FFEABEEE? 2F2C194C             move.l  ($194c,A4), -(A7)
FFEABEF2? 2F0C                 move.l  A4, -(A7)
FFEABEF4? 4EB9000044B6         jsr     $44b6.l                           ; -> outside
FFEABEFA? DFAC194C             add.l   D7, ($194c,A4)
FFEABEFE? D7C7                 adda.l  D7, A3
FFEABF00? 4FEF0020             lea     ($20,A7), A7
FFEABF04? 6000008E             bra     $ffeabf94
FFEABF08? 2F05                 move.l  D5, -(A7)
FFEABF0A? 2F0B                 move.l  A3, -(A7)
FFEABF0C? 2F2C194C             move.l  ($194c,A4), -(A7)
FFEABF10? 2F0C                 move.l  A4, -(A7)
FFEABF12? 4EB9000044B6         jsr     $44b6.l                           ; -> outside
FFEABF18? DBAC194C             add.l   D5, ($194c,A4)
FFEABF1C? 266C002A             movea.l ($2a,A4), A3
FFEABF20? 9C85                 sub.l   D5, D6
FFEABF22? 9E85                 sub.l   D5, D7
FFEABF24? 4A86                 tst.l   D6
FFEABF26? 4FEF0010             lea     ($10,A7), A7
FFEABF2A? 660A                 bne     $ffeabf36
FFEABF2C? 2C2C1944             move.l  ($1944,A4), D6
FFEABF30? 296C1934194C         move.l  ($1934,A4), ($194c,A4)
FFEABF36? BC87                 cmp.l   D7, D6
FFEABF38? 6526                 bcs     $ffeabf60
FFEABF3A? 2F07                 move.l  D7, -(A7)
FFEABF3C? 2F0B                 move.l  A3, -(A7)
FFEABF3E? 2F2C194C             move.l  ($194c,A4), -(A7)
FFEABF42? 2F0C                 move.l  A4, -(A7)
FFEABF44? 4EB9000044B6         jsr     $44b6.l                           ; -> outside
FFEABF4A? DFAC194C             add.l   D7, ($194c,A4)
FFEABF4E? D7C7                 adda.l  D7, A3
FFEABF50? BC87                 cmp.l   D7, D6
FFEABF52? 4FEF0010             lea     ($10,A7), A7
FFEABF56? 663C                 bne     $ffeabf94
FFEABF58? 296C1934194C         move.l  ($1934,A4), ($194c,A4)
FFEABF5E? 6034                 bra     $ffeabf94
FFEABF60? 2F06                 move.l  D6, -(A7)
FFEABF62? 2F0B                 move.l  A3, -(A7)
FFEABF64? 2F2C194C             move.l  ($194c,A4), -(A7)
FFEABF68? 2F0C                 move.l  A4, -(A7)
FFEABF6A? 4EB9000044B6         jsr     $44b6.l                           ; -> outside
FFEABF70? 296C1934194C         move.l  ($1934,A4), ($194c,A4)
FFEABF76? D7C6                 adda.l  D6, A3
FFEABF78? 9E86                 sub.l   D6, D7
FFEABF7A? 2F07                 move.l  D7, -(A7)
FFEABF7C? 2F0B                 move.l  A3, -(A7)
FFEABF7E? 2F2C194C             move.l  ($194c,A4), -(A7)
FFEABF82? 2F0C                 move.l  A4, -(A7)
FFEABF84? 4EB9000044B6         jsr     $44b6.l                           ; -> outside
FFEABF8A? DFAC194C             add.l   D7, ($194c,A4)
FFEABF8E? D7C7                 adda.l  D7, A3
FFEABF90? 4FEF0020             lea     ($20,A7), A7
FFEABF94? 200B                 move.l  A3, D0
FFEABF96? 5380                 subq.l  #1, D0
FFEABF98? 2940196C             move.l  D0, ($196c,A4)
FFEABF9C? B0AC002A             cmp.l   ($2a,A4), D0
FFEABFA0? 6408                 bcc     $ffeabfaa
FFEABFA2? 202C003A             move.l  ($3a,A4), D0
FFEABFA6? D1AC196C             add.l   D0, ($196c,A4)
FFEABFAA? 2F2C1950             move.l  ($1950,A4), -(A7)
FFEABFAE? 2F2EFFFC             move.l  (-$4,A6), -(A7)
FFEABFB2? 2F0C                 move.l  A4, -(A7)
FFEABFB4? 4EB9000039D6         jsr     $39d6.l                           ; -> outside
FFEABFBA? 4A00                 tst.b   D0
FFEABFBC? 4FEF000C             lea     ($c,A7), A7
FFEABFC0? 6720                 beq     $ffeabfe2
FFEABFC2? 70FF                 moveq   #-$1, D0
FFEABFC4? 29401950             move.l  D0, ($1950,A4)
FFEABFC8? 00AC00000001008E     ori.l   #$1, ($8e,A4)
FFEABFD0? 4AAC005E             tst.l   ($5e,A4)
FFEABFD4? 670C                 beq     $ffeabfe2
FFEABFD6? 2F2C0062             move.l  ($62,A4), -(A7)
FFEABFDA? 206C005E             movea.l ($5e,A4), A0
FFEABFDE? 4E90                 jsr     (A0)
FFEABFE0? 584F                 addq.w  #4, A7
FFEABFE2? 4CEE18F0FFE4         movem.l (-$1c,A6), D4-D7/A3-A4
FFEABFE8? 4E5E                 unlk    A6
FFEABFEA? 4E75                 rts
FFEABFEC? 2F3802D0             move.l  $2d0.w, -(A7)                     ; SerialVars
FFEABFF0? 4EBAED34             jsr     ($ffeaad26,PC)
FFEABFF4? 584F                 addq.w  #4, A7
FFEABFF6? 4E75                 rts
FFEABFF8? 2F3802D0             move.l  $2d0.w, -(A7)                     ; SerialVars
FFEABFFC? 4EBAED30             jsr     ($ffeaad2e,PC)
FFEAC000? 584F                 addq.w  #4, A7
FFEAC002? 4E75                 rts
FFEAC004? 2F3802D0             move.l  $2d0.w, -(A7)                     ; SerialVars
FFEAC008? 4EBAEBA8             jsr     ($ffeaabb2,PC)
FFEAC00C? 584F                 addq.w  #4, A7
FFEAC00E? 4E75                 rts
FFEAC010? 2F3802D0             move.l  $2d0.w, -(A7)                     ; SerialVars
FFEAC014? 4EBAE9C4             jsr     ($ffeaa9da,PC)
FFEAC018? 584F                 addq.w  #4, A7
FFEAC01A? 4E75                 rts
FFEAC01C? 48E71F3E             movem.l D3-D7/A2-A6, -(A7)
FFEAC020? 701D                 moveq   #$1d, D0
FFEAC022? 48E74080             movem.l D1/A0, -(A7)
FFEAC026? 207081E202B60210     movea.l ([$2b6],$210), A0
FFEAC02E? 2050                 movea.l (A0), A0
FFEAC030? 7200                 moveq   #$0, D1
FFEAC032? 01C1                 bset    D0, D1
FFEAC034? 83A80028             or.l    D1, ($28,A0)
FFEAC038? 4E71                 nop
FFEAC03A? 4CDF0102             movem.l (A7)+, D1/A0
FFEAC03E? 2F3802D0             move.l  $2d0.w, -(A7)                     ; SerialVars
FFEAC042? 4EBAE62C             jsr     ($ffeaa670,PC)
FFEAC046? 584F                 addq.w  #4, A7
FFEAC048? 4CDF7CF8             movem.l (A7)+, D3-D7/A2-A6
FFEAC04C? 4E75                 rts
FFEAC04E? 48E71F3E             movem.l D3-D7/A2-A6, -(A7)
FFEAC052? 701C                 moveq   #$1c, D0
FFEAC054? 48E74080             movem.l D1/A0, -(A7)
FFEAC058? 207081E202B60210     movea.l ([$2b6],$210), A0
FFEAC060? 2050                 movea.l (A0), A0
FFEAC062? 7200                 moveq   #$0, D1
FFEAC064? 01C1                 bset    D0, D1
FFEAC066? 83A80028             or.l    D1, ($28,A0)
FFEAC06A? 4E71                 nop
FFEAC06C? 4CDF0102             movem.l (A7)+, D1/A0
FFEAC070? 2F3802D0             move.l  $2d0.w, -(A7)                     ; SerialVars
FFEAC074? 4EBAE8D2             jsr     ($ffeaa948,PC)
FFEAC078? 584F                 addq.w  #4, A7
FFEAC07A? 4CDF7CF8             movem.l (A7)+, D3-D7/A2-A6
FFEAC07E? 4E75                 rts
FFEAC080? 48E71F3E             movem.l D3-D7/A2-A6, -(A7)
FFEAC084? 701D                 moveq   #$1d, D0
FFEAC086? 48E74080             movem.l D1/A0, -(A7)
FFEAC08A? 207081E202B60210     movea.l ([$2b6],$210), A0
FFEAC092? 2050                 movea.l (A0), A0
FFEAC094? 7200                 moveq   #$0, D1
FFEAC096? 01C1                 bset    D0, D1
FFEAC098? 83A80028             or.l    D1, ($28,A0)
FFEAC09C? 4E71                 nop
FFEAC09E? 4CDF0102             movem.l (A7)+, D1/A0
FFEAC0A2? 2F3802D0             move.l  $2d0.w, -(A7)                     ; SerialVars
FFEAC0A6? 4EBAE3F2             jsr     ($ffeaa49a,PC)
FFEAC0AA? 584F                 addq.w  #4, A7
FFEAC0AC? 4CDF7CF8             movem.l (A7)+, D3-D7/A2-A6
FFEAC0B0? 4E75                 rts
FFEAC0B2? 48E71F3E             movem.l D3-D7/A2-A6, -(A7)
FFEAC0B6? 701C                 moveq   #$1c, D0
FFEAC0B8? 48E74080             movem.l D1/A0, -(A7)
FFEAC0BC? 207081E202B60210     movea.l ([$2b6],$210), A0
FFEAC0C4? 2050                 movea.l (A0), A0
FFEAC0C6? 7200                 moveq   #$0, D1
FFEAC0C8? 01C1                 bset    D0, D1
FFEAC0CA? 83A80028             or.l    D1, ($28,A0)
FFEAC0CE? 4E71                 nop
FFEAC0D0? 4CDF0102             movem.l (A7)+, D1/A0
FFEAC0D4? 2F3802D0             move.l  $2d0.w, -(A7)                     ; SerialVars
FFEAC0D8? 4EBAE6A0             jsr     ($ffeaa77a,PC)
FFEAC0DC? 584F                 addq.w  #4, A7
FFEAC0DE? 4CDF7CF8             movem.l (A7)+, D3-D7/A2-A6
FFEAC0E2? 4E75                 rts
FFEAC0E4? 207802B6             movea.l $2b6.w, A0                        ; BasicGlob
FFEAC0E8? 2F280058             move.l  ($58,A0), -(A7)
FFEAC0EC? 4EBAEC38             jsr     ($ffeaad26,PC)
FFEAC0F0? 584F                 addq.w  #4, A7
FFEAC0F2? 4E75                 rts
FFEAC0F4? 207802B6             movea.l $2b6.w, A0                        ; BasicGlob
FFEAC0F8? 2F280058             move.l  ($58,A0), -(A7)
FFEAC0FC? 4EBAEC30             jsr     ($ffeaad2e,PC)
FFEAC100? 584F                 addq.w  #4, A7
FFEAC102? 4E75                 rts
FFEAC104? 207802B6             movea.l $2b6.w, A0                        ; BasicGlob
FFEAC108? 2F280058             move.l  ($58,A0), -(A7)
FFEAC10C? 4EBAEAA4             jsr     ($ffeaabb2,PC)
FFEAC110? 584F                 addq.w  #4, A7
FFEAC112? 4E75                 rts
FFEAC114? 207802B6             movea.l $2b6.w, A0                        ; BasicGlob
FFEAC118? 2F280058             move.l  ($58,A0), -(A7)
FFEAC11C? 4EBAE8BC             jsr     ($ffeaa9da,PC)
FFEAC120? 584F                 addq.w  #4, A7
FFEAC122? 4E75                 rts
FFEAC124? 48E71F3E             movem.l D3-D7/A2-A6, -(A7)
FFEAC128? 701F                 moveq   #$1f, D0
FFEAC12A? 48E74080             movem.l D1/A0, -(A7)
FFEAC12E? 207081E202B60210     movea.l ([$2b6],$210), A0
FFEAC136? 2050                 movea.l (A0), A0
FFEAC138? 7200                 moveq   #$0, D1
FFEAC13A? 01C1                 bset    D0, D1
FFEAC13C? 83A80028             or.l    D1, ($28,A0)
FFEAC140? 4E71                 nop
FFEAC142? 4CDF0102             movem.l (A7)+, D1/A0
FFEAC146? 207802B6             movea.l $2b6.w, A0                        ; BasicGlob
FFEAC14A? 2F280058             move.l  ($58,A0), -(A7)
FFEAC14E? 4EBAE520             jsr     ($ffeaa670,PC)
FFEAC152? 584F                 addq.w  #4, A7
FFEAC154? 4CDF7CF8             movem.l (A7)+, D3-D7/A2-A6
FFEAC158? 4E75                 rts
FFEAC15A? 48E71F3E             movem.l D3-D7/A2-A6, -(A7)
FFEAC15E? 701E                 moveq   #$1e, D0
FFEAC160? 48E74080             movem.l D1/A0, -(A7)
FFEAC164? 207081E202B60210     movea.l ([$2b6],$210), A0
FFEAC16C? 2050                 movea.l (A0), A0
FFEAC16E? 7200                 moveq   #$0, D1
FFEAC170? 01C1                 bset    D0, D1
FFEAC172? 83A80028             or.l    D1, ($28,A0)
FFEAC176? 4E71                 nop
FFEAC178? 4CDF0102             movem.l (A7)+, D1/A0
FFEAC17C? 207802B6             movea.l $2b6.w, A0                        ; BasicGlob
FFEAC180? 2F280058             move.l  ($58,A0), -(A7)
FFEAC184? 4EBAE7C2             jsr     ($ffeaa948,PC)
FFEAC188? 584F                 addq.w  #4, A7
FFEAC18A? 4CDF7CF8             movem.l (A7)+, D3-D7/A2-A6
FFEAC18E? 4E75                 rts
FFEAC190? 48E71F3E             movem.l D3-D7/A2-A6, -(A7)
FFEAC194? 701F                 moveq   #$1f, D0
FFEAC196? 48E74080             movem.l D1/A0, -(A7)
FFEAC19A? 207081E202B60210     movea.l ([$2b6],$210), A0
FFEAC1A2? 2050                 movea.l (A0), A0
FFEAC1A4? 7200                 moveq   #$0, D1
FFEAC1A6? 01C1                 bset    D0, D1
FFEAC1A8? 83A80028             or.l    D1, ($28,A0)
FFEAC1AC? 4E71                 nop
FFEAC1AE? 4CDF0102             movem.l (A7)+, D1/A0
FFEAC1B2? 207802B6             movea.l $2b6.w, A0                        ; BasicGlob
FFEAC1B6? 2F280058             move.l  ($58,A0), -(A7)
FFEAC1BA? 4EBAE2DE             jsr     ($ffeaa49a,PC)
FFEAC1BE? 584F                 addq.w  #4, A7
FFEAC1C0? 4CDF7CF8             movem.l (A7)+, D3-D7/A2-A6
FFEAC1C4? 4E75                 rts
FFEAC1C6? 48E71F3E             movem.l D3-D7/A2-A6, -(A7)
FFEAC1CA? 701E                 moveq   #$1e, D0
FFEAC1CC? 48E74080             movem.l D1/A0, -(A7)
FFEAC1D0? 207081E202B60210     movea.l ([$2b6],$210), A0
FFEAC1D8? 2050                 movea.l (A0), A0
FFEAC1DA? 7200                 moveq   #$0, D1
FFEAC1DC? 01C1                 bset    D0, D1
FFEAC1DE? 83A80028             or.l    D1, ($28,A0)
FFEAC1E2? 4E71                 nop
FFEAC1E4? 4CDF0102             movem.l (A7)+, D1/A0
FFEAC1E8? 207802B6             movea.l $2b6.w, A0                        ; BasicGlob
FFEAC1EC? 2F280058             move.l  ($58,A0), -(A7)
FFEAC1F0? 4EBAE588             jsr     ($ffeaa77a,PC)
FFEAC1F4? 584F                 addq.w  #4, A7
FFEAC1F6? 4CDF7CF8             movem.l (A7)+, D3-D7/A2-A6
FFEAC1FA? 4E75                 rts
FFEAC1FC? 4E560000             link    A6, #$0
FFEAC200? 48E71F3C             movem.l D3-D7/A2-A5, -(A7)
FFEAC204? 226E0008             movea.l ($8,A6), A1
FFEAC208? 41E90004             lea     ($4,A1), A0
FFEAC20C? 246E000C             movea.l ($c,A6), A2
FFEAC210? 266E0010             movea.l ($10,A6), A3
FFEAC214? 49EB0010             lea     ($10,A3), A4
FFEAC218? 4BEC0010             lea     ($10,A4), A5
FFEAC21C? 7000                 moveq   #$0, D0
FFEAC21E? 7200                 moveq   #$0, D1
FFEAC220? 242E0024             move.l  ($24,A6), D2
FFEAC224? 262E0018             move.l  ($18,A6), D3
FFEAC228? 282E001C             move.l  ($1c,A6), D4
FFEAC22C? 2A2E0028             move.l  ($28,A6), D5
FFEAC230? 2C2E002C             move.l  ($2c,A6), D6
FFEAC234? 40E7                 move    SR, -(A7)
FFEAC236? 007C0700             ori     #$700, SR
FFEAC23A? 22BC002000A0         move.l  #$2000a0, (A1)
FFEAC240? 2E10                 move.l  (A0), D7
FFEAC242? 028700040000         andi.l  #$40000, D7
FFEAC248? 66F6                 bne     $ffeac240
FFEAC24A? 2E29000C             move.l  ($c,A1), D7
FFEAC24E? E15F                 rol.w   #8, D7
FFEAC250? 4847                 swap    D7
FFEAC252? E15F                 rol.w   #8, D7
FFEAC254? 9E85                 sub.l   D5, D7
FFEAC256? 2047                 movea.l D7, A0
FFEAC258? 2E10                 move.l  (A0), D7
FFEAC25A? 0287000000F0         andi.l  #$f0, D7
FFEAC260? 0C8700000060         cmpi.l  #$60, D7
FFEAC266? 6604                 bne     $ffeac26c
FFEAC268? 41E8FFF0             lea     (-$10,A0), A0
FFEAC26C? 2E280004             move.l  ($4,A0), D7
FFEAC270? E15F                 rol.w   #8, D7
FFEAC272? 4847                 swap    D7
FFEAC274? E15F                 rol.w   #8, D7
FFEAC276? 3210                 move.w  (A0), D1
FFEAC278? E159                 rol.w   #8, D1
FFEAC27A? DE81                 add.l   D1, D7
FFEAC27C? 3228000C             move.w  ($c,A0), D1
FFEAC280? E159                 rol.w   #8, D1
FFEAC282? 9E81                 sub.l   D1, D7
FFEAC284? 2207                 move.l  D7, D1
FFEAC286? 92AE0020             sub.l   ($20,A6), D1
FFEAC28A? 6A04                 bpl     $ffeac290
FFEAC28C? D2AE0030             add.l   ($30,A6), D1
FFEAC290? 9481                 sub.l   D1, D2
FFEAC292? 6F1A                 ble     $ffeac2ae
FFEAC294? 236E0014000C         move.l  ($14,A6), ($c,A1)
FFEAC29A? 2207                 move.l  D7, D1
FFEAC29C? E159                 rol.w   #8, D1
FFEAC29E? 4841                 swap    D1
FFEAC2A0? E159                 rol.w   #8, D1
FFEAC2A2? 27410004             move.l  D1, ($4,A3)
FFEAC2A6? E15A                 rol.w   #8, D2
FFEAC2A8? 3682                 move.w  D2, (A3)
FFEAC2AA? 70FF                 moveq   #-$1, D0
FFEAC2AC? 602A                 bra     $ffeac2d8
FFEAC2AE? 2343000C             move.l  D3, ($c,A1)
FFEAC2B2? 2207                 move.l  D7, D1
FFEAC2B4? E159                 rol.w   #8, D1
FFEAC2B6? 4841                 swap    D1
FFEAC2B8? E159                 rol.w   #8, D1
FFEAC2BA? 29410004             move.l  D1, ($4,A4)
FFEAC2BE? 2207                 move.l  D7, D1
FFEAC2C0? 92AE0034             sub.l   ($34,A6), D1
FFEAC2C4? 82C4                 divu.w  D4, D1
FFEAC2C6? E749                 lsl.w   #3, D1
FFEAC2C8? 24321000             move.l  (A2,D1.w), D2
FFEAC2CC? 9487                 sub.l   D7, D2
FFEAC2CE? E15A                 rol.w   #8, D2
FFEAC2D0? 3882                 move.w  D2, (A4)
FFEAC2D2? 2B7270040008         move.l  ($4,A2,D7.w), ($8,A5)
FFEAC2D8? 207081E202B60210     movea.l ([$2b6],$210), A0
FFEAC2E0? 2050                 movea.l (A0), A0
FFEAC2E2? 8DA80028             or.l    D6, ($28,A0)
FFEAC2E6? 22BC00800080         move.l  #$800080, (A1)
FFEAC2EC? 46DF                 move    (A7)+, SR
FFEAC2EE? 4CDF3CF8             movem.l (A7)+, D3-D7/A2-A5
FFEAC2F2? 4E5E                 unlk    A6
FFEAC2F4? 4E75                 rts
FFEAC2F6d 41F9FFFFFE864EF9     dc.b    $41,$F9,$FF,$FF,$FE,$86,$4E,$F9,$00,$00,$45,$74,$41,$F9,$FF,$FF ; |A.....N...EtA...|
FFEAC306d FE944EF900004542     dc.b    $FE,$94,$4E,$F9,$00,$00,$45,$42   ; |..N...EB|
FFEAC30E? 41F9FFFFFEA0         lea     $fffffea0.l, A0
FFEAC314? 2010                 move.l  (A0), D0
FFEAC316? 6704                 beq     $ffeac31c
FFEAC318? 2040                 movea.l D0, A0
FFEAC31A? 4ED0                 jmp     (A0)
FFEAC31Cd 4EF9000045A6         dc.b    $4E,$F9,$00,$00,$45,$A6           ; |N...E.|
FFEAC322? 41F9FFFFFEAE         lea     $fffffeae.l, A0
FFEAC328? 2010                 move.l  (A0), D0
FFEAC32A? 6704                 beq     $ffeac330
FFEAC32C? 2040                 movea.l D0, A0
FFEAC32E? 4ED0                 jmp     (A0)
FFEAC330d 4EF9000045A6         dc.b    $4E,$F9,$00,$00,$45,$A6           ; |N...E.|
FFEAC336? 41F9FFFFFEBC         lea     $fffffebc.l, A0
FFEAC33C? 2010                 move.l  (A0), D0
FFEAC33E? 6704                 beq     $ffeac344
FFEAC340? 2040                 movea.l D0, A0
FFEAC342? 4ED0                 jmp     (A0)
FFEAC344d 4EF9000045A6         dc.b    $4E,$F9,$00,$00,$45,$A6           ; |N...E.|
FFEAC34A? 41F9FFFFFECA         lea     $fffffeca.l, A0
FFEAC350? 2010                 move.l  (A0), D0
FFEAC352? 6704                 beq     $ffeac358
FFEAC354? 2040                 movea.l D0, A0
FFEAC356? 4ED0                 jmp     (A0)
FFEAC358d 4EF9000045A6         dc.b    $4E,$F9,$00,$00,$45,$A6           ; |N...E.|
FFEAC35E? 41F9FFFFFED8         lea     $fffffed8.l, A0
FFEAC364? 2010                 move.l  (A0), D0
FFEAC366? 6704                 beq     $ffeac36c
FFEAC368? 2040                 movea.l D0, A0
FFEAC36A? 4ED0                 jmp     (A0)
FFEAC36Cd 4EF9000045A6         dc.b    $4E,$F9,$00,$00,$45,$A6           ; |N...E.|
FFEAC372? 41F9FFFFFEE6         lea     $fffffee6.l, A0
FFEAC378? 2010                 move.l  (A0), D0
FFEAC37A? 6704                 beq     $ffeac380
FFEAC37C? 2040                 movea.l D0, A0
FFEAC37E? 4ED0                 jmp     (A0)
FFEAC380d 4EF9000045A6         dc.b    $4E,$F9,$00,$00,$45,$A6           ; |N...E.|
FFEAC386? 41F9FFFFFEF4         lea     $fffffef4.l, A0
FFEAC38C? 2010                 move.l  (A0), D0
FFEAC38E? 6704                 beq     $ffeac394
FFEAC390? 2040                 movea.l D0, A0
FFEAC392? 4ED0                 jmp     (A0)
FFEAC394d 4EF9000045A6         dc.b    $4E,$F9,$00,$00,$45,$A6           ; |N...E.|
FFEAC39A? 41F9FFFFFF02         lea     $ffffff02.l, A0
FFEAC3A0? 2010                 move.l  (A0), D0
FFEAC3A2? 6704                 beq     $ffeac3a8
FFEAC3A4? 2040                 movea.l D0, A0
FFEAC3A6? 4ED0                 jmp     (A0)
FFEAC3A8d 4EF9000045A6         dc.b    $4E,$F9,$00,$00,$45,$A6           ; |N...E.|
FFEAC3AE? 41F9FFFFFF10         lea     $ffffff10.l, A0
FFEAC3B4? 2010                 move.l  (A0), D0
FFEAC3B6? 6704                 beq     $ffeac3bc
FFEAC3B8? 2040                 movea.l D0, A0
FFEAC3BA? 4ED0                 jmp     (A0)
FFEAC3BCd 4EF9000045A6         dc.b    $4E,$F9,$00,$00,$45,$A6           ; |N...E.|
FFEAC3C2? 41F9FFFFFF1E         lea     $ffffff1e.l, A0
FFEAC3C8? 2010                 move.l  (A0), D0
FFEAC3CA? 6704                 beq     $ffeac3d0
FFEAC3CC? 2040                 movea.l D0, A0
FFEAC3CE? 4ED0                 jmp     (A0)
FFEAC3D0d 4EF9000045A6         dc.b    $4E,$F9,$00,$00,$45,$A6           ; |N...E.|
FFEAC3D6? 41F9FFFFFF52         lea     $ffffff52.l, A0
FFEAC3DC? 2010                 move.l  (A0), D0
FFEAC3DE? 6704                 beq     $ffeac3e4
FFEAC3E0? 2040                 movea.l D0, A0
FFEAC3E2? 4ED0                 jmp     (A0)
FFEAC3E4d 4EF9000045A6         dc.b    $4E,$F9,$00,$00,$45,$A6           ; |N...E.|
FFEAC3EA? 41F9FFFFFF60         lea     $ffffff60.l, A0
FFEAC3F0? 2010                 move.l  (A0), D0
FFEAC3F2? 6704                 beq     $ffeac3f8
FFEAC3F4? 2040                 movea.l D0, A0
FFEAC3F6? 4ED0                 jmp     (A0)
FFEAC3F8d 4EF9000045A6         dc.b    $4E,$F9,$00,$00,$45,$A6           ; |N...E.|
FFEAC3FE? 41F9FFFFFF6E         lea     $ffffff6e.l, A0
FFEAC404? 2010                 move.l  (A0), D0
FFEAC406? 6704                 beq     $ffeac40c
FFEAC408? 2040                 movea.l D0, A0
FFEAC40A? 4ED0                 jmp     (A0)
FFEAC40Cd 4EF9000045A6         dc.b    $4E,$F9,$00,$00,$45,$A6           ; |N...E.|
FFEAC412? 41F9FFFFFF7C         lea     $ffffff7c.l, A0
FFEAC418? 2010                 move.l  (A0), D0
FFEAC41A? 6704                 beq     $ffeac420
FFEAC41C? 2040                 movea.l D0, A0
FFEAC41E? 4ED0                 jmp     (A0)
FFEAC420d 4EF9000045A6         dc.b    $4E,$F9,$00,$00,$45,$A6           ; |N...E.|
FFEAC426? 41F9FFFFFF8A         lea     $ffffff8a.l, A0
FFEAC42C? 2010                 move.l  (A0), D0
FFEAC42E? 6704                 beq     $ffeac434
FFEAC430? 2040                 movea.l D0, A0
FFEAC432? 4ED0                 jmp     (A0)
FFEAC434d 4EF9000045A6         dc.b    $4E,$F9,$00,$00,$45,$A6           ; |N...E.|
FFEAC43A? 41F9FFFFFF98         lea     $ffffff98.l, A0
FFEAC440? 2010                 move.l  (A0), D0
FFEAC442? 6704                 beq     $ffeac448
FFEAC444? 2040                 movea.l D0, A0
FFEAC446? 4ED0                 jmp     (A0)
FFEAC448d 4EF9000045A6         dc.b    $4E,$F9,$00,$00,$45,$A6           ; |N...E.|
FFEAC44E? 41F9FFFFFFA6         lea     $ffffffa6.l, A0
FFEAC454? 2010                 move.l  (A0), D0
FFEAC456? 6704                 beq     $ffeac45c
FFEAC458? 2040                 movea.l D0, A0
FFEAC45A? 4ED0                 jmp     (A0)
FFEAC45Cd 4EF9000045A6         dc.b    $4E,$F9,$00,$00,$45,$A6           ; |N...E.|
FFEAC462? 41F9FFFFFFB4         lea     $ffffffb4.l, A0
FFEAC468? 2010                 move.l  (A0), D0
FFEAC46A? 6704                 beq     $ffeac470
FFEAC46C? 2040                 movea.l D0, A0
FFEAC46E? 4ED0                 jmp     (A0)
FFEAC470d 4EF9000045A6         dc.b    $4E,$F9,$00,$00,$45,$A6           ; |N...E.|
FFEAC476? 303CA89F             move.w  #$a89f, D0
FFEAC47A? A146                 _GetTrapAddress                           ; A-line trap A146
FFEAC47C? 203806F4             move.l  $6f4.w, D0
FFEAC480? B1C0                 cmpa.l  D0, A0
FFEAC482? 6704                 beq     $ffeac488
FFEAC484? 2F3806F4             move.l  $6f4.w, -(A7)
FFEAC488? 4E75                 rts
FFEAC48A? 4A90                 tst.l   (A0)
FFEAC48C? 671C                 beq     $ffeac4aa
FFEAC48E? 22680004             movea.l ($4,A0), A1
FFEAC492? 2251                 movea.l (A1), A1
FFEAC494? 22690004             movea.l ($4,A1), A1
FFEAC498? 2269000C             movea.l ($c,A1), A1
FFEAC49C? 53A90008             subq.l  #1, ($8,A1)
FFEAC4A0? 6B04                 bmi     $ffeac4a6
FFEAC4A2? 2050                 movea.l (A0), A0
FFEAC4A4? 4ED0                 jmp     (A0)
FFEAC4A6? 52A90008             addq.l  #1, ($8,A1)
FFEAC4AA? 2279FFFFFFC2         movea.l $ffffffc2.l, A1
FFEAC4B0? 22690078             movea.l ($78,A1), A1
FFEAC4B4? 2039FFFFFFC6         move.l  $ffffffc6.l, D0
FFEAC4BA? 4ED1                 jmp     (A1)
FFEAC4BC? 4A90                 tst.l   (A0)
FFEAC4BE? 671C                 beq     $ffeac4dc
FFEAC4C0? 22680004             movea.l ($4,A0), A1
FFEAC4C4? 2251                 movea.l (A1), A1
FFEAC4C6? 22690004             movea.l ($4,A1), A1
FFEAC4CA? 2269000C             movea.l ($c,A1), A1
FFEAC4CE? 52A90008             addq.l  #1, ($8,A1)
FFEAC4D2? 6704                 beq     $ffeac4d8
FFEAC4D4? 2050                 movea.l (A0), A0
FFEAC4D6? 4ED0                 jmp     (A0)
FFEAC4D8? 53A90008             subq.l  #1, ($8,A1)
FFEAC4DC? 2279FFFFFFC2         movea.l $ffffffc2.l, A1
FFEAC4E2? 2269007C             movea.l ($7c,A1), A1
FFEAC4E6? 2039FFFFFFC6         move.l  $ffffffc6.l, D0
FFEAC4EC? 4ED1                 jmp     (A1)
FFEAC4EE? 2279FFFFFFC2         movea.l $ffffffc2.l, A1
FFEAC4F4? 22690084             movea.l ($84,A1), A1
FFEAC4F8? 2039FFFFFFC6         move.l  $ffffffc6.l, D0
FFEAC4FE? 4ED1                 jmp     (A1)
FFEAC500? 2279FFFFFFC2         movea.l $ffffffc2.l, A1
FFEAC506? 22690088             movea.l ($88,A1), A1
FFEAC50A? 2039FFFFFFC6         move.l  $ffffffc6.l, D0
FFEAC510? 4ED1                 jmp     (A1)
FFEAC512? 202F0004             move.l  ($4,A7), D0
FFEAC516? 671E                 beq     $ffeac536
FFEAC518? 2040                 movea.l D0, A0
FFEAC51A? 2228FFFC             move.l  (-$4,A0), D1
FFEAC51E? 70F0                 moveq   #-$10, D0
FFEAC520? C280                 and.l   D0, D1
FFEAC522? 2F08                 move.l  A0, -(A7)
FFEAC524? 2041                 movea.l D1, A0
FFEAC526? 2F08                 move.l  A0, -(A7)
FFEAC528? 2050                 movea.l (A0), A0
FFEAC52A? 2010                 move.l  (A0), D0
FFEAC52C? 6706                 beq     $ffeac534
FFEAC52E? 2068002C             movea.l ($2c,A0), A0
FFEAC532? 4E90                 jsr     (A0)
FFEAC534? 508F                 addq.l  #8, A7
FFEAC536? 4E75                 rts
FFEAC538? 4E560000             link    A6, #$0
FFEAC53C? 487A0012             pea     ($ffeac550,PC)
FFEAC540? 2F3CFFFFF3A1         move.l  #$fffff3a1, -(A7)
FFEAC546? 4EB9000046CA         jsr     $46ca.l                           ; -> outside
FFEAC54C? 4E5E                 unlk    A6
FFEAC54E? 4E75                 rts
FFEAC550d 556E6578706F7274     dc.b    $55,$6E,$65,$78,$70,$6F,$72,$74,$65,$64,$20,$66,$75,$6E,$63,$74 ; |Unexported funct|
FFEAC560d 696F6E2063616C6C     dc.b    $69,$6F,$6E,$20,$63,$61,$6C,$6C,$65,$64,$00,$00,$4E,$56,$00,$00 ; |ion called..NV..|
FFEAC570d 48E70018286E000C     dc.b    $48,$E7,$00,$18,$28,$6E,$00,$0C   ; |H...(n..|
FFEAC578? 200C                 move.l  A4, D0
FFEAC57A? 663C                 bne     $ffeac5b8
FFEAC57C? 2679FFFFFFC6         movea.l $ffffffc6.l, A3
FFEAC582? 286B000C             movea.l ($c,A3), A4
FFEAC586? 200C                 move.l  A4, D0
FFEAC588? 662E                 bne     $ffeac5b8
FFEAC58A? 4EB9000046DE         jsr     $46de.l                           ; -> outside
FFEAC590? 2640                 movea.l D0, A3
FFEAC592? 286B0004             movea.l ($4,A3), A4
FFEAC596? 200C                 move.l  A4, D0
FFEAC598? 661E                 bne     $ffeac5b8
FFEAC59A? 4A39FFFFFFCA         tst.b   $ffffffca.l
FFEAC5A0? 6712                 beq     $ffeac5b4
FFEAC5A2? 7000                 moveq   #$0, D0
FFEAC5A4? 2F00                 move.l  D0, -(A7)
FFEAC5A6? 2F3CFFFFF3CA         move.l  #$fffff3ca, -(A7)
FFEAC5AC? 4EB9000046CA         jsr     $46ca.l                           ; -> outside
FFEAC5B2? 504F                 addq.w  #8, A7
FFEAC5B4? 7000                 moveq   #$0, D0
FFEAC5B6? 6032                 bra     $ffeac5ea
FFEAC5B8? 2F2E0008             move.l  ($8,A6), -(A7)
FFEAC5BC? 2F0C                 move.l  A4, -(A7)
FFEAC5BE? 2054                 movea.l (A4), A0
FFEAC5C0? 22680024             movea.l ($24,A0), A1
FFEAC5C4? 4E91                 jsr     (A1)
FFEAC5C6? 2640                 movea.l D0, A3
FFEAC5C8? 200B                 move.l  A3, D0
FFEAC5CA? 504F                 addq.w  #8, A7
FFEAC5CC? 661A                 bne     $ffeac5e8
FFEAC5CE? 4A39FFFFFFCA         tst.b   $ffffffca.l
FFEAC5D4? 6712                 beq     $ffeac5e8
FFEAC5D6? 7000                 moveq   #$0, D0
FFEAC5D8? 2F00                 move.l  D0, -(A7)
FFEAC5DA? 2F3CFFFFF3CA         move.l  #$fffff3ca, -(A7)
FFEAC5E0? 4EB9000046CA         jsr     $46ca.l                           ; -> outside
FFEAC5E6? 504F                 addq.w  #8, A7
FFEAC5E8? 200B                 move.l  A3, D0
FFEAC5EA? 4CEE1800FFF8         movem.l (-$8,A6), A3-A4
FFEAC5F0? 4E5E                 unlk    A6
FFEAC5F2? 4E75                 rts
FFEAC5F4? 4E560000             link    A6, #$0
FFEAC5F8? 4AB9FFFFFFC2         tst.l   $ffffffc2.l
FFEAC5FE? 660E                 bne     $ffeac60e
FFEAC600? 207802B6             movea.l $2b6.w, A0                        ; BasicGlob
FFEAC604? 2068010C             movea.l ($10c,A0), A0
FFEAC608? 23C8FFFFFFC2         move.l  A0, $ffffffc2.l
FFEAC60E? 4E5E                 unlk    A6
FFEAC610? 4E75                 rts
FFEAC612? 41F9FFFFFFE4         lea     $ffffffe4.l, A0
FFEAC618? 2010                 move.l  (A0), D0
FFEAC61A? 6704                 beq     $ffeac620
FFEAC61C? 2040                 movea.l D0, A0
FFEAC61E? 4ED0                 jmp     (A0)
FFEAC620d 4EF9000045B8         dc.b    $4E,$F9,$00,$00,$45,$B8           ; |N...E.|
FFEAC626? 41F9FFFFFFF2         lea     $fffffff2.l, A0
FFEAC62C? 2010                 move.l  (A0), D0
FFEAC62E? 6704                 beq     $ffeac634
FFEAC630? 2040                 movea.l D0, A0
FFEAC632? 4ED0                 jmp     (A0)
FFEAC634d 4EF9000045B8         dc.b    $4E,$F9,$00,$00,$45,$B8           ; |N...E.|
FFEAC63A? 221F                 move.l  (A7)+, D1
FFEAC63C? 241F                 move.l  (A7)+, D2
FFEAC63E? 2242                 movea.l D2, A1
FFEAC640? 2251                 movea.l (A1), A1
FFEAC642? 205F                 movea.l (A7)+, A0
FFEAC644? 7005                 moveq   #$5, D0
FFEAC646? A15C                 _MemoryDispatchA0Result                   ; A-line trap A15C
FFEAC648? 3E80                 move.w  D0, (A7)
FFEAC64A? 2242                 movea.l D2, A1
FFEAC64C? 2288                 move.l  A0, (A1)
FFEAC64E? 2241                 movea.l D1, A1
FFEAC650? 4ED1                 jmp     (A1)
FFEAC652? 202F0004             move.l  ($4,A7), D0
FFEAC656? 222F0008             move.l  ($8,A7), D1
FFEAC65A? 2F02                 move.l  D2, -(A7)
FFEAC65C? 2400                 move.l  D0, D2
FFEAC65E? C4C1                 mulu.w  D1, D2
FFEAC660? 2042                 movea.l D2, A0
FFEAC662? 2401                 move.l  D1, D2
FFEAC664? 4842                 swap    D2
FFEAC666? C4C0                 mulu.w  D0, D2
FFEAC668? 4840                 swap    D0
FFEAC66A? C2C0                 mulu.w  D0, D1
FFEAC66C? D441                 add.w   D1, D2
FFEAC66E? 4842                 swap    D2
FFEAC670? 4242                 clr.w   D2
FFEAC672? D1C2                 adda.l  D2, A0
FFEAC674? 2008                 move.l  A0, D0
FFEAC676? 241F                 move.l  (A7)+, D2
FFEAC678? 4E75                 rts
FFEAC67A? 222F0004             move.l  ($4,A7), D1
FFEAC67E? 202F0008             move.l  ($8,A7), D0
FFEAC682? 4EBA000E             jsr     ($ffeac692,PC)
FFEAC686? 2001                 move.l  D1, D0
FFEAC688? 4E75                 rts
FFEAC68A? 222F0004             move.l  ($4,A7), D1
FFEAC68E? 202F0008             move.l  ($8,A7), D0
FFEAC692? 48E73800             movem.l D2-D4, -(A7)
FFEAC696? 2401                 move.l  D1, D2
FFEAC698? 4842                 swap    D2
FFEAC69A? 4A42                 tst.w   D2
FFEAC69C? 661C                 bne     $ffeac6ba
FFEAC69E? 3600                 move.w  D0, D3
FFEAC6A0? 4240                 clr.w   D0
FFEAC6A2? 4840                 swap    D0
FFEAC6A4? 6704                 beq     $ffeac6aa
FFEAC6A6? 80C1                 divu.w  D1, D0
FFEAC6A8? 3400                 move.w  D0, D2
FFEAC6AA? 4842                 swap    D2
FFEAC6AC? 3003                 move.w  D3, D0
FFEAC6AE? 80C1                 divu.w  D1, D0
FFEAC6B0? 3400                 move.w  D0, D2
FFEAC6B2? 2202                 move.l  D2, D1
FFEAC6B4? 4240                 clr.w   D0
FFEAC6B6? 4840                 swap    D0
FFEAC6B8? 6022                 bra     $ffeac6dc
FFEAC6BA? 2400                 move.l  D0, D2
FFEAC6BC? 4240                 clr.w   D0
FFEAC6BE? 4840                 swap    D0
FFEAC6C0? 4842                 swap    D2
FFEAC6C2? 4242                 clr.w   D2
FFEAC6C4? 2601                 move.l  D1, D3
FFEAC6C6? 7200                 moveq   #$0, D1
FFEAC6C8? 780F                 moveq   #$f, D4
FFEAC6CA? D482                 add.l   D2, D2
FFEAC6CC? D180                 addx.l  D0, D0
FFEAC6CE? D281                 add.l   D1, D1
FFEAC6D0? B083                 cmp.l   D3, D0
FFEAC6D2? 6504                 bcs     $ffeac6d8
FFEAC6D4? 9083                 sub.l   D3, D0
FFEAC6D6? 5201                 addq.b  #1, D1
FFEAC6D8? 51CCFFF0             dbra    D4, $ffeac6ca
FFEAC6DC? 4CDF001C             movem.l (A7)+, D2-D4
FFEAC6E0? 4E75                 rts
FFEAC6E2d 19061D14A19C0606     dc.b    $19,$06,$1D,$14,$A1,$9C,$06,$06,$0A,$0A,$0A,$0A,$0A,$0A,$0A,$0A ; |................|
FFEAC6F2d 0A0A0A0A0A0A0A0A     dc.b    $0A,$0A,$0A,$0A,$0A,$0A,$0A,$0A,$0A,$24,$05,$14,$05,$04,$05,$04 ; |.........$......|
FFEAC702d 05390F1A1508050A     dc.b    $05,$39,$0F,$1A,$15,$08,$05,$0A,$00,$00,$1C,$06,$0E,$08,$29,$0A ; |.9............).|
FFEAC712d 450A065E0A0680F8     dc.b    $45,$0A,$06,$5E,$0A,$06,$80,$F8,$05,$05,$05,$05,$05,$05,$05,$05 ; |E..^............|
FFEAC722d 0505055858050505     dc.b    $05,$05,$05,$58,$58,$05,$05,$05,$05,$05,$05,$05,$05,$05,$05,$05 ; |...XX...........|
FFEAC732d 80EC0406040D0406     dc.b    $80,$EC,$04,$06,$04,$0D,$04,$06,$04,$04,$10,$0C,$0C,$28,$04,$19 ; |.............(..|
FFEAC742d 0B0C0404110C0C1A     dc.b    $0B,$0C,$04,$04,$11,$0C,$0C,$1A,$1D,$3C,$21,$0E,$1C,$05,$25,$05 ; |.........<!...%.|
FFEAC752d 0F080E11061C0504     dc.b    $0F,$08,$0E,$11,$06,$1C,$05,$04,$04,$06,$08,$15,$04,$04,$1D,$52 ; |...............R|
FFEAC762d 4F5A060D1A250B07     dc.b    $4F,$5A,$06,$0D,$1A,$25,$0B,$07,$27,$09,$2B,$09,$20,$0F,$11,$11 ; |OZ...%..'.+. ...|
FFEAC772d 062B2080875D0F07     dc.b    $06,$2B,$20,$80,$87,$5D,$0F,$07,$15,$54,$80,$FA,$13,$09,$0D,$0D ; |.+ ..]...T......|
FFEAC782d 0E2F770405360823     dc.b    $0E,$2F,$77,$04,$05,$36,$08,$23,$1F,$13,$06,$14,$5A,$25,$0E,$04 ; |./w..6.#....Z%..|
FFEAC792d 3C0A7C0622120B1E     dc.b    $3C,$0A,$7C,$06,$22,$12,$0B,$1E,$14,$18,$0B,$06,$0B,$3A,$08,$22 ; |<.|."........:."|
FFEAC7A2d 220A3E180A6A2908     dc.b    $22,$0A,$3E,$18,$0A,$6A,$29,$08,$80,$E7,$0E,$6C,$0F,$17,$0F,$2B ; |".>..j)....l...+|
FFEAC7B2d 080F0B0F120F1E12     dc.b    $08,$0F,$0B,$0F,$12,$0F,$1E,$12,$17,$80,$C2,$12,$18,$2F,$19,$13 ; |............./..|
FFEAC7C2d 1280D512181F1215     dc.b    $12,$80,$D5,$12,$18,$1F,$12,$15,$0D,$61,$2F,$06,$0E,$14,$12,$15 ; |.........a/.....|
FFEAC7D2d 272F120E24221F21     dc.b    $27,$2F,$12,$0E,$24,$22,$1F,$21,$0E,$11,$80,$89,$3A,$80,$FA,$32 ; |'/..$".!....:..2|
FFEAC7E2d 391A380E4C2780EB     dc.b    $39,$1A,$38,$0E,$4C,$27,$80,$EB,$80,$CB,$3F,$19,$80,$ED,$20,$81 ; |9.8.L'....?... .|
FFEAC7F2d 0B130D2B130D1367     dc.b    $0B,$13,$0D,$2B,$13,$0D,$13,$67,$1C,$12,$14,$0D,$0F,$19,$13,$0D ; |...+...g........|
FFEAC802d 1881A4060A0A0A0A     dc.b    $18,$81,$A4,$06,$0A,$0A,$0A,$0A,$0A,$0A,$0A,$0A,$0A,$0A,$0A,$0A ; |................|
FFEAC812d 0A0A0A0A0A0A6B22     dc.b    $0A,$0A,$0A,$0A,$0A,$0A,$6B,$22,$11,$1A,$20,$0A,$00,$00,$78,$00 ; |......k".. ...x.|
FFEAC822d 000000000000002A     dc.b    $00,$00,$00,$00,$00,$00,$00,$2A,$7E,$F0 ; |.......*~.|
