; ============================================================================
; ROM resource 'nitt' 43 Native 4.3 at FFEB27C0
; ============================================================================
; data at ROM 2B27C0 (13132 bytes), entry at 2C58F0, attributes 58, combo 7800000000000000
; data header: 4b757274 c0a00000 00013132 000005ac
;
; Columns: address, flag, raw bytes, instruction, ; comment.
;   flag '*' executed in the coverage run, ' ' reached by control flow,
;   '?' decodes as code but neither executed nor reached, 'd' data.

; PEF container: architecture pwpc, format version 1, timestamp ABE0EEC5, versions 00000000/00000000/00000000
;   3 sections (2 instantiated)
;   section 0 code       container +00080 len 124D8 (ROM 2B2840 = FFEB2840), unpacked 124D8, total 124D8, share 1, align 2
;   section 1 pidata     container +12560 len 0082C (ROM 2C4D20 = FFEC4D20), unpacked 010E4, total 010E4, share 1, align 3
;   section 2 loader     container +12D90 len 00396 (ROM 2C5550 = FFEC5550), unpacked 00000, total 00000, share 1, align 0
;   imports from InterfaceLib: 29 symbols
;   imports from PrivateInterfaceLib: 9 symbols
;
; ----------------------------------------------------------------------------
; code section 0: ROM 2B2840-2C4D17 = FFEB2840
; ----------------------------------------------------------------------------
FFEB2840? 38600000  li      r3, 0x0
FFEB2844? 4E800020  blr
FFEB2848* 7C0802A6  mfspr   r0, LR
FFEB284C* BFA1FFF4  stmw    r29, -0xC(r1)
FFEB2850* 90010008  stw     r0, 0x8(r1)
FFEB2854* 9421FFB8  stwu    r1, -0x48(r1)
FFEB2858* 88A30046  lbz     r5, 0x46(r3)
FFEB285C* 609F0000  ori     r31, r4, 0x0
FFEB2860* 2C050000  cmpwi   cr0, r5, 0x0
FFEB2864* 41820020  beq     loc_FFEB2884
FFEB2868* A0830070  lhz     r4, 0x70(r3)
FFEB286C* 2C040000  cmpwi   cr0, r4, 0x0
FFEB2870* 4082000C  bne     loc_FFEB287C
FFEB2874  39200090  li      r9, 0x90
FFEB2878  48000010  b       loc_FFEB2888
loc_FFEB287C:
FFEB287C* 392000D0  li      r9, 0xD0
FFEB2880* 48000008  b       loc_FFEB2888
loc_FFEB2884:
FFEB2884  392000C0  li      r9, 0xC0
loc_FFEB2888:
FFEB2888* 88830040  lbz     r4, 0x40(r3)
FFEB288C* 2C040000  cmpwi   cr0, r4, 0x0
FFEB2890* 41820008  beq     loc_FFEB2898
FFEB2894* 61290001  ori     r9, r9, 0x1
loc_FFEB2898:
FFEB2898* 88830039  lbz     r4, 0x39(r3)
FFEB289C* 2C040000  cmpwi   cr0, r4, 0x0
FFEB28A0* 41820014  beq     loc_FFEB28B4
FFEB28A4  80830088  lwz     r4, 0x88(r3)
FFEB28A8  54840253  rlwinm. r4, r4, 0, 9, 9
FFEB28AC  41820008  beq     loc_FFEB28B4
FFEB28B0  61290002  ori     r9, r9, 0x2
loc_FFEB28B4:
FFEB28B4* 8883003A  lbz     r4, 0x3A(r3)
FFEB28B8* 2C040000  cmpwi   cr0, r4, 0x0
FFEB28BC* 41820008  beq     loc_FFEB28C4
FFEB28C0  61290004  ori     r9, r9, 0x4
loc_FFEB28C4:
FFEB28C4* 913F0030  stw     r9, 0x30(r31)
FFEB28C8* 80830088  lwz     r4, 0x88(r3)
FFEB28CC* 38C00010  li      r6, 0x10
FFEB28D0* 909F004C  stw     r4, 0x4C(r31)
FFEB28D4* A8A3008C  lha     r5, 0x8C(r3)
FFEB28D8* 54A5043E  clrlwi  r5, r5, 16
FFEB28DC* B0BF0050  sth     r5, 0x50(r31)
FFEB28E0* B0DF0052  sth     r6, 0x52(r31)
FFEB28E4* 88E3003B  lbz     r7, 0x3B(r3)
FFEB28E8* 2C070000  cmpwi   cr0, r7, 0x0
FFEB28EC* 41820018  beq     loc_FFEB2904
FFEB28F0  88830039  lbz     r4, 0x39(r3)
FFEB28F4  2C040000  cmpwi   cr0, r4, 0x0
FFEB28F8  4082000C  bne     loc_FFEB2904
FFEB28FC  38800012  li      r4, 0x12
FFEB2900  B09F0052  sth     r4, 0x52(r31)
loc_FFEB2904:
FFEB2904* 8883003D  lbz     r4, 0x3D(r3)
FFEB2908* A13F0052  lhz     r9, 0x52(r31)
FFEB290C* 2C040001  cmpwi   cr0, r4, 0x1
FFEB2910* 4082001C  bne     loc_FFEB292C
FFEB2914* 88830040  lbz     r4, 0x40(r3)
FFEB2918* 2C040000  cmpwi   cr0, r4, 0x0
FFEB291C* 40820028  bne     loc_FFEB2944
FFEB2920  61240004  ori     r4, r9, 0x4
FFEB2924  5489043E  clrlwi  r9, r4, 16
FFEB2928  B13F0052  sth     r9, 0x52(r31)
loc_FFEB292C:
FFEB292C  88830040  lbz     r4, 0x40(r3)
FFEB2930  2C040000  cmpwi   cr0, r4, 0x0
FFEB2934  40820010  bne     loc_FFEB2944
FFEB2938  61240008  ori     r4, r9, 0x8
FFEB293C  5489043E  clrlwi  r9, r4, 16
FFEB2940  B13F0052  sth     r9, 0x52(r31)
loc_FFEB2944:
FFEB2944* 61240040  ori     r4, r9, 0x40
FFEB2948* B09F0052  sth     r4, 0x52(r31)
FFEB294C* 38A00001  li      r5, 0x1
FFEB2950* B0BF0026  sth     r5, 0x26(r31)
FFEB2954* A8C3008E  lha     r6, 0x8E(r3)
FFEB2958* 38E0002B  li      r7, 0x2B
FFEB295C* 90DF0028  stw     r6, 0x28(r31)
FFEB2960* 98FF0034  stb     r7, 0x34(r31)
FFEB2964* 89030039  lbz     r8, 0x39(r3)
FFEB2968* 2C080000  cmpwi   cr0, r8, 0x0
FFEB296C* 4182001C  beq     loc_FFEB2988
FFEB2970  80830088  lwz     r4, 0x88(r3)
FFEB2974  54840253  rlwinm. r4, r4, 0, 9, 9
FFEB2978  41820010  beq     loc_FFEB2988
FFEB297C  38800011  li      r4, 0x11
FFEB2980  989F0035  stb     r4, 0x35(r31)
FFEB2984  4800000C  b       loc_FFEB2990
loc_FFEB2988:
FFEB2988* 38800001  li      r4, 0x1
FFEB298C* 989F0035  stb     r4, 0x35(r31)
loc_FFEB2990:
FFEB2990* 38800000  li      r4, 0x0
FFEB2994* 989F0036  stb     r4, 0x36(r31)
FFEB2998* 989F0037  stb     r4, 0x37(r31)
FFEB299C* 989F00A5  stb     r4, 0xA5(r31)
FFEB29A0* 88BF000D  lbz     r5, 0xD(r31)
FFEB29A4* 3BC00000  li      r30, 0x0
FFEB29A8* B0BF00A6  sth     r5, 0xA6(r31)
FFEB29AC* 38C00000  li      r6, 0x0
FFEB29B0* B3DF0024  sth     r30, 0x24(r31)
FFEB29B4* 90DF0040  stw     r6, 0x40(r31)
FFEB29B8* 90DF0038  stw     r6, 0x38(r31)
FFEB29BC* 38E00007  li      r7, 0x7
FFEB29C0* 90DF003C  stw     r6, 0x3C(r31)
FFEB29C4* B0FF0054  sth     r7, 0x54(r31)
FFEB29C8* B0FF0056  sth     r7, 0x56(r31)
FFEB29CC* 89030047  lbz     r8, 0x47(r3)
FFEB29D0* 39200000  li      r9, 0x0
FFEB29D4* 991F0045  stb     r8, 0x45(r31)
FFEB29D8* 39400001  li      r10, 0x1
FFEB29DC* 993F009C  stb     r9, 0x9C(r31)
FFEB29E0* 995F009D  stb     r10, 0x9D(r31)
FFEB29E4* 993F009E  stb     r9, 0x9E(r31)
FFEB29E8* 993F009F  stb     r9, 0x9F(r31)
FFEB29EC* 993F00A0  stb     r9, 0xA0(r31)
FFEB29F0* 995F00A1  stb     r10, 0xA1(r31)
FFEB29F4* 993F00A2  stb     r9, 0xA2(r31)
FFEB29F8* 993F00A3  stb     r9, 0xA3(r31)
FFEB29FC* 8062FDF4  lwz     r3, -0x20C(r2)
FFEB2A00* 309F0058  addic   r4, r31, 0x58
FFEB2A04* 38A00010  li      r5, 0x10
FFEB2A08* 480121F5  bl      sub_FFEC4BFC
FFEB2A0C* 80410014  lwz     r2, 0x14(r1)
FFEB2A10* 83A2FDF4  lwz     r29, -0x20C(r2)
FFEB2A14* 309F0068  addic   r4, r31, 0x68
FFEB2A18* 307D0014  addic   r3, r29, 0x14
FFEB2A1C* 38A00010  li      r5, 0x10
FFEB2A20* 480121DD  bl      sub_FFEC4BFC
FFEB2A24* 80410014  lwz     r2, 0x14(r1)
FFEB2A28* 307D0028  addic   r3, r29, 0x28
FFEB2A2C* 309F0078  addic   r4, r31, 0x78
FFEB2A30* 38A00010  li      r5, 0x10
FFEB2A34* 480121C9  bl      sub_FFEC4BFC
FFEB2A38* 80410014  lwz     r2, 0x14(r1)
FFEB2A3C* 307D003C  addic   r3, r29, 0x3C
FFEB2A40* 309F0088  addic   r4, r31, 0x88
FFEB2A44* 38A00010  li      r5, 0x10
FFEB2A48* 480121B5  bl      sub_FFEC4BFC
FFEB2A4C* 80410014  lwz     r2, 0x14(r1)
FFEB2A50* B3DF00AA  sth     r30, 0xAA(r31)
FFEB2A54* 38600000  li      r3, 0x0
FFEB2A58* 80010050  lwz     r0, 0x50(r1)
FFEB2A5C* 30210048  addic   r1, r1, 0x48
FFEB2A60* 7C0803A6  mtspr   LR, r0
FFEB2A64* BBA1FFF4  lmw     r29, -0xC(r1)
FFEB2A68* 4E800020  blr
FFEB2A6C* 7C0802A6  mfspr   r0, LR
FFEB2A70* BF41FFE8  stmw    r26, -0x18(r1)
FFEB2A74* 90010008  stw     r0, 0x8(r1)
FFEB2A78* 9421FFA8  stwu    r1, -0x58(r1)
FFEB2A7C* 607E0000  ori     r30, r3, 0x0
FFEB2A80* 38800000  li      r4, 0x0
FFEB2A84* B09E000A  sth     r4, 0xA(r30)
FFEB2A88* A8BE0008  lha     r5, 0x8(r30)
FFEB2A8C* 83FE0000  lwz     r31, 0x0(r30)
FFEB2A90* 33A10038  addic   r29, r1, 0x38
FFEB2A94* 54A5103A  slwi    r5, r5, 2
FFEB2A98* 7CDF2814  addc    r6, r31, r5
FFEB2A9C* 818600A0  lwz     r12, 0xA0(r6)
FFEB2AA0* 63E40000  ori     r4, r31, 0x0
FFEB2AA4* 48012261  bl      sub_FFEC4D04
FFEB2AA8* 80410014  lwz     r2, 0x14(r1)
FFEB2AAC* 881F01A6  lbz     r0, 0x1A6(r31)
FFEB2AB0* 2C000007  cmpwi   cr0, r0, 0x7
FFEB2AB4* 40820018  bne     loc_FFEB2ACC
FFEB2AB8  819F0170  lwz     r12, 0x170(r31)
FFEB2ABC  63C30000  ori     r3, r30, 0x0
FFEB2AC0  63E40000  ori     r4, r31, 0x0
FFEB2AC4  48012241  bl      sub_FFEC4D04
FFEB2AC8  80410014  lwz     r2, 0x14(r1)
loc_FFEB2ACC:
FFEB2ACC* 893F01A6  lbz     r9, 0x1A6(r31)
FFEB2AD0* 2C090008  cmpwi   cr0, r9, 0x8
FFEB2AD4* 40820068  bne     loc_FFEB2B3C
FFEB2AD8* 807F0000  lwz     r3, 0x0(r31)
FFEB2ADC* 38A00001  li      r5, 0x1
FFEB2AE0* 907D0000  stw     r3, 0x0(r29)
FFEB2AE4* 809D0000  lwz     r4, 0x0(r29)
FFEB2AE8* 3B800000  li      r28, 0x0
FFEB2AEC* 3B600000  li      r27, 0x0
FFEB2AF0* 98A40030  stb     r5, 0x30(r4)
FFEB2AF4* 3B400044  li      r26, 0x44
FFEB2AF8* 4800E681  bl      sub_FFEC1178
FFEB2AFC* 60000000  nop
FFEB2B00* 819D0000  lwz     r12, 0x0(r29)
FFEB2B04* 9B8C0070  stb     r28, 0x70(r12)
FFEB2B08* 9B7F0212  stb     r27, 0x212(r31)
FFEB2B0C* 819D0000  lwz     r12, 0x0(r29)
FFEB2B10* 817D0000  lwz     r11, 0x0(r29)
FFEB2B14* 880C00C0  lbz     r0, 0xC0(r12)
FFEB2B18* 7C000774  extsb   r0, r0
FFEB2B1C* 54000734  rlwinm  r0, r0, 0, 28, 26
FFEB2B20* 980B00C0  stb     r0, 0xC0(r11)
FFEB2B24* 819D0000  lwz     r12, 0x0(r29)
FFEB2B28* 9B4C0030  stb     r26, 0x30(r12)
FFEB2B2C* 4800E64D  bl      sub_FFEC1178
FFEB2B30* 60000000  nop
FFEB2B34* 9B7F0215  stb     r27, 0x215(r31)
FFEB2B38* 893F01A6  lbz     r9, 0x1A6(r31)
loc_FFEB2B3C:
FFEB2B3C* 993E0011  stb     r9, 0x11(r30)
FFEB2B40* 80010060  lwz     r0, 0x60(r1)
FFEB2B44* 30210058  addic   r1, r1, 0x58
FFEB2B48* 7C0803A6  mtspr   LR, r0
FFEB2B4C* BB41FFE8  lmw     r26, -0x18(r1)
FFEB2B50* 4E800020  blr

sub_FFEB2B54:
FFEB2B54* 7C0802A6  mfspr   r0, LR
FFEB2B58* BFE1FFFC  stmw    r31, -0x4(r1)
FFEB2B5C* 90010008  stw     r0, 0x8(r1)
FFEB2B60* 9421FFC0  stwu    r1, -0x40(r1)
FFEB2B64* 81230004  lwz     r9, 0x4(r3)
FFEB2B68* 81040000  lwz     r8, 0x0(r4)
FFEB2B6C* 80A90014  lwz     r5, 0x14(r9)
FFEB2B70* 3BE00000  li      r31, 0x0
FFEB2B74* 54A501CF  rlwinm. r5, r5, 0, 7, 7
FFEB2B78* 4182000C  beq     loc_FFEB2B84
FFEB2B7C  80E90044  lwz     r7, 0x44(r9)
FFEB2B80  48000008  b       loc_FFEB2B88
loc_FFEB2B84:
FFEB2B84* 30E90044  addic   r7, r9, 0x44
loc_FFEB2B88:
FFEB2B88* 89290035  lbz     r9, 0x35(r9)
FFEB2B8C* 2C090000  cmpwi   cr0, r9, 0x0
FFEB2B90* 41820034  beq     loc_FFEB2BC4
FFEB2B94* 7D2903A6  mtspr   CTR, r9
FFEB2B98* 3127FFFF  addic   r9, r7, -0x1
FFEB2B9C* 48000010  b       loc_FFEB2BAC
loc_FFEB2BA0:
FFEB2BA0* 40820044  bne     loc_FFEB2BE4
FFEB2BA4* 8C690001  lbzu    r3, 0x1(r9)
FFEB2BA8* 98680020  stb     r3, 0x20(r8)
loc_FFEB2BAC:
FFEB2BAC* 88680040  lbz     r3, 0x40(r8)
FFEB2BB0* 54630631  rlwinm. r3, r3, 0, 24, 24
FFEB2BB4* 4200FFEC  bdnz    loc_FFEB2BA0
FFEB2BB8* 4082002C  bne     loc_FFEB2BE4
FFEB2BBC* 8C690001  lbzu    r3, 0x1(r9)
FFEB2BC0* 98680020  stb     r3, 0x20(r8)
loc_FFEB2BC4:
FFEB2BC4* 4800E5B5  bl      sub_FFEC1178
FFEB2BC8* 60000000  nop
FFEB2BCC* 63E30000  ori     r3, r31, 0x0
FFEB2BD0* 80010048  lwz     r0, 0x48(r1)
FFEB2BD4* 30210040  addic   r1, r1, 0x40
FFEB2BD8* 7C0803A6  mtspr   LR, r0
FFEB2BDC* BBE1FFFC  lmw     r31, -0x4(r1)
FFEB2BE0* 4E800020  blr
loc_FFEB2BE4:
FFEB2BE4  3BE00001  li      r31, 0x1
FFEB2BE8  4BFFFFDC  b       loc_FFEB2BC4
FFEB2BEC? 80010048  lwz     r0, 0x48(r1)
FFEB2BF0? 30210040  addic   r1, r1, 0x40
FFEB2BF4? 7C0803A6  mtspr   LR, r0
FFEB2BF8? BBE1FFFC  lmw     r31, -0x4(r1)
FFEB2BFC? 4E800020  blr
FFEB2C00* 7C0802A6  mfspr   r0, LR
FFEB2C04* BF41FFE8  stmw    r26, -0x18(r1)
FFEB2C08* 90010008  stw     r0, 0x8(r1)
FFEB2C0C* 9421FFB0  stwu    r1, -0x50(r1)
FFEB2C10* 609E0000  ori     r30, r4, 0x0
FFEB2C14* 607F0000  ori     r31, r3, 0x0
FFEB2C18* 83BE0000  lwz     r29, 0x0(r30)
FFEB2C1C* 839F0004  lwz     r28, 0x4(r31)
FFEB2C20* 88BD0040  lbz     r5, 0x40(r29)
FFEB2C24* 54A50631  rlwinm. r5, r5, 0, 24, 24
FFEB2C28* 4182002C  beq     loc_FFEB2C54
FFEB2C2C  819E0178  lwz     r12, 0x178(r30)
FFEB2C30  63E30000  ori     r3, r31, 0x0
FFEB2C34  63C40000  ori     r4, r30, 0x0
FFEB2C38  480120CD  bl      sub_FFEC4D04
FFEB2C3C  80410014  lwz     r2, 0x14(r1)
FFEB2C40  80010058  lwz     r0, 0x58(r1)
FFEB2C44  30210050  addic   r1, r1, 0x50
FFEB2C48  7C0803A6  mtspr   LR, r0
FFEB2C4C  BB41FFE8  lmw     r26, -0x18(r1)
FFEB2C50  4E800020  blr
loc_FFEB2C54:
FFEB2C54* 88BC000E  lbz     r5, 0xE(r28)
FFEB2C58* 3B600000  li      r27, 0x0
FFEB2C5C* 98BD0040  stb     r5, 0x40(r29)
FFEB2C60* 4800E519  bl      sub_FFEC1178
FFEB2C64* 60000000  nop
FFEB2C68* 801C0014  lwz     r0, 0x14(r28)
FFEB2C6C* 5400077B  rlwinm. r0, r0, 0, 29, 29
FFEB2C70* 41820144  beq     loc_FFEB2DB4
FFEB2C74  88BF0010  lbz     r5, 0x10(r31)
FFEB2C78  2C050000  cmpwi   cr0, r5, 0x0
FFEB2C7C  41820044  beq     loc_FFEB2CC0
FFEB2C80  63E30000  ori     r3, r31, 0x0
FFEB2C84  63C40000  ori     r4, r30, 0x0
FFEB2C88  4BFFFECD  bl      sub_FFEB2B54
FFEB2C8C  60000000  nop
FFEB2C90  2C030000  cmpwi   cr0, r3, 0x0
FFEB2C94  4182002C  beq     loc_FFEB2CC0
FFEB2C98  819E0178  lwz     r12, 0x178(r30)
FFEB2C9C  63E30000  ori     r3, r31, 0x0
FFEB2CA0  63C40000  ori     r4, r30, 0x0
FFEB2CA4  48012061  bl      sub_FFEC4D04
FFEB2CA8  80410014  lwz     r2, 0x14(r1)
FFEB2CAC  80010058  lwz     r0, 0x58(r1)
FFEB2CB0  30210050  addic   r1, r1, 0x50
FFEB2CB4  7C0803A6  mtspr   LR, r0
FFEB2CB8  BB41FFE8  lmw     r26, -0x18(r1)
FFEB2CBC  4E800020  blr
loc_FFEB2CC0:
FFEB2CC0  3B400041  li      r26, 0x41
FFEB2CC4  4800E4B5  bl      sub_FFEC1178
FFEB2CC8  60000000  nop
FFEB2CCC  9B5D0030  stb     r26, 0x30(r29)
FFEB2CD0  4800E4A9  bl      sub_FFEC1178
FFEB2CD4  60000000  nop
FFEB2CD8  4800010C  b       loc_FFEB2DE4
loc_FFEB2CDC:
FFEB2CDC* 993D0020  stb     r9, 0x20(r29)
FFEB2CE0* 88BF0010  lbz     r5, 0x10(r31)
FFEB2CE4* 2C050000  cmpwi   cr0, r5, 0x0
FFEB2CE8* 41820044  beq     loc_FFEB2D2C
FFEB2CEC* 63E30000  ori     r3, r31, 0x0
FFEB2CF0* 63C40000  ori     r4, r30, 0x0
FFEB2CF4* 4BFFFE61  bl      sub_FFEB2B54
FFEB2CF8* 60000000  nop
FFEB2CFC* 2C030000  cmpwi   cr0, r3, 0x0
FFEB2D00* 4182002C  beq     loc_FFEB2D2C
FFEB2D04  819E0178  lwz     r12, 0x178(r30)
FFEB2D08  63E30000  ori     r3, r31, 0x0
FFEB2D0C  63C40000  ori     r4, r30, 0x0
FFEB2D10  48011FF5  bl      sub_FFEC4D04
FFEB2D14  80410014  lwz     r2, 0x14(r1)
FFEB2D18  80010058  lwz     r0, 0x58(r1)
FFEB2D1C  30210050  addic   r1, r1, 0x50
FFEB2D20  7C0803A6  mtspr   LR, r0
FFEB2D24  BB41FFE8  lmw     r26, -0x18(r1)
FFEB2D28  4E800020  blr
loc_FFEB2D2C:
FFEB2D2C* 38A00042  li      r5, 0x42
FFEB2D30* 98BD0030  stb     r5, 0x30(r29)
FFEB2D34* 4800E445  bl      sub_FFEC1178
FFEB2D38* 60000000  nop
FFEB2D3C* 480000A8  b       loc_FFEB2DE4
loc_FFEB2D40:
FFEB2D40  993D0020  stb     r9, 0x20(r29)
FFEB2D44  88BF0015  lbz     r5, 0x15(r31)
FFEB2D48  98BD0020  stb     r5, 0x20(r29)
FFEB2D4C  88DF0016  lbz     r6, 0x16(r31)
FFEB2D50  98DD0020  stb     r6, 0x20(r29)
FFEB2D54  88FF0010  lbz     r7, 0x10(r31)
FFEB2D58  2C070000  cmpwi   cr0, r7, 0x0
FFEB2D5C  41820044  beq     loc_FFEB2DA0
FFEB2D60  63E30000  ori     r3, r31, 0x0
FFEB2D64  63C40000  ori     r4, r30, 0x0
FFEB2D68  4BFFFDED  bl      sub_FFEB2B54
FFEB2D6C  60000000  nop
FFEB2D70  2C030000  cmpwi   cr0, r3, 0x0
FFEB2D74  4182002C  beq     loc_FFEB2DA0
FFEB2D78  819E0178  lwz     r12, 0x178(r30)
FFEB2D7C  63E30000  ori     r3, r31, 0x0
FFEB2D80  63C40000  ori     r4, r30, 0x0
FFEB2D84  48011F81  bl      sub_FFEC4D04
FFEB2D88  80410014  lwz     r2, 0x14(r1)
FFEB2D8C  80010058  lwz     r0, 0x58(r1)
FFEB2D90  30210050  addic   r1, r1, 0x50
FFEB2D94  7C0803A6  mtspr   LR, r0
FFEB2D98  BB41FFE8  lmw     r26, -0x18(r1)
FFEB2D9C  4E800020  blr
loc_FFEB2DA0:
FFEB2DA0  38A00046  li      r5, 0x46
FFEB2DA4  98BD0030  stb     r5, 0x30(r29)
FFEB2DA8  4800E3D1  bl      sub_FFEC1178
FFEB2DAC  60000000  nop
FFEB2DB0  48000034  b       loc_FFEB2DE4
loc_FFEB2DB4:
FFEB2DB4* 891F0013  lbz     r8, 0x13(r31)
FFEB2DB8* 893F0014  lbz     r9, 0x14(r31)
FFEB2DBC* 2C080001  cmpwi   cr0, r8, 0x1
FFEB2DC0* 4182FF1C  beq     loc_FFEB2CDC
FFEB2DC4  2C080003  cmpwi   cr0, r8, 0x3
FFEB2DC8  4182FF78  beq     loc_FFEB2D40
FFEB2DCC  993D0020  stb     r9, 0x20(r29)
FFEB2DD0  3B400043  li      r26, 0x43
FFEB2DD4  3B600001  li      r27, 0x1
FFEB2DD8  4800E3A1  bl      sub_FFEC1178
FFEB2DDC  60000000  nop
FFEB2DE0  9B5D0030  stb     r26, 0x30(r29)
loc_FFEB2DE4:
FFEB2DE4* 63E30000  ori     r3, r31, 0x0
FFEB2DE8* 63C40000  ori     r4, r30, 0x0
FFEB2DEC* 480047C5  bl      sub_FFEB75B0
FFEB2DF0* 60000000  nop
FFEB2DF4* 819E00F0  lwz     r12, 0xF0(r30)
FFEB2DF8* 807F0004  lwz     r3, 0x4(r31)
FFEB2DFC* 48011F09  bl      sub_FFEC4D04
FFEB2E00* 80410014  lwz     r2, 0x14(r1)
FFEB2E04* 63C30000  ori     r3, r30, 0x0
FFEB2E08* 48003791  bl      sub_FFEB6598
FFEB2E0C* 60000000  nop
FFEB2E10* 893E01B7  lbz     r9, 0x1B7(r30)
FFEB2E14* 7D290774  extsb   r9, r9
FFEB2E18* 2C090018  cmpwi   cr0, r9, 0x18
FFEB2E1C* 41820074  beq     loc_FFEB2E90
FFEB2E20* 71250005  andi.   r5, r9, 0x5
FFEB2E24* 41820048  beq     loc_FFEB2E6C
FFEB2E28  63C30000  ori     r3, r30, 0x0
FFEB2E2C  3B800001  li      r28, 0x1
FFEB2E30  48003829  bl      sub_FFEB6658
FFEB2E34  60000000  nop
FFEB2E38  9B9D0030  stb     r28, 0x30(r29)
FFEB2E3C  4800E33D  bl      sub_FFEC1178
FFEB2E40  60000000  nop
FFEB2E44  819E00D4  lwz     r12, 0xD4(r30)
FFEB2E48  63E30000  ori     r3, r31, 0x0
FFEB2E4C  63C40000  ori     r4, r30, 0x0
FFEB2E50  48011EB5  bl      sub_FFEC4D04
FFEB2E54  80410014  lwz     r2, 0x14(r1)
FFEB2E58  80010058  lwz     r0, 0x58(r1)
FFEB2E5C  30210050  addic   r1, r1, 0x50
FFEB2E60  7C0803A6  mtspr   LR, r0
FFEB2E64  BB41FFE8  lmw     r26, -0x18(r1)
FFEB2E68  4E800020  blr
loc_FFEB2E6C:
FFEB2E6C* 552306B5  rlwinm. r3, r9, 0, 26, 26
FFEB2E70* 41820020  beq     loc_FFEB2E90
FFEB2E74* 38600001  li      r3, 0x1
FFEB2E78* B07F000A  sth     r3, 0xA(r31)
FFEB2E7C* 80010058  lwz     r0, 0x58(r1)
FFEB2E80* 30210050  addic   r1, r1, 0x50
FFEB2E84* 7C0803A6  mtspr   LR, r0
FFEB2E88* BB41FFE8  lmw     r26, -0x18(r1)
FFEB2E8C* 4E800020  blr
loc_FFEB2E90:
FFEB2E90  2C1B0000  cmpwi   cr0, r27, 0x0
FFEB2E94  887E01B6  lbz     r3, 0x1B6(r30)
FFEB2E98  7C630774  extsb   r3, r3
FFEB2E9C  546906FE  clrlwi  r9, r3, 27
FFEB2EA0  41820170  beq     loc_FFEB3010
FFEB2EA4  2C090000  cmpwi   cr0, r9, 0x0
FFEB2EA8  41820030  beq     loc_FFEB2ED8
FFEB2EAC  3860000B  li      r3, 0xB
FFEB2EB0  B07F000A  sth     r3, 0xA(r31)
FFEB2EB4  39200001  li      r9, 0x1
loc_FFEB2EB8:
FFEB2EB8  993D0030  stb     r9, 0x30(r29)
FFEB2EBC  4800E2BD  bl      sub_FFEC1178
FFEB2EC0  60000000  nop
FFEB2EC4  80010058  lwz     r0, 0x58(r1)
FFEB2EC8  30210050  addic   r1, r1, 0x50
FFEB2ECC  7C0803A6  mtspr   LR, r0
FFEB2ED0  BB41FFE8  lmw     r26, -0x18(r1)
FFEB2ED4  4E800020  blr
loc_FFEB2ED8:
FFEB2ED8  887E01A6  lbz     r3, 0x1A6(r30)
FFEB2EDC  2C030006  cmpwi   cr0, r3, 0x6
FFEB2EE0  41820018  beq     loc_FFEB2EF8
FFEB2EE4  39200001  li      r9, 0x1
FFEB2EE8  993F0013  stb     r9, 0x13(r31)
FFEB2EEC  3880000B  li      r4, 0xB
FFEB2EF0  B09F000A  sth     r4, 0xA(r31)
FFEB2EF4  4BFFFFC4  b       loc_FFEB2EB8
loc_FFEB2EF8:
FFEB2EF8  887F0013  lbz     r3, 0x13(r31)
FFEB2EFC  313F0015  addic   r9, r31, 0x15
FFEB2F00  3103FFFF  addic   r8, r3, -0x1
FFEB2F04  2C080000  cmpwi   cr0, r8, 0x0
FFEB2F08  41820020  beq     loc_FFEB2F28
FFEB2F0C  3129FFFF  addic   r9, r9, -0x1
loc_FFEB2F10:
FFEB2F10  41820018  beq     loc_FFEB2F28
FFEB2F14  3108FFFF  addic   r8, r8, -0x1
FFEB2F18  8C690001  lbzu    r3, 0x1(r9)
FFEB2F1C  2C080000  cmpwi   cr0, r8, 0x0
FFEB2F20  987D0020  stb     r3, 0x20(r29)
FFEB2F24  4BFFFFEC  b       loc_FFEB2F10
loc_FFEB2F28:
FFEB2F28  3B800010  li      r28, 0x10
FFEB2F2C  4800E24D  bl      sub_FFEC1178
FFEB2F30  60000000  nop
FFEB2F34  9B9D0030  stb     r28, 0x30(r29)
FFEB2F38  4800E241  bl      sub_FFEC1178
FFEB2F3C  60000000  nop
FFEB2F40  63C30000  ori     r3, r30, 0x0
FFEB2F44  48003655  bl      sub_FFEB6598
FFEB2F48  60000000  nop
FFEB2F4C  881E01B6  lbz     r0, 0x1B6(r30)
FFEB2F50  7C000774  extsb   r0, r0
FFEB2F54  540006FE  clrlwi  r0, r0, 27
FFEB2F58  5409063F  clrlwi. r9, r0, 24
FFEB2F5C  41820020  beq     loc_FFEB2F7C
FFEB2F60  887F0013  lbz     r3, 0x13(r31)
FFEB2F64  38A0000B  li      r5, 0xB
FFEB2F68  7C891810  subfc   r4, r9, r3
FFEB2F6C  989F0013  stb     r4, 0x13(r31)
FFEB2F70  B0BF000A  sth     r5, 0xA(r31)
FFEB2F74  39200001  li      r9, 0x1
FFEB2F78  4BFFFF40  b       loc_FFEB2EB8
loc_FFEB2F7C:
FFEB2F7C  88BF0010  lbz     r5, 0x10(r31)
FFEB2F80  2C050000  cmpwi   cr0, r5, 0x0
FFEB2F84  418200EC  beq     loc_FFEB3070
FFEB2F88  88BE01A6  lbz     r5, 0x1A6(r30)
FFEB2F8C  2C050002  cmpwi   cr0, r5, 0x2
FFEB2F90  41820014  beq     loc_FFEB2FA4
FFEB2F94  38600005  li      r3, 0x5
FFEB2F98  B07F000A  sth     r3, 0xA(r31)
FFEB2F9C  39200001  li      r9, 0x1
FFEB2FA0  4BFFFF18  b       loc_FFEB2EB8
loc_FFEB2FA4:
FFEB2FA4  63E30000  ori     r3, r31, 0x0
FFEB2FA8  63C40000  ori     r4, r30, 0x0
FFEB2FAC  4BFFFBA9  bl      sub_FFEB2B54
FFEB2FB0  60000000  nop
FFEB2FB4  9B9D0030  stb     r28, 0x30(r29)
FFEB2FB8  4800E1C1  bl      sub_FFEC1178
FFEB2FBC  60000000  nop
FFEB2FC0  63C30000  ori     r3, r30, 0x0
FFEB2FC4  480035D5  bl      sub_FFEB6598
FFEB2FC8  60000000  nop
FFEB2FCC  2C030000  cmpwi   cr0, r3, 0x0
FFEB2FD0  41820020  beq     loc_FFEB2FF0
FFEB2FD4  3860E113  li      r3, -0x1EED
FFEB2FD8  B07F000A  sth     r3, 0xA(r31)
FFEB2FDC  80010058  lwz     r0, 0x58(r1)
FFEB2FE0  30210050  addic   r1, r1, 0x50
FFEB2FE4  7C0803A6  mtspr   LR, r0
FFEB2FE8  BB41FFE8  lmw     r26, -0x18(r1)
FFEB2FEC  4E800020  blr
loc_FFEB2FF0:
FFEB2FF0  887E01B6  lbz     r3, 0x1B6(r30)
FFEB2FF4  7C630774  extsb   r3, r3
FFEB2FF8  546306FF  clrlwi. r3, r3, 27
FFEB2FFC  41820074  beq     loc_FFEB3070
FFEB3000  38600006  li      r3, 0x6
FFEB3004  B07F000A  sth     r3, 0xA(r31)
FFEB3008  39200001  li      r9, 0x1
FFEB300C  4BFFFEAC  b       loc_FFEB2EB8
loc_FFEB3010:
FFEB3010  5529063F  clrlwi. r9, r9, 24
FFEB3014  4182005C  beq     loc_FFEB3070
FFEB3018  887F0010  lbz     r3, 0x10(r31)
FFEB301C  2C030000  cmpwi   cr0, r3, 0x0
FFEB3020  40820020  bne     loc_FFEB3040
FFEB3024  887F0013  lbz     r3, 0x13(r31)
FFEB3028  38A0000B  li      r5, 0xB
FFEB302C  7C891810  subfc   r4, r9, r3
FFEB3030  989F0013  stb     r4, 0x13(r31)
FFEB3034  B0BF000A  sth     r5, 0xA(r31)
FFEB3038  39200001  li      r9, 0x1
FFEB303C  4BFFFE7C  b       loc_FFEB2EB8
loc_FFEB3040:
FFEB3040  887C0035  lbz     r3, 0x35(r28)
FFEB3044  7F091800  cmpw    cr6, r9, r3
FFEB3048  409A0014  bne     cr6, loc_FFEB305C
FFEB304C  38600005  li      r3, 0x5
FFEB3050  B07F000A  sth     r3, 0xA(r31)
FFEB3054  39200001  li      r9, 0x1
FFEB3058  4BFFFE60  b       loc_FFEB2EB8
loc_FFEB305C:
FFEB305C  40980014  bge     cr6, loc_FFEB3070
FFEB3060  38600006  li      r3, 0x6
FFEB3064  B07F000A  sth     r3, 0xA(r31)
FFEB3068  39200001  li      r9, 0x1
FFEB306C  4BFFFE4C  b       loc_FFEB2EB8
loc_FFEB3070:
FFEB3070  80010058  lwz     r0, 0x58(r1)
FFEB3074  30210050  addic   r1, r1, 0x50
FFEB3078  7C0803A6  mtspr   LR, r0
FFEB307C  BB41FFE8  lmw     r26, -0x18(r1)
FFEB3080  4E800020  blr
FFEB3084? 7C0802A6  mfspr   r0, LR
FFEB3088? BF61FFEC  stmw    r27, -0x14(r1)
FFEB308C? 90010008  stw     r0, 0x8(r1)
FFEB3090? 9421FFB0  stwu    r1, -0x50(r1)
FFEB3094? 607C0000  ori     r28, r3, 0x0
FFEB3098? 609D0000  ori     r29, r4, 0x0
FFEB309C? 83DC0004  lwz     r30, 0x4(r28)
FFEB30A0? 83FD0000  lwz     r31, 0x0(r29)
FFEB30A4? 88DE000E  lbz     r6, 0xE(r30)
FFEB30A8? 80BC0004  lwz     r5, 0x4(r28)
FFEB30AC? 98DF0040  stb     r6, 0x40(r31)
FFEB30B0? 3B600000  li      r27, 0x0
FFEB30B4? 4800E0C5  bl      sub_FFEC1178
FFEB30B8? 60000000  nop
FFEB30BC? A81E009E  lha     r0, 0x9E(r30)
FFEB30C0? 39200002  li      r9, 0x2
FFEB30C4? 2C00000B  cmpwi   cr0, r0, 0xB
FFEB30C8? 41820030  beq     loc_FFEB30F8
FFEB30CC? 38A00002  li      r5, 0x2
FFEB30D0? 98BD01A8  stb     r5, 0x1A8(r29)
FFEB30D4? 38C00000  li      r6, 0x0
FFEB30D8? 98DF0010  stb     r6, 0x10(r31)
FFEB30DC? 98BF0000  stb     r5, 0x0(r31)
FFEB30E0? 98BD01A6  stb     r5, 0x1A6(r29)
FFEB30E4? 38E000C1  li      r7, 0xC1
FFEB30E8? 98FF0030  stb     r7, 0x30(r31)
FFEB30EC? 4800E08D  bl      sub_FFEC1178
FFEB30F0? 60000000  nop
FFEB30F4? 4800002C  b       loc_FFEB3120
loc_FFEB30F8:
FFEB30F8? 38A00003  li      r5, 0x3
FFEB30FC? 98BD01A8  stb     r5, 0x1A8(r29)
FFEB3100? 9B7F0010  stb     r27, 0x10(r31)
FFEB3104? 993F0000  stb     r9, 0x0(r31)
FFEB3108? 38C00006  li      r6, 0x6
FFEB310C? 98DD01A6  stb     r6, 0x1A6(r29)
FFEB3110? 38E000C2  li      r7, 0xC2
FFEB3114? 98FF0030  stb     r7, 0x30(r31)
FFEB3118? 4800E061  bl      sub_FFEC1178
FFEB311C? 60000000  nop
loc_FFEB3120:
FFEB3120? 48011AF5  bl      sub_FFEC4C14
FFEB3124? 80410014  lwz     r2, 0x14(r1)
FFEB3128? 547E043E  clrlwi  r30, r3, 16
loc_FFEB312C:
FFEB312C? 63A30000  ori     r3, r29, 0x0
FFEB3130? 48003591  bl      sub_FFEB66C0
FFEB3134? 60000000  nop
FFEB3138? 2C030000  cmpwi   cr0, r3, 0x0
FFEB313C? 41820028  beq     loc_FFEB3164
FFEB3140? 63830000  ori     r3, r28, 0x0
FFEB3144? 63A40000  ori     r4, r29, 0x0
FFEB3148? 48004469  bl      sub_FFEB75B0
FFEB314C? 60000000  nop
FFEB3150? 80010058  lwz     r0, 0x58(r1)
FFEB3154? 30210050  addic   r1, r1, 0x50
FFEB3158? 7C0803A6  mtspr   LR, r0
FFEB315C? BB61FFEC  lmw     r27, -0x14(r1)
FFEB3160? 4E800020  blr
loc_FFEB3164:
FFEB3164? 88BD01A9  lbz     r5, 0x1A9(r29)
FFEB3168? 2C050000  cmpwi   cr0, r5, 0x0
FFEB316C? 408200B8  bne     loc_FFEB3224
FFEB3170? 88BF0040  lbz     r5, 0x40(r31)
FFEB3174? 54A50631  rlwinm. r5, r5, 0, 24, 24
FFEB3178? 41820030  beq     loc_FFEB31A8
loc_FFEB317C:
FFEB317C? 9B7D01A8  stb     r27, 0x1A8(r29)
FFEB3180? 819D0178  lwz     r12, 0x178(r29)
FFEB3184? 63830000  ori     r3, r28, 0x0
FFEB3188? 63A40000  ori     r4, r29, 0x0
FFEB318C? 48011B79  bl      sub_FFEC4D04
FFEB3190? 80410014  lwz     r2, 0x14(r1)
FFEB3194? 80010058  lwz     r0, 0x58(r1)
FFEB3198? 30210050  addic   r1, r1, 0x50
FFEB319C? 7C0803A6  mtspr   LR, r0
FFEB31A0? BB61FFEC  lmw     r27, -0x14(r1)
FFEB31A4? 4E800020  blr
loc_FFEB31A8:
FFEB31A8? 2C1E0000  cmpwi   cr0, r30, 0x0
FFEB31AC? 30BEFFFF  addic   r5, r30, -0x1
FFEB31B0? 54A5043E  clrlwi  r5, r5, 16
FFEB31B4? 60BE0000  ori     r30, r5, 0x0
FFEB31B8? 4182FF74  beq     loc_FFEB312C
FFEB31BC? 88BF0040  lbz     r5, 0x40(r31)
FFEB31C0? 2C05000A  cmpwi   cr0, r5, 0xA
FFEB31C4? 40820050  bne     loc_FFEB3214
FFEB31C8? 88BF0070  lbz     r5, 0x70(r31)
FFEB31CC? 2C050030  cmpwi   cr0, r5, 0x30
FFEB31D0? 40820044  bne     loc_FFEB3214
FFEB31D4? 88BF0060  lbz     r5, 0x60(r31)
FFEB31D8? 2C0500C1  cmpwi   cr0, r5, 0xC1
FFEB31DC? 40820038  bne     loc_FFEB3214
FFEB31E0? 88BF0030  lbz     r5, 0x30(r31)
FFEB31E4? 2C0500C1  cmpwi   cr0, r5, 0xC1
FFEB31E8? 4082002C  bne     loc_FFEB3214
FFEB31EC? 63A30000  ori     r3, r29, 0x0
FFEB31F0? 3BE00008  li      r31, 0x8
FFEB31F4? 48002C01  bl      sub_FFEB5DF4
FFEB31F8? 60000000  nop
FFEB31FC? 9BFD01A6  stb     r31, 0x1A6(r29)
FFEB3200? 80010058  lwz     r0, 0x58(r1)
FFEB3204? 30210050  addic   r1, r1, 0x50
FFEB3208? 7C0803A6  mtspr   LR, r0
FFEB320C? BB61FFEC  lmw     r27, -0x14(r1)
FFEB3210? 4E800020  blr
loc_FFEB3214:
FFEB3214? 48011A01  bl      sub_FFEC4C14
FFEB3218? 80410014  lwz     r2, 0x14(r1)
FFEB321C? 547E043E  clrlwi  r30, r3, 16
FFEB3220? 4BFFFF0C  b       loc_FFEB312C
loc_FFEB3224:
FFEB3224? 4BFFFF58  b       loc_FFEB317C
FFEB3228? 80010058  lwz     r0, 0x58(r1)
FFEB322C? 30210050  addic   r1, r1, 0x50
FFEB3230? 7C0803A6  mtspr   LR, r0
FFEB3234? BB61FFEC  lmw     r27, -0x14(r1)
FFEB3238? 4E800020  blr
FFEB323C? 7C0802A6  mfspr   r0, LR
FFEB3240? BF61FFEC  stmw    r27, -0x14(r1)
FFEB3244? 90010008  stw     r0, 0x8(r1)
FFEB3248? 9421FFB0  stwu    r1, -0x50(r1)
FFEB324C? 609F0000  ori     r31, r4, 0x0
FFEB3250? 607C0000  ori     r28, r3, 0x0
FFEB3254? 813C0004  lwz     r9, 0x4(r28)
FFEB3258? 83DF0000  lwz     r30, 0x0(r31)
FFEB325C? 80A90014  lwz     r5, 0x14(r9)
FFEB3260? 54A501CF  rlwinm. r5, r5, 0, 7, 7
FFEB3264? 4182000C  beq     loc_FFEB3270
FFEB3268? 83A90044  lwz     r29, 0x44(r9)
FFEB326C? 48000008  b       loc_FFEB3274
loc_FFEB3270:
FFEB3270? 33A90044  addic   r29, r9, 0x44
loc_FFEB3274:
FFEB3274? 88890035  lbz     r4, 0x35(r9)
FFEB3278? 3104FFFE  addic   r8, r4, -0x2
FFEB327C? 2C080000  cmpwi   cr0, r8, 0x0
FFEB3280? 41820028  beq     loc_FFEB32A8
FFEB3284? 313DFFFF  addic   r9, r29, -0x1
FFEB3288? 38E00001  li      r7, 0x1
loc_FFEB328C:
FFEB328C? 41820018  beq     loc_FFEB32A4
FFEB3290? 3108FFFF  addic   r8, r8, -0x1
FFEB3294? 8C890001  lbzu    r4, 0x1(r9)
FFEB3298? 2C080000  cmpwi   cr0, r8, 0x0
FFEB329C? 989E0020  stb     r4, 0x20(r30)
FFEB32A0? 4BFFFFEC  b       loc_FFEB328C
loc_FFEB32A4:
FFEB32A4? 7FA74814  addc    r29, r7, r9
loc_FFEB32A8:
FFEB32A8? 4800DED1  bl      sub_FFEC1178
FFEB32AC? 60000000  nop
FFEB32B0? 881F01A8  lbz     r0, 0x1A8(r31)
FFEB32B4? 2C000000  cmpwi   cr0, r0, 0x0
FFEB32B8? 4182016C  beq     loc_FFEB3424
FFEB32BC? 889F0041  lbz     r4, 0x41(r31)
FFEB32C0? 2C040000  cmpwi   cr0, r4, 0x0
FFEB32C4? 41820018  beq     loc_FFEB32DC
FFEB32C8? A09D0000  lhz     r4, 0x0(r29)
FFEB32CC? 38A00001  li      r5, 0x1
FFEB32D0? B09E0100  sth     r4, 0x100(r30)
FFEB32D4? 98BF01A8  stb     r5, 0x1A8(r31)
loc_FFEB32D8:
FFEB32D8? 48000068  b       loc_FFEB3340
loc_FFEB32DC:
FFEB32DC? 889F0040  lbz     r4, 0x40(r31)
FFEB32E0? 2C040000  cmpwi   cr0, r4, 0x0
FFEB32E4? 41820048  beq     loc_FFEB332C
FFEB32E8? 80BF0078  lwz     r5, 0x78(r31)
FFEB32EC? A09D0000  lhz     r4, 0x0(r29)
FFEB32F0? 63E30000  ori     r3, r31, 0x0
FFEB32F4? B0850000  sth     r4, 0x0(r5)
FFEB32F8? 819F0160  lwz     r12, 0x160(r31)
FFEB32FC? 809F0078  lwz     r4, 0x78(r31)
FFEB3300? 38A00002  li      r5, 0x2
FFEB3304? 38C00000  li      r6, 0x0
FFEB3308? 3BA00001  li      r29, 0x1
FFEB330C? 480119F9  bl      sub_FFEC4D04
FFEB3310? 80410014  lwz     r2, 0x14(r1)
FFEB3314? 819F016C  lwz     r12, 0x16C(r31)
FFEB3318? 63E30000  ori     r3, r31, 0x0
FFEB331C? 480119E9  bl      sub_FFEC4D04
FFEB3320? 80410014  lwz     r2, 0x14(r1)
FFEB3324? 9BBF01A8  stb     r29, 0x1A8(r31)
FFEB3328? 4BFFFFB0  b       loc_FFEB32D8
loc_FFEB332C:
FFEB332C? 3860000E  li      r3, 0xE
FFEB3330? 4801177D  bl      sub_FFEC4AAC
FFEB3334? 80410014  lwz     r2, 0x14(r1)
FFEB3338? 4BFFFFA0  b       loc_FFEB32D8
loc_FFEB333C:
FFEB333C? 40820024  bne     loc_FFEB3360
loc_FFEB3340:
FFEB3340? 889E0070  lbz     r4, 0x70(r30)
FFEB3344? 548406FF  clrlwi. r4, r4, 27
FFEB3348? 41820084  beq     loc_FFEB33CC
FFEB334C? 63E30000  ori     r3, r31, 0x0
FFEB3350? 48003309  bl      sub_FFEB6658
FFEB3354? 60000000  nop
FFEB3358? 2C030000  cmpwi   cr0, r3, 0x0
FFEB335C? 4BFFFFE0  b       loc_FFEB333C
loc_FFEB3360:
FFEB3360? 887E0070  lbz     r3, 0x70(r30)
FFEB3364? 546306FE  clrlwi  r3, r3, 27
FFEB3368? 547D063F  clrlwi. r29, r3, 24
FFEB336C? 4182006C  beq     loc_FFEB33D8
FFEB3370? 38600001  li      r3, 0x1
FFEB3374? 987E0030  stb     r3, 0x30(r30)
FFEB3378? 4800DE01  bl      sub_FFEC1178
FFEB337C? 60000000  nop
FFEB3380? 2C1D0001  cmpwi   cr0, r29, 0x1
FFEB3384? 41820054  beq     loc_FFEB33D8
FFEB3388? 887F01A6  lbz     r3, 0x1A6(r31)
FFEB338C? 2C030008  cmpwi   cr0, r3, 0x8
FFEB3390? 40820020  bne     loc_FFEB33B0
FFEB3394? 3860E113  li      r3, -0x1EED
FFEB3398? B07C000A  sth     r3, 0xA(r28)
FFEB339C? 80010058  lwz     r0, 0x58(r1)
FFEB33A0? 30210050  addic   r1, r1, 0x50
FFEB33A4? 7C0803A6  mtspr   LR, r0
FFEB33A8? BB61FFEC  lmw     r27, -0x14(r1)
FFEB33AC? 4E800020  blr
loc_FFEB33B0:
FFEB33B0? 38600005  li      r3, 0x5
FFEB33B4? B07C000A  sth     r3, 0xA(r28)
FFEB33B8? 80010058  lwz     r0, 0x58(r1)
FFEB33BC? 30210050  addic   r1, r1, 0x50
FFEB33C0? 7C0803A6  mtspr   LR, r0
FFEB33C4? BB61FFEC  lmw     r27, -0x14(r1)
FFEB33C8? 4E800020  blr
loc_FFEB33CC:
FFEB33CC? 63E30000  ori     r3, r31, 0x0
FFEB33D0? 480031C9  bl      sub_FFEB6598
FFEB33D4? 60000000  nop
loc_FFEB33D8:
FFEB33D8? 887F0212  lbz     r3, 0x212(r31)
FFEB33DC? 2C030000  cmpwi   cr0, r3, 0x0
FFEB33E0? 40820014  bne     loc_FFEB33F4
FFEB33E4? 38600001  li      r3, 0x1
FFEB33E8? 987E0030  stb     r3, 0x30(r30)
FFEB33EC? 4800DD8D  bl      sub_FFEC1178
FFEB33F0? 60000000  nop
loc_FFEB33F4:
FFEB33F4? 38600000  li      r3, 0x0
FFEB33F8? 987F01A8  stb     r3, 0x1A8(r31)
FFEB33FC? 889F01A6  lbz     r4, 0x1A6(r31)
FFEB3400? 2C040008  cmpwi   cr0, r4, 0x8
FFEB3404? 40820068  bne     loc_FFEB346C
FFEB3408? 3860E113  li      r3, -0x1EED
FFEB340C? B07C000A  sth     r3, 0xA(r28)
FFEB3410? 80010058  lwz     r0, 0x58(r1)
FFEB3414? 30210050  addic   r1, r1, 0x50
FFEB3418? 7C0803A6  mtspr   LR, r0
FFEB341C? BB61FFEC  lmw     r27, -0x14(r1)
FFEB3420? 4E800020  blr
loc_FFEB3424:
FFEB3424? 889D0000  lbz     r4, 0x0(r29)
FFEB3428? 3B600010  li      r27, 0x10
FFEB342C? 989E0020  stb     r4, 0x20(r30)
FFEB3430? 88BD0001  lbz     r5, 0x1(r29)
FFEB3434? 98BE0020  stb     r5, 0x20(r30)
FFEB3438? 4800DD41  bl      sub_FFEC1178
FFEB343C? 60000000  nop
FFEB3440? 9B7E0030  stb     r27, 0x30(r30)
FFEB3444? 4800DD35  bl      sub_FFEC1178
FFEB3448? 60000000  nop
FFEB344C? 63E30000  ori     r3, r31, 0x0
FFEB3450? 48003149  bl      sub_FFEB6598
FFEB3454? 60000000  nop
FFEB3458? 881F01A6  lbz     r0, 0x1A6(r31)
FFEB345C? 2C000008  cmpwi   cr0, r0, 0x8
FFEB3460? 4082000C  bne     loc_FFEB346C
FFEB3464? 3860E113  li      r3, -0x1EED
FFEB3468? B07C000A  sth     r3, 0xA(r28)
loc_FFEB346C:
FFEB346C? 80010058  lwz     r0, 0x58(r1)
FFEB3470? 30210050  addic   r1, r1, 0x50
FFEB3474? 7C0803A6  mtspr   LR, r0
FFEB3478? BB61FFEC  lmw     r27, -0x14(r1)
FFEB347C? 4E800020  blr

sub_FFEB3480:
FFEB3480? 7C0802A6  mfspr   r0, LR
FFEB3484? BF41FFE8  stmw    r26, -0x18(r1)
FFEB3488? 90010008  stw     r0, 0x8(r1)
FFEB348C? 9421FFA8  stwu    r1, -0x58(r1)
FFEB3490? 609F0000  ori     r31, r4, 0x0
FFEB3494? 8342FD9C  lwz     r26, -0x264(r2)
FFEB3498? 33610038  addic   r27, r1, 0x38
FFEB349C? 83DF0000  lwz     r30, 0x0(r31)
FFEB34A0? 893F01A6  lbz     r9, 0x1A6(r31)
loc_FFEB34A4:
FFEB34A4? 2809000B  cmplwi  cr0, r9, 0xB
FFEB34A8? 4181FFFC  bgt     loc_FFEB34A4
FFEB34AC? 5524103A  slwi    r4, r9, 2
FFEB34B0? 7C9A202E  lwzx    r4, r26, r4
FFEB34B4? 7C9A2014  addc    r4, r26, r4
FFEB34B8? 7C8803A6  mtspr   LR, r4
FFEB34BC? 4E800020  blr
FFEB34C0? 63E30000  ori     r3, r31, 0x0
FFEB34C4? 4800108D  bl      sub_FFEB4550
FFEB34C8? 60000000  nop
FFEB34CC? 8BBE0020  lbz     r29, 0x20(r30)
FFEB34D0? 9BBB0000  stb     r29, 0x0(r27)
FFEB34D4? 4800DCA5  bl      sub_FFEC1178
FFEB34D8? 60000000  nop
FFEB34DC? 893F01A6  lbz     r9, 0x1A6(r31)
FFEB34E0? 4BFFFFC4  b       loc_FFEB34A4
FFEB34E4? 388000EE  li      r4, 0xEE
FFEB34E8? 989E0020  stb     r4, 0x20(r30)
FFEB34EC? 4800DC8D  bl      sub_FFEC1178
FFEB34F0? 60000000  nop
FFEB34F4? 63E30000  ori     r3, r31, 0x0
FFEB34F8? 48001059  bl      sub_FFEB4550
FFEB34FC? 60000000  nop
FFEB3500? 893F01A6  lbz     r9, 0x1A6(r31)
FFEB3504? 4BFFFFA0  b       loc_FFEB34A4
FFEB3508? 889F01A8  lbz     r4, 0x1A8(r31)
FFEB350C? 2C040000  cmpwi   cr0, r4, 0x0
FFEB3510? 41820098  beq     loc_FFEB35A8
loc_FFEB3514:
FFEB3514? 889F0041  lbz     r4, 0x41(r31)
FFEB3518? 3BA00001  li      r29, 0x1
FFEB351C? 2C040000  cmpwi   cr0, r4, 0x0
FFEB3520? 3B800000  li      r28, 0x0
FFEB3524? 4182001C  beq     loc_FFEB3540
FFEB3528? 3C800000  lis     r4, 0x0000
FFEB352C? 6084EEEE  ori     r4, r4, 0xEEEE
FFEB3530? B09E0100  sth     r4, 0x100(r30)
FFEB3534? 4800DC45  bl      sub_FFEC1178
FFEB3538? 60000000  nop
FFEB353C? 4800005C  b       loc_FFEB3598
loc_FFEB3540:
FFEB3540? 889F0040  lbz     r4, 0x40(r31)
FFEB3544? 2C040000  cmpwi   cr0, r4, 0x0
FFEB3548? 41820044  beq     loc_FFEB358C
FFEB354C? 3CA00000  lis     r5, 0x0000
FFEB3550? 809F0078  lwz     r4, 0x78(r31)
FFEB3554? 60A5EEEE  ori     r5, r5, 0xEEEE
FFEB3558? B0A40000  sth     r5, 0x0(r4)
FFEB355C? 819F0160  lwz     r12, 0x160(r31)
FFEB3560? 809F0078  lwz     r4, 0x78(r31)
FFEB3564? 63E30000  ori     r3, r31, 0x0
FFEB3568? 38A00002  li      r5, 0x2
FFEB356C? 38C00000  li      r6, 0x0
FFEB3570? 48011795  bl      sub_FFEC4D04
FFEB3574? 80410014  lwz     r2, 0x14(r1)
FFEB3578? 819F016C  lwz     r12, 0x16C(r31)
FFEB357C? 63E30000  ori     r3, r31, 0x0
FFEB3580? 48011785  bl      sub_FFEC4D04
FFEB3584? 80410014  lwz     r2, 0x14(r1)
FFEB3588? 48000010  b       loc_FFEB3598
loc_FFEB358C:
FFEB358C? 3860000E  li      r3, 0xE
FFEB3590? 4801151D  bl      sub_FFEC4AAC
FFEB3594? 80410014  lwz     r2, 0x14(r1)
loc_FFEB3598:
FFEB3598? 63E30000  ori     r3, r31, 0x0
FFEB359C? 48002FFD  bl      sub_FFEB6598
FFEB35A0? 60000000  nop
FFEB35A4? 48000034  b       loc_FFEB35D8
loc_FFEB35A8:
FFEB35A8? 388000EE  li      r4, 0xEE
FFEB35AC? 989E0020  stb     r4, 0x20(r30)
FFEB35B0? 989E0020  stb     r4, 0x20(r30)
FFEB35B4? 989E0020  stb     r4, 0x20(r30)
FFEB35B8? 989E0020  stb     r4, 0x20(r30)
FFEB35BC? 3BA00001  li      r29, 0x1
FFEB35C0? 3B800000  li      r28, 0x0
FFEB35C4? 4800DBB5  bl      sub_FFEC1178
FFEB35C8? 60000000  nop
FFEB35CC? 63E30000  ori     r3, r31, 0x0
FFEB35D0? 48000F81  bl      sub_FFEB4550
FFEB35D4? 60000000  nop
loc_FFEB35D8:
FFEB35D8? 9BBE0030  stb     r29, 0x30(r30)
FFEB35DC? 4800DB9D  bl      sub_FFEC1178
FFEB35E0? 60000000  nop
FFEB35E4? 9B9F01A8  stb     r28, 0x1A8(r31)
FFEB35E8? 893F01A6  lbz     r9, 0x1A6(r31)
FFEB35EC? 4BFFFEB8  b       loc_FFEB34A4
FFEB35F0? 889F01A8  lbz     r4, 0x1A8(r31)
FFEB35F4? 2C040000  cmpwi   cr0, r4, 0x0
FFEB35F8? 4082FF1C  bne     loc_FFEB3514
FFEB35FC? 38800008  li      r4, 0x8
FFEB3600? 989E0020  stb     r4, 0x20(r30)
FFEB3604? 4800DB75  bl      sub_FFEC1178
FFEB3608? 60000000  nop
FFEB360C? 63E30000  ori     r3, r31, 0x0
FFEB3610? 48000F41  bl      sub_FFEB4550
FFEB3614? 60000000  nop
FFEB3618? 893F01A6  lbz     r9, 0x1A6(r31)
FFEB361C? 4BFFFE88  b       loc_FFEB34A4
FFEB3620? 63E30000  ori     r3, r31, 0x0
FFEB3624? 48000F2D  bl      sub_FFEB4550
FFEB3628? 60000000  nop
FFEB362C? 8BBE0020  lbz     r29, 0x20(r30)
FFEB3630? 9BBB0000  stb     r29, 0x0(r27)
FFEB3634? 38800012  li      r4, 0x12
FFEB3638? 989E0030  stb     r4, 0x30(r30)
FFEB363C? 4800DB3D  bl      sub_FFEC1178
FFEB3640? 60000000  nop
FFEB3644? 63E30000  ori     r3, r31, 0x0
FFEB3648? 48002F51  bl      sub_FFEB6598
FFEB364C? 60000000  nop
FFEB3650? 893F01A6  lbz     r9, 0x1A6(r31)
FFEB3654? 4BFFFE50  b       loc_FFEB34A4
FFEB3658? 80010060  lwz     r0, 0x60(r1)
FFEB365C? 30210058  addic   r1, r1, 0x58
FFEB3660? 7C0803A6  mtspr   LR, r0
FFEB3664? BB41FFE8  lmw     r26, -0x18(r1)
FFEB3668? 4E800020  blr
FFEB366Cd FFFFFE78  .long   0xFFFFFE78                         ; -> 68k emulator opcode dispatch table
FFEB3670d FFFFFE54  .long   0xFFFFFE54                         ; -> 68k emulator opcode dispatch table
FFEB3674d FFFFFE9C  .long   0xFFFFFE9C                         ; -> 68k emulator opcode dispatch table
FFEB3678d FFFFFFEC  .long   0xFFFFFFEC                         ; -> 68k emulator opcode dispatch table
FFEB367Cd FFFFFE38  .long   0xFFFFFE38                         ; -> 68k emulator opcode dispatch table
FFEB3680d FFFFFE38  .long   0xFFFFFE38                         ; -> 68k emulator opcode dispatch table
FFEB3684d FFFFFF84  .long   0xFFFFFF84                         ; -> 68k emulator opcode dispatch table
FFEB3688d FFFFFFB4  .long   0xFFFFFFB4                         ; -> 68k emulator opcode dispatch table
FFEB368Cd FFFFFFEC  .long   0xFFFFFFEC                         ; -> 68k emulator opcode dispatch table
FFEB3690d FFFFFE38  .long   0xFFFFFE38                         ; -> 68k emulator opcode dispatch table
FFEB3694d FFFFFE38  .long   0xFFFFFE38                         ; -> 68k emulator opcode dispatch table
FFEB3698d FFFFFFC8  .long   0xFFFFFFC8                         ; -> 68k emulator opcode dispatch table
FFEB369Cd FFFFFE38  .long   0xFFFFFE38                         ; -> 68k emulator opcode dispatch table
FFEB36A0? 7C0802A6  mfspr   r0, LR
FFEB36A4? BF81FFF0  stmw    r28, -0x10(r1)
FFEB36A8? 90010008  stw     r0, 0x8(r1)
FFEB36AC? 9421FFB8  stwu    r1, -0x48(r1)
FFEB36B0? 609F0000  ori     r31, r4, 0x0
FFEB36B4? 607E0000  ori     r30, r3, 0x0
FFEB36B8? 893F01A6  lbz     r9, 0x1A6(r31)
FFEB36BC? 83BF0000  lwz     r29, 0x0(r31)
FFEB36C0? 2C090003  cmpwi   cr0, r9, 0x3
FFEB36C4? 839E0004  lwz     r28, 0x4(r30)
FFEB36C8? 41820018  beq     loc_FFEB36E0
FFEB36CC? 63C30000  ori     r3, r30, 0x0
FFEB36D0? 63E40000  ori     r4, r31, 0x0
FFEB36D4? 4BFFFDAD  bl      sub_FFEB3480
FFEB36D8? 60000000  nop
FFEB36DC? 893F01A6  lbz     r9, 0x1A6(r31)
loc_FFEB36E0:
FFEB36E0? 2C090008  cmpwi   cr0, r9, 0x8
FFEB36E4? 40820034  bne     loc_FFEB3718
FFEB36E8? 807E0004  lwz     r3, 0x4(r30)
FFEB36EC? 38800000  li      r4, 0x0
FFEB36F0? 9883003C  stb     r4, 0x3C(r3)
FFEB36F4? 80BE0004  lwz     r5, 0x4(r30)
FFEB36F8? 38C0E114  li      r6, -0x1EEC
FFEB36FC? 988500A2  stb     r4, 0xA2(r5)
FFEB3700? B0DE000A  sth     r6, 0xA(r30)
FFEB3704? 80010050  lwz     r0, 0x50(r1)
FFEB3708? 30210048  addic   r1, r1, 0x48
FFEB370C? 7C0803A6  mtspr   LR, r0
FFEB3710? BB81FFF0  lmw     r28, -0x10(r1)
FFEB3714? 4E800020  blr
loc_FFEB3718:
FFEB3718? 38800011  li      r4, 0x11
FFEB371C? 989D0030  stb     r4, 0x30(r29)
FFEB3720? 4800DA59  bl      sub_FFEC1178
FFEB3724? 60000000  nop
FFEB3728? 63E30000  ori     r3, r31, 0x0
FFEB372C? 48002E6D  bl      sub_FFEB6598
FFEB3730? 60000000  nop
FFEB3734? 881D0020  lbz     r0, 0x20(r29)
FFEB3738? 981C003C  stb     r0, 0x3C(r28)
FFEB373C? 881F01B6  lbz     r0, 0x1B6(r31)
FFEB3740? 7C000774  extsb   r0, r0
FFEB3744? 540006FF  clrlwi. r0, r0, 27
FFEB3748? 4082002C  bne     loc_FFEB3774
FFEB374C? 889F01A6  lbz     r4, 0x1A6(r31)
FFEB3750? 2C040008  cmpwi   cr0, r4, 0x8
FFEB3754? 40820020  bne     loc_FFEB3774
FFEB3758? 3860E114  li      r3, -0x1EEC
FFEB375C? B07E000A  sth     r3, 0xA(r30)
FFEB3760? 80010050  lwz     r0, 0x50(r1)
FFEB3764? 30210048  addic   r1, r1, 0x48
FFEB3768? 7C0803A6  mtspr   LR, r0
FFEB376C? BB81FFF0  lmw     r28, -0x10(r1)
FFEB3770? 4E800020  blr
loc_FFEB3774:
FFEB3774? 889D0020  lbz     r4, 0x20(r29)
FFEB3778? 38A00001  li      r5, 0x1
FFEB377C? 989C00A2  stb     r4, 0xA2(r28)
FFEB3780? 98BE0012  stb     r5, 0x12(r30)
FFEB3784? 38C00012  li      r6, 0x12
FFEB3788? 98DD0030  stb     r6, 0x30(r29)
FFEB378C? 4800D9ED  bl      sub_FFEC1178
FFEB3790? 60000000  nop
FFEB3794? 63E30000  ori     r3, r31, 0x0
FFEB3798? 48002E01  bl      sub_FFEB6598
FFEB379C? 60000000  nop
FFEB37A0? 881F01A6  lbz     r0, 0x1A6(r31)
FFEB37A4? 2C000008  cmpwi   cr0, r0, 0x8
FFEB37A8? 40820018  bne     loc_FFEB37C0
FFEB37AC? 80010050  lwz     r0, 0x50(r1)
FFEB37B0? 30210048  addic   r1, r1, 0x48
FFEB37B4? 7C0803A6  mtspr   LR, r0
FFEB37B8? BB81FFF0  lmw     r28, -0x10(r1)
FFEB37BC? 4E800020  blr
loc_FFEB37C0:
FFEB37C0? 63E30000  ori     r3, r31, 0x0
FFEB37C4? 48002E95  bl      sub_FFEB6658
FFEB37C8? 60000000  nop
FFEB37CC? 2C030000  cmpwi   cr0, r3, 0x0
FFEB37D0? 41820024  beq     loc_FFEB37F4
FFEB37D4? 887F01A6  lbz     r3, 0x1A6(r31)
FFEB37D8? 2C030008  cmpwi   cr0, r3, 0x8
FFEB37DC? 40820018  bne     loc_FFEB37F4
FFEB37E0? 80010050  lwz     r0, 0x50(r1)
FFEB37E4? 30210048  addic   r1, r1, 0x48
FFEB37E8? 7C0803A6  mtspr   LR, r0
FFEB37EC? BB81FFF0  lmw     r28, -0x10(r1)
FFEB37F0? 4E800020  blr
loc_FFEB37F4:
FFEB37F4? 3860E114  li      r3, -0x1EEC
FFEB37F8? B07E000A  sth     r3, 0xA(r30)
FFEB37FC? 80010050  lwz     r0, 0x50(r1)
FFEB3800? 30210048  addic   r1, r1, 0x48
FFEB3804? 7C0803A6  mtspr   LR, r0
FFEB3808? BB81FFF0  lmw     r28, -0x10(r1)
FFEB380C? 4E800020  blr
FFEB3810? 88A401A6  lbz     r5, 0x1A6(r4)
FFEB3814? 2C050007  cmpwi   cr0, r5, 0x7
FFEB3818? 4C820020  bnelr
FFEB381C? 7C0802A6  mfspr   r0, LR
FFEB3820? BF01FFE0  stmw    r24, -0x20(r1)
FFEB3824? 90010008  stw     r0, 0x8(r1)
FFEB3828? 9421FFA8  stwu    r1, -0x58(r1)
FFEB382C? 609F0000  ori     r31, r4, 0x0
FFEB3830? 607E0000  ori     r30, r3, 0x0
FFEB3834? 83BF0000  lwz     r29, 0x0(r31)
FFEB3838? 3B000000  li      r24, 0x0
FFEB383C? 3B200010  li      r25, 0x10
FFEB3840? 3B600012  li      r27, 0x12
FFEB3844? 3B40E113  li      r26, -0x1EED
FFEB3848? 48000078  b       loc_FFEB38C0
loc_FFEB384C:
FFEB384C? 80010060  lwz     r0, 0x60(r1)
FFEB3850? 30210058  addic   r1, r1, 0x58
FFEB3854? 7C0803A6  mtspr   LR, r0
FFEB3858? BB01FFE0  lmw     r24, -0x20(r1)
FFEB385C? 4E800020  blr
loc_FFEB3860:
FFEB3860? 80010060  lwz     r0, 0x60(r1)
FFEB3864? 30210058  addic   r1, r1, 0x58
FFEB3868? 7C0803A6  mtspr   LR, r0
FFEB386C? BB01FFE0  lmw     r24, -0x20(r1)
FFEB3870? 4E800020  blr
loc_FFEB3874:
FFEB3874? 80010060  lwz     r0, 0x60(r1)
FFEB3878? 30210058  addic   r1, r1, 0x58
FFEB387C? 7C0803A6  mtspr   LR, r0
FFEB3880? BB01FFE0  lmw     r24, -0x20(r1)
FFEB3884? 4E800020  blr
loc_FFEB3888:
FFEB3888? 9B7D0030  stb     r27, 0x30(r29)
FFEB388C? 4800D8ED  bl      sub_FFEC1178
FFEB3890? 60000000  nop
FFEB3894? 819F00D0  lwz     r12, 0xD0(r31)
FFEB3898? 63C30000  ori     r3, r30, 0x0
FFEB389C? 63E40000  ori     r4, r31, 0x0
FFEB38A0? 48011465  bl      sub_FFEC4D04
FFEB38A4? 80410014  lwz     r2, 0x14(r1)
FFEB38A8? 63E30000  ori     r3, r31, 0x0
FFEB38AC? 48002CED  bl      sub_FFEB6598
FFEB38B0? 60000000  nop
FFEB38B4? 8B9F01A6  lbz     r28, 0x1A6(r31)
FFEB38B8? 2F1C0007  cmpwi   cr6, r28, 0x7
loc_FFEB38BC:
FFEB38BC? 409AFFB8  bne     cr6, loc_FFEB3874
loc_FFEB38C0:
FFEB38C0? 9B1E0012  stb     r24, 0x12(r30)
FFEB38C4? 9B3D0030  stb     r25, 0x30(r29)
FFEB38C8? 4800D8B1  bl      sub_FFEC1178
FFEB38CC? 60000000  nop
FFEB38D0? 63E30000  ori     r3, r31, 0x0
FFEB38D4? 48002CC5  bl      sub_FFEB6598
FFEB38D8? 60000000  nop
FFEB38DC? 2C030000  cmpwi   cr0, r3, 0x0
FFEB38E0? 40820268  bne     loc_FFEB3B48
FFEB38E4? 8B9D0020  lbz     r28, 0x20(r29)
FFEB38E8? 2C1C0002  cmpwi   cr0, r28, 0x2
FFEB38EC? 41820140  beq     loc_FFEB3A2C
FFEB38F0? 2C1C0003  cmpwi   cr0, r28, 0x3
FFEB38F4? 4182FF94  beq     loc_FFEB3888
FFEB38F8? 2C1C0001  cmpwi   cr0, r28, 0x1
FFEB38FC? 40820084  bne     loc_FFEB3980
FFEB3900? 9B7D0030  stb     r27, 0x30(r29)
FFEB3904? 4800D875  bl      sub_FFEC1178
FFEB3908? 60000000  nop
FFEB390C? 63E30000  ori     r3, r31, 0x0
FFEB3910? 48002C89  bl      sub_FFEB6598
FFEB3914? 60000000  nop
FFEB3918? 2C030000  cmpwi   cr0, r3, 0x0
FFEB391C? 41820014  beq     loc_FFEB3930
FFEB3920? B35E000A  sth     r26, 0xA(r30)
FFEB3924? 889F01A6  lbz     r4, 0x1A6(r31)
FFEB3928? 2F040007  cmpwi   cr6, r4, 0x7
FFEB392C? 4BFFFF90  b       loc_FFEB38BC
loc_FFEB3930:
FFEB3930? 889E0012  lbz     r4, 0x12(r30)
FFEB3934? 30A40001  addic   r5, r4, 0x1
FFEB3938? 98BE0012  stb     r5, 0x12(r30)
FFEB393C? 7CDE2014  addc    r6, r30, r4
FFEB3940? 9B860014  stb     r28, 0x14(r6)
FFEB3944? 88FF01A6  lbz     r7, 0x1A6(r31)
FFEB3948? 2C070007  cmpwi   cr0, r7, 0x7
FFEB394C? 4082FF14  bne     loc_FFEB3860
FFEB3950? 9B3D0030  stb     r25, 0x30(r29)
FFEB3954? 4800D825  bl      sub_FFEC1178
FFEB3958? 60000000  nop
FFEB395C? 63E30000  ori     r3, r31, 0x0
FFEB3960? 48002C39  bl      sub_FFEB6598
FFEB3964? 60000000  nop
FFEB3968? 2C030000  cmpwi   cr0, r3, 0x0
FFEB396C? 41820128  beq     loc_FFEB3A94
FFEB3970? B35E000A  sth     r26, 0xA(r30)
FFEB3974? 889F01A6  lbz     r4, 0x1A6(r31)
FFEB3978? 2F040007  cmpwi   cr6, r4, 0x7
FFEB397C? 4BFFFF40  b       loc_FFEB38BC
loc_FFEB3980:
FFEB3980? 57830636  rlwinm  r3, r28, 0, 24, 27
FFEB3984? 2C030020  cmpwi   cr0, r3, 0x20
FFEB3988? 408200DC  bne     loc_FFEB3A64
FFEB398C? 9B7D0030  stb     r27, 0x30(r29)
FFEB3990? 4800D7E9  bl      sub_FFEC1178
FFEB3994? 60000000  nop
FFEB3998? 63E30000  ori     r3, r31, 0x0
FFEB399C? 48002BFD  bl      sub_FFEB6598
FFEB39A0? 60000000  nop
FFEB39A4? 2C030000  cmpwi   cr0, r3, 0x0
FFEB39A8? 41820014  beq     loc_FFEB39BC
FFEB39AC? B35E000A  sth     r26, 0xA(r30)
FFEB39B0? 889F01A6  lbz     r4, 0x1A6(r31)
FFEB39B4? 2F040007  cmpwi   cr6, r4, 0x7
FFEB39B8? 4BFFFF04  b       loc_FFEB38BC
loc_FFEB39BC:
FFEB39BC? 889E0012  lbz     r4, 0x12(r30)
FFEB39C0? 30A40001  addic   r5, r4, 0x1
FFEB39C4? 98BE0012  stb     r5, 0x12(r30)
FFEB39C8? 7CDE2014  addc    r6, r30, r4
FFEB39CC? 9B860014  stb     r28, 0x14(r6)
FFEB39D0? 88FF01A6  lbz     r7, 0x1A6(r31)
FFEB39D4? 2C070007  cmpwi   cr0, r7, 0x7
FFEB39D8? 4082FE74  bne     loc_FFEB384C
FFEB39DC? 9B3D0030  stb     r25, 0x30(r29)
FFEB39E0? 4800D799  bl      sub_FFEC1178
FFEB39E4? 60000000  nop
FFEB39E8? 63E30000  ori     r3, r31, 0x0
FFEB39EC? 48002BAD  bl      sub_FFEB6598
FFEB39F0? 60000000  nop
FFEB39F4? 2C030000  cmpwi   cr0, r3, 0x0
FFEB39F8? 41820014  beq     loc_FFEB3A0C
FFEB39FC? B35E000A  sth     r26, 0xA(r30)
FFEB3A00? 889F01A6  lbz     r4, 0x1A6(r31)
FFEB3A04? 2F040007  cmpwi   cr6, r4, 0x7
FFEB3A08? 4BFFFEB4  b       loc_FFEB38BC
loc_FFEB3A0C:
FFEB3A0C? 889E0012  lbz     r4, 0x12(r30)
FFEB3A10? 30A40001  addic   r5, r4, 0x1
FFEB3A14? 98BE0012  stb     r5, 0x12(r30)
FFEB3A18? 7CDE2014  addc    r6, r30, r4
FFEB3A1C? 9B860014  stb     r28, 0x14(r6)
FFEB3A20? 88FF01A6  lbz     r7, 0x1A6(r31)
FFEB3A24? 2F070007  cmpwi   cr6, r7, 0x7
FFEB3A28? 4BFFFE94  b       loc_FFEB38BC
loc_FFEB3A2C:
FFEB3A2C? 9B7D0030  stb     r27, 0x30(r29)
FFEB3A30? 4800D749  bl      sub_FFEC1178
FFEB3A34? 60000000  nop
FFEB3A38? 819F00C8  lwz     r12, 0xC8(r31)
FFEB3A3C? 63C30000  ori     r3, r30, 0x0
FFEB3A40? 63E40000  ori     r4, r31, 0x0
FFEB3A44? 480112C1  bl      sub_FFEC4D04
FFEB3A48? 80410014  lwz     r2, 0x14(r1)
FFEB3A4C? 63E30000  ori     r3, r31, 0x0
FFEB3A50? 48002B49  bl      sub_FFEB6598
FFEB3A54? 60000000  nop
FFEB3A58? 8B9F01A6  lbz     r28, 0x1A6(r31)
FFEB3A5C? 2F1C0007  cmpwi   cr6, r28, 0x7
FFEB3A60? 4BFFFE5C  b       loc_FFEB38BC
loc_FFEB3A64:
FFEB3A64? 887E0012  lbz     r3, 0x12(r30)
FFEB3A68? 38C0000B  li      r6, 0xB
FFEB3A6C? 30830001  addic   r4, r3, 0x1
FFEB3A70? 989E0012  stb     r4, 0x12(r30)
FFEB3A74? 7CBE1814  addc    r5, r30, r3
FFEB3A78? 9B850014  stb     r28, 0x14(r5)
FFEB3A7C? 98DF01A6  stb     r6, 0x1A6(r31)
FFEB3A80? 80010060  lwz     r0, 0x60(r1)
FFEB3A84? 30210058  addic   r1, r1, 0x58
FFEB3A88? 7C0803A6  mtspr   LR, r0
FFEB3A8C? BB01FFE0  lmw     r24, -0x20(r1)
FFEB3A90? 4E800020  blr
loc_FFEB3A94:
FFEB3A94? 887D0020  lbz     r3, 0x20(r29)
FFEB3A98? 3083FFFF  addic   r4, r3, -0x1
FFEB3A9C? 549C063E  clrlwi  r28, r4, 24
FFEB3AA0? 2C030000  cmpwi   cr0, r3, 0x0
loc_FFEB3AA4:
FFEB3AA4? 418200BC  beq     loc_FFEB3B60
FFEB3AA8? 9B7D0030  stb     r27, 0x30(r29)
FFEB3AAC? 4800D6CD  bl      sub_FFEC1178
FFEB3AB0? 60000000  nop
FFEB3AB4? 63E30000  ori     r3, r31, 0x0
FFEB3AB8? 48002AE1  bl      sub_FFEB6598
FFEB3ABC? 60000000  nop
FFEB3AC0? 2C030000  cmpwi   cr0, r3, 0x0
FFEB3AC4? 4082007C  bne     loc_FFEB3B40
FFEB3AC8? 889F01A6  lbz     r4, 0x1A6(r31)
FFEB3ACC? 2C040007  cmpwi   cr0, r4, 0x7
FFEB3AD0? 40820094  bne     loc_FFEB3B64
FFEB3AD4? 9B3D0030  stb     r25, 0x30(r29)
FFEB3AD8? 4800D6A1  bl      sub_FFEC1178
FFEB3ADC? 60000000  nop
FFEB3AE0? 63E30000  ori     r3, r31, 0x0
FFEB3AE4? 48002AB5  bl      sub_FFEB6598
FFEB3AE8? 60000000  nop
FFEB3AEC? 2C030000  cmpwi   cr0, r3, 0x0
FFEB3AF0? 40820030  bne     loc_FFEB3B20
FFEB3AF4? 887E0012  lbz     r3, 0x12(r30)
FFEB3AF8? 2C1C0000  cmpwi   cr0, r28, 0x0
FFEB3AFC? 30830001  addic   r4, r3, 0x1
FFEB3B00? 989E0012  stb     r4, 0x12(r30)
FFEB3B04? 88DD0020  lbz     r6, 0x20(r29)
FFEB3B08? 30FCFFFF  addic   r7, r28, -0x1
FFEB3B0C? 7CBE1814  addc    r5, r30, r3
FFEB3B10? 98C50014  stb     r6, 0x14(r5)
FFEB3B14? 54E7063E  clrlwi  r7, r7, 24
FFEB3B18? 60FC0000  ori     r28, r7, 0x0
FFEB3B1C? 4BFFFF88  b       loc_FFEB3AA4
loc_FFEB3B20:
FFEB3B20? B35E000A  sth     r26, 0xA(r30)
loc_FFEB3B24:
FFEB3B24? 3860000B  li      r3, 0xB
FFEB3B28? 987F01A6  stb     r3, 0x1A6(r31)
FFEB3B2C? 80010060  lwz     r0, 0x60(r1)
FFEB3B30? 30210058  addic   r1, r1, 0x58
FFEB3B34? 7C0803A6  mtspr   LR, r0
FFEB3B38? BB01FFE0  lmw     r24, -0x20(r1)
FFEB3B3C? 4E800020  blr
loc_FFEB3B40:
FFEB3B40? B35E000A  sth     r26, 0xA(r30)
FFEB3B44? 4BFFFFE0  b       loc_FFEB3B24
loc_FFEB3B48:
FFEB3B48? B35E000A  sth     r26, 0xA(r30)
FFEB3B4C? 80010060  lwz     r0, 0x60(r1)
FFEB3B50? 30210058  addic   r1, r1, 0x58
FFEB3B54? 7C0803A6  mtspr   LR, r0
FFEB3B58? BB01FFE0  lmw     r24, -0x20(r1)
FFEB3B5C? 4E800020  blr
loc_FFEB3B60:
FFEB3B60? 4BFFFFC4  b       loc_FFEB3B24
loc_FFEB3B64:
FFEB3B64? 4BFFFFC0  b       loc_FFEB3B24
FFEB3B68? 80010060  lwz     r0, 0x60(r1)
FFEB3B6C? 30210058  addic   r1, r1, 0x58
FFEB3B70? 7C0803A6  mtspr   LR, r0
FFEB3B74? BB01FFE0  lmw     r24, -0x20(r1)
FFEB3B78? 4E800020  blr
FFEB3B7C? 7C0802A6  mfspr   r0, LR
FFEB3B80? BF81FFF0  stmw    r28, -0x10(r1)
FFEB3B84? 90010008  stw     r0, 0x8(r1)
FFEB3B88? 9421FFB8  stwu    r1, -0x48(r1)
FFEB3B8C? 609E0000  ori     r30, r4, 0x0
FFEB3B90? 88BE01A8  lbz     r5, 0x1A8(r30)
FFEB3B94? 607D0000  ori     r29, r3, 0x0
FFEB3B98? 2C050000  cmpwi   cr0, r5, 0x0
FFEB3B9C? 83FE0000  lwz     r31, 0x0(r30)
FFEB3BA0? 41820034  beq     loc_FFEB3BD4
FFEB3BA4? 38600002  li      r3, 0x2
FFEB3BA8? 987E01A8  stb     r3, 0x1A8(r30)
FFEB3BAC? 987E01A6  stb     r3, 0x1A6(r30)
FFEB3BB0? 889D0014  lbz     r4, 0x14(r29)
FFEB3BB4? 989F0020  stb     r4, 0x20(r31)
FFEB3BB8? 4800D5C1  bl      sub_FFEC1178
FFEB3BBC? 60000000  nop
FFEB3BC0? 80010050  lwz     r0, 0x50(r1)
FFEB3BC4? 30210048  addic   r1, r1, 0x48
FFEB3BC8? 7C0803A6  mtspr   LR, r0
FFEB3BCC? BB81FFF0  lmw     r28, -0x10(r1)
FFEB3BD0? 4E800020  blr
loc_FFEB3BD4:
FFEB3BD4? 893D0013  lbz     r9, 0x13(r29)
FFEB3BD8? 311D0014  addic   r8, r29, 0x14
FFEB3BDC? 2C090000  cmpwi   cr0, r9, 0x0
FFEB3BE0? 41820018  beq     loc_FFEB3BF8
FFEB3BE4? 7D2903A6  mtspr   CTR, r9
FFEB3BE8? 3128FFFF  addic   r9, r8, -0x1
loc_FFEB3BEC:
FFEB3BEC? 8C890001  lbzu    r4, 0x1(r9)
FFEB3BF0? 989F0020  stb     r4, 0x20(r31)
FFEB3BF4? 4200FFF8  bdnz    loc_FFEB3BEC
loc_FFEB3BF8:
FFEB3BF8? 3B800010  li      r28, 0x10
FFEB3BFC? 4800D57D  bl      sub_FFEC1178
FFEB3C00? 60000000  nop
FFEB3C04? 9B9F0030  stb     r28, 0x30(r31)
FFEB3C08? 4800D571  bl      sub_FFEC1178
FFEB3C0C? 60000000  nop
FFEB3C10? 63C30000  ori     r3, r30, 0x0
FFEB3C14? 48002985  bl      sub_FFEB6598
FFEB3C18? 60000000  nop
FFEB3C1C? 893E01B6  lbz     r9, 0x1B6(r30)
FFEB3C20? 7D290774  extsb   r9, r9
FFEB3C24? 552906FE  clrlwi  r9, r9, 27
FFEB3C28? 28090000  cmplwi  cr0, r9, 0x0
FFEB3C2C? 41820028  beq     loc_FFEB3C54
FFEB3C30? 887D0013  lbz     r3, 0x13(r29)
FFEB3C34? 38A0000B  li      r5, 0xB
FFEB3C38? 7C891810  subfc   r4, r9, r3
FFEB3C3C? 989D0013  stb     r4, 0x13(r29)
FFEB3C40? B0BD000A  sth     r5, 0xA(r29)
FFEB3C44? 38C00001  li      r6, 0x1
FFEB3C48? 98DF0030  stb     r6, 0x30(r31)
FFEB3C4C? 4800D52D  bl      sub_FFEC1178
FFEB3C50? 60000000  nop
loc_FFEB3C54:
FFEB3C54? 80010050  lwz     r0, 0x50(r1)
FFEB3C58? 30210048  addic   r1, r1, 0x48
FFEB3C5C? 7C0803A6  mtspr   LR, r0
FFEB3C60? BB81FFF0  lmw     r28, -0x10(r1)
FFEB3C64? 4E800020  blr
FFEB3C68? 7C0802A6  mfspr   r0, LR
FFEB3C6C? BF81FFF0  stmw    r28, -0x10(r1)
FFEB3C70? 90010008  stw     r0, 0x8(r1)
FFEB3C74? 9421FFB8  stwu    r1, -0x48(r1)
FFEB3C78? 609F0000  ori     r31, r4, 0x0
FFEB3C7C? 607E0000  ori     r30, r3, 0x0
FFEB3C80? 83BF0000  lwz     r29, 0x0(r31)
FFEB3C84? 63E30000  ori     r3, r31, 0x0
FFEB3C88? 48002911  bl      sub_FFEB6598
FFEB3C8C? 60000000  nop
FFEB3C90? 893F01B7  lbz     r9, 0x1B7(r31)
FFEB3C94? 7D290774  extsb   r9, r9
FFEB3C98? 2C090018  cmpwi   cr0, r9, 0x18
FFEB3C9C? 4082001C  bne     loc_FFEB3CB8
FFEB3CA0? 38600000  li      r3, 0x0
FFEB3CA4? 80010050  lwz     r0, 0x50(r1)
FFEB3CA8? 30210048  addic   r1, r1, 0x48
FFEB3CAC? 7C0803A6  mtspr   LR, r0
FFEB3CB0? BB81FFF0  lmw     r28, -0x10(r1)
FFEB3CB4? 4E800020  blr
loc_FFEB3CB8:
FFEB3CB8? 71250005  andi.   r5, r9, 0x5
FFEB3CBC? 4182004C  beq     loc_FFEB3D08
FFEB3CC0? 63E30000  ori     r3, r31, 0x0
FFEB3CC4? 3B800001  li      r28, 0x1
FFEB3CC8? 48002991  bl      sub_FFEB6658
FFEB3CCC? 60000000  nop
FFEB3CD0? 9B9D0030  stb     r28, 0x30(r29)
FFEB3CD4? 4800D4A5  bl      sub_FFEC1178
FFEB3CD8? 60000000  nop
FFEB3CDC? 819F00D4  lwz     r12, 0xD4(r31)
FFEB3CE0? 63C30000  ori     r3, r30, 0x0
FFEB3CE4? 63E40000  ori     r4, r31, 0x0
FFEB3CE8? 4801101D  bl      sub_FFEC4D04
FFEB3CEC? 80410014  lwz     r2, 0x14(r1)
FFEB3CF0? 38600001  li      r3, 0x1
FFEB3CF4? 80010050  lwz     r0, 0x50(r1)
FFEB3CF8? 30210048  addic   r1, r1, 0x48
FFEB3CFC? 7C0803A6  mtspr   LR, r0
FFEB3D00? BB81FFF0  lmw     r28, -0x10(r1)
FFEB3D04? 4E800020  blr
loc_FFEB3D08:
FFEB3D08? 552306B5  rlwinm. r3, r9, 0, 26, 26
FFEB3D0C? 4182000C  beq     loc_FFEB3D18
FFEB3D10? 38600001  li      r3, 0x1
FFEB3D14? B07E000A  sth     r3, 0xA(r30)
loc_FFEB3D18:
FFEB3D18? 38600001  li      r3, 0x1
FFEB3D1C? 80010050  lwz     r0, 0x50(r1)
FFEB3D20? 30210048  addic   r1, r1, 0x48
FFEB3D24? 7C0803A6  mtspr   LR, r0
FFEB3D28? BB81FFF0  lmw     r28, -0x10(r1)
FFEB3D2C? 4E800020  blr
FFEB3D30? 7C0802A6  mfspr   r0, LR
FFEB3D34? BFE1FFFC  stmw    r31, -0x4(r1)
FFEB3D38? 90010008  stw     r0, 0x8(r1)
FFEB3D3C? 9421FFC0  stwu    r1, -0x40(r1)
FFEB3D40? 609F0000  ori     r31, r4, 0x0
FFEB3D44? 80BF0000  lwz     r5, 0x0(r31)
FFEB3D48? 38C00012  li      r6, 0x12
FFEB3D4C? 98C50030  stb     r6, 0x30(r5)
FFEB3D50? 4800D429  bl      sub_FFEC1178
FFEB3D54? 60000000  nop
FFEB3D58? 63E30000  ori     r3, r31, 0x0
FFEB3D5C? 4800283D  bl      sub_FFEB6598
FFEB3D60? 60000000  nop
FFEB3D64? 80010048  lwz     r0, 0x48(r1)
FFEB3D68? 30210040  addic   r1, r1, 0x40
FFEB3D6C? 7C0803A6  mtspr   LR, r0
FFEB3D70? BBE1FFFC  lmw     r31, -0x4(r1)
FFEB3D74? 4E800020  blr
FFEB3D78? 7C0802A6  mfspr   r0, LR
FFEB3D7C? BF81FFF0  stmw    r28, -0x10(r1)
FFEB3D80? 90010008  stw     r0, 0x8(r1)
FFEB3D84? 9421FFB8  stwu    r1, -0x48(r1)
FFEB3D88? 607E0000  ori     r30, r3, 0x0
FFEB3D8C? 83BE0000  lwz     r29, 0x0(r30)
FFEB3D90? 3B800003  li      r28, 0x3
FFEB3D94? 3BE00000  li      r31, 0x0
FFEB3D98? 4800D3E1  bl      sub_FFEC1178
FFEB3D9C? 60000000  nop
FFEB3DA0? 9B9D0030  stb     r28, 0x30(r29)
FFEB3DA4? 4800D3D5  bl      sub_FFEC1178
FFEB3DA8? 60000000  nop
FFEB3DAC? 48000008  b       loc_FFEB3DB4
loc_FFEB3DB0:
FFEB3DB0? 40800038  bge     loc_FFEB3DE8
loc_FFEB3DB4:
FFEB3DB4? 33FF0005  addic   r31, r31, 0x5
FFEB3DB8? 4800D3C1  bl      sub_FFEC1178
FFEB3DBC? 60000000  nop
FFEB3DC0? 4800D3B9  bl      sub_FFEC1178
FFEB3DC4? 60000000  nop
FFEB3DC8? 4800D3B1  bl      sub_FFEC1178
FFEB3DCC? 60000000  nop
FFEB3DD0? 4800D3A9  bl      sub_FFEC1178
FFEB3DD4? 60000000  nop
FFEB3DD8? 4800D3A1  bl      sub_FFEC1178
FFEB3DDC? 60000000  nop
FFEB3DE0? 281F2710  cmplwi  cr0, r31, 0x2710
FFEB3DE4? 4BFFFFCC  b       loc_FFEB3DB0
loc_FFEB3DE8:
FFEB3DE8? 38800001  li      r4, 0x1
FFEB3DEC? 989D0030  stb     r4, 0x30(r29)
FFEB3DF0? 3BE00008  li      r31, 0x8
FFEB3DF4? 4800D385  bl      sub_FFEC1178
FFEB3DF8? 60000000  nop
FFEB3DFC? 63C30000  ori     r3, r30, 0x0
FFEB3E00? 48002859  bl      sub_FFEB6658
FFEB3E04? 60000000  nop
FFEB3E08? 9BFE01A6  stb     r31, 0x1A6(r30)
FFEB3E0C? 80010050  lwz     r0, 0x50(r1)
FFEB3E10? 30210048  addic   r1, r1, 0x48
FFEB3E14? 7C0803A6  mtspr   LR, r0
FFEB3E18? BB81FFF0  lmw     r28, -0x10(r1)
FFEB3E1C? 4E800020  blr
FFEB3E20? 7C0802A6  mfspr   r0, LR
FFEB3E24? 90010008  stw     r0, 0x8(r1)
FFEB3E28? 9421FFC0  stwu    r1, -0x40(r1)
FFEB3E2C? 80830000  lwz     r4, 0x0(r3)
FFEB3E30? 31210038  addic   r9, r1, 0x38
FFEB3E34? 90890000  stw     r4, 0x0(r9)
FFEB3E38? 80A90000  lwz     r5, 0x0(r9)
FFEB3E3C? 38C0001A  li      r6, 0x1A
FFEB3E40? 98C50030  stb     r6, 0x30(r5)
FFEB3E44? 4800D335  bl      sub_FFEC1178
FFEB3E48? 60000000  nop
FFEB3E4C? 80010048  lwz     r0, 0x48(r1)
FFEB3E50? 30210040  addic   r1, r1, 0x40
FFEB3E54? 7C0803A6  mtspr   LR, r0
FFEB3E58? 4E800020  blr
FFEB3E5C? 9421FFC0  stwu    r1, -0x40(r1)
FFEB3E60? 80650000  lwz     r3, 0x0(r5)
FFEB3E64? 90610038  stw     r3, 0x38(r1)
FFEB3E68? 30210040  addic   r1, r1, 0x40
FFEB3E6C? 4E800020  blr
FFEB3E70? 7C0802A6  mfspr   r0, LR
FFEB3E74? BF61FFEC  stmw    r27, -0x14(r1)
FFEB3E78? 90010008  stw     r0, 0x8(r1)
FFEB3E7C? 9421FFA8  stwu    r1, -0x58(r1)
FFEB3E80? 609F0000  ori     r31, r4, 0x0
FFEB3E84? 80BF0000  lwz     r5, 0x0(r31)
FFEB3E88? 33810038  addic   r28, r1, 0x38
FFEB3E8C? 90A1003C  stw     r5, 0x3C(r1)
FFEB3E90? 33A1003C  addic   r29, r1, 0x3C
FFEB3E94? 83C30004  lwz     r30, 0x4(r3)
loc_FFEB3E98:
FFEB3E98? 893F01A6  lbz     r9, 0x1A6(r31)
FFEB3E9C? 480000A4  b       loc_FFEB3F40
loc_FFEB3EA0:
FFEB3EA0? 809F0000  lwz     r4, 0x0(r31)
FFEB3EA4? 38C00010  li      r6, 0x10
FFEB3EA8? 909D0000  stw     r4, 0x0(r29)
FFEB3EAC? 80BD0000  lwz     r5, 0x0(r29)
FFEB3EB0? 98C50030  stb     r6, 0x30(r5)
FFEB3EB4? 4800D2C5  bl      sub_FFEC1178
FFEB3EB8? 60000000  nop
FFEB3EBC? 63E30000  ori     r3, r31, 0x0
FFEB3EC0? 480026D9  bl      sub_FFEB6598
FFEB3EC4? 60000000  nop
FFEB3EC8? 819D0000  lwz     r12, 0x0(r29)
FFEB3ECC? 801E0040  lwz     r0, 0x40(r30)
FFEB3ED0? 898C0020  lbz     r12, 0x20(r12)
FFEB3ED4? 3000FFFF  addic   r0, r0, -0x1
FFEB3ED8? 901E0040  stw     r0, 0x40(r30)
FFEB3EDC? 7D800774  extsb   r0, r12
FFEB3EE0? 5400063E  clrlwi  r0, r0, 24
FFEB3EE4? 981C0000  stb     r0, 0x0(r28)
FFEB3EE8? 4800D291  bl      sub_FFEC1178
FFEB3EEC? 60000000  nop
FFEB3EF0? 4BFFFFA8  b       loc_FFEB3E98
loc_FFEB3EF4:
FFEB3EF4? 809D0000  lwz     r4, 0x0(r29)
FFEB3EF8? 38A0FFEE  li      r5, -0x12
FFEB3EFC? 98A40020  stb     r5, 0x20(r4)
FFEB3F00? 3B600010  li      r27, 0x10
FFEB3F04? 4800D275  bl      sub_FFEC1178
FFEB3F08? 60000000  nop
FFEB3F0C? 801F0000  lwz     r0, 0x0(r31)
FFEB3F10? 901D0000  stw     r0, 0x0(r29)
FFEB3F14? 819D0000  lwz     r12, 0x0(r29)
FFEB3F18? 9B6C0030  stb     r27, 0x30(r12)
FFEB3F1C? 4800D25D  bl      sub_FFEC1178
FFEB3F20? 60000000  nop
FFEB3F24? 63E30000  ori     r3, r31, 0x0
FFEB3F28? 48002671  bl      sub_FFEB6598
FFEB3F2C? 60000000  nop
FFEB3F30? 801E0040  lwz     r0, 0x40(r30)
FFEB3F34? 3000FFFF  addic   r0, r0, -0x1
FFEB3F38? 901E0040  stw     r0, 0x40(r30)
FFEB3F3C? 4BFFFF5C  b       loc_FFEB3E98
loc_FFEB3F40:
FFEB3F40? 2C090001  cmpwi   cr0, r9, 0x1
FFEB3F44? 4182FF5C  beq     loc_FFEB3EA0
FFEB3F48? 2C090000  cmpwi   cr0, r9, 0x0
FFEB3F4C? 4182FFA8  beq     loc_FFEB3EF4
FFEB3F50? 80010060  lwz     r0, 0x60(r1)
FFEB3F54? 30210058  addic   r1, r1, 0x58
FFEB3F58? 7C0803A6  mtspr   LR, r0
FFEB3F5C? BB61FFEC  lmw     r27, -0x14(r1)
FFEB3F60? 4E800020  blr
FFEB3F64? 4E800020  blr
FFEB3F68? 4E800020  blr
FFEB3F6C? 7C0802A6  mfspr   r0, LR
FFEB3F70? 90010008  stw     r0, 0x8(r1)
FFEB3F74? 9421FFC8  stwu    r1, -0x38(r1)
FFEB3F78? 818400FC  lwz     r12, 0xFC(r4)
FFEB3F7C? 48010D89  bl      sub_FFEC4D04
FFEB3F80? 80410014  lwz     r2, 0x14(r1)
FFEB3F84? 80010040  lwz     r0, 0x40(r1)
FFEB3F88? 30210038  addic   r1, r1, 0x38
FFEB3F8C? 7C0803A6  mtspr   LR, r0
FFEB3F90? 4E800020  blr
FFEB3F94? 7C0802A6  mfspr   r0, LR
FFEB3F98? 90010008  stw     r0, 0x8(r1)
FFEB3F9C? 9421FFC8  stwu    r1, -0x38(r1)
FFEB3FA0? 818300F8  lwz     r12, 0xF8(r3)
FFEB3FA4? 48010D61  bl      sub_FFEC4D04
FFEB3FA8? 80410014  lwz     r2, 0x14(r1)
FFEB3FAC? 80010040  lwz     r0, 0x40(r1)
FFEB3FB0? 30210038  addic   r1, r1, 0x38
FFEB3FB4? 7C0803A6  mtspr   LR, r0
FFEB3FB8? 4E800020  blr
FFEB3FBC? 7C0802A6  mfspr   r0, LR
FFEB3FC0? 90010008  stw     r0, 0x8(r1)
FFEB3FC4? 9421FFC8  stwu    r1, -0x38(r1)
FFEB3FC8? 818300F4  lwz     r12, 0xF4(r3)
FFEB3FCC? 48010D39  bl      sub_FFEC4D04
FFEB3FD0? 80410014  lwz     r2, 0x14(r1)
FFEB3FD4? 80010040  lwz     r0, 0x40(r1)
FFEB3FD8? 30210038  addic   r1, r1, 0x38
FFEB3FDC? 7C0803A6  mtspr   LR, r0
FFEB3FE0? 4E800020  blr
FFEB3FE4* 7C0802A6  mfspr   r0, LR
FFEB3FE8* BFA1FFF4  stmw    r29, -0xC(r1)
FFEB3FEC* 90010008  stw     r0, 0x8(r1)
FFEB3FF0* 9421FFB8  stwu    r1, -0x48(r1)
FFEB3FF4* 609F0000  ori     r31, r4, 0x0
FFEB3FF8* 607E0000  ori     r30, r3, 0x0
FFEB3FFC* 819F0034  lwz     r12, 0x34(r31)
FFEB4000* 8BBE0000  lbz     r29, 0x0(r30)
FFEB4004* 63E30000  ori     r3, r31, 0x0
FFEB4008* 48010CFD  bl      sub_FFEC4D04
FFEB400C* 80410014  lwz     r2, 0x14(r1)
FFEB4010* 987E0000  stb     r3, 0x0(r30)
FFEB4014* 2C1D0000  cmpwi   cr0, r29, 0x0
FFEB4018* 41820028  beq     loc_FFEB4040
FFEB401C* 819F002C  lwz     r12, 0x2C(r31)
FFEB4020* 63E30000  ori     r3, r31, 0x0
FFEB4024* 48010CE1  bl      sub_FFEC4D04
FFEB4028* 80410014  lwz     r2, 0x14(r1)
FFEB402C* 80010050  lwz     r0, 0x50(r1)
FFEB4030* 30210048  addic   r1, r1, 0x48
FFEB4034* 7C0803A6  mtspr   LR, r0
FFEB4038* BBA1FFF4  lmw     r29, -0xC(r1)
FFEB403C* 4E800020  blr
loc_FFEB4040:
FFEB4040* 819F0030  lwz     r12, 0x30(r31)
FFEB4044* 63E30000  ori     r3, r31, 0x0
FFEB4048* 48010CBD  bl      sub_FFEC4D04
FFEB404C* 80410014  lwz     r2, 0x14(r1)
FFEB4050* 80010050  lwz     r0, 0x50(r1)
FFEB4054* 30210048  addic   r1, r1, 0x48
FFEB4058* 7C0803A6  mtspr   LR, r0
FFEB405C* BBA1FFF4  lmw     r29, -0xC(r1)
FFEB4060* 4E800020  blr

sub_FFEB4064:
FFEB4064? 7C0802A6  mfspr   r0, LR
FFEB4068? BF61FFEC  stmw    r27, -0x14(r1)
FFEB406C? 90010008  stw     r0, 0x8(r1)
FFEB4070? 9421FF60  stwu    r1, -0xA0(r1)
FFEB4074? 607F0000  ori     r31, r3, 0x0
FFEB4078? 38602000  li      r3, 0x2000
FFEB407C? 33610038  addic   r27, r1, 0x38
FFEB4080? 3381003C  addic   r28, r1, 0x3C
FFEB4084? 33A10084  addic   r29, r1, 0x84
FFEB4088? 48010B5D  bl      sub_FFEC4BE4
FFEB408C? 80410014  lwz     r2, 0x14(r1)
FFEB4090? 60690000  ori     r9, r3, 0x0
FFEB4094? 2C090000  cmpwi   cr0, r9, 0x0
FFEB4098? 4082001C  bne     loc_FFEB40B4
FFEB409C? 3860FF94  li      r3, -0x6C
FFEB40A0? 800100A8  lwz     r0, 0xA8(r1)
FFEB40A4? 302100A0  addic   r1, r1, 0xA0
FFEB40A8? 7C0803A6  mtspr   LR, r0
FFEB40AC? BB61FFEC  lmw     r27, -0x14(r1)
FFEB40B0? 4E800020  blr
loc_FFEB40B4:
FFEB40B4? 61230000  ori     r3, r9, 0x0
FFEB40B8? 30A3FFFF  addic   r5, r3, -0x1
FFEB40BC? 54A50026  clrrwi  r5, r5, 12
FFEB40C0? 33C51000  addic   r30, r5, 0x1000
FFEB40C4? 309E1000  addic   r4, r30, 0x1000
FFEB40C8? 7C832010  subfc   r4, r3, r4
FFEB40CC? 48010B79  bl      sub_FFEC4C44
FFEB40D0? 80410014  lwz     r2, 0x14(r1)
FFEB40D4? 63C30000  ori     r3, r30, 0x0
FFEB40D8? 38801000  li      r4, 0x1000
FFEB40DC? 48010B81  bl      sub_FFEC4C5C
FFEB40E0? 80410014  lwz     r2, 0x14(r1)
FFEB40E4? 60690000  ori     r9, r3, 0x0
FFEB40E8? 2C090000  cmpwi   cr0, r9, 0x0
FFEB40EC? 39001000  li      r8, 0x1000
FFEB40F0? 4182001C  beq     loc_FFEB410C
FFEB40F4? 61230000  ori     r3, r9, 0x0
FFEB40F8? 800100A8  lwz     r0, 0xA8(r1)
FFEB40FC? 302100A0  addic   r1, r1, 0xA0
FFEB4100? 7C0803A6  mtspr   LR, r0
FFEB4104? BB61FFEC  lmw     r27, -0x14(r1)
FFEB4108? 4E800020  blr
loc_FFEB410C:
FFEB410C? 93DD0000  stw     r30, 0x0(r29)
FFEB4110? 911D0004  stw     r8, 0x4(r29)
FFEB4114? 7C7D44AA  lswi    r3, r29, 0x8
FFEB4118? 7C7C45AA  stswi   r3, r28, 0x8
FFEB411C? 38A00001  li      r5, 0x1
FFEB4120? 90BB0000  stw     r5, 0x0(r27)
FFEB4124? 63830000  ori     r3, r28, 0x0
FFEB4128? 63640000  ori     r4, r27, 0x0
FFEB412C? 3BA00200  li      r29, 0x200
FFEB4130? 480109DD  bl      sub_FFEC4B0C
FFEB4134? 80410014  lwz     r2, 0x14(r1)
FFEB4138? 801C0008  lwz     r0, 0x8(r28)
FFEB413C? 38600000  li      r3, 0x0
FFEB4140? 901F0074  stw     r0, 0x74(r31)
FFEB4144? 93DF0078  stw     r30, 0x78(r31)
FFEB4148? 93BF0084  stw     r29, 0x84(r31)
FFEB414C? 800100A8  lwz     r0, 0xA8(r1)
FFEB4150? 302100A0  addic   r1, r1, 0xA0
FFEB4154? 7C0803A6  mtspr   LR, r0
FFEB4158? BB61FFEC  lmw     r27, -0x14(r1)
FFEB415C? 4E800020  blr

sub_FFEB4160:
FFEB4160* 7C0802A6  mfspr   r0, LR
FFEB4164* BEA1FFD4  stmw    r21, -0x2C(r1)
FFEB4168* 90010008  stw     r0, 0x8(r1)
FFEB416C* 9421FF98  stwu    r1, -0x68(r1)
FFEB4170* 38800001  li      r4, 0x1
FFEB4174* 607E0000  ori     r30, r3, 0x0
FFEB4178* 90810038  stw     r4, 0x38(r1)
FFEB417C* 88BE00C1  lbz     r5, 0xC1(r30)
FFEB4180* 32A10038  addic   r21, r1, 0x38
FFEB4184* 54A507BD  rlwinm. r5, r5, 0, 30, 30
FFEB4188* 3B400000  li      r26, 0x0
FFEB418C* 3B000000  li      r24, 0x0
FFEB4190* 41820018  beq     loc_FFEB41A8
FFEB4194  80010070  lwz     r0, 0x70(r1)
FFEB4198  30210068  addic   r1, r1, 0x68
FFEB419C  7C0803A6  mtspr   LR, r0
FFEB41A0  BAA1FFD4  lmw     r21, -0x2C(r1)
FFEB41A4  4E800020  blr
loc_FFEB41A8:
FFEB41A8* 889E0066  lbz     r4, 0x66(r30)
FFEB41AC* 2C040002  cmpwi   cr0, r4, 0x2
FFEB41B0* 408200C0  bne     loc_FFEB4270
FFEB41B4  A09E0036  lhz     r4, 0x36(r30)
FFEB41B8  82FE0028  lwz     r23, 0x28(r30)
FFEB41BC  2C040000  cmpwi   cr0, r4, 0x0
FFEB41C0  3B200000  li      r25, 0x0
FFEB41C4  4081013C  ble     loc_FFEB4300
FFEB41C8  3EC00000  lis     r22, 0x0000
FFEB41CC  33F7FFFC  addic   r31, r23, -0x4
FFEB41D0  3BA00000  li      r29, 0x0
FFEB41D4  62D68000  ori     r22, r22, 0x8000
loc_FFEB41D8:
FFEB41D8  408101BC  ble     loc_FFEB4394
FFEB41DC  879F0008  lwzu    r28, 0x8(r31)
FFEB41E0  281C0200  cmplwi  cr0, r28, 0x200
FFEB41E4  40810058  ble     loc_FFEB423C
FFEB41E8  7F77E82E  lwzx    r27, r23, r29
FFEB41EC  48010A89  bl      sub_FFEC4C74
FFEB41F0  80410014  lwz     r2, 0x14(r1)
FFEB41F4  7C1B1840  cmplw   r27, r3
FFEB41F8  40800068  bge     loc_FFEB4260
FFEB41FC  80BE0014  lwz     r5, 0x14(r30)
FFEB4200  7CA6B039  and.    r6, r5, r22
FFEB4204  40820028  bne     loc_FFEB422C
FFEB4208  63630000  ori     r3, r27, 0x0
FFEB420C  63840000  ori     r4, r28, 0x0
FFEB4210  48010A4D  bl      sub_FFEC4C5C
FFEB4214  80410014  lwz     r2, 0x14(r1)
FFEB4218  2C030000  cmpwi   cr0, r3, 0x0
FFEB421C  40820034  bne     loc_FFEB4250
FFEB4220  88BE00C1  lbz     r5, 0xC1(r30)
FFEB4224  60A50002  ori     r5, r5, 0x2
FFEB4228  98BE00C1  stb     r5, 0xC1(r30)
loc_FFEB422C:
FFEB422C  2C1A0000  cmpwi   cr0, r26, 0x0
FFEB4230  4082000C  bne     loc_FFEB423C
FFEB4234  637A0000  ori     r26, r27, 0x0
FFEB4238  63980000  ori     r24, r28, 0x0
loc_FFEB423C:
FFEB423C  A0BE0036  lhz     r5, 0x36(r30)
FFEB4240  33390001  addic   r25, r25, 0x1
FFEB4244  33BD0008  addic   r29, r29, 0x8
FFEB4248  7C05C800  cmpw    r5, r25
FFEB424C  4BFFFF8C  b       loc_FFEB41D8
loc_FFEB4250:
FFEB4250  889E00C1  lbz     r4, 0xC1(r30)
FFEB4254  60840004  ori     r4, r4, 0x4
FFEB4258  989E00C1  stb     r4, 0xC1(r30)
FFEB425C  480000A4  b       loc_FFEB4300
loc_FFEB4260:
FFEB4260  889E00C1  lbz     r4, 0xC1(r30)
FFEB4264  60840004  ori     r4, r4, 0x4
FFEB4268  989E00C1  stb     r4, 0xC1(r30)
FFEB426C  48000094  b       loc_FFEB4300
loc_FFEB4270:
FFEB4270* 831E002C  lwz     r24, 0x2C(r30)
FFEB4274* 28180200  cmplwi  cr0, r24, 0x200
FFEB4278* 41810018  bgt     loc_FFEB4290
FFEB427C* 80010070  lwz     r0, 0x70(r1)
FFEB4280* 30210068  addic   r1, r1, 0x68
FFEB4284* 7C0803A6  mtspr   LR, r0
FFEB4288* BAA1FFD4  lmw     r21, -0x2C(r1)
FFEB428C* 4E800020  blr
loc_FFEB4290:
FFEB4290  835E0028  lwz     r26, 0x28(r30)
FFEB4294  480109E1  bl      sub_FFEC4C74
FFEB4298  80410014  lwz     r2, 0x14(r1)
FFEB429C  7C1A1840  cmplw   r26, r3
FFEB42A0  41800024  blt     loc_FFEB42C4
FFEB42A4  887E00C1  lbz     r3, 0xC1(r30)
FFEB42A8  60630004  ori     r3, r3, 0x4
FFEB42AC  987E00C1  stb     r3, 0xC1(r30)
FFEB42B0  80010070  lwz     r0, 0x70(r1)
FFEB42B4  30210068  addic   r1, r1, 0x68
FFEB42B8  7C0803A6  mtspr   LR, r0
FFEB42BC  BAA1FFD4  lmw     r21, -0x2C(r1)
FFEB42C0  4E800020  blr
loc_FFEB42C4:
FFEB42C4  809E0014  lwz     r4, 0x14(r30)
FFEB42C8  54840421  rlwinm. r4, r4, 0, 16, 16
FFEB42CC  40820034  bne     loc_FFEB4300
FFEB42D0  63430000  ori     r3, r26, 0x0
FFEB42D4  63040000  ori     r4, r24, 0x0
FFEB42D8  48010985  bl      sub_FFEC4C5C
FFEB42DC  80410014  lwz     r2, 0x14(r1)
FFEB42E0  2C030000  cmpwi   cr0, r3, 0x0
FFEB42E4  893E00C1  lbz     r9, 0xC1(r30)
FFEB42E8  41820010  beq     loc_FFEB42F8
FFEB42EC  61240004  ori     r4, r9, 0x4
FFEB42F0  989E00C1  stb     r4, 0xC1(r30)
FFEB42F4  4800000C  b       loc_FFEB4300
loc_FFEB42F8:
FFEB42F8  61240002  ori     r4, r9, 0x2
FFEB42FC  989E00C1  stb     r4, 0xC1(r30)
loc_FFEB4300:
FFEB4300  889E00C1  lbz     r4, 0xC1(r30)
FFEB4304  5484077B  rlwinm. r4, r4, 0, 29, 29
FFEB4308  40820090  bne     loc_FFEB4398
FFEB430C  2C1A0000  cmpwi   cr0, r26, 0x0
FFEB4310  41820088  beq     loc_FFEB4398
FFEB4314  2C180000  cmpwi   cr0, r24, 0x0
FFEB4318  41820080  beq     loc_FFEB4398
FFEB431C  935E00E0  stw     r26, 0xE0(r30)
FFEB4320  931E00E4  stw     r24, 0xE4(r30)
FFEB4324  307E00E0  addic   r3, r30, 0xE0
FFEB4328  62A40000  ori     r4, r21, 0x0
FFEB432C  480107E1  bl      sub_FFEC4B0C
FFEB4330  80410014  lwz     r2, 0x14(r1)
FFEB4334  2C030000  cmpwi   cr0, r3, 0x0
FFEB4338  41820024  beq     loc_FFEB435C
FFEB433C  887E00C1  lbz     r3, 0xC1(r30)
FFEB4340  60630004  ori     r3, r3, 0x4
FFEB4344  987E00C1  stb     r3, 0xC1(r30)
FFEB4348  80010070  lwz     r0, 0x70(r1)
FFEB434C  30210068  addic   r1, r1, 0x68
FFEB4350  7C0803A6  mtspr   LR, r0
FFEB4354  BAA1FFD4  lmw     r21, -0x2C(r1)
FFEB4358  4E800020  blr
loc_FFEB435C:
FFEB435C  813E00E0  lwz     r9, 0xE0(r30)
FFEB4360  7C09D040  cmplw   r9, r26
FFEB4364  40820034  bne     loc_FFEB4398
FFEB4368  807E00EC  lwz     r3, 0xEC(r30)
FFEB436C  7C891814  addc    r4, r9, r3
FFEB4370  909E00E0  stw     r4, 0xE0(r30)
FFEB4374  80BE00E4  lwz     r5, 0xE4(r30)
FFEB4378  7CC32810  subfc   r6, r3, r5
FFEB437C  90DE00E4  stw     r6, 0xE4(r30)
FFEB4380  80010070  lwz     r0, 0x70(r1)
FFEB4384  30210068  addic   r1, r1, 0x68
FFEB4388  7C0803A6  mtspr   LR, r0
FFEB438C  BAA1FFD4  lmw     r21, -0x2C(r1)
FFEB4390  4E800020  blr
loc_FFEB4394:
FFEB4394  4BFFFF6C  b       loc_FFEB4300
loc_FFEB4398:
FFEB4398  80010070  lwz     r0, 0x70(r1)
FFEB439C  30210068  addic   r1, r1, 0x68
FFEB43A0  7C0803A6  mtspr   LR, r0
FFEB43A4  BAA1FFD4  lmw     r21, -0x2C(r1)
FFEB43A8  4E800020  blr

sub_FFEB43AC:
FFEB43AC? 7C0802A6  mfspr   r0, LR
FFEB43B0? BF21FFE4  stmw    r25, -0x1C(r1)
FFEB43B4? 90010008  stw     r0, 0x8(r1)
FFEB43B8? 9421FFA8  stwu    r1, -0x58(r1)
FFEB43BC? 60790000  ori     r25, r3, 0x0
FFEB43C0? 88B90066  lbz     r5, 0x66(r25)
FFEB43C4? 83590028  lwz     r26, 0x28(r25)
FFEB43C8? 2C050002  cmpwi   cr0, r5, 0x2
FFEB43CC? 40820064  bne     loc_FFEB4430
FFEB43D0? A1390036  lhz     r9, 0x36(r25)
FFEB43D4? 3BA00000  li      r29, 0x0
FFEB43D8? 2C090000  cmpwi   cr0, r9, 0x0
FFEB43DC? 40810064  ble     loc_FFEB4440
FFEB43E0? 33FAFFFC  addic   r31, r26, -0x4
FFEB43E4? 3BC00000  li      r30, 0x0
loc_FFEB43E8:
FFEB43E8? 40810058  ble     loc_FFEB4440
FFEB43EC? 879F0008  lwzu    r28, 0x8(r31)
FFEB43F0? 281C0200  cmplwi  cr0, r28, 0x200
FFEB43F4? 4081002C  ble     loc_FFEB4420
FFEB43F8? 7F7ED02E  lwzx    r27, r30, r26
FFEB43FC? 48010879  bl      sub_FFEC4C74
FFEB4400? 80410014  lwz     r2, 0x14(r1)
FFEB4404? 7C1B1840  cmplw   r27, r3
FFEB4408? 40800038  bge     loc_FFEB4440
FFEB440C? 63630000  ori     r3, r27, 0x0
FFEB4410? 63840000  ori     r4, r28, 0x0
FFEB4414? 480108A9  bl      sub_FFEC4CBC
FFEB4418? 80410014  lwz     r2, 0x14(r1)
FFEB441C? A1390036  lhz     r9, 0x36(r25)
loc_FFEB4420:
FFEB4420? 33BD0001  addic   r29, r29, 0x1
FFEB4424? 33DE0008  addic   r30, r30, 0x8
FFEB4428? 7C09E800  cmpw    r9, r29
FFEB442C? 4BFFFFBC  b       loc_FFEB43E8
loc_FFEB4430:
FFEB4430? 8099002C  lwz     r4, 0x2C(r25)
FFEB4434? 63430000  ori     r3, r26, 0x0
FFEB4438? 48010885  bl      sub_FFEC4CBC
FFEB443C? 80410014  lwz     r2, 0x14(r1)
loc_FFEB4440:
FFEB4440? 80010060  lwz     r0, 0x60(r1)
FFEB4444? 30210058  addic   r1, r1, 0x58
FFEB4448? 7C0803A6  mtspr   LR, r0
FFEB444C? BB21FFE4  lmw     r25, -0x1C(r1)
FFEB4450? 4E800020  blr

sub_FFEB4454:
FFEB4454  80830020  lwz     r4, 0x20(r3)
FFEB4458  88A40000  lbz     r5, 0x0(r4)
FFEB445C  54A507FA  rlwinm  r5, r5, 0, 31, 29
FFEB4460  98A40000  stb     r5, 0x0(r4)
FFEB4464  4E800020  blr
FFEB4468? 7C0802A6  mfspr   r0, LR
FFEB446C? BFC1FFF8  stmw    r30, -0x8(r1)
FFEB4470? 90010008  stw     r0, 0x8(r1)
FFEB4474? 9421FFC0  stwu    r1, -0x40(r1)
FFEB4478? 9081005C  stw     r4, 0x5C(r1)
FFEB447C? 3121005C  addic   r9, r1, 0x5C
FFEB4480? 80A30024  lwz     r5, 0x24(r3)
FFEB4484? 88890000  lbz     r4, 0x0(r9)
FFEB4488? 83E30020  lwz     r31, 0x20(r3)
FFEB448C? 98850000  stb     r4, 0x0(r5)
FFEB4490? 88E90001  lbz     r7, 0x1(r9)
FFEB4494? 54DE063E  clrlwi  r30, r6, 24
FFEB4498? 98E50001  stb     r7, 0x1(r5)
FFEB449C? 89490002  lbz     r10, 0x2(r9)
FFEB44A0? 99450002  stb     r10, 0x2(r5)
FFEB44A4? 89690003  lbz     r11, 0x3(r9)
FFEB44A8? 99650003  stb     r11, 0x3(r5)
FFEB44AC? 4800CCCD  bl      sub_FFEC1178
FFEB44B0? 60000000  nop
FFEB44B4? 2C1E0000  cmpwi   cr0, r30, 0x0
FFEB44B8? 41820014  beq     loc_FFEB44CC
FFEB44BC? 887F0000  lbz     r3, 0x0(r31)
FFEB44C0? 546306B0  rlwinm  r3, r3, 0, 26, 24
FFEB44C4? 987F0000  stb     r3, 0x0(r31)
FFEB44C8? 48000010  b       loc_FFEB44D8
loc_FFEB44CC:
FFEB44CC? 887F0000  lbz     r3, 0x0(r31)
FFEB44D0? 60630040  ori     r3, r3, 0x40
FFEB44D4? 987F0000  stb     r3, 0x0(r31)
loc_FFEB44D8:
FFEB44D8? 887F0000  lbz     r3, 0x0(r31)
FFEB44DC? 60630002  ori     r3, r3, 0x2
FFEB44E0? 987F0000  stb     r3, 0x0(r31)
FFEB44E4? 4800CC95  bl      sub_FFEC1178
FFEB44E8? 60000000  nop
FFEB44EC? 80010048  lwz     r0, 0x48(r1)
FFEB44F0? 30210040  addic   r1, r1, 0x40
FFEB44F4? 7C0803A6  mtspr   LR, r0
FFEB44F8? BBC1FFF8  lmw     r30, -0x8(r1)
FFEB44FC? 4E800020  blr
FFEB4500? 4E800020  blr
FFEB4504? 81830020  lwz     r12, 0x20(r3)
FFEB4508? 888C0000  lbz     r4, 0x0(r12)
FFEB450C? 548407FA  rlwinm  r4, r4, 0, 31, 29
FFEB4510? 988C0000  stb     r4, 0x0(r12)
FFEB4514? 88AC0000  lbz     r5, 0x0(r12)
FFEB4518? 54A506F7  rlwinm. r5, r5, 0, 27, 27
loc_FFEB451C:
FFEB451C? 4182001C  beq     loc_FFEB4538
FFEB4520? 886C0000  lbz     r3, 0x0(r12)
FFEB4524? 60630010  ori     r3, r3, 0x10
FFEB4528? 986C0000  stb     r3, 0x0(r12)
FFEB452C? 888C0000  lbz     r4, 0x0(r12)
FFEB4530? 548406F7  rlwinm. r4, r4, 0, 27, 27
FFEB4534? 4BFFFFE8  b       loc_FFEB451C
loc_FFEB4538:
FFEB4538? 4E800020  blr
FFEB453C? 80830020  lwz     r4, 0x20(r3)
FFEB4540? 88A40000  lbz     r5, 0x0(r4)
FFEB4544? 54A507FA  rlwinm  r5, r5, 0, 31, 29
FFEB4548? 98A40000  stb     r5, 0x0(r4)
FFEB454C? 4E800020  blr

sub_FFEB4550:
FFEB4550? 7C0802A6  mfspr   r0, LR
FFEB4554? BFE1FFFC  stmw    r31, -0x4(r1)
FFEB4558? 90010008  stw     r0, 0x8(r1)
FFEB455C? 9421FFC0  stwu    r1, -0x40(r1)
FFEB4560? 607F0000  ori     r31, r3, 0x0
FFEB4564? 809F0000  lwz     r4, 0x0(r31)
FFEB4568? 38A00010  li      r5, 0x10
FFEB456C? 98A40030  stb     r5, 0x30(r4)
FFEB4570? 4800CC09  bl      sub_FFEC1178
FFEB4574? 60000000  nop
FFEB4578? 63E30000  ori     r3, r31, 0x0
FFEB457C? 4800201D  bl      sub_FFEB6598
FFEB4580? 60000000  nop
FFEB4584? 80010048  lwz     r0, 0x48(r1)
FFEB4588? 30210040  addic   r1, r1, 0x40
FFEB458C? 7C0803A6  mtspr   LR, r0
FFEB4590? BBE1FFFC  lmw     r31, -0x4(r1)
FFEB4594? 4E800020  blr
FFEB4598? 88E401A6  lbz     r7, 0x1A6(r4)
FFEB459C? 2C070001  cmpwi   cr0, r7, 0x1
FFEB45A0? 4182000C  beq     loc_FFEB45AC
FFEB45A4? 60A30000  ori     r3, r5, 0x0
FFEB45A8? 4E800020  blr
loc_FFEB45AC:
FFEB45AC? 7C0802A6  mfspr   r0, LR
FFEB45B0? 7D800026  mfcr    r12
FFEB45B4? BDE1FFBC  stmw    r15, -0x44(r1)
FFEB45B8? 90010008  stw     r0, 0x8(r1)
FFEB45BC? 91810004  stw     r12, 0x4(r1)
FFEB45C0? 9421FF80  stwu    r1, -0x80(r1)
FFEB45C4? 60BA0000  ori     r26, r5, 0x0
FFEB45C8? 2C1A0000  cmpwi   cr0, r26, 0x0
FFEB45CC? 609E0000  ori     r30, r4, 0x0
FFEB45D0? 60DB0000  ori     r27, r6, 0x0
FFEB45D4? 607D0000  ori     r29, r3, 0x0
FFEB45D8? 32410038  addic   r18, r1, 0x38
FFEB45DC? 88FE01A6  lbz     r7, 0x1A6(r30)
FFEB45E0? 839E0000  lwz     r28, 0x0(r30)
FFEB45E4? 40820024  bne     loc_FFEB4608
FFEB45E8? 38600000  li      r3, 0x0
FFEB45EC? 80010088  lwz     r0, 0x88(r1)
FFEB45F0? 81810084  lwz     r12, 0x84(r1)
FFEB45F4? 30210080  addic   r1, r1, 0x80
FFEB45F8? 7C0803A6  mtspr   LR, r0
FFEB45FC? B9E1FFBC  lmw     r15, -0x44(r1)
FFEB4600? 7D838120  mtcrf   0x38, r12
FFEB4604? 4E800020  blr
loc_FFEB4608:
FFEB4608? 281A0002  cmplwi  cr0, r26, 0x2
FFEB460C? 40800050  bge     loc_FFEB465C
FFEB4610? 38800010  li      r4, 0x10
FFEB4614? 989C0030  stb     r4, 0x30(r28)
FFEB4618? 4800CB61  bl      sub_FFEC1178
FFEB461C? 60000000  nop
FFEB4620? 63C30000  ori     r3, r30, 0x0
FFEB4624? 48001F75  bl      sub_FFEB6598
FFEB4628? 60000000  nop
FFEB462C? 8BFC0020  lbz     r31, 0x20(r28)
FFEB4630? 9BFB0000  stb     r31, 0x0(r27)
FFEB4634? 4800CB45  bl      sub_FFEC1178
FFEB4638? 60000000  nop
FFEB463C? 38600000  li      r3, 0x0
FFEB4640? 80010088  lwz     r0, 0x88(r1)
FFEB4644? 81810084  lwz     r12, 0x84(r1)
FFEB4648? 30210080  addic   r1, r1, 0x80
FFEB464C? 7C0803A6  mtspr   LR, r0
FFEB4650? B9E1FFBC  lmw     r15, -0x44(r1)
FFEB4654? 7D838120  mtcrf   0x38, r12
FFEB4658? 4E800020  blr
loc_FFEB465C:
FFEB465C? 809E0218  lwz     r4, 0x218(r30)
FFEB4660? 7F692039  and.    r9, r27, r4
FFEB4664? 41820094  beq     loc_FFEB46F8
FFEB4668? 889E0055  lbz     r4, 0x55(r30)
FFEB466C? 80BD0014  lwz     r5, 0x14(r29)
FFEB4670? 7F292011  subfc.  r25, r9, r4
FFEB4674? 2D190000  cmpwi   cr2, r25, 0x0
FFEB4678? 54A504A5  rlwinm. r5, r5, 0, 18, 18
FFEB467C? 41820010  beq     loc_FFEB468C
FFEB4680? 3860000E  li      r3, 0xE
FFEB4684? 48010429  bl      sub_FFEC4AAC
FFEB4688? 80410014  lwz     r2, 0x14(r1)
loc_FFEB468C:
FFEB468C? 418A006C  beq     cr2, loc_FFEB46F8
FFEB4690? 33FBFFFF  addic   r31, r27, -0x1
FFEB4694? 3B600010  li      r27, 0x10
FFEB4698? 3B000001  li      r24, 0x1
FFEB469C? 48000014  b       loc_FFEB46B0
loc_FFEB46A0:
FFEB46A0? 4182032C  beq     loc_FFEB49CC
FFEB46A4? 887E01A6  lbz     r3, 0x1A6(r30)
FFEB46A8? 2C030001  cmpwi   cr0, r3, 0x1
FFEB46AC? 40820300  bne     loc_FFEB49AC
loc_FFEB46B0:
FFEB46B0? 9B7C0030  stb     r27, 0x30(r28)
FFEB46B4? 335AFFFF  addic   r26, r26, -0x1
FFEB46B8? 3339FFFF  addic   r25, r25, -0x1
FFEB46BC? 4800CABD  bl      sub_FFEC1178
FFEB46C0? 60000000  nop
FFEB46C4? 63C30000  ori     r3, r30, 0x0
FFEB46C8? 48001ED1  bl      sub_FFEB6598
FFEB46CC? 60000000  nop
FFEB46D0? 2C990000  cmpwi   cr1, r25, 0x0
FFEB46D4? 2C1A0000  cmpwi   cr0, r26, 0x0
FFEB46D8? 8AFC0020  lbz     r23, 0x20(r28)
FFEB46DC? 9EFF0001  stbu    r23, 0x1(r31)
FFEB46E0? 4086FFC0  bne     cr1, loc_FFEB46A0
FFEB46E4? 418202E8  beq     loc_FFEB49CC
FFEB46E8? 889E01A6  lbz     r4, 0x1A6(r30)
FFEB46EC? 2C040001  cmpwi   cr0, r4, 0x1
FFEB46F0? 408202BC  bne     loc_FFEB49AC
FFEB46F4? 7F78F814  addc    r27, r24, r31
loc_FFEB46F8:
FFEB46F8? 809E0218  lwz     r4, 0x218(r30)
FFEB46FC? 7F582039  and.    r24, r26, r4
FFEB4700? 4182001C  beq     loc_FFEB471C
FFEB4704? 809D0014  lwz     r4, 0x14(r29)
FFEB4708? 548404A5  rlwinm. r4, r4, 0, 18, 18
FFEB470C? 41820010  beq     loc_FFEB471C
FFEB4710? 3860000E  li      r3, 0xE
FFEB4714? 48010399  bl      sub_FFEC4AAC
FFEB4718? 80410014  lwz     r2, 0x14(r1)
loc_FFEB471C:
FFEB471C? 7F58D010  subfc   r26, r24, r26
FFEB4720? 2C1A0000  cmpwi   cr0, r26, 0x0
FFEB4724? 3EA00000  lis     r21, 0x0000
FFEB4728? 3E800000  lis     r20, 0x0000
FFEB472C? 3AE00000  li      r23, 0x0
FFEB4730? 62B58000  ori     r21, r21, 0x8000
FFEB4734? 6294FF00  ori     r20, r20, 0xFF00
FFEB4738? 3A600090  li      r19, 0x90
loc_FFEB473C:
FFEB473C? 4182021C  beq     loc_FFEB4958
FFEB4740? 809D0014  lwz     r4, 0x14(r29)
FFEB4744? 7C9AA840  cmplw   cr1, r26, r21
FFEB4748? 548404A5  rlwinm. r4, r4, 0, 18, 18
FFEB474C? 4F000000  mcrf    cr6, cr0
FFEB4750? 4084000C  bge     cr1, loc_FFEB475C
FFEB4754? 575F043E  clrlwi  r31, r26, 16
FFEB4758? 4800000C  b       loc_FFEB4764
loc_FFEB475C:
FFEB475C? 3FE00000  lis     r31, 0x0000
FFEB4760? 63FF8000  ori     r31, r31, 0x8000
loc_FFEB4764:
FFEB4764? 409A00E8  bne     cr6, loc_FFEB484C
FFEB4768? 809E0084  lwz     r4, 0x84(r30)
FFEB476C? 7C1F2040  cmplw   r31, r4
FFEB4770? 41810010  bgt     loc_FFEB4780
FFEB4774? 833E0074  lwz     r25, 0x74(r30)
FFEB4778? 3AE00001  li      r23, 0x1
FFEB477C? 480000D0  b       loc_FFEB484C
loc_FFEB4780:
FFEB4780? 889D00C1  lbz     r4, 0xC1(r29)
FFEB4784? 5484077A  rlwinm  r4, r4, 0, 29, 29
FFEB4788? 2C040004  cmpwi   cr0, r4, 0x4
FFEB478C? 41820010  beq     loc_FFEB479C
FFEB4790? 889D0008  lbz     r4, 0x8(r29)
FFEB4794? 2C040084  cmpwi   cr0, r4, 0x84
FFEB4798? 4082001C  bne     loc_FFEB47B4
loc_FFEB479C:
FFEB479C? 2C1F1000  cmpwi   cr0, r31, 0x1000
FFEB47A0? 833E0074  lwz     r25, 0x74(r30)
FFEB47A4? 3AE00001  li      r23, 0x1
FFEB47A8? 408100A4  ble     loc_FFEB484C
FFEB47AC? 3BE01000  li      r31, 0x1000
FFEB47B0? 4800009C  b       loc_FFEB484C
loc_FFEB47B4:
FFEB47B4? 813D00E0  lwz     r9, 0xE0(r29)
FFEB47B8? 811D00EC  lwz     r8, 0xEC(r29)
FFEB47BC? 7CE84810  subfc   r7, r8, r9
FFEB47C0? 7C1B3840  cmplw   r27, r7
FFEB47C4? 4180000C  blt     loc_FFEB47D0
FFEB47C8? 7C1B4840  cmplw   r27, r9
FFEB47CC? 41800064  blt     loc_FFEB4830
loc_FFEB47D0:
FFEB47D0? 937D00E0  stw     r27, 0xE0(r29)
FFEB47D4? 935D00E4  stw     r26, 0xE4(r29)
FFEB47D8? 38800001  li      r4, 0x1
FFEB47DC? 90920000  stw     r4, 0x0(r18)
FFEB47E0? 307D00E0  addic   r3, r29, 0xE0
FFEB47E4? 62440000  ori     r4, r18, 0x0
FFEB47E8? 48010325  bl      sub_FFEC4B0C
FFEB47EC? 80410014  lwz     r2, 0x14(r1)
FFEB47F0? 2C030000  cmpwi   cr0, r3, 0x0
FFEB47F4? 41820010  beq     loc_FFEB4804
FFEB47F8? 3860000E  li      r3, 0xE
FFEB47FC? 480102B1  bl      sub_FFEC4AAC
FFEB4800? 80410014  lwz     r2, 0x14(r1)
loc_FFEB4804:
FFEB4804? 813D00E0  lwz     r9, 0xE0(r29)
FFEB4808? 7C09D840  cmplw   r9, r27
FFEB480C? 4082001C  bne     loc_FFEB4828
FFEB4810? 807D00EC  lwz     r3, 0xEC(r29)
FFEB4814? 7D234814  addc    r9, r3, r9
FFEB4818? 913D00E0  stw     r9, 0xE0(r29)
FFEB481C? 80BD00E4  lwz     r5, 0xE4(r29)
FFEB4820? 7CC32810  subfc   r6, r3, r5
FFEB4824? 90DD00E4  stw     r6, 0xE4(r29)
loc_FFEB4828:
FFEB4828? 811D00EC  lwz     r8, 0xEC(r29)
FFEB482C? 7CE84810  subfc   r7, r8, r9
loc_FFEB4830:
FFEB4830? 7C67D810  subfc   r3, r7, r27
FFEB4834? 7D234010  subfc   r9, r3, r8
FFEB4838? 809D00E8  lwz     r4, 0xE8(r29)
FFEB483C? 7C1F4840  cmplw   r31, r9
FFEB4840? 7F232014  addc    r25, r3, r4
FFEB4844? 40810008  ble     loc_FFEB484C
FFEB4848? 553F043E  clrlwi  r31, r9, 16
loc_FFEB484C:
FFEB484C? 57E5063E  clrlwi  r5, r31, 24
FFEB4850? 7FE6A038  and     r6, r31, r20
FFEB4854? 98BC0000  stb     r5, 0x0(r28)
FFEB4858? 7CC64670  srawi   r6, r6, 0x8
FFEB485C? 98DC0010  stb     r6, 0x10(r28)
FFEB4860? 4800C919  bl      sub_FFEC1178
FFEB4864? 60000000  nop
FFEB4868? 9A7C0030  stb     r19, 0x30(r28)
FFEB486C? 4800C90D  bl      sub_FFEC1178
FFEB4870? 60000000  nop
FFEB4874? 819E0160  lwz     r12, 0x160(r30)
FFEB4878? 63E50000  ori     r5, r31, 0x0
FFEB487C? 63C30000  ori     r3, r30, 0x0
FFEB4880? 63240000  ori     r4, r25, 0x0
FFEB4884? 38C00001  li      r6, 0x1
FFEB4888? 4801047D  bl      sub_FFEC4D04
FFEB488C? 80410014  lwz     r2, 0x14(r1)
FFEB4890? 63C30000  ori     r3, r30, 0x0
FFEB4894? 48001D05  bl      sub_FFEB6598
FFEB4898? 60000000  nop
FFEB489C? 819E0164  lwz     r12, 0x164(r30)
FFEB48A0? 63C30000  ori     r3, r30, 0x0
FFEB48A4? 48010461  bl      sub_FFEC4D04
FFEB48A8? 80410014  lwz     r2, 0x14(r1)
FFEB48AC? 881C0010  lbz     r0, 0x10(r28)
FFEB48B0? 897C0000  lbz     r11, 0x0(r28)
FFEB48B4? 8A3C0000  lbz     r17, 0x0(r28)
FFEB48B8? 8A1C0010  lbz     r16, 0x10(r28)
FFEB48BC? 5400402E  slwi    r0, r0, 8
FFEB48C0? 5400043E  clrlwi  r0, r0, 16
FFEB48C4? 7D6F0378  or      r15, r11, r0
FFEB48C8? 4800C8B1  bl      sub_FFEC1178
FFEB48CC? 60000000  nop
FFEB48D0? 8ADE01B6  lbz     r22, 0x1B6(r30)
FFEB48D4? 2C170000  cmpwi   cr0, r23, 0x0
FFEB48D8? 7ED60774  extsb   r22, r22
FFEB48DC? 56D606FE  clrlwi  r22, r22, 27
FFEB48E0? 56D6063E  clrlwi  r22, r22, 24
FFEB48E4? 7C0FB014  addc    r0, r15, r22
FFEB48E8? 7C00F810  subfc   r0, r0, r31
FFEB48EC? 541F043E  clrlwi  r31, r0, 16
FFEB48F0? 41820018  beq     loc_FFEB4908
FFEB48F4? 807E0078  lwz     r3, 0x78(r30)
FFEB48F8? 63640000  ori     r4, r27, 0x0
FFEB48FC? 63E50000  ori     r5, r31, 0x0
FFEB4900? 480102CD  bl      sub_FFEC4BCC
FFEB4904? 80410014  lwz     r2, 0x14(r1)
loc_FFEB4908:
FFEB4908? 2C160000  cmpwi   cr0, r22, 0x0
FFEB490C? 7F7BF814  addc    r27, r27, r31
FFEB4910? 7F5FD010  subfc   r26, r31, r26
FFEB4914? 41820030  beq     loc_FFEB4944
FFEB4918? 2C160001  cmpwi   cr0, r22, 0x1
FFEB491C? 41820010  beq     loc_FFEB492C
FFEB4920? 3860000E  li      r3, 0xE
FFEB4924? 48010189  bl      sub_FFEC4AAC
FFEB4928? 80410014  lwz     r2, 0x14(r1)
loc_FFEB492C:
FFEB492C? 889C0020  lbz     r4, 0x20(r28)
FFEB4930? 335AFFFF  addic   r26, r26, -0x1
FFEB4934? 989B0000  stb     r4, 0x0(r27)
FFEB4938? 337B0001  addic   r27, r27, 0x1
FFEB493C? 4800C83D  bl      sub_FFEC1178
FFEB4940? 60000000  nop
loc_FFEB4944:
FFEB4944? 889E01A6  lbz     r4, 0x1A6(r30)
FFEB4948? 2C040001  cmpwi   cr0, r4, 0x1
FFEB494C? 408200A0  bne     loc_FFEB49EC
FFEB4950? 2C1A0000  cmpwi   cr0, r26, 0x0
FFEB4954? 4BFFFDE8  b       loc_FFEB473C
loc_FFEB4958:
FFEB4958? 887E01A6  lbz     r3, 0x1A6(r30)
FFEB495C? 2C030001  cmpwi   cr0, r3, 0x1
FFEB4960? 4082008C  bne     loc_FFEB49EC
FFEB4964? 2C180000  cmpwi   cr0, r24, 0x0
FFEB4968? 33FBFFFF  addic   r31, r27, -0x1
FFEB496C? 3B600010  li      r27, 0x10
loc_FFEB4970:
FFEB4970? 418200A0  beq     loc_FFEB4A10
FFEB4974? 9B7C0030  stb     r27, 0x30(r28)
FFEB4978? 3318FFFF  addic   r24, r24, -0x1
FFEB497C? 4800C7FD  bl      sub_FFEC1178
FFEB4980? 60000000  nop
FFEB4984? 63C30000  ori     r3, r30, 0x0
FFEB4988? 48001C11  bl      sub_FFEB6598
FFEB498C? 60000000  nop
FFEB4990? 8BBC0020  lbz     r29, 0x20(r28)
FFEB4994? 9FBF0001  stbu    r29, 0x1(r31)
FFEB4998? 8B3E01A6  lbz     r25, 0x1A6(r30)
FFEB499C? 2C190001  cmpwi   cr0, r25, 0x1
FFEB49A0? 40820074  bne     loc_FFEB4A14
FFEB49A4? 2C180000  cmpwi   cr0, r24, 0x0
FFEB49A8? 4BFFFFC8  b       loc_FFEB4970
loc_FFEB49AC:
FFEB49AC? 63430000  ori     r3, r26, 0x0
FFEB49B0? 80010088  lwz     r0, 0x88(r1)
FFEB49B4? 81810084  lwz     r12, 0x84(r1)
FFEB49B8? 30210080  addic   r1, r1, 0x80
FFEB49BC? 7C0803A6  mtspr   LR, r0
FFEB49C0? B9E1FFBC  lmw     r15, -0x44(r1)
FFEB49C4? 7D838120  mtcrf   0x38, r12
FFEB49C8? 4E800020  blr
loc_FFEB49CC:
FFEB49CC? 38600000  li      r3, 0x0
FFEB49D0? 80010088  lwz     r0, 0x88(r1)
FFEB49D4? 81810084  lwz     r12, 0x84(r1)
FFEB49D8? 30210080  addic   r1, r1, 0x80
FFEB49DC? 7C0803A6  mtspr   LR, r0
FFEB49E0? B9E1FFBC  lmw     r15, -0x44(r1)
FFEB49E4? 7D838120  mtcrf   0x38, r12
FFEB49E8? 4E800020  blr
loc_FFEB49EC:
FFEB49EC? 63430000  ori     r3, r26, 0x0
FFEB49F0? 7C63C014  addc    r3, r3, r24
FFEB49F4? 80010088  lwz     r0, 0x88(r1)
FFEB49F8? 81810084  lwz     r12, 0x84(r1)
FFEB49FC? 30210080  addic   r1, r1, 0x80
FFEB4A00? 7C0803A6  mtspr   LR, r0
FFEB4A04? B9E1FFBC  lmw     r15, -0x44(r1)
FFEB4A08? 7D838120  mtcrf   0x38, r12
FFEB4A0C? 4E800020  blr
loc_FFEB4A10:
FFEB4A10? 4BFFFFDC  b       loc_FFEB49EC
loc_FFEB4A14:
FFEB4A14? 4BFFFFD8  b       loc_FFEB49EC
FFEB4A18? 80010088  lwz     r0, 0x88(r1)
FFEB4A1C? 81810084  lwz     r12, 0x84(r1)
FFEB4A20? 30210080  addic   r1, r1, 0x80
FFEB4A24? 7C0803A6  mtspr   LR, r0
FFEB4A28? B9E1FFBC  lmw     r15, -0x44(r1)
FFEB4A2C? 7D838120  mtcrf   0x38, r12
FFEB4A30? 4E800020  blr
FFEB4A34? 88E401A6  lbz     r7, 0x1A6(r4)
FFEB4A38? 2C070000  cmpwi   cr0, r7, 0x0
FFEB4A3C? 4182000C  beq     loc_FFEB4A48
FFEB4A40? 60A30000  ori     r3, r5, 0x0
FFEB4A44? 4E800020  blr
loc_FFEB4A48:
FFEB4A48? 7C0802A6  mfspr   r0, LR
FFEB4A4C? 7D800026  mfcr    r12
FFEB4A50? BE01FFC0  stmw    r16, -0x40(r1)
FFEB4A54? 90010008  stw     r0, 0x8(r1)
FFEB4A58? 91810004  stw     r12, 0x4(r1)
FFEB4A5C? 9421FF80  stwu    r1, -0x80(r1)
FFEB4A60? 60BB0000  ori     r27, r5, 0x0
FFEB4A64? 2C1B0000  cmpwi   cr0, r27, 0x0
FFEB4A68? 609E0000  ori     r30, r4, 0x0
FFEB4A6C? 60DA0000  ori     r26, r6, 0x0
FFEB4A70? 607D0000  ori     r29, r3, 0x0
FFEB4A74? 32010038  addic   r16, r1, 0x38
FFEB4A78? 88FE01A6  lbz     r7, 0x1A6(r30)
FFEB4A7C? 839E0000  lwz     r28, 0x0(r30)
FFEB4A80? 40820024  bne     loc_FFEB4AA4
FFEB4A84? 38600000  li      r3, 0x0
FFEB4A88? 80010088  lwz     r0, 0x88(r1)
FFEB4A8C? 81810084  lwz     r12, 0x84(r1)
FFEB4A90? 30210080  addic   r1, r1, 0x80
FFEB4A94? 7C0803A6  mtspr   LR, r0
FFEB4A98? BA01FFC0  lmw     r16, -0x40(r1)
FFEB4A9C? 7D838120  mtcrf   0x38, r12
FFEB4AA0? 4E800020  blr
loc_FFEB4AA4:
FFEB4AA4? 281B0002  cmplwi  cr0, r27, 0x2
FFEB4AA8? 40800050  bge     loc_FFEB4AF8
FFEB4AAC? 889A0000  lbz     r4, 0x0(r26)
FFEB4AB0? 3BE00010  li      r31, 0x10
FFEB4AB4? 989C0020  stb     r4, 0x20(r28)
FFEB4AB8? 4800C6C1  bl      sub_FFEC1178
FFEB4ABC? 60000000  nop
FFEB4AC0? 9BFC0030  stb     r31, 0x30(r28)
FFEB4AC4? 4800C6B5  bl      sub_FFEC1178
FFEB4AC8? 60000000  nop
FFEB4ACC? 63C30000  ori     r3, r30, 0x0
FFEB4AD0? 48001AC9  bl      sub_FFEB6598
FFEB4AD4? 60000000  nop
FFEB4AD8? 38600000  li      r3, 0x0
FFEB4ADC? 80010088  lwz     r0, 0x88(r1)
FFEB4AE0? 81810084  lwz     r12, 0x84(r1)
FFEB4AE4? 30210080  addic   r1, r1, 0x80
FFEB4AE8? 7C0803A6  mtspr   LR, r0
FFEB4AEC? BA01FFC0  lmw     r16, -0x40(r1)
FFEB4AF0? 7D838120  mtcrf   0x38, r12
FFEB4AF4? 4E800020  blr
loc_FFEB4AF8:
FFEB4AF8? 809E0218  lwz     r4, 0x218(r30)
FFEB4AFC? 3A200001  li      r17, 0x1
FFEB4B00? 7F492039  and.    r9, r26, r4
FFEB4B04? 4182009C  beq     loc_FFEB4BA0
FFEB4B08? 889E0055  lbz     r4, 0x55(r30)
FFEB4B0C? 80BD0014  lwz     r5, 0x14(r29)
FFEB4B10? 7F292011  subfc.  r25, r9, r4
FFEB4B14? 2D190000  cmpwi   cr2, r25, 0x0
FFEB4B18? 54A504A5  rlwinm. r5, r5, 0, 18, 18
FFEB4B1C? 41820010  beq     loc_FFEB4B2C
FFEB4B20? 3860000E  li      r3, 0xE
FFEB4B24? 4800FF89  bl      sub_FFEC4AAC
FFEB4B28? 80410014  lwz     r2, 0x14(r1)
loc_FFEB4B2C:
FFEB4B2C? 418A0074  beq     cr2, loc_FFEB4BA0
FFEB4B30? 33FAFFFF  addic   r31, r26, -0x1
FFEB4B34? 3B400010  li      r26, 0x10
FFEB4B38? 3B000001  li      r24, 0x1
FFEB4B3C? 48000014  b       loc_FFEB4B50
loc_FFEB4B40:
FFEB4B40? 41820310  beq     loc_FFEB4E50
FFEB4B44? 887E01A6  lbz     r3, 0x1A6(r30)
FFEB4B48? 2C030000  cmpwi   cr0, r3, 0x0
FFEB4B4C? 408202E4  bne     loc_FFEB4E30
loc_FFEB4B50:
FFEB4B50? 8C9F0001  lbzu    r4, 0x1(r31)
FFEB4B54? 337BFFFF  addic   r27, r27, -0x1
FFEB4B58? 989C0020  stb     r4, 0x20(r28)
FFEB4B5C? 3339FFFF  addic   r25, r25, -0x1
FFEB4B60? 4800C619  bl      sub_FFEC1178
FFEB4B64? 60000000  nop
FFEB4B68? 9B5C0030  stb     r26, 0x30(r28)
FFEB4B6C? 4800C60D  bl      sub_FFEC1178
FFEB4B70? 60000000  nop
FFEB4B74? 63C30000  ori     r3, r30, 0x0
FFEB4B78? 48001A21  bl      sub_FFEB6598
FFEB4B7C? 60000000  nop
FFEB4B80? 2C990000  cmpwi   cr1, r25, 0x0
FFEB4B84? 2C1B0000  cmpwi   cr0, r27, 0x0
FFEB4B88? 4086FFB8  bne     cr1, loc_FFEB4B40
FFEB4B8C? 418202C4  beq     loc_FFEB4E50
FFEB4B90? 889E01A6  lbz     r4, 0x1A6(r30)
FFEB4B94? 2C040000  cmpwi   cr0, r4, 0x0
FFEB4B98? 40820298  bne     loc_FFEB4E30
FFEB4B9C? 7F58F814  addc    r26, r24, r31
loc_FFEB4BA0:
FFEB4BA0? 809E0218  lwz     r4, 0x218(r30)
FFEB4BA4? 7F782039  and.    r24, r27, r4
FFEB4BA8? 4182001C  beq     loc_FFEB4BC4
FFEB4BAC? 809D0014  lwz     r4, 0x14(r29)
FFEB4BB0? 548404A5  rlwinm. r4, r4, 0, 18, 18
FFEB4BB4? 41820010  beq     loc_FFEB4BC4
FFEB4BB8? 3860000E  li      r3, 0xE
FFEB4BBC? 4800FEF1  bl      sub_FFEC4AAC
FFEB4BC0? 80410014  lwz     r2, 0x14(r1)
loc_FFEB4BC4:
FFEB4BC4? 7F78D810  subfc   r27, r24, r27
FFEB4BC8? 2C1B0000  cmpwi   cr0, r27, 0x0
FFEB4BCC? 3E800000  lis     r20, 0x0000
FFEB4BD0? 3E600000  lis     r19, 0x0000
FFEB4BD4? 3AE00000  li      r23, 0x0
FFEB4BD8? 62948000  ori     r20, r20, 0x8000
FFEB4BDC? 6273FF00  ori     r19, r19, 0xFF00
FFEB4BE0? 3A400090  li      r18, 0x90
loc_FFEB4BE4:
FFEB4BE4? 418201F0  beq     loc_FFEB4DD4
FFEB4BE8? 809D0014  lwz     r4, 0x14(r29)
FFEB4BEC? 7C9BA040  cmplw   cr1, r27, r20
FFEB4BF0? 548404A5  rlwinm. r4, r4, 0, 18, 18
FFEB4BF4? 4F000000  mcrf    cr6, cr0
FFEB4BF8? 4084000C  bge     cr1, loc_FFEB4C04
FFEB4BFC? 577F043E  clrlwi  r31, r27, 16
FFEB4C00? 4800000C  b       loc_FFEB4C0C
loc_FFEB4C04:
FFEB4C04? 3FE00000  lis     r31, 0x0000
FFEB4C08? 63FF8000  ori     r31, r31, 0x8000
loc_FFEB4C0C:
FFEB4C0C? 409A00E4  bne     cr6, loc_FFEB4CF0
FFEB4C10? 809E0084  lwz     r4, 0x84(r30)
FFEB4C14? 7C1F2040  cmplw   r31, r4
FFEB4C18? 41810010  bgt     loc_FFEB4C28
FFEB4C1C? 833E0074  lwz     r25, 0x74(r30)
FFEB4C20? 3AE00001  li      r23, 0x1
FFEB4C24? 480000CC  b       loc_FFEB4CF0
loc_FFEB4C28:
FFEB4C28? 889D00C1  lbz     r4, 0xC1(r29)
FFEB4C2C? 5484077A  rlwinm  r4, r4, 0, 29, 29
FFEB4C30? 2C040004  cmpwi   cr0, r4, 0x4
FFEB4C34? 41820010  beq     loc_FFEB4C44
FFEB4C38? 889D0008  lbz     r4, 0x8(r29)
FFEB4C3C? 2C040084  cmpwi   cr0, r4, 0x84
FFEB4C40? 4082001C  bne     loc_FFEB4C5C
loc_FFEB4C44:
FFEB4C44? 2C1F1000  cmpwi   cr0, r31, 0x1000
FFEB4C48? 833E0074  lwz     r25, 0x74(r30)
FFEB4C4C? 3AE00001  li      r23, 0x1
FFEB4C50? 408100A0  ble     loc_FFEB4CF0
FFEB4C54? 3BE01000  li      r31, 0x1000
FFEB4C58? 48000098  b       loc_FFEB4CF0
loc_FFEB4C5C:
FFEB4C5C? 813D00E0  lwz     r9, 0xE0(r29)
FFEB4C60? 811D00EC  lwz     r8, 0xEC(r29)
FFEB4C64? 7CE84810  subfc   r7, r8, r9
FFEB4C68? 7C1A3840  cmplw   r26, r7
FFEB4C6C? 4180000C  blt     loc_FFEB4C78
FFEB4C70? 7C1A4840  cmplw   r26, r9
FFEB4C74? 41800060  blt     loc_FFEB4CD4
loc_FFEB4C78:
FFEB4C78? 935D00E0  stw     r26, 0xE0(r29)
FFEB4C7C? 937D00E4  stw     r27, 0xE4(r29)
FFEB4C80? 92300000  stw     r17, 0x0(r16)
FFEB4C84? 307D00E0  addic   r3, r29, 0xE0
FFEB4C88? 62040000  ori     r4, r16, 0x0
FFEB4C8C? 4800FE81  bl      sub_FFEC4B0C
FFEB4C90? 80410014  lwz     r2, 0x14(r1)
FFEB4C94? 2C030000  cmpwi   cr0, r3, 0x0
FFEB4C98? 41820010  beq     loc_FFEB4CA8
FFEB4C9C? 3860000E  li      r3, 0xE
FFEB4CA0? 4800FE0D  bl      sub_FFEC4AAC
FFEB4CA4? 80410014  lwz     r2, 0x14(r1)
loc_FFEB4CA8:
FFEB4CA8? 813D00E0  lwz     r9, 0xE0(r29)
FFEB4CAC? 7C09D040  cmplw   r9, r26
FFEB4CB0? 4082001C  bne     loc_FFEB4CCC
FFEB4CB4? 809D00EC  lwz     r4, 0xEC(r29)
FFEB4CB8? 7D244814  addc    r9, r4, r9
FFEB4CBC? 913D00E0  stw     r9, 0xE0(r29)
FFEB4CC0? 80DD00E4  lwz     r6, 0xE4(r29)
FFEB4CC4? 7CE43010  subfc   r7, r4, r6
FFEB4CC8? 90FD00E4  stw     r7, 0xE4(r29)
loc_FFEB4CCC:
FFEB4CCC? 811D00EC  lwz     r8, 0xEC(r29)
FFEB4CD0? 7CE84810  subfc   r7, r8, r9
loc_FFEB4CD4:
FFEB4CD4? 7C87D010  subfc   r4, r7, r26
FFEB4CD8? 7D244010  subfc   r9, r4, r8
FFEB4CDC? 80BD00E8  lwz     r5, 0xE8(r29)
FFEB4CE0? 7C1F4840  cmplw   r31, r9
FFEB4CE4? 7F242814  addc    r25, r4, r5
FFEB4CE8? 40810008  ble     loc_FFEB4CF0
FFEB4CEC? 553F043E  clrlwi  r31, r9, 16
loc_FFEB4CF0:
FFEB4CF0? 2C170000  cmpwi   cr0, r23, 0x0
FFEB4CF4? 41820018  beq     loc_FFEB4D0C
FFEB4CF8? 809E0078  lwz     r4, 0x78(r30)
FFEB4CFC? 63430000  ori     r3, r26, 0x0
FFEB4D00? 63E50000  ori     r5, r31, 0x0
FFEB4D04? 4800FEC9  bl      sub_FFEC4BCC
FFEB4D08? 80410014  lwz     r2, 0x14(r1)
loc_FFEB4D0C:
FFEB4D0C? 57E5063E  clrlwi  r5, r31, 24
FFEB4D10? 98BC0000  stb     r5, 0x0(r28)
FFEB4D14? 7FE69838  and     r6, r31, r19
FFEB4D18? 7CC64670  srawi   r6, r6, 0x8
FFEB4D1C? 98DC0010  stb     r6, 0x10(r28)
FFEB4D20? 4800C459  bl      sub_FFEC1178
FFEB4D24? 60000000  nop
FFEB4D28? 9A5C0030  stb     r18, 0x30(r28)
FFEB4D2C? 4800C44D  bl      sub_FFEC1178
FFEB4D30? 60000000  nop
FFEB4D34? 819E0160  lwz     r12, 0x160(r30)
FFEB4D38? 63C30000  ori     r3, r30, 0x0
FFEB4D3C? 63240000  ori     r4, r25, 0x0
FFEB4D40? 63E50000  ori     r5, r31, 0x0
FFEB4D44? 38C00000  li      r6, 0x0
FFEB4D48? 4800FFBD  bl      sub_FFEC4D04
FFEB4D4C? 80410014  lwz     r2, 0x14(r1)
FFEB4D50? 63C30000  ori     r3, r30, 0x0
FFEB4D54? 48001845  bl      sub_FFEB6598
FFEB4D58? 60000000  nop
FFEB4D5C? 819E0168  lwz     r12, 0x168(r30)
FFEB4D60? 63C30000  ori     r3, r30, 0x0
FFEB4D64? 4800FFA1  bl      sub_FFEC4D04
FFEB4D68? 80410014  lwz     r2, 0x14(r1)
FFEB4D6C? 8ADC0010  lbz     r22, 0x10(r28)
FFEB4D70? 881C0000  lbz     r0, 0x0(r28)
FFEB4D74? 56D6402E  slwi    r22, r22, 8
FFEB4D78? 56D6043E  clrlwi  r22, r22, 16
FFEB4D7C? 7C16B378  or      r22, r0, r22
FFEB4D80? 4800C3F9  bl      sub_FFEC1178
FFEB4D84? 60000000  nop
FFEB4D88? 8ABE01B6  lbz     r21, 0x1B6(r30)
FFEB4D8C? 7EB50774  extsb   r21, r21
FFEB4D90? 56B506FE  clrlwi  r21, r21, 27
FFEB4D94? 56B5063F  clrlwi. r21, r21, 24
FFEB4D98? 41820014  beq     loc_FFEB4DAC
FFEB4D9C? 38800001  li      r4, 0x1
FFEB4DA0? 989C0030  stb     r4, 0x30(r28)
FFEB4DA4? 4800C3D5  bl      sub_FFEC1178
FFEB4DA8? 60000000  nop
loc_FFEB4DAC:
FFEB4DAC? 7C96A814  addc    r4, r22, r21
FFEB4DB0? 88DE01A6  lbz     r6, 0x1A6(r30)
FFEB4DB4? 7CA4F810  subfc   r5, r4, r31
FFEB4DB8? 2C060000  cmpwi   cr0, r6, 0x0
FFEB4DBC? 54A5043E  clrlwi  r5, r5, 16
FFEB4DC0? 7F5A2814  addc    r26, r26, r5
FFEB4DC4? 7F65D810  subfc   r27, r5, r27
FFEB4DC8? 408200A8  bne     loc_FFEB4E70
FFEB4DCC? 2C1B0000  cmpwi   cr0, r27, 0x0
FFEB4DD0? 4BFFFE14  b       loc_FFEB4BE4
loc_FFEB4DD4:
FFEB4DD4? 887E01A6  lbz     r3, 0x1A6(r30)
FFEB4DD8? 2C030000  cmpwi   cr0, r3, 0x0
FFEB4DDC? 40820094  bne     loc_FFEB4E70
FFEB4DE0? 2C180000  cmpwi   cr0, r24, 0x0
FFEB4DE4? 33FAFFFF  addic   r31, r26, -0x1
FFEB4DE8? 3B400010  li      r26, 0x10
loc_FFEB4DEC:
FFEB4DEC? 418200A8  beq     loc_FFEB4E94
FFEB4DF0? 8C9F0001  lbzu    r4, 0x1(r31)
FFEB4DF4? 3318FFFF  addic   r24, r24, -0x1
FFEB4DF8? 989C0020  stb     r4, 0x20(r28)
FFEB4DFC? 4800C37D  bl      sub_FFEC1178
FFEB4E00? 60000000  nop
FFEB4E04? 9B5C0030  stb     r26, 0x30(r28)
FFEB4E08? 4800C371  bl      sub_FFEC1178
FFEB4E0C? 60000000  nop
FFEB4E10? 63C30000  ori     r3, r30, 0x0
FFEB4E14? 48001785  bl      sub_FFEB6598
FFEB4E18? 60000000  nop
FFEB4E1C? 8BBE01A6  lbz     r29, 0x1A6(r30)
FFEB4E20? 2C1D0000  cmpwi   cr0, r29, 0x0
FFEB4E24? 40820074  bne     loc_FFEB4E98
FFEB4E28? 2C180000  cmpwi   cr0, r24, 0x0
FFEB4E2C? 4BFFFFC0  b       loc_FFEB4DEC
loc_FFEB4E30:
FFEB4E30? 63630000  ori     r3, r27, 0x0
FFEB4E34? 80010088  lwz     r0, 0x88(r1)
FFEB4E38? 81810084  lwz     r12, 0x84(r1)
FFEB4E3C? 30210080  addic   r1, r1, 0x80
FFEB4E40? 7C0803A6  mtspr   LR, r0
FFEB4E44? BA01FFC0  lmw     r16, -0x40(r1)
FFEB4E48? 7D838120  mtcrf   0x38, r12
FFEB4E4C? 4E800020  blr
loc_FFEB4E50:
FFEB4E50? 38600000  li      r3, 0x0
FFEB4E54? 80010088  lwz     r0, 0x88(r1)
FFEB4E58? 81810084  lwz     r12, 0x84(r1)
FFEB4E5C? 30210080  addic   r1, r1, 0x80
FFEB4E60? 7C0803A6  mtspr   LR, r0
FFEB4E64? BA01FFC0  lmw     r16, -0x40(r1)
FFEB4E68? 7D838120  mtcrf   0x38, r12
FFEB4E6C? 4E800020  blr
loc_FFEB4E70:
FFEB4E70? 63630000  ori     r3, r27, 0x0
FFEB4E74? 7C63C014  addc    r3, r3, r24
FFEB4E78? 80010088  lwz     r0, 0x88(r1)
FFEB4E7C? 81810084  lwz     r12, 0x84(r1)
FFEB4E80? 30210080  addic   r1, r1, 0x80
FFEB4E84? 7C0803A6  mtspr   LR, r0
FFEB4E88? BA01FFC0  lmw     r16, -0x40(r1)
FFEB4E8C? 7D838120  mtcrf   0x38, r12
FFEB4E90? 4E800020  blr
loc_FFEB4E94:
FFEB4E94? 4BFFFFDC  b       loc_FFEB4E70
loc_FFEB4E98:
FFEB4E98? 4BFFFFD8  b       loc_FFEB4E70
FFEB4E9C? 80010088  lwz     r0, 0x88(r1)
FFEB4EA0? 81810084  lwz     r12, 0x84(r1)
FFEB4EA4? 30210080  addic   r1, r1, 0x80
FFEB4EA8? 7C0803A6  mtspr   LR, r0
FFEB4EAC? BA01FFC0  lmw     r16, -0x40(r1)
FFEB4EB0? 7D838120  mtcrf   0x38, r12
FFEB4EB4? 4E800020  blr

sub_FFEB4EB8:
FFEB4EB8* 38600000  li      r3, 0x0
FFEB4EBC* 4E800020  blr

sub_FFEB4EC0:
FFEB4EC0? 5463043E  clrlwi  r3, r3, 16
FFEB4EC4? 5464C63E  extrwi  r4, r3, 8, 16
FFEB4EC8? 5465442E  clrlslwi r5, r3, 24, 8
FFEB4ECC? 5484043E  clrlwi  r4, r4, 16
FFEB4ED0? 7CA62378  or      r6, r5, r4
FFEB4ED4? 54C3043E  clrlwi  r3, r6, 16
FFEB4ED8? 4E800020  blr

sub_FFEB4EDC:
FFEB4EDC? 5464043E  clrlwi  r4, r3, 16
FFEB4EE0? 5468843E  srwi    r8, r3, 16
FFEB4EE4? 5484043E  clrlwi  r4, r4, 16
FFEB4EE8? 5508043E  clrlwi  r8, r8, 16
FFEB4EEC? 5485C63E  extrwi  r5, r4, 8, 16
FFEB4EF0? 5509C63E  extrwi  r9, r8, 8, 16
FFEB4EF4? 54A5043E  clrlwi  r5, r5, 16
FFEB4EF8? 5486442E  clrlslwi r6, r4, 24, 8
FFEB4EFC? 7CC72B78  or      r7, r6, r5
FFEB4F00? 5529043E  clrlwi  r9, r9, 16
FFEB4F04? 550A442E  clrlslwi r10, r8, 24, 8
FFEB4F08? 54E7043E  clrlwi  r7, r7, 16
FFEB4F0C? 7D4B4B78  or      r11, r10, r9
FFEB4F10? 54E7801E  slwi    r7, r7, 16
FFEB4F14? 556B043E  clrlwi  r11, r11, 16
FFEB4F18? 7CE35B78  or      r3, r7, r11
FFEB4F1C? 4E800020  blr

sub_FFEB4F20:
FFEB4F20* 7C0802A6  mfspr   r0, LR
FFEB4F24* BF41FFE8  stmw    r26, -0x18(r1)
FFEB4F28* 90010008  stw     r0, 0x8(r1)
FFEB4F2C* 9421FF60  stwu    r1, -0xA0(r1)
FFEB4F30* 607E0000  ori     r30, r3, 0x0
FFEB4F34* 38603000  li      r3, 0x3000
FFEB4F38* 33410038  addic   r26, r1, 0x38
FFEB4F3C* 3361003C  addic   r27, r1, 0x3C
FFEB4F40* 4800FB3D  bl      sub_FFEC4A7C
FFEB4F44* 80410014  lwz     r2, 0x14(r1)
FFEB4F48* 607D0000  ori     r29, r3, 0x0
FFEB4F4C* 2C1D0000  cmpwi   cr0, r29, 0x0
FFEB4F50* 40820014  bne     loc_FFEB4F64
FFEB4F54  4800FD39  bl      sub_FFEC4C8C
FFEB4F58  80410014  lwz     r2, 0x14(r1)
FFEB4F5C  607C0000  ori     r28, r3, 0x0
FFEB4F60  480000C4  b       loc_FFEB5024
loc_FFEB4F64:
FFEB4F64* 309D0FFF  addic   r4, r29, 0xFFF
FFEB4F68* 549F0026  clrrwi  r31, r4, 12
FFEB4F6C* 7C9DF810  subfc   r4, r29, r31
FFEB4F70* 63A30000  ori     r3, r29, 0x0
FFEB4F74* 30842000  addic   r4, r4, 0x2000
FFEB4F78* 4800FCCD  bl      sub_FFEC4C44
FFEB4F7C* 80410014  lwz     r2, 0x14(r1)
FFEB4F80* 63E30000  ori     r3, r31, 0x0
FFEB4F84* 38802000  li      r4, 0x2000
FFEB4F88* 4800FD1D  bl      sub_FFEC4CA4
FFEB4F8C* 80410014  lwz     r2, 0x14(r1)
FFEB4F90* 607C0000  ori     r28, r3, 0x0
FFEB4F94* 2C1C0000  cmpwi   cr0, r28, 0x0
FFEB4F98* 40820080  bne     loc_FFEB5018
FFEB4F9C* 38800001  li      r4, 0x1
FFEB4FA0* 909A0000  stw     r4, 0x0(r26)
FFEB4FA4* 93FB0000  stw     r31, 0x0(r27)
FFEB4FA8* 38A02000  li      r5, 0x2000
FFEB4FAC* 90BB0004  stw     r5, 0x4(r27)
FFEB4FB0* 63630000  ori     r3, r27, 0x0
FFEB4FB4* 63440000  ori     r4, r26, 0x0
FFEB4FB8* 4800FB55  bl      sub_FFEC4B0C
FFEB4FBC* 80410014  lwz     r2, 0x14(r1)
FFEB4FC0* 607C0000  ori     r28, r3, 0x0
FFEB4FC4* 2C1C0000  cmpwi   cr0, r28, 0x0
FFEB4FC8* 40820040  bne     loc_FFEB5008
FFEB4FCC* 807B0008  lwz     r3, 0x8(r27)
FFEB4FD0* 309F1000  addic   r4, r31, 0x1000
FFEB4FD4* 907E0074  stw     r3, 0x74(r30)
FFEB4FD8* 93FE0078  stw     r31, 0x78(r30)
FFEB4FDC* 30631000  addic   r3, r3, 0x1000
FFEB4FE0* 907E0090  stw     r3, 0x90(r30)
FFEB4FE4* 909E0094  stw     r4, 0x94(r30)
FFEB4FE8* 38A00200  li      r5, 0x200
FFEB4FEC* 90BE0084  stw     r5, 0x84(r30)
FFEB4FF0* 38600000  li      r3, 0x0
FFEB4FF4* 800100A8  lwz     r0, 0xA8(r1)
FFEB4FF8* 302100A0  addic   r1, r1, 0xA0
FFEB4FFC* 7C0803A6  mtspr   LR, r0
FFEB5000* BB41FFE8  lmw     r26, -0x18(r1)
FFEB5004* 4E800020  blr
loc_FFEB5008:
FFEB5008  63E30000  ori     r3, r31, 0x0
FFEB500C  38802000  li      r4, 0x2000
FFEB5010  4800FCAD  bl      sub_FFEC4CBC
FFEB5014  80410014  lwz     r2, 0x14(r1)
loc_FFEB5018:
FFEB5018  63A30000  ori     r3, r29, 0x0
FFEB501C  4800FC11  bl      sub_FFEC4C2C
FFEB5020  80410014  lwz     r2, 0x14(r1)
loc_FFEB5024:
FFEB5024  63830000  ori     r3, r28, 0x0
FFEB5028  800100A8  lwz     r0, 0xA8(r1)
FFEB502C  302100A0  addic   r1, r1, 0xA0
FFEB5030  7C0803A6  mtspr   LR, r0
FFEB5034  BB41FFE8  lmw     r26, -0x18(r1)
FFEB5038  4E800020  blr
FFEB503C* 7C0802A6  mfspr   r0, LR
FFEB5040* 90010008  stw     r0, 0x8(r1)
FFEB5044* 9421FFC8  stwu    r1, -0x38(r1)
FFEB5048* 4BFFF119  bl      sub_FFEB4160
FFEB504C* 60000000  nop
FFEB5050* 80010040  lwz     r0, 0x40(r1)
FFEB5054* 30210038  addic   r1, r1, 0x38
FFEB5058* 7C0803A6  mtspr   LR, r0
FFEB505C* 4E800020  blr
FFEB5060? 7C0802A6  mfspr   r0, LR
FFEB5064? 90010008  stw     r0, 0x8(r1)
FFEB5068? 9421FFC8  stwu    r1, -0x38(r1)
FFEB506C? 4BFFF341  bl      sub_FFEB43AC
FFEB5070? 60000000  nop
FFEB5074? 80010040  lwz     r0, 0x40(r1)
FFEB5078? 30210038  addic   r1, r1, 0x38
FFEB507C? 7C0803A6  mtspr   LR, r0
FFEB5080? 4E800020  blr
FFEB5084? 7C0802A6  mfspr   r0, LR
FFEB5088? BE61FFCC  stmw    r19, -0x34(r1)
FFEB508C? 90010008  stw     r0, 0x8(r1)
FFEB5090? 9421FF90  stwu    r1, -0x70(r1)
FFEB5094? 54C6063F  clrlwi. r6, r6, 24
FFEB5098? 60770000  ori     r23, r3, 0x0
FFEB509C? 60BD0000  ori     r29, r5, 0x0
FFEB50A0? 609C0000  ori     r28, r4, 0x0
FFEB50A4? 83F70094  lwz     r31, 0x94(r23)
FFEB50A8? 82D70020  lwz     r22, 0x20(r23)
FFEB50AC? 4182000C  beq     loc_FFEB50B8
FFEB50B0? 3F202000  lis     r25, 0x2000
FFEB50B4? 48000008  b       loc_FFEB50BC
loc_FFEB50B8:
FFEB50B8? 3B200000  li      r25, 0x0
loc_FFEB50BC:
FFEB50BC? 2C1D0000  cmpwi   cr0, r29, 0x0
FFEB50C0? 418200D0  beq     loc_FFEB5190
FFEB50C4? 3F400000  lis     r26, 0x0000
FFEB50C8? 3F600000  lis     r27, 0x0000
FFEB50CC? 33FFFFF8  addic   r31, r31, -0x8
FFEB50D0? 635AFFF0  ori     r26, r26, 0xFFF0
FFEB50D4? 637BFFFF  ori     r27, r27, 0xFFFF
FFEB50D8? 3B000000  li      r24, 0x0
FFEB50DC? 3AA00008  li      r21, 0x8
loc_FFEB50E0:
FFEB50E0? 418200AC  beq     loc_FFEB518C
FFEB50E4? 7C1DD040  cmplw   r29, r26
FFEB50E8? 4080000C  bge     loc_FFEB50F4
FFEB50EC? 63BE0000  ori     r30, r29, 0x0
FFEB50F0? 48000008  b       loc_FFEB50F8
loc_FFEB50F4:
FFEB50F4? 635E0000  ori     r30, r26, 0x0
loc_FFEB50F8:
FFEB50F8? 7F84D838  and     r4, r28, r27
FFEB50FC? 5483043E  clrlwi  r3, r4, 16
FFEB5100? 7FD4CB78  or      r20, r30, r25
FFEB5104? 7F73A038  and     r19, r27, r20
FFEB5108? 7FBEE810  subfc   r29, r30, r29
FFEB510C? 4BFFFDB5  bl      sub_FFEB4EC0
FFEB5110? 60000000  nop
FFEB5114? 60670000  ori     r7, r3, 0x0
FFEB5118? 5783843E  srwi    r3, r28, 16
FFEB511C? 7F631838  and     r3, r27, r3
FFEB5120? 5463043E  clrlwi  r3, r3, 16
FFEB5124? 54E7801E  slwi    r7, r7, 16
FFEB5128? 7F9CF014  addc    r28, r28, r30
FFEB512C? 4BFFFD95  bl      sub_FFEB4EC0
FFEB5130? 60000000  nop
FFEB5134? 971F0010  stwu    r24, 0x10(r31)
FFEB5138? 7C683B78  or      r8, r3, r7
FFEB513C? 931F0004  stw     r24, 0x4(r31)
FFEB5140? 911FFFFC  stw     r8, -0x4(r31)
FFEB5144? 4800C03D  bl      sub_FFEC1180
FFEB5148? 60000000  nop
FFEB514C? 5663043E  clrlwi  r3, r19, 16
FFEB5150? 4BFFFD71  bl      sub_FFEB4EC0
FFEB5154? 60000000  nop
FFEB5158? 60600000  ori     r0, r3, 0x0
FFEB515C? 5683843E  srwi    r3, r20, 16
FFEB5160? 7F631838  and     r3, r27, r3
FFEB5164? 5463043E  clrlwi  r3, r3, 16
FFEB5168? 541E801E  slwi    r30, r0, 16
FFEB516C? 4BFFFD55  bl      sub_FFEB4EC0
FFEB5170? 60000000  nop
FFEB5174? 7C60F378  or      r0, r3, r30
FFEB5178? 901FFFF8  stw     r0, -0x8(r31)
FFEB517C? 4800C005  bl      sub_FFEC1180
FFEB5180? 60000000  nop
FFEB5184? 2C1D0000  cmpwi   cr0, r29, 0x0
FFEB5188? 4BFFFF58  b       loc_FFEB50E0
loc_FFEB518C:
FFEB518C? 7FFFA814  addc    r31, r31, r21
loc_FFEB5190:
FFEB5190? 38600000  li      r3, 0x0
FFEB5194? 39200000  li      r9, 0x0
FFEB5198? 4BFFFD29  bl      sub_FFEB4EC0
FFEB519C? 60000000  nop
FFEB51A0? 60670000  ori     r7, r3, 0x0
FFEB51A4? 38600000  li      r3, 0x0
FFEB51A8? 54E7801E  slwi    r7, r7, 16
FFEB51AC? 4BFFFD15  bl      sub_FFEB4EC0
FFEB51B0? 60000000  nop
FFEB51B4? 7C683B78  or      r8, r3, r7
FFEB51B8? 911F0004  stw     r8, 0x4(r31)
FFEB51BC? 913F0008  stw     r9, 0x8(r31)
FFEB51C0? 913F000C  stw     r9, 0xC(r31)
FFEB51C4? 4800BFBD  bl      sub_FFEC1180
FFEB51C8? 60000000  nop
FFEB51CC? 38600000  li      r3, 0x0
FFEB51D0? 4BFFFCF1  bl      sub_FFEB4EC0
FFEB51D4? 60000000  nop
FFEB51D8? 607E0000  ori     r30, r3, 0x0
FFEB51DC? 38607000  li      r3, 0x7000
FFEB51E0? 57DE801E  slwi    r30, r30, 16
FFEB51E4? 4BFFFCDD  bl      sub_FFEB4EC0
FFEB51E8? 60000000  nop
FFEB51EC? 7C7DF378  or      r29, r3, r30
FFEB51F0? 93BF0000  stw     r29, 0x0(r31)
FFEB51F4? 4800BF8D  bl      sub_FFEC1180
FFEB51F8? 60000000  nop
FFEB51FC? 4800BF85  bl      sub_FFEC1180
FFEB5200? 60000000  nop
FFEB5204? 3C60C800  lis     r3, 0xC800
FFEB5208? 4BFFFCD5  bl      sub_FFEB4EDC
FFEB520C? 60000000  nop
FFEB5210? 90760000  stw     r3, 0x0(r22)
FFEB5214? 4800BF6D  bl      sub_FFEC1180
FFEB5218? 60000000  nop
FFEB521C? 80770090  lwz     r3, 0x90(r23)
FFEB5220? 4BFFFCBD  bl      sub_FFEB4EDC
FFEB5224? 60000000  nop
FFEB5228? 9076000C  stw     r3, 0xC(r22)
FFEB522C? 4800BF55  bl      sub_FFEC1180
FFEB5230? 60000000  nop
FFEB5234? 4800BF4D  bl      sub_FFEC1180
FFEB5238? 60000000  nop
FFEB523C? 3C608000  lis     r3, 0x8000
FFEB5240? 60638000  ori     r3, r3, 0x8000
FFEB5244? 4BFFFC99  bl      sub_FFEB4EDC
FFEB5248? 60000000  nop
FFEB524C? 90760000  stw     r3, 0x0(r22)
FFEB5250? 4800BF31  bl      sub_FFEC1180
FFEB5254? 60000000  nop
FFEB5258? 80010078  lwz     r0, 0x78(r1)
FFEB525C? 30210070  addic   r1, r1, 0x70
FFEB5260? 7C0803A6  mtspr   LR, r0
FFEB5264? BA61FFCC  lmw     r19, -0x34(r1)
FFEB5268? 4E800020  blr
FFEB526C? BFA1FFF4  stmw    r29, -0xC(r1)
FFEB5270? 81430020  lwz     r10, 0x20(r3)
FFEB5274? 3D800000  lis     r12, 0x0000
FFEB5278? 80AA0004  lwz     r5, 0x4(r10)
FFEB527C? 30CA0004  addic   r6, r10, 0x4
FFEB5280? 54AB043E  clrlwi  r11, r5, 16
FFEB5284? 556B043E  clrlwi  r11, r11, 16
FFEB5288? 5569C63E  extrwi  r9, r11, 8, 16
FFEB528C? 54A8843E  srwi    r8, r5, 16
FFEB5290? 5508043E  clrlwi  r8, r8, 16
FFEB5294? 5507C63E  extrwi  r7, r8, 8, 16
FFEB5298? 5529043E  clrlwi  r9, r9, 16
FFEB529Cd 556B442E  .ascii  "UkD.}kKx"
FFEB52A4? 54E9043E  clrlwi  r9, r7, 16
FFEB52A8? 5508442E  clrlslwi r8, r8, 24, 8
FFEB52AC? 556B043E  clrlwi  r11, r11, 16
FFEB52B0? 7D094B78  or      r9, r8, r9
FFEB52B4? 556B801E  slwi    r11, r11, 16
FFEB52B8? 5529043E  clrlwi  r9, r9, 16
FFEB52BCd 7D694B78  .ascii  "}iKx=`.."
FFEB52C4? 5520056B  rlwinm. r0, r9, 0, 21, 21
FFEB52C8? 80E60000  lwz     r7, 0x0(r6)
FFEB52CC? 81060000  lwz     r8, 0x0(r6)
FFEB52D0? 81260000  lwz     r9, 0x0(r6)
FFEB52D4? 80A60000  lwz     r5, 0x0(r6)
FFEB52D8? 80860000  lwz     r4, 0x0(r6)
FFEB52DC? 80660000  lwz     r3, 0x0(r6)
FFEB52E0? 83E60000  lwz     r31, 0x0(r6)
FFEB52E4? 83C60000  lwz     r30, 0x0(r6)
FFEB52E8? 83A60000  lwz     r29, 0x0(r6)
FFEB52EC? 80C60000  lwz     r6, 0x0(r6)
FFEB52F0? 618CFFFF  ori     r12, r12, 0xFFFF
FFEB52F4? 616BFF00  ori     r11, r11, 0xFF00
loc_FFEB52F8:
FFEB52F8? 4182005C  beq     loc_FFEB5354
FFEB52FC? 806A0004  lwz     r3, 0x4(r10)
FFEB5300? 7C646038  and     r4, r3, r12
FFEB5304? 5463843E  srwi    r3, r3, 16
FFEB5308? 5484043E  clrlwi  r4, r4, 16
FFEB530C? 7D891838  and     r9, r12, r3
FFEB5310? 5529043E  clrlwi  r9, r9, 16
FFEB5314? 5487C63E  extrwi  r7, r4, 8, 16
FFEB5318? 5485402E  slwi    r5, r4, 8
FFEB531C? 5520C63E  extrwi  r0, r9, 8, 16
FFEB5320? 5529402E  slwi    r9, r9, 8
FFEB5324? 7CA65838  and     r6, r5, r11
FFEB5328? 54E7043E  clrlwi  r7, r7, 16
FFEB532C? 7CC83B78  or      r8, r6, r7
FFEB5330? 7D694838  and     r9, r11, r9
FFEB5334? 5400043E  clrlwi  r0, r0, 16
FFEB5338? 5508043E  clrlwi  r8, r8, 16
FFEB533C? 7D200378  or      r0, r9, r0
FFEB5340? 5508801E  slwi    r8, r8, 16
FFEB5344? 5400043E  clrlwi  r0, r0, 16
FFEB5348? 7D000378  or      r0, r8, r0
FFEB534C? 5400056B  rlwinm. r0, r0, 0, 21, 21
FFEB5350? 4BFFFFA8  b       loc_FFEB52F8
loc_FFEB5354:
FFEB5354? BBA1FFF4  lmw     r29, -0xC(r1)
FFEB5358? 4E800020  blr
FFEB535C? 7C0802A6  mfspr   r0, LR
FFEB5360? BFC1FFF8  stmw    r30, -0x8(r1)
FFEB5364? 90010008  stw     r0, 0x8(r1)
FFEB5368? 9421FFC0  stwu    r1, -0x40(r1)
FFEB536C? 83E30020  lwz     r31, 0x20(r3)
FFEB5370? 4800BE11  bl      sub_FFEC1180
FFEB5374? 60000000  nop
FFEB5378? 38602000  li      r3, 0x2000
FFEB537C? 4BFFFB45  bl      sub_FFEB4EC0
FFEB5380? 60000000  nop
FFEB5384? 60600000  ori     r0, r3, 0x0
FFEB5388? 38602000  li      r3, 0x2000
FFEB538C? 541E801E  slwi    r30, r0, 16
FFEB5390? 4BFFFB31  bl      sub_FFEB4EC0
FFEB5394? 60000000  nop
FFEB5398? 7C60F378  or      r0, r3, r30
FFEB539C? 901F0000  stw     r0, 0x0(r31)
FFEB53A0? 4800BDE1  bl      sub_FFEC1180
FFEB53A4? 60000000  nop
FFEB53A8? 83DF0004  lwz     r30, 0x4(r31)
FFEB53AC? 3D200000  lis     r9, 0x0000
FFEB53B0? 57C3043E  clrlwi  r3, r30, 16
FFEB53B4? 5463043E  clrlwi  r3, r3, 16
FFEB53B8? 6129FFFF  ori     r9, r9, 0xFFFF
FFEB53BC? 4BFFFB05  bl      sub_FFEB4EC0
FFEB53C0? 60000000  nop
FFEB53C4? 60600000  ori     r0, r3, 0x0
FFEB53C8? 57C3843E  srwi    r3, r30, 16
FFEB53CC? 5463043E  clrlwi  r3, r3, 16
FFEB53D0? 541E801E  slwi    r30, r0, 16
FFEB53D4? 4BFFFAED  bl      sub_FFEB4EC0
FFEB53D8? 60000000  nop
FFEB53DC? 7C60F378  or      r0, r3, r30
FFEB53E0? 540004A5  rlwinm. r0, r0, 0, 18, 18
FFEB53E4? 4F000000  mcrf    cr6, cr0
loc_FFEB53E8:
FFEB53E8? 419A0044  beq     cr6, loc_FFEB542C
FFEB53EC? 83DF0004  lwz     r30, 0x4(r31)
FFEB53F0? 7FC34838  and     r3, r30, r9
FFEB53F4? 5463043E  clrlwi  r3, r3, 16
FFEB53F8? 4BFFFAC9  bl      sub_FFEB4EC0
FFEB53FC? 60000000  nop
FFEB5400? 60670000  ori     r7, r3, 0x0
FFEB5404? 57C3843E  srwi    r3, r30, 16
FFEB5408? 7D231838  and     r3, r9, r3
FFEB540C? 5463043E  clrlwi  r3, r3, 16
FFEB5410? 54E7801E  slwi    r7, r7, 16
FFEB5414? 4BFFFAAD  bl      sub_FFEB4EC0
FFEB5418? 60000000  nop
FFEB541C? 7C683B78  or      r8, r3, r7
FFEB5420? 550804A5  rlwinm. r8, r8, 0, 18, 18
FFEB5424? 4F000000  mcrf    cr6, cr0
FFEB5428? 4BFFFFC0  b       loc_FFEB53E8
loc_FFEB542C:
FFEB542C? 4800BD55  bl      sub_FFEC1180
FFEB5430? 60000000  nop
FFEB5434? 38600000  li      r3, 0x0
FFEB5438? 4BFFFA89  bl      sub_FFEB4EC0
FFEB543C? 60000000  nop
FFEB5440? 606C0000  ori     r12, r3, 0x0
FFEB5444? 3C600000  lis     r3, 0x0000
FFEB5448? 60638000  ori     r3, r3, 0x8000
FFEB544C? 559E801E  slwi    r30, r12, 16
FFEB5450? 4BFFFA71  bl      sub_FFEB4EC0
FFEB5454? 60000000  nop
FFEB5458? 7C60F378  or      r0, r3, r30
FFEB545C? 901F0000  stw     r0, 0x0(r31)
FFEB5460? 4800BD21  bl      sub_FFEC1180
FFEB5464? 60000000  nop
FFEB5468? 807F0004  lwz     r3, 0x4(r31)
FFEB546C? 4BFFFA71  bl      sub_FFEB4EDC
FFEB5470? 60000000  nop
FFEB5474? 5463056B  rlwinm. r3, r3, 0, 21, 21
FFEB5478? 4F000000  mcrf    cr6, cr0
loc_FFEB547C:
FFEB547C? 419A001C  beq     cr6, loc_FFEB5498
FFEB5480? 807F0004  lwz     r3, 0x4(r31)
FFEB5484? 4BFFFA59  bl      sub_FFEB4EDC
FFEB5488? 60000000  nop
FFEB548C? 5463056B  rlwinm. r3, r3, 0, 21, 21
FFEB5490? 4F000000  mcrf    cr6, cr0
FFEB5494? 4BFFFFE8  b       loc_FFEB547C
loc_FFEB5498:
FFEB5498? 80010048  lwz     r0, 0x48(r1)
FFEB549C? 30210040  addic   r1, r1, 0x40
FFEB54A0? 7C0803A6  mtspr   LR, r0
FFEB54A4? BBC1FFF8  lmw     r30, -0x8(r1)
FFEB54A8? 4E800020  blr
FFEB54AC* 7C0802A6  mfspr   r0, LR
FFEB54B0* 90010008  stw     r0, 0x8(r1)
FFEB54B4* 9421FFC8  stwu    r1, -0x38(r1)
FFEB54B8* 80830014  lwz     r4, 0x14(r3)
FFEB54BC* 80A40000  lwz     r5, 0x0(r4)
FFEB54C0* 64A50010  oris    r5, r5, 0x10
FFEB54C4* 90A40000  stw     r5, 0x0(r4)
FFEB54C8* 4800BCB1  bl      sub_FFEC1178
FFEB54CC* 60000000  nop
FFEB54D0* 80010040  lwz     r0, 0x40(r1)
FFEB54D4* 30210038  addic   r1, r1, 0x38
FFEB54D8* 7C0803A6  mtspr   LR, r0
FFEB54DC* 4E800020  blr
FFEB54E0* 7C0802A6  mfspr   r0, LR
FFEB54E4* 90010008  stw     r0, 0x8(r1)
FFEB54E8* 9421FFC8  stwu    r1, -0x38(r1)
FFEB54EC* 80830014  lwz     r4, 0x14(r3)
FFEB54F0* 80A40000  lwz     r5, 0x0(r4)
FFEB54F4* 64A50020  oris    r5, r5, 0x20
FFEB54F8* 90A40000  stw     r5, 0x0(r4)
FFEB54FC* 4800BC7D  bl      sub_FFEC1178
FFEB5500* 60000000  nop
FFEB5504* 80010040  lwz     r0, 0x40(r1)
FFEB5508* 30210038  addic   r1, r1, 0x38
FFEB550C* 7C0803A6  mtspr   LR, r0
FFEB5510* 4E800020  blr
FFEB5514* 7C0802A6  mfspr   r0, LR
FFEB5518* 90010008  stw     r0, 0x8(r1)
FFEB551C* 9421FFC8  stwu    r1, -0x38(r1)
FFEB5520* 80830010  lwz     r4, 0x10(r3)
FFEB5524* 80A40000  lwz     r5, 0x0(r4)
FFEB5528* 64A50010  oris    r5, r5, 0x10
FFEB552C* 90A40000  stw     r5, 0x0(r4)
FFEB5530* 4800BC49  bl      sub_FFEC1178
FFEB5534* 60000000  nop
FFEB5538* 80010040  lwz     r0, 0x40(r1)
FFEB553C* 30210038  addic   r1, r1, 0x38
FFEB5540* 7C0803A6  mtspr   LR, r0
FFEB5544* 4E800020  blr
FFEB5548* 7C0802A6  mfspr   r0, LR
FFEB554C* 90010008  stw     r0, 0x8(r1)
FFEB5550* 9421FFC8  stwu    r1, -0x38(r1)
FFEB5554* 80830010  lwz     r4, 0x10(r3)
FFEB5558* 80A40000  lwz     r5, 0x0(r4)
FFEB555C* 64A50020  oris    r5, r5, 0x20
FFEB5560* 90A40000  stw     r5, 0x0(r4)
FFEB5564* 4800BC15  bl      sub_FFEC1178
FFEB5568* 60000000  nop
FFEB556C* 80010040  lwz     r0, 0x40(r1)
FFEB5570* 30210038  addic   r1, r1, 0x38
FFEB5574* 7C0803A6  mtspr   LR, r0
FFEB5578* 4E800020  blr
FFEB557C* 7C0802A6  mfspr   r0, LR
FFEB5580* 90010008  stw     r0, 0x8(r1)
FFEB5584* 9421FFC8  stwu    r1, -0x38(r1)
FFEB5588* 80830010  lwz     r4, 0x10(r3)
FFEB558C* 80A40000  lwz     r5, 0x0(r4)
FFEB5590* 54A50314  rlwinm  r5, r5, 0, 12, 10
FFEB5594* 90A40000  stw     r5, 0x0(r4)
FFEB5598* 4800BBE1  bl      sub_FFEC1178
FFEB559C* 60000000  nop
FFEB55A0* 80010040  lwz     r0, 0x40(r1)
FFEB55A4* 30210038  addic   r1, r1, 0x38
FFEB55A8* 7C0803A6  mtspr   LR, r0
FFEB55AC* 4E800020  blr
FFEB55B0? 7C0802A6  mfspr   r0, LR
FFEB55B4? 90010008  stw     r0, 0x8(r1)
FFEB55B8? 9421FFC8  stwu    r1, -0x38(r1)
FFEB55BC? 80830010  lwz     r4, 0x10(r3)
FFEB55C0? 80A40000  lwz     r5, 0x0(r4)
FFEB55C4? 54A502D2  rlwinm  r5, r5, 0, 11, 9
FFEB55C8? 90A40000  stw     r5, 0x0(r4)
FFEB55CC? 4800BBAD  bl      sub_FFEC1178
FFEB55D0? 60000000  nop
FFEB55D4? 80010040  lwz     r0, 0x40(r1)
FFEB55D8? 30210038  addic   r1, r1, 0x38
FFEB55DC? 7C0803A6  mtspr   LR, r0
FFEB55E0? 4E800020  blr
FFEB55E4* 7C0802A6  mfspr   r0, LR
FFEB55E8* BFA1FFF4  stmw    r29, -0xC(r1)
FFEB55EC* 90010008  stw     r0, 0x8(r1)
FFEB55F0* 9421FFB8  stwu    r1, -0x48(r1)
FFEB55F4* 607F0000  ori     r31, r3, 0x0
FFEB55F8* 83DF0000  lwz     r30, 0x0(r31)
FFEB55FC* 38800000  li      r4, 0x0
FFEB5600* 989E0090  stb     r4, 0x90(r30)
FFEB5604* 3BA00007  li      r29, 0x7
FFEB5608* 4800BB71  bl      sub_FFEC1178
FFEB560C* 60000000  nop
FFEB5610* 819F0010  lwz     r12, 0x10(r31)
FFEB5614* 800C0000  lwz     r0, 0x0(r12)
FFEB5618* 540002D2  rlwinm  r0, r0, 0, 11, 9
FFEB561C* 900C0000  stw     r0, 0x0(r12)
FFEB5620* 9BBE0090  stb     r29, 0x90(r30)
FFEB5624* 4800BB55  bl      sub_FFEC1178
FFEB5628* 60000000  nop
FFEB562C* 80010050  lwz     r0, 0x50(r1)
FFEB5630* 30210048  addic   r1, r1, 0x48
FFEB5634* 7C0803A6  mtspr   LR, r0
FFEB5638* BBA1FFF4  lmw     r29, -0xC(r1)
FFEB563C* 4E800020  blr
FFEB5640* 80830010  lwz     r4, 0x10(r3)
FFEB5644* 80A40000  lwz     r5, 0x0(r4)
FFEB5648* 54A502D6  rlwinm  r5, r5, 0, 11, 11
FFEB564C* 30C5FFFF  addic   r6, r5, -0x1
FFEB5650* 7CC62910  subfe   r6, r6, r5
FFEB5654* 54C3063E  clrlwi  r3, r6, 24
FFEB5658* 4E800020  blr
FFEB565C* 80830010  lwz     r4, 0x10(r3)
FFEB5660* 80A40000  lwz     r5, 0x0(r4)
FFEB5664* 54A50294  rlwinm  r5, r5, 0, 10, 10
FFEB5668* 30C5FFFF  addic   r6, r5, -0x1
FFEB566C* 7CC62910  subfe   r6, r6, r5
FFEB5670* 54C3063E  clrlwi  r3, r6, 24
FFEB5674* 4E800020  blr

sub_FFEB5678:
FFEB5678* 7C0802A6  mfspr   r0, LR
FFEB567C* BF41FFE8  stmw    r26, -0x18(r1)
FFEB5680* 90010008  stw     r0, 0x8(r1)
FFEB5684* 38A00264  li      r5, 0x264
FFEB5688* 90A40004  stw     r5, 0x4(r4)
FFEB568C* 38C00000  li      r6, 0x0
FFEB5690* 90C40000  stw     r6, 0x0(r4)
FFEB5694* 80E2FDF8  lwz     r7, -0x208(r2)
FFEB5698* 90E40008  stw     r7, 0x8(r4)
FFEB569C* 8102FDFC  lwz     r8, -0x204(r2)
FFEB56A0* 9104000C  stw     r8, 0xC(r4)
FFEB56A4* 8122FE00  lwz     r9, -0x200(r2)
FFEB56A8* 91240018  stw     r9, 0x18(r4)
FFEB56AC* 8142FE90  lwz     r10, -0x170(r2)
FFEB56B0* 91440014  stw     r10, 0x14(r4)
FFEB56B4* 8162FE04  lwz     r11, -0x1FC(r2)
FFEB56B8* 9164001C  stw     r11, 0x1C(r4)
FFEB56BC* 8182FE08  lwz     r12, -0x1F8(r2)
FFEB56C0* 91840020  stw     r12, 0x20(r4)
FFEB56C4* 83E2FE9C  lwz     r31, -0x164(r2)
FFEB56C8* 93E40024  stw     r31, 0x24(r4)
FFEB56CC* 83C2FE0C  lwz     r30, -0x1F4(r2)
FFEB56D0* 93C40028  stw     r30, 0x28(r4)
FFEB56D4* 83A2FEA4  lwz     r29, -0x15C(r2)
FFEB56D8* 93A4002C  stw     r29, 0x2C(r4)
FFEB56DC* 8B830050  lbz     r28, 0x50(r3)
FFEB56E0* 8362FDA0  lwz     r27, -0x260(r2)
FFEB56E4* 281C0003  cmplwi  cr0, r28, 0x3
FFEB56E8* 41810044  bgt     loc_FFEB572C
FFEB56EC* 579A103A  slwi    r26, r28, 2
FFEB56F0* 7F5BD02E  lwzx    r26, r27, r26
FFEB56F4* 7F5BD014  addc    r26, r27, r26
FFEB56F8* 7F4803A6  mtspr   LR, r26
FFEB56FC* 4E800020  blr
FFEB5700? 80A2FEA8  lwz     r5, -0x158(r2)
FFEB5704? 90A40010  stw     r5, 0x10(r4)
FFEB5708? 48000024  b       loc_FFEB572C
FFEB570C? 80A2FEAC  lwz     r5, -0x154(r2)
FFEB5710? 90A40010  stw     r5, 0x10(r4)
FFEB5714? 48000018  b       loc_FFEB572C
FFEB5718? 80A2FEB0  lwz     r5, -0x150(r2)
FFEB571C? 90A40010  stw     r5, 0x10(r4)
FFEB5720? 4800000C  b       loc_FFEB572C
FFEB5724* 80A2FEAC  lwz     r5, -0x154(r2)
FFEB5728* 90A40010  stw     r5, 0x10(r4)
loc_FFEB572C:
FFEB572C* 38A00001  li      r5, 0x1
FFEB5730* 98A40034  stb     r5, 0x34(r4)
FFEB5734* 88C30044  lbz     r6, 0x44(r3)
FFEB5738* 98C40032  stb     r6, 0x32(r4)
FFEB573C* 88E30039  lbz     r7, 0x39(r3)
FFEB5740* 98E40033  stb     r7, 0x33(r4)
FFEB5744* 8903003B  lbz     r8, 0x3B(r3)
FFEB5748* 2C080000  cmpwi   cr0, r8, 0x0
FFEB574C* 41820010  beq     loc_FFEB575C
FFEB5750  38A00007  li      r5, 0x7
FFEB5754  98A40030  stb     r5, 0x30(r4)
FFEB5758  4800000C  b       loc_FFEB5764
loc_FFEB575C:
FFEB575C* 38A0000F  li      r5, 0xF
FFEB5760* 98A40030  stb     r5, 0x30(r4)
loc_FFEB5764:
FFEB5764* 88A30039  lbz     r5, 0x39(r3)
FFEB5768* 2C050000  cmpwi   cr0, r5, 0x0
FFEB576C* 41820010  beq     loc_FFEB577C
FFEB5770  38A00019  li      r5, 0x19
FFEB5774  98A40031  stb     r5, 0x31(r4)
FFEB5778  4800000C  b       loc_FFEB5784
loc_FFEB577C:
FFEB577C* 38A00032  li      r5, 0x32
FFEB5780* 98A40031  stb     r5, 0x31(r4)
loc_FFEB5784:
FFEB5784* 90640044  stw     r3, 0x44(r4)
FFEB5788* 80010008  lwz     r0, 0x8(r1)
FFEB578C* 7C0803A6  mtspr   LR, r0
FFEB5790* BB41FFE8  lmw     r26, -0x18(r1)
FFEB5794* 4E800020  blr
FFEB5798d FFFFFF68  .long   0xFFFFFF68                         ; -> 68k emulator opcode dispatch table
FFEB579Cd FFFFFF74  .long   0xFFFFFF74                         ; -> 68k emulator opcode dispatch table
FFEB57A0d FFFFFF80  .long   0xFFFFFF80                         ; -> 68k emulator opcode dispatch table
FFEB57A4d FFFFFF8C  .long   0xFFFFFF8C                         ; -> 68k emulator opcode dispatch table
FFEB57A8d FFFFFF94  .long   0xFFFFFF94                         ; -> 68k emulator opcode dispatch table

sub_FFEB57AC:
FFEB57AC* 7C0802A6  mfspr   r0, LR
FFEB57B0* BF81FFF0  stmw    r28, -0x10(r1)
FFEB57B4* 90010008  stw     r0, 0x8(r1)
FFEB57B8* 9421FF68  stwu    r1, -0x98(r1)
FFEB57BC* 33E10038  addic   r31, r1, 0x38
FFEB57C0* 607E0000  ori     r30, r3, 0x0
FFEB57C4* 63E40000  ori     r4, r31, 0x0
FFEB57C8* 3BA0003E  li      r29, 0x3E
FFEB57CC* 3B800007  li      r28, 0x7
FFEB57D0* 4BFFFEA9  bl      sub_FFEB5678
FFEB57D4* 60000000  nop
FFEB57D8* 3C00E11F  lis     r0, 0xE11F
FFEB57DC* B3BF004C  sth     r29, 0x4C(r31)
FFEB57E0* B39F004E  sth     r28, 0x4E(r31)
FFEB57E4* 6000C000  ori     r0, r0, 0xC000
FFEB57E8* 901F0048  stw     r0, 0x48(r31)
FFEB57EC* 881E0057  lbz     r0, 0x57(r30)
FFEB57F0* 2C800000  cmpwi   cr1, r0, 0x0
FFEB57F4* 41860010  beq     cr1, loc_FFEB5804
FFEB57F8  3C80E11F  lis     r4, 0xE11F
FFEB57FC  6084F000  ori     r4, r4, 0xF000
FFEB5800  909F0048  stw     r4, 0x48(r31)
loc_FFEB5804:
FFEB5804* 63E30000  ori     r3, r31, 0x0
FFEB5808* 48006F01  bl      sub_FFEBC708
FFEB580C* 60000000  nop
FFEB5810* 2C030000  cmpwi   cr0, r3, 0x0
FFEB5814* 4182001C  beq     loc_FFEB5830
FFEB5818  38600000  li      r3, 0x0
FFEB581C  800100A0  lwz     r0, 0xA0(r1)
FFEB5820  30210098  addic   r1, r1, 0x98
FFEB5824  7C0803A6  mtspr   LR, r0
FFEB5828  BB81FFF0  lmw     r28, -0x10(r1)
FFEB582C  4E800020  blr
loc_FFEB5830:
FFEB5830* 807F0000  lwz     r3, 0x0(r31)
FFEB5834* 800100A0  lwz     r0, 0xA0(r1)
FFEB5838* 30210098  addic   r1, r1, 0x98
FFEB583C* 7C0803A6  mtspr   LR, r0
FFEB5840* BB81FFF0  lmw     r28, -0x10(r1)
FFEB5844* 4E800020  blr

sub_FFEB5848:
FFEB5848  7C0802A6  mfspr   r0, LR
FFEB584C  BF61FFEC  stmw    r27, -0x14(r1)
FFEB5850  90010008  stw     r0, 0x8(r1)
FFEB5854  9421FF60  stwu    r1, -0xA0(r1)
FFEB5858  33E10038  addic   r31, r1, 0x38
FFEB585C  549D043E  clrlwi  r29, r4, 16
FFEB5860  607E0000  ori     r30, r3, 0x0
FFEB5864  63E40000  ori     r4, r31, 0x0
FFEB5868  3B80003E  li      r28, 0x3E
FFEB586C  3B600007  li      r27, 0x7
FFEB5870  4BFFFE09  bl      sub_FFEB5678
FFEB5874  60000000  nop
FFEB5878  3C00E11F  lis     r0, 0xE11F
FFEB587C  B3BF0036  sth     r29, 0x36(r31)
FFEB5880  B39F004C  sth     r28, 0x4C(r31)
FFEB5884  B37F004E  sth     r27, 0x4E(r31)
FFEB5888  6000C000  ori     r0, r0, 0xC000
FFEB588C  901F0048  stw     r0, 0x48(r31)
FFEB5890  881E0057  lbz     r0, 0x57(r30)
FFEB5894  2C800000  cmpwi   cr1, r0, 0x0
FFEB5898  41860010  beq     cr1, loc_FFEB58A8
FFEB589C  3C80E11F  lis     r4, 0xE11F
FFEB58A0  6084F000  ori     r4, r4, 0xF000
FFEB58A4  909F0048  stw     r4, 0x48(r31)
loc_FFEB58A8:
FFEB58A8  63E30000  ori     r3, r31, 0x0
FFEB58AC  48006F8D  bl      sub_FFEBC838
FFEB58B0  60000000  nop
FFEB58B4  2C030000  cmpwi   cr0, r3, 0x0
FFEB58B8  4182001C  beq     loc_FFEB58D4
FFEB58BC  38600000  li      r3, 0x0
FFEB58C0  800100A8  lwz     r0, 0xA8(r1)
FFEB58C4  302100A0  addic   r1, r1, 0xA0
FFEB58C8  7C0803A6  mtspr   LR, r0
FFEB58CC  BB61FFEC  lmw     r27, -0x14(r1)
FFEB58D0  4E800020  blr
loc_FFEB58D4:
FFEB58D4  807F0000  lwz     r3, 0x0(r31)
FFEB58D8  800100A8  lwz     r0, 0xA8(r1)
FFEB58DC  302100A0  addic   r1, r1, 0xA0
FFEB58E0  7C0803A6  mtspr   LR, r0
FFEB58E4  BB61FFEC  lmw     r27, -0x14(r1)
FFEB58E8  4E800020  blr
FFEB58EC* 7C0802A6  mfspr   r0, LR
FFEB58F0* 7D800026  mfcr    r12
FFEB58F4* BF21FFE4  stmw    r25, -0x1C(r1)
FFEB58F8* 90010008  stw     r0, 0x8(r1)
FFEB58FC* 91810004  stw     r12, 0x4(r1)
FFEB5900* 9421FFA8  stwu    r1, -0x58(r1)
FFEB5904* 607E0000  ori     r30, r3, 0x0
FFEB5908* 83BE0044  lwz     r29, 0x44(r30)
FFEB590C* 83FE0000  lwz     r31, 0x0(r30)
FFEB5910* 7C9D04AA  lswi    r4, r29, 0x20
FFEB5914* 839D0000  lwz     r28, 0x0(r29)
FFEB5918* 7C9F05AA  stswi   r4, r31, 0x20
FFEB591C* 319D0020  addic   r12, r29, 0x20
FFEB5920* 7C8C04AA  lswi    r4, r12, 0x20
FFEB5924* 319F0020  addic   r12, r31, 0x20
FFEB5928* 7C8C05AA  stswi   r4, r12, 0x20
FFEB592C* 319D0040  addic   r12, r29, 0x40
FFEB5930* 7C8C04AA  lswi    r4, r12, 0x20
FFEB5934* 319F0040  addic   r12, r31, 0x40
FFEB5938* 7C8C05AA  stswi   r4, r12, 0x20
FFEB593C* 8B7D0054  lbz     r27, 0x54(r29)
FFEB5940* 8342FDA4  lwz     r26, -0x25C(r2)
FFEB5944* 281B0004  cmplwi  cr0, r27, 0x4
FFEB5948* 418100C0  bgt     loc_FFEB5A08
FFEB594C* 5779103A  slwi    r25, r27, 2
FFEB5950* 7F3AC82E  lwzx    r25, r26, r25
FFEB5954* 7F3AC814  addc    r25, r26, r25
FFEB5958* 7F2803A6  mtspr   LR, r25
FFEB595C* 4E800020  blr
FFEB5960? 63E30000  ori     r3, r31, 0x0
FFEB5964? 480007A1  bl      sub_FFEB6104
FFEB5968? 60000000  nop
FFEB596C? 60690000  ori     r9, r3, 0x0
FFEB5970? 2C090000  cmpwi   cr0, r9, 0x0
FFEB5974? 41820094  beq     loc_FFEB5A08
FFEB5978? 61230000  ori     r3, r9, 0x0
FFEB597C? 80010060  lwz     r0, 0x60(r1)
FFEB5980? 8181005C  lwz     r12, 0x5C(r1)
FFEB5984? 30210058  addic   r1, r1, 0x58
FFEB5988? 7C0803A6  mtspr   LR, r0
FFEB598C? BB21FFE4  lmw     r25, -0x1C(r1)
FFEB5990? 7D838120  mtcrf   0x38, r12
FFEB5994? 4E800020  blr
FFEB5998? 63E30000  ori     r3, r31, 0x0
FFEB599C? 4BFFE6C9  bl      sub_FFEB4064
FFEB59A0? 60000000  nop
FFEB59A4? 60690000  ori     r9, r3, 0x0
FFEB59A8? 2C090000  cmpwi   cr0, r9, 0x0
FFEB59AC? 4182005C  beq     loc_FFEB5A08
FFEB59B0? 61230000  ori     r3, r9, 0x0
FFEB59B4? 80010060  lwz     r0, 0x60(r1)
FFEB59B8? 8181005C  lwz     r12, 0x5C(r1)
FFEB59BC? 30210058  addic   r1, r1, 0x58
FFEB59C0? 7C0803A6  mtspr   LR, r0
FFEB59C4? BB21FFE4  lmw     r25, -0x1C(r1)
FFEB59C8? 7D838120  mtcrf   0x38, r12
FFEB59CC? 4E800020  blr
FFEB59D0* 63E30000  ori     r3, r31, 0x0
FFEB59D4* 4BFFF54D  bl      sub_FFEB4F20
FFEB59D8* 60000000  nop
FFEB59DC* 60690000  ori     r9, r3, 0x0
FFEB59E0* 2C090000  cmpwi   cr0, r9, 0x0
FFEB59E4* 41820024  beq     loc_FFEB5A08
FFEB59E8  61230000  ori     r3, r9, 0x0
FFEB59EC  80010060  lwz     r0, 0x60(r1)
FFEB59F0  8181005C  lwz     r12, 0x5C(r1)
FFEB59F4  30210058  addic   r1, r1, 0x58
FFEB59F8  7C0803A6  mtspr   LR, r0
FFEB59FC  BB21FFE4  lmw     r25, -0x1C(r1)
FFEB5A00  7D838120  mtcrf   0x38, r12
FFEB5A04  4E800020  blr
loc_FFEB5A08:
FFEB5A08* 809E0048  lwz     r4, 0x48(r30)
FFEB5A0C* 38604000  li      r3, 0x4000
FFEB5A10* 909F0088  stw     r4, 0x88(r31)
FFEB5A14* A8BE004C  lha     r5, 0x4C(r30)
FFEB5A18* B0BF008C  sth     r5, 0x8C(r31)
FFEB5A1C* A8DE004E  lha     r6, 0x4E(r30)
FFEB5A20* B0DF008E  sth     r6, 0x8E(r31)
FFEB5A24* A0FE0036  lhz     r7, 0x36(r30)
FFEB5A28* B0FF0070  sth     r7, 0x70(r31)
FFEB5A2C* 811E0040  lwz     r8, 0x40(r30)
FFEB5A30* 911F0060  stw     r8, 0x60(r31)
FFEB5A34* 815E0038  lwz     r10, 0x38(r30)
FFEB5A38* 915F006C  stw     r10, 0x6C(r31)
FFEB5A3C* 817E003C  lwz     r11, 0x3C(r30)
FFEB5A40* 917F0064  stw     r11, 0x64(r31)
FFEB5A44* 4800F039  bl      sub_FFEC4A7C
FFEB5A48* 80410014  lwz     r2, 0x14(r1)
FFEB5A4C* 60690000  ori     r9, r3, 0x0
FFEB5A50* 2C090000  cmpwi   cr0, r9, 0x0
FFEB5A54* 40820024  bne     loc_FFEB5A78
FFEB5A58  3860FF94  li      r3, -0x6C
FFEB5A5C  80010060  lwz     r0, 0x60(r1)
FFEB5A60  8181005C  lwz     r12, 0x5C(r1)
FFEB5A64  30210058  addic   r1, r1, 0x58
FFEB5A68  7C0803A6  mtspr   LR, r0
FFEB5A6C  BB21FFE4  lmw     r25, -0x1C(r1)
FFEB5A70  7D838120  mtcrf   0x38, r12
FFEB5A74  4E800020  blr
loc_FFEB5A78:
FFEB5A78* 30893FFC  addic   r4, r9, 0x3FFC
FFEB5A7C* 909F0080  stw     r4, 0x80(r31)
FFEB5A80* 3CA0DEAD  lis     r5, 0xDEAD
FFEB5A84* 60A5FACE  ori     r5, r5, 0xFACE
FFEB5A88* 90A93FFC  stw     r5, 0x3FFC(r9)
FFEB5A8C* 80C2FE10  lwz     r6, -0x1F0(r2)
FFEB5A90* 90DF00A0  stw     r6, 0xA0(r31)
FFEB5A94* 80E2FE14  lwz     r7, -0x1EC(r2)
FFEB5A98* 90FF00A4  stw     r7, 0xA4(r31)
FFEB5A9C* 8102FEBC  lwz     r8, -0x144(r2)
FFEB5AA0* 911F00A8  stw     r8, 0xA8(r31)
FFEB5AA4* 911F00AC  stw     r8, 0xAC(r31)
FFEB5AA8* 8142FE18  lwz     r10, -0x1E8(r2)
FFEB5AAC* 915F00B0  stw     r10, 0xB0(r31)
FFEB5AB0* 8162FEC4  lwz     r11, -0x13C(r2)
FFEB5AB4* 917F00B4  stw     r11, 0xB4(r31)
FFEB5AB8* 917F00B8  stw     r11, 0xB8(r31)
FFEB5ABC* 8182FE1C  lwz     r12, -0x1E4(r2)
FFEB5AC0* 919F00BC  stw     r12, 0xBC(r31)
FFEB5AC4* 8002FE20  lwz     r0, -0x1E0(r2)
FFEB5AC8* 901F00C0  stw     r0, 0xC0(r31)
FFEB5ACC* 901F00C4  stw     r0, 0xC4(r31)
FFEB5AD0* 8002FED0  lwz     r0, -0x130(r2)
FFEB5AD4* 901F00C8  stw     r0, 0xC8(r31)
FFEB5AD8* 8002FED4  lwz     r0, -0x12C(r2)
FFEB5ADC* 901F00CC  stw     r0, 0xCC(r31)
FFEB5AE0* 8002FED8  lwz     r0, -0x128(r2)
FFEB5AE4* 901F00D0  stw     r0, 0xD0(r31)
FFEB5AE8* 8002FE24  lwz     r0, -0x1DC(r2)
FFEB5AEC* 901F00D4  stw     r0, 0xD4(r31)
FFEB5AF0* 8002FEE0  lwz     r0, -0x120(r2)
FFEB5AF4* 901F00D8  stw     r0, 0xD8(r31)
FFEB5AF8* 8182FE28  lwz     r12, -0x1D8(r2)
FFEB5AFC* 919F00DC  stw     r12, 0xDC(r31)
FFEB5B00* 917F00E0  stw     r11, 0xE0(r31)
FFEB5B04* 8182FE2C  lwz     r12, -0x1D4(r2)
FFEB5B08* 919F00E4  stw     r12, 0xE4(r31)
FFEB5B0C* 901F00E8  stw     r0, 0xE8(r31)
FFEB5B10* 8182FE30  lwz     r12, -0x1D0(r2)
FFEB5B14* 919F00EC  stw     r12, 0xEC(r31)
FFEB5B18* 8182FE34  lwz     r12, -0x1CC(r2)
FFEB5B1C* 919F00F0  stw     r12, 0xF0(r31)
FFEB5B20* 8182FE38  lwz     r12, -0x1C8(r2)
FFEB5B24* 919F00F4  stw     r12, 0xF4(r31)
FFEB5B28* 8182FE3C  lwz     r12, -0x1C4(r2)
FFEB5B2C* 919F00F8  stw     r12, 0xF8(r31)
FFEB5B30* 8182FE40  lwz     r12, -0x1C0(r2)
FFEB5B34* 919F00FC  stw     r12, 0xFC(r31)
FFEB5B38* 917F0100  stw     r11, 0x100(r31)
FFEB5B3C* 917F0104  stw     r11, 0x104(r31)
FFEB5B40* 917F0108  stw     r11, 0x108(r31)
FFEB5B44* 917F010C  stw     r11, 0x10C(r31)
FFEB5B48* 917F0110  stw     r11, 0x110(r31)
FFEB5B4C* 917F0114  stw     r11, 0x114(r31)
FFEB5B50* 917F0118  stw     r11, 0x118(r31)
FFEB5B54* 917F011C  stw     r11, 0x11C(r31)
FFEB5B58* 8182FEF4  lwz     r12, -0x10C(r2)
FFEB5B5C* 919F0120  stw     r12, 0x120(r31)
FFEB5B60* 8182FEF8  lwz     r12, -0x108(r2)
FFEB5B64* 919F0124  stw     r12, 0x124(r31)
FFEB5B68* 8182FEFC  lwz     r12, -0x104(r2)
FFEB5B6C* 919F0128  stw     r12, 0x128(r31)
FFEB5B70* 917F012C  stw     r11, 0x12C(r31)
FFEB5B74* 8082FF00  lwz     r4, -0x100(r2)
FFEB5B78* 909F0130  stw     r4, 0x130(r31)
FFEB5B7C* 80A2FF04  lwz     r5, -0xFC(r2)
FFEB5B80* 90BF0134  stw     r5, 0x134(r31)
FFEB5B84* 8122FF08  lwz     r9, -0xF8(r2)
FFEB5B88* 913F0138  stw     r9, 0x138(r31)
FFEB5B8C* 917F013C  stw     r11, 0x13C(r31)
FFEB5B90* 80C2FE44  lwz     r6, -0x1BC(r2)
FFEB5B94* 90DF0140  stw     r6, 0x140(r31)
FFEB5B98* 90DF0144  stw     r6, 0x144(r31)
FFEB5B9C* 80E2FE48  lwz     r7, -0x1B8(r2)
FFEB5BA0* 90FF0148  stw     r7, 0x148(r31)
FFEB5BA4* 90FF014C  stw     r7, 0x14C(r31)
FFEB5BA8* 917F0150  stw     r11, 0x150(r31)
FFEB5BAC* 8102FE4C  lwz     r8, -0x1B4(r2)
FFEB5BB0* 911F0154  stw     r8, 0x154(r31)
FFEB5BB4* 901F0158  stw     r0, 0x158(r31)
FFEB5BB8* 917F015C  stw     r11, 0x15C(r31)
FFEB5BBC* 917F0160  stw     r11, 0x160(r31)
FFEB5BC0* 917F0164  stw     r11, 0x164(r31)
FFEB5BC4* 917F0168  stw     r11, 0x168(r31)
FFEB5BC8* 917F016C  stw     r11, 0x16C(r31)
FFEB5BCC* 8142FE50  lwz     r10, -0x1B0(r2)
FFEB5BD0* 915F0170  stw     r10, 0x170(r31)
FFEB5BD4* 901F0174  stw     r0, 0x174(r31)
FFEB5BD8* 8182FE54  lwz     r12, -0x1AC(r2)
FFEB5BDC* 919F0178  stw     r12, 0x178(r31)
FFEB5BE0* 917F017C  stw     r11, 0x17C(r31)
FFEB5BE4* 917F0180  stw     r11, 0x180(r31)
FFEB5BE8* 917F0184  stw     r11, 0x184(r31)
FFEB5BEC* 917F0188  stw     r11, 0x188(r31)
FFEB5BF0* 917F018C  stw     r11, 0x18C(r31)
FFEB5BF4* 917F0190  stw     r11, 0x190(r31)
FFEB5BF8* 917F0194  stw     r11, 0x194(r31)
FFEB5BFC* 917F0198  stw     r11, 0x198(r31)
FFEB5C00* 917F019C  stw     r11, 0x19C(r31)
FFEB5C04* 881D0040  lbz     r0, 0x40(r29)
FFEB5C08* 2C000000  cmpwi   cr0, r0, 0x0
FFEB5C0C* 41820090  beq     loc_FFEB5C9C
FFEB5C10* 893D0055  lbz     r9, 0x55(r29)
FFEB5C14* 2C090000  cmpwi   cr0, r9, 0x0
FFEB5C18* 4182000C  beq     loc_FFEB5C24
FFEB5C1C* 3089FFFF  addic   r4, r9, -0x1
FFEB5C20* 909F0218  stw     r4, 0x218(r31)
loc_FFEB5C24:
FFEB5C24* 893D0054  lbz     r9, 0x54(r29)
FFEB5C28* 48000038  b       loc_FFEB5C60
loc_FFEB5C2C:
FFEB5C2C  8082FE58  lwz     r4, -0x1A8(r2)
FFEB5C30  909F00F0  stw     r4, 0xF0(r31)
FFEB5C34  80A2FE5C  lwz     r5, -0x1A4(r2)
FFEB5C38  90BF00FC  stw     r5, 0xFC(r31)
FFEB5C3C  80C2FE60  lwz     r6, -0x1A0(r2)
FFEB5C40  90DF0160  stw     r6, 0x160(r31)
FFEB5C44  80E2FE64  lwz     r7, -0x19C(r2)
FFEB5C48  90FF0164  stw     r7, 0x164(r31)
FFEB5C4C  8102FE68  lwz     r8, -0x198(r2)
FFEB5C50  911F0168  stw     r8, 0x168(r31)
FFEB5C54  8122FE6C  lwz     r9, -0x194(r2)
FFEB5C58  913F016C  stw     r9, 0x16C(r31)
FFEB5C5C  48000040  b       loc_FFEB5C9C
loc_FFEB5C60:
FFEB5C60* 2C090002  cmpwi   cr0, r9, 0x2
FFEB5C64* 4182FFC8  beq     loc_FFEB5C2C
FFEB5C68* 2C090004  cmpwi   cr0, r9, 0x4
FFEB5C6C* 40820030  bne     loc_FFEB5C9C
FFEB5C70* 8082FEEC  lwz     r4, -0x114(r2)
FFEB5C74* 909F00F0  stw     r4, 0xF0(r31)
FFEB5C78* 80A2FEF0  lwz     r5, -0x110(r2)
FFEB5C7C* 90BF00FC  stw     r5, 0xFC(r31)
FFEB5C80* 80C2FF20  lwz     r6, -0xE0(r2)
FFEB5C84* 90DF0160  stw     r6, 0x160(r31)
FFEB5C88* 80E2FF24  lwz     r7, -0xDC(r2)
FFEB5C8C* 90FF0164  stw     r7, 0x164(r31)
FFEB5C90* 90FF0168  stw     r7, 0x168(r31)
FFEB5C94* 8102FF28  lwz     r8, -0xD8(r2)
FFEB5C98* 911F016C  stw     r8, 0x16C(r31)
loc_FFEB5C9C:
FFEB5C9C* 889D003B  lbz     r4, 0x3B(r29)
FFEB5CA0* 2C040000  cmpwi   cr0, r4, 0x0
FFEB5CA4* 41820020  beq     loc_FFEB5CC4
FFEB5CA8  38800003  li      r4, 0x3
FFEB5CAC  989F01A3  stb     r4, 0x1A3(r31)
FFEB5CB0  88BD0041  lbz     r5, 0x41(r29)
FFEB5CB4  2C050000  cmpwi   cr0, r5, 0x0
FFEB5CB8  4082000C  bne     loc_FFEB5CC4
FFEB5CBC  38800003  li      r4, 0x3
FFEB5CC0  989F01A2  stb     r4, 0x1A2(r31)
loc_FFEB5CC4:
FFEB5CC4* 889C00C0  lbz     r4, 0xC0(r28)
FFEB5CC8* 88BC00C0  lbz     r5, 0xC0(r28)
FFEB5CCC* 5484003A  clrrwi  r4, r4, 2
FFEB5CD0* 88DF01A3  lbz     r6, 0x1A3(r31)
FFEB5CD4* 5484063E  clrlwi  r4, r4, 24
FFEB5CD8* 7CC72378  or      r7, r6, r4
FFEB5CDC* 98FC00C0  stb     r7, 0xC0(r28)
FFEB5CE0* 891D003D  lbz     r8, 0x3D(r29)
FFEB5CE4* 2C080000  cmpwi   cr0, r8, 0x0
FFEB5CE8* 4182000C  beq     loc_FFEB5CF4
FFEB5CEC* 38800001  li      r4, 0x1
FFEB5CF0* 989F0211  stb     r4, 0x211(r31)
loc_FFEB5CF4:
FFEB5CF4* 38800000  li      r4, 0x0
FFEB5CF8* 989F0212  stb     r4, 0x212(r31)
FFEB5CFC* 63E30000  ori     r3, r31, 0x0
FFEB5D00* 48000E25  bl      sub_FFEB6B24
FFEB5D04* 60000000  nop
FFEB5D08* 38600000  li      r3, 0x0
FFEB5D0C* 80010060  lwz     r0, 0x60(r1)
FFEB5D10* 8181005C  lwz     r12, 0x5C(r1)
FFEB5D14* 30210058  addic   r1, r1, 0x58
FFEB5D18* 7C0803A6  mtspr   LR, r0
FFEB5D1C* BB21FFE4  lmw     r25, -0x1C(r1)
FFEB5D20* 7D838120  mtcrf   0x38, r12
FFEB5D24* 4E800020  blr
FFEB5D28d FFFFFCE0  .long   0xFFFFFCE0                         ; -> 68k emulator opcode dispatch table
FFEB5D2Cd FFFFFC38  .long   0xFFFFFC38                         ; -> 68k emulator opcode dispatch table
FFEB5D30d FFFFFC70  .long   0xFFFFFC70                         ; -> 68k emulator opcode dispatch table
FFEB5D34d FFFFFCE0  .long   0xFFFFFCE0                         ; -> 68k emulator opcode dispatch table
FFEB5D38d FFFFFCA8  .long   0xFFFFFCA8                         ; -> 68k emulator opcode dispatch table
FFEB5D3Cd FFFFFCE0  .long   0xFFFFFCE0                         ; -> 68k emulator opcode dispatch table

sub_FFEB5D40:
FFEB5D40  9421FFC0  stwu    r1, -0x40(r1)
FFEB5D44  3C6050F1  lis     r3, 0x50F1
FFEB5D48  60638000  ori     r3, r3, 0x8000
FFEB5D4C  9061003C  stw     r3, 0x3C(r1)
FFEB5D50  80800DD8  lwz     r4, 0xDD8
FFEB5D54  80C00DD8  lwz     r6, 0xDD8
FFEB5D58  80A40000  lwz     r5, 0x0(r4)
FFEB5D5C  31810038  addic   r12, r1, 0x38
FFEB5D60  7CE62814  addc    r7, r6, r5
FFEB5D64  81070008  lwz     r8, 0x8(r7)
FFEB5D68  38000028  li      r0, 0x28
FFEB5D6C  91010038  stw     r8, 0x38(r1)
FFEB5D70  81210038  lwz     r9, 0x38(r1)
FFEB5D74  3161003C  addic   r11, r1, 0x3C
FFEB5D78  98090600  stb     r0, 0x600(r9)
FFEB5D7C  81410038  lwz     r10, 0x38(r1)
FFEB5D80  8121003C  lwz     r9, 0x3C(r1)
FFEB5D84  880A1E00  lbz     r0, 0x1E00(r10)
FFEB5D88  89890200  lbz     r12, 0x200(r9)
FFEB5D8C  7C000774  extsb   r0, r0
FFEB5D90  700A0014  andi.   r10, r0, 0x14
FFEB5D94  7D8C0774  extsb   r12, r12
FFEB5D98  558C063E  clrlwi  r12, r12, 24
FFEB5D9C  558C0672  rlwinm  r12, r12, 0, 25, 25
FFEB5DA0  554A063E  clrlwi  r10, r10, 24
FFEB5DA4  7D4A1670  srawi   r10, r10, 0x2
FFEB5DA8  554A063F  clrlwi. r10, r10, 24
FFEB5DAC  558C063E  clrlwi  r12, r12, 24
FFEB5DB0  40820010  bne     loc_FFEB5DC0
FFEB5DB4  6183001B  ori     r3, r12, 0x1B
FFEB5DB8  546C063E  clrlwi  r12, r3, 24
FFEB5DBC  48000024  b       loc_FFEB5DE0
loc_FFEB5DC0:
FFEB5DC0  2F0A0004  cmpwi   cr6, r10, 0x4
FFEB5DC4  40980010  bge     cr6, loc_FFEB5DD4
FFEB5DC8  6183003F  ori     r3, r12, 0x3F
FFEB5DCC  546C063E  clrlwi  r12, r3, 24
FFEB5DD0  48000010  b       loc_FFEB5DE0
loc_FFEB5DD4:
FFEB5DD4  409A000C  bne     cr6, loc_FFEB5DE0
FFEB5DD8  61830012  ori     r3, r12, 0x12
FFEB5DDC  546C063E  clrlwi  r12, r3, 24
loc_FFEB5DE0:
FFEB5DE0  7D830774  extsb   r3, r12
FFEB5DE4  808B0000  lwz     r4, 0x0(r11)
FFEB5DE8  98640200  stb     r3, 0x200(r4)
FFEB5DEC  30210040  addic   r1, r1, 0x40
FFEB5DF0  4E800020  blr

sub_FFEB5DF4:
FFEB5DF4* 7C0802A6  mfspr   r0, LR
FFEB5DF8* BF21FFE4  stmw    r25, -0x1C(r1)
FFEB5DFC* 90010008  stw     r0, 0x8(r1)
FFEB5E00* 9421FFA0  stwu    r1, -0x60(r1)
FFEB5E04* 607E0000  ori     r30, r3, 0x0
FFEB5E08* 33E1003C  addic   r31, r1, 0x3C
FFEB5E0C* 809E0000  lwz     r4, 0x0(r30)
FFEB5E10* 33A10038  addic   r29, r1, 0x38
FFEB5E14* 909F0000  stw     r4, 0x0(r31)
FFEB5E18* 80BF0000  lwz     r5, 0x0(r31)
FFEB5E1C* 3B600002  li      r27, 0x2
FFEB5E20* 3B800000  li      r28, 0x0
FFEB5E24* 90BD0000  stw     r5, 0x0(r29)
FFEB5E28* 80DD0000  lwz     r6, 0x0(r29)
FFEB5E2C* 3B400040  li      r26, 0x40
FFEB5E30* 3B20FF80  li      r25, -0x80
FFEB5E34* 9B660030  stb     r27, 0x30(r6)
FFEB5E38* 4800B341  bl      sub_FFEC1178
FFEB5E3C* 60000000  nop
FFEB5E40* 819D0000  lwz     r12, 0x0(r29)
FFEB5E44* 9B8C0030  stb     r28, 0x30(r12)
FFEB5E48* 4800B331  bl      sub_FFEC1178
FFEB5E4C* 60000000  nop
FFEB5E50* 819D0000  lwz     r12, 0x0(r29)
FFEB5E54* 9B4C00B0  stb     r26, 0xB0(r12)
FFEB5E58* 819D0000  lwz     r12, 0x0(r29)
FFEB5E5C* 9B2C00B0  stb     r25, 0xB0(r12)
FFEB5E60* 4800B319  bl      sub_FFEC1178
FFEB5E64* 60000000  nop
FFEB5E68* 819D0000  lwz     r12, 0x0(r29)
FFEB5E6C* 63680000  ori     r8, r27, 0x0
FFEB5E70* 880C00E0  lbz     r0, 0xE0(r12)
FFEB5E74* 7C000774  extsb   r0, r0
FFEB5E78* 2C0000A2  cmpwi   cr0, r0, 0xA2
FFEB5E7C* 4082000C  bne     loc_FFEB5E88
FFEB5E80  39200001  li      r9, 0x1
FFEB5E84  48000008  b       loc_FFEB5E8C
loc_FFEB5E88:
FFEB5E88* 39200000  li      r9, 0x0
loc_FFEB5E8C:
FFEB5E8C* 2C090000  cmpwi   cr0, r9, 0x0
FFEB5E90* 41820018  beq     loc_FFEB5EA8
FFEB5E94  889E0039  lbz     r4, 0x39(r30)
FFEB5E98  2C040000  cmpwi   cr0, r4, 0x0
FFEB5E9C  4082000C  bne     loc_FFEB5EA8
FFEB5EA0  38800040  li      r4, 0x40
FFEB5EA4  989E0039  stb     r4, 0x39(r30)
loc_FFEB5EA8:
FFEB5EA8* 809F0000  lwz     r4, 0x0(r31)
FFEB5EAC* 3B600001  li      r27, 0x1
FFEB5EB0* 99040030  stb     r8, 0x30(r4)
FFEB5EB4* 3B400008  li      r26, 0x8
FFEB5EB8* 3BA00004  li      r29, 0x4
FFEB5EBC* 4800B2BD  bl      sub_FFEC1178
FFEB5EC0* 60000000  nop
FFEB5EC4* 819F0000  lwz     r12, 0x0(r31)
FFEB5EC8* 9B8C0030  stb     r28, 0x30(r12)
FFEB5ECC* 819F0000  lwz     r12, 0x0(r31)
FFEB5ED0* 9B6C0030  stb     r27, 0x30(r12)
FFEB5ED4* 4800B2A5  bl      sub_FFEC1178
FFEB5ED8* 60000000  nop
FFEB5EDC* 881E0047  lbz     r0, 0x47(r30)
FFEB5EE0* 819F0000  lwz     r12, 0x0(r31)
FFEB5EE4* 60000040  ori     r0, r0, 0x40
FFEB5EE8* 5400063E  clrlwi  r0, r0, 24
FFEB5EEC* 7C000774  extsb   r0, r0
FFEB5EF0* 980C0080  stb     r0, 0x80(r12)
FFEB5EF4* 819F0000  lwz     r12, 0x0(r31)
FFEB5EF8* 9B4C00B0  stb     r26, 0xB0(r12)
FFEB5EFC* 819F0000  lwz     r12, 0x0(r31)
FFEB5F00* 9BAC00C0  stb     r29, 0xC0(r12)
FFEB5F04* 881E0039  lbz     r0, 0x39(r30)
FFEB5F08* 2C000000  cmpwi   cr0, r0, 0x0
FFEB5F0C* 41820010  beq     loc_FFEB5F1C
FFEB5F10  809F0000  lwz     r4, 0x0(r31)
FFEB5F14  38A00004  li      r5, 0x4
FFEB5F18  98A400D0  stb     r5, 0xD0(r4)
loc_FFEB5F1C:
FFEB5F1C* 3B600003  li      r27, 0x3
FFEB5F20* 4800B259  bl      sub_FFEC1178
FFEB5F24* 60000000  nop
FFEB5F28* 819F0000  lwz     r12, 0x0(r31)
FFEB5F2C* 9B6C0030  stb     r27, 0x30(r12)
FFEB5F30* 4800B249  bl      sub_FFEC1178
FFEB5F34* 60000000  nop
FFEB5F38* 881E003C  lbz     r0, 0x3C(r30)
FFEB5F3C* 2C000000  cmpwi   cr0, r0, 0x0
FFEB5F40* 41820040  beq     loc_FFEB5F80
FFEB5F44  80800DD8  lwz     r4, 0xDD8
FFEB5F48  80C00DD8  lwz     r6, 0xDD8
FFEB5F4C  80A40000  lwz     r5, 0x0(r4)
FFEB5F50  813E0018  lwz     r9, 0x18(r30)
FFEB5F54  7CE62814  addc    r7, r6, r5
FFEB5F58  8107002C  lwz     r8, 0x2C(r7)
FFEB5F5C  89480000  lbz     r10, 0x0(r8)
FFEB5F60  7D4A0774  extsb   r10, r10
FFEB5F64  554A06B5  rlwinm. r10, r10, 0, 26, 26
FFEB5F68  41820010  beq     loc_FFEB5F78
FFEB5F6C  38800041  li      r4, 0x41
FFEB5F70  98890000  stb     r4, 0x0(r9)
FFEB5F74  4800000C  b       loc_FFEB5F80
loc_FFEB5F78:
FFEB5F78  3880FFEC  li      r4, -0x14
FFEB5F7C  98890000  stb     r4, 0x0(r9)
loc_FFEB5F80:
FFEB5F80* 893E0054  lbz     r9, 0x54(r30)
FFEB5F84* 2C090003  cmpwi   cr0, r9, 0x3
FFEB5F88* 40820028  bne     loc_FFEB5FB0
FFEB5F8C  3BA00005  li      r29, 0x5
FFEB5F90  3B60FFA7  li      r27, -0x59
FFEB5F94  4BFFFDAD  bl      sub_FFEB5D40
FFEB5F98  60000000  nop
FFEB5F9C  819F0000  lwz     r12, 0x0(r31)
FFEB5FA0  9BAC0090  stb     r29, 0x90(r12)
FFEB5FA4  819F0000  lwz     r12, 0x0(r31)
FFEB5FA8  9B6C0050  stb     r27, 0x50(r12)
FFEB5FAC  480000B0  b       loc_FFEB605C
loc_FFEB5FB0:
FFEB5FB0* 2C090001  cmpwi   cr0, r9, 0x1
FFEB5FB4* 40820020  bne     loc_FFEB5FD4
FFEB5FB8  809F0000  lwz     r4, 0x0(r31)
FFEB5FBC  38A00005  li      r5, 0x5
FFEB5FC0  98A40090  stb     r5, 0x90(r4)
FFEB5FC4  80DF0000  lwz     r6, 0x0(r31)
FFEB5FC8  38E0FFA7  li      r7, -0x59
FFEB5FCC  98E60050  stb     r7, 0x50(r6)
FFEB5FD0  4800008C  b       loc_FFEB605C
loc_FFEB5FD4:
FFEB5FD4* 889E0039  lbz     r4, 0x39(r30)
FFEB5FD8* 2C040000  cmpwi   cr0, r4, 0x0
FFEB5FDC* 4182001C  beq     loc_FFEB5FF8
FFEB5FE0  809F0000  lwz     r4, 0x0(r31)
FFEB5FE4  38C0FF84  li      r6, -0x7C
FFEB5FE8  9B840090  stb     r28, 0x90(r4)
FFEB5FEC  80BF0000  lwz     r5, 0x0(r31)
FFEB5FF0  98C50050  stb     r6, 0x50(r5)
FFEB5FF4  48000068  b       loc_FFEB605C
loc_FFEB5FF8:
FFEB5FF8* 2C090004  cmpwi   cr0, r9, 0x4
FFEB5FFC* 40820020  bne     loc_FFEB601C
FFEB6000* 809F0000  lwz     r4, 0x0(r31)
FFEB6004* 38A00005  li      r5, 0x5
FFEB6008* 98A40090  stb     r5, 0x90(r4)
FFEB600C* 80DF0000  lwz     r6, 0x0(r31)
FFEB6010* 38E0FFA7  li      r7, -0x59
FFEB6014* 98E60050  stb     r7, 0x50(r6)
FFEB6018* 48000044  b       loc_FFEB605C
loc_FFEB601C:
FFEB601C  88880000  lbz     r4, 0x0(r8)
FFEB6020  7C840774  extsb   r4, r4
FFEB6024  548406B5  rlwinm. r4, r4, 0, 26, 26
FFEB6028  41820020  beq     loc_FFEB6048
FFEB602C  809F0000  lwz     r4, 0x0(r31)
FFEB6030  38A00005  li      r5, 0x5
FFEB6034  98A40090  stb     r5, 0x90(r4)
FFEB6038  80DF0000  lwz     r6, 0x0(r31)
FFEB603C  38E0FFA7  li      r7, -0x59
FFEB6040  98E60050  stb     r7, 0x50(r6)
FFEB6044  48000018  b       loc_FFEB605C
loc_FFEB6048:
FFEB6048  809F0000  lwz     r4, 0x0(r31)
FFEB604C  38C0007E  li      r6, 0x7E
FFEB6050  9BA40090  stb     r29, 0x90(r4)
FFEB6054  80BF0000  lwz     r5, 0x0(r31)
FFEB6058  98C50050  stb     r6, 0x50(r5)
loc_FFEB605C:
FFEB605C* 809F0000  lwz     r4, 0x0(r31)
FFEB6060* 9B840070  stb     r28, 0x70(r4)
FFEB6064* 4800B115  bl      sub_FFEC1178
FFEB6068* 60000000  nop
FFEB606C* 83BF0000  lwz     r29, 0x0(r31)
FFEB6070* 4800B109  bl      sub_FFEC1178
FFEB6074* 60000000  nop
FFEB6078* 839F0000  lwz     r28, 0x0(r31)
FFEB607C* 83FF0000  lwz     r31, 0x0(r31)
FFEB6080* 4800B0F9  bl      sub_FFEC1178
FFEB6084* 60000000  nop
FFEB6088* 881E0051  lbz     r0, 0x51(r30)
FFEB608C* 2C000001  cmpwi   cr0, r0, 0x1
FFEB6090* 41820014  beq     loc_FFEB60A4
FFEB6094* 819E0028  lwz     r12, 0x28(r30)
FFEB6098* 63C30000  ori     r3, r30, 0x0
FFEB609C* 4800EC69  bl      sub_FFEC4D04
FFEB60A0* 80410014  lwz     r2, 0x14(r1)
loc_FFEB60A4:
FFEB60A4* 889E0040  lbz     r4, 0x40(r30)
FFEB60A8* 2C040000  cmpwi   cr0, r4, 0x0
FFEB60AC* 41820040  beq     loc_FFEB60EC
FFEB60B0* 893E0054  lbz     r9, 0x54(r30)
FFEB60B4* 48000014  b       loc_FFEB60C8
loc_FFEB60B8:
FFEB60B8  63C30000  ori     r3, r30, 0x0
FFEB60BC  4BFFE399  bl      sub_FFEB4454
FFEB60C0  60000000  nop
FFEB60C4  48000028  b       loc_FFEB60EC
loc_FFEB60C8:
FFEB60C8* 2C090001  cmpwi   cr0, r9, 0x1
FFEB60CC* 41820020  beq     loc_FFEB60EC
FFEB60D0* 2C090002  cmpwi   cr0, r9, 0x2
FFEB60D4* 4182FFE4  beq     loc_FFEB60B8
FFEB60D8* 2C090004  cmpwi   cr0, r9, 0x4
FFEB60DC* 40820010  bne     loc_FFEB60EC
FFEB60E0* 63C30000  ori     r3, r30, 0x0
FFEB60E4* 4BFFEDD5  bl      sub_FFEB4EB8
FFEB60E8* 60000000  nop
loc_FFEB60EC:
FFEB60EC* 38600000  li      r3, 0x0
FFEB60F0* 80010068  lwz     r0, 0x68(r1)
FFEB60F4* 30210060  addic   r1, r1, 0x60
FFEB60F8* 7C0803A6  mtspr   LR, r0
FFEB60FC* BB21FFE4  lmw     r25, -0x1C(r1)
FFEB6100* 4E800020  blr

sub_FFEB6104:
FFEB6104? 7C0802A6  mfspr   r0, LR
FFEB6108? BF61FFEC  stmw    r27, -0x14(r1)
FFEB610C? 90010008  stw     r0, 0x8(r1)
FFEB6110? 9421FF60  stwu    r1, -0xA0(r1)
FFEB6114? 607F0000  ori     r31, r3, 0x0
FFEB6118? 38604000  li      r3, 0x4000
FFEB611C? 33610038  addic   r27, r1, 0x38
FFEB6120? 3381003C  addic   r28, r1, 0x3C
FFEB6124? 33A10084  addic   r29, r1, 0x84
FFEB6128? 4800EABD  bl      sub_FFEC4BE4
FFEB612C? 80410014  lwz     r2, 0x14(r1)
FFEB6130? 60690000  ori     r9, r3, 0x0
FFEB6134? 2C090000  cmpwi   cr0, r9, 0x0
FFEB6138? 4082001C  bne     loc_FFEB6154
FFEB613C? 3860FF94  li      r3, -0x6C
FFEB6140? 800100A8  lwz     r0, 0xA8(r1)
FFEB6144? 302100A0  addic   r1, r1, 0xA0
FFEB6148? 7C0803A6  mtspr   LR, r0
FFEB614C? BB61FFEC  lmw     r27, -0x14(r1)
FFEB6150? 4E800020  blr
loc_FFEB6154:
FFEB6154? 61230000  ori     r3, r9, 0x0
FFEB6158? 30A3FFFF  addic   r5, r3, -0x1
FFEB615C? 54A50024  clrrwi  r5, r5, 13
FFEB6160? 33C52000  addic   r30, r5, 0x2000
FFEB6164? 309E2000  addic   r4, r30, 0x2000
FFEB6168? 7C832010  subfc   r4, r3, r4
FFEB616C? 4800EAD9  bl      sub_FFEC4C44
FFEB6170? 80410014  lwz     r2, 0x14(r1)
FFEB6174? 63C30000  ori     r3, r30, 0x0
FFEB6178? 38802000  li      r4, 0x2000
FFEB617C? 4800EAE1  bl      sub_FFEC4C5C
FFEB6180? 80410014  lwz     r2, 0x14(r1)
FFEB6184? 60690000  ori     r9, r3, 0x0
FFEB6188? 2C090000  cmpwi   cr0, r9, 0x0
FFEB618C? 39002000  li      r8, 0x2000
FFEB6190? 4182001C  beq     loc_FFEB61AC
FFEB6194? 61230000  ori     r3, r9, 0x0
FFEB6198? 800100A8  lwz     r0, 0xA8(r1)
FFEB619C? 302100A0  addic   r1, r1, 0xA0
FFEB61A0? 7C0803A6  mtspr   LR, r0
FFEB61A4? BB61FFEC  lmw     r27, -0x14(r1)
FFEB61A8? 4E800020  blr
loc_FFEB61AC:
FFEB61AC? 93DD0000  stw     r30, 0x0(r29)
FFEB61B0? 911D0004  stw     r8, 0x4(r29)
FFEB61B4? 7C7D44AA  lswi    r3, r29, 0x8
FFEB61B8? 7C7C45AA  stswi   r3, r28, 0x8
FFEB61BC? 38A00001  li      r5, 0x1
FFEB61C0? 90BB0000  stw     r5, 0x0(r27)
FFEB61C4? 63830000  ori     r3, r28, 0x0
FFEB61C8? 63640000  ori     r4, r27, 0x0
FFEB61CC? 3BA00200  li      r29, 0x200
FFEB61D0? 4800E93D  bl      sub_FFEC4B0C
FFEB61D4? 80410014  lwz     r2, 0x14(r1)
FFEB61D8? 801C0008  lwz     r0, 0x8(r28)
FFEB61DC? 38600000  li      r3, 0x0
FFEB61E0? 901F0074  stw     r0, 0x74(r31)
FFEB61E4? 93DF0078  stw     r30, 0x78(r31)
FFEB61E8? 93BF0084  stw     r29, 0x84(r31)
FFEB61EC? 800100A8  lwz     r0, 0xA8(r1)
FFEB61F0? 302100A0  addic   r1, r1, 0xA0
FFEB61F4? 7C0803A6  mtspr   LR, r0
FFEB61F8? BB61FFEC  lmw     r27, -0x14(r1)
FFEB61FC? 4E800020  blr

sub_FFEB6200:
FFEB6200* 80830000  lwz     r4, 0x0(r3)
FFEB6204* 88A40040  lbz     r5, 0x40(r4)
FFEB6208* 54A50631  rlwinm. r5, r5, 0, 24, 24
FFEB620C* 4082000C  bne     loc_FFEB6218
FFEB6210* 38600000  li      r3, 0x0
FFEB6214* 4E800020  blr
loc_FFEB6218:
FFEB6218* 7C0802A6  mfspr   r0, LR
FFEB621C* BF01FFE0  stmw    r24, -0x20(r1)
FFEB6220* 90010008  stw     r0, 0x8(r1)
FFEB6224* 9421FFA0  stwu    r1, -0x60(r1)
FFEB6228* 607F0000  ori     r31, r3, 0x0
FFEB622C* 88BF0051  lbz     r5, 0x51(r31)
FFEB6230* 33810038  addic   r28, r1, 0x38
FFEB6234* 2C050000  cmpwi   cr0, r5, 0x0
FFEB6238* 609D0000  ori     r29, r4, 0x0
FFEB623C* 40820014  bne     loc_FFEB6250
FFEB6240* 819F0028  lwz     r12, 0x28(r31)
FFEB6244* 63E30000  ori     r3, r31, 0x0
FFEB6248* 4800EABD  bl      sub_FFEC4D04
FFEB624C* 80410014  lwz     r2, 0x14(r1)
loc_FFEB6250:
FFEB6250* 889D0060  lbz     r4, 0x60(r29)
FFEB6254* 989F01ED  stb     r4, 0x1ED(r31)
FFEB6258* 88BD0030  lbz     r5, 0x30(r29)
FFEB625C* 7CA50774  extsb   r5, r5
FFEB6260* 98BC0000  stb     r5, 0x0(r28)
FFEB6264* 88DD0040  lbz     r6, 0x40(r29)
FFEB6268* 7CC60774  extsb   r6, r6
FFEB626C* 98DC0001  stb     r6, 0x1(r28)
FFEB6270* 88FD0070  lbz     r7, 0x70(r29)
FFEB6274* 7CE70774  extsb   r7, r7
FFEB6278* 98FC0002  stb     r7, 0x2(r28)
FFEB627C* 8B7D0050  lbz     r27, 0x50(r29)
FFEB6280* 7F680774  extsb   r8, r27
FFEB6284* 991C0003  stb     r8, 0x3(r28)
FFEB6288* 893F0051  lbz     r9, 0x51(r31)
FFEB628C* 2C090002  cmpwi   cr0, r9, 0x2
FFEB6290* 40820014  bne     loc_FFEB62A4
FFEB6294  819F0028  lwz     r12, 0x28(r31)
FFEB6298  63E30000  ori     r3, r31, 0x0
FFEB629C  4800EA69  bl      sub_FFEC4D04
FFEB62A0  80410014  lwz     r2, 0x14(r1)
loc_FFEB62A4:
FFEB62A4* 736400C7  andi.   r4, r27, 0xC7
FFEB62A8* 40820038  bne     loc_FFEB62E0
FFEB62AC* 38600001  li      r3, 0x1
FFEB62B0* 987F01A9  stb     r3, 0x1A9(r31)
FFEB62B4* 809C0000  lwz     r4, 0x0(r28)
FFEB62B8* 909F01B4  stw     r4, 0x1B4(r31)
FFEB62BC* 88BF01B5  lbz     r5, 0x1B5(r31)
FFEB62C0* 7CA50774  extsb   r5, r5
FFEB62C4* 54A5077E  clrlwi  r5, r5, 29
FFEB62C8* 98BF01A6  stb     r5, 0x1A6(r31)
FFEB62CC* 80010068  lwz     r0, 0x68(r1)
FFEB62D0* 30210060  addic   r1, r1, 0x60
FFEB62D4* 7C0803A6  mtspr   LR, r0
FFEB62D8* BB01FFE0  lmw     r24, -0x20(r1)
FFEB62DC* 4E800020  blr
loc_FFEB62E0:
FFEB62E0  5764077B  rlwinm. r4, r27, 0, 29, 29
FFEB62E4  4182007C  beq     loc_FFEB6360
FFEB62E8  3BC00001  li      r30, 0x1
FFEB62EC  9BDF01A9  stb     r30, 0x1A9(r31)
FFEB62F0  809C0000  lwz     r4, 0x0(r28)
FFEB62F4  576606F7  rlwinm. r6, r27, 0, 27, 27
FFEB62F8  909F01B4  stw     r4, 0x1B4(r31)
FFEB62FC  88BD0020  lbz     r5, 0x20(r29)
FFEB6300  98BF01BC  stb     r5, 0x1BC(r31)
FFEB6304  41820020  beq     loc_FFEB6324
FFEB6308  38600000  li      r3, 0x0
FFEB630C  987F01BE  stb     r3, 0x1BE(r31)
FFEB6310  889F01B5  lbz     r4, 0x1B5(r31)
FFEB6314  7C840774  extsb   r4, r4
FFEB6318  5484077E  clrlwi  r4, r4, 29
FFEB631C  989F01BF  stb     r4, 0x1BF(r31)
FFEB6320  48000018  b       loc_FFEB6338
loc_FFEB6324:
FFEB6324  887D0020  lbz     r3, 0x20(r29)
FFEB6328  3880000B  li      r4, 0xB
FFEB632C  987F01BD  stb     r3, 0x1BD(r31)
FFEB6330  9BDF01BE  stb     r30, 0x1BE(r31)
FFEB6334  989F01BF  stb     r4, 0x1BF(r31)
loc_FFEB6338:
FFEB6338  819F006C  lwz     r12, 0x6C(r31)
FFEB633C  807F0060  lwz     r3, 0x60(r31)
FFEB6340  4800E9C5  bl      sub_FFEC4D04
FFEB6344  80410014  lwz     r2, 0x14(r1)
FFEB6348  63C30000  ori     r3, r30, 0x0
FFEB634C  80010068  lwz     r0, 0x68(r1)
FFEB6350  30210060  addic   r1, r1, 0x60
FFEB6354  7C0803A6  mtspr   LR, r0
FFEB6358  BB01FFE0  lmw     r24, -0x20(r1)
FFEB635C  4E800020  blr
loc_FFEB6360:
FFEB6360  57640673  rlwinm. r4, r27, 0, 25, 25
FFEB6364  41820024  beq     loc_FFEB6388
FFEB6368  807C0000  lwz     r3, 0x0(r28)
FFEB636C  907F01B8  stw     r3, 0x1B8(r31)
FFEB6370  38600001  li      r3, 0x1
FFEB6374  80010068  lwz     r0, 0x68(r1)
FFEB6378  30210060  addic   r1, r1, 0x60
FFEB637C  7C0803A6  mtspr   LR, r0
FFEB6380  BB01FFE0  lmw     r24, -0x20(r1)
FFEB6384  4E800020  blr
loc_FFEB6388:
FFEB6388  576407BF  clrlwi. r4, r27, 30
FFEB638C  418201B4  beq     loc_FFEB6540
FFEB6390  3BC00001  li      r30, 0x1
FFEB6394  9BDF01A9  stb     r30, 0x1A9(r31)
FFEB6398  809C0000  lwz     r4, 0x0(r28)
FFEB639C  909F01B4  stw     r4, 0x1B4(r31)
FFEB63A0  88BD0020  lbz     r5, 0x20(r29)
FFEB63A4  98BF01BC  stb     r5, 0x1BC(r31)
FFEB63A8  4800ADD1  bl      sub_FFEC1178
FFEB63AC  60000000  nop
FFEB63B0  576007FF  clrlwi. r0, r27, 31
FFEB63B4  41820020  beq     loc_FFEB63D4
FFEB63B8  3BC00000  li      r30, 0x0
FFEB63BC  9BDF01EE  stb     r30, 0x1EE(r31)
FFEB63C0  889D0020  lbz     r4, 0x20(r29)
FFEB63C4  989F01BD  stb     r4, 0x1BD(r31)
FFEB63C8  4800ADB1  bl      sub_FFEC1178
FFEB63CC  60000000  nop
FFEB63D0  48000118  b       loc_FFEB64E8
loc_FFEB63D4:
FFEB63D4  889D0020  lbz     r4, 0x20(r29)
FFEB63D8  989F01BD  stb     r4, 0x1BD(r31)
FFEB63DC  989F01EF  stb     r4, 0x1EF(r31)
FFEB63E0  4800AD99  bl      sub_FFEC1178
FFEB63E4  60000000  nop
FFEB63E8  8B5F01ED  lbz     r26, 0x1ED(r31)
FFEB63EC  8322FDA8  lwz     r25, -0x258(r2)
FFEB63F0  575A077E  clrlwi  r26, r26, 29
FFEB63F4  281A0004  cmplwi  cr0, r26, 0x4
FFEB63F8  418100CC  bgt     loc_FFEB64C4
FFEB63FC  5758103A  slwi    r24, r26, 2
FFEB6400  7F19C02E  lwzx    r24, r25, r24
FFEB6404  7F19C014  addc    r24, r25, r24
FFEB6408  7F0803A6  mtspr   LR, r24
FFEB640C  4E800020  blr
FFEB6410? 9BDF01EE  stb     r30, 0x1EE(r31)
FFEB6414? 3BC00000  li      r30, 0x0
FFEB6418? 480000D0  b       loc_FFEB64E8
FFEB641C? 38800027  li      r4, 0x27
FFEB6420? 989D0030  stb     r4, 0x30(r29)
FFEB6424? 63C30000  ori     r3, r30, 0x0
FFEB6428? 80010068  lwz     r0, 0x68(r1)
FFEB642C? 30210060  addic   r1, r1, 0x60
FFEB6430? 7C0803A6  mtspr   LR, r0
FFEB6434? BB01FFE0  lmw     r24, -0x20(r1)
FFEB6438? 4E800020  blr
loc_FFEB643C:
FFEB643C? 38800027  li      r4, 0x27
FFEB6440? 989D0030  stb     r4, 0x30(r29)
FFEB6444? 63C30000  ori     r3, r30, 0x0
FFEB6448? 80010068  lwz     r0, 0x68(r1)
FFEB644C? 30210060  addic   r1, r1, 0x60
FFEB6450? 7C0803A6  mtspr   LR, r0
FFEB6454? BB01FFE0  lmw     r24, -0x20(r1)
FFEB6458? 4E800020  blr
loc_FFEB645C:
FFEB645C? 38800002  li      r4, 0x2
FFEB6460? 989F01EE  stb     r4, 0x1EE(r31)
FFEB6464? 88BD0020  lbz     r5, 0x20(r29)
FFEB6468? 98BF01F0  stb     r5, 0x1F0(r31)
FFEB646C? 4800AD0D  bl      sub_FFEC1178
FFEB6470? 60000000  nop
FFEB6474? 48000074  b       loc_FFEB64E8
FFEB6478? 889D0070  lbz     r4, 0x70(r29)
FFEB647C? 548406FE  clrlwi  r4, r4, 27
FFEB6480? 549A063F  clrlwi. r26, r4, 24
FFEB6484? 4800ACF5  bl      sub_FFEC1178
FFEB6488? 60000000  nop
FFEB648C? 2C1A0000  cmpwi   cr0, r26, 0x0
FFEB6490? 4182FFAC  beq     loc_FFEB643C
FFEB6494? 2C1A0001  cmpwi   cr0, r26, 0x1
FFEB6498? 3BC00000  li      r30, 0x0
FFEB649C? 4182FFC0  beq     loc_FFEB645C
FFEB64A0? 38800003  li      r4, 0x3
FFEB64A4? 989F01EE  stb     r4, 0x1EE(r31)
FFEB64A8? 88BD0020  lbz     r5, 0x20(r29)
FFEB64AC? 98BF01F0  stb     r5, 0x1F0(r31)
FFEB64B0? 88DD0020  lbz     r6, 0x20(r29)
FFEB64B4? 98DF01F1  stb     r6, 0x1F1(r31)
FFEB64B8? 4800ACC1  bl      sub_FFEC1178
FFEB64BC? 60000000  nop
FFEB64C0? 48000028  b       loc_FFEB64E8
loc_FFEB64C4:
FFEB64C4  38800003  li      r4, 0x3
FFEB64C8  989F01EE  stb     r4, 0x1EE(r31)
FFEB64CC  88BD0020  lbz     r5, 0x20(r29)
FFEB64D0  3BC00000  li      r30, 0x0
FFEB64D4  98BF01F0  stb     r5, 0x1F0(r31)
FFEB64D8  88DD0020  lbz     r6, 0x20(r29)
FFEB64DC  98DF01F1  stb     r6, 0x1F1(r31)
FFEB64E0  4800AC99  bl      sub_FFEC1178
FFEB64E4  60000000  nop
loc_FFEB64E8:
FFEB64E8  889D0070  lbz     r4, 0x70(r29)
FFEB64EC  548406FE  clrlwi  r4, r4, 27
FFEB64F0  989F01FC  stb     r4, 0x1FC(r31)
FFEB64F4  4800AC85  bl      sub_FFEC1178
FFEB64F8  60000000  nop
FFEB64FC  8B5F01FC  lbz     r26, 0x1FC(r31)
FFEB6500  7F1AF000  cmpw    cr6, r26, r30
loc_FFEB6504:
FFEB6504  40990024  ble     cr6, loc_FFEB6528
FFEB6508  889D0020  lbz     r4, 0x20(r29)
FFEB650C  7CBFF014  addc    r5, r31, r30
FFEB6510  988501FD  stb     r4, 0x1FD(r5)
FFEB6514  30DE0001  addic   r6, r30, 0x1
FFEB6518  88FF01FC  lbz     r7, 0x1FC(r31)
FFEB651C  54DE063E  clrlwi  r30, r6, 24
FFEB6520  7F07F000  cmpw    cr6, r7, r30
FFEB6524  4BFFFFE0  b       loc_FFEB6504
loc_FFEB6528:
FFEB6528  4800AC51  bl      sub_FFEC1178
FFEB652C  60000000  nop
FFEB6530  819F006C  lwz     r12, 0x6C(r31)
FFEB6534  807F0060  lwz     r3, 0x60(r31)
FFEB6538  4800E7CD  bl      sub_FFEC4D04
FFEB653C  80410014  lwz     r2, 0x14(r1)
loc_FFEB6540:
FFEB6540  57640631  rlwinm. r4, r27, 0, 24, 24
FFEB6544  3BC00001  li      r30, 0x1
FFEB6548  41820020  beq     loc_FFEB6568
FFEB654C  38800001  li      r4, 0x1
FFEB6550  989F01A9  stb     r4, 0x1A9(r31)
FFEB6554  80BC0000  lwz     r5, 0x0(r28)
FFEB6558  63E30000  ori     r3, r31, 0x0
FFEB655C  90BF01B4  stw     r5, 0x1B4(r31)
FFEB6560  4BFFF895  bl      sub_FFEB5DF4
FFEB6564  60000000  nop
loc_FFEB6568:
FFEB6568  63C30000  ori     r3, r30, 0x0
FFEB656C  80010068  lwz     r0, 0x68(r1)
FFEB6570  30210060  addic   r1, r1, 0x60
FFEB6574  7C0803A6  mtspr   LR, r0
FFEB6578  BB01FFE0  lmw     r24, -0x20(r1)
FFEB657C  4E800020  blr
FFEB6580d FFFFFE90  .long   0xFFFFFE90                         ; -> 68k emulator opcode dispatch table
FFEB6584d FFFFFE90  .long   0xFFFFFE90                         ; -> 68k emulator opcode dispatch table
FFEB6588d FFFFFE90  .long   0xFFFFFE90                         ; -> 68k emulator opcode dispatch table
FFEB658Cd FFFFFE9C  .long   0xFFFFFE9C                         ; -> 68k emulator opcode dispatch table
FFEB6590d FFFFFEF8  .long   0xFFFFFEF8                         ; -> 68k emulator opcode dispatch table
FFEB6594d FFFFFF44  .long   0xFFFFFF44                         ; -> 68k emulator opcode dispatch table

sub_FFEB6598:
FFEB6598* 7C0802A6  mfspr   r0, LR
FFEB659C* BFE1FFFC  stmw    r31, -0x4(r1)
FFEB65A0* 90010008  stw     r0, 0x8(r1)
FFEB65A4* 9421FFC0  stwu    r1, -0x40(r1)
FFEB65A8* 607F0000  ori     r31, r3, 0x0
FFEB65AC* 811F0000  lwz     r8, 0x0(r31)
FFEB65B0* 39200000  li      r9, 0x0
FFEB65B4* 4800000C  b       loc_FFEB65C0
loc_FFEB65B8:
FFEB65B8  48000024  b       loc_FFEB65DC
loc_FFEB65BC:
FFEB65BC* 40800020  bge     loc_FFEB65DC
loc_FFEB65C0:
FFEB65C0* 88880040  lbz     r4, 0x40(r8)
FFEB65C4* 54840631  rlwinm. r4, r4, 0, 24, 24
FFEB65C8* 4082FFF0  bne     loc_FFEB65B8
FFEB65CC* 30890001  addic   r4, r9, 0x1
FFEB65D0* 5489043E  clrlwi  r9, r4, 16
FFEB65D4* 2C090020  cmpwi   cr0, r9, 0x20
FFEB65D8* 4BFFFFE4  b       loc_FFEB65BC
loc_FFEB65DC:
FFEB65DC* 889F01A9  lbz     r4, 0x1A9(r31)
FFEB65E0* 2C040000  cmpwi   cr0, r4, 0x0
FFEB65E4* 40820028  bne     loc_FFEB660C
FFEB65E8* 63E30000  ori     r3, r31, 0x0
FFEB65EC* 4BFFFC15  bl      sub_FFEB6200
FFEB65F0* 60000000  nop
FFEB65F4* 881F01A9  lbz     r0, 0x1A9(r31)
FFEB65F8* 2C000000  cmpwi   cr0, r0, 0x0
FFEB65FC* 40820010  bne     loc_FFEB660C
FFEB6600* 63E30000  ori     r3, r31, 0x0
FFEB6604* 48005ADD  bl      sub_FFEBC0E0
FFEB6608* 60000000  nop
loc_FFEB660C:
FFEB660C* 38600000  li      r3, 0x0
FFEB6610* 987F01A9  stb     r3, 0x1A9(r31)
FFEB6614* 889F01B7  lbz     r4, 0x1B7(r31)
FFEB6618* 7C840774  extsb   r4, r4
FFEB661C* 548406B5  rlwinm. r4, r4, 0, 26, 26
FFEB6620* 4182000C  beq     loc_FFEB662C
FFEB6624* 38600008  li      r3, 0x8
FFEB6628* 987F01A6  stb     r3, 0x1A6(r31)
loc_FFEB662C:
FFEB662C* 887F01A6  lbz     r3, 0x1A6(r31)
FFEB6630* 38800008  li      r4, 0x8
FFEB6634* 7C032010  subfc   r0, r3, r4
FFEB6638* 7C641910  subfe   r3, r4, r3
FFEB663C* 7C630114  adde    r3, r3, r0
FFEB6640* 5463063E  clrlwi  r3, r3, 24
FFEB6644* 80010048  lwz     r0, 0x48(r1)
FFEB6648* 30210040  addic   r1, r1, 0x40
FFEB664C* 7C0803A6  mtspr   LR, r0
FFEB6650* BBE1FFFC  lmw     r31, -0x4(r1)
FFEB6654* 4E800020  blr

sub_FFEB6658:
FFEB6658  7C0802A6  mfspr   r0, LR
FFEB665C  BFE1FFFC  stmw    r31, -0x4(r1)
FFEB6660  90010008  stw     r0, 0x8(r1)
FFEB6664  9421FFC0  stwu    r1, -0x40(r1)
FFEB6668  607F0000  ori     r31, r3, 0x0
FFEB666C  889F01A9  lbz     r4, 0x1A9(r31)
FFEB6670  2C040000  cmpwi   cr0, r4, 0x0
FFEB6674  40820010  bne     loc_FFEB6684
FFEB6678  63E30000  ori     r3, r31, 0x0
FFEB667C  4BFFFB85  bl      sub_FFEB6200
FFEB6680  60000000  nop
loc_FFEB6684:
FFEB6684  2C030000  cmpwi   cr0, r3, 0x0
FFEB6688  41820024  beq     loc_FFEB66AC
FFEB668C  38800000  li      r4, 0x0
FFEB6690  989F01A9  stb     r4, 0x1A9(r31)
FFEB6694  88BF01B7  lbz     r5, 0x1B7(r31)
FFEB6698  7CA50774  extsb   r5, r5
FFEB669C  54A506B5  rlwinm. r5, r5, 0, 26, 26
FFEB66A0  4182000C  beq     loc_FFEB66AC
FFEB66A4  38800008  li      r4, 0x8
FFEB66A8  989F01A6  stb     r4, 0x1A6(r31)
loc_FFEB66AC:
FFEB66AC  80010048  lwz     r0, 0x48(r1)
FFEB66B0  30210040  addic   r1, r1, 0x40
FFEB66B4  7C0803A6  mtspr   LR, r0
FFEB66B8  BBE1FFFC  lmw     r31, -0x4(r1)
FFEB66BC  4E800020  blr

sub_FFEB66C0:
FFEB66C0? 80E3000C  lwz     r7, 0xC(r3)
FFEB66C4? 8883004D  lbz     r4, 0x4D(r3)
FFEB66C8? 38A00001  li      r5, 0x1
FFEB66CC? 7CA62030  slw     r6, r5, r4
FFEB66D0? 89070000  lbz     r8, 0x0(r7)
FFEB66D4? 7CC94038  and     r9, r6, r8
FFEB66D8? 5523063E  clrlwi  r3, r9, 24
FFEB66DC? 4E800020  blr
FFEB66E0? 9421FFC0  stwu    r1, -0x40(r1)
FFEB66E4? 80A40000  lwz     r5, 0x0(r4)
FFEB66E8? 98A10038  stb     r5, 0x38(r1)
FFEB66EC? 898401B7  lbz     r12, 0x1B7(r4)
FFEB66F0? 7D8C0774  extsb   r12, r12
FFEB66F4? 5586077B  rlwinm. r6, r12, 0, 29, 29
FFEB66F8? 41820010  beq     loc_FFEB6708
FFEB66FC? 38A00002  li      r5, 0x2
FFEB6700? B0A3000A  sth     r5, 0xA(r3)
FFEB6704? 48000028  b       loc_FFEB672C
loc_FFEB6708:
FFEB6708? 558507BF  clrlwi. r5, r12, 30
FFEB670C? 41820010  beq     loc_FFEB671C
FFEB6710? 38A00003  li      r5, 0x3
FFEB6714? B0A3000A  sth     r5, 0xA(r3)
FFEB6718? 48000014  b       loc_FFEB672C
loc_FFEB671C:
FFEB671C? 3880000D  li      r4, 0xD
FFEB6720? B083000A  sth     r4, 0xA(r3)
FFEB6724? 30210040  addic   r1, r1, 0x40
FFEB6728? 4E800020  blr
loc_FFEB672C:
FFEB672C? 39600000  li      r11, 0x0
FFEB6730? 996401A9  stb     r11, 0x1A9(r4)
FFEB6734? 89840047  lbz     r12, 0x47(r4)
FFEB6738? 38C00001  li      r6, 0x1
FFEB673C? 88E401BC  lbz     r7, 0x1BC(r4)
FFEB6740? 7CCC6030  slw     r12, r6, r12
FFEB6744? 7CEC6078  andc    r12, r7, r12
FFEB6748? 558C063F  clrlwi. r12, r12, 24
FFEB674C? 40820020  bne     loc_FFEB676C
FFEB6750? A883000A  lha     r4, 0xA(r3)
FFEB6754? 2C040003  cmpwi   cr0, r4, 0x3
FFEB6758? 418200A8  beq     loc_FFEB6800
FFEB675C? 3880000D  li      r4, 0xD
FFEB6760? B083000A  sth     r4, 0xA(r3)
FFEB6764? 30210040  addic   r1, r1, 0x40
FFEB6768? 4E800020  blr
loc_FFEB676C:
FFEB676C? 4800000C  b       loc_FFEB6778
loc_FFEB6770:
FFEB6770? 48000028  b       loc_FFEB6798
loc_FFEB6774:
FFEB6774? 40800024  bge     loc_FFEB6798
loc_FFEB6778:
FFEB6778? 558507FF  clrlwi. r5, r12, 31
FFEB677C? 4082FFF4  bne     loc_FFEB6770
FFEB6780? 7D850E70  srawi   r5, r12, 0x1
FFEB6784? 30CB0001  addic   r6, r11, 0x1
FFEB6788? 54CB063E  clrlwi  r11, r6, 24
FFEB678C? 54AC063E  clrlwi  r12, r5, 24
FFEB6790? 2C0B0008  cmpwi   cr0, r11, 0x8
FFEB6794? 4BFFFFE0  b       loc_FFEB6774
loc_FFEB6798:
FFEB6798? B163000C  sth     r11, 0xC(r3)
FFEB679C? 88A401B5  lbz     r5, 0x1B5(r4)
FFEB67A0? 7CA50774  extsb   r5, r5
FFEB67A4? 54A5077E  clrlwi  r5, r5, 29
FFEB67A8? 54A5063E  clrlwi  r5, r5, 24
FFEB67AC? 98A401A6  stb     r5, 0x1A6(r4)
FFEB67B0? 2C050007  cmpwi   cr0, r5, 0x7
FFEB67B4? 4182000C  beq     loc_FFEB67C0
FFEB67B8? 30210040  addic   r1, r1, 0x40
FFEB67BC? 4E800020  blr
loc_FFEB67C0:
FFEB67C0? 38A0000B  li      r5, 0xB
FFEB67C4? 98A401A6  stb     r5, 0x1A6(r4)
FFEB67C8? 88C401B7  lbz     r6, 0x1B7(r4)
FFEB67CC? 7CC60774  extsb   r6, r6
FFEB67D0? 54C607BF  clrlwi. r6, r6, 30
FFEB67D4? 4182000C  beq     loc_FFEB67E0
FFEB67D8? 30210040  addic   r1, r1, 0x40
FFEB67DC? 4E800020  blr
loc_FFEB67E0:
FFEB67E0? 88A401BD  lbz     r5, 0x1BD(r4)
FFEB67E4? 39000002  li      r8, 0x2
FFEB67E8? 98A30014  stb     r5, 0x14(r3)
FFEB67EC? 88C401BE  lbz     r6, 0x1BE(r4)
FFEB67F0? 98C30012  stb     r6, 0x12(r3)
FFEB67F4? 88E401BF  lbz     r7, 0x1BF(r4)
FFEB67F8? 98E401A6  stb     r7, 0x1A6(r4)
FFEB67FC? B103000A  sth     r8, 0xA(r3)
loc_FFEB6800:
FFEB6800? 30210040  addic   r1, r1, 0x40
FFEB6804? 4E800020  blr

sub_FFEB6808:
FFEB6808? 54A6063F  clrlwi. r6, r5, 24
FFEB680C? 4D820020  beqlr
FFEB6810? 7C0802A6  mfspr   r0, LR
FFEB6814? BF41FFE8  stmw    r26, -0x18(r1)
FFEB6818? 90010008  stw     r0, 0x8(r1)
FFEB681C? 9421FFB0  stwu    r1, -0x50(r1)
FFEB6820? 54A6063F  clrlwi. r6, r5, 24
FFEB6824? 607E0000  ori     r30, r3, 0x0
FFEB6828? 33A6FFFF  addic   r29, r6, -0x1
FFEB682C? 609C0000  ori     r28, r4, 0x0
FFEB6830? 83FE0000  lwz     r31, 0x0(r30)
FFEB6834? 57BD063E  clrlwi  r29, r29, 24
FFEB6838? 3B400022  li      r26, 0x22
FFEB683C? 48000008  b       loc_FFEB6844
loc_FFEB6840:
FFEB6840? 418200AC  beq     loc_FFEB68EC
loc_FFEB6844:
FFEB6844? 4800A935  bl      sub_FFEC1178
FFEB6848? 60000000  nop
FFEB684C? 881C0000  lbz     r0, 0x0(r28)
FFEB6850? 339C0001  addic   r28, r28, 0x1
FFEB6854? 7C000774  extsb   r0, r0
FFEB6858? 5400063E  clrlwi  r0, r0, 24
FFEB685C? 981F0020  stb     r0, 0x20(r31)
FFEB6860? 4800A919  bl      sub_FFEC1178
FFEB6864? 60000000  nop
FFEB6868? 9B5F0030  stb     r26, 0x30(r31)
FFEB686C? 4800A90D  bl      sub_FFEC1178
FFEB6870? 60000000  nop
FFEB6874? 881F0040  lbz     r0, 0x40(r31)
FFEB6878? 54000631  rlwinm. r0, r0, 0, 24, 24
FFEB687C? 4F000000  mcrf    cr6, cr0
loc_FFEB6880:
FFEB6880? 409A0014  bne     cr6, loc_FFEB6894
FFEB6884? 889F0040  lbz     r4, 0x40(r31)
FFEB6888? 54840631  rlwinm. r4, r4, 0, 24, 24
FFEB688C? 4F000000  mcrf    cr6, cr0
FFEB6890? 4BFFFFF0  b       loc_FFEB6880
loc_FFEB6894:
FFEB6894? 889E01A9  lbz     r4, 0x1A9(r30)
FFEB6898? 2C040000  cmpwi   cr0, r4, 0x0
FFEB689C? 40820014  bne     loc_FFEB68B0
FFEB68A0? 63C30000  ori     r3, r30, 0x0
FFEB68A4? 4BFFF95D  bl      sub_FFEB6200
FFEB68A8? 60000000  nop
FFEB68AC? 607B0000  ori     r27, r3, 0x0
loc_FFEB68B0:
FFEB68B0? 2C1B0000  cmpwi   cr0, r27, 0x0
FFEB68B4? 41820024  beq     loc_FFEB68D8
FFEB68B8? 38800000  li      r4, 0x0
FFEB68BC? 989E01A9  stb     r4, 0x1A9(r30)
FFEB68C0? 88BE01B7  lbz     r5, 0x1B7(r30)
FFEB68C4? 7CA50774  extsb   r5, r5
FFEB68C8? 54A506B5  rlwinm. r5, r5, 0, 26, 26
FFEB68CC? 4182000C  beq     loc_FFEB68D8
FFEB68D0? 38800008  li      r4, 0x8
FFEB68D4? 989E01A6  stb     r4, 0x1A6(r30)
loc_FFEB68D8:
FFEB68D8? 2C1D0000  cmpwi   cr0, r29, 0x0
FFEB68DC? 309DFFFF  addic   r4, r29, -0x1
FFEB68E0? 5484063E  clrlwi  r4, r4, 24
FFEB68E4? 609D0000  ori     r29, r4, 0x0
FFEB68E8? 4BFFFF58  b       loc_FFEB6840
loc_FFEB68EC:
FFEB68EC? 80010058  lwz     r0, 0x58(r1)
FFEB68F0? 30210050  addic   r1, r1, 0x50
FFEB68F4? 7C0803A6  mtspr   LR, r0
FFEB68F8? BB41FFE8  lmw     r26, -0x18(r1)
FFEB68FC? 4E800020  blr
FFEB6900? 7C0802A6  mfspr   r0, LR
FFEB6904? 7D800026  mfcr    r12
FFEB6908? BF21FFE4  stmw    r25, -0x1C(r1)
FFEB690C? 90010008  stw     r0, 0x8(r1)
FFEB6910? 91810004  stw     r12, 0x4(r1)
FFEB6914? 9421FF10  stwu    r1, -0xF0(r1)
FFEB6918? 80A2FE70  lwz     r5, -0x190(r2)
FFEB691C? 30C10050  addic   r6, r1, 0x50
FFEB6920? 7F2504AA  lswi    r25, r5, 0x20
FFEB6924? 30E10090  addic   r7, r1, 0x90
FFEB6928? 7F2705AA  stswi   r25, r7, 0x20
FFEB692C? 30A50020  addic   r5, r5, 0x20
FFEB6930? 7F45CCAA  lswi    r26, r5, 0x19
FFEB6934? 30A70020  addic   r5, r7, 0x20
FFEB6938? 7F45CDAA  stswi   r26, r5, 0x19
FFEB693C? 8142FE74  lwz     r10, -0x18C(r2)
FFEB6940? 8162FE78  lwz     r11, -0x188(r2)
FFEB6944? 7F2A04AA  lswi    r25, r10, 0x20
FFEB6948? 7F2605AA  stswi   r25, r6, 0x20
FFEB694C? 314A0020  addic   r10, r10, 0x20
FFEB6950? 7F4ACCAA  lswi    r26, r10, 0x19
FFEB6954? 31460020  addic   r10, r6, 0x20
FFEB6958? 7F4ACDAA  stswi   r26, r10, 0x19
FFEB695C? 7F4B94AA  lswi    r26, r11, 0x12
FFEB6960? 31010038  addic   r8, r1, 0x38
FFEB6964? 609F0000  ori     r31, r4, 0x0
FFEB6968? 7F4895AA  stswi   r26, r8, 0x12
FFEB696C? 899F01FC  lbz     r12, 0x1FC(r31)
FFEB6970? 83BF0000  lwz     r29, 0x0(r31)
FFEB6974? 2C0C0006  cmpwi   cr0, r12, 0x6
FFEB6978? 3BC00000  li      r30, 0x0
FFEB697C? 418200B4  beq     loc_FFEB6A30
FFEB6980? 3BC00002  li      r30, 0x2
FFEB6984? 480000C4  b       loc_FFEB6A48
loc_FFEB6988:
FFEB6988? 889F01FE  lbz     r4, 0x1FE(r31)
FFEB698C? 2C040000  cmpwi   cr0, r4, 0x0
FFEB6990? 4182000C  beq     loc_FFEB699C
FFEB6994? 3BC00002  li      r30, 0x2
FFEB6998? 480000B0  b       loc_FFEB6A48
loc_FFEB699C:
FFEB699C? 889F01FF  lbz     r4, 0x1FF(r31)
FFEB69A0? 2C040000  cmpwi   cr0, r4, 0x0
FFEB69A4? 4182000C  beq     loc_FFEB69B0
FFEB69A8? 3BC00002  li      r30, 0x2
FFEB69AC? 4800009C  b       loc_FFEB6A48
loc_FFEB69B0:
FFEB69B0? 893F0201  lbz     r9, 0x201(r31)
FFEB69B4? 28090039  cmplwi  cr0, r9, 0x39
FFEB69B8? 40810008  ble     loc_FFEB69C0
FFEB69BC? 39200039  li      r9, 0x39
loc_FFEB69C0:
FFEB69C0? 891F0054  lbz     r8, 0x54(r31)
FFEB69C4? 4800001C  b       loc_FFEB69E0
loc_FFEB69C8:
FFEB69C8? 60E40000  ori     r4, r7, 0x0
FFEB69CC? 61250000  ori     r5, r9, 0x0
FFEB69D0? 63E30000  ori     r3, r31, 0x0
FFEB69D4? 4BFFFE35  bl      sub_FFEB6808
FFEB69D8? 60000000  nop
FFEB69DC? 4800006C  b       loc_FFEB6A48
loc_FFEB69E0:
FFEB69E0? 2C080004  cmpwi   cr0, r8, 0x4
FFEB69E4? 4182000C  beq     loc_FFEB69F0
FFEB69E8? 2C080002  cmpwi   cr0, r8, 0x2
FFEB69EC? 4182FFDC  beq     loc_FFEB69C8
loc_FFEB69F0:
FFEB69F0? 60C40000  ori     r4, r6, 0x0
FFEB69F4? 61250000  ori     r5, r9, 0x0
FFEB69F8? 63E30000  ori     r3, r31, 0x0
FFEB69FC? 4BFFFE0D  bl      sub_FFEB6808
FFEB6A00? 60000000  nop
FFEB6A04? 48000044  b       loc_FFEB6A48
loc_FFEB6A08:
FFEB6A08? 893F0201  lbz     r9, 0x201(r31)
FFEB6A0C? 28090012  cmplwi  cr0, r9, 0x12
FFEB6A10? 40810008  ble     loc_FFEB6A18
FFEB6A14? 39200012  li      r9, 0x12
loc_FFEB6A18:
FFEB6A18? 61040000  ori     r4, r8, 0x0
FFEB6A1C? 61250000  ori     r5, r9, 0x0
FFEB6A20? 63E30000  ori     r3, r31, 0x0
FFEB6A24? 4BFFFDE5  bl      sub_FFEB6808
FFEB6A28? 60000000  nop
FFEB6A2C? 4800001C  b       loc_FFEB6A48
loc_FFEB6A30:
FFEB6A30? 893F01FD  lbz     r9, 0x1FD(r31)
FFEB6A34? 2C090012  cmpwi   cr0, r9, 0x12
FFEB6A38? 4182FF50  beq     loc_FFEB6988
FFEB6A3C? 2C090003  cmpwi   cr0, r9, 0x3
FFEB6A40? 4182FFC8  beq     loc_FFEB6A08
FFEB6A44? 3BC00002  li      r30, 0x2
loc_FFEB6A48:
FFEB6A48? 57DC063E  clrlwi  r28, r30, 24
FFEB6A4C? 3BC00000  li      r30, 0x0
FFEB6A50? 3B600024  li      r27, 0x24
FFEB6A54? 4800A725  bl      sub_FFEC1178
FFEB6A58? 60000000  nop
FFEB6A5C? 9B9D0020  stb     r28, 0x20(r29)
FFEB6A60? 4800A719  bl      sub_FFEC1178
FFEB6A64? 60000000  nop
FFEB6A68? 9BDD0020  stb     r30, 0x20(r29)
FFEB6A6C? 4800A70D  bl      sub_FFEC1178
FFEB6A70? 60000000  nop
FFEB6A74? 9B7D0030  stb     r27, 0x30(r29)
FFEB6A78? 4800A701  bl      sub_FFEC1178
FFEB6A7C? 60000000  nop
FFEB6A80? 881F01A9  lbz     r0, 0x1A9(r31)
FFEB6A84? 2C000000  cmpwi   cr0, r0, 0x0
FFEB6A88? 40820014  bne     loc_FFEB6A9C
FFEB6A8C? 63E30000  ori     r3, r31, 0x0
FFEB6A90? 4BFFF771  bl      sub_FFEB6200
FFEB6A94? 60000000  nop
FFEB6A98? 60690000  ori     r9, r3, 0x0
loc_FFEB6A9C:
FFEB6A9C? 2F090000  cmpwi   cr6, r9, 0x0
FFEB6AA0? 419A0020  beq     cr6, loc_FFEB6AC0
FFEB6AA4? 9BDF01A9  stb     r30, 0x1A9(r31)
FFEB6AA8? 889F01B7  lbz     r4, 0x1B7(r31)
FFEB6AAC? 7C840774  extsb   r4, r4
FFEB6AB0? 548406B5  rlwinm. r4, r4, 0, 26, 26
FFEB6AB4? 4182000C  beq     loc_FFEB6AC0
FFEB6AB8? 38800008  li      r4, 0x8
FFEB6ABC? 989F01A6  stb     r4, 0x1A6(r31)
loc_FFEB6AC0:
FFEB6AC0? 3BA00008  li      r29, 0x8
loc_FFEB6AC4:
FFEB6AC4? 409A0044  bne     cr6, loc_FFEB6B08
FFEB6AC8? 889F01A9  lbz     r4, 0x1A9(r31)
FFEB6ACC? 2C040000  cmpwi   cr0, r4, 0x0
FFEB6AD0? 40820014  bne     loc_FFEB6AE4
FFEB6AD4? 63E30000  ori     r3, r31, 0x0
FFEB6AD8? 4BFFF729  bl      sub_FFEB6200
FFEB6ADC? 60000000  nop
FFEB6AE0? 60690000  ori     r9, r3, 0x0
loc_FFEB6AE4:
FFEB6AE4? 2F090000  cmpwi   cr6, r9, 0x0
FFEB6AE8? 419AFFDC  beq     cr6, loc_FFEB6AC4
FFEB6AEC? 9BDF01A9  stb     r30, 0x1A9(r31)
FFEB6AF0? 889F01B7  lbz     r4, 0x1B7(r31)
FFEB6AF4? 7C840774  extsb   r4, r4
FFEB6AF8? 548406B5  rlwinm. r4, r4, 0, 26, 26
FFEB6AFC? 4182FFC8  beq     loc_FFEB6AC4
FFEB6B00? 9BBF01A6  stb     r29, 0x1A6(r31)
FFEB6B04? 4BFFFFC0  b       loc_FFEB6AC4
loc_FFEB6B08:
FFEB6B08? 800100F8  lwz     r0, 0xF8(r1)
FFEB6B0C? 818100F4  lwz     r12, 0xF4(r1)
FFEB6B10? 302100F0  addic   r1, r1, 0xF0
FFEB6B14? 7C0803A6  mtspr   LR, r0
FFEB6B18? BB21FFE4  lmw     r25, -0x1C(r1)
FFEB6B1C? 7D838120  mtcrf   0x38, r12
FFEB6B20? 4E800020  blr

sub_FFEB6B24:
FFEB6B24* 7C0802A6  mfspr   r0, LR
FFEB6B28* BFC1FFF8  stmw    r30, -0x8(r1)
FFEB6B2C* 90010008  stw     r0, 0x8(r1)
FFEB6B30* 9421FFC0  stwu    r1, -0x40(r1)
FFEB6B34* 607F0000  ori     r31, r3, 0x0
FFEB6B38* 889F0050  lbz     r4, 0x50(r31)
FFEB6B3C* 80A2FDAC  lwz     r5, -0x254(r2)
FFEB6B40* 28040003  cmplwi  cr0, r4, 0x3
FFEB6B44* 4181007C  bgt     loc_FFEB6BC0
FFEB6B48* 5486103A  slwi    r6, r4, 2
FFEB6B4C* 7CC5302E  lwzx    r6, r5, r6
FFEB6B50* 7CC53014  addc    r6, r5, r6
FFEB6B54* 7CC803A6  mtspr   LR, r6
FFEB6B58* 4E800020  blr
FFEB6B5C? 807F0064  lwz     r3, 0x64(r31)
FFEB6B60? 889F004C  lbz     r4, 0x4C(r31)
FFEB6B64? 4800DE59  bl      sub_FFEC49BC
FFEB6B68? 80410014  lwz     r2, 0x14(r1)
FFEB6B6C? 80010048  lwz     r0, 0x48(r1)
FFEB6B70? 30210040  addic   r1, r1, 0x40
FFEB6B74? 7C0803A6  mtspr   LR, r0
FFEB6B78? BBC1FFF8  lmw     r30, -0x8(r1)
FFEB6B7C? 4E800020  blr
FFEB6B80* 3BC00000  li      r30, 0x0
FFEB6B84* 4800E151  bl      sub_FFEC4CD4
FFEB6B88* 80410014  lwz     r2, 0x14(r1)
FFEB6B8C* 80030210  lwz     r0, 0x210(r3)
FFEB6B90* A19F0058  lhz     r12, 0x58(r31)
FFEB6B94* 817F0064  lwz     r11, 0x64(r31)
FFEB6B98* 558C2834  slwi    r12, r12, 5
FFEB6B9C* 7D8C0014  addc    r12, r12, r0
FFEB6BA0* 916C0008  stw     r11, 0x8(r12)
FFEB6BA4* 4800E131  bl      sub_FFEC4CD4
FFEB6BA8* 80410014  lwz     r2, 0x14(r1)
FFEB6BAC* A01F0058  lhz     r0, 0x58(r31)
FFEB6BB0* 81830210  lwz     r12, 0x210(r3)
FFEB6BB4* 54002834  slwi    r0, r0, 5
FFEB6BB8* 7D806014  addc    r12, r0, r12
FFEB6BBC* 93CC000C  stw     r30, 0xC(r12)
loc_FFEB6BC0:
FFEB6BC0* 80010048  lwz     r0, 0x48(r1)
FFEB6BC4* 30210040  addic   r1, r1, 0x40
FFEB6BC8* 7C0803A6  mtspr   LR, r0
FFEB6BCC* BBC1FFF8  lmw     r30, -0x8(r1)
FFEB6BD0* 4E800020  blr
FFEB6BD4d FFFFFF88  .long   0xFFFFFF88                         ; -> 68k emulator opcode dispatch table
FFEB6BD8d FFFFFF88  .long   0xFFFFFF88                         ; -> 68k emulator opcode dispatch table
FFEB6BDCd FFFFFF88  .long   0xFFFFFF88                         ; -> 68k emulator opcode dispatch table
FFEB6BE0d FFFFFFAC  .long   0xFFFFFFAC                         ; -> 68k emulator opcode dispatch table
FFEB6BE4d FFFFFFEC  .long   0xFFFFFFEC                         ; -> 68k emulator opcode dispatch table
FFEB6BE8? 7C0802A6  mfspr   r0, LR
FFEB6BEC? 90010008  stw     r0, 0x8(r1)
FFEB6BF0? 9421FFC8  stwu    r1, -0x38(r1)
FFEB6BF4? 8883004B  lbz     r4, 0x4B(r3)
FFEB6BF8? 80A30014  lwz     r5, 0x14(r3)
FFEB6BFC? 98850000  stb     r4, 0x0(r5)
FFEB6C00? 4800A579  bl      sub_FFEC1178
FFEB6C04? 60000000  nop
FFEB6C08? 80010040  lwz     r0, 0x40(r1)
FFEB6C0C? 30210038  addic   r1, r1, 0x38
FFEB6C10? 7C0803A6  mtspr   LR, r0
FFEB6C14? 4E800020  blr
FFEB6C18? 88830049  lbz     r4, 0x49(r3)
FFEB6C1C? 80A30010  lwz     r5, 0x10(r3)
FFEB6C20? 98850000  stb     r4, 0x0(r5)
FFEB6C24? 4E800020  blr
FFEB6C28? 7C0802A6  mfspr   r0, LR
FFEB6C2C? 90010008  stw     r0, 0x8(r1)
FFEB6C30? 9421FFC8  stwu    r1, -0x38(r1)
FFEB6C34? 8883004A  lbz     r4, 0x4A(r3)
FFEB6C38? 80A30010  lwz     r5, 0x10(r3)
FFEB6C3C? 98850000  stb     r4, 0x0(r5)
FFEB6C40? 4800A539  bl      sub_FFEC1178
FFEB6C44? 60000000  nop
FFEB6C48? 80010040  lwz     r0, 0x40(r1)
FFEB6C4C? 30210038  addic   r1, r1, 0x38
FFEB6C50? 7C0803A6  mtspr   LR, r0
FFEB6C54? 4E800020  blr
FFEB6C58? 80830014  lwz     r4, 0x14(r3)
FFEB6C5C? 88C30048  lbz     r6, 0x48(r3)
FFEB6C60? 88A40000  lbz     r5, 0x0(r4)
FFEB6C64? 7CA73038  and     r7, r5, r6
FFEB6C68? 98E40000  stb     r7, 0x0(r4)
FFEB6C6C? 81030014  lwz     r8, 0x14(r3)
FFEB6C70? 88680000  lbz     r3, 0x0(r8)
FFEB6C74? 4E800020  blr
FFEB6C78? 7C0802A6  mfspr   r0, LR
FFEB6C7C? 90010008  stw     r0, 0x8(r1)
FFEB6C80? 9421FFC8  stwu    r1, -0x38(r1)
FFEB6C84? 38800000  li      r4, 0x0
FFEB6C88? 9883009F  stb     r4, 0x9F(r3)
FFEB6C8C? 80A3007C  lwz     r5, 0x7C(r3)
FFEB6C90? 88C5009F  lbz     r6, 0x9F(r5)
FFEB6C94? 2C060000  cmpwi   cr0, r6, 0x0
FFEB6C98? 41820014  beq     loc_FFEB6CAC
FFEB6C9C? 80010040  lwz     r0, 0x40(r1)
FFEB6CA0? 30210038  addic   r1, r1, 0x38
FFEB6CA4? 7C0803A6  mtspr   LR, r0
FFEB6CA8? 4E800020  blr
loc_FFEB6CAC:
FFEB6CAC? 88830049  lbz     r4, 0x49(r3)
FFEB6CB0? 80A30010  lwz     r5, 0x10(r3)
FFEB6CB4? 98850000  stb     r4, 0x0(r5)
FFEB6CB8? 4800A4C1  bl      sub_FFEC1178
FFEB6CBC? 60000000  nop
FFEB6CC0? 80010040  lwz     r0, 0x40(r1)
FFEB6CC4? 30210038  addic   r1, r1, 0x38
FFEB6CC8? 7C0803A6  mtspr   LR, r0
FFEB6CCC? 4E800020  blr
FFEB6CD0? 7C0802A6  mfspr   r0, LR
FFEB6CD4? 90010008  stw     r0, 0x8(r1)
FFEB6CD8? 9421FFC8  stwu    r1, -0x38(r1)
FFEB6CDC? 38800001  li      r4, 0x1
FFEB6CE0? 9883009F  stb     r4, 0x9F(r3)
FFEB6CE4? 88A3004A  lbz     r5, 0x4A(r3)
FFEB6CE8? 80C30010  lwz     r6, 0x10(r3)
FFEB6CEC? 98A60000  stb     r5, 0x0(r6)
FFEB6CF0? 4800A489  bl      sub_FFEC1178
FFEB6CF4? 60000000  nop
FFEB6CF8? 80010040  lwz     r0, 0x40(r1)
FFEB6CFC? 30210038  addic   r1, r1, 0x38
FFEB6D00? 7C0803A6  mtspr   LR, r0
FFEB6D04? 4E800020  blr

sub_FFEB6D08:
FFEB6D08* 7C0802A6  mfspr   r0, LR
FFEB6D0C* BFC1FFF8  stmw    r30, -0x8(r1)
FFEB6D10* 90010008  stw     r0, 0x8(r1)
FFEB6D14* 9421FFC0  stwu    r1, -0x40(r1)
FFEB6D18* 607F0000  ori     r31, r3, 0x0
FFEB6D1C* 819F0030  lwz     r12, 0x30(r31)
FFEB6D20* 3BC00000  li      r30, 0x0
FFEB6D24* 4800DFE1  bl      sub_FFEC4D04
FFEB6D28* 80410014  lwz     r2, 0x14(r1)
FFEB6D2C* 881F0056  lbz     r0, 0x56(r31)
FFEB6D30* 2C000002  cmpwi   cr0, r0, 0x2
FFEB6D34* 40820018  bne     loc_FFEB6D4C
FFEB6D38* 63E30000  ori     r3, r31, 0x0
FFEB6D3C* 480043C9  bl      sub_FFEBB104
FFEB6D40* 60000000  nop
FFEB6D44* 5469063E  clrlwi  r9, r3, 24
FFEB6D48* 48000014  b       loc_FFEB6D5C
loc_FFEB6D4C:
FFEB6D4C* 63E30000  ori     r3, r31, 0x0
FFEB6D50* 4BFFF4B1  bl      sub_FFEB6200
FFEB6D54* 60000000  nop
FFEB6D58* 60690000  ori     r9, r3, 0x0
loc_FFEB6D5C:
FFEB6D5C* 2C090000  cmpwi   cr0, r9, 0x0
FFEB6D60* 41820038  beq     loc_FFEB6D98
FFEB6D64* 889F01A9  lbz     r4, 0x1A9(r31)
FFEB6D68* 2C040000  cmpwi   cr0, r4, 0x0
FFEB6D6C* 4182002C  beq     loc_FFEB6D98
FFEB6D70* 309F01AA  addic   r4, r31, 0x1AA
FFEB6D74* 38600000  li      r3, 0x0
FFEB6D78* 4800A3B9  bl      sub_FFEC1130
FFEB6D7C* 60000000  nop
FFEB6D80* 2C030000  cmpwi   cr0, r3, 0x0
FFEB6D84* 41820014  beq     loc_FFEB6D98
FFEB6D88* 63E30000  ori     r3, r31, 0x0
FFEB6D8C* 3BC00001  li      r30, 0x1
FFEB6D90* 48005395  bl      sub_FFEBC124
FFEB6D94* 60000000  nop
loc_FFEB6D98:
FFEB6D98* 819F002C  lwz     r12, 0x2C(r31)
FFEB6D9C* 63E30000  ori     r3, r31, 0x0
FFEB6DA0* 4800DF65  bl      sub_FFEC4D04
FFEB6DA4* 80410014  lwz     r2, 0x14(r1)
FFEB6DA8* 63C30000  ori     r3, r30, 0x0
FFEB6DAC* 80010048  lwz     r0, 0x48(r1)
FFEB6DB0* 30210040  addic   r1, r1, 0x40
FFEB6DB4* 7C0803A6  mtspr   LR, r0
FFEB6DB8* BBC1FFF8  lmw     r30, -0x8(r1)
FFEB6DBC* 4E800020  blr
FFEB6DC0? 7C0802A6  mfspr   r0, LR
FFEB6DC4? BFE1FFFC  stmw    r31, -0x4(r1)
FFEB6DC8? 90010008  stw     r0, 0x8(r1)
FFEB6DCC? 9421FFC0  stwu    r1, -0x40(r1)
FFEB6DD0? 607F0000  ori     r31, r3, 0x0
FFEB6DD4? 819F0034  lwz     r12, 0x34(r31)
FFEB6DD8? 4800DF2D  bl      sub_FFEC4D04
FFEB6DDC? 80410014  lwz     r2, 0x14(r1)
FFEB6DE0? 2C030000  cmpwi   cr0, r3, 0x0
FFEB6DE4? 41820070  beq     loc_FFEB6E54
FFEB6DE8? 889F009F  lbz     r4, 0x9F(r31)
FFEB6DEC? 2C040000  cmpwi   cr0, r4, 0x0
FFEB6DF0? 40820064  bne     loc_FFEB6E54
FFEB6DF4? 889F0214  lbz     r4, 0x214(r31)
FFEB6DF8? 63E30000  ori     r3, r31, 0x0
FFEB6DFC? 5484003C  clrrwi  r4, r4, 1
FFEB6E00? 989F0214  stb     r4, 0x214(r31)
FFEB6E04? 4BFFFF05  bl      sub_FFEB6D08
FFEB6E08? 60000000  nop
FFEB6E0C? 881F0214  lbz     r0, 0x214(r31)
FFEB6E10? 540007BD  rlwinm. r0, r0, 0, 30, 30
FFEB6E14? 41820028  beq     loc_FFEB6E3C
FFEB6E18? 3860000E  li      r3, 0xE
FFEB6E1C? 4800DC91  bl      sub_FFEC4AAC
FFEB6E20? 80410014  lwz     r2, 0x14(r1)
FFEB6E24? 38600001  li      r3, 0x1
FFEB6E28? 80010048  lwz     r0, 0x48(r1)
FFEB6E2C? 30210040  addic   r1, r1, 0x40
FFEB6E30? 7C0803A6  mtspr   LR, r0
FFEB6E34? BBE1FFFC  lmw     r31, -0x4(r1)
FFEB6E38? 4E800020  blr
loc_FFEB6E3C:
FFEB6E3C? 38600001  li      r3, 0x1
FFEB6E40? 80010048  lwz     r0, 0x48(r1)
FFEB6E44? 30210040  addic   r1, r1, 0x40
FFEB6E48? 7C0803A6  mtspr   LR, r0
FFEB6E4C? BBE1FFFC  lmw     r31, -0x4(r1)
FFEB6E50? 4E800020  blr
loc_FFEB6E54:
FFEB6E54? 38600000  li      r3, 0x0
FFEB6E58? 80010048  lwz     r0, 0x48(r1)
FFEB6E5C? 30210040  addic   r1, r1, 0x40
FFEB6E60? 7C0803A6  mtspr   LR, r0
FFEB6E64? BBE1FFFC  lmw     r31, -0x4(r1)
FFEB6E68? 4E800020  blr
FFEB6E6C? 7C0802A6  mfspr   r0, LR
FFEB6E70? BFE1FFFC  stmw    r31, -0x4(r1)
FFEB6E74? 90010008  stw     r0, 0x8(r1)
FFEB6E78? 9421FFC0  stwu    r1, -0x40(r1)
FFEB6E7C? 607F0000  ori     r31, r3, 0x0
FFEB6E80? 48000008  b       loc_FFEB6E88
loc_FFEB6E84:
FFEB6E84? 41820054  beq     loc_FFEB6ED8
loc_FFEB6E88:
FFEB6E88? 889F0214  lbz     r4, 0x214(r31)
FFEB6E8C? 63E30000  ori     r3, r31, 0x0
FFEB6E90? 60840001  ori     r4, r4, 0x1
FFEB6E94? 989F0214  stb     r4, 0x214(r31)
FFEB6E98? 4BFFFE71  bl      sub_FFEB6D08
FFEB6E9C? 60000000  nop
FFEB6EA0? 60690000  ori     r9, r3, 0x0
FFEB6EA4? 2C090000  cmpwi   cr0, r9, 0x0
FFEB6EA8? 83FF007C  lwz     r31, 0x7C(r31)
FFEB6EAC? 40820024  bne     loc_FFEB6ED0
FFEB6EB0? 889F0214  lbz     r4, 0x214(r31)
FFEB6EB4? 63E30000  ori     r3, r31, 0x0
FFEB6EB8? 60840001  ori     r4, r4, 0x1
FFEB6EBC? 989F0214  stb     r4, 0x214(r31)
FFEB6EC0? 4BFFFE49  bl      sub_FFEB6D08
FFEB6EC4? 60000000  nop
FFEB6EC8? 60690000  ori     r9, r3, 0x0
FFEB6ECC? 83FF007C  lwz     r31, 0x7C(r31)
loc_FFEB6ED0:
FFEB6ED0? 2C090000  cmpwi   cr0, r9, 0x0
FFEB6ED4? 4BFFFFB0  b       loc_FFEB6E84
loc_FFEB6ED8:
FFEB6ED8? 61230000  ori     r3, r9, 0x0
FFEB6EDC? 80010048  lwz     r0, 0x48(r1)
FFEB6EE0? 30210040  addic   r1, r1, 0x40
FFEB6EE4? 7C0803A6  mtspr   LR, r0
FFEB6EE8? BBE1FFFC  lmw     r31, -0x4(r1)
FFEB6EEC? 4E800020  blr
FFEB6EF0* 88830214  lbz     r4, 0x214(r3)
FFEB6EF4* 60840001  ori     r4, r4, 0x1
FFEB6EF8* 98830214  stb     r4, 0x214(r3)
FFEB6EFC* 4BFFFE0C  b       sub_FFEB6D08
FFEB6F00? 60000000  nop
FFEB6F04? 4E800020  blr
FFEB6F08? 4E800020  blr
FFEB6F0C? 4E800020  blr

sub_FFEB6F10:
FFEB6F10* 7C0802A6  mfspr   r0, LR
FFEB6F14* BFC1FFF8  stmw    r30, -0x8(r1)
FFEB6F18* 90010008  stw     r0, 0x8(r1)
FFEB6F1C* 9421FFB8  stwu    r1, -0x48(r1)
FFEB6F20* 607F0000  ori     r31, r3, 0x0
FFEB6F24* 33C10038  addic   r30, r1, 0x38
FFEB6F28* 63C30000  ori     r3, r30, 0x0
FFEB6F2C* 38800001  li      r4, 0x1
FFEB6F30* 38A00002  li      r5, 0x2
FFEB6F34* 48005609  bl      sub_FFEBC53C
FFEB6F38* 60000000  nop
FFEB6F3C* 881E0000  lbz     r0, 0x0(r30)
FFEB6F40* 5400077E  clrlwi  r0, r0, 29
FFEB6F44* 981F0047  stb     r0, 0x47(r31)
FFEB6F48* 80010050  lwz     r0, 0x50(r1)
FFEB6F4C* 30210048  addic   r1, r1, 0x48
FFEB6F50* 7C0803A6  mtspr   LR, r0
FFEB6F54* BBC1FFF8  lmw     r30, -0x8(r1)
FFEB6F58* 4E800020  blr
FFEB6F5C? 7C0802A6  mfspr   r0, LR
FFEB6F60? BFA1FFF4  stmw    r29, -0xC(r1)
FFEB6F64? 90010008  stw     r0, 0x8(r1)
FFEB6F68? 9421FFB0  stwu    r1, -0x50(r1)
FFEB6F6C? 609F0000  ori     r31, r4, 0x0
FFEB6F70? 88BF0056  lbz     r5, 0x56(r31)
FFEB6F74? 607E0000  ori     r30, r3, 0x0
FFEB6F78? 2C050001  cmpwi   cr0, r5, 0x1
FFEB6F7C? 33A10038  addic   r29, r1, 0x38
FFEB6F80? 3121003C  addic   r9, r1, 0x3C
FFEB6F84? 4082002C  bne     loc_FFEB6FB0
FFEB6F88? 80BF0000  lwz     r5, 0x0(r31)
FFEB6F8C? 90A90000  stw     r5, 0x0(r9)
FFEB6F90? 80C90000  lwz     r6, 0x0(r9)
FFEB6F94? 81090000  lwz     r8, 0x0(r9)
FFEB6F98? 88E60080  lbz     r7, 0x80(r6)
FFEB6F9C? 7CE70774  extsb   r7, r7
FFEB6FA0? 54E7066E  rlwinm  r7, r7, 0, 25, 23
FFEB6FA4? 98E80080  stb     r7, 0x80(r8)
FFEB6FA8? 4800A1D1  bl      sub_FFEC1178
FFEB6FAC? 60000000  nop
loc_FFEB6FB0:
FFEB6FB0? 80BE0004  lwz     r5, 0x4(r30)
FFEB6FB4? 63C30000  ori     r3, r30, 0x0
FFEB6FB8? 818500F0  lwz     r12, 0xF0(r5)
FFEB6FBC? 63E40000  ori     r4, r31, 0x0
FFEB6FC0? 4800DD45  bl      sub_FFEC4D04
FFEB6FC4? 80410014  lwz     r2, 0x14(r1)
FFEB6FC8? 881F0056  lbz     r0, 0x56(r31)
FFEB6FCC? 2C000001  cmpwi   cr0, r0, 0x1
FFEB6FD0? 4082002C  bne     loc_FFEB6FFC
FFEB6FD4? 807F0000  lwz     r3, 0x0(r31)
FFEB6FD8? 907D0000  stw     r3, 0x0(r29)
FFEB6FDC? 809D0000  lwz     r4, 0x0(r29)
FFEB6FE0? 80DD0000  lwz     r6, 0x0(r29)
FFEB6FE4? 88A40080  lbz     r5, 0x80(r4)
FFEB6FE8? 7CA50774  extsb   r5, r5
FFEB6FEC? 60A50080  ori     r5, r5, 0x80
FFEB6FF0? 98A60080  stb     r5, 0x80(r6)
FFEB6FF4? 4800A185  bl      sub_FFEC1178
FFEB6FF8? 60000000  nop
loc_FFEB6FFC:
FFEB6FFC? 80010058  lwz     r0, 0x58(r1)
FFEB7000? 30210050  addic   r1, r1, 0x50
FFEB7004? 7C0803A6  mtspr   LR, r0
FFEB7008? BBA1FFF4  lmw     r29, -0xC(r1)
FFEB700C? 4E800020  blr
FFEB7010? 7C0802A6  mfspr   r0, LR
FFEB7014? BEA1FFD4  stmw    r21, -0x2C(r1)
FFEB7018? 90010008  stw     r0, 0x8(r1)
FFEB701C? 9421FF98  stwu    r1, -0x68(r1)
FFEB7020? 82A2FDB0  lwz     r21, -0x250(r2)
FFEB7024? 609C0000  ori     r28, r4, 0x0
FFEB7028? 3BA00000  li      r29, 0x0
FFEB702C? 9BBC01A5  stb     r29, 0x1A5(r28)
FFEB7030? 891C0040  lbz     r8, 0x40(r28)
FFEB7034? 607A0000  ori     r26, r3, 0x0
FFEB7038? 80DA0004  lwz     r6, 0x4(r26)
FFEB703C? 2C080000  cmpwi   cr0, r8, 0x0
FFEB7040? 32E10038  addic   r23, r1, 0x38
FFEB7044? 83E60028  lwz     r31, 0x28(r6)
FFEB7048? 38E00000  li      r7, 0x0
FFEB704C? 40820114  bne     loc_FFEB7160
FFEB7050? A13F000A  lhz     r9, 0xA(r31)
FFEB7054? 2C090004  cmpwi   cr0, r9, 0x4
FFEB7058? 4182000C  beq     loc_FFEB7064
FFEB705C? 2C090003  cmpwi   cr0, r9, 0x3
FFEB7060? 40820100  bne     loc_FFEB7160
loc_FFEB7064:
FFEB7064? A07F0014  lhz     r3, 0x14(r31)
FFEB7068? 2C030001  cmpwi   cr0, r3, 0x1
FFEB706C? 408200F4  bne     loc_FFEB7160
FFEB7070? A13F001E  lhz     r9, 0x1E(r31)
FFEB7074? 2C090004  cmpwi   cr0, r9, 0x4
FFEB7078? 4082004C  bne     loc_FFEB70C4
FFEB707C? 813F0002  lwz     r9, 0x2(r31)
FFEB7080? 807F000C  lwz     r3, 0xC(r31)
FFEB7084? 7C091800  cmpw    r9, r3
FFEB7088? 408200D8  bne     loc_FFEB7160
FFEB708C? 807F0020  lwz     r3, 0x20(r31)
FFEB7090? 7C091800  cmpw    r9, r3
FFEB7094? 408200CC  bne     loc_FFEB7160
FFEB7098? 813F0016  lwz     r9, 0x16(r31)
FFEB709C? 807F0010  lwz     r3, 0x10(r31)
FFEB70A0? 7C091800  cmpw    r9, r3
FFEB70A4? 408200BC  bne     loc_FFEB7160
FFEB70A8? 807F0024  lwz     r3, 0x24(r31)
FFEB70AC? 7C091800  cmpw    r9, r3
FFEB70B0? 408200B0  bne     loc_FFEB7160
FFEB70B4? 813F0006  lwz     r9, 0x6(r31)
FFEB70B8? 811F001A  lwz     r8, 0x1A(r31)
FFEB70BC? 3AC00004  li      r22, 0x4
FFEB70C0? 48000050  b       loc_FFEB7110
loc_FFEB70C4:
FFEB70C4? 2C090003  cmpwi   cr0, r9, 0x3
FFEB70C8? 40820098  bne     loc_FFEB7160
FFEB70CC? 813F0006  lwz     r9, 0x6(r31)
FFEB70D0? 807F0010  lwz     r3, 0x10(r31)
FFEB70D4? 7C091800  cmpw    r9, r3
FFEB70D8? 40820088  bne     loc_FFEB7160
FFEB70DC? 811F001A  lwz     r8, 0x1A(r31)
FFEB70E0? 807F0024  lwz     r3, 0x24(r31)
FFEB70E4? 7C081800  cmpw    r8, r3
FFEB70E8? 40820078  bne     loc_FFEB7160
FFEB70EC? 807F0002  lwz     r3, 0x2(r31)
FFEB70F0? 80BF0020  lwz     r5, 0x20(r31)
FFEB70F4? 7C032800  cmpw    r3, r5
FFEB70F8? 40820068  bne     loc_FFEB7160
FFEB70FC? 807F0016  lwz     r3, 0x16(r31)
FFEB7100? 80BF000C  lwz     r5, 0xC(r31)
FFEB7104? 7C032800  cmpw    r3, r5
FFEB7108? 40820058  bne     loc_FFEB7160
FFEB710C? 3AC00003  li      r22, 0x3
loc_FFEB7110:
FFEB7110? A07F0028  lhz     r3, 0x28(r31)
FFEB7114? 2C030005  cmpwi   cr0, r3, 0x5
FFEB7118? 40820048  bne     loc_FFEB7160
FFEB711C? 807F002A  lwz     r3, 0x2A(r31)
FFEB7120? 2C03FFD8  cmpwi   cr0, r3, 0xFFD8
FFEB7124? 4082003C  bne     loc_FFEB7160
FFEB7128? A07F0032  lhz     r3, 0x32(r31)
FFEB712C? 2C030007  cmpwi   cr0, r3, 0x7
FFEB7130? 40820030  bne     loc_FFEB7160
FFEB7134? 9ADC01A5  stb     r22, 0x1A5(r28)
FFEB7138? 913C01D4  stw     r9, 0x1D4(r28)
FFEB713C? 7C694014  addc    r3, r9, r8
FFEB7140? 2C160003  cmpwi   cr0, r22, 0x3
FFEB7144? 911C01D8  stw     r8, 0x1D8(r28)
FFEB7148? 907F0006  stw     r3, 0x6(r31)
FFEB714C? 90FF001A  stw     r7, 0x1A(r31)
FFEB7150? 40820010  bne     loc_FFEB7160
FFEB7154? 7C694014  addc    r3, r9, r8
FFEB7158? 907F0010  stw     r3, 0x10(r31)
FFEB715C? 90FF0024  stw     r7, 0x24(r31)
loc_FFEB7160:
FFEB7160? A87A0008  lha     r3, 0x8(r26)
FFEB7164? 80BA0004  lwz     r5, 0x4(r26)
FFEB7168? 2C030002  cmpwi   cr0, r3, 0x2
FFEB716C? 88C50067  lbz     r6, 0x67(r5)
FFEB7170? 54C6103A  slwi    r6, r6, 2
FFEB7174? 7D26E014  addc    r9, r6, r28
FFEB7178? 40820010  bne     loc_FFEB7188
FFEB717C? 80690140  lwz     r3, 0x140(r9)
FFEB7180? 90770000  stw     r3, 0x0(r23)
FFEB7184? 4800000C  b       loc_FFEB7190
loc_FFEB7188:
FFEB7188? 80690148  lwz     r3, 0x148(r9)
FFEB718C? 90770000  stw     r3, 0x0(r23)
loc_FFEB7190:
FFEB7190? 3BC00001  li      r30, 0x1
FFEB7194? 3B600000  li      r27, 0x0
FFEB7198? 3B200005  li      r25, 0x5
FFEB719C? 3B000004  li      r24, 0x4
FFEB71A0? 48000008  b       loc_FFEB71A8
loc_FFEB71A4:
FFEB71A4? 419A0124  beq     cr6, loc_FFEB72C8
loc_FFEB71A8:
FFEB71A8? A07F0000  lhz     r3, 0x0(r31)
FFEB71AC? 3063FFFF  addic   r3, r3, -0x1
FFEB71B0? 28030007  cmplwi  cr0, r3, 0x7
FFEB71B4? 41810100  bgt     loc_FFEB72B4
FFEB71B8? 5466103A  slwi    r6, r3, 2
FFEB71BC? 7CD5302E  lwzx    r6, r21, r6
FFEB71C0? 7CD53014  addc    r6, r21, r6
FFEB71C4? 7CC803A6  mtspr   LR, r6
FFEB71C8? 4E800020  blr
FFEB71CC? 813F0006  lwz     r9, 0x6(r31)
FFEB71D0? 2C090000  cmpwi   cr0, r9, 0x0
FFEB71D4? 418200E8  beq     loc_FFEB72BC
FFEB71D8? 81970000  lwz     r12, 0x0(r23)
FFEB71DC? 61250000  ori     r5, r9, 0x0
FFEB71E0? 807A0004  lwz     r3, 0x4(r26)
FFEB71E4? 80DF0002  lwz     r6, 0x2(r31)
FFEB71E8? 63840000  ori     r4, r28, 0x0
FFEB71EC? 4800DB19  bl      sub_FFEC4D04
FFEB71F0? 80410014  lwz     r2, 0x14(r1)
FFEB71F4? 2C030000  cmpwi   cr0, r3, 0x0
FFEB71F8? 41820010  beq     loc_FFEB7208
FFEB71FC? 633B0000  ori     r27, r25, 0x0
FFEB7200? 63BE0000  ori     r30, r29, 0x0
FFEB7204? 480000B8  b       loc_FFEB72BC
loc_FFEB7208:
FFEB7208? 807F0006  lwz     r3, 0x6(r31)
FFEB720C? 80DF0002  lwz     r6, 0x2(r31)
FFEB7210? 7CE33014  addc    r7, r3, r6
FFEB7214? 90FF0002  stw     r7, 0x2(r31)
FFEB7218? 480000A4  b       loc_FFEB72BC
FFEB721C? 813F0006  lwz     r9, 0x6(r31)
FFEB7220? 2C090000  cmpwi   cr0, r9, 0x0
FFEB7224? 41820098  beq     loc_FFEB72BC
FFEB7228? 81970000  lwz     r12, 0x0(r23)
FFEB722C? 61250000  ori     r5, r9, 0x0
FFEB7230? 807A0004  lwz     r3, 0x4(r26)
FFEB7234? 80DF0002  lwz     r6, 0x2(r31)
FFEB7238? 63840000  ori     r4, r28, 0x0
FFEB723C? 4800DAC9  bl      sub_FFEC4D04
FFEB7240? 80410014  lwz     r2, 0x14(r1)
FFEB7244? 2C030000  cmpwi   cr0, r3, 0x0
FFEB7248? 41820074  beq     loc_FFEB72BC
FFEB724C? 633B0000  ori     r27, r25, 0x0
FFEB7250? 63BE0000  ori     r30, r29, 0x0
FFEB7254? 48000068  b       loc_FFEB72BC
FFEB7258? 807F0002  lwz     r3, 0x2(r31)
FFEB725C? 80FF0006  lwz     r7, 0x6(r31)
FFEB7260? 80C30000  lwz     r6, 0x0(r3)
FFEB7264? 7D073014  addc    r8, r7, r6
FFEB7268? 91030000  stw     r8, 0x0(r3)
FFEB726C? 48000050  b       loc_FFEB72BC
FFEB7270? 807F0002  lwz     r3, 0x2(r31)
FFEB7274? 80FF0006  lwz     r7, 0x6(r31)
FFEB7278? 80C30000  lwz     r6, 0x0(r3)
FFEB727C? 90C70000  stw     r6, 0x0(r7)
FFEB7280? 4800003C  b       loc_FFEB72BC
FFEB7284? 813F0006  lwz     r9, 0x6(r31)
FFEB7288? 2C090000  cmpwi   cr0, r9, 0x0
FFEB728C? 41820030  beq     loc_FFEB72BC
FFEB7290? 3469FFFF  addic.  r3, r9, -0x1
FFEB7294? 907F0006  stw     r3, 0x6(r31)
FFEB7298? 41820024  beq     loc_FFEB72BC
FFEB729C? 2F1E0000  cmpwi   cr6, r30, 0x0
FFEB72A0? 807F0002  lwz     r3, 0x2(r31)
FFEB72A4? 7FE3F814  addc    r31, r3, r31
FFEB72A8? 4BFFFEFC  b       loc_FFEB71A4
FFEB72AC? 63BE0000  ori     r30, r29, 0x0
FFEB72B0? 4800000C  b       loc_FFEB72BC
loc_FFEB72B4:
FFEB72B4? 631B0000  ori     r27, r24, 0x0
FFEB72B8? 63BE0000  ori     r30, r29, 0x0
loc_FFEB72BC:
FFEB72BC? 33FF000A  addic   r31, r31, 0xA
FFEB72C0? 2F1E0000  cmpwi   cr6, r30, 0x0
FFEB72C4? 4BFFFEE0  b       loc_FFEB71A4
loc_FFEB72C8:
FFEB72C8? B37A000A  sth     r27, 0xA(r26)
FFEB72CC? 887C01A5  lbz     r3, 0x1A5(r28)
FFEB72D0? 2C030000  cmpwi   cr0, r3, 0x0
FFEB72D4? 41820050  beq     loc_FFEB7324
FFEB72D8? 807A0004  lwz     r3, 0x4(r26)
FFEB72DC? 2C160003  cmpwi   cr0, r22, 0x3
FFEB72E0? 83E30028  lwz     r31, 0x28(r3)
FFEB72E4? 809C01D4  lwz     r4, 0x1D4(r28)
FFEB72E8? 909F0006  stw     r4, 0x6(r31)
FFEB72EC? 40820030  bne     loc_FFEB731C
FFEB72F0? 807C01D4  lwz     r3, 0x1D4(r28)
FFEB72F4? 907F0010  stw     r3, 0x10(r31)
FFEB72F8? 809C01D8  lwz     r4, 0x1D8(r28)
FFEB72FC? 909F001A  stw     r4, 0x1A(r31)
FFEB7300? 80BC01D8  lwz     r5, 0x1D8(r28)
FFEB7304? 90BF0024  stw     r5, 0x24(r31)
FFEB7308? 80010070  lwz     r0, 0x70(r1)
FFEB730C? 30210068  addic   r1, r1, 0x68
FFEB7310? 7C0803A6  mtspr   LR, r0
FFEB7314? BAA1FFD4  lmw     r21, -0x2C(r1)
FFEB7318? 4E800020  blr
loc_FFEB731C:
FFEB731C? 807C01D8  lwz     r3, 0x1D8(r28)
FFEB7320? 907F001A  stw     r3, 0x1A(r31)
loc_FFEB7324:
FFEB7324? 80010070  lwz     r0, 0x70(r1)
FFEB7328? 30210068  addic   r1, r1, 0x68
FFEB732C? 7C0803A6  mtspr   LR, r0
FFEB7330? BAA1FFD4  lmw     r21, -0x2C(r1)
FFEB7334? 4E800020  blr
FFEB7338d FFFFFE94  .long   0xFFFFFE94                         ; -> 68k emulator opcode dispatch table
FFEB733Cd FFFFFEE4  .long   0xFFFFFEE4                         ; -> 68k emulator opcode dispatch table
FFEB7340d FFFFFF20  .long   0xFFFFFF20                         ; -> 68k emulator opcode dispatch table
FFEB7344d FFFFFF38  .long   0xFFFFFF38                         ; -> 68k emulator opcode dispatch table
FFEB7348d FFFFFF4C  .long   0xFFFFFF4C                         ; -> 68k emulator opcode dispatch table
FFEB734Cd FFFFFF84  .long   0xFFFFFF84                         ; -> 68k emulator opcode dispatch table
FFEB7350d FFFFFF74  .long   0xFFFFFF74                         ; -> 68k emulator opcode dispatch table
FFEB7354d FFFFFF74  .long   0xFFFFFF74                         ; -> 68k emulator opcode dispatch table
FFEB7358d FFFFFF7C  .long   0xFFFFFF7C                         ; -> 68k emulator opcode dispatch table
FFEB735C? 7C0802A6  mfspr   r0, LR
FFEB7360? BFA1FFF4  stmw    r29, -0xC(r1)
FFEB7364? 90010008  stw     r0, 0x8(r1)
FFEB7368? 9421FFB8  stwu    r1, -0x48(r1)
FFEB736C? 607E0000  ori     r30, r3, 0x0
FFEB7370? 80BE0004  lwz     r5, 0x4(r30)
FFEB7374? A8DE0008  lha     r6, 0x8(r30)
FFEB7378? 89250067  lbz     r9, 0x67(r5)
FFEB737C? 2C060002  cmpwi   cr0, r6, 0x2
FFEB7380? 609D0000  ori     r29, r4, 0x0
FFEB7384? 5529103A  slwi    r9, r9, 2
FFEB7388? 31010038  addic   r8, r1, 0x38
FFEB738C? 7D29E814  addc    r9, r9, r29
FFEB7390? 40820010  bne     loc_FFEB73A0
FFEB7394? 80A90140  lwz     r5, 0x140(r9)
FFEB7398? 90A80000  stw     r5, 0x0(r8)
FFEB739C? 4800000C  b       loc_FFEB73A8
loc_FFEB73A0:
FFEB73A0? 80A90148  lwz     r5, 0x148(r9)
FFEB73A4? 90A80000  stw     r5, 0x0(r8)
loc_FFEB73A8:
FFEB73A8? 83FE0004  lwz     r31, 0x4(r30)
FFEB73AC? 80DF00C8  lwz     r6, 0xC8(r31)
FFEB73B0? 2C060000  cmpwi   cr0, r6, 0x0
FFEB73B4? 40820018  bne     loc_FFEB73CC
FFEB73B8? 80010050  lwz     r0, 0x50(r1)
FFEB73BC? 30210048  addic   r1, r1, 0x48
FFEB73C0? 7C0803A6  mtspr   LR, r0
FFEB73C4? BBA1FFF4  lmw     r29, -0xC(r1)
FFEB73C8? 4E800020  blr
loc_FFEB73CC:
FFEB73CC? 81880000  lwz     r12, 0x0(r8)
FFEB73D0? 80BF00CC  lwz     r5, 0xCC(r31)
FFEB73D4? 63E30000  ori     r3, r31, 0x0
FFEB73D8? 63A40000  ori     r4, r29, 0x0
FFEB73DC? 4800D929  bl      sub_FFEC4D04
FFEB73E0? 80410014  lwz     r2, 0x14(r1)
FFEB73E4? 801F00CC  lwz     r0, 0xCC(r31)
FFEB73E8? 60690000  ori     r9, r3, 0x0
FFEB73EC? 7C090040  cmplw   r9, r0
FFEB73F0? 40820068  bne     loc_FFEB7458
FFEB73F4? 887D01A6  lbz     r3, 0x1A6(r29)
FFEB73F8? 2C030008  cmpwi   cr0, r3, 0x8
FFEB73FC? 4082000C  bne     loc_FFEB7408
FFEB7400? 3860E113  li      r3, -0x1EED
FFEB7404? B07E000A  sth     r3, 0xA(r30)
loc_FFEB7408:
FFEB7408? 887D0056  lbz     r3, 0x56(r29)
FFEB740C? 2C030002  cmpwi   cr0, r3, 0x2
FFEB7410? 4182002C  beq     loc_FFEB743C
FFEB7414? 3860E115  li      r3, -0x1EEB
FFEB7418? B07E000A  sth     r3, 0xA(r30)
FFEB741C? 4800003C  b       loc_FFEB7458
loc_FFEB7420:
FFEB7420? 3860000E  li      r3, 0xE
FFEB7424? B07E000A  sth     r3, 0xA(r30)
FFEB7428? 80010050  lwz     r0, 0x50(r1)
FFEB742C? 30210048  addic   r1, r1, 0x48
FFEB7430? 7C0803A6  mtspr   LR, r0
FFEB7434? BBA1FFF4  lmw     r29, -0xC(r1)
FFEB7438? 4E800020  blr
loc_FFEB743C:
FFEB743C? 891D01A6  lbz     r8, 0x1A6(r29)
FFEB7440? 2C080007  cmpwi   cr0, r8, 0x7
FFEB7444? 41820014  beq     loc_FFEB7458
FFEB7448? 2C080003  cmpwi   cr0, r8, 0x3
FFEB744C? 4182FFD4  beq     loc_FFEB7420
FFEB7450? 3860E115  li      r3, -0x1EEB
FFEB7454? B07E000A  sth     r3, 0xA(r30)
loc_FFEB7458:
FFEB7458? 807F00CC  lwz     r3, 0xCC(r31)
FFEB745C? 80BF0040  lwz     r5, 0x40(r31)
FFEB7460? 7C891810  subfc   r4, r9, r3
FFEB7464? 7CC42810  subfc   r6, r4, r5
FFEB7468? 90DF0040  stw     r6, 0x40(r31)
FFEB746C? 80FF00C8  lwz     r7, 0xC8(r31)
FFEB7470? 7D072014  addc    r8, r7, r4
FFEB7474? 911F00C8  stw     r8, 0xC8(r31)
FFEB7478? 913F00CC  stw     r9, 0xCC(r31)
FFEB747C? 80010050  lwz     r0, 0x50(r1)
FFEB7480? 30210048  addic   r1, r1, 0x48
FFEB7484? 7C0803A6  mtspr   LR, r0
FFEB7488? BBA1FFF4  lmw     r29, -0xC(r1)
FFEB748C? 4E800020  blr
FFEB7490? 7C0802A6  mfspr   r0, LR
FFEB7494? BF21FFE4  stmw    r25, -0x1C(r1)
FFEB7498? 90010008  stw     r0, 0x8(r1)
FFEB749C? 9421FFA8  stwu    r1, -0x58(r1)
FFEB74A0? A8A30008  lha     r5, 0x8(r3)
FFEB74A4? 80C30004  lwz     r6, 0x4(r3)
FFEB74A8? 2C050002  cmpwi   cr0, r5, 0x2
FFEB74AC? 89260067  lbz     r9, 0x67(r6)
FFEB74B0? 609D0000  ori     r29, r4, 0x0
FFEB74B4? 5529103A  slwi    r9, r9, 2
FFEB74B8? 33410038  addic   r26, r1, 0x38
FFEB74BC? 7D3D4814  addc    r9, r29, r9
FFEB74C0? 40820010  bne     loc_FFEB74D0
FFEB74C4? 80A90140  lwz     r5, 0x140(r9)
FFEB74C8? 90BA0000  stw     r5, 0x0(r26)
FFEB74CC? 4800000C  b       loc_FFEB74D8
loc_FFEB74D0:
FFEB74D0? 80A90148  lwz     r5, 0x148(r9)
FFEB74D4? 90BA0000  stw     r5, 0x0(r26)
loc_FFEB74D8:
FFEB74D8? 83E30004  lwz     r31, 0x4(r3)
FFEB74DC? 3900FFFF  li      r8, -0x1
FFEB74E0? A37F0036  lhz     r27, 0x36(r31)
FFEB74E4? 83DF00C8  lwz     r30, 0xC8(r31)
FFEB74E8? 839F0028  lwz     r28, 0x28(r31)
FFEB74EC? 57651838  slwi    r5, r27, 3
FFEB74F0? 7CDC2814  addc    r6, r28, r5
FFEB74F4? 7C1E3040  cmplw   r30, r6
FFEB74F8? 813F00CC  lwz     r9, 0xCC(r31)
loc_FFEB74FC:
FFEB74FC? 4080009C  bge     loc_FFEB7598
FFEB7500? 80DE0004  lwz     r6, 0x4(r30)
FFEB7504? 801E0000  lwz     r0, 0x0(r30)
FFEB7508? 7CA93010  subfc   r5, r9, r6
FFEB750C? 819A0000  lwz     r12, 0x0(r26)
FFEB7510? 7CC04814  addc    r6, r0, r9
FFEB7514? 60B90000  ori     r25, r5, 0x0
FFEB7518? 63E30000  ori     r3, r31, 0x0
FFEB751C? 63A40000  ori     r4, r29, 0x0
FFEB7520? 4800D7E5  bl      sub_FFEC4D04
FFEB7524? 80410014  lwz     r2, 0x14(r1)
FFEB7528? 60680000  ori     r8, r3, 0x0
FFEB752C? 801F0040  lwz     r0, 0x40(r31)
FFEB7530? 2C080000  cmpwi   cr0, r8, 0x0
FFEB7534? 7D28C810  subfc   r9, r8, r25
FFEB7538? 7C090010  subfc   r0, r9, r0
FFEB753C? 901F0040  stw     r0, 0x40(r31)
FFEB7540? 40820024  bne     loc_FFEB7564
FFEB7544? 57661838  slwi    r6, r27, 3
FFEB7548? 33DE0008  addic   r30, r30, 0x8
FFEB754C? 7CFC3014  addc    r7, r28, r6
FFEB7550? 7C1E3840  cmplw   r30, r7
FFEB7554? 93DF00C8  stw     r30, 0xC8(r31)
FFEB7558? 39200000  li      r9, 0x0
FFEB755C? 913F00CC  stw     r9, 0xCC(r31)
FFEB7560? 4BFFFF9C  b       loc_FFEB74FC
loc_FFEB7564:
FFEB7564? 807F00CC  lwz     r3, 0xCC(r31)
FFEB7568? 7C891814  addc    r4, r9, r3
FFEB756C? 909F00CC  stw     r4, 0xCC(r31)
loc_FFEB7570:
FFEB7570? 2C080000  cmpwi   cr0, r8, 0x0
FFEB7574? 40820028  bne     loc_FFEB759C
FFEB7578? 887F00C1  lbz     r3, 0xC1(r31)
FFEB757C? 60630001  ori     r3, r3, 0x1
FFEB7580? 987F00C1  stb     r3, 0xC1(r31)
FFEB7584? 80010060  lwz     r0, 0x60(r1)
FFEB7588? 30210058  addic   r1, r1, 0x58
FFEB758C? 7C0803A6  mtspr   LR, r0
FFEB7590? BB21FFE4  lmw     r25, -0x1C(r1)
FFEB7594? 4E800020  blr
loc_FFEB7598:
FFEB7598? 4BFFFFD8  b       loc_FFEB7570
loc_FFEB759C:
FFEB759C? 80010060  lwz     r0, 0x60(r1)
FFEB75A0? 30210058  addic   r1, r1, 0x58
FFEB75A4? 7C0803A6  mtspr   LR, r0
FFEB75A8? BB21FFE4  lmw     r25, -0x1C(r1)
FFEB75AC? 4E800020  blr

sub_FFEB75B0:
FFEB75B0* 7C0802A6  mfspr   r0, LR
FFEB75B4* 90010008  stw     r0, 0x8(r1)
FFEB75B8* 9421FFC8  stwu    r1, -0x38(r1)
FFEB75BC* 80A30004  lwz     r5, 0x4(r3)
FFEB75C0* 88C50066  lbz     r6, 0x66(r5)
FFEB75C4* 54C6103A  slwi    r6, r6, 2
FFEB75C8* 7CE43014  addc    r7, r4, r6
FFEB75CC* 81070130  lwz     r8, 0x130(r7)
FFEB75D0* 910500F0  stw     r8, 0xF0(r5)
FFEB75D4* 81230004  lwz     r9, 0x4(r3)
FFEB75D8* 89490066  lbz     r10, 0x66(r9)
FFEB75DC* 554A103A  slwi    r10, r10, 2
FFEB75E0* 7D645014  addc    r11, r4, r10
FFEB75E4* 818B0120  lwz     r12, 0x120(r11)
FFEB75E8* 4800D71D  bl      sub_FFEC4D04
FFEB75EC* 80410014  lwz     r2, 0x14(r1)
FFEB75F0* 80010040  lwz     r0, 0x40(r1)
FFEB75F4* 30210038  addic   r1, r1, 0x38
FFEB75F8* 7C0803A6  mtspr   LR, r0
FFEB75FC* 4E800020  blr
FFEB7600? 81830004  lwz     r12, 0x4(r3)
FFEB7604? 38C00000  li      r6, 0x0
FFEB7608? 80AC0028  lwz     r5, 0x28(r12)
FFEB760C? 90AC00C8  stw     r5, 0xC8(r12)
FFEB7610? 90CC00CC  stw     r6, 0xCC(r12)
FFEB7614? 90AC00D0  stw     r5, 0xD0(r12)
FFEB7618? 90CC00D4  stw     r6, 0xD4(r12)
FFEB761C? 80EC002C  lwz     r7, 0x2C(r12)
FFEB7620? 90EC0040  stw     r7, 0x40(r12)
FFEB7624? 90EC00F8  stw     r7, 0xF8(r12)
FFEB7628? 810C0014  lwz     r8, 0x14(r12)
FFEB762C? 55080043  rlwinm. r8, r8, 0, 1, 1
FFEB7630? 4182001C  beq     loc_FFEB764C
FFEB7634? 886C0067  lbz     r3, 0x67(r12)
FFEB7638? 5463103A  slwi    r3, r3, 2
FFEB763C? 7CA32014  addc    r5, r3, r4
FFEB7640? 80C50140  lwz     r6, 0x140(r5)
FFEB7644? 90CC00F4  stw     r6, 0xF4(r12)
FFEB7648? 4E800020  blr
loc_FFEB764C:
FFEB764C? 806C0014  lwz     r3, 0x14(r12)
FFEB7650? 54630001  clrrwi. r3, r3, 31
FFEB7654? 4182001C  beq     loc_FFEB7670
FFEB7658? 886C0067  lbz     r3, 0x67(r12)
FFEB765C? 5463103A  slwi    r3, r3, 2
FFEB7660? 7CA32014  addc    r5, r3, r4
FFEB7664? 80C50148  lwz     r6, 0x148(r5)
FFEB7668? 90CC00F4  stw     r6, 0xF4(r12)
FFEB766C? 4E800020  blr
loc_FFEB7670:
FFEB7670? 806400A4  lwz     r3, 0xA4(r4)
FFEB7674? 906C00F4  stw     r3, 0xF4(r12)
FFEB7678? 4E800020  blr
FFEB767C* 81830004  lwz     r12, 0x4(r3)
FFEB7680* 80AC0028  lwz     r5, 0x28(r12)
FFEB7684* 90AC00C8  stw     r5, 0xC8(r12)
FFEB7688* 80CC002C  lwz     r6, 0x2C(r12)
FFEB768C* 90CC00CC  stw     r6, 0xCC(r12)
FFEB7690* 90AC00D0  stw     r5, 0xD0(r12)
FFEB7694* 90CC00D4  stw     r6, 0xD4(r12)
FFEB7698* 90CC0040  stw     r6, 0x40(r12)
FFEB769C* 90CC00F8  stw     r6, 0xF8(r12)
FFEB76A0* 80EC0014  lwz     r7, 0x14(r12)
FFEB76A4* 54E70043  rlwinm. r7, r7, 0, 1, 1
FFEB76A8* 4182001C  beq     loc_FFEB76C4
FFEB76AC* 886C0067  lbz     r3, 0x67(r12)
FFEB76B0* 5463103A  slwi    r3, r3, 2
FFEB76B4* 7CA32014  addc    r5, r3, r4
FFEB76B8* 80C50140  lwz     r6, 0x140(r5)
FFEB76BC* 90CC00F4  stw     r6, 0xF4(r12)
FFEB76C0* 4E800020  blr
loc_FFEB76C4:
FFEB76C4  806C0014  lwz     r3, 0x14(r12)
FFEB76C8  54630001  clrrwi. r3, r3, 31
FFEB76CC  4182001C  beq     loc_FFEB76E8
FFEB76D0  886C0067  lbz     r3, 0x67(r12)
FFEB76D4  5463103A  slwi    r3, r3, 2
FFEB76D8  7CA32014  addc    r5, r3, r4
FFEB76DC  80C50148  lwz     r6, 0x148(r5)
FFEB76E0  90CC00F4  stw     r6, 0xF4(r12)
FFEB76E4  4E800020  blr
loc_FFEB76E8:
FFEB76E8  806400A4  lwz     r3, 0xA4(r4)
FFEB76EC  906C00F4  stw     r3, 0xF4(r12)
FFEB76F0  4E800020  blr
FFEB76F4? 4E800020  blr
FFEB76F8? 808300C8  lwz     r4, 0xC8(r3)
FFEB76FC? 908300D0  stw     r4, 0xD0(r3)
FFEB7700? 80A300CC  lwz     r5, 0xCC(r3)
FFEB7704? 90A300D4  stw     r5, 0xD4(r3)
FFEB7708? 80C30040  lwz     r6, 0x40(r3)
FFEB770C? 90C300F8  stw     r6, 0xF8(r3)
FFEB7710? 4E800020  blr
FFEB7714? 808300D0  lwz     r4, 0xD0(r3)
FFEB7718? 908300C8  stw     r4, 0xC8(r3)
FFEB771C? 80A300D4  lwz     r5, 0xD4(r3)
FFEB7720? 90A300CC  stw     r5, 0xCC(r3)
FFEB7724? 80C300F8  lwz     r6, 0xF8(r3)
FFEB7728? 90C30040  stw     r6, 0x40(r3)
FFEB772C? 4E800020  blr
FFEB7730? 7C0802A6  mfspr   r0, LR
FFEB7734? 90010008  stw     r0, 0x8(r1)
FFEB7738? 9421FFC8  stwu    r1, -0x38(r1)
FFEB773C? 8062FE7C  lwz     r3, -0x184(r2)
FFEB7740? 4800D475  bl      sub_FFEC4BB4
FFEB7744? 80410014  lwz     r2, 0x14(r1)
FFEB7748? 80010040  lwz     r0, 0x40(r1)
FFEB774C? 30210038  addic   r1, r1, 0x38
FFEB7750? 7C0803A6  mtspr   LR, r0
FFEB7754? 4E800020  blr
FFEB7758* 7C0802A6  mfspr   r0, LR
FFEB775C* BF21FFE4  stmw    r25, -0x1C(r1)
FFEB7760* 90010008  stw     r0, 0x8(r1)
FFEB7764* 9421FFA0  stwu    r1, -0x60(r1)
FFEB7768* 607F0000  ori     r31, r3, 0x0
FFEB776C* 38800000  li      r4, 0x0
FFEB7770* B09F000A  sth     r4, 0xA(r31)
FFEB7774* 83BF0000  lwz     r29, 0x0(r31)
FFEB7778* A93F0008  lha     r9, 0x8(r31)
FFEB777C* 33610038  addic   r27, r1, 0x38
FFEB7780* 80BD0000  lwz     r5, 0x0(r29)
FFEB7784* 2C090002  cmpwi   cr0, r9, 0x2
FFEB7788* 90A10040  stw     r5, 0x40(r1)
FFEB778C* 3381003C  addic   r28, r1, 0x3C
FFEB7790* 33C10040  addic   r30, r1, 0x40
FFEB7794* 41820028  beq     loc_FFEB77BC
FFEB7798* 2C090003  cmpwi   cr0, r9, 0x3
FFEB779C* 41820020  beq     loc_FFEB77BC
FFEB77A0* 2C090001  cmpwi   cr0, r9, 0x1
FFEB77A4* 41820018  beq     loc_FFEB77BC
FFEB77A8* 893D01A6  lbz     r9, 0x1A6(r29)
FFEB77AC* 2C090001  cmpwi   cr0, r9, 0x1
FFEB77B0* 4182000C  beq     loc_FFEB77BC
FFEB77B4* 2C090000  cmpwi   cr0, r9, 0x0
FFEB77B8* 40820020  bne     loc_FFEB77D8
loc_FFEB77BC:
FFEB77BC* 889D0072  lbz     r4, 0x72(r29)
FFEB77C0* 80BE0000  lwz     r5, 0x0(r30)
FFEB77C4* 7C840774  extsb   r4, r4
FFEB77C8* 988500D0  stb     r4, 0xD0(r5)
FFEB77CC* 480099AD  bl      sub_FFEC1178
FFEB77D0* 60000000  nop
FFEB77D4* 48000020  b       loc_FFEB77F4
loc_FFEB77D8:
FFEB77D8* 889D0072  lbz     r4, 0x72(r29)
FFEB77DC* 80BE0000  lwz     r5, 0x0(r30)
FFEB77E0* 54840636  rlwinm  r4, r4, 0, 24, 27
FFEB77E4* 60840002  ori     r4, r4, 0x2
FFEB77E8* 988500D0  stb     r4, 0xD0(r5)
FFEB77EC* 4800998D  bl      sub_FFEC1178
FFEB77F0* 60000000  nop
loc_FFEB77F4:
FFEB77F4* A8BF0008  lha     r5, 0x8(r31)
FFEB77F8* 63E30000  ori     r3, r31, 0x0
FFEB77FC* 54A5103A  slwi    r5, r5, 2
FFEB7800* 7CDD2814  addc    r6, r29, r5
FFEB7804* 818600A0  lwz     r12, 0xA0(r6)
FFEB7808* 63A40000  ori     r4, r29, 0x0
FFEB780C* 4800D4F9  bl      sub_FFEC4D04
FFEB7810* 80410014  lwz     r2, 0x14(r1)
FFEB7814* A93F0008  lha     r9, 0x8(r31)
FFEB7818* 2C090002  cmpwi   cr0, r9, 0x2
FFEB781C* 4182000C  beq     loc_FFEB7828
FFEB7820* 2C090003  cmpwi   cr0, r9, 0x3
FFEB7824* 408201A4  bne     loc_FFEB79C8
loc_FFEB7828:
FFEB7828  893D01A6  lbz     r9, 0x1A6(r29)
FFEB782C  2C090001  cmpwi   cr0, r9, 0x1
FFEB7830  40820104  bne     loc_FFEB7934
FFEB7834  80BE0000  lwz     r5, 0x0(r30)
FFEB7838  38C00000  li      r6, 0x0
FFEB783C  98C50010  stb     r6, 0x10(r5)
FFEB7840  80FE0000  lwz     r7, 0x0(r30)
FFEB7844  39000001  li      r8, 0x1
FFEB7848  99070000  stb     r8, 0x0(r7)
FFEB784C  3B400006  li      r26, 0x6
FFEB7850  48009929  bl      sub_FFEC1178
FFEB7854  60000000  nop
FFEB7858  819E0000  lwz     r12, 0x0(r30)
FFEB785C  9B4C0030  stb     r26, 0x30(r12)
FFEB7860  48009919  bl      sub_FFEC1178
FFEB7864  60000000  nop
FFEB7868  819E0000  lwz     r12, 0x0(r30)
FFEB786C  880C00A0  lbz     r0, 0xA0(r12)
FFEB7870  7C000775  extsb.  r0, r0
FFEB7874  4F000000  mcrf    cr6, cr0
loc_FFEB7878:
FFEB7878  409A0054  bne     cr6, loc_FFEB78CC
FFEB787C  80BE0000  lwz     r5, 0x0(r30)
FFEB7880  88C50060  lbz     r6, 0x60(r5)
FFEB7884  7CC60775  extsb.  r6, r6
FFEB7888  41820030  beq     loc_FFEB78B8
FFEB788C  80BE0000  lwz     r5, 0x0(r30)
FFEB7890  88C50020  lbz     r6, 0x20(r5)
FFEB7894  7CC60774  extsb   r6, r6
FFEB7898  54C6063E  clrlwi  r6, r6, 24
FFEB789C  98DC0000  stb     r6, 0x0(r28)
FFEB78A0  80FF0004  lwz     r7, 0x4(r31)
FFEB78A4  81070040  lwz     r8, 0x40(r7)
FFEB78A8  3108FFFF  addic   r8, r8, -0x1
FFEB78AC  91070040  stw     r8, 0x40(r7)
FFEB78B0  480098C9  bl      sub_FFEC1178
FFEB78B4  60000000  nop
loc_FFEB78B8:
FFEB78B8  80BE0000  lwz     r5, 0x0(r30)
FFEB78BC  88C500A0  lbz     r6, 0xA0(r5)
FFEB78C0  7CC60775  extsb.  r6, r6
FFEB78C4  4F000000  mcrf    cr6, cr0
FFEB78C8  4BFFFFB0  b       loc_FFEB7878
loc_FFEB78CC:
FFEB78CC  63A30000  ori     r3, r29, 0x0
FFEB78D0  48003AF5  bl      sub_FFEBB3C4
FFEB78D4  60000000  nop
FFEB78D8  893D01A6  lbz     r9, 0x1A6(r29)
FFEB78DC  2C090001  cmpwi   cr0, r9, 0x1
FFEB78E0  4182011C  beq     loc_FFEB79FC
FFEB78E4  80BE0000  lwz     r5, 0x0(r30)
FFEB78E8  88C50060  lbz     r6, 0x60(r5)
FFEB78EC  7CC60775  extsb.  r6, r6
FFEB78F0  418200D8  beq     loc_FFEB79C8
loc_FFEB78F4:
FFEB78F4  418201A8  beq     loc_FFEB7A9C
FFEB78F8  80BE0000  lwz     r5, 0x0(r30)
FFEB78FC  88C50020  lbz     r6, 0x20(r5)
FFEB7900  7CC60774  extsb   r6, r6
FFEB7904  54C6063E  clrlwi  r6, r6, 24
FFEB7908  98DC0000  stb     r6, 0x0(r28)
FFEB790C  80FF0004  lwz     r7, 0x4(r31)
FFEB7910  81070040  lwz     r8, 0x40(r7)
FFEB7914  3108FFFF  addic   r8, r8, -0x1
FFEB7918  91070040  stw     r8, 0x40(r7)
FFEB791C  4800985D  bl      sub_FFEC1178
FFEB7920  60000000  nop
FFEB7924  819E0000  lwz     r12, 0x0(r30)
FFEB7928  880C0060  lbz     r0, 0x60(r12)
FFEB792C  7C000775  extsb.  r0, r0
FFEB7930  4BFFFFC4  b       loc_FFEB78F4
loc_FFEB7934:
FFEB7934  2C090000  cmpwi   cr0, r9, 0x0
FFEB7938  40820090  bne     loc_FFEB79C8
FFEB793C  80BE0000  lwz     r5, 0x0(r30)
FFEB7940  38C00000  li      r6, 0x0
FFEB7944  98C50010  stb     r6, 0x10(r5)
FFEB7948  80FE0000  lwz     r7, 0x0(r30)
FFEB794C  39000001  li      r8, 0x1
FFEB7950  99070000  stb     r8, 0x0(r7)
FFEB7954  3B800005  li      r28, 0x5
FFEB7958  3B40FFEE  li      r26, -0x12
FFEB795C  4800981D  bl      sub_FFEC1178
FFEB7960  60000000  nop
FFEB7964  819E0000  lwz     r12, 0x0(r30)
FFEB7968  9B8C0030  stb     r28, 0x30(r12)
FFEB796C  4800980D  bl      sub_FFEC1178
FFEB7970  60000000  nop
FFEB7974  819E0000  lwz     r12, 0x0(r30)
FFEB7978  9B4C0020  stb     r26, 0x20(r12)
FFEB797C  480097FD  bl      sub_FFEC1178
FFEB7980  60000000  nop
FFEB7984  63A30000  ori     r3, r29, 0x0
FFEB7988  48003A3D  bl      sub_FFEBB3C4
FFEB798C  60000000  nop
FFEB7990  881D01B4  lbz     r0, 0x1B4(r29)
FFEB7994  7C000774  extsb   r0, r0
FFEB7998  5400077D  rlwinm. r0, r0, 0, 29, 30
FFEB799C  4182001C  beq     loc_FFEB79B8
FFEB79A0  80BE0000  lwz     r5, 0x0(r30)
FFEB79A4  38C0000F  li      r6, 0xF
FFEB79A8  98C50030  stb     r6, 0x30(r5)
FFEB79AC  480097CD  bl      sub_FFEC1178
FFEB79B0  60000000  nop
FFEB79B4  48000014  b       loc_FFEB79C8
loc_FFEB79B8:
FFEB79B8  80BF0004  lwz     r5, 0x4(r31)
FFEB79BC  80C50040  lwz     r6, 0x40(r5)
FFEB79C0  30C6FFFF  addic   r6, r6, -0x1
FFEB79C4  90C50040  stw     r6, 0x40(r5)
loc_FFEB79C8:
FFEB79C8* 893D01A6  lbz     r9, 0x1A6(r29)
FFEB79CC* 2C090001  cmpwi   cr0, r9, 0x1
FFEB79D0* 4182002C  beq     loc_FFEB79FC
FFEB79D4* 2C090000  cmpwi   cr0, r9, 0x0
FFEB79D8* 41820024  beq     loc_FFEB79FC
FFEB79DC* 88BD0072  lbz     r5, 0x72(r29)
FFEB79E0* 80DE0000  lwz     r6, 0x0(r30)
FFEB79E4* 54A50636  rlwinm  r5, r5, 0, 24, 27
FFEB79E8* 60A50002  ori     r5, r5, 0x2
FFEB79EC* 98A600D0  stb     r5, 0xD0(r6)
FFEB79F0* 48009789  bl      sub_FFEC1178
FFEB79F4* 60000000  nop
FFEB79F8* 893D01A6  lbz     r9, 0x1A6(r29)
loc_FFEB79FC:
FFEB79FC* 2C090007  cmpwi   cr0, r9, 0x7
FFEB7A00* 4082001C  bne     loc_FFEB7A1C
FFEB7A04  819D0170  lwz     r12, 0x170(r29)
FFEB7A08  63E30000  ori     r3, r31, 0x0
FFEB7A0C  63A40000  ori     r4, r29, 0x0
FFEB7A10  4800D2F5  bl      sub_FFEC4D04
FFEB7A14  80410014  lwz     r2, 0x14(r1)
FFEB7A18  893D01A6  lbz     r9, 0x1A6(r29)
loc_FFEB7A1C:
FFEB7A1C* 2C090008  cmpwi   cr0, r9, 0x8
FFEB7A20* 40820064  bne     loc_FFEB7A84
FFEB7A24* 807D0000  lwz     r3, 0x0(r29)
FFEB7A28* 38A0000F  li      r5, 0xF
FFEB7A2C* 907B0000  stw     r3, 0x0(r27)
FFEB7A30* 809B0000  lwz     r4, 0x0(r27)
FFEB7A34* 3BC00000  li      r30, 0x0
FFEB7A38* 3B800002  li      r28, 0x2
FFEB7A3C* 98A40030  stb     r5, 0x30(r4)
FFEB7A40* 3B400002  li      r26, 0x2
FFEB7A44* 3B20000C  li      r25, 0xC
FFEB7A48* 48009731  bl      sub_FFEC1178
FFEB7A4C* 60000000  nop
FFEB7A50* 9BDD0215  stb     r30, 0x215(r29)
FFEB7A54* 819B0000  lwz     r12, 0x0(r27)
FFEB7A58* 9B8C00D0  stb     r28, 0xD0(r12)
FFEB7A5C* 9B5D0072  stb     r26, 0x72(r29)
FFEB7A60* 881D0047  lbz     r0, 0x47(r29)
FFEB7A64* 819B0000  lwz     r12, 0x0(r27)
FFEB7A68* 7C000774  extsb   r0, r0
FFEB7A6C* 980C00C0  stb     r0, 0xC0(r12)
FFEB7A70* 819B0000  lwz     r12, 0x0(r27)
FFEB7A74* 9B2C0030  stb     r25, 0x30(r12)
FFEB7A78* 48009701  bl      sub_FFEC1178
FFEB7A7C* 60000000  nop
FFEB7A80* 893D01A6  lbz     r9, 0x1A6(r29)
loc_FFEB7A84:
FFEB7A84* 993F0011  stb     r9, 0x11(r31)
FFEB7A88* 80010068  lwz     r0, 0x68(r1)
FFEB7A8C* 30210060  addic   r1, r1, 0x60
FFEB7A90* 7C0803A6  mtspr   LR, r0
FFEB7A94* BB21FFE4  lmw     r25, -0x1C(r1)
FFEB7A98* 4E800020  blr
loc_FFEB7A9C:
FFEB7A9C  4BFFFF2C  b       loc_FFEB79C8
FFEB7AA0? 80010068  lwz     r0, 0x68(r1)
FFEB7AA4? 30210060  addic   r1, r1, 0x60
FFEB7AA8? 7C0803A6  mtspr   LR, r0
FFEB7AAC? BB21FFE4  lmw     r25, -0x1C(r1)
FFEB7AB0? 4E800020  blr
FFEB7AB4* 7C0802A6  mfspr   r0, LR
FFEB7AB8* BF21FFE4  stmw    r25, -0x1C(r1)
FFEB7ABC* 90010008  stw     r0, 0x8(r1)
FFEB7AC0* 9421FFA8  stwu    r1, -0x58(r1)
FFEB7AC4* 609F0000  ori     r31, r4, 0x0
FFEB7AC8* 88DF009C  lbz     r6, 0x9C(r31)
FFEB7ACC* 80BF0000  lwz     r5, 0x0(r31)
FFEB7AD0* 54C6077B  rlwinm. r6, r6, 0, 29, 29
FFEB7AD4* 90A10038  stw     r5, 0x38(r1)
FFEB7AD8* 607D0000  ori     r29, r3, 0x0
FFEB7ADC* 33C10038  addic   r30, r1, 0x38
FFEB7AE0* 41820034  beq     loc_FFEB7B14
FFEB7AE4  38A00002  li      r5, 0x2
FFEB7AE8  B0BD000A  sth     r5, 0xA(r29)
FFEB7AEC  819F00D4  lwz     r12, 0xD4(r31)
FFEB7AF0  63A30000  ori     r3, r29, 0x0
FFEB7AF4  63E40000  ori     r4, r31, 0x0
FFEB7AF8  4800D20D  bl      sub_FFEC4D04
FFEB7AFC  80410014  lwz     r2, 0x14(r1)
FFEB7B00  80010060  lwz     r0, 0x60(r1)
FFEB7B04  30210058  addic   r1, r1, 0x58
FFEB7B08  7C0803A6  mtspr   LR, r0
FFEB7B0C  BB21FFE4  lmw     r25, -0x1C(r1)
FFEB7B10  4E800020  blr
loc_FFEB7B14:
FFEB7B14* 88BF0047  lbz     r5, 0x47(r31)
FFEB7B18* 80DE0000  lwz     r6, 0x0(r30)
FFEB7B1C* 7CA50774  extsb   r5, r5
FFEB7B20* 98A600C0  stb     r5, 0xC0(r6)
FFEB7B24* 3B800001  li      r28, 0x1
FFEB7B28* 48000008  b       loc_FFEB7B30
loc_FFEB7B2C:
FFEB7B2C* 41820030  beq     loc_FFEB7B5C
loc_FFEB7B30:
FFEB7B30* 80BE0000  lwz     r5, 0x0(r30)
FFEB7B34* 9B850030  stb     r28, 0x30(r5)
FFEB7B38* 48009641  bl      sub_FFEC1178
FFEB7B3C* 60000000  nop
FFEB7B40* 63E30000  ori     r3, r31, 0x0
FFEB7B44* 48003881  bl      sub_FFEBB3C4
FFEB7B48* 60000000  nop
FFEB7B4C* 893F01B6  lbz     r9, 0x1B6(r31)
FFEB7B50* 7D290774  extsb   r9, r9
FFEB7B54* 5520077B  rlwinm. r0, r9, 0, 29, 29
FFEB7B58* 4BFFFFD4  b       loc_FFEB7B2C
loc_FFEB7B5C:
FFEB7B5C* 55250739  rlwinm. r5, r9, 0, 28, 28
FFEB7B60* 41820034  beq     loc_FFEB7B94
FFEB7B64  38A00002  li      r5, 0x2
FFEB7B68  B0BD000A  sth     r5, 0xA(r29)
FFEB7B6C  819F00D4  lwz     r12, 0xD4(r31)
FFEB7B70  63A30000  ori     r3, r29, 0x0
FFEB7B74  63E40000  ori     r4, r31, 0x0
FFEB7B78  4800D18D  bl      sub_FFEC4D04
FFEB7B7C  80410014  lwz     r2, 0x14(r1)
FFEB7B80  80010060  lwz     r0, 0x60(r1)
FFEB7B84  30210058  addic   r1, r1, 0x58
FFEB7B88  7C0803A6  mtspr   LR, r0
FFEB7B8C  BB21FFE4  lmw     r25, -0x1C(r1)
FFEB7B90  4E800020  blr
loc_FFEB7B94:
FFEB7B94* 88BF01B4  lbz     r5, 0x1B4(r31)
FFEB7B98* 7CA50774  extsb   r5, r5
FFEB7B9C* 54A5077D  rlwinm. r5, r5, 0, 29, 30
FFEB7BA0* 41820020  beq     loc_FFEB7BC0
FFEB7BA4  38600001  li      r3, 0x1
FFEB7BA8  B07D000A  sth     r3, 0xA(r29)
FFEB7BAC  80010060  lwz     r0, 0x60(r1)
FFEB7BB0  30210058  addic   r1, r1, 0x58
FFEB7BB4  7C0803A6  mtspr   LR, r0
FFEB7BB8  BB21FFE4  lmw     r25, -0x1C(r1)
FFEB7BBC  4E800020  blr
loc_FFEB7BC0:
FFEB7BC0* 80BD0004  lwz     r5, 0x4(r29)
FFEB7BC4* 80FE0000  lwz     r7, 0x0(r30)
FFEB7BC8* 88C5000E  lbz     r6, 0xE(r5)
FFEB7BCC* 7CC60774  extsb   r6, r6
FFEB7BD0* 98C700C0  stb     r6, 0xC0(r7)
FFEB7BD4* 811D0004  lwz     r8, 0x4(r29)
FFEB7BD8* A1280064  lhz     r9, 0x64(r8)
FFEB7BDC* 2C090000  cmpwi   cr0, r9, 0x0
FFEB7BE0* 4081000C  ble     loc_FFEB7BEC
FFEB7BE4  2C0900FA  cmpwi   cr0, r9, 0xFA
FFEB7BE8  41800014  blt     loc_FFEB7BFC
loc_FFEB7BEC:
FFEB7BEC* 80BE0000  lwz     r5, 0x0(r30)
FFEB7BF0* 38C00019  li      r6, 0x19
FFEB7BF4* 98C500F0  stb     r6, 0xF0(r5)
FFEB7BF8* 48000014  b       loc_FFEB7C0C
loc_FFEB7BFC:
FFEB7BFC  38A0000A  li      r5, 0xA
FFEB7C00  7CC92BD6  divw    r6, r9, r5
FFEB7C04  80FE0000  lwz     r7, 0x0(r30)
FFEB7C08  98C700F0  stb     r6, 0xF0(r7)
loc_FFEB7C0C:
FFEB7C0C* 80BE0000  lwz     r5, 0x0(r30)
FFEB7C10* 38C0000D  li      r6, 0xD
FFEB7C14* 98C50030  stb     r6, 0x30(r5)
FFEB7C18* 3B60000F  li      r27, 0xF
FFEB7C1C* 4800955D  bl      sub_FFEC1178
FFEB7C20* 60000000  nop
FFEB7C24* 819E0000  lwz     r12, 0x0(r30)
FFEB7C28* 9B6C0030  stb     r27, 0x30(r12)
FFEB7C2C* 4800954D  bl      sub_FFEC1178
FFEB7C30* 60000000  nop
FFEB7C34* 819D0004  lwz     r12, 0x4(r29)
FFEB7C38* A00C005E  lhz     r0, 0x5E(r12)
FFEB7C3C* 5400077B  rlwinm. r0, r0, 0, 29, 29
FFEB7C40* 4182007C  beq     loc_FFEB7CBC
FFEB7C44* 80BE0000  lwz     r5, 0x0(r30)
FFEB7C48* 38C00002  li      r6, 0x2
FFEB7C4C* 98C50030  stb     r6, 0x30(r5)
FFEB7C50* 48009529  bl      sub_FFEC1178
FFEB7C54* 60000000  nop
FFEB7C58* 63E30000  ori     r3, r31, 0x0
FFEB7C5C* 48003769  bl      sub_FFEBB3C4
FFEB7C60* 60000000  nop
FFEB7C64* 8B9F01B6  lbz     r28, 0x1B6(r31)
FFEB7C68* 7F9C0774  extsb   r28, r28
FFEB7C6C* 579C07FF  clrlwi. r28, r28, 31
FFEB7C70* 41820020  beq     loc_FFEB7C90
FFEB7C74* 38600001  li      r3, 0x1
FFEB7C78* B07D000A  sth     r3, 0xA(r29)
FFEB7C7C* 80010060  lwz     r0, 0x60(r1)
FFEB7C80* 30210058  addic   r1, r1, 0x58
FFEB7C84* 7C0803A6  mtspr   LR, r0
FFEB7C88* BB21FFE4  lmw     r25, -0x1C(r1)
FFEB7C8C* 4E800020  blr
loc_FFEB7C90:
FFEB7C90  88BF01B4  lbz     r5, 0x1B4(r31)
FFEB7C94  7CA50774  extsb   r5, r5
FFEB7C98  54A5077D  rlwinm. r5, r5, 0, 29, 30
FFEB7C9C  418202B8  beq     loc_FFEB7F54
FFEB7CA0  38600001  li      r3, 0x1
FFEB7CA4  B07D000A  sth     r3, 0xA(r29)
FFEB7CA8  80010060  lwz     r0, 0x60(r1)
FFEB7CAC  30210058  addic   r1, r1, 0x58
FFEB7CB0  7C0803A6  mtspr   LR, r0
FFEB7CB4  BB21FFE4  lmw     r25, -0x1C(r1)
FFEB7CB8  4E800020  blr
loc_FFEB7CBC:
FFEB7CBC  80BE0000  lwz     r5, 0x0(r30)
FFEB7CC0  38C00022  li      r6, 0x22
FFEB7CC4  98C50030  stb     r6, 0x30(r5)
FFEB7CC8  480094B1  bl      sub_FFEC1178
FFEB7CCC  60000000  nop
FFEB7CD0  63E30000  ori     r3, r31, 0x0
FFEB7CD4  480036F1  bl      sub_FFEBB3C4
FFEB7CD8  60000000  nop
FFEB7CDC  881F01B6  lbz     r0, 0x1B6(r31)
FFEB7CE0  7C000774  extsb   r0, r0
FFEB7CE4  540007FF  clrlwi. r0, r0, 31
FFEB7CE8  41820020  beq     loc_FFEB7D08
FFEB7CEC  38600001  li      r3, 0x1
FFEB7CF0  B07D000A  sth     r3, 0xA(r29)
FFEB7CF4  80010060  lwz     r0, 0x60(r1)
FFEB7CF8  30210058  addic   r1, r1, 0x58
FFEB7CFC  7C0803A6  mtspr   LR, r0
FFEB7D00  BB21FFE4  lmw     r25, -0x1C(r1)
FFEB7D04  4E800020  blr
loc_FFEB7D08:
FFEB7D08  88BF01B4  lbz     r5, 0x1B4(r31)
FFEB7D0C  7CA50774  extsb   r5, r5
FFEB7D10  54A5077D  rlwinm. r5, r5, 0, 29, 30
FFEB7D14  41820020  beq     loc_FFEB7D34
FFEB7D18  38600001  li      r3, 0x1
FFEB7D1C  B07D000A  sth     r3, 0xA(r29)
FFEB7D20  80010060  lwz     r0, 0x60(r1)
FFEB7D24  30210058  addic   r1, r1, 0x58
FFEB7D28  7C0803A6  mtspr   LR, r0
FFEB7D2C  BB21FFE4  lmw     r25, -0x1C(r1)
FFEB7D30  4E800020  blr
loc_FFEB7D34:
FFEB7D34  80BE0000  lwz     r5, 0x0(r30)
FFEB7D38  3B200000  li      r25, 0x0
FFEB7D3C  9B650030  stb     r27, 0x30(r5)
FFEB7D40  335D0015  addic   r26, r29, 0x15
FFEB7D44  48009435  bl      sub_FFEC1178
FFEB7D48  60000000  nop
FFEB7D4C  819E0000  lwz     r12, 0x0(r30)
FFEB7D50  9B2C0010  stb     r25, 0x10(r12)
FFEB7D54  819E0000  lwz     r12, 0x0(r30)
FFEB7D58  9B8C0000  stb     r28, 0x0(r12)
FFEB7D5C  633C0000  ori     r28, r25, 0x0
FFEB7D60  48009419  bl      sub_FFEC1178
FFEB7D64  60000000  nop
FFEB7D68  881D0013  lbz     r0, 0x13(r29)
FFEB7D6C  2C000001  cmpwi   cr0, r0, 0x1
FFEB7D70  40820034  bne     loc_FFEB7DA4
FFEB7D74  80BE0000  lwz     r5, 0x0(r30)
FFEB7D78  38C00007  li      r6, 0x7
FFEB7D7C  98C50030  stb     r6, 0x30(r5)
FFEB7D80  480093F9  bl      sub_FFEC1178
FFEB7D84  60000000  nop
FFEB7D88  8B9D0014  lbz     r28, 0x14(r29)
FFEB7D8C  835E0000  lwz     r26, 0x0(r30)
FFEB7D90  7F9C0774  extsb   r28, r28
FFEB7D94  9B9A0020  stb     r28, 0x20(r26)
FFEB7D98  480093E1  bl      sub_FFEC1178
FFEB7D9C  60000000  nop
FFEB7DA0  48000120  b       loc_FFEB7EC0
loc_FFEB7DA4:
FFEB7DA4  80BE0000  lwz     r5, 0x0(r30)
FFEB7DA8  3B200027  li      r25, 0x27
FFEB7DAC  9B250030  stb     r25, 0x30(r5)
FFEB7DB0  480093C9  bl      sub_FFEC1178
FFEB7DB4  60000000  nop
FFEB7DB8  881D0014  lbz     r0, 0x14(r29)
FFEB7DBC  819E0000  lwz     r12, 0x0(r30)
FFEB7DC0  7C000774  extsb   r0, r0
FFEB7DC4  980C0020  stb     r0, 0x20(r12)
FFEB7DC8  480093B1  bl      sub_FFEC1178
FFEB7DCC  60000000  nop
FFEB7DD0  63E30000  ori     r3, r31, 0x0
FFEB7DD4  480035F1  bl      sub_FFEBB3C4
FFEB7DD8  60000000  nop
FFEB7DDC  881F01B4  lbz     r0, 0x1B4(r31)
FFEB7DE0  7C000774  extsb   r0, r0
FFEB7DE4  5400077D  rlwinm. r0, r0, 0, 29, 30
FFEB7DE8  4182006C  beq     loc_FFEB7E54
FFEB7DEC  809E0000  lwz     r4, 0x0(r30)
FFEB7DF0  88DD0013  lbz     r6, 0x13(r29)
FFEB7DF4  88A40060  lbz     r5, 0x60(r4)
FFEB7DF8  3B80000B  li      r28, 0xB
FFEB7DFC  7CA50774  extsb   r5, r5
FFEB7E00  7CE53010  subfc   r7, r5, r6
FFEB7E04  98FD0013  stb     r7, 0x13(r29)
FFEB7E08  48009371  bl      sub_FFEC1178
FFEB7E0C  60000000  nop
FFEB7E10  B39D000A  sth     r28, 0xA(r29)
FFEB7E14  819E0000  lwz     r12, 0x0(r30)
FFEB7E18  9B6C0030  stb     r27, 0x30(r12)
FFEB7E1C  4800935D  bl      sub_FFEC1178
FFEB7E20  60000000  nop
FFEB7E24  881F01B6  lbz     r0, 0x1B6(r31)
FFEB7E28  7C000774  extsb   r0, r0
FFEB7E2C  540007BD  rlwinm. r0, r0, 0, 30, 30
FFEB7E30  408202E8  bne     loc_FFEB8118
FFEB7E34  63E30000  ori     r3, r31, 0x0
FFEB7E38  48003641  bl      sub_FFEBB478
FFEB7E3C  60000000  nop
FFEB7E40  80010060  lwz     r0, 0x60(r1)
FFEB7E44  30210058  addic   r1, r1, 0x58
FFEB7E48  7C0803A6  mtspr   LR, r0
FFEB7E4C  BB21FFE4  lmw     r25, -0x1C(r1)
FFEB7E50  4E800020  blr
loc_FFEB7E54:
FFEB7E54  80BE0000  lwz     r5, 0x0(r30)
FFEB7E58  9B850010  stb     r28, 0x10(r5)
FFEB7E5C  88DD0013  lbz     r6, 0x13(r29)
FFEB7E60  80FE0000  lwz     r7, 0x0(r30)
FFEB7E64  30C6FFFF  addic   r6, r6, -0x1
FFEB7E68  98C70000  stb     r6, 0x0(r7)
FFEB7E6C  4800930D  bl      sub_FFEC1178
FFEB7E70  60000000  nop
FFEB7E74  819E0000  lwz     r12, 0x0(r30)
FFEB7E78  9B2C0030  stb     r25, 0x30(r12)
FFEB7E7C  480092FD  bl      sub_FFEC1178
FFEB7E80  60000000  nop
FFEB7E84  891D0013  lbz     r8, 0x13(r29)
FFEB7E88  3508FFFF  addic.  r8, r8, -0x1
FFEB7E8C  4F000000  mcrf    cr6, cr0
FFEB7E90  419A0028  beq     cr6, loc_FFEB7EB8
FFEB7E94  313AFFFF  addic   r9, r26, -0x1
loc_FFEB7E98:
FFEB7E98  419A0020  beq     cr6, loc_FFEB7EB8
FFEB7E9C  8CA90001  lbzu    r5, 0x1(r9)
FFEB7EA0  3508FFFF  addic.  r8, r8, -0x1
FFEB7EA4  80DE0000  lwz     r6, 0x0(r30)
FFEB7EA8  7CA50774  extsb   r5, r5
FFEB7EAC  98A60020  stb     r5, 0x20(r6)
FFEB7EB0  4F000000  mcrf    cr6, cr0
FFEB7EB4  4BFFFFE4  b       loc_FFEB7E98
loc_FFEB7EB8:
FFEB7EB8  480092C1  bl      sub_FFEC1178
FFEB7EBC  60000000  nop
loc_FFEB7EC0:
FFEB7EC0  63E30000  ori     r3, r31, 0x0
FFEB7EC4  48003501  bl      sub_FFEBB3C4
FFEB7EC8  60000000  nop
FFEB7ECC  8B9F01B4  lbz     r28, 0x1B4(r31)
FFEB7ED0  7F9C0774  extsb   r28, r28
FFEB7ED4  579C077D  rlwinm. r28, r28, 0, 29, 30
FFEB7ED8  4182006C  beq     loc_FFEB7F44
FFEB7EDC  809E0000  lwz     r4, 0x0(r30)
FFEB7EE0  88DD0013  lbz     r6, 0x13(r29)
FFEB7EE4  88A40060  lbz     r5, 0x60(r4)
FFEB7EE8  3B80000B  li      r28, 0xB
FFEB7EEC  7CA50774  extsb   r5, r5
FFEB7EF0  7CE53010  subfc   r7, r5, r6
FFEB7EF4  98FD0013  stb     r7, 0x13(r29)
FFEB7EF8  48009281  bl      sub_FFEC1178
FFEB7EFC  60000000  nop
FFEB7F00  B39D000A  sth     r28, 0xA(r29)
FFEB7F04  819E0000  lwz     r12, 0x0(r30)
FFEB7F08  9B6C0030  stb     r27, 0x30(r12)
FFEB7F0C  4800926D  bl      sub_FFEC1178
FFEB7F10  60000000  nop
FFEB7F14  881F01B6  lbz     r0, 0x1B6(r31)
FFEB7F18  7C000774  extsb   r0, r0
FFEB7F1C  540007BD  rlwinm. r0, r0, 0, 30, 30
FFEB7F20  408201F8  bne     loc_FFEB8118
FFEB7F24  63E30000  ori     r3, r31, 0x0
FFEB7F28  48003551  bl      sub_FFEBB478
FFEB7F2C  60000000  nop
FFEB7F30  80010060  lwz     r0, 0x60(r1)
FFEB7F34  30210058  addic   r1, r1, 0x58
FFEB7F38  7C0803A6  mtspr   LR, r0
FFEB7F3C  BB21FFE4  lmw     r25, -0x1C(r1)
FFEB7F40  4E800020  blr
loc_FFEB7F44:
FFEB7F44  80BE0000  lwz     r5, 0x0(r30)
FFEB7F48  9B650030  stb     r27, 0x30(r5)
FFEB7F4C  4800922D  bl      sub_FFEC1178
FFEB7F50  60000000  nop
loc_FFEB7F54:
FFEB7F54  88BD0010  lbz     r5, 0x10(r29)
FFEB7F58  2C050000  cmpwi   cr0, r5, 0x0
FFEB7F5C  4082002C  bne     loc_FFEB7F88
FFEB7F60  63E30000  ori     r3, r31, 0x0
FFEB7F64  3BC00000  li      r30, 0x0
FFEB7F68  48003511  bl      sub_FFEBB478
FFEB7F6C  60000000  nop
FFEB7F70  B3DD000A  sth     r30, 0xA(r29)
FFEB7F74  80010060  lwz     r0, 0x60(r1)
FFEB7F78  30210058  addic   r1, r1, 0x58
FFEB7F7C  7C0803A6  mtspr   LR, r0
FFEB7F80  BB21FFE4  lmw     r25, -0x1C(r1)
FFEB7F84  4E800020  blr
loc_FFEB7F88:
FFEB7F88  813D0004  lwz     r9, 0x4(r29)
FFEB7F8C  3B800000  li      r28, 0x0
FFEB7F90  80A90014  lwz     r5, 0x14(r9)
FFEB7F94  54A501CF  rlwinm. r5, r5, 0, 7, 7
FFEB7F98  4182000C  beq     loc_FFEB7FA4
FFEB7F9C  83490044  lwz     r26, 0x44(r9)
FFEB7FA0  48000008  b       loc_FFEB7FA8
loc_FFEB7FA4:
FFEB7FA4  33490044  addic   r26, r9, 0x44
loc_FFEB7FA8:
FFEB7FA8  80BE0000  lwz     r5, 0x0(r30)
FFEB7FAC  3B200003  li      r25, 0x3
FFEB7FB0  9B850010  stb     r28, 0x10(r5)
FFEB7FB4  80DD0004  lwz     r6, 0x4(r29)
FFEB7FB8  813E0000  lwz     r9, 0x0(r30)
FFEB7FBC  88E60035  lbz     r7, 0x35(r6)
FFEB7FC0  7CE70774  extsb   r7, r7
FFEB7FC4  98E90000  stb     r7, 0x0(r9)
FFEB7FC8  480091B1  bl      sub_FFEC1178
FFEB7FCC  60000000  nop
FFEB7FD0  819E0000  lwz     r12, 0x0(r30)
FFEB7FD4  9B2C0030  stb     r25, 0x30(r12)
FFEB7FD8  480091A1  bl      sub_FFEC1178
FFEB7FDC  60000000  nop
FFEB7FE0  819D0004  lwz     r12, 0x4(r29)
FFEB7FE4  890C0035  lbz     r8, 0x35(r12)
FFEB7FE8  2C080000  cmpwi   cr0, r8, 0x0
FFEB7FEC  41820020  beq     loc_FFEB800C
FFEB7FF0  7D0903A6  mtspr   CTR, r8
FFEB7FF4  313AFFFF  addic   r9, r26, -0x1
loc_FFEB7FF8:
FFEB7FF8  8CA90001  lbzu    r5, 0x1(r9)
FFEB7FFC  80DE0000  lwz     r6, 0x0(r30)
FFEB8000  7CA50774  extsb   r5, r5
FFEB8004  98A60020  stb     r5, 0x20(r6)
FFEB8008  4200FFF0  bdnz    loc_FFEB7FF8
loc_FFEB800C:
FFEB800C  4800916D  bl      sub_FFEC1178
FFEB8010  60000000  nop
FFEB8014  63E30000  ori     r3, r31, 0x0
FFEB8018  480033AD  bl      sub_FFEBB3C4
FFEB801C  60000000  nop
FFEB8020  8B9F01B4  lbz     r28, 0x1B4(r31)
FFEB8024  7F9C0774  extsb   r28, r28
FFEB8028  579C077D  rlwinm. r28, r28, 0, 29, 30
FFEB802C  4182004C  beq     loc_FFEB8078
FFEB8030  887F01B6  lbz     r3, 0x1B6(r31)
FFEB8034  7C630774  extsb   r3, r3
FFEB8038  546307BD  rlwinm. r3, r3, 0, 30, 30
FFEB803C  41820010  beq     loc_FFEB804C
FFEB8040  38600005  li      r3, 0x5
FFEB8044  B07D000A  sth     r3, 0xA(r29)
FFEB8048  4800000C  b       loc_FFEB8054
loc_FFEB804C:
FFEB804C  38600006  li      r3, 0x6
FFEB8050  B07D000A  sth     r3, 0xA(r29)
loc_FFEB8054:
FFEB8054  807E0000  lwz     r3, 0x0(r30)
FFEB8058  9B630030  stb     r27, 0x30(r3)
FFEB805C  4800911D  bl      sub_FFEC1178
FFEB8060  60000000  nop
FFEB8064  80010060  lwz     r0, 0x60(r1)
FFEB8068  30210058  addic   r1, r1, 0x58
FFEB806C  7C0803A6  mtspr   LR, r0
FFEB8070  BB21FFE4  lmw     r25, -0x1C(r1)
FFEB8074  4E800020  blr
loc_FFEB8078:
FFEB8078  88BF0072  lbz     r5, 0x72(r31)
FFEB807C  2C050002  cmpwi   cr0, r5, 0x2
FFEB8080  40820030  bne     loc_FFEB80B0
FFEB8084  63E30000  ori     r3, r31, 0x0
FFEB8088  480033F1  bl      sub_FFEBB478
FFEB808C  60000000  nop
FFEB8090  48000060  b       loc_FFEB80F0
loc_FFEB8094:
FFEB8094  63E30000  ori     r3, r31, 0x0
FFEB8098  480033E1  bl      sub_FFEBB478
FFEB809C  60000000  nop
FFEB80A0  48000050  b       loc_FFEB80F0
loc_FFEB80A4:
FFEB80A4  38A00000  li      r5, 0x0
FFEB80A8  98BF01A6  stb     r5, 0x1A6(r31)
FFEB80AC  48000044  b       loc_FFEB80F0
loc_FFEB80B0:
FFEB80B0  80BD0004  lwz     r5, 0x4(r29)
FFEB80B4  3CC08000  lis     r6, 0x8000
FFEB80B8  81250014  lwz     r9, 0x14(r5)
FFEB80BC  55290002  clrrwi  r9, r9, 30
FFEB80C0  7C093000  cmpw    r9, r6
FFEB80C4  4182FFE0  beq     loc_FFEB80A4
FFEB80C8  3CA0C000  lis     r5, 0xC000
FFEB80CC  7C092800  cmpw    r9, r5
FFEB80D0  4182FFC4  beq     loc_FFEB8094
FFEB80D4  2C090000  cmpwi   cr0, r9, 0x0
FFEB80D8  4182FFBC  beq     loc_FFEB8094
FFEB80DC  3CA04000  lis     r5, 0x4000
FFEB80E0  7C092800  cmpw    r9, r5
FFEB80E4  4082000C  bne     loc_FFEB80F0
FFEB80E8  38A00001  li      r5, 0x1
FFEB80EC  98BF01A6  stb     r5, 0x1A6(r31)
loc_FFEB80F0:
FFEB80F0  63A30000  ori     r3, r29, 0x0
FFEB80F4  63E40000  ori     r4, r31, 0x0
FFEB80F8  3BC00000  li      r30, 0x0
FFEB80FC  4BFFF4B5  bl      sub_FFEB75B0
FFEB8100  60000000  nop
FFEB8104  819F00F0  lwz     r12, 0xF0(r31)
FFEB8108  807D0004  lwz     r3, 0x4(r29)
FFEB810C  4800CBF9  bl      sub_FFEC4D04
FFEB8110  80410014  lwz     r2, 0x14(r1)
FFEB8114  B3DD000A  sth     r30, 0xA(r29)
loc_FFEB8118:
FFEB8118  80010060  lwz     r0, 0x60(r1)
FFEB811C  30210058  addic   r1, r1, 0x58
FFEB8120  7C0803A6  mtspr   LR, r0
FFEB8124  BB21FFE4  lmw     r25, -0x1C(r1)
FFEB8128  4E800020  blr

sub_FFEB812C:
FFEB812C? 7C0802A6  mfspr   r0, LR
FFEB8130? BEE1FFDC  stmw    r23, -0x24(r1)
FFEB8134? 90010008  stw     r0, 0x8(r1)
FFEB8138? 9421FF98  stwu    r1, -0x68(r1)
FFEB813C? 54A5063E  clrlwi  r5, r5, 24
FFEB8140? 609E0000  ori     r30, r4, 0x0
FFEB8144? 80DE0000  lwz     r6, 0x0(r30)
FFEB8148? 2C050002  cmpwi   cr0, r5, 0x2
FFEB814C? 90C10040  stw     r6, 0x40(r1)
FFEB8150? 607C0000  ori     r28, r3, 0x0
FFEB8154? 33610038  addic   r27, r1, 0x38
FFEB8158? 33E10040  addic   r31, r1, 0x40
FFEB815C? 835E0060  lwz     r26, 0x60(r30)
FFEB8160? 40820060  bne     loc_FFEB81C0
FFEB8164? 809F0000  lwz     r4, 0x0(r31)
FFEB8168? 38000000  li      r0, 0x0
FFEB816C? 98040010  stb     r0, 0x10(r4)
FFEB8170? 80BF0000  lwz     r5, 0x0(r31)
FFEB8174? 38C00001  li      r6, 0x1
FFEB8178? 98C50000  stb     r6, 0x0(r5)
FFEB817C? 3BA00027  li      r29, 0x27
FFEB8180? 48008FF9  bl      sub_FFEC1178
FFEB8184? 60000000  nop
FFEB8188? 819F0000  lwz     r12, 0x0(r31)
FFEB818C? 9BAC0030  stb     r29, 0x30(r12)
FFEB8190? 48008FE9  bl      sub_FFEC1178
FFEB8194? 60000000  nop
FFEB8198? 819C0004  lwz     r12, 0x4(r28)
FFEB819C? 817F0000  lwz     r11, 0x0(r31)
FFEB81A0? 880C000F  lbz     r0, 0xF(r12)
FFEB81A4? 30000080  addic   r0, r0, 0x80
FFEB81A8? 980B0020  stb     r0, 0x20(r11)
FFEB81AC? 48008FCD  bl      sub_FFEC1178
FFEB81B0? 60000000  nop
FFEB81B4? 63C30000  ori     r3, r30, 0x0
FFEB81B8? 4800320D  bl      sub_FFEBB3C4
FFEB81BC? 60000000  nop
loc_FFEB81C0:
FFEB81C0? 809F0000  lwz     r4, 0x0(r31)
FFEB81C4? 3BA00000  li      r29, 0x0
FFEB81C8? 9BA40010  stb     r29, 0x10(r4)
FFEB81CC? 80BF0000  lwz     r5, 0x0(r31)
FFEB81D0? 38000005  li      r0, 0x5
FFEB81D4? 98050000  stb     r0, 0x0(r5)
FFEB81D8? 3B200027  li      r25, 0x27
FFEB81DC? 3B000001  li      r24, 0x1
FFEB81E0? 3AE00003  li      r23, 0x3
FFEB81E4? 48008F95  bl      sub_FFEC1178
FFEB81E8? 60000000  nop
FFEB81EC? 819F0000  lwz     r12, 0x0(r31)
FFEB81F0? 9B2C0030  stb     r25, 0x30(r12)
FFEB81F4? 48008F85  bl      sub_FFEC1178
FFEB81F8? 60000000  nop
FFEB81FC? 819F0000  lwz     r12, 0x0(r31)
FFEB8200? 9B0C0020  stb     r24, 0x20(r12)
FFEB8204? 819F0000  lwz     r12, 0x0(r31)
FFEB8208? 9AEC0020  stb     r23, 0x20(r12)
FFEB820C? 819F0000  lwz     r12, 0x0(r31)
FFEB8210? 9B0C0020  stb     r24, 0x20(r12)
FFEB8214? 819F0000  lwz     r12, 0x0(r31)
FFEB8218? 9BAC0020  stb     r29, 0x20(r12)
FFEB821C? 819F0000  lwz     r12, 0x0(r31)
FFEB8220? 9BAC0020  stb     r29, 0x20(r12)
FFEB8224? 48008F55  bl      sub_FFEC1178
FFEB8228? 60000000  nop
FFEB822C? 63C30000  ori     r3, r30, 0x0
FFEB8230? 48003195  bl      sub_FFEBB3C4
FFEB8234? 60000000  nop
FFEB8238? 63C30000  ori     r3, r30, 0x0
FFEB823C? 4800323D  bl      sub_FFEBB478
FFEB8240? 60000000  nop
FFEB8244? 881E01A6  lbz     r0, 0x1A6(r30)
FFEB8248? 2C000007  cmpwi   cr0, r0, 0x7
FFEB824C? 40820114  bne     loc_FFEB8360
FFEB8250? 809F0000  lwz     r4, 0x0(r31)
FFEB8254? 38A00000  li      r5, 0x0
FFEB8258? 98A40010  stb     r5, 0x10(r4)
FFEB825C? 80DF0000  lwz     r6, 0x0(r31)
FFEB8260? 38E00005  li      r7, 0x5
FFEB8264? 98E60000  stb     r7, 0x0(r6)
FFEB8268? 3B200008  li      r25, 0x8
FFEB826C? 3BA00000  li      r29, 0x0
FFEB8270? 48008F09  bl      sub_FFEC1178
FFEB8274? 60000000  nop
FFEB8278? 819F0000  lwz     r12, 0x0(r31)
FFEB827C? 9B2C0030  stb     r25, 0x30(r12)
FFEB8280? 48008EF9  bl      sub_FFEC1178
FFEB8284? 60000000  nop
FFEB8288? 819F0000  lwz     r12, 0x0(r31)
FFEB828C? 880C0060  lbz     r0, 0x60(r12)
FFEB8290? 7C000775  extsb.  r0, r0
FFEB8294? 4F000000  mcrf    cr6, cr0
FFEB8298? 419A0044  beq     cr6, loc_FFEB82DC
FFEB829C? 7C9DD814  addc    r4, r29, r27
FFEB82A0? 7D04E810  subfc   r8, r4, r29
FFEB82A4? 3124FFFF  addic   r9, r4, -0x1
FFEB82A8? 31080001  addic   r8, r8, 0x1
loc_FFEB82AC:
FFEB82AC? 419A002C  beq     cr6, loc_FFEB82D8
FFEB82B0? 809F0000  lwz     r4, 0x0(r31)
FFEB82B4? 88A40020  lbz     r5, 0x20(r4)
FFEB82B8? 7CA50774  extsb   r5, r5
FFEB82BC? 54A5063E  clrlwi  r5, r5, 24
FFEB82C0? 9CA90001  stbu    r5, 0x1(r9)
FFEB82C4? 80DF0000  lwz     r6, 0x0(r31)
FFEB82C8? 88E60060  lbz     r7, 0x60(r6)
FFEB82CC? 7CE70775  extsb.  r7, r7
FFEB82D0? 4F000000  mcrf    cr6, cr0
FFEB82D4? 4BFFFFD8  b       loc_FFEB82AC
loc_FFEB82D8:
FFEB82D8? 7FA94014  addc    r29, r9, r8
loc_FFEB82DC:
FFEB82DC? 48008E9D  bl      sub_FFEC1178
FFEB82E0? 60000000  nop
FFEB82E4? 63C30000  ori     r3, r30, 0x0
FFEB82E8? 480030DD  bl      sub_FFEBB3C4
FFEB82EC? 60000000  nop
FFEB82F0? 8B3E01B4  lbz     r25, 0x1B4(r30)
FFEB82F4? 7F390774  extsb   r25, r25
FFEB82F8? 5739077D  rlwinm. r25, r25, 0, 29, 30
FFEB82FC? 41820024  beq     loc_FFEB8320
FFEB8300? 807F0000  lwz     r3, 0x0(r31)
FFEB8304? 88830070  lbz     r4, 0x70(r3)
FFEB8308? 7C840774  extsb   r4, r4
FFEB830C? 2C040002  cmpwi   cr0, r4, 0x2
FFEB8310? 41820010  beq     loc_FFEB8320
FFEB8314? 8062FE80  lwz     r3, -0x180(r2)
FFEB8318? 4800C89D  bl      sub_FFEC4BB4
FFEB831C? 80410014  lwz     r2, 0x14(r1)
loc_FFEB8320:
FFEB8320? 887B0000  lbz     r3, 0x0(r27)
FFEB8324? 2C030007  cmpwi   cr0, r3, 0x7
FFEB8328? 40820014  bne     loc_FFEB833C
FFEB832C? 8062FE80  lwz     r3, -0x180(r2)
FFEB8330? 3063001C  addic   r3, r3, 0x1C
FFEB8334? 4800C881  bl      sub_FFEC4BB4
FFEB8338? 80410014  lwz     r2, 0x14(r1)
loc_FFEB833C:
FFEB833C? 281D0005  cmplwi  cr0, r29, 0x5
FFEB8340? 40820020  bne     loc_FFEB8360
FFEB8344? 887B0004  lbz     r3, 0x4(r27)
FFEB8348? 2C030000  cmpwi   cr0, r3, 0x0
FFEB834C? 41820014  beq     loc_FFEB8360
FFEB8350? 8062FE80  lwz     r3, -0x180(r2)
FFEB8354? 30630044  addic   r3, r3, 0x44
FFEB8358? 4800C85D  bl      sub_FFEC4BB4
FFEB835C? 80410014  lwz     r2, 0x14(r1)
loc_FFEB8360:
FFEB8360? 807C0004  lwz     r3, 0x4(r28)
FFEB8364? 38C00000  li      r6, 0x0
FFEB8368? 8883000E  lbz     r4, 0xE(r3)
FFEB836C? 39200002  li      r9, 0x2
FFEB8370? 7CA4D014  addc    r5, r4, r26
FFEB8374? 98C500D4  stb     r6, 0xD4(r5)
FFEB8378? 98C500DC  stb     r6, 0xDC(r5)
FFEB837C? 38E00001  li      r7, 0x1
FFEB8380? 98E500CC  stb     r7, 0xCC(r5)
FFEB8384? 811F0000  lwz     r8, 0x0(r31)
FFEB8388? 39400002  li      r10, 0x2
FFEB838C? 992800D0  stb     r9, 0xD0(r8)
FFEB8390? 995E0072  stb     r10, 0x72(r30)
FFEB8394? 80010070  lwz     r0, 0x70(r1)
FFEB8398? 30210068  addic   r1, r1, 0x68
FFEB839C? 7C0803A6  mtspr   LR, r0
FFEB83A0? BAE1FFDC  lmw     r23, -0x24(r1)
FFEB83A4? 4E800020  blr
FFEB83A8? 7C0802A6  mfspr   r0, LR
FFEB83AC? BF61FFEC  stmw    r27, -0x14(r1)
FFEB83B0? 90010008  stw     r0, 0x8(r1)
FFEB83B4? 9421FFB0  stwu    r1, -0x50(r1)
FFEB83B8? 609F0000  ori     r31, r4, 0x0
FFEB83BC? 80BF0000  lwz     r5, 0x0(r31)
FFEB83C0? 837F0060  lwz     r27, 0x60(r31)
FFEB83C4? 90A10038  stw     r5, 0x38(r1)
FFEB83C8? 88DF0047  lbz     r6, 0x47(r31)
FFEB83CC? 80E10038  lwz     r7, 0x38(r1)
FFEB83D0? 7CC60774  extsb   r6, r6
FFEB83D4? 98C700C0  stb     r6, 0xC0(r7)
FFEB83D8? 607D0000  ori     r29, r3, 0x0
FFEB83DC? 33C10038  addic   r30, r1, 0x38
FFEB83E0? 3B800001  li      r28, 0x1
FFEB83E4? 48000008  b       loc_FFEB83EC
loc_FFEB83E8:
FFEB83E8? 41820030  beq     loc_FFEB8418
loc_FFEB83EC:
FFEB83EC? 80BE0000  lwz     r5, 0x0(r30)
FFEB83F0? 9B850030  stb     r28, 0x30(r5)
FFEB83F4? 48008D85  bl      sub_FFEC1178
FFEB83F8? 60000000  nop
FFEB83FC? 63E30000  ori     r3, r31, 0x0
FFEB8400? 48002FC5  bl      sub_FFEBB3C4
FFEB8404? 60000000  nop
FFEB8408? 893F01B6  lbz     r9, 0x1B6(r31)
FFEB840C? 7D290774  extsb   r9, r9
FFEB8410? 5520077B  rlwinm. r0, r9, 0, 29, 29
FFEB8414? 4BFFFFD4  b       loc_FFEB83E8
loc_FFEB8418:
FFEB8418? 55250739  rlwinm. r5, r9, 0, 28, 28
FFEB841C? 41820034  beq     loc_FFEB8450
FFEB8420? 38A00002  li      r5, 0x2
FFEB8424? B0BD000A  sth     r5, 0xA(r29)
FFEB8428? 819F00D4  lwz     r12, 0xD4(r31)
FFEB842C? 63A30000  ori     r3, r29, 0x0
FFEB8430? 63E40000  ori     r4, r31, 0x0
FFEB8434? 4800C8D1  bl      sub_FFEC4D04
FFEB8438? 80410014  lwz     r2, 0x14(r1)
FFEB843C? 80010058  lwz     r0, 0x58(r1)
FFEB8440? 30210050  addic   r1, r1, 0x50
FFEB8444? 7C0803A6  mtspr   LR, r0
FFEB8448? BB61FFEC  lmw     r27, -0x14(r1)
FFEB844C? 4E800020  blr
loc_FFEB8450:
FFEB8450? 88BF01B4  lbz     r5, 0x1B4(r31)
FFEB8454? 7CA50774  extsb   r5, r5
FFEB8458? 54A5077D  rlwinm. r5, r5, 0, 29, 30
FFEB845C? 41820020  beq     loc_FFEB847C
FFEB8460? 38600001  li      r3, 0x1
FFEB8464? B07D000A  sth     r3, 0xA(r29)
FFEB8468? 80010058  lwz     r0, 0x58(r1)
FFEB846C? 30210050  addic   r1, r1, 0x50
FFEB8470? 7C0803A6  mtspr   LR, r0
FFEB8474? BB61FFEC  lmw     r27, -0x14(r1)
FFEB8478? 4E800020  blr
loc_FFEB847C:
FFEB847C? 80BE0000  lwz     r5, 0x0(r30)
FFEB8480? 38C0000D  li      r6, 0xD
FFEB8484? 98C50030  stb     r6, 0x30(r5)
FFEB8488? 48008CF1  bl      sub_FFEC1178
FFEB848C? 60000000  nop
FFEB8490? 819D0004  lwz     r12, 0x4(r29)
FFEB8494? 817E0000  lwz     r11, 0x0(r30)
FFEB8498? 880C000E  lbz     r0, 0xE(r12)
FFEB849C? 7C000774  extsb   r0, r0
FFEB84A0? 980B00C0  stb     r0, 0xC0(r11)
FFEB84A4? 819D0004  lwz     r12, 0x4(r29)
FFEB84A8? A12C0064  lhz     r9, 0x64(r12)
FFEB84AC? 2C090000  cmpwi   cr0, r9, 0x0
FFEB84B0? 4081000C  ble     loc_FFEB84BC
FFEB84B4? 2C0900FA  cmpwi   cr0, r9, 0xFA
FFEB84B8? 41800014  blt     loc_FFEB84CC
loc_FFEB84BC:
FFEB84BC? 80BE0000  lwz     r5, 0x0(r30)
FFEB84C0? 38C00019  li      r6, 0x19
FFEB84C4? 98C500F0  stb     r6, 0xF0(r5)
FFEB84C8? 48000014  b       loc_FFEB84DC
loc_FFEB84CC:
FFEB84CC? 38A0000A  li      r5, 0xA
FFEB84D0? 7CC92BD6  divw    r6, r9, r5
FFEB84D4? 80FE0000  lwz     r7, 0x0(r30)
FFEB84D8? 98C700F0  stb     r6, 0xF0(r7)
loc_FFEB84DC:
FFEB84DC? 48008C9D  bl      sub_FFEC1178
FFEB84E0? 60000000  nop
FFEB84E4? 813D0004  lwz     r9, 0x4(r29)
FFEB84E8? AB89009E  lha     r28, 0x9E(r9)
FFEB84EC? 2C1C000B  cmpwi   cr0, r28, 0xB
FFEB84F0? 40820028  bne     loc_FFEB8518
FFEB84F4? 80BE0000  lwz     r5, 0x0(r30)
FFEB84F8? 38C00022  li      r6, 0x22
FFEB84FC? 98C50030  stb     r6, 0x30(r5)
FFEB8500? 48008C79  bl      sub_FFEC1178
FFEB8504? 60000000  nop
FFEB8508? 63E30000  ori     r3, r31, 0x0
FFEB850C? 48002EB9  bl      sub_FFEBB3C4
FFEB8510? 60000000  nop
FFEB8514? 480000AC  b       loc_FFEB85C0
loc_FFEB8518:
FFEB8518? 88A9000E  lbz     r5, 0xE(r9)
FFEB851C? 7CDB2814  addc    r6, r27, r5
FFEB8520? 88E600D4  lbz     r7, 0xD4(r6)
FFEB8524? 2C070000  cmpwi   cr0, r7, 0x0
FFEB8528? 41820078  beq     loc_FFEB85A0
FFEB852C? 80BE0000  lwz     r5, 0x0(r30)
FFEB8530? 38C00022  li      r6, 0x22
FFEB8534? 98C50030  stb     r6, 0x30(r5)
FFEB8538? 48008C41  bl      sub_FFEC1178
FFEB853C? 60000000  nop
FFEB8540? 819E0000  lwz     r12, 0x0(r30)
FFEB8544? 880C00A0  lbz     r0, 0xA0(r12)
FFEB8548? 7C000775  extsb.  r0, r0
FFEB854C? 4F000000  mcrf    cr6, cr0
loc_FFEB8550:
FFEB8550? 409A0018  bne     cr6, loc_FFEB8568
FFEB8554? 80BE0000  lwz     r5, 0x0(r30)
FFEB8558? 88C500A0  lbz     r6, 0xA0(r5)
FFEB855C? 7CC60775  extsb.  r6, r6
FFEB8560? 4F000000  mcrf    cr6, cr0
FFEB8564? 4BFFFFEC  b       loc_FFEB8550
loc_FFEB8568:
FFEB8568? 80BE0000  lwz     r5, 0x0(r30)
FFEB856C? 88C500A0  lbz     r6, 0xA0(r5)
FFEB8570? 7CC60774  extsb   r6, r6
FFEB8574? 2C060001  cmpwi   cr0, r6, 0x1
FFEB8578? 40820048  bne     loc_FFEB85C0
FFEB857C? 63E30000  ori     r3, r31, 0x0
FFEB8580? 48002E45  bl      sub_FFEBB3C4
FFEB8584? 60000000  nop
FFEB8588? 63A30000  ori     r3, r29, 0x0
FFEB858C? 63E40000  ori     r4, r31, 0x0
FFEB8590? 38A00002  li      r5, 0x2
FFEB8594? 4BFFFB99  bl      sub_FFEB812C
FFEB8598? 60000000  nop
FFEB859C? 48000024  b       loc_FFEB85C0
loc_FFEB85A0:
FFEB85A0? 80BE0000  lwz     r5, 0x0(r30)
FFEB85A4? 38C00002  li      r6, 0x2
FFEB85A8? 98C50030  stb     r6, 0x30(r5)
FFEB85AC? 48008BCD  bl      sub_FFEC1178
FFEB85B0? 60000000  nop
FFEB85B4? 63E30000  ori     r3, r31, 0x0
FFEB85B8? 48002E0D  bl      sub_FFEBB3C4
FFEB85BC? 60000000  nop
loc_FFEB85C0:
FFEB85C0? 63A30000  ori     r3, r29, 0x0
FFEB85C4? 63E40000  ori     r4, r31, 0x0
FFEB85C8? 4BFFEFE9  bl      sub_FFEB75B0
FFEB85CC? 60000000  nop
FFEB85D0? 8BDF01B6  lbz     r30, 0x1B6(r31)
FFEB85D4? 7FDE0774  extsb   r30, r30
FFEB85D8? 57DE07FF  clrlwi. r30, r30, 31
FFEB85DC? 41820020  beq     loc_FFEB85FC
FFEB85E0? 38600001  li      r3, 0x1
FFEB85E4? B07D000A  sth     r3, 0xA(r29)
FFEB85E8? 80010058  lwz     r0, 0x58(r1)
FFEB85EC? 30210050  addic   r1, r1, 0x50
FFEB85F0? 7C0803A6  mtspr   LR, r0
FFEB85F4? BB61FFEC  lmw     r27, -0x14(r1)
FFEB85F8? 4E800020  blr
loc_FFEB85FC:
FFEB85FC? 889F01B4  lbz     r4, 0x1B4(r31)
FFEB8600? 7C840774  extsb   r4, r4
FFEB8604? 5484077D  rlwinm. r4, r4, 0, 29, 30
FFEB8608? 41820020  beq     loc_FFEB8628
FFEB860C? 38600001  li      r3, 0x1
FFEB8610? B07D000A  sth     r3, 0xA(r29)
FFEB8614? 80010058  lwz     r0, 0x58(r1)
FFEB8618? 30210050  addic   r1, r1, 0x50
FFEB861C? 7C0803A6  mtspr   LR, r0
FFEB8620? BB61FFEC  lmw     r27, -0x14(r1)
FFEB8624? 4E800020  blr
loc_FFEB8628:
FFEB8628? 63E30000  ori     r3, r31, 0x0
FFEB862C? 3BC00000  li      r30, 0x0
FFEB8630? 48002E49  bl      sub_FFEBB478
FFEB8634? 60000000  nop
FFEB8638? B3DD000A  sth     r30, 0xA(r29)
FFEB863C? 80010058  lwz     r0, 0x58(r1)
FFEB8640? 30210050  addic   r1, r1, 0x50
FFEB8644? 7C0803A6  mtspr   LR, r0
FFEB8648? BB61FFEC  lmw     r27, -0x14(r1)
FFEB864C? 4E800020  blr
FFEB8650? 7C0802A6  mfspr   r0, LR
FFEB8654? BF41FFE8  stmw    r26, -0x18(r1)
FFEB8658? 90010008  stw     r0, 0x8(r1)
FFEB865C? 9421FFA8  stwu    r1, -0x58(r1)
FFEB8660? 609F0000  ori     r31, r4, 0x0
FFEB8664? 33A10038  addic   r29, r1, 0x38
FFEB8668? 80BF0000  lwz     r5, 0x0(r31)
FFEB866C? 3B60000F  li      r27, 0xF
FFEB8670? 90BD0000  stw     r5, 0x0(r29)
FFEB8674? 80DD0000  lwz     r6, 0x0(r29)
FFEB8678? 607E0000  ori     r30, r3, 0x0
FFEB867C? 9B660030  stb     r27, 0x30(r6)
FFEB8680? 48008AF9  bl      sub_FFEC1178
FFEB8684? 60000000  nop
FFEB8688? 813E0004  lwz     r9, 0x4(r30)
FFEB868C? 80090014  lwz     r0, 0x14(r9)
FFEB8690? 540001CF  rlwinm. r0, r0, 0, 7, 7
FFEB8694? 4182000C  beq     loc_FFEB86A0
FFEB8698? 83890044  lwz     r28, 0x44(r9)
FFEB869C? 48000008  b       loc_FFEB86A4
loc_FFEB86A0:
FFEB86A0? 33890044  addic   r28, r9, 0x44
loc_FFEB86A4:
FFEB86A4? 80BD0000  lwz     r5, 0x0(r29)
FFEB86A8? 38C00000  li      r6, 0x0
FFEB86AC? 98C50010  stb     r6, 0x10(r5)
FFEB86B0? 80FE0004  lwz     r7, 0x4(r30)
FFEB86B4? 815D0000  lwz     r10, 0x0(r29)
FFEB86B8? 89070035  lbz     r8, 0x35(r7)
FFEB86BC? 3B400003  li      r26, 0x3
FFEB86C0? 7D080774  extsb   r8, r8
FFEB86C4? 990A0000  stb     r8, 0x0(r10)
FFEB86C8? 48008AB1  bl      sub_FFEC1178
FFEB86CC? 60000000  nop
FFEB86D0? 819D0000  lwz     r12, 0x0(r29)
FFEB86D4? 9B4C0030  stb     r26, 0x30(r12)
FFEB86D8? 48008AA1  bl      sub_FFEC1178
FFEB86DC? 60000000  nop
FFEB86E0? 819E0004  lwz     r12, 0x4(r30)
FFEB86E4? 892C0035  lbz     r9, 0x35(r12)
FFEB86E8? 2C090000  cmpwi   cr0, r9, 0x0
FFEB86EC? 41820020  beq     loc_FFEB870C
FFEB86F0? 7D2903A6  mtspr   CTR, r9
FFEB86F4? 313CFFFF  addic   r9, r28, -0x1
loc_FFEB86F8:
FFEB86F8? 8CA90001  lbzu    r5, 0x1(r9)
FFEB86FC? 80DD0000  lwz     r6, 0x0(r29)
FFEB8700? 7CA50774  extsb   r5, r5
FFEB8704? 98A60020  stb     r5, 0x20(r6)
FFEB8708? 4200FFF0  bdnz    loc_FFEB86F8
loc_FFEB870C:
FFEB870C? 48008A6D  bl      sub_FFEC1178
FFEB8710? 60000000  nop
FFEB8714? 63C30000  ori     r3, r30, 0x0
FFEB8718? 63E40000  ori     r4, r31, 0x0
FFEB871C? 4BFFEE95  bl      sub_FFEB75B0
FFEB8720? 60000000  nop
FFEB8724? 819F00F0  lwz     r12, 0xF0(r31)
FFEB8728? 807E0004  lwz     r3, 0x4(r30)
FFEB872C? 4800C5D9  bl      sub_FFEC4D04
FFEB8730? 80410014  lwz     r2, 0x14(r1)
FFEB8734? 63E30000  ori     r3, r31, 0x0
FFEB8738? 48002C8D  bl      sub_FFEBB3C4
FFEB873C? 60000000  nop
FFEB8740? 8B9F01B4  lbz     r28, 0x1B4(r31)
FFEB8744? 7F9C0774  extsb   r28, r28
FFEB8748? 579C077D  rlwinm. r28, r28, 0, 29, 30
FFEB874C? 4182004C  beq     loc_FFEB8798
FFEB8750? 807D0000  lwz     r3, 0x0(r29)
FFEB8754? 88830060  lbz     r4, 0x60(r3)
FFEB8758? 7C840775  extsb.  r4, r4
FFEB875C? 41820010  beq     loc_FFEB876C
FFEB8760? 38600005  li      r3, 0x5
FFEB8764? B07E000A  sth     r3, 0xA(r30)
FFEB8768? 4800000C  b       loc_FFEB8774
loc_FFEB876C:
FFEB876C? 38600006  li      r3, 0x6
FFEB8770? B07E000A  sth     r3, 0xA(r30)
loc_FFEB8774:
FFEB8774? 807D0000  lwz     r3, 0x0(r29)
FFEB8778? 9B630030  stb     r27, 0x30(r3)
FFEB877C? 480089FD  bl      sub_FFEC1178
FFEB8780? 60000000  nop
FFEB8784? 80010060  lwz     r0, 0x60(r1)
FFEB8788? 30210058  addic   r1, r1, 0x58
FFEB878C? 7C0803A6  mtspr   LR, r0
FFEB8790? BB41FFE8  lmw     r26, -0x18(r1)
FFEB8794? 4E800020  blr
loc_FFEB8798:
FFEB8798? 889F0072  lbz     r4, 0x72(r31)
FFEB879C? 2C040002  cmpwi   cr0, r4, 0x2
FFEB87A0? 40820030  bne     loc_FFEB87D0
FFEB87A4? 63E30000  ori     r3, r31, 0x0
FFEB87A8? 48002CD1  bl      sub_FFEBB478
FFEB87AC? 60000000  nop
FFEB87B0? 48000060  b       loc_FFEB8810
loc_FFEB87B4:
FFEB87B4? 63E30000  ori     r3, r31, 0x0
FFEB87B8? 48002CC1  bl      sub_FFEBB478
FFEB87BC? 60000000  nop
FFEB87C0? 48000050  b       loc_FFEB8810
loc_FFEB87C4:
FFEB87C4? 38600000  li      r3, 0x0
FFEB87C8? 987F01A6  stb     r3, 0x1A6(r31)
FFEB87CC? 48000044  b       loc_FFEB8810
loc_FFEB87D0:
FFEB87D0? 809E0004  lwz     r4, 0x4(r30)
FFEB87D4? 3CA08000  lis     r5, 0x8000
FFEB87D8? 81240014  lwz     r9, 0x14(r4)
FFEB87DC? 55290002  clrrwi  r9, r9, 30
FFEB87E0? 7C092800  cmpw    r9, r5
FFEB87E4? 4182FFE0  beq     loc_FFEB87C4
FFEB87E8? 3C80C000  lis     r4, 0xC000
FFEB87EC? 7C092000  cmpw    r9, r4
FFEB87F0? 4182FFC4  beq     loc_FFEB87B4
FFEB87F4? 2C090000  cmpwi   cr0, r9, 0x0
FFEB87F8? 4182FFBC  beq     loc_FFEB87B4
FFEB87FC? 3C604000  lis     r3, 0x4000
FFEB8800? 7C091800  cmpw    r9, r3
FFEB8804? 4082000C  bne     loc_FFEB8810
FFEB8808? 38600001  li      r3, 0x1
FFEB880C? 987F01A6  stb     r3, 0x1A6(r31)
loc_FFEB8810:
FFEB8810? 38600000  li      r3, 0x0
FFEB8814? B07E000A  sth     r3, 0xA(r30)
FFEB8818? 80010060  lwz     r0, 0x60(r1)
FFEB881C? 30210058  addic   r1, r1, 0x58
FFEB8820? 7C0803A6  mtspr   LR, r0
FFEB8824? BB41FFE8  lmw     r26, -0x18(r1)
FFEB8828? 4E800020  blr

sub_FFEB882C:
FFEB882C? 7C0802A6  mfspr   r0, LR
FFEB8830? BEC1FFD8  stmw    r22, -0x28(r1)
FFEB8834? 90010008  stw     r0, 0x8(r1)
FFEB8838? 9421FF98  stwu    r1, -0x68(r1)
FFEB883C? 609C0000  ori     r28, r4, 0x0
FFEB8840? 80BC0000  lwz     r5, 0x0(r28)
FFEB8844? 607D0000  ori     r29, r3, 0x0
FFEB8848? 8362FDB4  lwz     r27, -0x24C(r2)
FFEB884C? 33C10038  addic   r30, r1, 0x38
FFEB8850? 33E1003C  addic   r31, r1, 0x3C
FFEB8854? 90A1003C  stw     r5, 0x3C(r1)
loc_FFEB8858:
FFEB8858? 88BC01A6  lbz     r5, 0x1A6(r28)
FFEB885C? 2805000B  cmplwi  cr0, r5, 0xB
FFEB8860? 4181FFF8  bgt     loc_FFEB8858
FFEB8864? 54A6103A  slwi    r6, r5, 2
FFEB8868? 7CDB302E  lwzx    r6, r27, r6
FFEB886C? 7CDB3014  addc    r6, r27, r6
FFEB8870? 7CC803A6  mtspr   LR, r6
FFEB8874? 4E800020  blr
FFEB8878? 80BF0000  lwz     r5, 0x0(r31)
FFEB887C? 38C00010  li      r6, 0x10
FFEB8880? 98C50000  stb     r6, 0x0(r5)
FFEB8884? 80FF0000  lwz     r7, 0x0(r31)
FFEB8888? 39400000  li      r10, 0x0
FFEB888C? 99470010  stb     r10, 0x10(r7)
FFEB8890? 3B400005  li      r26, 0x5
FFEB8894? 480088E5  bl      sub_FFEC1178
FFEB8898? 60000000  nop
FFEB889C? 819F0000  lwz     r12, 0x0(r31)
FFEB88A0? 9B4C0030  stb     r26, 0x30(r12)
FFEB88A4? 480088D5  bl      sub_FFEC1178
FFEB88A8? 60000000  nop
FFEB88AC? 39200000  li      r9, 0x0
FFEB88B0? 3900FFEE  li      r8, -0x12
FFEB88B4? 48000008  b       loc_FFEB88BC
loc_FFEB88B8:
FFEB88B8? 4080001C  bge     loc_FFEB88D4
loc_FFEB88BC:
FFEB88BC? 80BF0000  lwz     r5, 0x0(r31)
FFEB88C0? 30C90001  addic   r6, r9, 0x1
FFEB88C4? 54C9043E  clrlwi  r9, r6, 16
FFEB88C8? 99050020  stb     r8, 0x20(r5)
FFEB88CC? 2C090010  cmpwi   cr0, r9, 0x10
FFEB88D0? 4BFFFFE8  b       loc_FFEB88B8
loc_FFEB88D4:
FFEB88D4? 480088A5  bl      sub_FFEC1178
FFEB88D8? 60000000  nop
FFEB88DC? 819F0000  lwz     r12, 0x0(r31)
FFEB88E0? 880C00A0  lbz     r0, 0xA0(r12)
FFEB88E4? 7C000775  extsb.  r0, r0
FFEB88E8? 4F000000  mcrf    cr6, cr0
loc_FFEB88EC:
FFEB88EC? 409A0018  bne     cr6, loc_FFEB8904
FFEB88F0? 80BF0000  lwz     r5, 0x0(r31)
FFEB88F4? 88C500A0  lbz     r6, 0xA0(r5)
FFEB88F8? 7CC60775  extsb.  r6, r6
FFEB88FC? 4F000000  mcrf    cr6, cr0
FFEB8900? 4BFFFFEC  b       loc_FFEB88EC
loc_FFEB8904:
FFEB8904? 63830000  ori     r3, r28, 0x0
FFEB8908? 48002ABD  bl      sub_FFEBB3C4
FFEB890C? 60000000  nop
FFEB8910? 881C01B6  lbz     r0, 0x1B6(r28)
FFEB8914? 7C000775  extsb.  r0, r0
FFEB8918? 4182FF40  beq     loc_FFEB8858
FFEB891C? 80BF0000  lwz     r5, 0x0(r31)
FFEB8920? 38C0000F  li      r6, 0xF
FFEB8924? 98C50030  stb     r6, 0x30(r5)
FFEB8928? 48008851  bl      sub_FFEC1178
FFEB892C? 60000000  nop
FFEB8930? 4BFFFF28  b       loc_FFEB8858
FFEB8934? 80BF0000  lwz     r5, 0x0(r31)
FFEB8938? 38C00001  li      r6, 0x1
FFEB893C? 98C50000  stb     r6, 0x0(r5)
FFEB8940? 80FF0000  lwz     r7, 0x0(r31)
FFEB8944? 39000000  li      r8, 0x0
FFEB8948? 99070010  stb     r8, 0x10(r7)
FFEB894C? 3B400006  li      r26, 0x6
FFEB8950? 48008829  bl      sub_FFEC1178
FFEB8954? 60000000  nop
FFEB8958? 819F0000  lwz     r12, 0x0(r31)
FFEB895C? 9B4C0030  stb     r26, 0x30(r12)
FFEB8960? 48008819  bl      sub_FFEC1178
FFEB8964? 60000000  nop
FFEB8968? 819F0000  lwz     r12, 0x0(r31)
FFEB896C? 880C00A0  lbz     r0, 0xA0(r12)
FFEB8970? 7C000775  extsb.  r0, r0
FFEB8974? 4F000000  mcrf    cr6, cr0
loc_FFEB8978:
FFEB8978? 409A0044  bne     cr6, loc_FFEB89BC
FFEB897C? 80BF0000  lwz     r5, 0x0(r31)
FFEB8980? 88C50060  lbz     r6, 0x60(r5)
FFEB8984? 7CC60775  extsb.  r6, r6
FFEB8988? 41820020  beq     loc_FFEB89A8
FFEB898C? 80BF0000  lwz     r5, 0x0(r31)
FFEB8990? 88C50020  lbz     r6, 0x20(r5)
FFEB8994? 7CC60774  extsb   r6, r6
FFEB8998? 54C6063E  clrlwi  r6, r6, 24
FFEB899C? 98DE0000  stb     r6, 0x0(r30)
FFEB89A0? 480087D9  bl      sub_FFEC1178
FFEB89A4? 60000000  nop
loc_FFEB89A8:
FFEB89A8? 80BF0000  lwz     r5, 0x0(r31)
FFEB89AC? 88C500A0  lbz     r6, 0xA0(r5)
FFEB89B0? 7CC60775  extsb.  r6, r6
FFEB89B4? 4F000000  mcrf    cr6, cr0
FFEB89B8? 4BFFFFC0  b       loc_FFEB8978
loc_FFEB89BC:
FFEB89BC? 63830000  ori     r3, r28, 0x0
FFEB89C0? 48002A05  bl      sub_FFEBB3C4
FFEB89C4? 60000000  nop
FFEB89C8? 881C01A6  lbz     r0, 0x1A6(r28)
FFEB89CC? 2C000001  cmpwi   cr0, r0, 0x1
FFEB89D0? 4182FE88  beq     loc_FFEB8858
FFEB89D4? 80BF0000  lwz     r5, 0x0(r31)
FFEB89D8? 88C50060  lbz     r6, 0x60(r5)
FFEB89DC? 7CC60775  extsb.  r6, r6
FFEB89E0? 4182FE78  beq     loc_FFEB8858
loc_FFEB89E4:
FFEB89E4? 418201FC  beq     loc_FFEB8BE0
FFEB89E8? 80BF0000  lwz     r5, 0x0(r31)
FFEB89EC? 88C50020  lbz     r6, 0x20(r5)
FFEB89F0? 7CC60774  extsb   r6, r6
FFEB89F4? 54C6063E  clrlwi  r6, r6, 24
FFEB89F8? 98DE0000  stb     r6, 0x0(r30)
FFEB89FC? 80FD0004  lwz     r7, 0x4(r29)
FFEB8A00? 81070040  lwz     r8, 0x40(r7)
FFEB8A04? 3108FFFF  addic   r8, r8, -0x1
FFEB8A08? 91070040  stw     r8, 0x40(r7)
FFEB8A0C? 4800876D  bl      sub_FFEC1178
FFEB8A10? 60000000  nop
FFEB8A14? 819F0000  lwz     r12, 0x0(r31)
FFEB8A18? 880C0060  lbz     r0, 0x60(r12)
FFEB8A1C? 7C000775  extsb.  r0, r0
FFEB8A20? 4BFFFFC4  b       loc_FFEB89E4
FFEB8A24? 80BF0000  lwz     r5, 0x0(r31)
FFEB8A28? 3B40000F  li      r26, 0xF
FFEB8A2C? 9B450030  stb     r26, 0x30(r5)
FFEB8A30? 3B200001  li      r25, 0x1
FFEB8A34? 3B000000  li      r24, 0x0
FFEB8A38? 3AE00003  li      r23, 0x3
FFEB8A3C? 3AC0FFEE  li      r22, -0x12
FFEB8A40? 48008739  bl      sub_FFEC1178
FFEB8A44? 60000000  nop
FFEB8A48? 819F0000  lwz     r12, 0x0(r31)
FFEB8A4C? 9B2C0000  stb     r25, 0x0(r12)
FFEB8A50? 819F0000  lwz     r12, 0x0(r31)
FFEB8A54? 9B0C0010  stb     r24, 0x10(r12)
FFEB8A58? 48008721  bl      sub_FFEC1178
FFEB8A5C? 60000000  nop
FFEB8A60? 819F0000  lwz     r12, 0x0(r31)
FFEB8A64? 9AEC0030  stb     r23, 0x30(r12)
FFEB8A68? 48008711  bl      sub_FFEC1178
FFEB8A6C? 60000000  nop
FFEB8A70? 819F0000  lwz     r12, 0x0(r31)
FFEB8A74? 9ACC0020  stb     r22, 0x20(r12)
FFEB8A78? 48008701  bl      sub_FFEC1178
FFEB8A7C? 60000000  nop
FFEB8A80? 63830000  ori     r3, r28, 0x0
FFEB8A84? 48002941  bl      sub_FFEBB3C4
FFEB8A88? 60000000  nop
FFEB8A8C? 819F0000  lwz     r12, 0x0(r31)
FFEB8A90? 9B4C0030  stb     r26, 0x30(r12)
FFEB8A94? 480086E5  bl      sub_FFEC1178
FFEB8A98? 60000000  nop
FFEB8A9C? 4BFFFDBC  b       loc_FFEB8858
FFEB8AA0? 80BF0000  lwz     r5, 0x0(r31)
FFEB8AA4? 3B400000  li      r26, 0x0
FFEB8AA8? 9B450040  stb     r26, 0x40(r5)
FFEB8AAC? 3B20000F  li      r25, 0xF
FFEB8AB0? 3B000001  li      r24, 0x1
FFEB8AB4? 3AE00007  li      r23, 0x7
FFEB8AB8? 3AC00008  li      r22, 0x8
FFEB8ABC? 480086BD  bl      sub_FFEC1178
FFEB8AC0? 60000000  nop
FFEB8AC4? 819F0000  lwz     r12, 0x0(r31)
FFEB8AC8? 9B2C0030  stb     r25, 0x30(r12)
FFEB8ACC? 480086AD  bl      sub_FFEC1178
FFEB8AD0? 60000000  nop
FFEB8AD4? 819F0000  lwz     r12, 0x0(r31)
FFEB8AD8? 9B0C0000  stb     r24, 0x0(r12)
FFEB8ADC? 819F0000  lwz     r12, 0x0(r31)
FFEB8AE0? 9B4C0010  stb     r26, 0x10(r12)
FFEB8AE4? 48008695  bl      sub_FFEC1178
FFEB8AE8? 60000000  nop
FFEB8AEC? 819F0000  lwz     r12, 0x0(r31)
FFEB8AF0? 9AEC0030  stb     r23, 0x30(r12)
FFEB8AF4? 48008685  bl      sub_FFEC1178
FFEB8AF8? 60000000  nop
FFEB8AFC? 819F0000  lwz     r12, 0x0(r31)
FFEB8B00? 9ACC0020  stb     r22, 0x20(r12)
FFEB8B04? 48008675  bl      sub_FFEC1178
FFEB8B08? 60000000  nop
FFEB8B0C? 63830000  ori     r3, r28, 0x0
FFEB8B10? 480028B5  bl      sub_FFEBB3C4
FFEB8B14? 60000000  nop
FFEB8B18? 819F0000  lwz     r12, 0x0(r31)
FFEB8B1C? 9B2C0030  stb     r25, 0x30(r12)
FFEB8B20? 48008659  bl      sub_FFEC1178
FFEB8B24? 60000000  nop
FFEB8B28? 4BFFFD30  b       loc_FFEB8858
FFEB8B2C? 80BF0000  lwz     r5, 0x0(r31)
FFEB8B30? 38C0000F  li      r6, 0xF
FFEB8B34? 98C50030  stb     r6, 0x30(r5)
FFEB8B38? 3B400001  li      r26, 0x1
FFEB8B3C? 3B200000  li      r25, 0x0
FFEB8B40? 3B000008  li      r24, 0x8
FFEB8B44? 48008635  bl      sub_FFEC1178
FFEB8B48? 60000000  nop
FFEB8B4C? 819F0000  lwz     r12, 0x0(r31)
FFEB8B50? 9B4C0000  stb     r26, 0x0(r12)
FFEB8B54? 819F0000  lwz     r12, 0x0(r31)
FFEB8B58? 9B2C0010  stb     r25, 0x10(r12)
FFEB8B5C? 4800861D  bl      sub_FFEC1178
FFEB8B60? 60000000  nop
FFEB8B64? 819F0000  lwz     r12, 0x0(r31)
FFEB8B68? 9B0C0030  stb     r24, 0x30(r12)
FFEB8B6C? 4800860D  bl      sub_FFEC1178
FFEB8B70? 60000000  nop
FFEB8B74? 819F0000  lwz     r12, 0x0(r31)
FFEB8B78? 880C0060  lbz     r0, 0x60(r12)
FFEB8B7C? 7C000775  extsb.  r0, r0
FFEB8B80? 4F000000  mcrf    cr6, cr0
loc_FFEB8B84:
FFEB8B84? 419A0034  beq     cr6, loc_FFEB8BB8
FFEB8B88? 80BF0000  lwz     r5, 0x0(r31)
FFEB8B8C? 88C50020  lbz     r6, 0x20(r5)
FFEB8B90? 7CC60774  extsb   r6, r6
FFEB8B94? 54C6063E  clrlwi  r6, r6, 24
FFEB8B98? 98DE0000  stb     r6, 0x0(r30)
FFEB8B9C? 480085DD  bl      sub_FFEC1178
FFEB8BA0? 60000000  nop
FFEB8BA4? 835F0000  lwz     r26, 0x0(r31)
FFEB8BA8? 8B3A0060  lbz     r25, 0x60(r26)
FFEB8BAC? 7F390775  extsb.  r25, r25
FFEB8BB0? 4F000000  mcrf    cr6, cr0
FFEB8BB4? 4BFFFFD0  b       loc_FFEB8B84
loc_FFEB8BB8:
FFEB8BB8? 63830000  ori     r3, r28, 0x0
FFEB8BBC? 48002809  bl      sub_FFEBB3C4
FFEB8BC0? 60000000  nop
FFEB8BC4? 4BFFFC94  b       loc_FFEB8858
FFEB8BC8? 819C00B0  lwz     r12, 0xB0(r28)
FFEB8BCC? 63A30000  ori     r3, r29, 0x0
FFEB8BD0? 63840000  ori     r4, r28, 0x0
FFEB8BD4? 4800C131  bl      sub_FFEC4D04
FFEB8BD8? 80410014  lwz     r2, 0x14(r1)
FFEB8BDC? 4BFFFC7C  b       loc_FFEB8858
loc_FFEB8BE0:
FFEB8BE0? 4BFFFC78  b       loc_FFEB8858
FFEB8BE4? 80010070  lwz     r0, 0x70(r1)
FFEB8BE8? 30210068  addic   r1, r1, 0x68
FFEB8BEC? 7C0803A6  mtspr   LR, r0
FFEB8BF0? BAC1FFD8  lmw     r22, -0x28(r1)
FFEB8BF4? 4E800020  blr
FFEB8BF8d FFFFFC80  .long   0xFFFFFC80                         ; -> 68k emulator opcode dispatch table
FFEB8BFCd FFFFFD3C  .long   0xFFFFFD3C                         ; -> 68k emulator opcode dispatch table
FFEB8C00d FFFFFE2C  .long   0xFFFFFE2C                         ; -> 68k emulator opcode dispatch table
FFEB8C04d FFFFFFEC  .long   0xFFFFFFEC                         ; -> 68k emulator opcode dispatch table
FFEB8C08d FFFFFC60  .long   0xFFFFFC60                         ; -> 68k emulator opcode dispatch table
FFEB8C0Cd FFFFFC60  .long   0xFFFFFC60                         ; -> 68k emulator opcode dispatch table
FFEB8C10d FFFFFEA8  .long   0xFFFFFEA8                         ; -> 68k emulator opcode dispatch table
FFEB8C14d FFFFFF34  .long   0xFFFFFF34                         ; -> 68k emulator opcode dispatch table
FFEB8C18d FFFFFFEC  .long   0xFFFFFFEC                         ; -> 68k emulator opcode dispatch table
FFEB8C1Cd FFFFFC60  .long   0xFFFFFC60                         ; -> 68k emulator opcode dispatch table
FFEB8C20d FFFFFC60  .long   0xFFFFFC60                         ; -> 68k emulator opcode dispatch table
FFEB8C24d FFFFFFD0  .long   0xFFFFFFD0                         ; -> 68k emulator opcode dispatch table
FFEB8C28d FFFFFC60  .long   0xFFFFFC60                         ; -> 68k emulator opcode dispatch table
FFEB8C2C? 7C0802A6  mfspr   r0, LR
FFEB8C30? BF41FFE8  stmw    r26, -0x18(r1)
FFEB8C34? 90010008  stw     r0, 0x8(r1)
FFEB8C38? 9421FFA8  stwu    r1, -0x58(r1)
FFEB8C3C? 609E0000  ori     r30, r4, 0x0
FFEB8C40? 80BE0000  lwz     r5, 0x0(r30)
FFEB8C44? 607D0000  ori     r29, r3, 0x0
FFEB8C48? 90A10038  stw     r5, 0x38(r1)
FFEB8C4C? 80C10038  lwz     r6, 0x38(r1)
FFEB8C50? 33E10038  addic   r31, r1, 0x38
FFEB8C54? 88E60040  lbz     r7, 0x40(r6)
FFEB8C58? 7CE70774  extsb   r7, r7
FFEB8C5C? 54E70738  rlwinm  r7, r7, 0, 28, 28
FFEB8C60? 2C070008  cmpwi   cr0, r7, 0x8
FFEB8C64? 40820018  bne     loc_FFEB8C7C
FFEB8C68? 80BF0000  lwz     r5, 0x0(r31)
FFEB8C6C? 38C00000  li      r6, 0x0
FFEB8C70? 98C50040  stb     r6, 0x40(r5)
FFEB8C74? 48008505  bl      sub_FFEC1178
FFEB8C78? 60000000  nop
loc_FFEB8C7C:
FFEB8C7C? 3B800000  li      r28, 0x0
FFEB8C80? 9B9E009C  stb     r28, 0x9C(r30)
FFEB8C84? 893E01A6  lbz     r9, 0x1A6(r30)
FFEB8C88? 2C090003  cmpwi   cr0, r9, 0x3
FFEB8C8C? 41820018  beq     loc_FFEB8CA4
FFEB8C90? 63A30000  ori     r3, r29, 0x0
FFEB8C94? 63C40000  ori     r4, r30, 0x0
FFEB8C98? 4BFFFB95  bl      sub_FFEB882C
FFEB8C9C? 60000000  nop
FFEB8CA0? 893E01A6  lbz     r9, 0x1A6(r30)
loc_FFEB8CA4:
FFEB8CA4? 2C090008  cmpwi   cr0, r9, 0x8
FFEB8CA8? 40820030  bne     loc_FFEB8CD8
FFEB8CAC? 807D0004  lwz     r3, 0x4(r29)
FFEB8CB0? 38A0E114  li      r5, -0x1EEC
FFEB8CB4? 9B83003C  stb     r28, 0x3C(r3)
FFEB8CB8? 809D0004  lwz     r4, 0x4(r29)
FFEB8CBC? 9B8400A2  stb     r28, 0xA2(r4)
FFEB8CC0? B0BD000A  sth     r5, 0xA(r29)
FFEB8CC4? 80010060  lwz     r0, 0x60(r1)
FFEB8CC8? 30210058  addic   r1, r1, 0x58
FFEB8CCC? 7C0803A6  mtspr   LR, r0
FFEB8CD0? BB41FFE8  lmw     r26, -0x18(r1)
FFEB8CD4? 4E800020  blr
loc_FFEB8CD8:
FFEB8CD8? 809F0000  lwz     r4, 0x0(r31)
FFEB8CDC? 3B600001  li      r27, 0x1
FFEB8CE0? 9B640000  stb     r27, 0x0(r4)
FFEB8CE4? 80BF0000  lwz     r5, 0x0(r31)
FFEB8CE8? 3B800000  li      r28, 0x0
FFEB8CEC? 9B850010  stb     r28, 0x10(r5)
FFEB8CF0? 3B400004  li      r26, 0x4
FFEB8CF4? 48008485  bl      sub_FFEC1178
FFEB8CF8? 60000000  nop
FFEB8CFC? 819F0000  lwz     r12, 0x0(r31)
FFEB8D00? 9B4C0030  stb     r26, 0x30(r12)
FFEB8D04? 48008475  bl      sub_FFEC1178
FFEB8D08? 60000000  nop
FFEB8D0C? 63C30000  ori     r3, r30, 0x0
FFEB8D10? 480026B5  bl      sub_FFEBB3C4
FFEB8D14? 60000000  nop
FFEB8D18? 819F0000  lwz     r12, 0x0(r31)
FFEB8D1C? 880C0060  lbz     r0, 0x60(r12)
FFEB8D20? 7C000775  extsb.  r0, r0
FFEB8D24? 41820024  beq     loc_FFEB8D48
FFEB8D28? 809F0000  lwz     r4, 0x0(r31)
FFEB8D2C? 80DD0004  lwz     r6, 0x4(r29)
FFEB8D30? 88A40020  lbz     r5, 0x20(r4)
FFEB8D34? 7CA50774  extsb   r5, r5
FFEB8D38? 54A5063E  clrlwi  r5, r5, 24
FFEB8D3C? 98A6003C  stb     r5, 0x3C(r6)
FFEB8D40? 48008439  bl      sub_FFEC1178
FFEB8D44? 60000000  nop
loc_FFEB8D48:
FFEB8D48? 809F0000  lwz     r4, 0x0(r31)
FFEB8D4C? 88A400A0  lbz     r5, 0xA0(r4)
FFEB8D50? 7CA50775  extsb.  r5, r5
FFEB8D54? 41820018  beq     loc_FFEB8D6C
FFEB8D58? 809F0000  lwz     r4, 0x0(r31)
FFEB8D5C? 38A00007  li      r5, 0x7
FFEB8D60? 98A400A0  stb     r5, 0xA0(r4)
FFEB8D64? 48008415  bl      sub_FFEC1178
FFEB8D68? 60000000  nop
loc_FFEB8D6C:
FFEB8D6C? 809F0000  lwz     r4, 0x0(r31)
FFEB8D70? 3B400008  li      r26, 0x8
FFEB8D74? 9B640000  stb     r27, 0x0(r4)
FFEB8D78? 80BF0000  lwz     r5, 0x0(r31)
FFEB8D7C? 9B850010  stb     r28, 0x10(r5)
FFEB8D80? 480083F9  bl      sub_FFEC1178
FFEB8D84? 60000000  nop
FFEB8D88? 819F0000  lwz     r12, 0x0(r31)
FFEB8D8C? 9B4C0030  stb     r26, 0x30(r12)
FFEB8D90? 480083E9  bl      sub_FFEC1178
FFEB8D94? 60000000  nop
FFEB8D98? 63C30000  ori     r3, r30, 0x0
FFEB8D9C? 48002629  bl      sub_FFEBB3C4
FFEB8DA0? 60000000  nop
FFEB8DA4? 881E01B4  lbz     r0, 0x1B4(r30)
FFEB8DA8? 7C000774  extsb   r0, r0
FFEB8DAC? 5400077D  rlwinm. r0, r0, 0, 29, 30
FFEB8DB0? 41820020  beq     loc_FFEB8DD0
FFEB8DB4? 3860E114  li      r3, -0x1EEC
FFEB8DB8? B07D000A  sth     r3, 0xA(r29)
FFEB8DBC? 80010060  lwz     r0, 0x60(r1)
FFEB8DC0? 30210058  addic   r1, r1, 0x58
FFEB8DC4? 7C0803A6  mtspr   LR, r0
FFEB8DC8? BB41FFE8  lmw     r26, -0x18(r1)
FFEB8DCC? 4E800020  blr
loc_FFEB8DD0:
FFEB8DD0? 809F0000  lwz     r4, 0x0(r31)
FFEB8DD4? 88A40060  lbz     r5, 0x60(r4)
FFEB8DD8? 7CA50775  extsb.  r5, r5
FFEB8DDC? 41820024  beq     loc_FFEB8E00
FFEB8DE0? 809F0000  lwz     r4, 0x0(r31)
FFEB8DE4? 80DD0004  lwz     r6, 0x4(r29)
FFEB8DE8? 88A40020  lbz     r5, 0x20(r4)
FFEB8DEC? 7CA50774  extsb   r5, r5
FFEB8DF0? 54A5063E  clrlwi  r5, r5, 24
FFEB8DF4? 98A600A2  stb     r5, 0xA2(r6)
FFEB8DF8? 48008381  bl      sub_FFEC1178
FFEB8DFC? 60000000  nop
loc_FFEB8E00:
FFEB8E00? 809F0000  lwz     r4, 0x0(r31)
FFEB8E04? 88A400A0  lbz     r5, 0xA0(r4)
FFEB8E08? 7CA50775  extsb.  r5, r5
FFEB8E0C? 41820018  beq     loc_FFEB8E24
FFEB8E10? 809F0000  lwz     r4, 0x0(r31)
FFEB8E14? 38A00007  li      r5, 0x7
FFEB8E18? 98A400A0  stb     r5, 0xA0(r4)
FFEB8E1C? 4800835D  bl      sub_FFEC1178
FFEB8E20? 60000000  nop
loc_FFEB8E24:
FFEB8E24? 809F0000  lwz     r4, 0x0(r31)
FFEB8E28? 38A00009  li      r5, 0x9
FFEB8E2C? 98A40030  stb     r5, 0x30(r4)
FFEB8E30? 3B800008  li      r28, 0x8
FFEB8E34? 3B600000  li      r27, 0x0
FFEB8E38? 48008341  bl      sub_FFEC1178
FFEB8E3C? 60000000  nop
FFEB8E40? 63C30000  ori     r3, r30, 0x0
FFEB8E44? 48002581  bl      sub_FFEBB3C4
FFEB8E48? 60000000  nop
FFEB8E4C? 9B9E01A6  stb     r28, 0x1A6(r30)
FFEB8E50? B37D000A  sth     r27, 0xA(r29)
FFEB8E54? 80010060  lwz     r0, 0x60(r1)
FFEB8E58? 30210058  addic   r1, r1, 0x58
FFEB8E5C? 7C0803A6  mtspr   LR, r0
FFEB8E60? BB41FFE8  lmw     r26, -0x18(r1)
FFEB8E64? 4E800020  blr
FFEB8E68? 7C0802A6  mfspr   r0, LR
FFEB8E6C? BF01FFE0  stmw    r24, -0x20(r1)
FFEB8E70? 90010008  stw     r0, 0x8(r1)
FFEB8E74? 9421FFA0  stwu    r1, -0x60(r1)
FFEB8E78? 609E0000  ori     r30, r4, 0x0
FFEB8E7C? 88BE01A6  lbz     r5, 0x1A6(r30)
FFEB8E80? 80DE0000  lwz     r6, 0x0(r30)
FFEB8E84? 2C050007  cmpwi   cr0, r5, 0x7
FFEB8E88? 90C10038  stw     r6, 0x38(r1)
FFEB8E8C? 607F0000  ori     r31, r3, 0x0
FFEB8E90? 33A10038  addic   r29, r1, 0x38
FFEB8E94? 41820114  beq     loc_FFEB8FA8
FFEB8E98? 80010068  lwz     r0, 0x68(r1)
FFEB8E9C? 30210060  addic   r1, r1, 0x60
FFEB8EA0? 7C0803A6  mtspr   LR, r0
FFEB8EA4? BB01FFE0  lmw     r24, -0x20(r1)
FFEB8EA8? 4E800020  blr
loc_FFEB8EAC:
FFEB8EAC? 819E00B0  lwz     r12, 0xB0(r30)
FFEB8EB0? 63E30000  ori     r3, r31, 0x0
FFEB8EB4? 63C40000  ori     r4, r30, 0x0
FFEB8EB8? 4800BE4D  bl      sub_FFEC4D04
FFEB8EBC? 80410014  lwz     r2, 0x14(r1)
FFEB8EC0? 819E00D0  lwz     r12, 0xD0(r30)
FFEB8EC4? 63E30000  ori     r3, r31, 0x0
FFEB8EC8? 63C40000  ori     r4, r30, 0x0
FFEB8ECC? 4800BE39  bl      sub_FFEC4D04
FFEB8ED0? 80410014  lwz     r2, 0x14(r1)
FFEB8ED4? 480001AC  b       loc_FFEB9080
loc_FFEB8ED8:
FFEB8ED8? 57850636  rlwinm  r5, r28, 0, 24, 27
FFEB8EDC? 2C050020  cmpwi   cr0, r5, 0x20
FFEB8EE0? 408200DC  bne     loc_FFEB8FBC
FFEB8EE4? 819E00B0  lwz     r12, 0xB0(r30)
FFEB8EE8? 63E30000  ori     r3, r31, 0x0
FFEB8EEC? 63C40000  ori     r4, r30, 0x0
FFEB8EF0? 4800BE15  bl      sub_FFEC4D04
FFEB8EF4? 80410014  lwz     r2, 0x14(r1)
FFEB8EF8? 881F0012  lbz     r0, 0x12(r31)
FFEB8EFC? 31600001  addic   r11, r0, 0x1
FFEB8F00? 997F0012  stb     r11, 0x12(r31)
FFEB8F04? 7D7F0014  addc    r11, r31, r0
FFEB8F08? 9B8B0014  stb     r28, 0x14(r11)
FFEB8F0C? 881E01A6  lbz     r0, 0x1A6(r30)
FFEB8F10? 2C000007  cmpwi   cr0, r0, 0x7
FFEB8F14? 408200AC  bne     loc_FFEB8FC0
FFEB8F18? 80BD0000  lwz     r5, 0x0(r29)
FFEB8F1C? 9B250000  stb     r25, 0x0(r5)
FFEB8F20? 80DD0000  lwz     r6, 0x0(r29)
FFEB8F24? 9B660010  stb     r27, 0x10(r6)
FFEB8F28? 48008251  bl      sub_FFEC1178
FFEB8F2C? 60000000  nop
FFEB8F30? 819D0000  lwz     r12, 0x0(r29)
FFEB8F34? 9B4C0030  stb     r26, 0x30(r12)
FFEB8F38? 48008241  bl      sub_FFEC1178
FFEB8F3C? 60000000  nop
FFEB8F40? 63C30000  ori     r3, r30, 0x0
FFEB8F44? 48002481  bl      sub_FFEBB3C4
FFEB8F48? 60000000  nop
FFEB8F4C? 881E01B5  lbz     r0, 0x1B5(r30)
FFEB8F50? 7C000775  extsb.  r0, r0
FFEB8F54? 4082012C  bne     loc_FFEB9080
FFEB8F58? 88BE01B6  lbz     r5, 0x1B6(r30)
FFEB8F5C? 7CA50775  extsb.  r5, r5
FFEB8F60? 40820120  bne     loc_FFEB9080
FFEB8F64? 887F0012  lbz     r3, 0x12(r31)
FFEB8F68? 30830001  addic   r4, r3, 0x1
FFEB8F6C? 989F0012  stb     r4, 0x12(r31)
FFEB8F70? 7CA3F814  addc    r5, r3, r31
FFEB8F74? 9B850014  stb     r28, 0x14(r5)
loc_FFEB8F78:
FFEB8F78? 887F0012  lbz     r3, 0x12(r31)
FFEB8F7C? 38C0000B  li      r6, 0xB
FFEB8F80? 30830001  addic   r4, r3, 0x1
FFEB8F84? 989F0012  stb     r4, 0x12(r31)
FFEB8F88? 7CBF1814  addc    r5, r31, r3
FFEB8F8C? 9B850014  stb     r28, 0x14(r5)
FFEB8F90? 98DE01A6  stb     r6, 0x1A6(r30)
FFEB8F94? 80010068  lwz     r0, 0x68(r1)
FFEB8F98? 30210060  addic   r1, r1, 0x60
FFEB8F9C? 7C0803A6  mtspr   LR, r0
FFEB8FA0? BB01FFE0  lmw     r24, -0x20(r1)
FFEB8FA4? 4E800020  blr
loc_FFEB8FA8:
FFEB8FA8? 3B000000  li      r24, 0x0
FFEB8FAC? 3B200001  li      r25, 0x1
FFEB8FB0? 3B600000  li      r27, 0x0
FFEB8FB4? 3B400008  li      r26, 0x8
FFEB8FB8? 48000034  b       loc_FFEB8FEC
loc_FFEB8FBC:
FFEB8FBC? 4BFFFFBC  b       loc_FFEB8F78
loc_FFEB8FC0:
FFEB8FC0? 80010068  lwz     r0, 0x68(r1)
FFEB8FC4? 30210060  addic   r1, r1, 0x60
FFEB8FC8? 7C0803A6  mtspr   LR, r0
FFEB8FCC? BB01FFE0  lmw     r24, -0x20(r1)
FFEB8FD0? 4E800020  blr
loc_FFEB8FD4:
FFEB8FD4? 80010068  lwz     r0, 0x68(r1)
FFEB8FD8? 30210060  addic   r1, r1, 0x60
FFEB8FDC? 7C0803A6  mtspr   LR, r0
FFEB8FE0? BB01FFE0  lmw     r24, -0x20(r1)
FFEB8FE4? 4E800020  blr
loc_FFEB8FE8:
FFEB8FE8? 4082FFEC  bne     loc_FFEB8FD4
loc_FFEB8FEC:
FFEB8FEC? 9B1F0012  stb     r24, 0x12(r31)
FFEB8FF0? 80BD0000  lwz     r5, 0x0(r29)
FFEB8FF4? 9B250000  stb     r25, 0x0(r5)
FFEB8FF8? 80DD0000  lwz     r6, 0x0(r29)
FFEB8FFC? 9B660010  stb     r27, 0x10(r6)
FFEB9000? 48008179  bl      sub_FFEC1178
FFEB9004? 60000000  nop
FFEB9008? 819D0000  lwz     r12, 0x0(r29)
FFEB900C? 9B4C0030  stb     r26, 0x30(r12)
FFEB9010? 48008169  bl      sub_FFEC1178
FFEB9014? 60000000  nop
FFEB9018? 63C30000  ori     r3, r30, 0x0
FFEB901C? 480023A9  bl      sub_FFEBB3C4
FFEB9020? 60000000  nop
FFEB9024? 819D0000  lwz     r12, 0x0(r29)
FFEB9028? 8B8C0020  lbz     r28, 0x20(r12)
FFEB902C? 7F9C0774  extsb   r28, r28
FFEB9030? 579C063E  clrlwi  r28, r28, 24
FFEB9034? 48008145  bl      sub_FFEC1178
FFEB9038? 60000000  nop
FFEB903C? 2C1C0002  cmpwi   cr0, r28, 0x2
FFEB9040? 41820018  beq     loc_FFEB9058
FFEB9044? 2C1C0003  cmpwi   cr0, r28, 0x3
FFEB9048? 4182FE64  beq     loc_FFEB8EAC
FFEB904C? 2C1C0001  cmpwi   cr0, r28, 0x1
FFEB9050? 4182003C  beq     loc_FFEB908C
FFEB9054? 4BFFFE84  b       loc_FFEB8ED8
loc_FFEB9058:
FFEB9058? 819E00B0  lwz     r12, 0xB0(r30)
FFEB905C? 63E30000  ori     r3, r31, 0x0
FFEB9060? 63C40000  ori     r4, r30, 0x0
FFEB9064? 4800BCA1  bl      sub_FFEC4D04
FFEB9068? 80410014  lwz     r2, 0x14(r1)
FFEB906C? 819E00C8  lwz     r12, 0xC8(r30)
FFEB9070? 63E30000  ori     r3, r31, 0x0
FFEB9074? 63C40000  ori     r4, r30, 0x0
FFEB9078? 4800BC8D  bl      sub_FFEC4D04
FFEB907C? 80410014  lwz     r2, 0x14(r1)
loc_FFEB9080:
FFEB9080? 88BE01A6  lbz     r5, 0x1A6(r30)
FFEB9084? 2C050007  cmpwi   cr0, r5, 0x7
FFEB9088? 4BFFFF60  b       loc_FFEB8FE8
loc_FFEB908C:
FFEB908C? 819E00B0  lwz     r12, 0xB0(r30)
FFEB9090? 63E30000  ori     r3, r31, 0x0
FFEB9094? 63C40000  ori     r4, r30, 0x0
FFEB9098? 4800BC6D  bl      sub_FFEC4D04
FFEB909C? 80410014  lwz     r2, 0x14(r1)
FFEB90A0? 881F0012  lbz     r0, 0x12(r31)
FFEB90A4? 31600001  addic   r11, r0, 0x1
FFEB90A8? 997F0012  stb     r11, 0x12(r31)
FFEB90AC? 7D7F0014  addc    r11, r31, r0
FFEB90B0? 9B8B0014  stb     r28, 0x14(r11)
FFEB90B4? 881E01A6  lbz     r0, 0x1A6(r30)
FFEB90B8? 2C000007  cmpwi   cr0, r0, 0x7
FFEB90BC? 408201B8  bne     loc_FFEB9274
FFEB90C0? 809D0000  lwz     r4, 0x0(r29)
FFEB90C4? 9B240000  stb     r25, 0x0(r4)
FFEB90C8? 80BD0000  lwz     r5, 0x0(r29)
FFEB90CC? 9B650010  stb     r27, 0x10(r5)
FFEB90D0? 480080A9  bl      sub_FFEC1178
FFEB90D4? 60000000  nop
FFEB90D8? 819D0000  lwz     r12, 0x0(r29)
FFEB90DC? 9B4C0030  stb     r26, 0x30(r12)
FFEB90E0? 48008099  bl      sub_FFEC1178
FFEB90E4? 60000000  nop
FFEB90E8? 63C30000  ori     r3, r30, 0x0
FFEB90EC? 480022D9  bl      sub_FFEBB3C4
FFEB90F0? 60000000  nop
FFEB90F4? 63C30000  ori     r3, r30, 0x0
FFEB90F8? 48002381  bl      sub_FFEBB478
FFEB90FC? 60000000  nop
FFEB9100? 819D0000  lwz     r12, 0x0(r29)
FFEB9104? 8B8C0020  lbz     r28, 0x20(r12)
FFEB9108? 7F9C0774  extsb   r28, r28
FFEB910C? 579C063E  clrlwi  r28, r28, 24
FFEB9110? 48008069  bl      sub_FFEC1178
FFEB9114? 60000000  nop
FFEB9118? 881F0012  lbz     r0, 0x12(r31)
FFEB911C? 31800001  addic   r12, r0, 0x1
FFEB9120? 999F0012  stb     r12, 0x12(r31)
FFEB9124? 7D9F0014  addc    r12, r31, r0
FFEB9128? 9B8C0014  stb     r28, 0x14(r12)
FFEB912C? 881E01A6  lbz     r0, 0x1A6(r30)
FFEB9130? 2C000007  cmpwi   cr0, r0, 0x7
FFEB9134? 40820140  bne     loc_FFEB9274
FFEB9138? 80BD0000  lwz     r5, 0x0(r29)
FFEB913C? 7F840774  extsb   r4, r28
FFEB9140? 98850000  stb     r4, 0x0(r5)
FFEB9144? 80DD0000  lwz     r6, 0x0(r29)
FFEB9148? 9B660010  stb     r27, 0x10(r6)
FFEB914C? 4800802D  bl      sub_FFEC1178
FFEB9150? 60000000  nop
FFEB9154? 819D0000  lwz     r12, 0x0(r29)
FFEB9158? 9B4C0030  stb     r26, 0x30(r12)
FFEB915C? 4800801D  bl      sub_FFEC1178
FFEB9160? 60000000  nop
FFEB9164? 819D0000  lwz     r12, 0x0(r29)
FFEB9168? 880C00A0  lbz     r0, 0xA0(r12)
FFEB916C? 7C000775  extsb.  r0, r0
FFEB9170? 4F000000  mcrf    cr6, cr0
loc_FFEB9174:
FFEB9174? 409A0078  bne     cr6, loc_FFEB91EC
FFEB9178? 809D0000  lwz     r4, 0x0(r29)
FFEB917C? 88A40060  lbz     r5, 0x60(r4)
FFEB9180? 7CA50774  extsb   r5, r5
FFEB9184? 54A5063E  clrlwi  r5, r5, 24
FFEB9188? 30C5FFFF  addic   r6, r5, -0x1
FFEB918C? 54C9063E  clrlwi  r9, r6, 24
FFEB9190? 2C050000  cmpwi   cr0, r5, 0x0
loc_FFEB9194:
FFEB9194? 4182003C  beq     loc_FFEB91D0
FFEB9198? 889F0012  lbz     r4, 0x12(r31)
FFEB919C? 2C090000  cmpwi   cr0, r9, 0x0
FFEB91A0? 30A40001  addic   r5, r4, 0x1
FFEB91A4? 98BF0012  stb     r5, 0x12(r31)
FFEB91A8? 80DD0000  lwz     r6, 0x0(r29)
FFEB91AC? 3149FFFF  addic   r10, r9, -0x1
FFEB91B0? 88E60020  lbz     r7, 0x20(r6)
FFEB91B4? 554A063E  clrlwi  r10, r10, 24
FFEB91B8? 7CE70774  extsb   r7, r7
FFEB91BC? 54E7063E  clrlwi  r7, r7, 24
FFEB91C0? 7D1F2014  addc    r8, r31, r4
FFEB91C4? 98E80014  stb     r7, 0x14(r8)
FFEB91C8? 61490000  ori     r9, r10, 0x0
FFEB91CC? 4BFFFFC8  b       loc_FFEB9194
loc_FFEB91D0:
FFEB91D0? 48007FA9  bl      sub_FFEC1178
FFEB91D4? 60000000  nop
FFEB91D8? 839D0000  lwz     r28, 0x0(r29)
FFEB91DC? 8B7C00A0  lbz     r27, 0xA0(r28)
FFEB91E0? 7F7B0775  extsb.  r27, r27
FFEB91E4? 4F000000  mcrf    cr6, cr0
FFEB91E8? 4BFFFF8C  b       loc_FFEB9174
loc_FFEB91EC:
FFEB91EC? 809D0000  lwz     r4, 0x0(r29)
FFEB91F0? 88A40060  lbz     r5, 0x60(r4)
FFEB91F4? 7CBC0774  extsb   r28, r5
FFEB91F8? 48007F81  bl      sub_FFEC1178
FFEB91FC? 60000000  nop
FFEB9200? 579C063F  clrlwi. r28, r28, 24
FFEB9204? 313CFFFF  addic   r9, r28, -0x1
FFEB9208? 5529063E  clrlwi  r9, r9, 24
FFEB920C? 4F000000  mcrf    cr6, cr0
loc_FFEB9210:
FFEB9210? 419A003C  beq     cr6, loc_FFEB924C
FFEB9214? 889F0012  lbz     r4, 0x12(r31)
FFEB9218? 2F090000  cmpwi   cr6, r9, 0x0
FFEB921C? 30A40001  addic   r5, r4, 0x1
FFEB9220? 98BF0012  stb     r5, 0x12(r31)
FFEB9224? 80DD0000  lwz     r6, 0x0(r29)
FFEB9228? 3149FFFF  addic   r10, r9, -0x1
FFEB922C? 88E60020  lbz     r7, 0x20(r6)
FFEB9230? 554A063E  clrlwi  r10, r10, 24
FFEB9234? 7CE70774  extsb   r7, r7
FFEB9238? 54E7063E  clrlwi  r7, r7, 24
FFEB923C? 7D1F2014  addc    r8, r31, r4
FFEB9240? 98E80014  stb     r7, 0x14(r8)
FFEB9244? 61490000  ori     r9, r10, 0x0
FFEB9248? 4BFFFFC8  b       loc_FFEB9210
loc_FFEB924C:
FFEB924C? 48007F2D  bl      sub_FFEC1178
FFEB9250? 60000000  nop
FFEB9254? 63C30000  ori     r3, r30, 0x0
FFEB9258? 4800216D  bl      sub_FFEBB3C4
FFEB925C? 60000000  nop
FFEB9260? 8BFE01A6  lbz     r31, 0x1A6(r30)
FFEB9264? 2C1F0007  cmpwi   cr0, r31, 0x7
FFEB9268? 4082000C  bne     loc_FFEB9274
FFEB926C? 3860000B  li      r3, 0xB
FFEB9270? 987E01A6  stb     r3, 0x1A6(r30)
loc_FFEB9274:
FFEB9274? 80010068  lwz     r0, 0x68(r1)
FFEB9278? 30210060  addic   r1, r1, 0x60
FFEB927C? 7C0803A6  mtspr   LR, r0
FFEB9280? BB01FFE0  lmw     r24, -0x20(r1)
FFEB9284? 4E800020  blr
FFEB9288? 7C0802A6  mfspr   r0, LR
FFEB928C? BF21FFE4  stmw    r25, -0x1C(r1)
FFEB9290? 90010008  stw     r0, 0x8(r1)
FFEB9294? 9421FFA8  stwu    r1, -0x58(r1)
FFEB9298? 609D0000  ori     r29, r4, 0x0
FFEB929C? 80BD0000  lwz     r5, 0x0(r29)
FFEB92A0? 33E10038  addic   r31, r1, 0x38
FFEB92A4? 90BF0000  stw     r5, 0x0(r31)
FFEB92A8? 80DF0000  lwz     r6, 0x0(r31)
FFEB92AC? 833D0060  lwz     r25, 0x60(r29)
FFEB92B0? 3B60000F  li      r27, 0xF
FFEB92B4? 9B660030  stb     r27, 0x30(r6)
FFEB92B8? 607E0000  ori     r30, r3, 0x0
FFEB92BC? 3B400000  li      r26, 0x0
FFEB92C0? 3B800000  li      r28, 0x0
FFEB92C4? 48007EB5  bl      sub_FFEC1178
FFEB92C8? 60000000  nop
FFEB92CC? 819F0000  lwz     r12, 0x0(r31)
FFEB92D0? 9B4C0010  stb     r26, 0x10(r12)
FFEB92D4? 881E0013  lbz     r0, 0x13(r30)
FFEB92D8? 819F0000  lwz     r12, 0x0(r31)
FFEB92DC? 7C000774  extsb   r0, r0
FFEB92E0? 980C0000  stb     r0, 0x0(r12)
FFEB92E4? 48007E95  bl      sub_FFEC1178
FFEB92E8? 60000000  nop
FFEB92EC? 813E0004  lwz     r9, 0x4(r30)
FFEB92F0? 8809000E  lbz     r0, 0xE(r9)
FFEB92F4? 7D990014  addc    r12, r25, r0
FFEB92F8? 880C00D4  lbz     r0, 0xD4(r12)
FFEB92FC? 2C000000  cmpwi   cr0, r0, 0x0
FFEB9300? 41820038  beq     loc_FFEB9338
FFEB9304? 88A90008  lbz     r5, 0x8(r9)
FFEB9308? 2C050084  cmpwi   cr0, r5, 0x84
FFEB930C? 4082002C  bne     loc_FFEB9338
FFEB9310? 88BE0014  lbz     r5, 0x14(r30)
FFEB9314? 2C050080  cmpwi   cr0, r5, 0x80
FFEB9318? 40820020  bne     loc_FFEB9338
FFEB931C? 80BF0000  lwz     r5, 0x0(r31)
FFEB9320? 38C00027  li      r6, 0x27
FFEB9324? 98C50030  stb     r6, 0x30(r5)
FFEB9328? 3B800001  li      r28, 0x1
FFEB932C? 48007E4D  bl      sub_FFEC1178
FFEB9330? 60000000  nop
FFEB9334? 48000018  b       loc_FFEB934C
loc_FFEB9338:
FFEB9338? 80BF0000  lwz     r5, 0x0(r31)
FFEB933C? 38C00007  li      r6, 0x7
FFEB9340? 98C50030  stb     r6, 0x30(r5)
FFEB9344? 48007E35  bl      sub_FFEC1178
FFEB9348? 60000000  nop
loc_FFEB934C:
FFEB934C? 893E0013  lbz     r9, 0x13(r30)
FFEB9350? 311E0014  addic   r8, r30, 0x14
FFEB9354? 2C090000  cmpwi   cr0, r9, 0x0
FFEB9358? 41820020  beq     loc_FFEB9378
FFEB935C? 7D2903A6  mtspr   CTR, r9
FFEB9360? 3128FFFF  addic   r9, r8, -0x1
loc_FFEB9364:
FFEB9364? 8CA90001  lbzu    r5, 0x1(r9)
FFEB9368? 80DF0000  lwz     r6, 0x0(r31)
FFEB936C? 7CA50774  extsb   r5, r5
FFEB9370? 98A60020  stb     r5, 0x20(r6)
FFEB9374? 4200FFF0  bdnz    loc_FFEB9364
loc_FFEB9378:
FFEB9378? 48007E01  bl      sub_FFEC1178
FFEB937C? 60000000  nop
FFEB9380? 63A30000  ori     r3, r29, 0x0
FFEB9384? 48002041  bl      sub_FFEBB3C4
FFEB9388? 60000000  nop
FFEB938C? 881D01B4  lbz     r0, 0x1B4(r29)
FFEB9390? 7C000774  extsb   r0, r0
FFEB9394? 5400077D  rlwinm. r0, r0, 0, 29, 30
FFEB9398? 4182005C  beq     loc_FFEB93F4
FFEB939C? 809F0000  lwz     r4, 0x0(r31)
FFEB93A0? 88DE0013  lbz     r6, 0x13(r30)
FFEB93A4? 88A40060  lbz     r5, 0x60(r4)
FFEB93A8? 3B80000B  li      r28, 0xB
FFEB93AC? 7CA50774  extsb   r5, r5
FFEB93B0? 7CE53010  subfc   r7, r5, r6
FFEB93B4? 98FE0013  stb     r7, 0x13(r30)
FFEB93B8? 48007DC1  bl      sub_FFEC1178
FFEB93BC? 60000000  nop
FFEB93C0? B39E000A  sth     r28, 0xA(r30)
FFEB93C4? 835F0000  lwz     r26, 0x0(r31)
FFEB93C8? 9B7A0030  stb     r27, 0x30(r26)
FFEB93CC? 48007DAD  bl      sub_FFEC1178
FFEB93D0? 60000000  nop
FFEB93D4? 63A30000  ori     r3, r29, 0x0
FFEB93D8? 480020A1  bl      sub_FFEBB478
FFEB93DC? 60000000  nop
FFEB93E0? 80010060  lwz     r0, 0x60(r1)
FFEB93E4? 30210058  addic   r1, r1, 0x58
FFEB93E8? 7C0803A6  mtspr   LR, r0
FFEB93EC? BB21FFE4  lmw     r25, -0x1C(r1)
FFEB93F0? 4E800020  blr
loc_FFEB93F4:
FFEB93F4? 2C1C0000  cmpwi   cr0, r28, 0x0
FFEB93F8? 41820018  beq     loc_FFEB9410
FFEB93FC? 63C30000  ori     r3, r30, 0x0
FFEB9400? 63A40000  ori     r4, r29, 0x0
FFEB9404? 38A00007  li      r5, 0x7
FFEB9408? 4BFFED25  bl      sub_FFEB812C
FFEB940C? 60000000  nop
loc_FFEB9410:
FFEB9410? 809F0000  lwz     r4, 0x0(r31)
FFEB9414? 3B800000  li      r28, 0x0
FFEB9418? 9B440040  stb     r26, 0x40(r4)
FFEB941C? 48007D5D  bl      sub_FFEC1178
FFEB9420? 60000000  nop
FFEB9424? 63A30000  ori     r3, r29, 0x0
FFEB9428? 48002051  bl      sub_FFEBB478
FFEB942C? 60000000  nop
FFEB9430? B39E000A  sth     r28, 0xA(r30)
FFEB9434? 80010060  lwz     r0, 0x60(r1)
FFEB9438? 30210058  addic   r1, r1, 0x58
FFEB943C? 7C0803A6  mtspr   LR, r0
FFEB9440? BB21FFE4  lmw     r25, -0x1C(r1)
FFEB9444? 4E800020  blr
FFEB9448? 7C0802A6  mfspr   r0, LR
FFEB944C? BFE1FFFC  stmw    r31, -0x4(r1)
FFEB9450? 90010008  stw     r0, 0x8(r1)
FFEB9454? 9421FFC0  stwu    r1, -0x40(r1)
FFEB9458? 609F0000  ori     r31, r4, 0x0
FFEB945C? 80BF0000  lwz     r5, 0x0(r31)
FFEB9460? 31210038  addic   r9, r1, 0x38
FFEB9464? 90A10038  stw     r5, 0x38(r1)
FFEB9468? 88C30012  lbz     r6, 0x12(r3)
FFEB946C? 7CE33014  addc    r7, r3, r6
FFEB9470? 89070013  lbz     r8, 0x13(r7)
FFEB9474? 55080631  rlwinm. r8, r8, 0, 24, 24
FFEB9478? 418200AC  beq     loc_FFEB9524
FFEB947C? 80830004  lwz     r4, 0x4(r3)
FFEB9480? 80A40014  lwz     r5, 0x14(r4)
FFEB9484? 54A90002  clrrwi  r9, r5, 30
FFEB9488? 4800005C  b       loc_FFEB94E4
loc_FFEB948C:
FFEB948C? 63E30000  ori     r3, r31, 0x0
FFEB9490? 48001FE9  bl      sub_FFEBB478
FFEB9494? 60000000  nop
FFEB9498? 80010048  lwz     r0, 0x48(r1)
FFEB949C? 30210040  addic   r1, r1, 0x40
FFEB94A0? 7C0803A6  mtspr   LR, r0
FFEB94A4? BBE1FFFC  lmw     r31, -0x4(r1)
FFEB94A8? 4E800020  blr
loc_FFEB94AC:
FFEB94AC? 38600000  li      r3, 0x0
FFEB94B0? 987F01A6  stb     r3, 0x1A6(r31)
FFEB94B4? 80010048  lwz     r0, 0x48(r1)
FFEB94B8? 30210040  addic   r1, r1, 0x40
FFEB94BC? 7C0803A6  mtspr   LR, r0
FFEB94C0? BBE1FFFC  lmw     r31, -0x4(r1)
FFEB94C4? 4E800020  blr
loc_FFEB94C8:
FFEB94C8? 38600001  li      r3, 0x1
FFEB94CC? 987F01A6  stb     r3, 0x1A6(r31)
FFEB94D0? 80010048  lwz     r0, 0x48(r1)
FFEB94D4? 30210040  addic   r1, r1, 0x40
FFEB94D8? 7C0803A6  mtspr   LR, r0
FFEB94DC? BBE1FFFC  lmw     r31, -0x4(r1)
FFEB94E0? 4E800020  blr
loc_FFEB94E4:
FFEB94E4? 3C808000  lis     r4, 0x8000
FFEB94E8? 7C092000  cmpw    r9, r4
FFEB94EC? 4182FFC0  beq     loc_FFEB94AC
FFEB94F0? 3C80C000  lis     r4, 0xC000
FFEB94F4? 7C092000  cmpw    r9, r4
FFEB94F8? 4182FF94  beq     loc_FFEB948C
FFEB94FC? 2C090000  cmpwi   cr0, r9, 0x0
FFEB9500? 4182FF8C  beq     loc_FFEB948C
FFEB9504? 3C604000  lis     r3, 0x4000
FFEB9508? 7C091800  cmpw    r9, r3
FFEB950C? 4182FFBC  beq     loc_FFEB94C8
FFEB9510? 80010048  lwz     r0, 0x48(r1)
FFEB9514? 30210040  addic   r1, r1, 0x40
FFEB9518? 7C0803A6  mtspr   LR, r0
FFEB951C? BBE1FFFC  lmw     r31, -0x4(r1)
FFEB9520? 4E800020  blr
loc_FFEB9524:
FFEB9524? 80890000  lwz     r4, 0x0(r9)
FFEB9528? 38A00009  li      r5, 0x9
FFEB952C? 98A40030  stb     r5, 0x30(r4)
FFEB9530? 48007C49  bl      sub_FFEC1178
FFEB9534? 60000000  nop
FFEB9538? 63E30000  ori     r3, r31, 0x0
FFEB953C? 48001E89  bl      sub_FFEBB3C4
FFEB9540? 60000000  nop
FFEB9544? 881F01B4  lbz     r0, 0x1B4(r31)
FFEB9548? 7C000774  extsb   r0, r0
FFEB954C? 2C000001  cmpwi   cr0, r0, 0x1
FFEB9550? 4082000C  bne     loc_FFEB955C
FFEB9554? 38600008  li      r3, 0x8
FFEB9558? 987F01A6  stb     r3, 0x1A6(r31)
loc_FFEB955C:
FFEB955C? 80010048  lwz     r0, 0x48(r1)
FFEB9560? 30210040  addic   r1, r1, 0x40
FFEB9564? 7C0803A6  mtspr   LR, r0
FFEB9568? BBE1FFFC  lmw     r31, -0x4(r1)
FFEB956C? 4E800020  blr
FFEB9570? 7C0802A6  mfspr   r0, LR
FFEB9574? BF61FFEC  stmw    r27, -0x14(r1)
FFEB9578? 90010008  stw     r0, 0x8(r1)
FFEB957C? 9421FFA8  stwu    r1, -0x58(r1)
FFEB9580? 607E0000  ori     r30, r3, 0x0
FFEB9584? 809E0000  lwz     r4, 0x0(r30)
FFEB9588? 33E10038  addic   r31, r1, 0x38
FFEB958C? 909F0000  stw     r4, 0x0(r31)
FFEB9590? 819E0030  lwz     r12, 0x30(r30)
FFEB9594? 3BA0FF80  li      r29, -0x80
FFEB9598? 3B800000  li      r28, 0x0
FFEB959C? 3B60000E  li      r27, 0xE
FFEB95A0? 4800B765  bl      sub_FFEC4D04
FFEB95A4? 80410014  lwz     r2, 0x14(r1)
FFEB95A8? 817F0000  lwz     r11, 0x0(r31)
FFEB95AC? 9BAB0050  stb     r29, 0x50(r11)
FFEB95B0? 48007BC9  bl      sub_FFEC1178
FFEB95B4? 60000000  nop
FFEB95B8? 3081003C  addic   r4, r1, 0x3C
FFEB95BC? 38600001  li      r3, 0x1
FFEB95C0? 4800B42D  bl      sub_FFEC49EC
FFEB95C4? 80410014  lwz     r2, 0x14(r1)
FFEB95C8? 817F0000  lwz     r11, 0x0(r31)
FFEB95CC? 9B8B0050  stb     r28, 0x50(r11)
FFEB95D0? 48007BA9  bl      sub_FFEC1178
FFEB95D4? 60000000  nop
FFEB95D8? 817F0000  lwz     r11, 0x0(r31)
FFEB95DC? 9B6B0030  stb     r27, 0x30(r11)
FFEB95E0? 48007B99  bl      sub_FFEC1178
FFEB95E4? 60000000  nop
FFEB95E8? 817F0000  lwz     r11, 0x0(r31)
FFEB95EC? 880B00A0  lbz     r0, 0xA0(r11)
FFEB95F0? 7C000775  extsb.  r0, r0
FFEB95F4? 4F000000  mcrf    cr6, cr0
loc_FFEB95F8:
FFEB95F8? 409A0018  bne     cr6, loc_FFEB9610
FFEB95FC? 809F0000  lwz     r4, 0x0(r31)
FFEB9600? 88A400A0  lbz     r5, 0xA0(r4)
FFEB9604? 7CA50775  extsb.  r5, r5
FFEB9608? 4F000000  mcrf    cr6, cr0
FFEB960C? 4BFFFFEC  b       loc_FFEB95F8
loc_FFEB9610:
FFEB9610? 809F0000  lwz     r4, 0x0(r31)
FFEB9614? 38A00007  li      r5, 0x7
FFEB9618? 98A400A0  stb     r5, 0xA0(r4)
FFEB961C? 48007B5D  bl      sub_FFEC1178
FFEB9620? 60000000  nop
FFEB9624? 819E002C  lwz     r12, 0x2C(r30)
FFEB9628? 63C30000  ori     r3, r30, 0x0
FFEB962C? 4800B6D9  bl      sub_FFEC4D04
FFEB9630? 80410014  lwz     r2, 0x14(r1)
FFEB9634? 80010060  lwz     r0, 0x60(r1)
FFEB9638? 30210058  addic   r1, r1, 0x58
FFEB963C? 7C0803A6  mtspr   LR, r0
FFEB9640? BB61FFEC  lmw     r27, -0x14(r1)
FFEB9644? 4E800020  blr
FFEB9648? 7C0802A6  mfspr   r0, LR
FFEB964C? 90010008  stw     r0, 0x8(r1)
FFEB9650? 9421FFC0  stwu    r1, -0x40(r1)
FFEB9654? 80830000  lwz     r4, 0x0(r3)
FFEB9658? 31210038  addic   r9, r1, 0x38
FFEB965C? 90890000  stw     r4, 0x0(r9)
FFEB9660? 80A90000  lwz     r5, 0x0(r9)
FFEB9664? 38C00008  li      r6, 0x8
FFEB9668? 98C50040  stb     r6, 0x40(r5)
FFEB966C? 48007B0D  bl      sub_FFEC1178
FFEB9670? 60000000  nop
FFEB9674? 80010048  lwz     r0, 0x48(r1)
FFEB9678? 30210040  addic   r1, r1, 0x40
FFEB967C? 7C0803A6  mtspr   LR, r0
FFEB9680? 4E800020  blr
FFEB9684? 7C0802A6  mfspr   r0, LR
FFEB9688? 90010008  stw     r0, 0x8(r1)
FFEB968C? 9421FFC0  stwu    r1, -0x40(r1)
FFEB9690? 80C50000  lwz     r6, 0x0(r5)
FFEB9694? 28040019  cmplwi  cr0, r4, 0x19
FFEB9698? 90C10038  stw     r6, 0x38(r1)
FFEB969C? 40820010  bne     loc_FFEB96AC
FFEB96A0? 54642036  slwi    r4, r3, 4
FFEB96A4? 98850072  stb     r4, 0x72(r5)
FFEB96A8? 48000038  b       loc_FFEB96E0
loc_FFEB96AC:
FFEB96AC? 2C040000  cmpwi   cr0, r4, 0x0
FFEB96B0? 41820028  beq     loc_FFEB96D8
FFEB96B4? 5486103A  slwi    r6, r4, 2
FFEB96B8? 30C6FFB0  addic   r6, r6, -0x50
FFEB96BC? 38E00028  li      r7, 0x28
FFEB96C0? 7D063B96  divwu   r8, r6, r7
FFEB96C4? 31080001  addic   r8, r8, 0x1
FFEB96C8d 54692036  .ascii  "Ti 6}*Cx"
FFEB96D0? 99450072  stb     r10, 0x72(r5)
FFEB96D4? 4800000C  b       loc_FFEB96E0
loc_FFEB96D8:
FFEB96D8? 38600002  li      r3, 0x2
FFEB96DC? 98650072  stb     r3, 0x72(r5)
loc_FFEB96E0:
FFEB96E0? 48007A99  bl      sub_FFEC1178
FFEB96E4? 60000000  nop
FFEB96E8? 80010048  lwz     r0, 0x48(r1)
FFEB96EC? 30210040  addic   r1, r1, 0x40
FFEB96F0? 7C0803A6  mtspr   LR, r0
FFEB96F4? 4E800020  blr
FFEB96F8* 7C0802A6  mfspr   r0, LR
FFEB96FC* BFA1FFF4  stmw    r29, -0xC(r1)
FFEB9700* 90010008  stw     r0, 0x8(r1)
FFEB9704* 9421FFB8  stwu    r1, -0x48(r1)
FFEB9708* 88A30046  lbz     r5, 0x46(r3)
FFEB970C* 609F0000  ori     r31, r4, 0x0
FFEB9710* 2C050000  cmpwi   cr0, r5, 0x0
FFEB9714* 41820020  beq     loc_FFEB9734
FFEB9718* A0830070  lhz     r4, 0x70(r3)
FFEB971C* 2C040000  cmpwi   cr0, r4, 0x0
FFEB9720* 4082000C  bne     loc_FFEB972C
FFEB9724* 39200090  li      r9, 0x90
FFEB9728* 48000010  b       loc_FFEB9738
loc_FFEB972C:
FFEB972C  392000D0  li      r9, 0xD0
FFEB9730  48000008  b       loc_FFEB9738
loc_FFEB9734:
FFEB9734  392000C0  li      r9, 0xC0
loc_FFEB9738:
FFEB9738* 88830040  lbz     r4, 0x40(r3)
FFEB973C* 2C040000  cmpwi   cr0, r4, 0x0
FFEB9740* 41820008  beq     loc_FFEB9748
FFEB9744* 61290001  ori     r9, r9, 0x1
loc_FFEB9748:
FFEB9748* 88830039  lbz     r4, 0x39(r3)
FFEB974C* 2C040000  cmpwi   cr0, r4, 0x0
FFEB9750* 41820014  beq     loc_FFEB9764
FFEB9754* 80830088  lwz     r4, 0x88(r3)
FFEB9758* 54840253  rlwinm. r4, r4, 0, 9, 9
FFEB975C* 41820008  beq     loc_FFEB9764
FFEB9760* 61290002  ori     r9, r9, 0x2
loc_FFEB9764:
FFEB9764* 8883003A  lbz     r4, 0x3A(r3)
FFEB9768* 2C040000  cmpwi   cr0, r4, 0x0
FFEB976C* 41820008  beq     loc_FFEB9774
FFEB9770  61290004  ori     r9, r9, 0x4
loc_FFEB9774:
FFEB9774* 913F0030  stw     r9, 0x30(r31)
FFEB9778* 80830088  lwz     r4, 0x88(r3)
FFEB977C* 38C00053  li      r6, 0x53
FFEB9780* 909F004C  stw     r4, 0x4C(r31)
FFEB9784* A8A3008C  lha     r5, 0x8C(r3)
FFEB9788* 54A5043E  clrlwi  r5, r5, 16
FFEB978C* B0BF0050  sth     r5, 0x50(r31)
FFEB9790* B0DF0052  sth     r6, 0x52(r31)
FFEB9794* 88E3003D  lbz     r7, 0x3D(r3)
FFEB9798* 2C070001  cmpwi   cr0, r7, 0x1
FFEB979C* 40820018  bne     loc_FFEB97B4
FFEB97A0* 88830040  lbz     r4, 0x40(r3)
FFEB97A4* 2C040000  cmpwi   cr0, r4, 0x0
FFEB97A8* 40820024  bne     loc_FFEB97CC
FFEB97AC  38800057  li      r4, 0x57
FFEB97B0  B09F0052  sth     r4, 0x52(r31)
loc_FFEB97B4:
FFEB97B4  88830040  lbz     r4, 0x40(r3)
FFEB97B8  2C040000  cmpwi   cr0, r4, 0x0
FFEB97BC  40820010  bne     loc_FFEB97CC
FFEB97C0  A09F0052  lhz     r4, 0x52(r31)
FFEB97C4  60840008  ori     r4, r4, 0x8
FFEB97C8  B09F0052  sth     r4, 0x52(r31)
loc_FFEB97CC:
FFEB97CC* 38800001  li      r4, 0x1
FFEB97D0* B09F0026  sth     r4, 0x26(r31)
FFEB97D4* A8A3008E  lha     r5, 0x8E(r3)
FFEB97D8* 38C0002B  li      r6, 0x2B
FFEB97DC* 90BF0028  stw     r5, 0x28(r31)
FFEB97E0* 98DF0034  stb     r6, 0x34(r31)
FFEB97E4* 88E30039  lbz     r7, 0x39(r3)
FFEB97E8* 2C070000  cmpwi   cr0, r7, 0x0
FFEB97EC* 4182001C  beq     loc_FFEB9808
FFEB97F0* 80830088  lwz     r4, 0x88(r3)
FFEB97F4* 54840253  rlwinm. r4, r4, 0, 9, 9
FFEB97F8* 41820010  beq     loc_FFEB9808
FFEB97FC* 38800011  li      r4, 0x11
FFEB9800* 989F0035  stb     r4, 0x35(r31)
FFEB9804* 4800000C  b       loc_FFEB9810
loc_FFEB9808:
FFEB9808  38800001  li      r4, 0x1
FFEB980C  989F0035  stb     r4, 0x35(r31)
loc_FFEB9810:
FFEB9810* 38800000  li      r4, 0x0
FFEB9814* 989F0036  stb     r4, 0x36(r31)
FFEB9818* 989F0037  stb     r4, 0x37(r31)
FFEB981C* 989F00A5  stb     r4, 0xA5(r31)
FFEB9820* 88BF000D  lbz     r5, 0xD(r31)
FFEB9824* 3BC00000  li      r30, 0x0
FFEB9828* B0BF00A6  sth     r5, 0xA6(r31)
FFEB982C* 38C00000  li      r6, 0x0
FFEB9830* B3DF0024  sth     r30, 0x24(r31)
FFEB9834* 90DF0040  stw     r6, 0x40(r31)
FFEB9838* 90DF0038  stw     r6, 0x38(r31)
FFEB983C* 38E00007  li      r7, 0x7
FFEB9840* 90DF003C  stw     r6, 0x3C(r31)
FFEB9844* B0FF0054  sth     r7, 0x54(r31)
FFEB9848* B0FF0056  sth     r7, 0x56(r31)
FFEB984C* 89030047  lbz     r8, 0x47(r3)
FFEB9850* 39200000  li      r9, 0x0
FFEB9854* 991F0045  stb     r8, 0x45(r31)
FFEB9858* 39400001  li      r10, 0x1
FFEB985C* 993F009C  stb     r9, 0x9C(r31)
FFEB9860* 995F009D  stb     r10, 0x9D(r31)
FFEB9864* 993F009E  stb     r9, 0x9E(r31)
FFEB9868* 993F009F  stb     r9, 0x9F(r31)
FFEB986C* 993F00A0  stb     r9, 0xA0(r31)
FFEB9870* 995F00A1  stb     r10, 0xA1(r31)
FFEB9874* 993F00A2  stb     r9, 0xA2(r31)
FFEB9878* 993F00A3  stb     r9, 0xA3(r31)
FFEB987C* 83A2FE80  lwz     r29, -0x180(r2)
FFEB9880* 309F0058  addic   r4, r31, 0x58
FFEB9884* 307D0060  addic   r3, r29, 0x60
FFEB9888* 38A00010  li      r5, 0x10
FFEB988C* 4800B371  bl      sub_FFEC4BFC
FFEB9890* 80410014  lwz     r2, 0x14(r1)
FFEB9894* 307D0074  addic   r3, r29, 0x74
FFEB9898* 309F0068  addic   r4, r31, 0x68
FFEB989C* 38A00010  li      r5, 0x10
FFEB98A0* 4800B35D  bl      sub_FFEC4BFC
FFEB98A4* 80410014  lwz     r2, 0x14(r1)
FFEB98A8* 307D0088  addic   r3, r29, 0x88
FFEB98AC* 309F0078  addic   r4, r31, 0x78
FFEB98B0* 38A00010  li      r5, 0x10
FFEB98B4* 4800B349  bl      sub_FFEC4BFC
FFEB98B8* 80410014  lwz     r2, 0x14(r1)
FFEB98BC* 307D009C  addic   r3, r29, 0x9C
FFEB98C0* 309F0088  addic   r4, r31, 0x88
FFEB98C4* 38A00010  li      r5, 0x10
FFEB98C8* 4800B335  bl      sub_FFEC4BFC
FFEB98CC* 80410014  lwz     r2, 0x14(r1)
FFEB98D0* B3DF00AA  sth     r30, 0xAA(r31)
FFEB98D4* 38600000  li      r3, 0x0
FFEB98D8* 80010050  lwz     r0, 0x50(r1)
FFEB98DC* 30210048  addic   r1, r1, 0x48
FFEB98E0* 7C0803A6  mtspr   LR, r0
FFEB98E4* BBA1FFF4  lmw     r29, -0xC(r1)
FFEB98E8* 4E800020  blr
FFEB98EC? 7C0802A6  mfspr   r0, LR
FFEB98F0? BF01FFE0  stmw    r24, -0x20(r1)
FFEB98F4? 90010008  stw     r0, 0x8(r1)
FFEB98F8? 9421FFA0  stwu    r1, -0x60(r1)
FFEB98FC? 609A0000  ori     r26, r4, 0x0
FFEB9900? 80BA0000  lwz     r5, 0x0(r26)
FFEB9904? 607D0000  ori     r29, r3, 0x0
FFEB9908? 90A1003C  stw     r5, 0x3C(r1)
FFEB990C? 80C1003C  lwz     r6, 0x3C(r1)
FFEB9910? 33610038  addic   r27, r1, 0x38
FFEB9914? 33E1003C  addic   r31, r1, 0x3C
FFEB9918? 88E600A0  lbz     r7, 0xA0(r6)
FFEB991C? 833D0004  lwz     r25, 0x4(r29)
FFEB9920? 7CE70775  extsb.  r7, r7
FFEB9924? 41820018  beq     loc_FFEB993C
FFEB9928? 809F0000  lwz     r4, 0x0(r31)
FFEB992C? 38A00007  li      r5, 0x7
FFEB9930? 98A400A0  stb     r5, 0xA0(r4)
FFEB9934? 48007845  bl      sub_FFEC1178
FFEB9938? 60000000  nop
loc_FFEB993C:
FFEB993C? 893A01A6  lbz     r9, 0x1A6(r26)
FFEB9940? 480001BC  b       loc_FFEB9AFC
loc_FFEB9944:
FFEB9944? 809F0000  lwz     r4, 0x0(r31)
FFEB9948? 38A00000  li      r5, 0x0
FFEB994C? 98A40010  stb     r5, 0x10(r4)
FFEB9950? 80DF0000  lwz     r6, 0x0(r31)
FFEB9954? 38E00010  li      r7, 0x10
FFEB9958? 98E60000  stb     r7, 0x0(r6)
FFEB995C? 3B000005  li      r24, 0x5
FFEB9960? 3BC00000  li      r30, 0x0
FFEB9964? 3B80FFEE  li      r28, -0x12
FFEB9968? 48007811  bl      sub_FFEC1178
FFEB996C? 60000000  nop
FFEB9970? 819F0000  lwz     r12, 0x0(r31)
FFEB9974? 9B0C0030  stb     r24, 0x30(r12)
FFEB9978? 48007801  bl      sub_FFEC1178
FFEB997C? 60000000  nop
FFEB9980? 48000008  b       loc_FFEB9988
loc_FFEB9984:
FFEB9984? 40800024  bge     loc_FFEB99A8
loc_FFEB9988:
FFEB9988? 809F0000  lwz     r4, 0x0(r31)
FFEB998C? 301E0001  addic   r0, r30, 0x1
FFEB9990? 9B840020  stb     r28, 0x20(r4)
FFEB9994? 541E043E  clrlwi  r30, r0, 16
FFEB9998? 480077E1  bl      sub_FFEC1178
FFEB999C? 60000000  nop
FFEB99A0? 2C1E0010  cmpwi   cr0, r30, 0x10
FFEB99A4? 4BFFFFE0  b       loc_FFEB9984
loc_FFEB99A8:
FFEB99A8? 80990040  lwz     r4, 0x40(r25)
FFEB99AC? 63430000  ori     r3, r26, 0x0
FFEB99B0? 3084FFF0  addic   r4, r4, -0x10
FFEB99B4? 90990040  stw     r4, 0x40(r25)
FFEB99B8? 48001A0D  bl      sub_FFEBB3C4
FFEB99BC? 60000000  nop
FFEB99C0? 8BDA01B6  lbz     r30, 0x1B6(r26)
FFEB99C4? 7FDE0775  extsb.  r30, r30
FFEB99C8? 4182FF74  beq     loc_FFEB993C
FFEB99CC? 809F0000  lwz     r4, 0x0(r31)
FFEB99D0? 80D90040  lwz     r6, 0x40(r25)
FFEB99D4? 88A40060  lbz     r5, 0x60(r4)
FFEB99D8? 3920000F  li      r9, 0xF
FFEB99DC? 7CA50774  extsb   r5, r5
FFEB99E0? 7CE62814  addc    r7, r6, r5
FFEB99E4? 90F90040  stw     r7, 0x40(r25)
FFEB99E8? 811F0000  lwz     r8, 0x0(r31)
FFEB99EC? 99280030  stb     r9, 0x30(r8)
FFEB99F0? 48007789  bl      sub_FFEC1178
FFEB99F4? 60000000  nop
FFEB99F8? 4BFFFF44  b       loc_FFEB993C
loc_FFEB99FC:
FFEB99FC? 809F0000  lwz     r4, 0x0(r31)
FFEB9A00? 38A00000  li      r5, 0x0
FFEB9A04? 98A40010  stb     r5, 0x10(r4)
FFEB9A08? 80DF0000  lwz     r6, 0x0(r31)
FFEB9A0C? 38E00001  li      r7, 0x1
FFEB9A10? 98E60000  stb     r7, 0x0(r6)
FFEB9A14? 3BC00006  li      r30, 0x6
FFEB9A18? 48007761  bl      sub_FFEC1178
FFEB9A1C? 60000000  nop
FFEB9A20? 819F0000  lwz     r12, 0x0(r31)
FFEB9A24? 9BCC0030  stb     r30, 0x30(r12)
FFEB9A28? 48007751  bl      sub_FFEC1178
FFEB9A2C? 60000000  nop
FFEB9A30? 819F0000  lwz     r12, 0x0(r31)
FFEB9A34? 880C00A0  lbz     r0, 0xA0(r12)
FFEB9A38? 7C000775  extsb.  r0, r0
FFEB9A3C? 4F000000  mcrf    cr6, cr0
loc_FFEB9A40:
FFEB9A40? 409A0054  bne     cr6, loc_FFEB9A94
FFEB9A44? 809F0000  lwz     r4, 0x0(r31)
FFEB9A48? 88A40060  lbz     r5, 0x60(r4)
FFEB9A4C? 7CA50775  extsb.  r5, r5
FFEB9A50? 41820030  beq     loc_FFEB9A80
FFEB9A54? 809F0000  lwz     r4, 0x0(r31)
FFEB9A58? 88A40020  lbz     r5, 0x20(r4)
FFEB9A5C? 7CA50774  extsb   r5, r5
FFEB9A60? 54A5063E  clrlwi  r5, r5, 24
FFEB9A64? 98BB0000  stb     r5, 0x0(r27)
FFEB9A68? 80DD0004  lwz     r6, 0x4(r29)
FFEB9A6C? 80E60040  lwz     r7, 0x40(r6)
FFEB9A70? 30E7FFFF  addic   r7, r7, -0x1
FFEB9A74? 90E60040  stw     r7, 0x40(r6)
FFEB9A78? 48007701  bl      sub_FFEC1178
FFEB9A7C? 60000000  nop
loc_FFEB9A80:
FFEB9A80? 809F0000  lwz     r4, 0x0(r31)
FFEB9A84? 88A400A0  lbz     r5, 0xA0(r4)
FFEB9A88? 7CA50775  extsb.  r5, r5
FFEB9A8C? 4F000000  mcrf    cr6, cr0
FFEB9A90? 4BFFFFB0  b       loc_FFEB9A40
loc_FFEB9A94:
FFEB9A94? 63430000  ori     r3, r26, 0x0
FFEB9A98? 4800192D  bl      sub_FFEBB3C4
FFEB9A9C? 60000000  nop
FFEB9AA0? 8BDA01A6  lbz     r30, 0x1A6(r26)
FFEB9AA4? 2C1E0001  cmpwi   cr0, r30, 0x1
FFEB9AA8? 4182FE94  beq     loc_FFEB993C
FFEB9AAC? 809F0000  lwz     r4, 0x0(r31)
FFEB9AB0? 88A40060  lbz     r5, 0x60(r4)
FFEB9AB4? 7CA50775  extsb.  r5, r5
FFEB9AB8? 4182FE84  beq     loc_FFEB993C
loc_FFEB9ABC:
FFEB9ABC? 41820064  beq     loc_FFEB9B20
FFEB9AC0? 809F0000  lwz     r4, 0x0(r31)
FFEB9AC4? 88A40020  lbz     r5, 0x20(r4)
FFEB9AC8? 7CA50774  extsb   r5, r5
FFEB9ACC? 54A5063E  clrlwi  r5, r5, 24
FFEB9AD0? 98BB0000  stb     r5, 0x0(r27)
FFEB9AD4? 80DD0004  lwz     r6, 0x4(r29)
FFEB9AD8? 80E60040  lwz     r7, 0x40(r6)
FFEB9ADC? 30E7FFFF  addic   r7, r7, -0x1
FFEB9AE0? 90E60040  stw     r7, 0x40(r6)
FFEB9AE4? 48007695  bl      sub_FFEC1178
FFEB9AE8? 60000000  nop
FFEB9AEC? 83DF0000  lwz     r30, 0x0(r31)
FFEB9AF0? 8B9E0060  lbz     r28, 0x60(r30)
FFEB9AF4? 7F9C0775  extsb.  r28, r28
FFEB9AF8? 4BFFFFC4  b       loc_FFEB9ABC
loc_FFEB9AFC:
FFEB9AFC? 2C090000  cmpwi   cr0, r9, 0x0
FFEB9B00? 4182FE44  beq     loc_FFEB9944
FFEB9B04? 2C090001  cmpwi   cr0, r9, 0x1
FFEB9B08? 4182FEF4  beq     loc_FFEB99FC
FFEB9B0C? 80010068  lwz     r0, 0x68(r1)
FFEB9B10? 30210060  addic   r1, r1, 0x60
FFEB9B14? 7C0803A6  mtspr   LR, r0
FFEB9B18? BB01FFE0  lmw     r24, -0x20(r1)
FFEB9B1C? 4E800020  blr
loc_FFEB9B20:
FFEB9B20? 4BFFFE1C  b       loc_FFEB993C
FFEB9B24? 80010068  lwz     r0, 0x68(r1)
FFEB9B28? 30210060  addic   r1, r1, 0x60
FFEB9B2C? 7C0803A6  mtspr   LR, r0
FFEB9B30? BB01FFE0  lmw     r24, -0x20(r1)
FFEB9B34? 4E800020  blr
FFEB9B38? 2C050000  cmpwi   cr0, r5, 0x0
FFEB9B3C? 4082000C  bne     loc_FFEB9B48
FFEB9B40? 38600000  li      r3, 0x0
FFEB9B44? 4E800020  blr
loc_FFEB9B48:
FFEB9B48? 7C0802A6  mfspr   r0, LR
FFEB9B4C? 7D800026  mfcr    r12
FFEB9B50? BF21FFE4  stmw    r25, -0x1C(r1)
FFEB9B54? 90010008  stw     r0, 0x8(r1)
FFEB9B58? 91810004  stw     r12, 0x4(r1)
FFEB9B5C? 9421FFA8  stwu    r1, -0x58(r1)
FFEB9B60? 60DF0000  ori     r31, r6, 0x0
FFEB9B64? 60BC0000  ori     r28, r5, 0x0
FFEB9B68? 609B0000  ori     r27, r4, 0x0
FFEB9B6C? 3F400000  lis     r26, 0x0000
FFEB9B70? 83DB0000  lwz     r30, 0x0(r27)
FFEB9B74? 635AFF00  ori     r26, r26, 0xFF00
FFEB9B78? 3B200006  li      r25, 0x6
FFEB9B7C? 4800000C  b       loc_FFEB9B88
loc_FFEB9B80:
FFEB9B80? 4800014C  b       loc_FFEB9CCC
loc_FFEB9B84:
FFEB9B84? 41820148  beq     loc_FFEB9CCC
loc_FFEB9B88:
FFEB9B88? 281C0200  cmplwi  cr0, r28, 0x200
FFEB9B8C? 4081000C  ble     loc_FFEB9B98
FFEB9B90? 3BA00200  li      r29, 0x200
FFEB9B94? 48000008  b       loc_FFEB9B9C
loc_FFEB9B98:
FFEB9B98? 639D0000  ori     r29, r28, 0x0
loc_FFEB9B9C:
FFEB9B9C? 7FA4D038  and     r4, r29, r26
FFEB9BA0? 5484C23E  srwi    r4, r4, 8
FFEB9BA4? 989E0010  stb     r4, 0x10(r30)
FFEB9BA8? 57A5063E  clrlwi  r5, r29, 24
FFEB9BAC? 98BE0000  stb     r5, 0x0(r30)
FFEB9BB0? 7F9DE010  subfc   r28, r29, r28
FFEB9BB4? 480075C5  bl      sub_FFEC1178
FFEB9BB8? 60000000  nop
FFEB9BBC? 9B3E0030  stb     r25, 0x30(r30)
FFEB9BC0? 480075B9  bl      sub_FFEC1178
FFEB9BC4? 60000000  nop
FFEB9BC8? 881E00A0  lbz     r0, 0xA0(r30)
FFEB9BCC? 2F000000  cmpwi   cr6, r0, 0x0
loc_FFEB9BD0:
FFEB9BD0? 409A00D8  bne     cr6, loc_FFEB9CA8
FFEB9BD4? 893E0060  lbz     r9, 0x60(r30)
FFEB9BD8? 2C090010  cmpwi   cr0, r9, 0x10
FFEB9BDC? 40820098  bne     loc_FFEB9C74
FFEB9BE0? 281D0010  cmplwi  cr0, r29, 0x10
FFEB9BE4? 41800090  blt     loc_FFEB9C74
FFEB9BE8? 889E0020  lbz     r4, 0x20(r30)
FFEB9BEC? 33BDFFF0  addic   r29, r29, -0x10
FFEB9BF0? 989F0000  stb     r4, 0x0(r31)
FFEB9BF4? 88BE0020  lbz     r5, 0x20(r30)
FFEB9BF8? 98BF0001  stb     r5, 0x1(r31)
FFEB9BFC? 88DE0020  lbz     r6, 0x20(r30)
FFEB9C00? 98DF0002  stb     r6, 0x2(r31)
FFEB9C04? 88FE0020  lbz     r7, 0x20(r30)
FFEB9C08? 98FF0003  stb     r7, 0x3(r31)
FFEB9C0C? 891E0020  lbz     r8, 0x20(r30)
FFEB9C10? 991F0004  stb     r8, 0x4(r31)
FFEB9C14? 893E0020  lbz     r9, 0x20(r30)
FFEB9C18? 993F0005  stb     r9, 0x5(r31)
FFEB9C1C? 895E0020  lbz     r10, 0x20(r30)
FFEB9C20? 995F0006  stb     r10, 0x6(r31)
FFEB9C24? 897E0020  lbz     r11, 0x20(r30)
FFEB9C28? 997F0007  stb     r11, 0x7(r31)
FFEB9C2C? 899E0020  lbz     r12, 0x20(r30)
FFEB9C30? 999F0008  stb     r12, 0x8(r31)
FFEB9C34? 881E0020  lbz     r0, 0x20(r30)
FFEB9C38? 981F0009  stb     r0, 0x9(r31)
FFEB9C3C? 881E0020  lbz     r0, 0x20(r30)
FFEB9C40? 981F000A  stb     r0, 0xA(r31)
FFEB9C44? 881E0020  lbz     r0, 0x20(r30)
FFEB9C48? 981F000B  stb     r0, 0xB(r31)
FFEB9C4C? 881E0020  lbz     r0, 0x20(r30)
FFEB9C50? 981F000C  stb     r0, 0xC(r31)
FFEB9C54? 881E0020  lbz     r0, 0x20(r30)
FFEB9C58? 981F000D  stb     r0, 0xD(r31)
FFEB9C5C? 881E0020  lbz     r0, 0x20(r30)
FFEB9C60? 981F000E  stb     r0, 0xE(r31)
FFEB9C64? 881E0020  lbz     r0, 0x20(r30)
FFEB9C68? 981F000F  stb     r0, 0xF(r31)
FFEB9C6C? 33FF0010  addic   r31, r31, 0x10
FFEB9C70? 48000024  b       loc_FFEB9C94
loc_FFEB9C74:
FFEB9C74? 2C090000  cmpwi   cr0, r9, 0x0
FFEB9C78? 4182001C  beq     loc_FFEB9C94
FFEB9C7C? 2C1D0000  cmpwi   cr0, r29, 0x0
FFEB9C80? 41820014  beq     loc_FFEB9C94
FFEB9C84? 889E0020  lbz     r4, 0x20(r30)
FFEB9C88? 33BDFFFF  addic   r29, r29, -0x1
FFEB9C8C? 989F0000  stb     r4, 0x0(r31)
FFEB9C90? 33FF0001  addic   r31, r31, 0x1
loc_FFEB9C94:
FFEB9C94? 480074E5  bl      sub_FFEC1178
FFEB9C98? 60000000  nop
FFEB9C9C? 881E00A0  lbz     r0, 0xA0(r30)
FFEB9CA0? 2F000000  cmpwi   cr6, r0, 0x0
FFEB9CA4? 4BFFFF2C  b       loc_FFEB9BD0
loc_FFEB9CA8:
FFEB9CA8? 63630000  ori     r3, r27, 0x0
FFEB9CAC? 7F9CE814  addc    r28, r28, r29
FFEB9CB0? 48001715  bl      sub_FFEBB3C4
FFEB9CB4? 60000000  nop
FFEB9CB8? 881B01A6  lbz     r0, 0x1A6(r27)
FFEB9CBC? 2F000001  cmpwi   cr6, r0, 0x1
FFEB9CC0? 409AFEC0  bne     cr6, loc_FFEB9B80
FFEB9CC4? 2C1C0000  cmpwi   cr0, r28, 0x0
FFEB9CC8? 4BFFFEBC  b       loc_FFEB9B84
loc_FFEB9CCC:
FFEB9CCC? 887E0060  lbz     r3, 0x60(r30)
FFEB9CD0? 2C030000  cmpwi   cr0, r3, 0x0
FFEB9CD4? 41820048  beq     loc_FFEB9D1C
FFEB9CD8? 2C1C0000  cmpwi   cr0, r28, 0x0
FFEB9CDC? 41820040  beq     loc_FFEB9D1C
FFEB9CE0? 33FFFFFF  addic   r31, r31, -0x1
FFEB9CE4? 48000008  b       loc_FFEB9CEC
loc_FFEB9CE8:
FFEB9CE8? 4182006C  beq     loc_FFEB9D54
loc_FFEB9CEC:
FFEB9CEC? 887E0020  lbz     r3, 0x20(r30)
FFEB9CF0? 339CFFFF  addic   r28, r28, -0x1
FFEB9CF4? 9C7F0001  stbu    r3, 0x1(r31)
FFEB9CF8? 2E1C0000  cmpwi   cr4, r28, 0x0
FFEB9CFC? 4800747D  bl      sub_FFEC1178
FFEB9D00? 60000000  nop
FFEB9D04? 8BBE0060  lbz     r29, 0x60(r30)
FFEB9D08? 2C1D0000  cmpwi   cr0, r29, 0x0
FFEB9D0C? 4092FFDC  bne     cr4, loc_FFEB9CE8
FFEB9D10? 41820044  beq     loc_FFEB9D54
FFEB9D14? 887B01A6  lbz     r3, 0x1A6(r27)
FFEB9D18? 2F030001  cmpwi   cr6, r3, 0x1
loc_FFEB9D1C:
FFEB9D1C? 419A0018  beq     cr6, loc_FFEB9D34
FFEB9D20? 887E0060  lbz     r3, 0x60(r30)
FFEB9D24? 2C030000  cmpwi   cr0, r3, 0x0
FFEB9D28? 4182000C  beq     loc_FFEB9D34
FFEB9D2C? 38600001  li      r3, 0x1
FFEB9D30? 987B01A6  stb     r3, 0x1A6(r27)
loc_FFEB9D34:
FFEB9D34? 63830000  ori     r3, r28, 0x0
FFEB9D38? 80010060  lwz     r0, 0x60(r1)
FFEB9D3C? 8181005C  lwz     r12, 0x5C(r1)
FFEB9D40? 30210058  addic   r1, r1, 0x58
FFEB9D44? 7C0803A6  mtspr   LR, r0
FFEB9D48? BB21FFE4  lmw     r25, -0x1C(r1)
FFEB9D4C? 7D838120  mtcrf   0x38, r12
FFEB9D50? 4E800020  blr
loc_FFEB9D54:
FFEB9D54? 887B01A6  lbz     r3, 0x1A6(r27)
FFEB9D58? 2F030001  cmpwi   cr6, r3, 0x1
FFEB9D5C? 4BFFFFC0  b       loc_FFEB9D1C
FFEB9D60? 80010060  lwz     r0, 0x60(r1)
FFEB9D64? 8181005C  lwz     r12, 0x5C(r1)
FFEB9D68? 30210058  addic   r1, r1, 0x58
FFEB9D6C? 7C0803A6  mtspr   LR, r0
FFEB9D70? BB21FFE4  lmw     r25, -0x1C(r1)
FFEB9D74? 7D838120  mtcrf   0x38, r12
FFEB9D78? 4E800020  blr
FFEB9D7C? 7C0802A6  mfspr   r0, LR
FFEB9D80? 7D800026  mfcr    r12
FFEB9D84? BE41FFC8  stmw    r18, -0x38(r1)
FFEB9D88? 90010008  stw     r0, 0x8(r1)
FFEB9D8C? 91810004  stw     r12, 0x4(r1)
FFEB9D90? 9421FF88  stwu    r1, -0x78(r1)
FFEB9D94? 60BA0000  ori     r26, r5, 0x0
FFEB9D98? 2C1A0000  cmpwi   cr0, r26, 0x0
FFEB9D9C? 3AC00001  li      r22, 0x1
FFEB9DA0? 92C10038  stw     r22, 0x38(r1)
FFEB9DA4? 60DD0000  ori     r29, r6, 0x0
FFEB9DA8? 609C0000  ori     r28, r4, 0x0
FFEB9DAC? 607B0000  ori     r27, r3, 0x0
FFEB9DB0? 32410038  addic   r18, r1, 0x38
FFEB9DB4? 40820024  bne     loc_FFEB9DD8
FFEB9DB8? 38600000  li      r3, 0x0
FFEB9DBC? 80010080  lwz     r0, 0x80(r1)
FFEB9DC0? 8181007C  lwz     r12, 0x7C(r1)
FFEB9DC4? 30210078  addic   r1, r1, 0x78
FFEB9DC8? 7C0803A6  mtspr   LR, r0
FFEB9DCC? BA41FFC8  lmw     r18, -0x38(r1)
FFEB9DD0? 7D838120  mtcrf   0x38, r12
FFEB9DD4? 4E800020  blr
loc_FFEB9DD8:
FFEB9DD8? 809C0218  lwz     r4, 0x218(r28)
FFEB9DDC? 83DC0000  lwz     r30, 0x0(r28)
FFEB9DE0? 7FB92039  and.    r25, r29, r4
FFEB9DE4? 41820024  beq     loc_FFEB9E08
FFEB9DE8? 80BB0014  lwz     r5, 0x14(r27)
FFEB9DEC? 889C0055  lbz     r4, 0x55(r28)
FFEB9DF0? 54A504A5  rlwinm. r5, r5, 0, 18, 18
FFEB9DF4? 7F392010  subfc   r25, r25, r4
FFEB9DF8? 41820010  beq     loc_FFEB9E08
FFEB9DFC? 3860000E  li      r3, 0xE
FFEB9E00? 4800ACAD  bl      sub_FFEC4AAC
FFEB9E04? 80410014  lwz     r2, 0x14(r1)
loc_FFEB9E08:
FFEB9E08? 7C19D040  cmplw   r25, r26
FFEB9E0C? 40810008  ble     loc_FFEB9E14
FFEB9E10? 63590000  ori     r25, r26, 0x0
loc_FFEB9E14:
FFEB9E14? 2D190000  cmpwi   cr2, r25, 0x0
FFEB9E18? 418A0148  beq     cr2, loc_FFEB9F60
FFEB9E1C? 809B0014  lwz     r4, 0x14(r27)
FFEB9E20? 548404A5  rlwinm. r4, r4, 0, 18, 18
FFEB9E24? 41820010  beq     loc_FFEB9E34
FFEB9E28? 3860000E  li      r3, 0xE
FFEB9E2C? 4800AC81  bl      sub_FFEC4AAC
FFEB9E30? 80410014  lwz     r2, 0x14(r1)
loc_FFEB9E34:
FFEB9E34? 38800000  li      r4, 0x0
FFEB9E38? 989E0010  stb     r4, 0x10(r30)
FFEB9E3C? 9B3E0000  stb     r25, 0x0(r30)
FFEB9E40? 3BE00006  li      r31, 0x6
FFEB9E44? 48007335  bl      sub_FFEC1178
FFEB9E48? 60000000  nop
FFEB9E4C? 9BFE0030  stb     r31, 0x30(r30)
FFEB9E50? 48007329  bl      sub_FFEC1178
FFEB9E54? 60000000  nop
FFEB9E58? 418A004C  beq     cr2, loc_FFEB9EA4
FFEB9E5C? 889E00A0  lbz     r4, 0xA0(r30)
FFEB9E60? 2C040000  cmpwi   cr0, r4, 0x0
loc_FFEB9E64:
FFEB9E64? 408204D4  bne     loc_FFEBA338
FFEB9E68? 889E0060  lbz     r4, 0x60(r30)
FFEB9E6C? 2C040000  cmpwi   cr0, r4, 0x0
FFEB9E70? 41820024  beq     loc_FFEB9E94
FFEB9E74? 3739FFFF  addic.  r25, r25, -0x1
FFEB9E78? 889E0020  lbz     r4, 0x20(r30)
FFEB9E7C? 335AFFFF  addic   r26, r26, -0x1
FFEB9E80? 989D0000  stb     r4, 0x0(r29)
FFEB9E84? 33BD0001  addic   r29, r29, 0x1
FFEB9E88? 2D190000  cmpwi   cr2, r25, 0x0
FFEB9E8C? 480072ED  bl      sub_FFEC1178
FFEB9E90? 60000000  nop
loc_FFEB9E94:
FFEB9E94? 418A0010  beq     cr2, loc_FFEB9EA4
FFEB9E98? 889E00A0  lbz     r4, 0xA0(r30)
FFEB9E9C? 2C040000  cmpwi   cr0, r4, 0x0
FFEB9EA0? 4BFFFFC4  b       loc_FFEB9E64
loc_FFEB9EA4:
FFEB9EA4? 63830000  ori     r3, r28, 0x0
FFEB9EA8? 4800151D  bl      sub_FFEBB3C4
FFEB9EAC? 60000000  nop
FFEB9EB0? 480072C9  bl      sub_FFEC1178
FFEB9EB4? 60000000  nop
FFEB9EB8? 418A004C  beq     cr2, loc_FFEB9F04
FFEB9EBC? 889E0060  lbz     r4, 0x60(r30)
FFEB9EC0? 2C040000  cmpwi   cr0, r4, 0x0
FFEB9EC4? 41820040  beq     loc_FFEB9F04
FFEB9EC8? 33FDFFFF  addic   r31, r29, -0x1
FFEB9ECC? 3BA00001  li      r29, 0x1
loc_FFEB9ED0:
FFEB9ED0? 41820030  beq     loc_FFEB9F00
FFEB9ED4? 3739FFFF  addic.  r25, r25, -0x1
FFEB9ED8? 889E0020  lbz     r4, 0x20(r30)
FFEB9EDC? 335AFFFF  addic   r26, r26, -0x1
FFEB9EE0? 9C9F0001  stbu    r4, 0x1(r31)
FFEB9EE4? 48007295  bl      sub_FFEC1178
FFEB9EE8? 60000000  nop
FFEB9EEC? 2C190000  cmpwi   cr0, r25, 0x0
FFEB9EF0? 41820440  beq     loc_FFEBA330
FFEB9EF4? 889E0060  lbz     r4, 0x60(r30)
FFEB9EF8? 2C040000  cmpwi   cr0, r4, 0x0
FFEB9EFC? 4BFFFFD4  b       loc_FFEB9ED0
loc_FFEB9F00:
FFEB9F00? 7FBDF814  addc    r29, r29, r31
loc_FFEB9F04:
FFEB9F04? 889C01A6  lbz     r4, 0x1A6(r28)
FFEB9F08? 2C040001  cmpwi   cr0, r4, 0x1
FFEB9F0C? 41820024  beq     loc_FFEB9F30
FFEB9F10? 63430000  ori     r3, r26, 0x0
FFEB9F14? 80010080  lwz     r0, 0x80(r1)
FFEB9F18? 8181007C  lwz     r12, 0x7C(r1)
FFEB9F1C? 30210078  addic   r1, r1, 0x78
FFEB9F20? 7C0803A6  mtspr   LR, r0
FFEB9F24? BA41FFC8  lmw     r18, -0x38(r1)
FFEB9F28? 7D838120  mtcrf   0x38, r12
FFEB9F2C? 4E800020  blr
loc_FFEB9F30:
FFEB9F30? 2C1A0000  cmpwi   cr0, r26, 0x0
FFEB9F34? 4082002C  bne     loc_FFEB9F60
FFEB9F38? 38600001  li      r3, 0x1
FFEB9F3C? 987C01A6  stb     r3, 0x1A6(r28)
FFEB9F40? 38600000  li      r3, 0x0
FFEB9F44? 80010080  lwz     r0, 0x80(r1)
FFEB9F48? 8181007C  lwz     r12, 0x7C(r1)
FFEB9F4C? 30210078  addic   r1, r1, 0x78
FFEB9F50? 7C0803A6  mtspr   LR, r0
FFEB9F54? BA41FFC8  lmw     r18, -0x38(r1)
FFEB9F58? 7D838120  mtcrf   0x38, r12
FFEB9F5C? 4E800020  blr
loc_FFEB9F60:
FFEB9F60? 809C0218  lwz     r4, 0x218(r28)
FFEB9F64? 7F582039  and.    r24, r26, r4
FFEB9F68? 4D000000  mcrf    cr2, cr0
FFEB9F6C? 418A001C  beq     cr2, loc_FFEB9F88
FFEB9F70? 809B0014  lwz     r4, 0x14(r27)
FFEB9F74? 548404A5  rlwinm. r4, r4, 0, 18, 18
FFEB9F78? 41820010  beq     loc_FFEB9F88
FFEB9F7C? 3860000E  li      r3, 0xE
FFEB9F80? 4800AB2D  bl      sub_FFEC4AAC
FFEB9F84? 80410014  lwz     r2, 0x14(r1)
loc_FFEB9F88:
FFEB9F88? 7F58D010  subfc   r26, r24, r26
FFEB9F8C? 281AF000  cmplwi  cr0, r26, 0xF000
FFEB9F90? 4080000C  bge     loc_FFEB9F9C
FFEB9F94? 575F043E  clrlwi  r31, r26, 16
FFEB9F98? 4800000C  b       loc_FFEB9FA4
loc_FFEB9F9C:
FFEB9F9C? 3FE00000  lis     r31, 0x0000
FFEB9FA0? 63FFF000  ori     r31, r31, 0xF000
loc_FFEB9FA4:
FFEB9FA4? 2C1A0000  cmpwi   cr0, r26, 0x0
FFEB9FA8? 41820280  beq     loc_FFEBA228
FFEB9FAC? 3E800000  lis     r20, 0x0000
FFEB9FB0? 3AA00000  li      r21, 0x0
FFEB9FB4? 6294FF00  ori     r20, r20, 0xFF00
FFEB9FB8? 3A600086  li      r19, 0x86
loc_FFEB9FBC:
FFEB9FBC? 93BC01DC  stw     r29, 0x1DC(r28)
FFEB9FC0? 809B0014  lwz     r4, 0x14(r27)
FFEB9FC4? 62B70000  ori     r23, r21, 0x0
FFEB9FC8? 548404A5  rlwinm. r4, r4, 0, 18, 18
FFEB9FCC? 41820038  beq     loc_FFEBA004
FFEB9FD0? 3C600000  lis     r3, 0x0000
FFEB9FD4? 6063F000  ori     r3, r3, 0xF000
FFEB9FD8? 7C1F1800  cmpw    r31, r3
FFEB9FDC? 40810020  ble     loc_FFEB9FFC
FFEB9FE0? 3C600000  lis     r3, 0x0000
FFEB9FE4? 6063F000  ori     r3, r3, 0xF000
FFEB9FE8? 7C83F810  subfc   r4, r3, r31
FFEB9FEC? 3FE00000  lis     r31, 0x0000
FFEB9FF0? 5499043E  clrlwi  r25, r4, 16
FFEB9FF4? 63FFF000  ori     r31, r31, 0xF000
FFEB9FF8? 48000100  b       loc_FFEBA0F8
loc_FFEB9FFC:
FFEB9FFC? 63F90000  ori     r25, r31, 0x0
FFEBA000? 480000F8  b       loc_FFEBA0F8
loc_FFEBA004:
FFEBA004? 809C0084  lwz     r4, 0x84(r28)
FFEBA008? 7C1F2040  cmplw   r31, r4
FFEBA00C? 41810010  bgt     loc_FFEBA01C
FFEBA010? 83BC0074  lwz     r29, 0x74(r28)
FFEBA014? 3AE00001  li      r23, 0x1
FFEBA018? 480000E0  b       loc_FFEBA0F8
loc_FFEBA01C:
FFEBA01C? 889B00C1  lbz     r4, 0xC1(r27)
FFEBA020? 5484077A  rlwinm  r4, r4, 0, 29, 29
FFEBA024? 2C040004  cmpwi   cr0, r4, 0x4
FFEBA028? 41820010  beq     loc_FFEBA038
FFEBA02C? 889B0008  lbz     r4, 0x8(r27)
FFEBA030? 2C040084  cmpwi   cr0, r4, 0x84
FFEBA034? 4082002C  bne     loc_FFEBA060
loc_FFEBA038:
FFEBA038? 2C1F1000  cmpwi   cr0, r31, 0x1000
FFEBA03C? 83BC0074  lwz     r29, 0x74(r28)
FFEBA040? 3AE00001  li      r23, 0x1
FFEBA044? 40810014  ble     loc_FFEBA058
FFEBA048? 307FF000  addic   r3, r31, -0x1000
FFEBA04C? 5479043E  clrlwi  r25, r3, 16
FFEBA050? 3BE01000  li      r31, 0x1000
FFEBA054? 480000A4  b       loc_FFEBA0F8
loc_FFEBA058:
FFEBA058? 63F90000  ori     r25, r31, 0x0
FFEBA05C? 4800009C  b       loc_FFEBA0F8
loc_FFEBA060:
FFEBA060? 813B00E0  lwz     r9, 0xE0(r27)
FFEBA064? 811B00EC  lwz     r8, 0xEC(r27)
FFEBA068? 7CE84810  subfc   r7, r8, r9
FFEBA06C? 7C1D3840  cmplw   r29, r7
FFEBA070? 4180000C  blt     loc_FFEBA07C
FFEBA074? 7C1D4840  cmplw   r29, r9
FFEBA078? 41800060  blt     loc_FFEBA0D8
loc_FFEBA07C:
FFEBA07C? 93BB00E0  stw     r29, 0xE0(r27)
FFEBA080? 935B00E4  stw     r26, 0xE4(r27)
FFEBA084? 92D20000  stw     r22, 0x0(r18)
FFEBA088? 307B00E0  addic   r3, r27, 0xE0
FFEBA08C? 62440000  ori     r4, r18, 0x0
FFEBA090? 4800AA7D  bl      sub_FFEC4B0C
FFEBA094? 80410014  lwz     r2, 0x14(r1)
FFEBA098? 2C030000  cmpwi   cr0, r3, 0x0
FFEBA09C? 41820010  beq     loc_FFEBA0AC
FFEBA0A0? 3860000E  li      r3, 0xE
FFEBA0A4? 4800AA09  bl      sub_FFEC4AAC
FFEBA0A8? 80410014  lwz     r2, 0x14(r1)
loc_FFEBA0AC:
FFEBA0AC? 813B00E0  lwz     r9, 0xE0(r27)
FFEBA0B0? 7C09E840  cmplw   r9, r29
FFEBA0B4? 4082001C  bne     loc_FFEBA0D0
FFEBA0B8? 807B00EC  lwz     r3, 0xEC(r27)
FFEBA0BC? 7D234814  addc    r9, r3, r9
FFEBA0C0? 913B00E0  stw     r9, 0xE0(r27)
FFEBA0C4? 80BB00E4  lwz     r5, 0xE4(r27)
FFEBA0C8? 7CC32810  subfc   r6, r3, r5
FFEBA0CC? 90DB00E4  stw     r6, 0xE4(r27)
loc_FFEBA0D0:
FFEBA0D0? 811B00EC  lwz     r8, 0xEC(r27)
FFEBA0D4? 7CE84810  subfc   r7, r8, r9
loc_FFEBA0D8:
FFEBA0D8? 7C67E810  subfc   r3, r7, r29
FFEBA0DC? 63F90000  ori     r25, r31, 0x0
FFEBA0E0? 7D234010  subfc   r9, r3, r8
FFEBA0E4? 809B00E8  lwz     r4, 0xE8(r27)
FFEBA0E8? 7C194840  cmplw   r25, r9
FFEBA0EC? 7FA32014  addc    r29, r3, r4
FFEBA0F0? 40810008  ble     loc_FFEBA0F8
FFEBA0F4? 553F043E  clrlwi  r31, r9, 16
loc_FFEBA0F8:
FFEBA0F8? 57E3063E  clrlwi  r3, r31, 24
FFEBA0FC? 987E0000  stb     r3, 0x0(r30)
FFEBA100? 7FE4A038  and     r4, r31, r20
FFEBA104? 7C844670  srawi   r4, r4, 0x8
FFEBA108? 989E0010  stb     r4, 0x10(r30)
FFEBA10C? 4800706D  bl      sub_FFEC1178
FFEBA110? 60000000  nop
FFEBA114? 881E00A0  lbz     r0, 0xA0(r30)
FFEBA118? 2C000000  cmpwi   cr0, r0, 0x0
FFEBA11C? 41820014  beq     loc_FFEBA130
FFEBA120? 38600007  li      r3, 0x7
FFEBA124? 987E00A0  stb     r3, 0xA0(r30)
FFEBA128? 48007051  bl      sub_FFEC1178
FFEBA12C? 60000000  nop
loc_FFEBA130:
FFEBA130? 9A7E0030  stb     r19, 0x30(r30)
FFEBA134? 48007045  bl      sub_FFEC1178
FFEBA138? 60000000  nop
FFEBA13C? 819C0160  lwz     r12, 0x160(r28)
FFEBA140? 63E50000  ori     r5, r31, 0x0
FFEBA144? 63830000  ori     r3, r28, 0x0
FFEBA148? 63A40000  ori     r4, r29, 0x0
FFEBA14C? 38C00001  li      r6, 0x1
FFEBA150? 4800ABB5  bl      sub_FFEC4D04
FFEBA154? 80410014  lwz     r2, 0x14(r1)
FFEBA158? 63830000  ori     r3, r28, 0x0
FFEBA15C? 48001269  bl      sub_FFEBB3C4
FFEBA160? 60000000  nop
FFEBA164? 819C0164  lwz     r12, 0x164(r28)
FFEBA168? 63830000  ori     r3, r28, 0x0
FFEBA16C? 4800AB99  bl      sub_FFEC4D04
FFEBA170? 80410014  lwz     r2, 0x14(r1)
FFEBA174? 881E0010  lbz     r0, 0x10(r30)
FFEBA178? 897E0000  lbz     r11, 0x0(r30)
FFEBA17C? 895E0000  lbz     r10, 0x0(r30)
FFEBA180? 8BBE0010  lbz     r29, 0x10(r30)
FFEBA184? 5400402E  slwi    r0, r0, 8
FFEBA188? 5400043E  clrlwi  r0, r0, 16
FFEBA18C? 7D600378  or      r0, r11, r0
FFEBA190? 7C00F810  subfc   r0, r0, r31
FFEBA194? 541F043E  clrlwi  r31, r0, 16
FFEBA198? 48006FE1  bl      sub_FFEC1178
FFEBA19C? 60000000  nop
FFEBA1A0? 2C170000  cmpwi   cr0, r23, 0x0
FFEBA1A4? 41820020  beq     loc_FFEBA1C4
FFEBA1A8? 2C1F0000  cmpwi   cr0, r31, 0x0
FFEBA1AC? 41820018  beq     loc_FFEBA1C4
FFEBA1B0? 807C0078  lwz     r3, 0x78(r28)
FFEBA1B4? 809C01DC  lwz     r4, 0x1DC(r28)
FFEBA1B8? 63E50000  ori     r5, r31, 0x0
FFEBA1BC? 4800AA11  bl      sub_FFEC4BCC
FFEBA1C0? 80410014  lwz     r2, 0x14(r1)
loc_FFEBA1C4:
FFEBA1C4? 809C01DC  lwz     r4, 0x1DC(r28)
FFEBA1C8? 7F5FD011  subfc.  r26, r31, r26
FFEBA1CC? 7FBF2014  addc    r29, r31, r4
FFEBA1D0? 93BC01DC  stw     r29, 0x1DC(r28)
FFEBA1D4? 41820168  beq     loc_FFEBA33C
FFEBA1D8? 889C01B4  lbz     r4, 0x1B4(r28)
FFEBA1DC? 7C840774  extsb   r4, r4
FFEBA1E0? 5484077D  rlwinm. r4, r4, 0, 29, 30
FFEBA1E4? 41820028  beq     loc_FFEBA20C
FFEBA1E8? 889C01B5  lbz     r4, 0x1B5(r28)
FFEBA1EC? 7C840774  extsb   r4, r4
FFEBA1F0? 548407FE  clrlwi  r4, r4, 31
FFEBA1F4? 2C040001  cmpwi   cr0, r4, 0x1
FFEBA1F8? 4082002C  bne     loc_FFEBA224
FFEBA1FC? 3880000B  li      r4, 0xB
FFEBA200? 989E0030  stb     r4, 0x30(r30)
FFEBA204? 48006F75  bl      sub_FFEC1178
FFEBA208? 60000000  nop
loc_FFEBA20C:
FFEBA20C? 7C19D040  cmplw   r25, r26
FFEBA210? 4080000C  bge     loc_FFEBA21C
FFEBA214? 633F0000  ori     r31, r25, 0x0
FFEBA218? 4BFFFDA4  b       loc_FFEB9FBC
loc_FFEBA21C:
FFEBA21C? 575F043E  clrlwi  r31, r26, 16
FFEBA220? 4BFFFD9C  b       loc_FFEB9FBC
loc_FFEBA224:
FFEBA224? 83BC01DC  lwz     r29, 0x1DC(r28)
loc_FFEBA228:
FFEBA228? 418A00C4  beq     cr2, loc_FFEBA2EC
FFEBA22C? 38800000  li      r4, 0x0
FFEBA230? 989E0010  stb     r4, 0x10(r30)
FFEBA234? 9B1E0000  stb     r24, 0x0(r30)
FFEBA238? 3BE00006  li      r31, 0x6
FFEBA23C? 48006F3D  bl      sub_FFEC1178
FFEBA240? 60000000  nop
FFEBA244? 9BFE0030  stb     r31, 0x30(r30)
FFEBA248? 48006F31  bl      sub_FFEC1178
FFEBA24C? 60000000  nop
FFEBA250? 418A0048  beq     cr2, loc_FFEBA298
FFEBA254? 889E00A0  lbz     r4, 0xA0(r30)
FFEBA258? 2C040000  cmpwi   cr0, r4, 0x0
loc_FFEBA25C:
FFEBA25C? 408200E4  bne     loc_FFEBA340
FFEBA260? 889E0060  lbz     r4, 0x60(r30)
FFEBA264? 2C040000  cmpwi   cr0, r4, 0x0
FFEBA268? 41820020  beq     loc_FFEBA288
FFEBA26C? 3718FFFF  addic.  r24, r24, -0x1
FFEBA270? 889E0020  lbz     r4, 0x20(r30)
FFEBA274? 2D180000  cmpwi   cr2, r24, 0x0
FFEBA278? 989D0000  stb     r4, 0x0(r29)
FFEBA27C? 33BD0001  addic   r29, r29, 0x1
FFEBA280? 48006EF9  bl      sub_FFEC1178
FFEBA284? 60000000  nop
loc_FFEBA288:
FFEBA288? 418A0010  beq     cr2, loc_FFEBA298
FFEBA28C? 889E00A0  lbz     r4, 0xA0(r30)
FFEBA290? 2C040000  cmpwi   cr0, r4, 0x0
FFEBA294? 4BFFFFC8  b       loc_FFEBA25C
loc_FFEBA298:
FFEBA298? 63830000  ori     r3, r28, 0x0
FFEBA29C? 48001129  bl      sub_FFEBB3C4
FFEBA2A0? 60000000  nop
FFEBA2A4? 48006ED5  bl      sub_FFEC1178
FFEBA2A8? 60000000  nop
FFEBA2AC? 418A0040  beq     cr2, loc_FFEBA2EC
FFEBA2B0? 887E0060  lbz     r3, 0x60(r30)
FFEBA2B4? 2C030000  cmpwi   cr0, r3, 0x0
FFEBA2B8? 41820034  beq     loc_FFEBA2EC
FFEBA2BC? 33FDFFFF  addic   r31, r29, -0x1
loc_FFEBA2C0:
FFEBA2C0? 41820084  beq     loc_FFEBA344
FFEBA2C4? 3718FFFF  addic.  r24, r24, -0x1
FFEBA2C8? 887E0020  lbz     r3, 0x20(r30)
FFEBA2CC? 9C7F0001  stbu    r3, 0x1(r31)
FFEBA2D0? 48006EA9  bl      sub_FFEC1178
FFEBA2D4? 60000000  nop
FFEBA2D8? 2C180000  cmpwi   cr0, r24, 0x0
FFEBA2DC? 41820010  beq     loc_FFEBA2EC
FFEBA2E0? 887E0060  lbz     r3, 0x60(r30)
FFEBA2E4? 2C030000  cmpwi   cr0, r3, 0x0
FFEBA2E8? 4BFFFFD8  b       loc_FFEBA2C0
loc_FFEBA2EC:
FFEBA2EC? 887C01A6  lbz     r3, 0x1A6(r28)
FFEBA2F0? 2C030001  cmpwi   cr0, r3, 0x1
FFEBA2F4? 41820018  beq     loc_FFEBA30C
FFEBA2F8? 887E0060  lbz     r3, 0x60(r30)
FFEBA2FC? 2C030000  cmpwi   cr0, r3, 0x0
FFEBA300? 4182000C  beq     loc_FFEBA30C
FFEBA304? 38600001  li      r3, 0x1
FFEBA308? 987C01A6  stb     r3, 0x1A6(r28)
loc_FFEBA30C:
FFEBA30C? 63430000  ori     r3, r26, 0x0
FFEBA310? 7C63C014  addc    r3, r3, r24
FFEBA314? 80010080  lwz     r0, 0x80(r1)
FFEBA318? 8181007C  lwz     r12, 0x7C(r1)
FFEBA31C? 30210078  addic   r1, r1, 0x78
FFEBA320? 7C0803A6  mtspr   LR, r0
FFEBA324? BA41FFC8  lmw     r18, -0x38(r1)
FFEBA328? 7D838120  mtcrf   0x38, r12
FFEBA32C? 4E800020  blr
loc_FFEBA330:
FFEBA330? 7FBDF814  addc    r29, r29, r31
FFEBA334? 4BFFFBD0  b       loc_FFEB9F04
loc_FFEBA338:
FFEBA338? 4BFFFB6C  b       loc_FFEB9EA4
loc_FFEBA33C:
FFEBA33C? 4BFFFEE8  b       loc_FFEBA224
loc_FFEBA340:
FFEBA340? 4BFFFF58  b       loc_FFEBA298
loc_FFEBA344:
FFEBA344? 4BFFFFA8  b       loc_FFEBA2EC
FFEBA348? 80010080  lwz     r0, 0x80(r1)
FFEBA34C? 8181007C  lwz     r12, 0x7C(r1)
FFEBA350? 30210078  addic   r1, r1, 0x78
FFEBA354? 7C0803A6  mtspr   LR, r0
FFEBA358? BA41FFC8  lmw     r18, -0x38(r1)
FFEBA35C? 7D838120  mtcrf   0x38, r12
FFEBA360? 4E800020  blr
FFEBA364? 2C050000  cmpwi   cr0, r5, 0x0
FFEBA368? 4082000C  bne     loc_FFEBA374
FFEBA36C? 38600000  li      r3, 0x0
FFEBA370? 4E800020  blr
loc_FFEBA374:
FFEBA374? 7C0802A6  mfspr   r0, LR
FFEBA378? BF21FFE4  stmw    r25, -0x1C(r1)
FFEBA37C? 90010008  stw     r0, 0x8(r1)
FFEBA380? 9421FFA8  stwu    r1, -0x58(r1)
FFEBA384? 60DF0000  ori     r31, r6, 0x0
FFEBA388? 60BC0000  ori     r28, r5, 0x0
FFEBA38C? 609B0000  ori     r27, r4, 0x0
FFEBA390? 3F400000  lis     r26, 0x0000
FFEBA394? 83DB0000  lwz     r30, 0x0(r27)
FFEBA398? 635AFF00  ori     r26, r26, 0xFF00
FFEBA39C? 3B200005  li      r25, 0x5
FFEBA3A0? 48000010  b       loc_FFEBA3B0
loc_FFEBA3A4:
FFEBA3A4? 48000174  b       loc_FFEBA518
loc_FFEBA3A8:
FFEBA3A8? 48000170  b       loc_FFEBA518
loc_FFEBA3AC:
FFEBA3AC? 4082016C  bne     loc_FFEBA518
loc_FFEBA3B0:
FFEBA3B0? 281C0200  cmplwi  cr0, r28, 0x200
FFEBA3B4? 4081000C  ble     loc_FFEBA3C0
FFEBA3B8? 3BA00200  li      r29, 0x200
FFEBA3BC? 48000008  b       loc_FFEBA3C4
loc_FFEBA3C0:
FFEBA3C0? 639D0000  ori     r29, r28, 0x0
loc_FFEBA3C4:
FFEBA3C4? 7FA4D038  and     r4, r29, r26
FFEBA3C8? 5484C23E  srwi    r4, r4, 8
FFEBA3CC? 989E0010  stb     r4, 0x10(r30)
FFEBA3D0? 57A5063E  clrlwi  r5, r29, 24
FFEBA3D4? 98BE0000  stb     r5, 0x0(r30)
FFEBA3D8? 7F9DE010  subfc   r28, r29, r28
FFEBA3DC? 48006D9D  bl      sub_FFEC1178
FFEBA3E0? 60000000  nop
FFEBA3E4? 9B3E0030  stb     r25, 0x30(r30)
FFEBA3E8? 48006D91  bl      sub_FFEC1178
FFEBA3EC? 60000000  nop
FFEBA3F0? 881E00A0  lbz     r0, 0xA0(r30)
FFEBA3F4? 2C000000  cmpwi   cr0, r0, 0x0
FFEBA3F8? 408200EC  bne     loc_FFEBA4E4
FFEBA3FC? 2C1D0000  cmpwi   cr0, r29, 0x0
loc_FFEBA400:
FFEBA400? 41820170  beq     loc_FFEBA570
FFEBA404? 281D0010  cmplwi  cr0, r29, 0x10
FFEBA408? 418000A4  blt     loc_FFEBA4AC
FFEBA40C? 889E0060  lbz     r4, 0x60(r30)
FFEBA410? 2C040000  cmpwi   cr0, r4, 0x0
FFEBA414? 408200BC  bne     loc_FFEBA4D0
FFEBA418? 889F0000  lbz     r4, 0x0(r31)
FFEBA41C? 33BDFFF0  addic   r29, r29, -0x10
FFEBA420? 989E0020  stb     r4, 0x20(r30)
FFEBA424? 88BF0001  lbz     r5, 0x1(r31)
FFEBA428? 98BE0020  stb     r5, 0x20(r30)
FFEBA42C? 88DF0002  lbz     r6, 0x2(r31)
FFEBA430? 98DE0020  stb     r6, 0x20(r30)
FFEBA434? 88FF0003  lbz     r7, 0x3(r31)
FFEBA438? 98FE0020  stb     r7, 0x20(r30)
FFEBA43C? 891F0004  lbz     r8, 0x4(r31)
FFEBA440? 991E0020  stb     r8, 0x20(r30)
FFEBA444? 893F0005  lbz     r9, 0x5(r31)
FFEBA448? 993E0020  stb     r9, 0x20(r30)
FFEBA44C? 895F0006  lbz     r10, 0x6(r31)
FFEBA450? 995E0020  stb     r10, 0x20(r30)
FFEBA454? 897F0007  lbz     r11, 0x7(r31)
FFEBA458? 997E0020  stb     r11, 0x20(r30)
FFEBA45C? 899F0008  lbz     r12, 0x8(r31)
FFEBA460? 999E0020  stb     r12, 0x20(r30)
FFEBA464? 881F0009  lbz     r0, 0x9(r31)
FFEBA468? 981E0020  stb     r0, 0x20(r30)
FFEBA46C? 881F000A  lbz     r0, 0xA(r31)
FFEBA470? 981E0020  stb     r0, 0x20(r30)
FFEBA474? 881F000B  lbz     r0, 0xB(r31)
FFEBA478? 981E0020  stb     r0, 0x20(r30)
FFEBA47C? 881F000C  lbz     r0, 0xC(r31)
FFEBA480? 981E0020  stb     r0, 0x20(r30)
FFEBA484? 881F000D  lbz     r0, 0xD(r31)
FFEBA488? 981E0020  stb     r0, 0x20(r30)
FFEBA48C? 881F000E  lbz     r0, 0xE(r31)
FFEBA490? 981E0020  stb     r0, 0x20(r30)
FFEBA494? 881F000F  lbz     r0, 0xF(r31)
FFEBA498? 33FF0010  addic   r31, r31, 0x10
FFEBA49C? 981E0020  stb     r0, 0x20(r30)
FFEBA4A0? 48006CD9  bl      sub_FFEC1178
FFEBA4A4? 60000000  nop
FFEBA4A8? 48000028  b       loc_FFEBA4D0
loc_FFEBA4AC:
FFEBA4AC? 889E0060  lbz     r4, 0x60(r30)
FFEBA4B0? 2C040010  cmpwi   cr0, r4, 0x10
FFEBA4B4? 4080001C  bge     loc_FFEBA4D0
FFEBA4B8? 889F0000  lbz     r4, 0x0(r31)
FFEBA4BC? 33FF0001  addic   r31, r31, 0x1
FFEBA4C0? 989E0020  stb     r4, 0x20(r30)
FFEBA4C4? 33BDFFFF  addic   r29, r29, -0x1
FFEBA4C8? 48006CB1  bl      sub_FFEC1178
FFEBA4CC? 60000000  nop
loc_FFEBA4D0:
FFEBA4D0? 889E00A0  lbz     r4, 0xA0(r30)
FFEBA4D4? 2C040000  cmpwi   cr0, r4, 0x0
FFEBA4D8? 4082000C  bne     loc_FFEBA4E4
FFEBA4DC? 2C1D0000  cmpwi   cr0, r29, 0x0
FFEBA4E0? 4BFFFF20  b       loc_FFEBA400
loc_FFEBA4E4:
FFEBA4E4? 63630000  ori     r3, r27, 0x0
FFEBA4E8? 7F9CE814  addc    r28, r28, r29
FFEBA4EC? 48000ED9  bl      sub_FFEBB3C4
FFEBA4F0? 60000000  nop
FFEBA4F4? 881B01A6  lbz     r0, 0x1A6(r27)
FFEBA4F8? 2C000000  cmpwi   cr0, r0, 0x0
FFEBA4FC? 4082FEA8  bne     loc_FFEBA3A4
FFEBA500? 2C1C0000  cmpwi   cr0, r28, 0x0
FFEBA504? 4182FEA4  beq     loc_FFEBA3A8
FFEBA508? 889B01B4  lbz     r4, 0x1B4(r27)
FFEBA50C? 7C840774  extsb   r4, r4
FFEBA510? 5484077D  rlwinm. r4, r4, 0, 29, 30
FFEBA514? 4BFFFE98  b       loc_FFEBA3AC
loc_FFEBA518:
FFEBA518? 8BBE0060  lbz     r29, 0x60(r30)
FFEBA51C? 7FFDE014  addc    r31, r29, r28
FFEBA520? 48006C59  bl      sub_FFEC1178
FFEBA524? 60000000  nop
FFEBA528? 2C1D0000  cmpwi   cr0, r29, 0x0
FFEBA52C? 4182002C  beq     loc_FFEBA558
FFEBA530? 3860000F  li      r3, 0xF
FFEBA534? 987E0030  stb     r3, 0x30(r30)
FFEBA538? 48006C41  bl      sub_FFEC1178
FFEBA53C? 60000000  nop
FFEBA540? 63E30000  ori     r3, r31, 0x0
FFEBA544? 80010060  lwz     r0, 0x60(r1)
FFEBA548? 30210058  addic   r1, r1, 0x58
FFEBA54C? 7C0803A6  mtspr   LR, r0
FFEBA550? BB21FFE4  lmw     r25, -0x1C(r1)
FFEBA554? 4E800020  blr
loc_FFEBA558:
FFEBA558? 63E30000  ori     r3, r31, 0x0
FFEBA55C? 80010060  lwz     r0, 0x60(r1)
FFEBA560? 30210058  addic   r1, r1, 0x58
FFEBA564? 7C0803A6  mtspr   LR, r0
FFEBA568? BB21FFE4  lmw     r25, -0x1C(r1)
FFEBA56C? 4E800020  blr
loc_FFEBA570:
FFEBA570? 4BFFFF74  b       loc_FFEBA4E4
FFEBA574? 80010060  lwz     r0, 0x60(r1)
FFEBA578? 30210058  addic   r1, r1, 0x58
FFEBA57C? 7C0803A6  mtspr   LR, r0
FFEBA580? BB21FFE4  lmw     r25, -0x1C(r1)
FFEBA584? 4E800020  blr
FFEBA588? 7C0802A6  mfspr   r0, LR
FFEBA58C? BE41FFC8  stmw    r18, -0x38(r1)
FFEBA590? 90010008  stw     r0, 0x8(r1)
FFEBA594? 9421FF88  stwu    r1, -0x78(r1)
FFEBA598? 60BA0000  ori     r26, r5, 0x0
FFEBA59C? 2C1A0000  cmpwi   cr0, r26, 0x0
FFEBA5A0? 3A400001  li      r18, 0x1
FFEBA5A4? 92410038  stw     r18, 0x38(r1)
FFEBA5A8? 60DC0000  ori     r28, r6, 0x0
FFEBA5AC? 609E0000  ori     r30, r4, 0x0
FFEBA5B0? 607D0000  ori     r29, r3, 0x0
FFEBA5B4? 32610038  addic   r19, r1, 0x38
FFEBA5B8? 4082001C  bne     loc_FFEBA5D4
FFEBA5BC? 38600000  li      r3, 0x0
FFEBA5C0? 80010080  lwz     r0, 0x80(r1)
FFEBA5C4? 30210078  addic   r1, r1, 0x78
FFEBA5C8? 7C0803A6  mtspr   LR, r0
FFEBA5CC? BA41FFC8  lmw     r18, -0x38(r1)
FFEBA5D0? 4E800020  blr
loc_FFEBA5D4:
FFEBA5D4? 574507FE  clrlwi  r5, r26, 31
FFEBA5D8? 54B7063F  clrlwi. r23, r5, 24
FFEBA5DC? 837E0000  lwz     r27, 0x0(r30)
FFEBA5E0? 418200E4  beq     loc_FFEBA6C4
FFEBA5E4? 807D0014  lwz     r3, 0x14(r29)
FFEBA5E8? 546304A5  rlwinm. r3, r3, 0, 18, 18
FFEBA5EC? 41820010  beq     loc_FFEBA5FC
FFEBA5F0? 3860000E  li      r3, 0xE
FFEBA5F4? 4800A4B9  bl      sub_FFEC4AAC
FFEBA5F8? 80410014  lwz     r2, 0x14(r1)
loc_FFEBA5FC:
FFEBA5FC? 3AE00000  li      r23, 0x0
FFEBA600? 9AFB0010  stb     r23, 0x10(r27)
FFEBA604? 38600001  li      r3, 0x1
FFEBA608? 987B0000  stb     r3, 0x0(r27)
FFEBA60C? 335AFFFF  addic   r26, r26, -0x1
FFEBA610? 48006B69  bl      sub_FFEC1178
FFEBA614? 60000000  nop
FFEBA618? 8B3B00A0  lbz     r25, 0xA0(r27)
FFEBA61C? 2C190000  cmpwi   cr0, r25, 0x0
FFEBA620? 41820014  beq     loc_FFEBA634
FFEBA624? 38600007  li      r3, 0x7
FFEBA628? 987B00A0  stb     r3, 0xA0(r27)
FFEBA62C? 48006B4D  bl      sub_FFEC1178
FFEBA630? 60000000  nop
loc_FFEBA634:
FFEBA634? 38A00005  li      r5, 0x5
FFEBA638? 98BB0030  stb     r5, 0x30(r27)
FFEBA63C? 48006B3D  bl      sub_FFEC1178
FFEBA640? 60000000  nop
FFEBA644? 8BFC0000  lbz     r31, 0x0(r28)
FFEBA648? 339C0001  addic   r28, r28, 0x1
FFEBA64C? 9BFB0020  stb     r31, 0x20(r27)
FFEBA650? 48006B29  bl      sub_FFEC1178
FFEBA654? 60000000  nop
FFEBA658? 63C30000  ori     r3, r30, 0x0
FFEBA65C? 48000D69  bl      sub_FFEBB3C4
FFEBA660? 60000000  nop
FFEBA664? 8B3E01A6  lbz     r25, 0x1A6(r30)
FFEBA668? 2C190000  cmpwi   cr0, r25, 0x0
FFEBA66C? 41820034  beq     loc_FFEBA6A0
FFEBA670? 8BFB0060  lbz     r31, 0x60(r27)
FFEBA674? 3BC0000F  li      r30, 0xF
FFEBA678? 48006B01  bl      sub_FFEC1178
FFEBA67C? 60000000  nop
FFEBA680? 63430000  ori     r3, r26, 0x0
FFEBA684? 9BDB0030  stb     r30, 0x30(r27)
FFEBA688? 7C7F1814  addc    r3, r31, r3
FFEBA68C? 80010080  lwz     r0, 0x80(r1)
FFEBA690? 30210078  addic   r1, r1, 0x78
FFEBA694? 7C0803A6  mtspr   LR, r0
FFEBA698? BA41FFC8  lmw     r18, -0x38(r1)
FFEBA69C? 4E800020  blr
loc_FFEBA6A0:
FFEBA6A0? 2C1A0000  cmpwi   cr0, r26, 0x0
FFEBA6A4? 40820020  bne     loc_FFEBA6C4
FFEBA6A8? 9AFE01A6  stb     r23, 0x1A6(r30)
FFEBA6AC? 38600000  li      r3, 0x0
FFEBA6B0? 80010080  lwz     r0, 0x80(r1)
FFEBA6B4? 30210078  addic   r1, r1, 0x78
FFEBA6B8? 7C0803A6  mtspr   LR, r0
FFEBA6BC? BA41FFC8  lmw     r18, -0x38(r1)
FFEBA6C0? 4E800020  blr
loc_FFEBA6C4:
FFEBA6C4? 281AF000  cmplwi  cr0, r26, 0xF000
FFEBA6C8? 4080000C  bge     loc_FFEBA6D4
FFEBA6CC? 575F043E  clrlwi  r31, r26, 16
FFEBA6D0? 4800000C  b       loc_FFEBA6DC
loc_FFEBA6D4:
FFEBA6D4? 3FE00000  lis     r31, 0x0000
FFEBA6D8? 63FFF000  ori     r31, r31, 0xF000
loc_FFEBA6DC:
FFEBA6DC? 3B000000  li      r24, 0x0
FFEBA6E0? 63140000  ori     r20, r24, 0x0
loc_FFEBA6E4:
FFEBA6E4? 939E01DC  stw     r28, 0x1DC(r30)
FFEBA6E8? 80BD0014  lwz     r5, 0x14(r29)
FFEBA6EC? 54A504A5  rlwinm. r5, r5, 0, 18, 18
FFEBA6F0? 41820038  beq     loc_FFEBA728
FFEBA6F4? 3CA00000  lis     r5, 0x0000
FFEBA6F8? 60A5F000  ori     r5, r5, 0xF000
FFEBA6FC? 7C1F2800  cmpw    r31, r5
FFEBA700? 40810020  ble     loc_FFEBA720
FFEBA704? 3CA00000  lis     r5, 0x0000
FFEBA708? 60A5F000  ori     r5, r5, 0xF000
FFEBA70C? 7CC5F810  subfc   r6, r5, r31
FFEBA710? 3FE00000  lis     r31, 0x0000
FFEBA714? 54D9043E  clrlwi  r25, r6, 16
FFEBA718? 63FFF000  ori     r31, r31, 0xF000
FFEBA71C? 48000108  b       loc_FFEBA824
loc_FFEBA720:
FFEBA720? 63F90000  ori     r25, r31, 0x0
FFEBA724? 48000100  b       loc_FFEBA824
loc_FFEBA728:
FFEBA728? 80BE0084  lwz     r5, 0x84(r30)
FFEBA72C? 7C1F2840  cmplw   r31, r5
FFEBA730? 41810010  bgt     loc_FFEBA740
FFEBA734? 839E0074  lwz     r28, 0x74(r30)
FFEBA738? 3B000001  li      r24, 0x1
FFEBA73C? 480000E8  b       loc_FFEBA824
loc_FFEBA740:
FFEBA740? 88BD00C1  lbz     r5, 0xC1(r29)
FFEBA744? 54A5077A  rlwinm  r5, r5, 0, 29, 29
FFEBA748? 2C050004  cmpwi   cr0, r5, 0x4
FFEBA74C? 41820018  beq     loc_FFEBA764
FFEBA750? 88BD0008  lbz     r5, 0x8(r29)
FFEBA754? 2C050084  cmpwi   cr0, r5, 0x84
FFEBA758? 4182000C  beq     loc_FFEBA764
FFEBA75C? 2C170000  cmpwi   cr0, r23, 0x0
FFEBA760? 4182002C  beq     loc_FFEBA78C
loc_FFEBA764:
FFEBA764? 2C1F1000  cmpwi   cr0, r31, 0x1000
FFEBA768? 839E0074  lwz     r28, 0x74(r30)
FFEBA76C? 3B000001  li      r24, 0x1
FFEBA770? 40810014  ble     loc_FFEBA784
FFEBA774? 30BFF000  addic   r5, r31, -0x1000
FFEBA778? 54B9043E  clrlwi  r25, r5, 16
FFEBA77C? 3BE01000  li      r31, 0x1000
FFEBA780? 480000A4  b       loc_FFEBA824
loc_FFEBA784:
FFEBA784? 63F90000  ori     r25, r31, 0x0
FFEBA788? 4800009C  b       loc_FFEBA824
loc_FFEBA78C:
FFEBA78C? 813D00E0  lwz     r9, 0xE0(r29)
FFEBA790? 811D00EC  lwz     r8, 0xEC(r29)
FFEBA794? 7CE84810  subfc   r7, r8, r9
FFEBA798? 7C1C3840  cmplw   r28, r7
FFEBA79C? 4180000C  blt     loc_FFEBA7A8
FFEBA7A0? 7C1C4840  cmplw   r28, r9
FFEBA7A4? 41800060  blt     loc_FFEBA804
loc_FFEBA7A8:
FFEBA7A8? 939D00E0  stw     r28, 0xE0(r29)
FFEBA7AC? 935D00E4  stw     r26, 0xE4(r29)
FFEBA7B0? 92530000  stw     r18, 0x0(r19)
FFEBA7B4? 307D00E0  addic   r3, r29, 0xE0
FFEBA7B8? 62640000  ori     r4, r19, 0x0
FFEBA7BC? 4800A351  bl      sub_FFEC4B0C
FFEBA7C0? 80410014  lwz     r2, 0x14(r1)
FFEBA7C4? 2C030000  cmpwi   cr0, r3, 0x0
FFEBA7C8? 41820010  beq     loc_FFEBA7D8
FFEBA7CC? 3860000E  li      r3, 0xE
FFEBA7D0? 4800A2DD  bl      sub_FFEC4AAC
FFEBA7D4? 80410014  lwz     r2, 0x14(r1)
loc_FFEBA7D8:
FFEBA7D8? 813D00E0  lwz     r9, 0xE0(r29)
FFEBA7DC? 7C09E040  cmplw   r9, r28
FFEBA7E0? 4082001C  bne     loc_FFEBA7FC
FFEBA7E4? 80BD00EC  lwz     r5, 0xEC(r29)
FFEBA7E8? 7D254814  addc    r9, r5, r9
FFEBA7EC? 913D00E0  stw     r9, 0xE0(r29)
FFEBA7F0? 80FD00E4  lwz     r7, 0xE4(r29)
FFEBA7F4? 7D053810  subfc   r8, r5, r7
FFEBA7F8? 911D00E4  stw     r8, 0xE4(r29)
loc_FFEBA7FC:
FFEBA7FC? 811D00EC  lwz     r8, 0xEC(r29)
FFEBA800? 7CE84810  subfc   r7, r8, r9
loc_FFEBA804:
FFEBA804? 7CA7E010  subfc   r5, r7, r28
FFEBA808? 63F90000  ori     r25, r31, 0x0
FFEBA80C? 7D254010  subfc   r9, r5, r8
FFEBA810? 80DD00E8  lwz     r6, 0xE8(r29)
FFEBA814? 7C194840  cmplw   r25, r9
FFEBA818? 7F853014  addc    r28, r5, r6
FFEBA81C? 40810008  ble     loc_FFEBA824
FFEBA820? 553F043E  clrlwi  r31, r9, 16
loc_FFEBA824:
FFEBA824? 2C1F0001  cmpwi   cr0, r31, 0x1
FFEBA828? 4082004C  bne     loc_FFEBA874
FFEBA82C? 38A00000  li      r5, 0x0
FFEBA830? 98BB0010  stb     r5, 0x10(r27)
FFEBA834? 38C00001  li      r6, 0x1
FFEBA838? 98DB0000  stb     r6, 0x0(r27)
FFEBA83C? 3B000005  li      r24, 0x5
FFEBA840? 48006939  bl      sub_FFEC1178
FFEBA844? 60000000  nop
FFEBA848? 9B1B0030  stb     r24, 0x30(r27)
FFEBA84C? 4800692D  bl      sub_FFEC1178
FFEBA850? 60000000  nop
FFEBA854? 8ADC0000  lbz     r22, 0x0(r28)
FFEBA858? 9ADB0020  stb     r22, 0x20(r27)
FFEBA85C? 4800691D  bl      sub_FFEC1178
FFEBA860? 60000000  nop
FFEBA864? 63C30000  ori     r3, r30, 0x0
FFEBA868? 48000B5D  bl      sub_FFEBB3C4
FFEBA86C? 60000000  nop
FFEBA870? 480000D8  b       loc_FFEBA948
loc_FFEBA874:
FFEBA874? 57E507FF  clrlwi. r5, r31, 31
FFEBA878? 3EC00000  lis     r22, 0x0000
FFEBA87C? 62D6FF00  ori     r22, r22, 0xFF00
FFEBA880? 3AA00085  li      r21, 0x85
FFEBA884? 41820010  beq     loc_FFEBA894
FFEBA888? 57E5043C  rlwinm  r5, r31, 0, 16, 30
FFEBA88C? 54BF043E  clrlwi  r31, r5, 16
FFEBA890? 3AE00001  li      r23, 0x1
loc_FFEBA894:
FFEBA894? 2C180000  cmpwi   cr0, r24, 0x0
FFEBA898? 41820018  beq     loc_FFEBA8B0
FFEBA89C? 807E01DC  lwz     r3, 0x1DC(r30)
FFEBA8A0? 809E0078  lwz     r4, 0x78(r30)
FFEBA8A4? 63E50000  ori     r5, r31, 0x0
FFEBA8A8? 4800A325  bl      sub_FFEC4BCC
FFEBA8AC? 80410014  lwz     r2, 0x14(r1)
loc_FFEBA8B0:
FFEBA8B0? 57E5063E  clrlwi  r5, r31, 24
FFEBA8B4? 98BB0000  stb     r5, 0x0(r27)
FFEBA8B8? 7FE6B038  and     r6, r31, r22
FFEBA8BC? 7CC64670  srawi   r6, r6, 0x8
FFEBA8C0? 98DB0010  stb     r6, 0x10(r27)
FFEBA8C4? 480068B5  bl      sub_FFEC1178
FFEBA8C8? 60000000  nop
FFEBA8CC? 8B1B00A0  lbz     r24, 0xA0(r27)
FFEBA8D0? 2C180000  cmpwi   cr0, r24, 0x0
FFEBA8D4? 41820014  beq     loc_FFEBA8E8
FFEBA8D8? 38A00007  li      r5, 0x7
FFEBA8DC? 98BB00A0  stb     r5, 0xA0(r27)
FFEBA8E0? 48006899  bl      sub_FFEC1178
FFEBA8E4? 60000000  nop
loc_FFEBA8E8:
FFEBA8E8? 9ABB0030  stb     r21, 0x30(r27)
FFEBA8EC? 4800688D  bl      sub_FFEC1178
FFEBA8F0? 60000000  nop
FFEBA8F4? 8B1B00A0  lbz     r24, 0xA0(r27)
FFEBA8F8? 2C180000  cmpwi   cr0, r24, 0x0
FFEBA8FC? 40820040  bne     loc_FFEBA93C
FFEBA900? 819E0160  lwz     r12, 0x160(r30)
FFEBA904? 63C30000  ori     r3, r30, 0x0
FFEBA908? 63840000  ori     r4, r28, 0x0
FFEBA90C? 63E50000  ori     r5, r31, 0x0
FFEBA910? 38C00000  li      r6, 0x0
FFEBA914? 4800A3F1  bl      sub_FFEC4D04
FFEBA918? 80410014  lwz     r2, 0x14(r1)
FFEBA91C? 63C30000  ori     r3, r30, 0x0
FFEBA920? 48000AA5  bl      sub_FFEBB3C4
FFEBA924? 60000000  nop
FFEBA928? 819E0168  lwz     r12, 0x168(r30)
FFEBA92C? 63C30000  ori     r3, r30, 0x0
FFEBA930? 4800A3D5  bl      sub_FFEC4D04
FFEBA934? 80410014  lwz     r2, 0x14(r1)
FFEBA938? 48000010  b       loc_FFEBA948
loc_FFEBA93C:
FFEBA93C? 63C30000  ori     r3, r30, 0x0
FFEBA940? 48000A85  bl      sub_FFEBB3C4
FFEBA944? 60000000  nop
loc_FFEBA948:
FFEBA948? 80BE01DC  lwz     r5, 0x1DC(r30)
FFEBA94C? 7F5FD010  subfc   r26, r31, r26
FFEBA950? 7F85F814  addc    r28, r5, r31
FFEBA954? 939E01DC  stw     r28, 0x1DC(r30)
FFEBA958? 88FE01B4  lbz     r7, 0x1B4(r30)
FFEBA95C? 7CE70774  extsb   r7, r7
FFEBA960? 54E7077D  rlwinm. r7, r7, 0, 29, 30
FFEBA964? 4082009C  bne     loc_FFEBAA00
FFEBA968? 2C1A0000  cmpwi   cr0, r26, 0x0
FFEBA96C? 41820020  beq     loc_FFEBA98C
FFEBA970? 7C19D040  cmplw   r25, r26
FFEBA974? 62980000  ori     r24, r20, 0x0
FFEBA978? 4080000C  bge     loc_FFEBA984
FFEBA97C? 633F0000  ori     r31, r25, 0x0
FFEBA980? 4BFFFD64  b       loc_FFEBA6E4
loc_FFEBA984:
FFEBA984? 575F043E  clrlwi  r31, r26, 16
FFEBA988? 4BFFFD5C  b       loc_FFEBA6E4
loc_FFEBA98C:
FFEBA98C? 8BFB0060  lbz     r31, 0x60(r27)
FFEBA990? 2C1F0000  cmpwi   cr0, r31, 0x0
FFEBA994? 41820014  beq     loc_FFEBA9A8
FFEBA998? 3860000F  li      r3, 0xF
FFEBA99C? 987B0030  stb     r3, 0x30(r27)
FFEBA9A0? 480067D9  bl      sub_FFEC1178
FFEBA9A4? 60000000  nop
loc_FFEBA9A8:
FFEBA9A8? 88DE01A6  lbz     r6, 0x1A6(r30)
FFEBA9AC? 887B0010  lbz     r3, 0x10(r27)
FFEBA9B0? 2C060000  cmpwi   cr0, r6, 0x0
FFEBA9B4? 5463402E  slwi    r3, r3, 8
FFEBA9B8? 5463043E  clrlwi  r3, r3, 16
FFEBA9BC? 889B0000  lbz     r4, 0x0(r27)
FFEBA9C0? 7C851B78  or      r5, r4, r3
FFEBA9C4? 54A9043E  clrlwi  r9, r5, 16
FFEBA9C8? 41820018  beq     loc_FFEBA9E0
FFEBA9CC? 887B0060  lbz     r3, 0x60(r27)
FFEBA9D0? 2C030000  cmpwi   cr0, r3, 0x0
FFEBA9D4? 4182000C  beq     loc_FFEBA9E0
FFEBA9D8? 38600000  li      r3, 0x0
FFEBA9DC? 987E01A6  stb     r3, 0x1A6(r30)
loc_FFEBA9E0:
FFEBA9E0? 63430000  ori     r3, r26, 0x0
FFEBA9E4? 7C63F814  addc    r3, r3, r31
FFEBA9E8? 7C634814  addc    r3, r3, r9
FFEBA9EC? 80010080  lwz     r0, 0x80(r1)
FFEBA9F0? 30210078  addic   r1, r1, 0x78
FFEBA9F4? 7C0803A6  mtspr   LR, r0
FFEBA9F8? BA41FFC8  lmw     r18, -0x38(r1)
FFEBA9FC? 4E800020  blr
loc_FFEBAA00:
FFEBAA00? 4BFFFF8C  b       loc_FFEBA98C
FFEBAA04? 80010080  lwz     r0, 0x80(r1)
FFEBAA08? 30210078  addic   r1, r1, 0x78
FFEBAA0C? 7C0803A6  mtspr   LR, r0
FFEBAA10? BA41FFC8  lmw     r18, -0x38(r1)
FFEBAA14? 4E800020  blr

sub_FFEBAA18:
FFEBAA18* 7C0802A6  mfspr   r0, LR
FFEBAA1C* BF41FFE8  stmw    r26, -0x18(r1)
FFEBAA20* 90010008  stw     r0, 0x8(r1)
FFEBAA24* 38A00264  li      r5, 0x264
FFEBAA28* 90A40004  stw     r5, 0x4(r4)
FFEBAA2C* 38C00000  li      r6, 0x0
FFEBAA30* 90C40000  stw     r6, 0x0(r4)
FFEBAA34* 80E2FE84  lwz     r7, -0x17C(r2)
FFEBAA38* 90E40008  stw     r7, 0x8(r4)
FFEBAA3C* 8102FE88  lwz     r8, -0x178(r2)
FFEBAA40* 9104000C  stw     r8, 0xC(r4)
FFEBAA44* 8122FE8C  lwz     r9, -0x174(r2)
FFEBAA48* 91240018  stw     r9, 0x18(r4)
FFEBAA4C* 8142FE90  lwz     r10, -0x170(r2)
FFEBAA50* 91440014  stw     r10, 0x14(r4)
FFEBAA54* 8162FE94  lwz     r11, -0x16C(r2)
FFEBAA58* 9164001C  stw     r11, 0x1C(r4)
FFEBAA5C* 8182FE98  lwz     r12, -0x168(r2)
FFEBAA60* 91840020  stw     r12, 0x20(r4)
FFEBAA64* 83E2FE9C  lwz     r31, -0x164(r2)
FFEBAA68* 93E40024  stw     r31, 0x24(r4)
FFEBAA6C* 83C2FEA0  lwz     r30, -0x160(r2)
FFEBAA70* 93C40028  stw     r30, 0x28(r4)
FFEBAA74* 83A2FEA4  lwz     r29, -0x15C(r2)
FFEBAA78* 93A4002C  stw     r29, 0x2C(r4)
FFEBAA7C* 8B830050  lbz     r28, 0x50(r3)
FFEBAA80* 8362FDB8  lwz     r27, -0x248(r2)
FFEBAA84* 281C0003  cmplwi  cr0, r28, 0x3
FFEBAA88* 41810044  bgt     loc_FFEBAACC
FFEBAA8C* 579A103A  slwi    r26, r28, 2
FFEBAA90* 7F5BD02E  lwzx    r26, r27, r26
FFEBAA94* 7F5BD014  addc    r26, r27, r26
FFEBAA98* 7F4803A6  mtspr   LR, r26
FFEBAA9C* 4E800020  blr
FFEBAAA0? 80A2FEA8  lwz     r5, -0x158(r2)
FFEBAAA4? 90A40010  stw     r5, 0x10(r4)
FFEBAAA8? 48000024  b       loc_FFEBAACC
FFEBAAAC? 80A2FEAC  lwz     r5, -0x154(r2)
FFEBAAB0? 90A40010  stw     r5, 0x10(r4)
FFEBAAB4? 48000018  b       loc_FFEBAACC
FFEBAAB8? 80A2FEB0  lwz     r5, -0x150(r2)
FFEBAABC? 90A40010  stw     r5, 0x10(r4)
FFEBAAC0? 4800000C  b       loc_FFEBAACC
FFEBAAC4* 80A2FEAC  lwz     r5, -0x154(r2)
FFEBAAC8* 90A40010  stw     r5, 0x10(r4)
loc_FFEBAACC:
FFEBAACC* 38A00001  li      r5, 0x1
FFEBAAD0* 98A40034  stb     r5, 0x34(r4)
FFEBAAD4* 88C30044  lbz     r6, 0x44(r3)
FFEBAAD8* 98C40032  stb     r6, 0x32(r4)
FFEBAADC* 88E30039  lbz     r7, 0x39(r3)
FFEBAAE0* 98E40033  stb     r7, 0x33(r4)
FFEBAAE4* 8903003B  lbz     r8, 0x3B(r3)
FFEBAAE8* 2C080000  cmpwi   cr0, r8, 0x0
FFEBAAEC* 41820010  beq     loc_FFEBAAFC
FFEBAAF0  38A00007  li      r5, 0x7
FFEBAAF4  98A40030  stb     r5, 0x30(r4)
FFEBAAF8  4800000C  b       loc_FFEBAB04
loc_FFEBAAFC:
FFEBAAFC* 38A0000F  li      r5, 0xF
FFEBAB00* 98A40030  stb     r5, 0x30(r4)
loc_FFEBAB04:
FFEBAB04* 88A30039  lbz     r5, 0x39(r3)
FFEBAB08* 2C050000  cmpwi   cr0, r5, 0x0
FFEBAB0C* 41820010  beq     loc_FFEBAB1C
FFEBAB10* 38A00019  li      r5, 0x19
FFEBAB14* 98A40031  stb     r5, 0x31(r4)
FFEBAB18* 4800000C  b       loc_FFEBAB24
loc_FFEBAB1C:
FFEBAB1C  38A00032  li      r5, 0x32
FFEBAB20  98A40031  stb     r5, 0x31(r4)
loc_FFEBAB24:
FFEBAB24* 90640044  stw     r3, 0x44(r4)
FFEBAB28* 80010008  lwz     r0, 0x8(r1)
FFEBAB2C* 7C0803A6  mtspr   LR, r0
FFEBAB30* BB41FFE8  lmw     r26, -0x18(r1)
FFEBAB34* 4E800020  blr
FFEBAB38d FFFFFF68  .long   0xFFFFFF68                         ; -> 68k emulator opcode dispatch table
FFEBAB3Cd FFFFFF74  .long   0xFFFFFF74                         ; -> 68k emulator opcode dispatch table
FFEBAB40d FFFFFF80  .long   0xFFFFFF80                         ; -> 68k emulator opcode dispatch table
FFEBAB44d FFFFFF8C  .long   0xFFFFFF8C                         ; -> 68k emulator opcode dispatch table
FFEBAB48d FFFFFF94  .long   0xFFFFFF94                         ; -> 68k emulator opcode dispatch table

sub_FFEBAB4C:
FFEBAB4C* 7C0802A6  mfspr   r0, LR
FFEBAB50* BF81FFF0  stmw    r28, -0x10(r1)
FFEBAB54* 90010008  stw     r0, 0x8(r1)
FFEBAB58* 9421FF68  stwu    r1, -0x98(r1)
FFEBAB5C* 33E10038  addic   r31, r1, 0x38
FFEBAB60* 607E0000  ori     r30, r3, 0x0
FFEBAB64* 63E40000  ori     r4, r31, 0x0
FFEBAB68* 3BA0000E  li      r29, 0xE
FFEBAB6C* 3B800007  li      r28, 0x7
FFEBAB70* 4BFFFEA9  bl      sub_FFEBAA18
FFEBAB74* 60000000  nop
FFEBAB78* 3C00E11F  lis     r0, 0xE11F
FFEBAB7C* B3BF004C  sth     r29, 0x4C(r31)
FFEBAB80* B39F004E  sth     r28, 0x4E(r31)
FFEBAB84* 6000C000  ori     r0, r0, 0xC000
FFEBAB88* 901F0048  stw     r0, 0x48(r31)
FFEBAB8C* 881E0044  lbz     r0, 0x44(r30)
FFEBAB90* 2C800000  cmpwi   cr1, r0, 0x0
FFEBAB94* 41860010  beq     cr1, loc_FFEBABA4
FFEBAB98* 3C60E17F  lis     r3, 0xE17F
FFEBAB9C* 6063C000  ori     r3, r3, 0xC000
FFEBABA0* 907F0048  stw     r3, 0x48(r31)
loc_FFEBABA4:
FFEBABA4* 887E0057  lbz     r3, 0x57(r30)
FFEBABA8* 2C030000  cmpwi   cr0, r3, 0x0
FFEBABAC* 41820010  beq     loc_FFEBABBC
FFEBABB0  807F0048  lwz     r3, 0x48(r31)
FFEBABB4  60633000  ori     r3, r3, 0x3000
FFEBABB8  907F0048  stw     r3, 0x48(r31)
loc_FFEBABBC:
FFEBABBC* 63E30000  ori     r3, r31, 0x0
FFEBABC0* 48001B49  bl      sub_FFEBC708
FFEBABC4* 60000000  nop
FFEBABC8* 2C030000  cmpwi   cr0, r3, 0x0
FFEBABCC* 4182001C  beq     loc_FFEBABE8
FFEBABD0  38600000  li      r3, 0x0
FFEBABD4  800100A0  lwz     r0, 0xA0(r1)
FFEBABD8  30210098  addic   r1, r1, 0x98
FFEBABDC  7C0803A6  mtspr   LR, r0
FFEBABE0  BB81FFF0  lmw     r28, -0x10(r1)
FFEBABE4  4E800020  blr
loc_FFEBABE8:
FFEBABE8* 889E003D  lbz     r4, 0x3D(r30)
FFEBABEC* 807F0000  lwz     r3, 0x0(r31)
FFEBABF0* 2C040000  cmpwi   cr0, r4, 0x0
FFEBABF4* 4182000C  beq     loc_FFEBAC00
FFEBABF8* 38800001  li      r4, 0x1
FFEBABFC* 98830211  stb     r4, 0x211(r3)
loc_FFEBAC00:
FFEBAC00* 800100A0  lwz     r0, 0xA0(r1)
FFEBAC04* 30210098  addic   r1, r1, 0x98
FFEBAC08* 7C0803A6  mtspr   LR, r0
FFEBAC0C* BB81FFF0  lmw     r28, -0x10(r1)
FFEBAC10* 4E800020  blr

sub_FFEBAC14:
FFEBAC14  7C0802A6  mfspr   r0, LR
FFEBAC18  BF61FFEC  stmw    r27, -0x14(r1)
FFEBAC1C  90010008  stw     r0, 0x8(r1)
FFEBAC20  9421FF60  stwu    r1, -0xA0(r1)
FFEBAC24  33E10038  addic   r31, r1, 0x38
FFEBAC28  549D043E  clrlwi  r29, r4, 16
FFEBAC2C  607E0000  ori     r30, r3, 0x0
FFEBAC30  63E40000  ori     r4, r31, 0x0
FFEBAC34  3B80000E  li      r28, 0xE
FFEBAC38  3B600007  li      r27, 0x7
FFEBAC3C  4BFFFDDD  bl      sub_FFEBAA18
FFEBAC40  60000000  nop
FFEBAC44  3C00E11F  lis     r0, 0xE11F
FFEBAC48  B3BF0036  sth     r29, 0x36(r31)
FFEBAC4C  B39F004C  sth     r28, 0x4C(r31)
FFEBAC50  B37F004E  sth     r27, 0x4E(r31)
FFEBAC54  6000C000  ori     r0, r0, 0xC000
FFEBAC58  901F0048  stw     r0, 0x48(r31)
FFEBAC5C  881E0044  lbz     r0, 0x44(r30)
FFEBAC60  2C800000  cmpwi   cr1, r0, 0x0
FFEBAC64  41860010  beq     cr1, loc_FFEBAC74
FFEBAC68  3C80E17F  lis     r4, 0xE17F
FFEBAC6C  6084C000  ori     r4, r4, 0xC000
FFEBAC70  909F0048  stw     r4, 0x48(r31)
loc_FFEBAC74:
FFEBAC74  889E0057  lbz     r4, 0x57(r30)
FFEBAC78  2C040000  cmpwi   cr0, r4, 0x0
FFEBAC7C  41820010  beq     loc_FFEBAC8C
FFEBAC80  809F0048  lwz     r4, 0x48(r31)
FFEBAC84  60843000  ori     r4, r4, 0x3000
FFEBAC88  909F0048  stw     r4, 0x48(r31)
loc_FFEBAC8C:
FFEBAC8C  63E30000  ori     r3, r31, 0x0
FFEBAC90  48001BA9  bl      sub_FFEBC838
FFEBAC94  60000000  nop
FFEBAC98  2C030000  cmpwi   cr0, r3, 0x0
FFEBAC9C  4182001C  beq     loc_FFEBACB8
FFEBACA0  38600000  li      r3, 0x0
FFEBACA4  800100A8  lwz     r0, 0xA8(r1)
FFEBACA8  302100A0  addic   r1, r1, 0xA0
FFEBACAC  7C0803A6  mtspr   LR, r0
FFEBACB0  BB61FFEC  lmw     r27, -0x14(r1)
FFEBACB4  4E800020  blr
loc_FFEBACB8:
FFEBACB8  807F0000  lwz     r3, 0x0(r31)
FFEBACBC  800100A8  lwz     r0, 0xA8(r1)
FFEBACC0  302100A0  addic   r1, r1, 0xA0
FFEBACC4  7C0803A6  mtspr   LR, r0
FFEBACC8  BB61FFEC  lmw     r27, -0x14(r1)
FFEBACCC  4E800020  blr
FFEBACD0* 7C0802A6  mfspr   r0, LR
FFEBACD4* 7D800026  mfcr    r12
FFEBACD8* BF41FFE8  stmw    r26, -0x18(r1)
FFEBACDC* 90010008  stw     r0, 0x8(r1)
FFEBACE0* 91810004  stw     r12, 0x4(r1)
FFEBACE4* 9421FFB0  stwu    r1, -0x50(r1)
FFEBACE8* 607E0000  ori     r30, r3, 0x0
FFEBACEC* 83BE0044  lwz     r29, 0x44(r30)
FFEBACF0* 83FE0000  lwz     r31, 0x0(r30)
FFEBACF4* 7C9D04AA  lswi    r4, r29, 0x20
FFEBACF8* 7C9F05AA  stswi   r4, r31, 0x20
FFEBACFC* 319D0020  addic   r12, r29, 0x20
FFEBAD00* 7C8C04AA  lswi    r4, r12, 0x20
FFEBAD04* 319F0020  addic   r12, r31, 0x20
FFEBAD08* 7C8C05AA  stswi   r4, r12, 0x20
FFEBAD0C* 319D0040  addic   r12, r29, 0x40
FFEBAD10* 7C8C04AA  lswi    r4, r12, 0x20
FFEBAD14* 319F0040  addic   r12, r31, 0x40
FFEBAD18* 7C8C05AA  stswi   r4, r12, 0x20
FFEBAD1C* 8B9D0054  lbz     r28, 0x54(r29)
FFEBAD20* 8362FDBC  lwz     r27, -0x244(r2)
FFEBAD24* 281C0004  cmplwi  cr0, r28, 0x4
FFEBAD28* 418100C0  bgt     loc_FFEBADE8
FFEBAD2C* 579A103A  slwi    r26, r28, 2
FFEBAD30* 7F5BD02E  lwzx    r26, r27, r26
FFEBAD34* 7F5BD014  addc    r26, r27, r26
FFEBAD38* 7F4803A6  mtspr   LR, r26
FFEBAD3C* 4E800020  blr
FFEBAD40? 63E30000  ori     r3, r31, 0x0
FFEBAD44? 4BFFB3C1  bl      sub_FFEB6104
FFEBAD48? 60000000  nop
FFEBAD4C? 60690000  ori     r9, r3, 0x0
FFEBAD50? 2C090000  cmpwi   cr0, r9, 0x0
FFEBAD54? 41820094  beq     loc_FFEBADE8
FFEBAD58? 61230000  ori     r3, r9, 0x0
FFEBAD5C? 80010058  lwz     r0, 0x58(r1)
FFEBAD60? 81810054  lwz     r12, 0x54(r1)
FFEBAD64? 30210050  addic   r1, r1, 0x50
FFEBAD68? 7C0803A6  mtspr   LR, r0
FFEBAD6C? BB41FFE8  lmw     r26, -0x18(r1)
FFEBAD70? 7D838120  mtcrf   0x38, r12
FFEBAD74? 4E800020  blr
FFEBAD78? 63E30000  ori     r3, r31, 0x0
FFEBAD7C? 4BFF92E9  bl      sub_FFEB4064
FFEBAD80? 60000000  nop
FFEBAD84? 60690000  ori     r9, r3, 0x0
FFEBAD88? 2C090000  cmpwi   cr0, r9, 0x0
FFEBAD8C? 4182005C  beq     loc_FFEBADE8
FFEBAD90? 61230000  ori     r3, r9, 0x0
FFEBAD94? 80010058  lwz     r0, 0x58(r1)
FFEBAD98? 81810054  lwz     r12, 0x54(r1)
FFEBAD9C? 30210050  addic   r1, r1, 0x50
FFEBADA0? 7C0803A6  mtspr   LR, r0
FFEBADA4? BB41FFE8  lmw     r26, -0x18(r1)
FFEBADA8? 7D838120  mtcrf   0x38, r12
FFEBADAC? 4E800020  blr
FFEBADB0* 63E30000  ori     r3, r31, 0x0
FFEBADB4* 4BFFA16D  bl      sub_FFEB4F20
FFEBADB8* 60000000  nop
FFEBADBC* 60690000  ori     r9, r3, 0x0
FFEBADC0* 2C090000  cmpwi   cr0, r9, 0x0
FFEBADC4* 41820024  beq     loc_FFEBADE8
FFEBADC8  61230000  ori     r3, r9, 0x0
FFEBADCC  80010058  lwz     r0, 0x58(r1)
FFEBADD0  81810054  lwz     r12, 0x54(r1)
FFEBADD4  30210050  addic   r1, r1, 0x50
FFEBADD8  7C0803A6  mtspr   LR, r0
FFEBADDC  BB41FFE8  lmw     r26, -0x18(r1)
FFEBADE0  7D838120  mtcrf   0x38, r12
FFEBADE4  4E800020  blr
loc_FFEBADE8:
FFEBADE8* 38800002  li      r4, 0x2
FFEBADEC* 989F0072  stb     r4, 0x72(r31)
FFEBADF0* 80BE0048  lwz     r5, 0x48(r30)
FFEBADF4* 38604000  li      r3, 0x4000
FFEBADF8* 90BF0088  stw     r5, 0x88(r31)
FFEBADFC* A8DE004C  lha     r6, 0x4C(r30)
FFEBAE00* B0DF008C  sth     r6, 0x8C(r31)
FFEBAE04* A8FE004E  lha     r7, 0x4E(r30)
FFEBAE08* B0FF008E  sth     r7, 0x8E(r31)
FFEBAE0C* A11E0036  lhz     r8, 0x36(r30)
FFEBAE10* B11F0070  sth     r8, 0x70(r31)
FFEBAE14* 815E0040  lwz     r10, 0x40(r30)
FFEBAE18* 915F0060  stw     r10, 0x60(r31)
FFEBAE1C* 817E0038  lwz     r11, 0x38(r30)
FFEBAE20* 917F006C  stw     r11, 0x6C(r31)
FFEBAE24* 819E003C  lwz     r12, 0x3C(r30)
FFEBAE28* 919F0064  stw     r12, 0x64(r31)
FFEBAE2C* 48009C51  bl      sub_FFEC4A7C
FFEBAE30* 80410014  lwz     r2, 0x14(r1)
FFEBAE34* 60690000  ori     r9, r3, 0x0
FFEBAE38* 2C090000  cmpwi   cr0, r9, 0x0
FFEBAE3C* 40820024  bne     loc_FFEBAE60
FFEBAE40  3860FF94  li      r3, -0x6C
FFEBAE44  80010058  lwz     r0, 0x58(r1)
FFEBAE48  81810054  lwz     r12, 0x54(r1)
FFEBAE4C  30210050  addic   r1, r1, 0x50
FFEBAE50  7C0803A6  mtspr   LR, r0
FFEBAE54  BB41FFE8  lmw     r26, -0x18(r1)
FFEBAE58  7D838120  mtcrf   0x38, r12
FFEBAE5C  4E800020  blr
loc_FFEBAE60:
FFEBAE60* 30893FFC  addic   r4, r9, 0x3FFC
FFEBAE64* 3CA0DEAD  lis     r5, 0xDEAD
FFEBAE68* 909F0080  stw     r4, 0x80(r31)
FFEBAE6C* 60A5FACE  ori     r5, r5, 0xFACE
FFEBAE70* 90A93FFC  stw     r5, 0x3FFC(r9)
FFEBAE74* 63E30000  ori     r3, r31, 0x0
FFEBAE78* 4BFFBCAD  bl      sub_FFEB6B24
FFEBAE7C* 60000000  nop
FFEBAE80* 83C2FEB4  lwz     r30, -0x14C(r2)
FFEBAE84* 93DF00A0  stw     r30, 0xA0(r31)
FFEBAE88* 83C2FEB8  lwz     r30, -0x148(r2)
FFEBAE8C* 93DF00A4  stw     r30, 0xA4(r31)
FFEBAE90* 83C2FEBC  lwz     r30, -0x144(r2)
FFEBAE94* 93DF00A8  stw     r30, 0xA8(r31)
FFEBAE98* 93DF00AC  stw     r30, 0xAC(r31)
FFEBAE9C* 83C2FEC0  lwz     r30, -0x140(r2)
FFEBAEA0* 93DF00B0  stw     r30, 0xB0(r31)
FFEBAEA4* 83C2FEC4  lwz     r30, -0x13C(r2)
FFEBAEA8* 93DF00B4  stw     r30, 0xB4(r31)
FFEBAEAC* 93DF00B8  stw     r30, 0xB8(r31)
FFEBAEB0* 8382FEC8  lwz     r28, -0x138(r2)
FFEBAEB4* 939F00BC  stw     r28, 0xBC(r31)
FFEBAEB8* 8382FECC  lwz     r28, -0x134(r2)
FFEBAEBC* 939F00C0  stw     r28, 0xC0(r31)
FFEBAEC0* 939F00C4  stw     r28, 0xC4(r31)
FFEBAEC4* 8382FED0  lwz     r28, -0x130(r2)
FFEBAEC8* 939F00C8  stw     r28, 0xC8(r31)
FFEBAECC* 8382FED4  lwz     r28, -0x12C(r2)
FFEBAED0* 939F00CC  stw     r28, 0xCC(r31)
FFEBAED4* 8382FED8  lwz     r28, -0x128(r2)
FFEBAED8* 939F00D0  stw     r28, 0xD0(r31)
FFEBAEDC* 8382FEDC  lwz     r28, -0x124(r2)
FFEBAEE0* 939F00D4  stw     r28, 0xD4(r31)
FFEBAEE4* 8382FEE0  lwz     r28, -0x120(r2)
FFEBAEE8* 939F00D8  stw     r28, 0xD8(r31)
FFEBAEEC* 8362FEE4  lwz     r27, -0x11C(r2)
FFEBAEF0* 937F00DC  stw     r27, 0xDC(r31)
FFEBAEF4* 93DF00E0  stw     r30, 0xE0(r31)
FFEBAEF8* 8362FEE8  lwz     r27, -0x118(r2)
FFEBAEFC* 937F00E4  stw     r27, 0xE4(r31)
FFEBAF00* 939F00E8  stw     r28, 0xE8(r31)
FFEBAF04* 939F00EC  stw     r28, 0xEC(r31)
FFEBAF08* 8362FEEC  lwz     r27, -0x114(r2)
FFEBAF0C* 937F00F0  stw     r27, 0xF0(r31)
FFEBAF10* 8362FE94  lwz     r27, -0x16C(r2)
FFEBAF14* 937F00F4  stw     r27, 0xF4(r31)
FFEBAF18* 8362FE98  lwz     r27, -0x168(r2)
FFEBAF1C* 937F00F8  stw     r27, 0xF8(r31)
FFEBAF20* 8082FEF0  lwz     r4, -0x110(r2)
FFEBAF24* 909F00FC  stw     r4, 0xFC(r31)
FFEBAF28* 93DF0100  stw     r30, 0x100(r31)
FFEBAF2C* 93DF0104  stw     r30, 0x104(r31)
FFEBAF30* 93DF0108  stw     r30, 0x108(r31)
FFEBAF34* 93DF010C  stw     r30, 0x10C(r31)
FFEBAF38* 93DF0110  stw     r30, 0x110(r31)
FFEBAF3C* 93DF0114  stw     r30, 0x114(r31)
FFEBAF40* 93DF0118  stw     r30, 0x118(r31)
FFEBAF44* 93DF011C  stw     r30, 0x11C(r31)
FFEBAF48* 80A2FEF4  lwz     r5, -0x10C(r2)
FFEBAF4C* 90BF0120  stw     r5, 0x120(r31)
FFEBAF50* 80C2FEF8  lwz     r6, -0x108(r2)
FFEBAF54* 90DF0124  stw     r6, 0x124(r31)
FFEBAF58* 80E2FEFC  lwz     r7, -0x104(r2)
FFEBAF5C* 90FF0128  stw     r7, 0x128(r31)
FFEBAF60* 93DF012C  stw     r30, 0x12C(r31)
FFEBAF64* 8102FF00  lwz     r8, -0x100(r2)
FFEBAF68* 911F0130  stw     r8, 0x130(r31)
FFEBAF6C* 8142FF04  lwz     r10, -0xFC(r2)
FFEBAF70* 915F0134  stw     r10, 0x134(r31)
FFEBAF74* 8162FF08  lwz     r11, -0xF8(r2)
FFEBAF78* 917F0138  stw     r11, 0x138(r31)
FFEBAF7C* 93DF013C  stw     r30, 0x13C(r31)
FFEBAF80* 8182FF0C  lwz     r12, -0xF4(r2)
FFEBAF84* 919F0140  stw     r12, 0x140(r31)
FFEBAF88* 8182FF10  lwz     r12, -0xF0(r2)
FFEBAF8C* 919F0144  stw     r12, 0x144(r31)
FFEBAF90* 8182FF14  lwz     r12, -0xEC(r2)
FFEBAF94* 919F0148  stw     r12, 0x148(r31)
FFEBAF98* 8182FF18  lwz     r12, -0xE8(r2)
FFEBAF9C* 919F014C  stw     r12, 0x14C(r31)
FFEBAFA0* 93DF0150  stw     r30, 0x150(r31)
FFEBAFA4* 8182FF1C  lwz     r12, -0xE4(r2)
FFEBAFA8* 919F0154  stw     r12, 0x154(r31)
FFEBAFAC* 93DF0158  stw     r30, 0x158(r31)
FFEBAFB0* 93DF015C  stw     r30, 0x15C(r31)
FFEBAFB4* 8182FF20  lwz     r12, -0xE0(r2)
FFEBAFB8* 919F0160  stw     r12, 0x160(r31)
FFEBAFBC* 8182FF24  lwz     r12, -0xDC(r2)
FFEBAFC0* 919F0164  stw     r12, 0x164(r31)
FFEBAFC4* 919F0168  stw     r12, 0x168(r31)
FFEBAFC8* 8182FF28  lwz     r12, -0xD8(r2)
FFEBAFCC* 919F016C  stw     r12, 0x16C(r31)
FFEBAFD0* 8182FF2C  lwz     r12, -0xD4(r2)
FFEBAFD4* 919F0170  stw     r12, 0x170(r31)
FFEBAFD8* 939F0174  stw     r28, 0x174(r31)
FFEBAFDC* 939F0178  stw     r28, 0x178(r31)
FFEBAFE0* 93DF017C  stw     r30, 0x17C(r31)
FFEBAFE4* 93DF0180  stw     r30, 0x180(r31)
FFEBAFE8* 93DF0184  stw     r30, 0x184(r31)
FFEBAFEC* 93DF0188  stw     r30, 0x188(r31)
FFEBAFF0* 93DF018C  stw     r30, 0x18C(r31)
FFEBAFF4* 93DF0190  stw     r30, 0x190(r31)
FFEBAFF8* 93DF0194  stw     r30, 0x194(r31)
FFEBAFFC* 93DF0198  stw     r30, 0x198(r31)
FFEBB000* 93DF019C  stw     r30, 0x19C(r31)
FFEBB004* 893D0055  lbz     r9, 0x55(r29)
FFEBB008* 2C090000  cmpwi   cr0, r9, 0x0
FFEBB00C* 4182000C  beq     loc_FFEBB018
FFEBB010* 3069FFFF  addic   r3, r9, -0x1
FFEBB014* 907F0218  stw     r3, 0x218(r31)
loc_FFEBB018:
FFEBB018* 38600000  li      r3, 0x0
FFEBB01C* 80010058  lwz     r0, 0x58(r1)
FFEBB020* 81810054  lwz     r12, 0x54(r1)
FFEBB024* 30210050  addic   r1, r1, 0x50
FFEBB028* 7C0803A6  mtspr   LR, r0
FFEBB02C* BB41FFE8  lmw     r26, -0x18(r1)
FFEBB030* 7D838120  mtcrf   0x38, r12
FFEBB034* 4E800020  blr
FFEBB038d FFFFFDB0  .long   0xFFFFFDB0                         ; -> 68k emulator opcode dispatch table
FFEBB03Cd FFFFFD08  .long   0xFFFFFD08                         ; -> 68k emulator opcode dispatch table
FFEBB040d FFFFFD40  .long   0xFFFFFD40                         ; -> 68k emulator opcode dispatch table
FFEBB044d FFFFFDB0  .long   0xFFFFFDB0                         ; -> 68k emulator opcode dispatch table
FFEBB048d FFFFFD78  .long   0xFFFFFD78                         ; -> 68k emulator opcode dispatch table
FFEBB04Cd FFFFFDB0  .long   0xFFFFFDB0                         ; -> 68k emulator opcode dispatch table

sub_FFEBB050:
FFEBB050* 7C0802A6  mfspr   r0, LR
FFEBB054* BF41FFE8  stmw    r26, -0x18(r1)
FFEBB058* 90010008  stw     r0, 0x8(r1)
FFEBB05C* 9421FFA8  stwu    r1, -0x58(r1)
FFEBB060* 607E0000  ori     r30, r3, 0x0
FFEBB064* 809E0000  lwz     r4, 0x0(r30)
FFEBB068* 33E10038  addic   r31, r1, 0x38
FFEBB06C* 909F0000  stw     r4, 0x0(r31)
FFEBB070* 80BF0000  lwz     r5, 0x0(r31)
FFEBB074* 3BA00000  li      r29, 0x0
FFEBB078* 9BA50090  stb     r29, 0x90(r5)
FFEBB07C* 80DF0000  lwz     r6, 0x0(r31)
FFEBB080* 38E0FF80  li      r7, -0x80
FFEBB084* 98E60050  stb     r7, 0x50(r6)
FFEBB088* 3B80000E  li      r28, 0xE
FFEBB08C* 3B600007  li      r27, 0x7
FFEBB090* 3B400002  li      r26, 0x2
FFEBB094* 480060E5  bl      sub_FFEC1178
FFEBB098* 60000000  nop
FFEBB09C* 3081003C  addic   r4, r1, 0x3C
FFEBB0A0* 38600001  li      r3, 0x1
FFEBB0A4* 48009949  bl      sub_FFEC49EC
FFEBB0A8* 80410014  lwz     r2, 0x14(r1)
FFEBB0AC* 819F0000  lwz     r12, 0x0(r31)
FFEBB0B0* 9BAC0050  stb     r29, 0x50(r12)
FFEBB0B4* 819F0000  lwz     r12, 0x0(r31)
FFEBB0B8* 9B8C0030  stb     r28, 0x30(r12)
FFEBB0BC* 480060BD  bl      sub_FFEC1178
FFEBB0C0* 60000000  nop
FFEBB0C4* 819F0000  lwz     r12, 0x0(r31)
FFEBB0C8* 38600000  li      r3, 0x0
FFEBB0CC* 9B6C00A0  stb     r27, 0xA0(r12)
FFEBB0D0* 819F0000  lwz     r12, 0x0(r31)
FFEBB0D4* 9B4C00D0  stb     r26, 0xD0(r12)
FFEBB0D8* 881E0047  lbz     r0, 0x47(r30)
FFEBB0DC* 819F0000  lwz     r12, 0x0(r31)
FFEBB0E0* 7C000774  extsb   r0, r0
FFEBB0E4* 980C00B0  stb     r0, 0xB0(r12)
FFEBB0E8* 819F0000  lwz     r12, 0x0(r31)
FFEBB0EC* 9B6C0090  stb     r27, 0x90(r12)
FFEBB0F0* 80010060  lwz     r0, 0x60(r1)
FFEBB0F4* 30210058  addic   r1, r1, 0x58
FFEBB0F8* 7C0803A6  mtspr   LR, r0
FFEBB0FC* BB41FFE8  lmw     r26, -0x18(r1)
FFEBB100* 4E800020  blr

sub_FFEBB104:
FFEBB104* 7C0802A6  mfspr   r0, LR
FFEBB108* BF01FFE0  stmw    r24, -0x20(r1)
FFEBB10C* 90010008  stw     r0, 0x8(r1)
FFEBB110* 9421FFA0  stwu    r1, -0x60(r1)
FFEBB114* 607F0000  ori     r31, r3, 0x0
FFEBB118* 809F0000  lwz     r4, 0x0(r31)
FFEBB11C* 33C10038  addic   r30, r1, 0x38
FFEBB120* 90810038  stw     r4, 0x38(r1)
FFEBB124* 80A10038  lwz     r5, 0x38(r1)
FFEBB128* 88C500A0  lbz     r6, 0xA0(r5)
FFEBB12C* 7CC60775  extsb.  r6, r6
FFEBB130* 4082001C  bne     loc_FFEBB14C
FFEBB134* 38600000  li      r3, 0x0
FFEBB138* 80010068  lwz     r0, 0x68(r1)
FFEBB13C* 30210060  addic   r1, r1, 0x60
FFEBB140* 7C0803A6  mtspr   LR, r0
FFEBB144* BB01FFE0  lmw     r24, -0x20(r1)
FFEBB148* 4E800020  blr
loc_FFEBB14C:
FFEBB14C* 889F0051  lbz     r4, 0x51(r31)
FFEBB150* 2C040000  cmpwi   cr0, r4, 0x0
FFEBB154* 40820014  bne     loc_FFEBB168
FFEBB158* 819F0028  lwz     r12, 0x28(r31)
FFEBB15C* 63E30000  ori     r3, r31, 0x0
FFEBB160* 48009BA5  bl      sub_FFEC4D04
FFEBB164* 80410014  lwz     r2, 0x14(r1)
loc_FFEBB168:
FFEBB168* 809E0000  lwz     r4, 0x0(r30)
FFEBB16C* 88A400A0  lbz     r5, 0xA0(r4)
FFEBB170* 98BF01B4  stb     r5, 0x1B4(r31)
FFEBB174* 80DE0000  lwz     r6, 0x0(r30)
FFEBB178* 88E60080  lbz     r7, 0x80(r6)
FFEBB17C* 98FF01B5  stb     r7, 0x1B5(r31)
FFEBB180* 811E0000  lwz     r8, 0x0(r30)
FFEBB184* 89280070  lbz     r9, 0x70(r8)
FFEBB188* 993F01B6  stb     r9, 0x1B6(r31)
FFEBB18C* 815E0000  lwz     r10, 0x0(r30)
FFEBB190* 896A0030  lbz     r11, 0x30(r10)
FFEBB194* 997F01B7  stb     r11, 0x1B7(r31)
FFEBB198* 48005FE1  bl      sub_FFEC1178
FFEBB19C* 60000000  nop
FFEBB1A0* 881F01B4  lbz     r0, 0x1B4(r31)
FFEBB1A4* 819E0000  lwz     r12, 0x0(r30)
FFEBB1A8* 980C00A0  stb     r0, 0xA0(r12)
FFEBB1AC* 48005FCD  bl      sub_FFEC1178
FFEBB1B0* 60000000  nop
FFEBB1B4* 881F0051  lbz     r0, 0x51(r31)
FFEBB1B8* 2C000002  cmpwi   cr0, r0, 0x2
FFEBB1BC* 40820014  bne     loc_FFEBB1D0
FFEBB1C0  819F0028  lwz     r12, 0x28(r31)
FFEBB1C4  63E30000  ori     r3, r31, 0x0
FFEBB1C8  48009B3D  bl      sub_FFEC4D04
FFEBB1CC  80410014  lwz     r2, 0x14(r1)
loc_FFEBB1D0:
FFEBB1D0* 3B800001  li      r28, 0x1
FFEBB1D4* 9B9F01A9  stb     r28, 0x1A9(r31)
FFEBB1D8* 893F01B6  lbz     r9, 0x1B6(r31)
FFEBB1DC* 3BA00000  li      r29, 0x0
FFEBB1E0* 7D290774  extsb   r9, r9
FFEBB1E4* 552407FF  clrlwi. r4, r9, 31
FFEBB1E8* 40820014  bne     loc_FFEBB1FC
FFEBB1EC* 887F01B5  lbz     r3, 0x1B5(r31)
FFEBB1F0* 7C680774  extsb   r8, r3
FFEBB1F4* 55040673  rlwinm. r4, r8, 0, 25, 25
FFEBB1F8* 41820018  beq     loc_FFEBB210
loc_FFEBB1FC:
FFEBB1FC* 38600008  li      r3, 0x8
FFEBB200* 987F01A6  stb     r3, 0x1A6(r31)
FFEBB204* 891F01B5  lbz     r8, 0x1B5(r31)
FFEBB208* 7D080774  extsb   r8, r8
FFEBB20C* 48000018  b       loc_FFEBB224
loc_FFEBB210:
FFEBB210* 807E0000  lwz     r3, 0x0(r30)
FFEBB214* 88830040  lbz     r4, 0x40(r3)
FFEBB218* 7C840774  extsb   r4, r4
FFEBB21C* 5484077E  clrlwi  r4, r4, 29
FFEBB220* 989F01A6  stb     r4, 0x1A6(r31)
loc_FFEBB224:
FFEBB224* 550306B5  rlwinm. r3, r8, 0, 26, 26
FFEBB228* 4182004C  beq     loc_FFEBB274
FFEBB22C  38600008  li      r3, 0x8
FFEBB230  987F01A6  stb     r3, 0x1A6(r31)
FFEBB234  80FF0060  lwz     r7, 0x60(r31)
FFEBB238  63A90000  ori     r9, r29, 0x0
FFEBB23C  48000008  b       loc_FFEBB244
loc_FFEBB240:
FFEBB240  4181002C  bgt     loc_FFEBB26C
loc_FFEBB244:
FFEBB244  7D074814  addc    r8, r7, r9
FFEBB248  886800D4  lbz     r3, 0xD4(r8)
FFEBB24C  2C030000  cmpwi   cr0, r3, 0x0
FFEBB250  4182000C  beq     loc_FFEBB25C
FFEBB254  9B8800CC  stb     r28, 0xCC(r8)
FFEBB258  9BA800D4  stb     r29, 0xD4(r8)
loc_FFEBB25C:
FFEBB25C  30690001  addic   r3, r9, 0x1
FFEBB260  5469063E  clrlwi  r9, r3, 24
FFEBB264  2C090006  cmpwi   cr0, r9, 0x6
FFEBB268  4BFFFFD8  b       loc_FFEBB240
loc_FFEBB26C:
FFEBB26C  887F01B6  lbz     r3, 0x1B6(r31)
FFEBB270  7C690774  extsb   r9, r3
loc_FFEBB274:
FFEBB274* 55230739  rlwinm. r3, r9, 0, 28, 28
FFEBB278* 4182011C  beq     loc_FFEBB394
FFEBB27C  807E0000  lwz     r3, 0x0(r30)
FFEBB280  3B60000D  li      r27, 0xD
FFEBB284  88830020  lbz     r4, 0x20(r3)
FFEBB288  3B400001  li      r26, 0x1
FFEBB28C  7C840774  extsb   r4, r4
FFEBB290  5484063E  clrlwi  r4, r4, 24
FFEBB294  989F01BC  stb     r4, 0x1BC(r31)
FFEBB298  3B200000  li      r25, 0x0
FFEBB29C  3B000008  li      r24, 0x8
FFEBB2A0  639D0000  ori     r29, r28, 0x0
FFEBB2A4  48005ED5  bl      sub_FFEC1178
FFEBB2A8  60000000  nop
FFEBB2AC  819E0000  lwz     r12, 0x0(r30)
FFEBB2B0  9B6C0030  stb     r27, 0x30(r12)
FFEBB2B4  48005EC5  bl      sub_FFEC1178
FFEBB2B8  60000000  nop
FFEBB2BC  819E0000  lwz     r12, 0x0(r30)
FFEBB2C0  9B4C0000  stb     r26, 0x0(r12)
FFEBB2C4  819E0000  lwz     r12, 0x0(r30)
FFEBB2C8  9B2C0010  stb     r25, 0x10(r12)
FFEBB2CC  48005EAD  bl      sub_FFEC1178
FFEBB2D0  60000000  nop
FFEBB2D4  819E0000  lwz     r12, 0x0(r30)
FFEBB2D8  9B0C0030  stb     r24, 0x30(r12)
FFEBB2DC  48005E9D  bl      sub_FFEC1178
FFEBB2E0  60000000  nop
FFEBB2E4  819E0000  lwz     r12, 0x0(r30)
FFEBB2E8  880C0060  lbz     r0, 0x60(r12)
FFEBB2EC  7C000775  extsb.  r0, r0
FFEBB2F0  4F000000  mcrf    cr6, cr0
loc_FFEBB2F4:
FFEBB2F4  409A0018  bne     cr6, loc_FFEBB30C
FFEBB2F8  807E0000  lwz     r3, 0x0(r30)
FFEBB2FC  88830060  lbz     r4, 0x60(r3)
FFEBB300  7C840775  extsb.  r4, r4
FFEBB304  4F000000  mcrf    cr6, cr0
FFEBB308  4BFFFFEC  b       loc_FFEBB2F4
loc_FFEBB30C:
FFEBB30C  807E0000  lwz     r3, 0x0(r30)
FFEBB310  38A0000B  li      r5, 0xB
FFEBB314  88830020  lbz     r4, 0x20(r3)
FFEBB318  7C840774  extsb   r4, r4
FFEBB31C  5484063E  clrlwi  r4, r4, 24
FFEBB320  989F01BD  stb     r4, 0x1BD(r31)
FFEBB324  9B9F01BE  stb     r28, 0x1BE(r31)
FFEBB328  98BF01BF  stb     r5, 0x1BF(r31)
FFEBB32C  48005E4D  bl      sub_FFEC1178
FFEBB330  60000000  nop
FFEBB334  837E0000  lwz     r27, 0x0(r30)
FFEBB338  8B5B00A0  lbz     r26, 0xA0(r27)
FFEBB33C  7F5A0775  extsb.  r26, r26
FFEBB340  4F000000  mcrf    cr6, cr0
loc_FFEBB344:
FFEBB344  409A0018  bne     cr6, loc_FFEBB35C
FFEBB348  807E0000  lwz     r3, 0x0(r30)
FFEBB34C  888300A0  lbz     r4, 0xA0(r3)
FFEBB350  7C840775  extsb.  r4, r4
FFEBB354  4F000000  mcrf    cr6, cr0
FFEBB358  4BFFFFEC  b       loc_FFEBB344
loc_FFEBB35C:
FFEBB35C  807E0000  lwz     r3, 0x0(r30)
FFEBB360  38800007  li      r4, 0x7
FFEBB364  988300A0  stb     r4, 0xA0(r3)
FFEBB368  48005E11  bl      sub_FFEC1178
FFEBB36C  60000000  nop
FFEBB370  8B7F009C  lbz     r27, 0x9C(r31)
FFEBB374  637B0004  ori     r27, r27, 0x4
FFEBB378  9B7F009C  stb     r27, 0x9C(r31)
FFEBB37C  819F006C  lwz     r12, 0x6C(r31)
FFEBB380  807F0060  lwz     r3, 0x60(r31)
FFEBB384  48009981  bl      sub_FFEC4D04
FFEBB388  80410014  lwz     r2, 0x14(r1)
FFEBB38C  893F01B6  lbz     r9, 0x1B6(r31)
FFEBB390  7D290774  extsb   r9, r9
loc_FFEBB394:
FFEBB394* 5523077B  rlwinm. r3, r9, 0, 29, 29
FFEBB398* 41820014  beq     loc_FFEBB3AC
FFEBB39C  2C1D0000  cmpwi   cr0, r29, 0x0
FFEBB3A0  4082000C  bne     loc_FFEBB3AC
FFEBB3A4  38600008  li      r3, 0x8
FFEBB3A8  987F01A6  stb     r3, 0x1A6(r31)
loc_FFEBB3AC:
FFEBB3AC* 63830000  ori     r3, r28, 0x0
FFEBB3B0* 80010068  lwz     r0, 0x68(r1)
FFEBB3B4* 30210060  addic   r1, r1, 0x60
FFEBB3B8* 7C0803A6  mtspr   LR, r0
FFEBB3BC* BB01FFE0  lmw     r24, -0x20(r1)
FFEBB3C0* 4E800020  blr

sub_FFEBB3C4:
FFEBB3C4* 7C0802A6  mfspr   r0, LR
FFEBB3C8* BFE1FFFC  stmw    r31, -0x4(r1)
FFEBB3CC* 90010008  stw     r0, 0x8(r1)
FFEBB3D0* 9421FFC0  stwu    r1, -0x40(r1)
FFEBB3D4* 607F0000  ori     r31, r3, 0x0
FFEBB3D8* 809F0000  lwz     r4, 0x0(r31)
FFEBB3DC* 31010038  addic   r8, r1, 0x38
FFEBB3E0* 90810038  stw     r4, 0x38(r1)
FFEBB3E4* 39200000  li      r9, 0x0
FFEBB3E8* 4800000C  b       loc_FFEBB3F4
loc_FFEBB3EC:
FFEBB3EC* 48000028  b       loc_FFEBB414
loc_FFEBB3F0:
FFEBB3F0* 40800024  bge     loc_FFEBB414
loc_FFEBB3F4:
FFEBB3F4* 80880000  lwz     r4, 0x0(r8)
FFEBB3F8* 88A400A0  lbz     r5, 0xA0(r4)
FFEBB3FC* 7CA50775  extsb.  r5, r5
FFEBB400* 4082FFEC  bne     loc_FFEBB3EC
FFEBB404* 30890001  addic   r4, r9, 0x1
FFEBB408* 5489043E  clrlwi  r9, r4, 16
FFEBB40C* 2C090020  cmpwi   cr0, r9, 0x20
FFEBB410* 4BFFFFE0  b       loc_FFEBB3F0
loc_FFEBB414:
FFEBB414* 889F01A9  lbz     r4, 0x1A9(r31)
FFEBB418* 2C040000  cmpwi   cr0, r4, 0x0
FFEBB41C* 40820028  bne     loc_FFEBB444
FFEBB420* 63E30000  ori     r3, r31, 0x0
FFEBB424* 4BFFFCE1  bl      sub_FFEBB104
FFEBB428* 60000000  nop
FFEBB42C* 881F01A9  lbz     r0, 0x1A9(r31)
FFEBB430* 2C000000  cmpwi   cr0, r0, 0x0
FFEBB434* 40820010  bne     loc_FFEBB444
FFEBB438* 63E30000  ori     r3, r31, 0x0
FFEBB43C* 48000CA5  bl      sub_FFEBC0E0
FFEBB440* 60000000  nop
loc_FFEBB444:
FFEBB444* 38600000  li      r3, 0x0
FFEBB448* 987F01A9  stb     r3, 0x1A9(r31)
FFEBB44C* 887F01A6  lbz     r3, 0x1A6(r31)
FFEBB450* 38800008  li      r4, 0x8
FFEBB454* 7C032010  subfc   r0, r3, r4
FFEBB458* 7C641910  subfe   r3, r4, r3
FFEBB45C* 7C630114  adde    r3, r3, r0
FFEBB460* 5463063E  clrlwi  r3, r3, 24
FFEBB464* 80010048  lwz     r0, 0x48(r1)
FFEBB468* 30210040  addic   r1, r1, 0x40
FFEBB46C* 7C0803A6  mtspr   LR, r0
FFEBB470* BBE1FFFC  lmw     r31, -0x4(r1)
FFEBB474* 4E800020  blr

sub_FFEBB478:
FFEBB478  7C0802A6  mfspr   r0, LR
FFEBB47C  BFA1FFF4  stmw    r29, -0xC(r1)
FFEBB480  90010008  stw     r0, 0x8(r1)
FFEBB484  9421FFB8  stwu    r1, -0x48(r1)
FFEBB488  607F0000  ori     r31, r3, 0x0
FFEBB48C  33C10038  addic   r30, r1, 0x38
FFEBB490  809F0000  lwz     r4, 0x0(r31)
FFEBB494  38C00007  li      r6, 0x7
FFEBB498  909E0000  stw     r4, 0x0(r30)
FFEBB49C  80BE0000  lwz     r5, 0x0(r30)
FFEBB4A0  3BA00009  li      r29, 0x9
FFEBB4A4  98C500A0  stb     r6, 0xA0(r5)
FFEBB4A8  48005CD1  bl      sub_FFEC1178
FFEBB4AC  60000000  nop
FFEBB4B0  819E0000  lwz     r12, 0x0(r30)
FFEBB4B4  9BAC0030  stb     r29, 0x30(r12)
FFEBB4B8  48005CC1  bl      sub_FFEC1178
FFEBB4BC  60000000  nop
FFEBB4C0  63E30000  ori     r3, r31, 0x0
FFEBB4C4  4BFFFF01  bl      sub_FFEBB3C4
FFEBB4C8  60000000  nop
FFEBB4CC  881F01B4  lbz     r0, 0x1B4(r31)
FFEBB4D0  7C000774  extsb   r0, r0
FFEBB4D4  2C000001  cmpwi   cr0, r0, 0x1
FFEBB4D8  4082000C  bne     loc_FFEBB4E4
FFEBB4DC  38600008  li      r3, 0x8
FFEBB4E0  987F01A6  stb     r3, 0x1A6(r31)
loc_FFEBB4E4:
FFEBB4E4  80010050  lwz     r0, 0x50(r1)
FFEBB4E8  30210048  addic   r1, r1, 0x48
FFEBB4EC  7C0803A6  mtspr   LR, r0
FFEBB4F0  BBA1FFF4  lmw     r29, -0xC(r1)
FFEBB4F4  4E800020  blr
FFEBB4F8? 9421FFC0  stwu    r1, -0x40(r1)
FFEBB4FC? 80A40000  lwz     r5, 0x0(r4)
FFEBB500? 39600000  li      r11, 0x0
FFEBB504? 90A10038  stw     r5, 0x38(r1)
FFEBB508? 996401A9  stb     r11, 0x1A9(r4)
FFEBB50C? 38E00001  li      r7, 0x1
FFEBB510? 98E40215  stb     r7, 0x215(r4)
FFEBB514? 8904009C  lbz     r8, 0x9C(r4)
FFEBB518? 39200001  li      r9, 0x1
FFEBB51C? 550807B8  rlwinm  r8, r8, 0, 30, 28
FFEBB520? 9904009C  stb     r8, 0x9C(r4)
FFEBB524? 89840047  lbz     r12, 0x47(r4)
FFEBB528? 894401BC  lbz     r10, 0x1BC(r4)
FFEBB52Cd 7D2C6030  .ascii  "},`0}L`x"
FFEBB534? 558C063F  clrlwi. r12, r12, 24
FFEBB538? 4082000C  bne     loc_FFEBB544
FFEBB53C? 30210040  addic   r1, r1, 0x40
FFEBB540? 4E800020  blr
loc_FFEBB544:
FFEBB544? 4800000C  b       loc_FFEBB550
loc_FFEBB548:
FFEBB548? 48000028  b       loc_FFEBB570
loc_FFEBB54C:
FFEBB54C? 40800024  bge     loc_FFEBB570
loc_FFEBB550:
FFEBB550? 558507FF  clrlwi. r5, r12, 31
FFEBB554? 4082FFF4  bne     loc_FFEBB548
FFEBB558? 7D850E70  srawi   r5, r12, 0x1
FFEBB55C? 30CB0001  addic   r6, r11, 0x1
FFEBB560? 54CB063E  clrlwi  r11, r6, 24
FFEBB564? 54AC063E  clrlwi  r12, r5, 24
FFEBB568? 2C0B0008  cmpwi   cr0, r11, 0x8
FFEBB56C? 4BFFFFE0  b       loc_FFEBB54C
loc_FFEBB570:
FFEBB570? 996401BC  stb     r11, 0x1BC(r4)
FFEBB574? 88A401BD  lbz     r5, 0x1BD(r4)
FFEBB578? 39200002  li      r9, 0x2
FFEBB57C? 98A30014  stb     r5, 0x14(r3)
FFEBB580? 88C401BE  lbz     r6, 0x1BE(r4)
FFEBB584? 98C30012  stb     r6, 0x12(r3)
FFEBB588? 88E401BC  lbz     r7, 0x1BC(r4)
FFEBB58C? B0E3000C  sth     r7, 0xC(r3)
FFEBB590? 890401BF  lbz     r8, 0x1BF(r4)
FFEBB594? 990401A6  stb     r8, 0x1A6(r4)
FFEBB598? B123000A  sth     r9, 0xA(r3)
FFEBB59C? 30210040  addic   r1, r1, 0x40
FFEBB5A0? 4E800020  blr

sub_FFEBB5A4:
FFEBB5A4  7C0802A6  mfspr   r0, LR
FFEBB5A8  BF81FFF0  stmw    r28, -0x10(r1)
FFEBB5AC  90010008  stw     r0, 0x8(r1)
FFEBB5B0  9421FF08  stwu    r1, -0xF8(r1)
FFEBB5B4  33E10038  addic   r31, r1, 0x38
FFEBB5B8  63E30000  ori     r3, r31, 0x0
FFEBB5BC  388000AC  li      r4, 0xAC
FFEBB5C0  3BC00003  li      r30, 0x3
FFEBB5C4  3BA000AC  li      r29, 0xAC
FFEBB5C8  3B800000  li      r28, 0x0
FFEBB5CC  48005F9D  bl      sub_FFEC1568
FFEBB5D0  60000000  nop
FFEBB5D4  9BDF0008  stb     r30, 0x8(r31)
FFEBB5D8  B3BF0006  sth     r29, 0x6(r31)
FFEBB5DC  939F0010  stw     r28, 0x10(r31)
FFEBB5E0  63E30000  ori     r3, r31, 0x0
FFEBB5E4  48009481  bl      sub_FFEC4A64
FFEBB5E8  80410014  lwz     r2, 0x14(r1)
FFEBB5EC  2C030000  cmpwi   cr0, r3, 0x0
FFEBB5F0  4182001C  beq     loc_FFEBB60C
FFEBB5F4  38600000  li      r3, 0x0
FFEBB5F8  80010100  lwz     r0, 0x100(r1)
FFEBB5FC  302100F8  addic   r1, r1, 0xF8
FFEBB600  7C0803A6  mtspr   LR, r0
FFEBB604  BB81FFF0  lmw     r28, -0x10(r1)
FFEBB608  4E800020  blr
loc_FFEBB60C:
FFEBB60C  3C804170  lis     r4, 0x4170
FFEBB610  807F0058  lwz     r3, 0x58(r31)
FFEBB614  6084706C  ori     r4, r4, 0x706C
FFEBB618  7C032000  cmpw    r3, r4
FFEBB61C  40820044  bne     loc_FFEBB660
FFEBB620  3C806520  lis     r4, 0x6520
FFEBB624  807F005C  lwz     r3, 0x5C(r31)
FFEBB628  6084436F  ori     r4, r4, 0x436F
FFEBB62C  7C032000  cmpw    r3, r4
FFEBB630  40820030  bne     loc_FFEBB660
FFEBB634  3C806D70  lis     r4, 0x6D70
FFEBB638  807F0060  lwz     r3, 0x60(r31)
FFEBB63C  60847574  ori     r4, r4, 0x7574
FFEBB640  7C032000  cmpw    r3, r4
FFEBB644  4082001C  bne     loc_FFEBB660
FFEBB648  38600001  li      r3, 0x1
FFEBB64C  80010100  lwz     r0, 0x100(r1)
FFEBB650  302100F8  addic   r1, r1, 0xF8
FFEBB654  7C0803A6  mtspr   LR, r0
FFEBB658  BB81FFF0  lmw     r28, -0x10(r1)
FFEBB65C  4E800020  blr
loc_FFEBB660:
FFEBB660  38600000  li      r3, 0x0
FFEBB664  80010100  lwz     r0, 0x100(r1)
FFEBB668  302100F8  addic   r1, r1, 0xF8
FFEBB66C  7C0803A6  mtspr   LR, r0
FFEBB670  BB81FFF0  lmw     r28, -0x10(r1)
FFEBB674  4E800020  blr
FFEBB678* 7C0802A6  mfspr   r0, LR
FFEBB67C* 7D800026  mfcr    r12
FFEBB680* BE61FFCC  stmw    r19, -0x34(r1)
FFEBB684* 90010008  stw     r0, 0x8(r1)
FFEBB688* 91810004  stw     r12, 0x4(r1)
FFEBB68C* 9421FEE0  stwu    r1, -0x120(r1)
FFEBB690* 549E063E  clrlwi  r30, r4, 24
FFEBB694* 60770000  ori     r23, r3, 0x0
FFEBB698* 33810038  addic   r28, r1, 0x38
FFEBB69C* 33E1003C  addic   r31, r1, 0x3C
FFEBB6A0* 48000B79  bl      sub_FFEBC218
FFEBB6A4* 60000000  nop
FFEBB6A8* 48000AA1  bl      sub_FFEBC148
FFEBB6AC* 60000000  nop
FFEBB6B0* 547B043E  clrlwi  r27, r3, 16
FFEBB6B4* 3C607379  lis     r3, 0x7379
FFEBB6B8* 63840000  ori     r4, r28, 0x0
FFEBB6BC* 60637361  ori     r3, r3, 0x7361
FFEBB6C0* 4800947D  bl      sub_FFEC4B3C
FFEBB6C4* 80410014  lwz     r2, 0x14(r1)
FFEBB6C8* 2C030000  cmpwi   cr0, r3, 0x0
FFEBB6CC* 40820018  bne     loc_FFEBB6E4
FFEBB6D0* 809C0000  lwz     r4, 0x0(r28)
FFEBB6D4* 2C040002  cmpwi   cr0, r4, 0x2
FFEBB6D8* 4082000C  bne     loc_FFEBB6E4
FFEBB6DC* 3BA00001  li      r29, 0x1
FFEBB6E0* 48000008  b       loc_FFEBB6E8
loc_FFEBB6E4:
FFEBB6E4  3BA00000  li      r29, 0x0
loc_FFEBB6E8:
FFEBB6E8* 63C30000  ori     r3, r30, 0x0
FFEBB6EC* 48006339  bl      sub_FFEC1A24
FFEBB6F0* 60000000  nop
FFEBB6F4* 2C030000  cmpwi   cr0, r3, 0x0
FFEBB6F8* 41820034  beq     loc_FFEBB72C
FFEBB6FC  63630000  ori     r3, r27, 0x0
FFEBB700  7C630734  extsh   r3, r3
FFEBB704  48000A85  bl      sub_FFEBC188
FFEBB708  60000000  nop
FFEBB70C  3860FFFF  li      r3, -0x1
FFEBB710  80010128  lwz     r0, 0x128(r1)
FFEBB714  81810124  lwz     r12, 0x124(r1)
FFEBB718  30210120  addic   r1, r1, 0x120
FFEBB71C  7C0803A6  mtspr   LR, r0
FFEBB720  BA61FFCC  lmw     r19, -0x34(r1)
FFEBB724  7D838120  mtcrf   0x38, r12
FFEBB728  4E800020  blr
loc_FFEBB72C:
FFEBB72C* 3B400003  li      r26, 0x3
FFEBB730* 63E30000  ori     r3, r31, 0x0
FFEBB734* 388000AC  li      r4, 0xAC
FFEBB738* 3B2000AC  li      r25, 0xAC
FFEBB73C* 3B000000  li      r24, 0x0
FFEBB740* 48005E29  bl      sub_FFEC1568
FFEBB744* 60000000  nop
FFEBB748* 9B5F0008  stb     r26, 0x8(r31)
FFEBB74C* B33F0006  sth     r25, 0x6(r31)
FFEBB750* 931F0010  stw     r24, 0x10(r31)
FFEBB754* 63E30000  ori     r3, r31, 0x0
FFEBB758* 4800930D  bl      sub_FFEC4A64
FFEBB75C* 80410014  lwz     r2, 0x14(r1)
FFEBB760* 2C030000  cmpwi   cr0, r3, 0x0
FFEBB764* 4182000C  beq     loc_FFEBB770
FFEBB768* 3B000000  li      r24, 0x0
FFEBB76C* 4800004C  b       loc_FFEBB7B8
loc_FFEBB770:
FFEBB770  3CA04170  lis     r5, 0x4170
FFEBB774  809F0058  lwz     r4, 0x58(r31)
FFEBB778  60A5706C  ori     r5, r5, 0x706C
FFEBB77C  7C042800  cmpw    r4, r5
FFEBB780  40820034  bne     loc_FFEBB7B4
FFEBB784  3CA06520  lis     r5, 0x6520
FFEBB788  809F005C  lwz     r4, 0x5C(r31)
FFEBB78C  60A5436F  ori     r5, r5, 0x436F
FFEBB790  7C042800  cmpw    r4, r5
FFEBB794  40820020  bne     loc_FFEBB7B4
FFEBB798  3CA06D70  lis     r5, 0x6D70
FFEBB79C  809F0060  lwz     r4, 0x60(r31)
FFEBB7A0  60A57574  ori     r5, r5, 0x7574
FFEBB7A4  7C042800  cmpw    r4, r5
FFEBB7A8  4082000C  bne     loc_FFEBB7B4
FFEBB7AC  3B000001  li      r24, 0x1
FFEBB7B0  48000008  b       loc_FFEBB7B8
loc_FFEBB7B4:
FFEBB7B4  3B000000  li      r24, 0x0
loc_FFEBB7B8:
FFEBB7B8* 38600060  li      r3, 0x60
FFEBB7BC* 480092C1  bl      sub_FFEC4A7C
FFEBB7C0* 80410014  lwz     r2, 0x14(r1)
FFEBB7C4* 607F0000  ori     r31, r3, 0x0
FFEBB7C8* 2C1F0000  cmpwi   cr0, r31, 0x0
FFEBB7CC* 40820034  bne     loc_FFEBB800
FFEBB7D0  63630000  ori     r3, r27, 0x0
FFEBB7D4  7C630734  extsh   r3, r3
FFEBB7D8  480009B1  bl      sub_FFEBC188
FFEBB7DC  60000000  nop
FFEBB7E0  3860FFFF  li      r3, -0x1
FFEBB7E4  80010128  lwz     r0, 0x128(r1)
FFEBB7E8  81810124  lwz     r12, 0x124(r1)
FFEBB7EC  30210120  addic   r1, r1, 0x120
FFEBB7F0  7C0803A6  mtspr   LR, r0
FFEBB7F4  BA61FFCC  lmw     r19, -0x34(r1)
FFEBB7F8  7D838120  mtcrf   0x38, r12
FFEBB7FC  4E800020  blr
loc_FFEBB800:
FFEBB800* 3A800000  li      r20, 0x0
FFEBB804* 3AA00000  li      r21, 0x0
FFEBB808* 3A600001  li      r19, 0x1
FFEBB80C* 2D1E0000  cmpwi   cr2, r30, 0x0
FFEBB810* 3AC00088  li      r22, 0x88
FFEBB814* 3B200008  li      r25, 0x8
FFEBB818* 629E0000  ori     r30, r20, 0x0
FFEBB81C* 48009279  bl      sub_FFEC4A94
FFEBB820* 80410014  lwz     r2, 0x14(r1)
FFEBB824* 907F0000  stw     r3, 0x0(r31)
FFEBB828* 30030100  addic   r0, r3, 0x100
FFEBB82C* 901F0004  stw     r0, 0x4(r31)
FFEBB830* 901F0008  stw     r0, 0x8(r31)
FFEBB834* 8002FF30  lwz     r0, -0xD0(r2)
FFEBB838* 901F0028  stw     r0, 0x28(r31)
FFEBB83C* 8002FF34  lwz     r0, -0xCC(r2)
FFEBB840* 901F002C  stw     r0, 0x2C(r31)
FFEBB844* 8002FF38  lwz     r0, -0xC8(r2)
FFEBB848* 901F0030  stw     r0, 0x30(r31)
FFEBB84C* 8002FF3C  lwz     r0, -0xC4(r2)
FFEBB850* 901F0034  stw     r0, 0x34(r31)
FFEBB854* 9A9F0039  stb     r20, 0x39(r31)
FFEBB858* 9A9F0044  stb     r20, 0x44(r31)
FFEBB85C* 9A9F003A  stb     r20, 0x3A(r31)
FFEBB860* B2BF0058  sth     r21, 0x58(r31)
FFEBB864* 9A7F0051  stb     r19, 0x51(r31)
FFEBB868* B2BF005A  sth     r21, 0x5A(r31)
FFEBB86C* 9A9F0052  stb     r20, 0x52(r31)
FFEBB870* 9A7F0053  stb     r19, 0x53(r31)
FFEBB874* 9A9F004D  stb     r20, 0x4D(r31)
FFEBB878* 9B5F004C  stb     r26, 0x4C(r31)
FFEBB87C* 9ADF0049  stb     r22, 0x49(r31)
FFEBB880* 9B3F004A  stb     r25, 0x4A(r31)
FFEBB884* 9B3F0048  stb     r25, 0x48(r31)
FFEBB888* 9ADF004B  stb     r22, 0x4B(r31)
FFEBB88C* 9A9F0038  stb     r20, 0x38(r31)
FFEBB890* 9A9F0040  stb     r20, 0x40(r31)
FFEBB894* 9A7F0041  stb     r19, 0x41(r31)
FFEBB898* 9A7F0042  stb     r19, 0x42(r31)
FFEBB89C* 9A7F0050  stb     r19, 0x50(r31)
FFEBB8A0* 9A9F0054  stb     r20, 0x54(r31)
FFEBB8A4* 9A9F003B  stb     r20, 0x3B(r31)
FFEBB8A8* 9BBF003D  stb     r29, 0x3D(r31)
FFEBB8AC* 627D0000  ori     r29, r19, 0x0
FFEBB8B0* 418A000C  beq     cr2, loc_FFEBB8BC
FFEBB8B4* 39200001  li      r9, 0x1
FFEBB8B8* 48000008  b       loc_FFEBB8C0
loc_FFEBB8BC:
FFEBB8BC  39200000  li      r9, 0x0
loc_FFEBB8C0:
FFEBB8C0* 993F0046  stb     r9, 0x46(r31)
FFEBB8C4* 28170004  cmplwi  cr0, r23, 0x4
FFEBB8C8* 9BDF0045  stb     r30, 0x45(r31)
FFEBB8CC* 9BDF0057  stb     r30, 0x57(r31)
FFEBB8D0* 8082FDC4  lwz     r4, -0x23C(r2)
FFEBB8D4* 41810314  bgt     loc_FFEBBBE8
FFEBB8D8* 56E5103A  slwi    r5, r23, 2
FFEBB8DC* 7CA4282E  lwzx    r5, r4, r5
FFEBB8E0* 7CA42814  addc    r5, r4, r5
FFEBB8E4* 7CA803A6  mtspr   LR, r5
FFEBB8E8* 4E800020  blr
FFEBB8EC? 3C8050F2  lis     r4, 0x50F2
FFEBB8F0? 60846003  ori     r4, r4, 0x6003
FFEBB8F4? 909F000C  stw     r4, 0xC(r31)
FFEBB8F8? 3CA050F2  lis     r5, 0x50F2
FFEBB8FC? 60A56013  ori     r5, r5, 0x6013
FFEBB900? 90BF0010  stw     r5, 0x10(r31)
FFEBB904? 909F0014  stw     r4, 0x14(r31)
FFEBB908? 9BBF0040  stb     r29, 0x40(r31)
FFEBB90C? 9BBF0041  stb     r29, 0x41(r31)
FFEBB910? 9BBF0042  stb     r29, 0x42(r31)
FFEBB914? 9BBF0050  stb     r29, 0x50(r31)
FFEBB918? 38C00002  li      r6, 0x2
FFEBB91C? 98DF0054  stb     r6, 0x54(r31)
FFEBB920? 9B3F0055  stb     r25, 0x55(r31)
FFEBB924? 9BBF003B  stb     r29, 0x3B(r31)
FFEBB928? 418A004C  beq     cr2, loc_FFEBB974
FFEBB92C? 3C8050F3  lis     r4, 0x50F3
FFEBB930? 3CA050F3  lis     r5, 0x50F3
FFEBB934? 60842009  ori     r4, r4, 0x2009
FFEBB938? 909F0020  stw     r4, 0x20(r31)
FFEBB93C? 60A52004  ori     r5, r5, 0x2004
FFEBB940? 90BF0024  stw     r5, 0x24(r31)
FFEBB944? 9BBF0039  stb     r29, 0x39(r31)
FFEBB948? 38C00006  li      r6, 0x6
FFEBB94C? 98DF004C  stb     r6, 0x4C(r31)
FFEBB950? 38E000C0  li      r7, 0xC0
FFEBB954? 98FF0049  stb     r7, 0x49(r31)
FFEBB958? 39000040  li      r8, 0x40
FFEBB95C? 991F004A  stb     r8, 0x4A(r31)
FFEBB960? 991F0048  stb     r8, 0x48(r31)
FFEBB964? 98FF004B  stb     r7, 0x4B(r31)
FFEBB968? 39200002  li      r9, 0x2
FFEBB96C? 993F004D  stb     r9, 0x4D(r31)
FFEBB970? 48000278  b       loc_FFEBBBE8
loc_FFEBB974:
FFEBB974? 3C8050F3  lis     r4, 0x50F3
FFEBB978? 3CA050F3  lis     r5, 0x50F3
FFEBB97C? 60842008  ori     r4, r4, 0x2008
FFEBB980? 909F0020  stw     r4, 0x20(r31)
FFEBB984? 60A52000  ori     r5, r5, 0x2000
FFEBB988? 90BF0024  stw     r5, 0x24(r31)
FFEBB98C? 9B5F004C  stb     r26, 0x4C(r31)
FFEBB990? 9ADF0049  stb     r22, 0x49(r31)
FFEBB994? 9B3F004A  stb     r25, 0x4A(r31)
FFEBB998? 9B3F0048  stb     r25, 0x48(r31)
FFEBB99C? 9ADF004B  stb     r22, 0x4B(r31)
FFEBB9A0? 9BDF004D  stb     r30, 0x4D(r31)
FFEBB9A4? 48000244  b       loc_FFEBBBE8
FFEBB9A8? 809F0004  lwz     r4, 0x4(r31)
FFEBB9AC? 3CA00004  lis     r5, 0x0004
FFEBB9B0? 3CE0F980  lis     r7, 0xF980
FFEBB9B4? 7CC42814  addc    r6, r4, r5
FFEBB9B8? 90DF0008  stw     r6, 0x8(r31)
FFEBB9BC? 60E70024  ori     r7, r7, 0x24
FFEBB9C0? 39000002  li      r8, 0x2
FFEBB9C4? 90FF0018  stw     r7, 0x18(r31)
FFEBB9C8? 3D4050F0  lis     r10, 0x50F0
FFEBB9CC? 7D283814  addc    r9, r8, r7
FFEBB9D0? 3D6050F0  lis     r11, 0x50F0
FFEBB9D4? 913F000C  stw     r9, 0xC(r31)
FFEBB9D8? 614A3C13  ori     r10, r10, 0x3C13
FFEBB9DC? 915F0010  stw     r10, 0x10(r31)
FFEBB9E0? 616B3A03  ori     r11, r11, 0x3A03
FFEBB9E4? 917F0014  stw     r11, 0x14(r31)
FFEBB9E8? 9BDF0051  stb     r30, 0x51(r31)
FFEBB9EC? 9BBF0038  stb     r29, 0x38(r31)
FFEBB9F0? 9BBF004D  stb     r29, 0x4D(r31)
FFEBB9F4? 9BBF003C  stb     r29, 0x3C(r31)
FFEBB9F8? 9BDF0040  stb     r30, 0x40(r31)
FFEBB9FC? 9BBF0041  stb     r29, 0x41(r31)
FFEBBA00? 9BBF0042  stb     r29, 0x42(r31)
FFEBBA04? 418A000C  beq     cr2, loc_FFEBBA10
FFEBBA08? 9BDF0050  stb     r30, 0x50(r31)
FFEBBA0C? 480001DC  b       loc_FFEBBBE8
loc_FFEBBA10:
FFEBBA10? 9BBF0050  stb     r29, 0x50(r31)
FFEBBA14? 480001D4  b       loc_FFEBBBE8
FFEBBA18? 3C8050F0  lis     r4, 0x50F0
FFEBBA1C? 3CA050F0  lis     r5, 0x50F0
FFEBBA20? 60843A00  ori     r4, r4, 0x3A00
FFEBBA24? 3CC050F0  lis     r6, 0x50F0
FFEBBA28? 909F000C  stw     r4, 0xC(r31)
FFEBBA2C? 60A53C13  ori     r5, r5, 0x3C13
FFEBBA30? 90BF0010  stw     r5, 0x10(r31)
FFEBBA34? 60C63A03  ori     r6, r6, 0x3A03
FFEBBA38? 90DF0014  stw     r6, 0x14(r31)
FFEBBA3C? 3C606D61  lis     r3, 0x6D61
FFEBBA40? 9BDF0051  stb     r30, 0x51(r31)
FFEBBA44? 9B5F0054  stb     r26, 0x54(r31)
FFEBBA48? 63840000  ori     r4, r28, 0x0
FFEBBA4C? 60636368  ori     r3, r3, 0x6368
FFEBBA50? 480090ED  bl      sub_FFEC4B3C
FFEBBA54? 80410014  lwz     r2, 0x14(r1)
FFEBBA58? 2C030000  cmpwi   cr0, r3, 0x0
FFEBBA5C? 4082018C  bne     loc_FFEBBBE8
FFEBBA60? 809C0000  lwz     r4, 0x0(r28)
FFEBBA64? 80A2FDC0  lwz     r5, -0x240(r2)
FFEBBA68? 3084FF9E  addic   r4, r4, -0x62
FFEBBA6C? 28040009  cmplwi  cr0, r4, 0x9
FFEBBA70? 41810178  bgt     loc_FFEBBBE8
FFEBBA74? 5486103A  slwi    r6, r4, 2
FFEBBA78? 7CC5302E  lwzx    r6, r5, r6
FFEBBA7C? 7CC53014  addc    r6, r5, r6
FFEBBA80? 7CC803A6  mtspr   LR, r6
FFEBBA84? 4E800020  blr
FFEBBA88? 9BBF0045  stb     r29, 0x45(r31)
FFEBBA8C? 4800015C  b       loc_FFEBBBE8
FFEBBA90? 38800000  li      r4, 0x0
FFEBBA94? 909F0004  stw     r4, 0x4(r31)
FFEBBA98? 909F0008  stw     r4, 0x8(r31)
FFEBBA9C? 3CA050F0  lis     r5, 0x50F0
FFEBBAA0? 60A53A00  ori     r5, r5, 0x3A00
FFEBBAA4? 90BF000C  stw     r5, 0xC(r31)
FFEBBAA8? 3CC050F0  lis     r6, 0x50F0
FFEBBAAC? 60C63C00  ori     r6, r6, 0x3C00
FFEBBAB0? 90DF0010  stw     r6, 0x10(r31)
FFEBBAB4? 90BF0014  stw     r5, 0x14(r31)
FFEBBAB8? 9BBF0040  stb     r29, 0x40(r31)
FFEBBABC? 9BDF0041  stb     r30, 0x41(r31)
FFEBBAC0? 9BDF0042  stb     r30, 0x42(r31)
FFEBBAC4? 9BBF0050  stb     r29, 0x50(r31)
FFEBBAC8? 9BBF0054  stb     r29, 0x54(r31)
FFEBBACC? 38E00010  li      r7, 0x10
FFEBBAD0? 98FF0055  stb     r7, 0x55(r31)
FFEBBAD4? 48000114  b       loc_FFEBBBE8
FFEBBAD8* 3C805FFF  lis     r4, 0x5FFF
FFEBBADC* 60848001  ori     r4, r4, 0x8001
FFEBBAE0* 909F0004  stw     r4, 0x4(r31)
FFEBBAE4* 909F0008  stw     r4, 0x8(r31)
FFEBBAE8* 3CA0F300  lis     r5, 0xF300                         ; = F3000000 Grand Central base
FFEBBAEC* 3CC0F300  lis     r6, 0xF300                         ; = F3000000 Grand Central base
FFEBBAF0* 60A50024  ori     r5, r5, 0x24                       ; = F3000024 GC_INT_MASK
FFEBBAF4* 90BF0010  stw     r5, 0x10(r31)
FFEBBAF8* 60C6002C  ori     r6, r6, 0x2C                       ; = F300002C GC_INT_LEVELS
FFEBBAFC* 90DF0014  stw     r6, 0x14(r31)
FFEBBB00* 9BDF0051  stb     r30, 0x51(r31)
FFEBBB04* 9B5F0052  stb     r26, 0x52(r31)
FFEBBB08* 38E00004  li      r7, 0x4
FFEBBB0C* 98FF0054  stb     r7, 0x54(r31)
FFEBBB10* 9B5F0050  stb     r26, 0x50(r31)
FFEBBB14* 9BBF0040  stb     r29, 0x40(r31)
FFEBBB18* 9BDF0041  stb     r30, 0x41(r31)
FFEBBB1C* 9BDF0042  stb     r30, 0x42(r31)
FFEBBB20* 39000005  li      r8, 0x5
FFEBBB24* 991F004D  stb     r8, 0x4D(r31)
FFEBBB28* 418A0064  beq     cr2, loc_FFEBBB8C
FFEBBB2C* 3C80F300  lis     r4, 0xF300                         ; = F3000000 Grand Central base
FFEBBB30* 3CA0F300  lis     r5, 0xF300                         ; = F3000000 Grand Central base
FFEBBB34* 60848A04  ori     r4, r4, 0x8A04                     ; = F3008A04 GC_DBDMA_SCSI_MESH.status
FFEBBB38* 909F000C  stw     r4, 0xC(r31)
FFEBBB3C* 60A58A00  ori     r5, r5, 0x8A00                     ; = F3008A00 GC_DBDMA_SCSI_MESH.control
FFEBBB40* 90BF0020  stw     r5, 0x20(r31)
FFEBBB44* 80C2FF40  lwz     r6, -0xC0(r2)
FFEBBB48* 39400015  li      r10, 0x15
FFEBBB4C* 90DF0028  stw     r6, 0x28(r31)
FFEBBB50* 80E2FF44  lwz     r7, -0xBC(r2)
FFEBBB54* 39600015  li      r11, 0x15
FFEBBB58* 90FF002C  stw     r7, 0x2C(r31)
FFEBBB5C* 8102FF48  lwz     r8, -0xB8(r2)
FFEBBB60* 39800012  li      r12, 0x12
FFEBBB64* 911F0030  stw     r8, 0x30(r31)
FFEBBB68* 8122FF4C  lwz     r9, -0xB4(r2)
FFEBBB6C* 913F0034  stw     r9, 0x34(r31)
FFEBBB70* 9BBF0039  stb     r29, 0x39(r31)
FFEBBB74* 9BBF0044  stb     r29, 0x44(r31)
FFEBBB78* 995F004C  stb     r10, 0x4C(r31)
FFEBBB7C* B17F0058  sth     r11, 0x58(r31)
FFEBBB80* B19F005A  sth     r12, 0x5A(r31)
FFEBBB84* 9B3F0055  stb     r25, 0x55(r31)
FFEBBB88* 48000060  b       loc_FFEBBBE8
loc_FFEBBB8C:
FFEBBB8C  3C80F300  lis     r4, 0xF300                         ; = F3000000 Grand Central base
FFEBBB90  3CA0F300  lis     r5, 0xF300                         ; = F3000000 Grand Central base
FFEBBB94  60848004  ori     r4, r4, 0x8004                     ; = F3008004 GC_DBDMA_SCSI_CURIO.status
FFEBBB98  909F000C  stw     r4, 0xC(r31)
FFEBBB9C  60A58000  ori     r5, r5, 0x8000                     ; = F3008000 GC_DBDMA_SCSI_CURIO.control
FFEBBBA0  90BF0020  stw     r5, 0x20(r31)
FFEBBBA4  80C2FF50  lwz     r6, -0xB0(r2)
FFEBBBA8  39400014  li      r10, 0x14
FFEBBBAC  90DF0028  stw     r6, 0x28(r31)
FFEBBBB0  80E2FF54  lwz     r7, -0xAC(r2)
FFEBBBB4  39600014  li      r11, 0x14
FFEBBBB8  90FF002C  stw     r7, 0x2C(r31)
FFEBBBBC  8102FF58  lwz     r8, -0xA8(r2)
FFEBBBC0  39800018  li      r12, 0x18
FFEBBBC4  911F0030  stw     r8, 0x30(r31)
FFEBBBC8  8122FF5C  lwz     r9, -0xA4(r2)
FFEBBBCC  913F0034  stw     r9, 0x34(r31)
FFEBBBD0  9BDF0039  stb     r30, 0x39(r31)
FFEBBBD4  9BDF0044  stb     r30, 0x44(r31)
FFEBBBD8  995F004C  stb     r10, 0x4C(r31)
FFEBBBDC  B17F0058  sth     r11, 0x58(r31)
FFEBBBE0  B19F005A  sth     r12, 0x5A(r31)
FFEBBBE4  9B3F0055  stb     r25, 0x55(r31)
loc_FFEBBBE8:
FFEBBBE8* 813F0000  lwz     r9, 0x0(r31)
FFEBBBEC* 888900E0  lbz     r4, 0xE0(r9)
FFEBBBF0* 2F0400E1  cmpwi   cr6, r4, 0xE1
FFEBBBF4* 419800E0  blt     cr6, loc_FFEBBCD4
FFEBBBF8* 39200002  li      r9, 0x2
FFEBBBFC* 409A000C  bne     cr6, loc_FFEBBC08
FFEBBC00  9BDF0039  stb     r30, 0x39(r31)
FFEBBC04  9BDF0044  stb     r30, 0x44(r31)
loc_FFEBBC08:
FFEBBC08* 8082FF60  lwz     r4, -0xA0(r2)
FFEBBC0C* 63E30000  ori     r3, r31, 0x0
FFEBBC10* 909F0030  stw     r4, 0x30(r31)
FFEBBC14* 993F0056  stb     r9, 0x56(r31)
FFEBBC18* 4BFFB2F9  bl      sub_FFEB6F10
FFEBBC1C* 60000000  nop
FFEBBC20* 63E30000  ori     r3, r31, 0x0
FFEBBC24* 4BFFF42D  bl      sub_FFEBB050
FFEBBC28* 60000000  nop
FFEBBC2C* 2C030000  cmpwi   cr0, r3, 0x0
FFEBBC30* 41820034  beq     loc_FFEBBC64
FFEBBC34  63630000  ori     r3, r27, 0x0
FFEBBC38  7C630734  extsh   r3, r3
FFEBBC3C  4800054D  bl      sub_FFEBC188
FFEBBC40  60000000  nop
FFEBBC44  3860FFFF  li      r3, -0x1
FFEBBC48  80010128  lwz     r0, 0x128(r1)
FFEBBC4C  81810124  lwz     r12, 0x124(r1)
FFEBBC50  30210120  addic   r1, r1, 0x120
FFEBBC54  7C0803A6  mtspr   LR, r0
FFEBBC58  BA61FFCC  lmw     r19, -0x34(r1)
FFEBBC5C  7D838120  mtcrf   0x38, r12
FFEBBC60  4E800020  blr
loc_FFEBBC64:
FFEBBC64* 2C180000  cmpwi   cr0, r24, 0x0
FFEBBC68* 4182001C  beq     loc_FFEBBC84
FFEBBC6C  63E30000  ori     r3, r31, 0x0
FFEBBC70  62A40000  ori     r4, r21, 0x0
FFEBBC74  4BFFEFA1  bl      sub_FFEBAC14
FFEBBC78  60000000  nop
FFEBBC7C  607C0000  ori     r28, r3, 0x0
FFEBBC80  48000014  b       loc_FFEBBC94
loc_FFEBBC84:
FFEBBC84* 63E30000  ori     r3, r31, 0x0
FFEBBC88* 4BFFEEC5  bl      sub_FFEBAB4C
FFEBBC8C* 60000000  nop
FFEBBC90* 607C0000  ori     r28, r3, 0x0
loc_FFEBBC94:
FFEBBC94* 2C1C0000  cmpwi   cr0, r28, 0x0
FFEBBC98* 40820034  bne     loc_FFEBBCCC
FFEBBC9C  63630000  ori     r3, r27, 0x0
FFEBBCA0  7C630734  extsh   r3, r3
FFEBBCA4  480004E5  bl      sub_FFEBC188
FFEBBCA8  60000000  nop
FFEBBCAC  3860FFFF  li      r3, -0x1
FFEBBCB0  80010128  lwz     r0, 0x128(r1)
FFEBBCB4  81810124  lwz     r12, 0x124(r1)
FFEBBCB8  30210120  addic   r1, r1, 0x120
FFEBBCBC  7C0803A6  mtspr   LR, r0
FFEBBCC0  BA61FFCC  lmw     r19, -0x34(r1)
FFEBBCC4  7D838120  mtcrf   0x38, r12
FFEBBCC8  4E800020  blr
loc_FFEBBCCC:
FFEBBCCC* 63B50000  ori     r21, r29, 0x0
FFEBBCD0* 480000EC  b       loc_FFEBBDBC
loc_FFEBBCD4:
FFEBBCD4  38800044  li      r4, 0x44
FFEBBCD8  98890030  stb     r4, 0x30(r9)
FFEBBCDC  4800549D  bl      sub_FFEC1178
FFEBBCE0  60000000  nop
FFEBBCE4  839F0000  lwz     r28, 0x0(r31)
FFEBBCE8  8A9C0030  lbz     r20, 0x30(r28)
FFEBBCEC  2C140044  cmpwi   cr0, r20, 0x44
FFEBBCF0  408200C8  bne     loc_FFEBBDB8
FFEBBCF4  9BBF0056  stb     r29, 0x56(r31)
FFEBBCF8  63E30000  ori     r3, r31, 0x0
FFEBBCFC  4BFFB215  bl      sub_FFEB6F10
FFEBBD00  60000000  nop
FFEBBD04  63E30000  ori     r3, r31, 0x0
FFEBBD08  4BFFA0ED  bl      sub_FFEB5DF4
FFEBBD0C  60000000  nop
FFEBBD10  2C030000  cmpwi   cr0, r3, 0x0
FFEBBD14  41820034  beq     loc_FFEBBD48
FFEBBD18  63630000  ori     r3, r27, 0x0
FFEBBD1C  7C630734  extsh   r3, r3
FFEBBD20  48000469  bl      sub_FFEBC188
FFEBBD24  60000000  nop
FFEBBD28  3860FFFF  li      r3, -0x1
FFEBBD2C  80010128  lwz     r0, 0x128(r1)
FFEBBD30  81810124  lwz     r12, 0x124(r1)
FFEBBD34  30210120  addic   r1, r1, 0x120
FFEBBD38  7C0803A6  mtspr   LR, r0
FFEBBD3C  BA61FFCC  lmw     r19, -0x34(r1)
FFEBBD40  7D838120  mtcrf   0x38, r12
FFEBBD44  4E800020  blr
loc_FFEBBD48:
FFEBBD48  2C180000  cmpwi   cr0, r24, 0x0
FFEBBD4C  4182001C  beq     loc_FFEBBD68
FFEBBD50  63E30000  ori     r3, r31, 0x0
FFEBBD54  62A40000  ori     r4, r21, 0x0
FFEBBD58  4BFF9AF1  bl      sub_FFEB5848
FFEBBD5C  60000000  nop
FFEBBD60  607C0000  ori     r28, r3, 0x0
FFEBBD64  48000014  b       loc_FFEBBD78
loc_FFEBBD68:
FFEBBD68  63E30000  ori     r3, r31, 0x0
FFEBBD6C  4BFF9A41  bl      sub_FFEB57AC
FFEBBD70  60000000  nop
FFEBBD74  607C0000  ori     r28, r3, 0x0
loc_FFEBBD78:
FFEBBD78  2C1C0000  cmpwi   cr0, r28, 0x0
FFEBBD7C  40820034  bne     loc_FFEBBDB0
FFEBBD80  63630000  ori     r3, r27, 0x0
FFEBBD84  7C630734  extsh   r3, r3
FFEBBD88  48000401  bl      sub_FFEBC188
FFEBBD8C  60000000  nop
FFEBBD90  3860FFFF  li      r3, -0x1
FFEBBD94  80010128  lwz     r0, 0x128(r1)
FFEBBD98  81810124  lwz     r12, 0x124(r1)
FFEBBD9C  30210120  addic   r1, r1, 0x120
FFEBBDA0  7C0803A6  mtspr   LR, r0
FFEBBDA4  BA61FFCC  lmw     r19, -0x34(r1)
FFEBBDA8  7D838120  mtcrf   0x38, r12
FFEBBDAC  4E800020  blr
loc_FFEBBDB0:
FFEBBDB0  63B50000  ori     r21, r29, 0x0
FFEBBDB4  48000008  b       loc_FFEBBDBC
loc_FFEBBDB8:
FFEBBDB8  63D50000  ori     r21, r30, 0x0
loc_FFEBBDBC:
FFEBBDBC* 418A0274  beq     cr2, loc_FFEBC030
FFEBBDC0* 80801FF0  lwz     r4, 0x1FF0
FFEBBDC4* 909F0000  stw     r4, 0x0(r31)
FFEBBDC8* 30840100  addic   r4, r4, 0x100
FFEBBDCC* 909F0004  stw     r4, 0x4(r31)
FFEBBDD0* 909F0008  stw     r4, 0x8(r31)
FFEBBDD4* 9BDF0039  stb     r30, 0x39(r31)
FFEBBDD8* 9BDF0044  stb     r30, 0x44(r31)
FFEBBDDC* 9BBF0056  stb     r29, 0x56(r31)
FFEBBDE0* 9BDF0057  stb     r30, 0x57(r31)
FFEBBDE4* 48000068  b       loc_FFEBBE4C
loc_FFEBBDE8:
FFEBBDE8  3C8050F3  lis     r4, 0x50F3
FFEBBDEC  3CA050F3  lis     r5, 0x50F3
FFEBBDF0  60842008  ori     r4, r4, 0x2008
FFEBBDF4  909F0020  stw     r4, 0x20(r31)
FFEBBDF8  60A52000  ori     r5, r5, 0x2000
FFEBBDFC  90BF0024  stw     r5, 0x24(r31)
FFEBBE00  9B5F004C  stb     r26, 0x4C(r31)
FFEBBE04  9ADF0049  stb     r22, 0x49(r31)
FFEBBE08  9B3F004A  stb     r25, 0x4A(r31)
FFEBBE0C  9B3F0048  stb     r25, 0x48(r31)
FFEBBE10  9ADF004B  stb     r22, 0x4B(r31)
FFEBBE14  9BDF004D  stb     r30, 0x4D(r31)
FFEBBE18  480000F0  b       loc_FFEBBF08
loc_FFEBBE1C:
FFEBBE1C  809F0004  lwz     r4, 0x4(r31)
FFEBBE20  3CA00004  lis     r5, 0x0004
FFEBBE24  3CE0F980  lis     r7, 0xF980
FFEBBE28  7CC42814  addc    r6, r4, r5
FFEBBE2C  90DF0008  stw     r6, 0x8(r31)
FFEBBE30  60E70028  ori     r7, r7, 0x28
FFEBBE34  39000002  li      r8, 0x2
FFEBBE38  90FF0018  stw     r7, 0x18(r31)
FFEBBE3C  7D283814  addc    r9, r8, r7
FFEBBE40  913F000C  stw     r9, 0xC(r31)
FFEBBE44  9BDF0050  stb     r30, 0x50(r31)
FFEBBE48  480000C0  b       loc_FFEBBF08
loc_FFEBBE4C:
FFEBBE4C* 2C170000  cmpwi   cr0, r23, 0x0
FFEBBE50* 4182FF98  beq     loc_FFEBBDE8
FFEBBE54* 2C170002  cmpwi   cr0, r23, 0x2
FFEBBE58* 4182FFC4  beq     loc_FFEBBE1C
FFEBBE5C* 2C170004  cmpwi   cr0, r23, 0x4
FFEBBE60* 408200A8  bne     loc_FFEBBF08
FFEBBE64* 3C805FFF  lis     r4, 0x5FFF
FFEBBE68* 60848001  ori     r4, r4, 0x8001
FFEBBE6C* 3CA0F300  lis     r5, 0xF300                         ; = F3000000 Grand Central base
FFEBBE70* 909F0004  stw     r4, 0x4(r31)
FFEBBE74* 3CC0F300  lis     r6, 0xF300                         ; = F3000000 Grand Central base
FFEBBE78* 909F0008  stw     r4, 0x8(r31)
FFEBBE7C* 60A58004  ori     r5, r5, 0x8004                     ; = F3008004 GC_DBDMA_SCSI_CURIO.status
FFEBBE80* 3CE0F300  lis     r7, 0xF300                         ; = F3000000 Grand Central base
FFEBBE84* 90BF000C  stw     r5, 0xC(r31)
FFEBBE88* 60C60024  ori     r6, r6, 0x24                       ; = F3000024 GC_INT_MASK
FFEBBE8C* 3D00F300  lis     r8, 0xF300                         ; = F3000000 Grand Central base
FFEBBE90* 90DF0010  stw     r6, 0x10(r31)
FFEBBE94* 60E7002C  ori     r7, r7, 0x2C                       ; = F300002C GC_INT_LEVELS
FFEBBE98* 90FF0014  stw     r7, 0x14(r31)
FFEBBE9C* 61088000  ori     r8, r8, 0x8000                     ; = F3008000 GC_DBDMA_SCSI_CURIO.control
FFEBBEA0* 911F0020  stw     r8, 0x20(r31)
FFEBBEA4* 9BDF0051  stb     r30, 0x51(r31)
FFEBBEA8* 8122FF50  lwz     r9, -0xB0(r2)
FFEBBEAC* 38000014  li      r0, 0x14
FFEBBEB0* 913F0028  stw     r9, 0x28(r31)
FFEBBEB4* 8142FF54  lwz     r10, -0xAC(r2)
FFEBBEB8* 39800005  li      r12, 0x5
FFEBBEBC* 915F002C  stw     r10, 0x2C(r31)
FFEBBEC0* 8162FF58  lwz     r11, -0xA8(r2)
FFEBBEC4* 39400014  li      r10, 0x14
FFEBBEC8* 917F0030  stw     r11, 0x30(r31)
FFEBBECC* 8162FF5C  lwz     r11, -0xA4(r2)
FFEBBED0* 39200018  li      r9, 0x18
FFEBBED4* 917F0034  stw     r11, 0x34(r31)
FFEBBED8* 9BBF0040  stb     r29, 0x40(r31)
FFEBBEDC* 9BDF0041  stb     r30, 0x41(r31)
FFEBBEE0* 9BDF0042  stb     r30, 0x42(r31)
FFEBBEE4* 981F004C  stb     r0, 0x4C(r31)
FFEBBEE8* 999F004D  stb     r12, 0x4D(r31)
FFEBBEEC* B15F0058  sth     r10, 0x58(r31)
FFEBBEF0* 9B5F0050  stb     r26, 0x50(r31)
FFEBBEF4* B13F005A  sth     r9, 0x5A(r31)
FFEBBEF8* 9B5F0052  stb     r26, 0x52(r31)
FFEBBEFC* 38000004  li      r0, 0x4
FFEBBF00* 981F0054  stb     r0, 0x54(r31)
FFEBBF04* 9B3F0055  stb     r25, 0x55(r31)
loc_FFEBBF08:
FFEBBF08* 63E30000  ori     r3, r31, 0x0
FFEBBF0C* 4BFFB005  bl      sub_FFEB6F10
FFEBBF10* 60000000  nop
FFEBBF14* 63E30000  ori     r3, r31, 0x0
FFEBBF18* 4BFF9EDD  bl      sub_FFEB5DF4
FFEBBF1C* 60000000  nop
FFEBBF20* 2C030000  cmpwi   cr0, r3, 0x0
FFEBBF24* 41820034  beq     loc_FFEBBF58
FFEBBF28  63630000  ori     r3, r27, 0x0
FFEBBF2C  7C630734  extsh   r3, r3
FFEBBF30  48000259  bl      sub_FFEBC188
FFEBBF34  60000000  nop
FFEBBF38  3860FFFF  li      r3, -0x1
FFEBBF3C  80010128  lwz     r0, 0x128(r1)
FFEBBF40  81810124  lwz     r12, 0x124(r1)
FFEBBF44  30210120  addic   r1, r1, 0x120
FFEBBF48  7C0803A6  mtspr   LR, r0
FFEBBF4C  BA61FFCC  lmw     r19, -0x34(r1)
FFEBBF50  7D838120  mtcrf   0x38, r12
FFEBBF54  4E800020  blr
loc_FFEBBF58:
FFEBBF58* 2C180000  cmpwi   cr0, r24, 0x0
FFEBBF5C* 4182001C  beq     loc_FFEBBF78
FFEBBF60  63E30000  ori     r3, r31, 0x0
FFEBBF64  38800001  li      r4, 0x1
FFEBBF68  4BFF98E1  bl      sub_FFEB5848
FFEBBF6C  60000000  nop
FFEBBF70  607F0000  ori     r31, r3, 0x0
FFEBBF74  48000014  b       loc_FFEBBF88
loc_FFEBBF78:
FFEBBF78* 63E30000  ori     r3, r31, 0x0
FFEBBF7C* 4BFF9831  bl      sub_FFEB57AC
FFEBBF80* 60000000  nop
FFEBBF84* 607F0000  ori     r31, r3, 0x0
loc_FFEBBF88:
FFEBBF88* 2C1F0000  cmpwi   cr0, r31, 0x0
FFEBBF8C* 40820034  bne     loc_FFEBBFC0
FFEBBF90  63630000  ori     r3, r27, 0x0
FFEBBF94  7C630734  extsh   r3, r3
FFEBBF98  480001F1  bl      sub_FFEBC188
FFEBBF9C  60000000  nop
FFEBBFA0  3860FFFF  li      r3, -0x1
FFEBBFA4  80010128  lwz     r0, 0x128(r1)
FFEBBFA8  81810124  lwz     r12, 0x124(r1)
FFEBBFAC  30210120  addic   r1, r1, 0x120
FFEBBFB0  7C0803A6  mtspr   LR, r0
FFEBBFB4  BA61FFCC  lmw     r19, -0x34(r1)
FFEBBFB8  7D838120  mtcrf   0x38, r12
FFEBBFBC  4E800020  blr
loc_FFEBBFC0:
FFEBBFC0* 48008BAD  bl      sub_FFEC4B6C
FFEBBFC4* 80410014  lwz     r2, 0x14(r1)
FFEBBFC8* 93E30078  stw     r31, 0x78(r3)
FFEBBFCC* 48008BA1  bl      sub_FFEC4B6C
FFEBBFD0* 80410014  lwz     r2, 0x14(r1)
FFEBBFD4* 2C150000  cmpwi   cr0, r21, 0x0
FFEBBFD8* 812301B4  lwz     r9, 0x1B4(r3)
FFEBBFDC* 9BDF009F  stb     r30, 0x9F(r31)
FFEBBFE0* 41820050  beq     loc_FFEBC030
FFEBBFE4* 889C0050  lbz     r4, 0x50(r28)
FFEBBFE8* 2C040000  cmpwi   cr0, r4, 0x0
FFEBBFEC* 40820044  bne     loc_FFEBC030
FFEBBFF0  28170002  cmplwi  cr0, r23, 0x2
FFEBBFF4  93FC007C  stw     r31, 0x7C(r28)
FFEBBFF8  939F007C  stw     r28, 0x7C(r31)
FFEBBFFC  4082001C  bne     loc_FFEBC018
FFEBC000  8082FF64  lwz     r4, -0x9C(r2)
FFEBC004  909C002C  stw     r4, 0x2C(r28)
FFEBC008  80A2FF68  lwz     r5, -0x98(r2)
FFEBC00C  90BC0030  stw     r5, 0x30(r28)
FFEBC010  909F002C  stw     r4, 0x2C(r31)
FFEBC014  90BF0030  stw     r5, 0x30(r31)
loc_FFEBC018:
FFEBC018  80890004  lwz     r4, 0x4(r9)
FFEBC01C  80C90000  lwz     r6, 0x0(r9)
FFEBC020  80A40000  lwz     r5, 0x0(r4)
FFEBC024  80E60000  lwz     r7, 0x0(r6)
FFEBC028  90A70244  stw     r5, 0x244(r7)
FFEBC02C  90E50244  stw     r7, 0x244(r5)
loc_FFEBC030:
FFEBC030* 9BDC009F  stb     r30, 0x9F(r28)
FFEBC034* 48008B39  bl      sub_FFEC4B6C
FFEBC038* 80410014  lwz     r2, 0x14(r1)
FFEBC03C* 9BC30080  stb     r30, 0x80(r3)
FFEBC040* 48008B2D  bl      sub_FFEC4B6C
FFEBC044* 80410014  lwz     r2, 0x14(r1)
FFEBC048* 93830074  stw     r28, 0x74(r3)
FFEBC04C* 7F630734  extsh   r3, r27
FFEBC050* 48000139  bl      sub_FFEBC188
FFEBC054* 60000000  nop
FFEBC058* 3C607363  lis     r3, 0x7363
FFEBC05C* 8082FF6C  lwz     r4, -0x94(r2)
FFEBC060* 60637369  ori     r3, r3, 0x7369
FFEBC064* 48008B21  bl      sub_FFEC4B84
FFEBC068* 80410014  lwz     r2, 0x14(r1)
FFEBC06C* 63030000  ori     r3, r24, 0x0
FFEBC070* 80010128  lwz     r0, 0x128(r1)
FFEBC074* 81810124  lwz     r12, 0x124(r1)
FFEBC078* 30210120  addic   r1, r1, 0x120
FFEBC07C* 7C0803A6  mtspr   LR, r0
FFEBC080* BA61FFCC  lmw     r19, -0x34(r1)
FFEBC084* 7D838120  mtcrf   0x38, r12
FFEBC088* 4E800020  blr
FFEBC08Cd FFFFF9FC  .long   0xFFFFF9FC                         ; -> 68k emulator opcode dispatch table
FFEBC090d FFFFF9FC  .long   0xFFFFF9FC                         ; -> 68k emulator opcode dispatch table
FFEBC094d FFFFFB5C  .long   0xFFFFFB5C                         ; -> 68k emulator opcode dispatch table
FFEBC098d FFFFFB5C  .long   0xFFFFFB5C                         ; -> 68k emulator opcode dispatch table
FFEBC09Cd FFFFFB5C  .long   0xFFFFFB5C                         ; -> 68k emulator opcode dispatch table
FFEBC0A0d FFFFFB5C  .long   0xFFFFFB5C                         ; -> 68k emulator opcode dispatch table
FFEBC0A4d FFFFFB5C  .long   0xFFFFFB5C                         ; -> 68k emulator opcode dispatch table
FFEBC0A8d FFFFFB5C  .long   0xFFFFFB5C                         ; -> 68k emulator opcode dispatch table
FFEBC0ACd FFFFF9FC  .long   0xFFFFF9FC                         ; -> 68k emulator opcode dispatch table
FFEBC0B0d FFFFF9FC  .long   0xFFFFF9FC                         ; -> 68k emulator opcode dispatch table
FFEBC0B4d FFFFFB5C  .long   0xFFFFFB5C                         ; -> 68k emulator opcode dispatch table
FFEBC0B8d FFFFF834  .long   0xFFFFF834                         ; -> 68k emulator opcode dispatch table
FFEBC0BCd FFFFF9D8  .long   0xFFFFF9D8                         ; -> 68k emulator opcode dispatch table
FFEBC0C0d FFFFF8F0  .long   0xFFFFF8F0                         ; -> 68k emulator opcode dispatch table
FFEBC0C4d FFFFF960  .long   0xFFFFF960                         ; -> 68k emulator opcode dispatch table
FFEBC0C8d FFFFFA20  .long   0xFFFFFA20                         ; -> 68k emulator opcode dispatch table
FFEBC0CCd FFFFFB30  .long   0xFFFFFB30                         ; -> 68k emulator opcode dispatch table
FFEBC0D0? 38600007  li      r3, 0x7
FFEBC0D4? 90640000  stw     r3, 0x0(r4)
FFEBC0D8? 38600000  li      r3, 0x0
FFEBC0DC? 4E800020  blr

sub_FFEBC0E0:
FFEBC0E0* 7C0802A6  mfspr   r0, LR
FFEBC0E4* BFE1FFFC  stmw    r31, -0x4(r1)
FFEBC0E8* 90010008  stw     r0, 0x8(r1)
FFEBC0EC* 9421FFC0  stwu    r1, -0x40(r1)
FFEBC0F0* 607F0000  ori     r31, r3, 0x0
FFEBC0F4* 309F01AA  addic   r4, r31, 0x1AA
FFEBC0F8* 38600000  li      r3, 0x0
FFEBC0FC* 48004FED  bl      sub_FFEC10E8
FFEBC100* 60000000  nop
FFEBC104* 63E30000  ori     r3, r31, 0x0
FFEBC108* 480051F9  bl      sub_FFEC1300
FFEBC10C* 60000000  nop
FFEBC110* 80010048  lwz     r0, 0x48(r1)
FFEBC114* 30210040  addic   r1, r1, 0x40
FFEBC118* 7C0803A6  mtspr   LR, r0
FFEBC11C* BBE1FFFC  lmw     r31, -0x4(r1)
FFEBC120* 4E800020  blr

sub_FFEBC124:
FFEBC124* 7C0802A6  mfspr   r0, LR
FFEBC128* 90010008  stw     r0, 0x8(r1)
FFEBC12C* 9421FFC8  stwu    r1, -0x38(r1)
FFEBC130* 4800529D  bl      sub_FFEC13CC
FFEBC134* 60000000  nop
FFEBC138* 80010040  lwz     r0, 0x40(r1)
FFEBC13C* 30210038  addic   r1, r1, 0x38
FFEBC140* 7C0803A6  mtspr   LR, r0
FFEBC144* 4E800020  blr

sub_FFEBC148:
FFEBC148* 7C0802A6  mfspr   r0, LR
FFEBC14C* 90010008  stw     r0, 0x8(r1)
FFEBC150* 9421FFC8  stwu    r1, -0x38(r1)
FFEBC154* 48008A19  bl      sub_FFEC4B6C
FFEBC158* 80410014  lwz     r2, 0x14(r1)
FFEBC15C* 606C0000  ori     r12, r3, 0x0
FFEBC160* 806C00E0  lwz     r3, 0xE0(r12)
FFEBC164* 38800021  li      r4, 0x21
FFEBC168* 3063001C  addic   r3, r3, 0x1C
FFEBC16C* 48008971  bl      sub_FFEC4ADC
FFEBC170* 80410014  lwz     r2, 0x14(r1)
FFEBC174* 7C630734  extsh   r3, r3
FFEBC178* 80010040  lwz     r0, 0x40(r1)
FFEBC17C* 30210038  addic   r1, r1, 0x38
FFEBC180* 7C0803A6  mtspr   LR, r0
FFEBC184* 4E800020  blr

sub_FFEBC188:
FFEBC188* 7C0802A6  mfspr   r0, LR
FFEBC18C* BFE1FFFC  stmw    r31, -0x4(r1)
FFEBC190* 90010008  stw     r0, 0x8(r1)
FFEBC194* 9421FFC0  stwu    r1, -0x40(r1)
FFEBC198* 7C7F0734  extsh   r31, r3
FFEBC19C* 480089D1  bl      sub_FFEC4B6C
FFEBC1A0* 80410014  lwz     r2, 0x14(r1)
FFEBC1A4* 606C0000  ori     r12, r3, 0x0
FFEBC1A8* 806C00E0  lwz     r3, 0xE0(r12)
FFEBC1AC* 63E50000  ori     r5, r31, 0x0
FFEBC1B0* 30630020  addic   r3, r3, 0x20
FFEBC1B4* 38800081  li      r4, 0x81
FFEBC1B8* 48008925  bl      sub_FFEC4ADC
FFEBC1BC* 80410014  lwz     r2, 0x14(r1)
FFEBC1C0* 80010048  lwz     r0, 0x48(r1)
FFEBC1C4* 30210040  addic   r1, r1, 0x40
FFEBC1C8* 7C0803A6  mtspr   LR, r0
FFEBC1CC* BBE1FFFC  lmw     r31, -0x4(r1)
FFEBC1D0* 4E800020  blr

sub_FFEBC1D4:
FFEBC1D4* 7C0802A6  mfspr   r0, LR
FFEBC1D8* 90010008  stw     r0, 0x8(r1)
FFEBC1DC* 9421FFC8  stwu    r1, -0x38(r1)
FFEBC1E0* 4800898D  bl      sub_FFEC4B6C
FFEBC1E4* 80410014  lwz     r2, 0x14(r1)
FFEBC1E8* 606C0000  ori     r12, r3, 0x0
FFEBC1EC* 806C00E0  lwz     r3, 0xE0(r12)
FFEBC1F0* 38800021  li      r4, 0x21
FFEBC1F4* 3063002C  addic   r3, r3, 0x2C
FFEBC1F8* 480088E5  bl      sub_FFEC4ADC
FFEBC1FC* 80410014  lwz     r2, 0x14(r1)
FFEBC200* 7C600734  extsh   r0, r3
FFEBC204* 5403043E  clrlwi  r3, r0, 16
FFEBC208* 80010040  lwz     r0, 0x40(r1)
FFEBC20C* 30210038  addic   r1, r1, 0x38
FFEBC210* 7C0803A6  mtspr   LR, r0
FFEBC214* 4E800020  blr

sub_FFEBC218:
FFEBC218* 7C0802A6  mfspr   r0, LR
FFEBC21C* BFA1FFF4  stmw    r29, -0xC(r1)
FFEBC220* 90010008  stw     r0, 0x8(r1)
FFEBC224* 9421FFB8  stwu    r1, -0x48(r1)
FFEBC228* 3C800000  lis     r4, 0x0000
FFEBC22C* 6084FFFF  ori     r4, r4, 0xFFFF
FFEBC230* B0800B9E  sth     r4, 0xB9E
FFEBC234* 3C606763  lis     r3, 0x6763
FFEBC238* 60636B6F  ori     r3, r3, 0x6B6F
FFEBC23C* 3880002B  li      r4, 0x2B
FFEBC240* 4800895D  bl      sub_FFEC4B9C
FFEBC244* 80410014  lwz     r2, 0x14(r1)
FFEBC248* 607F0000  ori     r31, r3, 0x0
FFEBC24C* 2C1F0000  cmpwi   cr0, r31, 0x0
FFEBC250* 40820010  bne     loc_FFEBC260
FFEBC254  3860000E  li      r3, 0xE
FFEBC258  48008855  bl      sub_FFEC4AAC
FFEBC25C  80410014  lwz     r2, 0x14(r1)
loc_FFEBC260:
FFEBC260* 63E30000  ori     r3, r31, 0x0
FFEBC264* 48008729  bl      sub_FFEC498C
FFEBC268* 80410014  lwz     r2, 0x14(r1)
FFEBC26C* 607D0000  ori     r29, r3, 0x0
FFEBC270* 48008975  bl      sub_FFEC4BE4
FFEBC274* 80410014  lwz     r2, 0x14(r1)
FFEBC278* 607E0000  ori     r30, r3, 0x0
FFEBC27C* 2C1E0000  cmpwi   cr0, r30, 0x0
FFEBC280* 40820010  bne     loc_FFEBC290
FFEBC284  3860000E  li      r3, 0xE
FFEBC288  48008825  bl      sub_FFEC4AAC
FFEBC28C  80410014  lwz     r2, 0x14(r1)
loc_FFEBC290:
FFEBC290* 807F0000  lwz     r3, 0x0(r31)
FFEBC294* 63C40000  ori     r4, r30, 0x0
FFEBC298* 63A50000  ori     r5, r29, 0x0
FFEBC29C* 48008961  bl      sub_FFEC4BFC
FFEBC2A0* 80410014  lwz     r2, 0x14(r1)
FFEBC2A4* 480088C9  bl      sub_FFEC4B6C
FFEBC2A8* 80410014  lwz     r2, 0x14(r1)
FFEBC2AC* 93C300E0  stw     r30, 0xE0(r3)
FFEBC2B0* 480088BD  bl      sub_FFEC4B6C
FFEBC2B4* 80410014  lwz     r2, 0x14(r1)
FFEBC2B8* 818300E0  lwz     r12, 0xE0(r3)
FFEBC2BC* 8002FF70  lwz     r0, -0x90(r2)
FFEBC2C0* 900C0000  stw     r0, 0x0(r12)
FFEBC2C4* 480088A9  bl      sub_FFEC4B6C
FFEBC2C8* 80410014  lwz     r2, 0x14(r1)
FFEBC2CC* 818300E0  lwz     r12, 0xE0(r3)
FFEBC2D0* 8002FF74  lwz     r0, -0x8C(r2)
FFEBC2D4* 900C0004  stw     r0, 0x4(r12)
FFEBC2D8* 48008895  bl      sub_FFEC4B6C
FFEBC2DC* 80410014  lwz     r2, 0x14(r1)
FFEBC2E0* 818300E0  lwz     r12, 0xE0(r3)
FFEBC2E4* 8002FF78  lwz     r0, -0x88(r2)
FFEBC2E8* 900C0008  stw     r0, 0x8(r12)
FFEBC2EC* 80010050  lwz     r0, 0x50(r1)
FFEBC2F0* 30210048  addic   r1, r1, 0x48
FFEBC2F4* 7C0803A6  mtspr   LR, r0
FFEBC2F8* BBA1FFF4  lmw     r29, -0xC(r1)
FFEBC2FC* 4E800020  blr

sub_FFEBC300:
FFEBC300? 7C0802A6  mfspr   r0, LR
FFEBC304? 90010008  stw     r0, 0x8(r1)
FFEBC308? 9421FFC8  stwu    r1, -0x38(r1)
FFEBC30C? 48008861  bl      sub_FFEC4B6C
FFEBC310? 80410014  lwz     r2, 0x14(r1)
FFEBC314? 812301B4  lwz     r9, 0x1B4(r3)
FFEBC318? A8090046  lha     r0, 0x46(r9)
FFEBC31C? 2C000000  cmpwi   cr0, r0, 0x0
FFEBC320? 40820074  bne     loc_FFEBC394
FFEBC324? 88690048  lbz     r3, 0x48(r9)
FFEBC328? 54630631  rlwinm. r3, r3, 0, 24, 24
FFEBC32C? 40820084  bne     loc_FFEBC3B0
FFEBC330? 4800883D  bl      sub_FFEC4B6C
FFEBC334? 80410014  lwz     r2, 0x14(r1)
FFEBC338? 3083009D  addic   r4, r3, 0x9D
FFEBC33C? 38600007  li      r3, 0x7
FFEBC340? 48004DF1  bl      sub_FFEC1130
FFEBC344? 60000000  nop
FFEBC348? 2C030000  cmpwi   cr0, r3, 0x0
FFEBC34C? 41820064  beq     loc_FFEBC3B0
FFEBC350? 4800881D  bl      sub_FFEC4B6C
FFEBC354? 80410014  lwz     r2, 0x14(r1)
FFEBC358? 3083009C  addic   r4, r3, 0x9C
FFEBC35C? 38600006  li      r3, 0x6
FFEBC360? 48004D89  bl      sub_FFEC10E8
FFEBC364? 60000000  nop
FFEBC368? 2C030001  cmpwi   cr0, r3, 0x1
FFEBC36C? 41820044  beq     loc_FFEBC3B0
FFEBC370? 480087FD  bl      sub_FFEC4B6C
FFEBC374? 80410014  lwz     r2, 0x14(r1)
FFEBC378? 606C0000  ori     r12, r3, 0x0
FFEBC37C? 806C00E0  lwz     r3, 0xE0(r12)
FFEBC380? 38800000  li      r4, 0x0
FFEBC384? 30630024  addic   r3, r3, 0x24
FFEBC388? 480087CD  bl      sub_FFEC4B54
FFEBC38C? 80410014  lwz     r2, 0x14(r1)
FFEBC390? 48000020  b       loc_FFEBC3B0
loc_FFEBC394:
FFEBC394? A8690046  lha     r3, 0x46(r9)
FFEBC398? 2C030000  cmpwi   cr0, r3, 0x0
FFEBC39C? 40800014  bge     loc_FFEBC3B0
FFEBC3A0? 80010040  lwz     r0, 0x40(r1)
FFEBC3A4? 30210038  addic   r1, r1, 0x38
FFEBC3A8? 7C0803A6  mtspr   LR, r0
FFEBC3AC? 4E800020  blr
loc_FFEBC3B0:
FFEBC3B0? 48004DC9  bl      sub_FFEC1178
FFEBC3B4? 60000000  nop
FFEBC3B8? 80010040  lwz     r0, 0x40(r1)
FFEBC3BC? 30210038  addic   r1, r1, 0x38
FFEBC3C0? 7C0803A6  mtspr   LR, r0
FFEBC3C4? 4E800020  blr

sub_FFEBC3C8:
FFEBC3C8* 7C0802A6  mfspr   r0, LR
FFEBC3CC* 90010008  stw     r0, 0x8(r1)
FFEBC3D0* 9421FFC8  stwu    r1, -0x38(r1)
FFEBC3D4* 48008799  bl      sub_FFEC4B6C
FFEBC3D8* 80410014  lwz     r2, 0x14(r1)
FFEBC3DC* 818301B4  lwz     r12, 0x1B4(r3)
FFEBC3E0* A80C0046  lha     r0, 0x46(r12)
FFEBC3E4* 3000FFFF  addic   r0, r0, -0x1
FFEBC3E8* B00C0046  sth     r0, 0x46(r12)
FFEBC3EC* 48008781  bl      sub_FFEC4B6C
FFEBC3F0* 80410014  lwz     r2, 0x14(r1)
FFEBC3F4* 812301B4  lwz     r9, 0x1B4(r3)
FFEBC3F8* A8090046  lha     r0, 0x46(r9)
FFEBC3FC* 2C000000  cmpwi   cr0, r0, 0x0
FFEBC400* 40820074  bne     loc_FFEBC474
FFEBC404* 88690048  lbz     r3, 0x48(r9)
FFEBC408* 54630631  rlwinm. r3, r3, 0, 24, 24
FFEBC40C* 40820074  bne     loc_FFEBC480
FFEBC410* 4800875D  bl      sub_FFEC4B6C
FFEBC414* 80410014  lwz     r2, 0x14(r1)
FFEBC418* 3083009D  addic   r4, r3, 0x9D
FFEBC41C* 38600007  li      r3, 0x7
FFEBC420* 48004D11  bl      sub_FFEC1130
FFEBC424* 60000000  nop
FFEBC428* 2C030000  cmpwi   cr0, r3, 0x0
FFEBC42C* 41820054  beq     loc_FFEBC480
FFEBC430  4800873D  bl      sub_FFEC4B6C
FFEBC434  80410014  lwz     r2, 0x14(r1)
FFEBC438  3083009C  addic   r4, r3, 0x9C
FFEBC43C  38600006  li      r3, 0x6
FFEBC440  48004CA9  bl      sub_FFEC10E8
FFEBC444  60000000  nop
FFEBC448  2C030001  cmpwi   cr0, r3, 0x1
FFEBC44C  41820034  beq     loc_FFEBC480
FFEBC450  4800871D  bl      sub_FFEC4B6C
FFEBC454  80410014  lwz     r2, 0x14(r1)
FFEBC458  606C0000  ori     r12, r3, 0x0
FFEBC45C  806C00E0  lwz     r3, 0xE0(r12)
FFEBC460  38800000  li      r4, 0x0
FFEBC464  30630024  addic   r3, r3, 0x24
FFEBC468  480086ED  bl      sub_FFEC4B54
FFEBC46C  80410014  lwz     r2, 0x14(r1)
FFEBC470  48000010  b       loc_FFEBC480
loc_FFEBC474:
FFEBC474* A8690046  lha     r3, 0x46(r9)
FFEBC478* 2C030000  cmpwi   cr0, r3, 0x0
FFEBC47C* 4180000C  blt     loc_FFEBC488
loc_FFEBC480:
FFEBC480* 48004CF9  bl      sub_FFEC1178
FFEBC484* 60000000  nop
loc_FFEBC488:
FFEBC488* 480085C5  bl      sub_FFEC4A4C
FFEBC48C* 80410014  lwz     r2, 0x14(r1)
FFEBC490* 60690000  ori     r9, r3, 0x0
FFEBC494* 2C090000  cmpwi   cr0, r9, 0x0
FFEBC498* 40810024  ble     loc_FFEBC4BC
FFEBC49C  81290048  lwz     r9, 0x48(r9)
FFEBC4A0  2C090000  cmpwi   cr0, r9, 0x0
FFEBC4A4  41820018  beq     loc_FFEBC4BC
FFEBC4A8  61230000  ori     r3, r9, 0x0
FFEBC4AC  388000C1  li      r4, 0xC1
FFEBC4B0  38A00001  li      r5, 0x1
FFEBC4B4  48008629  bl      sub_FFEC4ADC
FFEBC4B8  80410014  lwz     r2, 0x14(r1)
loc_FFEBC4BC:
FFEBC4BC* 80010040  lwz     r0, 0x40(r1)
FFEBC4C0* 30210038  addic   r1, r1, 0x38
FFEBC4C4* 7C0803A6  mtspr   LR, r0
FFEBC4C8* 4E800020  blr

sub_FFEBC4CC:
FFEBC4CC* 7C0802A6  mfspr   r0, LR
FFEBC4D0* BFE1FFFC  stmw    r31, -0x4(r1)
FFEBC4D4* 90010008  stw     r0, 0x8(r1)
FFEBC4D8* 9421FFC0  stwu    r1, -0x40(r1)
FFEBC4DC* 48008691  bl      sub_FFEC4B6C
FFEBC4E0* 80410014  lwz     r2, 0x14(r1)
FFEBC4E4* 83E301B4  lwz     r31, 0x1B4(r3)
FFEBC4E8* 48008565  bl      sub_FFEC4A4C
FFEBC4EC* 80410014  lwz     r2, 0x14(r1)
FFEBC4F0* 60690000  ori     r9, r3, 0x0
FFEBC4F4* 2C090000  cmpwi   cr0, r9, 0x0
FFEBC4F8* 40810024  ble     loc_FFEBC51C
FFEBC4FC  81290048  lwz     r9, 0x48(r9)
FFEBC500  2C090000  cmpwi   cr0, r9, 0x0
FFEBC504  41820018  beq     loc_FFEBC51C
FFEBC508  61230000  ori     r3, r9, 0x0
FFEBC50C  388000C1  li      r4, 0xC1
FFEBC510  38A00000  li      r5, 0x0
FFEBC514  480085C9  bl      sub_FFEC4ADC
FFEBC518  80410014  lwz     r2, 0x14(r1)
loc_FFEBC51C:
FFEBC51C* A87F0046  lha     r3, 0x46(r31)
FFEBC520* 30630001  addic   r3, r3, 0x1
FFEBC524* B07F0046  sth     r3, 0x46(r31)
FFEBC528* 80010048  lwz     r0, 0x48(r1)
FFEBC52C* 30210040  addic   r1, r1, 0x40
FFEBC530* 7C0803A6  mtspr   LR, r0
FFEBC534* BBE1FFFC  lmw     r31, -0x4(r1)
FFEBC538* 4E800020  blr

sub_FFEBC53C:
FFEBC53C* 7C0802A6  mfspr   r0, LR
FFEBC540* 90010008  stw     r0, 0x8(r1)
FFEBC544* 9421FFC8  stwu    r1, -0x38(r1)
FFEBC548* 5484043E  clrlwi  r4, r4, 16
FFEBC54C* 60660000  ori     r6, r3, 0x0
FFEBC550* 5487801E  slwi    r7, r4, 16
FFEBC554* 54A5043E  clrlwi  r5, r5, 16
FFEBC558* 7CE72814  addc    r7, r7, r5
FFEBC55C* 80600544  lwz     r3, 0x544
FFEBC560* 3C800073  lis     r4, 0x0073
FFEBC564* 3CA00000  lis     r5, 0x0000
FFEBC568* 60843002  ori     r4, r4, 0x3002
FFEBC56C* 60A5A051  ori     r5, r5, 0xA051
FFEBC570* 4800856D  bl      sub_FFEC4ADC
FFEBC574* 80410014  lwz     r2, 0x14(r1)
FFEBC578* 80010040  lwz     r0, 0x40(r1)
FFEBC57C* 30210038  addic   r1, r1, 0x38
FFEBC580* 7C0803A6  mtspr   LR, r0
FFEBC584* 4E800020  blr

sub_FFEBC588:
FFEBC588* 7C0802A6  mfspr   r0, LR
FFEBC58C* 90010008  stw     r0, 0x8(r1)
FFEBC590* 9421FFC8  stwu    r1, -0x38(r1)
FFEBC594* 60650000  ori     r5, r3, 0x0
FFEBC598* 806017A8  lwz     r3, 0x17A8
FFEBC59C* 60860000  ori     r6, r4, 0x0
FFEBC5A0* 38800BF0  li      r4, 0xBF0
FFEBC5A4* 38E00001  li      r7, 0x1
FFEBC5A8* 48008535  bl      sub_FFEC4ADC
FFEBC5AC* 80410014  lwz     r2, 0x14(r1)
FFEBC5B0* 80010040  lwz     r0, 0x40(r1)
FFEBC5B4* 30210038  addic   r1, r1, 0x38
FFEBC5B8* 7C0803A6  mtspr   LR, r0
FFEBC5BC* 4E800020  blr

sub_FFEBC5C0:
FFEBC5C0? 7C0802A6  mfspr   r0, LR
FFEBC5C4? 90010008  stw     r0, 0x8(r1)
FFEBC5C8? 9421FFC8  stwu    r1, -0x38(r1)
FFEBC5CC? 60650000  ori     r5, r3, 0x0
FFEBC5D0? 806017A8  lwz     r3, 0x17A8
FFEBC5D4? 60860000  ori     r6, r4, 0x0
FFEBC5D8? 38800BF0  li      r4, 0xBF0
FFEBC5DC? 38E00002  li      r7, 0x2
FFEBC5E0? 480084FD  bl      sub_FFEC4ADC
FFEBC5E4? 80410014  lwz     r2, 0x14(r1)
FFEBC5E8? 80010040  lwz     r0, 0x40(r1)
FFEBC5EC? 30210038  addic   r1, r1, 0x38
FFEBC5F0? 7C0803A6  mtspr   LR, r0
FFEBC5F4? 4E800020  blr

sub_FFEBC5F8:
FFEBC5F8* 7C0802A6  mfspr   r0, LR
FFEBC5FC* 90010008  stw     r0, 0x8(r1)
FFEBC600* 9421FFC8  stwu    r1, -0x38(r1)
FFEBC604* 60660000  ori     r6, r3, 0x0
FFEBC608* 806019CC  lwz     r3, 0x19CC
FFEBC60C* 60870000  ori     r7, r4, 0x0
FFEBC610* 38800FA8  li      r4, 0xFA8
FFEBC614* 38A0002D  li      r5, 0x2D
FFEBC618* 480084C5  bl      sub_FFEC4ADC
FFEBC61C* 80410014  lwz     r2, 0x14(r1)
FFEBC620* 60630000  ori     r3, r3, 0x0
FFEBC624* 7C630734  extsh   r3, r3
FFEBC628* 80010040  lwz     r0, 0x40(r1)
FFEBC62C* 30210038  addic   r1, r1, 0x38
FFEBC630* 7C0803A6  mtspr   LR, r0
FFEBC634* 4E800020  blr

sub_FFEBC638:
FFEBC638* 80A30004  lwz     r5, 0x4(r3)
FFEBC63C* 38600000  li      r3, 0x0
FFEBC640* 90A40000  stw     r5, 0x0(r4)
FFEBC644* 4E800020  blr

sub_FFEBC648:
FFEBC648* 7C0802A6  mfspr   r0, LR
FFEBC64C* BFE1FFFC  stmw    r31, -0x4(r1)
FFEBC650* 90010008  stw     r0, 0x8(r1)
FFEBC654* 9421FFC0  stwu    r1, -0x40(r1)
FFEBC658* 607F0000  ori     r31, r3, 0x0
FFEBC65C* 3860003C  li      r3, 0x3C
FFEBC660* 4800841D  bl      sub_FFEC4A7C
FFEBC664* 80410014  lwz     r2, 0x14(r1)
FFEBC668* 60690000  ori     r9, r3, 0x0
FFEBC66C* 2C090000  cmpwi   cr0, r9, 0x0
FFEBC670* 4082001C  bne     loc_FFEBC68C
FFEBC674  61230000  ori     r3, r9, 0x0
FFEBC678  80010048  lwz     r0, 0x48(r1)
FFEBC67C  30210040  addic   r1, r1, 0x40
FFEBC680  7C0803A6  mtspr   LR, r0
FFEBC684  BBE1FFFC  lmw     r31, -0x4(r1)
FFEBC688  4E800020  blr
loc_FFEBC68C:
FFEBC68C* 807F0004  lwz     r3, 0x4(r31)
FFEBC690* 39000100  li      r8, 0x100
FFEBC694* 306304C0  addic   r3, r3, 0x4C0
FFEBC698* 90690004  stw     r3, 0x4(r9)
FFEBC69C* 8082FF7C  lwz     r4, -0x84(r2)
FFEBC6A0* 90890008  stw     r4, 0x8(r9)
FFEBC6A4* 80A2FF80  lwz     r5, -0x80(r2)
FFEBC6A8* 90A9000C  stw     r5, 0xC(r9)
FFEBC6AC* 80C2FF84  lwz     r6, -0x7C(r2)
FFEBC6B0* 90C90018  stw     r6, 0x18(r9)
FFEBC6B4* 80E2FF88  lwz     r7, -0x78(r2)
FFEBC6B8* 90E90010  stw     r7, 0x10(r9)
FFEBC6BC* B109001C  sth     r8, 0x1C(r9)
FFEBC6C0* 895F0034  lbz     r10, 0x34(r31)
FFEBC6C4* 9949001E  stb     r10, 0x1E(r9)
FFEBC6C8* 817F0044  lwz     r11, 0x44(r31)
FFEBC6CC* 898B0050  lbz     r12, 0x50(r11)
FFEBC6D0* 2C0C0000  cmpwi   cr0, r12, 0x0
FFEBC6D4* 40820010  bne     loc_FFEBC6E4
FFEBC6D8  8062FF8C  lwz     r3, -0x74(r2)
FFEBC6DC  90690014  stw     r3, 0x14(r9)
FFEBC6E0  4800000C  b       loc_FFEBC6EC
loc_FFEBC6E4:
FFEBC6E4* 8062FF90  lwz     r3, -0x70(r2)
FFEBC6E8* 90690014  stw     r3, 0x14(r9)
loc_FFEBC6EC:
FFEBC6EC* 93E90020  stw     r31, 0x20(r9)
FFEBC6F0* 61230000  ori     r3, r9, 0x0
FFEBC6F4* 80010048  lwz     r0, 0x48(r1)
FFEBC6F8* 30210040  addic   r1, r1, 0x40
FFEBC6FC* 7C0803A6  mtspr   LR, r0
FFEBC700* BBE1FFFC  lmw     r31, -0x4(r1)
FFEBC704* 4E800020  blr

sub_FFEBC708:
FFEBC708* 7C0802A6  mfspr   r0, LR
FFEBC70C* 90010008  stw     r0, 0x8(r1)
FFEBC710* 9421FFC8  stwu    r1, -0x38(r1)
FFEBC714* 4BFFFF35  bl      sub_FFEBC648
FFEBC718* 60000000  nop
FFEBC71C* 48008259  bl      sub_FFEC4974
FFEBC720* 80410014  lwz     r2, 0x14(r1)
FFEBC724* 80010040  lwz     r0, 0x40(r1)
FFEBC728* 30210038  addic   r1, r1, 0x38
FFEBC72C* 7C0803A6  mtspr   LR, r0
FFEBC730* 4E800020  blr

sub_FFEBC734:
FFEBC734* 7C0802A6  mfspr   r0, LR
FFEBC738* 7D800026  mfcr    r12
FFEBC73C* BFA1FFF4  stmw    r29, -0xC(r1)
FFEBC740* 90010008  stw     r0, 0x8(r1)
FFEBC744* 91810004  stw     r12, 0x4(r1)
FFEBC748* 9421FFB8  stwu    r1, -0x48(r1)
FFEBC74C* 83E30000  lwz     r31, 0x0(r3)
FFEBC750* 83C30020  lwz     r30, 0x20(r3)
FFEBC754* 309F04C0  addic   r4, r31, 0x4C0
FFEBC758* 909E0000  stw     r4, 0x0(r30)
FFEBC75C* 93FE0040  stw     r31, 0x40(r30)
FFEBC760* 80A2FF94  lwz     r5, -0x6C(r2)
FFEBC764* 309E001C  addic   r4, r30, 0x1C
FFEBC768* 90BE0038  stw     r5, 0x38(r30)
FFEBC76C* 80C30024  lwz     r6, 0x24(r3)
FFEBC770* 3BA00000  li      r29, 0x0
FFEBC774* 90DE003C  stw     r6, 0x3C(r30)
FFEBC778* A0E30034  lhz     r7, 0x34(r3)
FFEBC77C* 38000000  li      r0, 0x0
FFEBC780* B0FE0036  sth     r7, 0x36(r30)
FFEBC784* 7CDEE4AA  lswi    r6, r30, 0x1C
FFEBC788* 7CDFE5AA  stswi   r6, r31, 0x1C
FFEBC78C* 7CC4E4AA  lswi    r6, r4, 0x1C
FFEBC790* 30BF001C  addic   r5, r31, 0x1C
FFEBC794* 7CC5E5AA  stswi   r6, r5, 0x1C
FFEBC798* 30DE0038  addic   r6, r30, 0x38
FFEBC79C* 7CE6C4AA  lswi    r7, r6, 0x18
FFEBC7A0* 30DF0038  addic   r6, r31, 0x38
FFEBC7A4* 7CE6C5AA  stswi   r7, r6, 0x18
FFEBC7A8* 81430030  lwz     r10, 0x30(r3)
FFEBC7AC* 915F00C4  stw     r10, 0xC4(r31)
FFEBC7B0* B3BF0088  sth     r29, 0x88(r31)
FFEBC7B4* 981F00C8  stb     r0, 0xC8(r31)
FFEBC7B8* 907F0240  stw     r3, 0x240(r31)
FFEBC7BC* 63E30000  ori     r3, r31, 0x0
FFEBC7C0* 48004615  bl      sub_FFEC0DD4
FFEBC7C4* 60000000  nop
FFEBC7C8* 819E0008  lwz     r12, 0x8(r30)
FFEBC7CC* 63C30000  ori     r3, r30, 0x0
FFEBC7D0* 48008535  bl      sub_FFEC4D04
FFEBC7D4* 80410014  lwz     r2, 0x14(r1)
FFEBC7D8* 60690000  ori     r9, r3, 0x0
FFEBC7DC* 7D290735  extsh.  r9, r9
FFEBC7E0* 63A30000  ori     r3, r29, 0x0
FFEBC7E4* 41820024  beq     loc_FFEBC808
FFEBC7E8  61230000  ori     r3, r9, 0x0
FFEBC7EC  80010050  lwz     r0, 0x50(r1)
FFEBC7F0  8181004C  lwz     r12, 0x4C(r1)
FFEBC7F4  30210048  addic   r1, r1, 0x48
FFEBC7F8  7C0803A6  mtspr   LR, r0
FFEBC7FC  BBA1FFF4  lmw     r29, -0xC(r1)
FFEBC800  7D838120  mtcrf   0x38, r12
FFEBC804  4E800020  blr
loc_FFEBC808:
FFEBC808* 809E0000  lwz     r4, 0x0(r30)
FFEBC80C* 88A40047  lbz     r5, 0x47(r4)
FFEBC810* 98BF00C9  stb     r5, 0xC9(r31)
FFEBC814* 80DF0000  lwz     r6, 0x0(r31)
FFEBC818* 90DF008C  stw     r6, 0x8C(r31)
FFEBC81C* 80010050  lwz     r0, 0x50(r1)
FFEBC820* 8181004C  lwz     r12, 0x4C(r1)
FFEBC824* 30210048  addic   r1, r1, 0x48
FFEBC828* 7C0803A6  mtspr   LR, r0
FFEBC82C* BBA1FFF4  lmw     r29, -0xC(r1)
FFEBC830* 7D838120  mtcrf   0x38, r12
FFEBC834* 4E800020  blr

sub_FFEBC838:
FFEBC838  7C0802A6  mfspr   r0, LR
FFEBC83C  BFC1FFF8  stmw    r30, -0x8(r1)
FFEBC840  90010008  stw     r0, 0x8(r1)
FFEBC844  9421FFC0  stwu    r1, -0x40(r1)
FFEBC848  607F0000  ori     r31, r3, 0x0
FFEBC84C  4BFFFDFD  bl      sub_FFEBC648
FFEBC850  60000000  nop
FFEBC854  A01F0036  lhz     r0, 0x36(r31)
FFEBC858  607E0000  ori     r30, r3, 0x0
FFEBC85C  B01E0034  sth     r0, 0x34(r30)
FFEBC860  48008175  bl      sub_FFEC49D4
FFEBC864  80410014  lwz     r2, 0x14(r1)
FFEBC868  60690000  ori     r9, r3, 0x0
FFEBC86C  2C090000  cmpwi   cr0, r9, 0x0
FFEBC870  4182001C  beq     loc_FFEBC88C
FFEBC874  61230000  ori     r3, r9, 0x0
FFEBC878  80010048  lwz     r0, 0x48(r1)
FFEBC87C  30210040  addic   r1, r1, 0x40
FFEBC880  7C0803A6  mtspr   LR, r0
FFEBC884  BBC1FFF8  lmw     r30, -0x8(r1)
FFEBC888  4E800020  blr
loc_FFEBC88C:
FFEBC88C  63C30000  ori     r3, r30, 0x0
FFEBC890  4BFFFEA5  bl      sub_FFEBC734
FFEBC894  60000000  nop
FFEBC898  80010048  lwz     r0, 0x48(r1)
FFEBC89C  30210040  addic   r1, r1, 0x40
FFEBC8A0  7C0803A6  mtspr   LR, r0
FFEBC8A4  BBC1FFF8  lmw     r30, -0x8(r1)
FFEBC8A8  4E800020  blr

sub_FFEBC8AC:
FFEBC8AC* 7C0802A6  mfspr   r0, LR
FFEBC8B0* BEE1FFDC  stmw    r23, -0x24(r1)
FFEBC8B4* 90010008  stw     r0, 0x8(r1)
FFEBC8B8* 9421FFA0  stwu    r1, -0x60(r1)
FFEBC8BC* 32E10038  addic   r23, r1, 0x38
FFEBC8C0* 38800000  li      r4, 0x0
FFEBC8C4* 607F0000  ori     r31, r3, 0x0
FFEBC8C8* 98970000  stb     r4, 0x0(r23)
FFEBC8CC* 819F002C  lwz     r12, 0x2C(r31)
FFEBC8D0* 809F0000  lwz     r4, 0x0(r31)
FFEBC8D4* 62E30000  ori     r3, r23, 0x0
FFEBC8D8* 33BF0080  addic   r29, r31, 0x80
FFEBC8DC* 3B200000  li      r25, 0x0
FFEBC8E0* 3B000017  li      r24, 0x17
FFEBC8E4* 48008421  bl      sub_FFEC4D04
FFEBC8E8* 80410014  lwz     r2, 0x14(r1)
FFEBC8EC* 3F808000  lis     r28, 0x8000
FFEBC8F0* 48000008  b       loc_FFEBC8F8
loc_FFEBC8F4:
FFEBC8F4* 41820068  beq     loc_FFEBC95C
loc_FFEBC8F8:
FFEBC8F8* 63A30000  ori     r3, r29, 0x0
FFEBC8FC* 3BC00000  li      r30, 0x0
FFEBC900* 480047B9  bl      sub_FFEC10B8
FFEBC904* 60000000  nop
FFEBC908* 607A0000  ori     r26, r3, 0x0
FFEBC90C* 7F5BE039  and.    r27, r26, r28
FFEBC910* 40820098  bne     loc_FFEBC9A8
FFEBC914* 88BF0084  lbz     r5, 0x84(r31)
FFEBC918* 2C050000  cmpwi   cr0, r5, 0x0
FFEBC91C* 4182000C  beq     loc_FFEBC928
FFEBC920  631B0000  ori     r27, r24, 0x0
FFEBC924  48000020  b       loc_FFEBC944
loc_FFEBC928:
FFEBC928* 63E30000  ori     r3, r31, 0x0
FFEBC92C* 48004235  bl      sub_FFEC0B60
FFEBC930* 60000000  nop
FFEBC934* 607E0000  ori     r30, r3, 0x0
FFEBC938* 2C1E0000  cmpwi   cr0, r30, 0x0
FFEBC93C* 41820064  beq     loc_FFEBC9A0
FFEBC940* 633B0000  ori     r27, r25, 0x0
loc_FFEBC944:
FFEBC944* 63A40000  ori     r4, r29, 0x0
FFEBC948* 7F83D378  or      r3, r28, r26
FFEBC94C* 4800477D  bl      sub_FFEC10C8
FFEBC950* 60000000  nop
FFEBC954* 2C030000  cmpwi   cr0, r3, 0x0
FFEBC958* 4BFFFF9C  b       loc_FFEBC8F4
loc_FFEBC95C:
FFEBC95C* 2C1E0000  cmpwi   cr0, r30, 0x0
FFEBC960* 41820008  beq     loc_FFEBC968
FFEBC964* 93DF0090  stw     r30, 0x90(r31)
loc_FFEBC968:
FFEBC968* B37F0088  sth     r27, 0x88(r31)
FFEBC96C* B33F0096  sth     r25, 0x96(r31)
FFEBC970* 3BC00001  li      r30, 0x1
loc_FFEBC974:
FFEBC974* 819F002C  lwz     r12, 0x2C(r31)
FFEBC978* 809F0000  lwz     r4, 0x0(r31)
FFEBC97C* 62E30000  ori     r3, r23, 0x0
FFEBC980* 48008385  bl      sub_FFEC4D04
FFEBC984* 80410014  lwz     r2, 0x14(r1)
FFEBC988* 57C3063E  clrlwi  r3, r30, 24
FFEBC98C* 80010068  lwz     r0, 0x68(r1)
FFEBC990* 30210060  addic   r1, r1, 0x60
FFEBC994* 7C0803A6  mtspr   LR, r0
FFEBC998* BAE1FFDC  lmw     r23, -0x24(r1)
FFEBC99C* 4E800020  blr
loc_FFEBC9A0:
FFEBC9A0* 3BC00000  li      r30, 0x0
FFEBC9A4* 4BFFFFD0  b       loc_FFEBC974
loc_FFEBC9A8:
FFEBC9A8  3BC00000  li      r30, 0x0
FFEBC9AC  4BFFFFC8  b       loc_FFEBC974
FFEBC9B0? 80010068  lwz     r0, 0x68(r1)
FFEBC9B4? 30210060  addic   r1, r1, 0x60
FFEBC9B8? 7C0803A6  mtspr   LR, r0
FFEBC9BC? BAE1FFDC  lmw     r23, -0x24(r1)
FFEBC9C0? 4E800020  blr

sub_FFEBC9C4:
FFEBC9C4* 7C0802A6  mfspr   r0, LR
FFEBC9C8* BFA1FFF4  stmw    r29, -0xC(r1)
FFEBC9CC* 90010008  stw     r0, 0x8(r1)
FFEBC9D0* 9421FFB8  stwu    r1, -0x48(r1)
FFEBC9D4* 33C10038  addic   r30, r1, 0x38
FFEBC9D8* 38800000  li      r4, 0x0
FFEBC9DC* 607F0000  ori     r31, r3, 0x0
FFEBC9E0* 989E0000  stb     r4, 0x0(r30)
FFEBC9E4* 819F002C  lwz     r12, 0x2C(r31)
FFEBC9E8* 809F0000  lwz     r4, 0x0(r31)
FFEBC9EC* 63C30000  ori     r3, r30, 0x0
FFEBC9F0* 3BA00001  li      r29, 0x1
FFEBC9F4* 48008311  bl      sub_FFEC4D04
FFEBC9F8* 80410014  lwz     r2, 0x14(r1)
FFEBC9FC* 63E30000  ori     r3, r31, 0x0
FFEBCA00* 48004789  bl      sub_FFEC1188
FFEBCA04* 60000000  nop
FFEBCA08* 9BBE0000  stb     r29, 0x0(r30)
FFEBCA0C* 819F002C  lwz     r12, 0x2C(r31)
FFEBCA10* 809F0000  lwz     r4, 0x0(r31)
FFEBCA14* 63C30000  ori     r3, r30, 0x0
FFEBCA18* 480082ED  bl      sub_FFEC4D04
FFEBCA1C* 80410014  lwz     r2, 0x14(r1)
FFEBCA20* 80010050  lwz     r0, 0x50(r1)
FFEBCA24* 30210048  addic   r1, r1, 0x48
FFEBCA28* 7C0803A6  mtspr   LR, r0
FFEBCA2C* BBA1FFF4  lmw     r29, -0xC(r1)
FFEBCA30* 4E800020  blr

sub_FFEBCA34:
FFEBCA34  7C0802A6  mfspr   r0, LR
FFEBCA38  BFA1FFF4  stmw    r29, -0xC(r1)
FFEBCA3C  90010008  stw     r0, 0x8(r1)
FFEBCA40  9421FFB8  stwu    r1, -0x48(r1)
FFEBCA44  607F0000  ori     r31, r3, 0x0
FFEBCA48  33C10038  addic   r30, r1, 0x38
FFEBCA4C  4BFFFE61  bl      sub_FFEBC8AC
FFEBCA50  60000000  nop
FFEBCA54  2C030000  cmpwi   cr0, r3, 0x0
FFEBCA58  41820048  beq     loc_FFEBCAA0
FFEBCA5C  38800000  li      r4, 0x0
FFEBCA60  989E0000  stb     r4, 0x0(r30)
FFEBCA64  819F002C  lwz     r12, 0x2C(r31)
FFEBCA68  809F0000  lwz     r4, 0x0(r31)
FFEBCA6C  63C30000  ori     r3, r30, 0x0
FFEBCA70  3BA00001  li      r29, 0x1
FFEBCA74  48008291  bl      sub_FFEC4D04
FFEBCA78  80410014  lwz     r2, 0x14(r1)
FFEBCA7C  63E30000  ori     r3, r31, 0x0
FFEBCA80  48004709  bl      sub_FFEC1188
FFEBCA84  60000000  nop
FFEBCA88  9BBE0000  stb     r29, 0x0(r30)
FFEBCA8C  819F002C  lwz     r12, 0x2C(r31)
FFEBCA90  809F0000  lwz     r4, 0x0(r31)
FFEBCA94  63C30000  ori     r3, r30, 0x0
FFEBCA98  4800826D  bl      sub_FFEC4D04
FFEBCA9C  80410014  lwz     r2, 0x14(r1)
loc_FFEBCAA0:
FFEBCAA0  80010050  lwz     r0, 0x50(r1)
FFEBCAA4  30210048  addic   r1, r1, 0x48
FFEBCAA8  7C0803A6  mtspr   LR, r0
FFEBCAAC  BBA1FFF4  lmw     r29, -0xC(r1)
FFEBCAB0  4E800020  blr

sub_FFEBCAB4:
FFEBCAB4  7C0802A6  mfspr   r0, LR
FFEBCAB8  BFC1FFF8  stmw    r30, -0x8(r1)
FFEBCABC  90010008  stw     r0, 0x8(r1)
FFEBCAC0  9421FFC0  stwu    r1, -0x40(r1)
FFEBCAC4  609F0000  ori     r31, r4, 0x0
FFEBCAC8  607E0000  ori     r30, r3, 0x0
FFEBCACC  4BFFF8FD  bl      sub_FFEBC3C8
FFEBCAD0  60000000  nop
FFEBCAD4  807F00C4  lwz     r3, 0xC4(r31)
FFEBCAD8  63C50000  ori     r5, r30, 0x0
FFEBCADC  388000C1  li      r4, 0xC1
FFEBCAE0  48007FFD  bl      sub_FFEC4ADC
FFEBCAE4  80410014  lwz     r2, 0x14(r1)
FFEBCAE8  4BFFF9E5  bl      sub_FFEBC4CC
FFEBCAEC  60000000  nop
FFEBCAF0  80010048  lwz     r0, 0x48(r1)
FFEBCAF4  30210040  addic   r1, r1, 0x40
FFEBCAF8  7C0803A6  mtspr   LR, r0
FFEBCAFC  BBC1FFF8  lmw     r30, -0x8(r1)
FFEBCB00  4E800020  blr

sub_FFEBCB04:
FFEBCB04* 7C0802A6  mfspr   r0, LR
FFEBCB08* BFC1FFF8  stmw    r30, -0x8(r1)
FFEBCB0C* 90010008  stw     r0, 0x8(r1)
FFEBCB10* 9421FFB8  stwu    r1, -0x48(r1)
FFEBCB14* 607F0000  ori     r31, r3, 0x0
FFEBCB18* A0BF0006  lhz     r5, 0x6(r31)
FFEBCB1C* 609E0000  ori     r30, r4, 0x0
FFEBCB20* 28050100  cmplwi  cr0, r5, 0x100
FFEBCB24* 31210038  addic   r9, r1, 0x38
FFEBCB28* 4080000C  bge     loc_FFEBCB34
FFEBCB2C  3920E140  li      r9, -0x1EC0
FFEBCB30  48000104  b       loc_FFEBCC34
loc_FFEBCB34:
FFEBCB34* 811F0014  lwz     r8, 0x14(r31)
FFEBCB38* 807E0048  lwz     r3, 0x48(r30)
FFEBCB3C* 7D041879  andc.   r4, r8, r3
FFEBCB40* 4182000C  beq     loc_FFEBCB4C
FFEBCB44  3920E132  li      r9, -0x1ECE
FFEBCB48  480000EC  b       loc_FFEBCC34
loc_FFEBCB4C:
FFEBCB4C* 3C800000  lis     r4, 0x0000
FFEBCB50* A87E004C  lha     r3, 0x4C(r30)
FFEBCB54* 6084FFFF  ori     r4, r4, 0xFFFF
FFEBCB58* 7CA32010  subfc   r5, r3, r4
FFEBCB5C* A0DF005E  lhz     r6, 0x5E(r31)
FFEBCB60* 7CC72839  and.    r7, r6, r5
FFEBCB64* 4182000C  beq     loc_FFEBCB70
FFEBCB68  3920E132  li      r9, -0x1ECE
FFEBCB6C  480000C8  b       loc_FFEBCC34
loc_FFEBCB70:
FFEBCB70* 807F000C  lwz     r3, 0xC(r31)
FFEBCB74* 90690000  stw     r3, 0x0(r9)
FFEBCB78* 88E90002  lbz     r7, 0x2(r9)
FFEBCB7C* 2C070007  cmpwi   cr0, r7, 0x7
FFEBCB80* 4081000C  ble     loc_FFEBCB8C
FFEBCB84  3920E144  li      r9, -0x1EBC
FFEBCB88  48000030  b       loc_FFEBCBB8
loc_FFEBCB8C:
FFEBCB8C* 887E00C9  lbz     r3, 0xC9(r30)
FFEBCB90* 7C071800  cmpw    r7, r3
FFEBCB94* 4082000C  bne     loc_FFEBCBA0
FFEBCB98  3920E144  li      r9, -0x1EBC
FFEBCB9C  4800001C  b       loc_FFEBCBB8
loc_FFEBCBA0:
FFEBCBA0* 88690003  lbz     r3, 0x3(r9)
FFEBCBA4* 2C030007  cmpwi   cr0, r3, 0x7
FFEBCBA8* 4081000C  ble     loc_FFEBCBB4
FFEBCBAC  3920E145  li      r9, -0x1EBB
FFEBCBB0  48000008  b       loc_FFEBCBB8
loc_FFEBCBB4:
FFEBCBB4* 39200000  li      r9, 0x0
loc_FFEBCBB8:
FFEBCBB8* 2C090000  cmpwi   cr0, r9, 0x0
FFEBCBBC* 41820018  beq     loc_FFEBCBD4
FFEBCBC0  2C09E144  cmpwi   cr0, r9, 0xE144
FFEBCBC4  40820070  bne     loc_FFEBCC34
FFEBCBC8  3860E10A  li      r3, -0x1EF6
FFEBCBCC  B07F00A0  sth     r3, 0xA0(r31)
FFEBCBD0  48000064  b       loc_FFEBCC34
loc_FFEBCBD4:
FFEBCBD4* 887F0035  lbz     r3, 0x35(r31)
FFEBCBD8* 2C03000C  cmpwi   cr0, r3, 0xC
FFEBCBDC* 4081000C  ble     loc_FFEBCBE8
FFEBCBE0  3920E149  li      r9, -0x1EB7
FFEBCBE4  48000050  b       loc_FFEBCC34
loc_FFEBCBE8:
FFEBCBE8* 550304A5  rlwinm. r3, r8, 0, 18, 18
FFEBCBEC* 41820018  beq     loc_FFEBCC04
FFEBCBF0  887F0067  lbz     r3, 0x67(r31)
FFEBCBF4  2C030001  cmpwi   cr0, r3, 0x1
FFEBCBF8  4082000C  bne     loc_FFEBCC04
FFEBCBFC  38600000  li      r3, 0x0
FFEBCC00  987F0067  stb     r3, 0x67(r31)
loc_FFEBCC04:
FFEBCC04* 887F0066  lbz     r3, 0x66(r31)
FFEBCC08* 38800001  li      r4, 0x1
FFEBCC0C* 7C851830  slw     r5, r4, r3
FFEBCC10* A8DE004E  lha     r6, 0x4E(r30)
FFEBCC14* 7CA73039  and.    r7, r5, r6
FFEBCC18* 4082000C  bne     loc_FFEBCC24
FFEBCC1C  3920E147  li      r9, -0x1EB9
FFEBCC20  48000014  b       loc_FFEBCC34
loc_FFEBCC24:
FFEBCC24* 887F0067  lbz     r3, 0x67(r31)
FFEBCC28* 2C030001  cmpwi   cr0, r3, 0x1
FFEBCC2C* 40810008  ble     loc_FFEBCC34
FFEBCC30  3920E148  li      r9, -0x1EB8
loc_FFEBCC34:
FFEBCC34* 2C090000  cmpwi   cr0, r9, 0x0
FFEBCC38* 41820044  beq     loc_FFEBCC7C
FFEBCC3C  B13F000A  sth     r9, 0xA(r31)
FFEBCC40  4BFFF789  bl      sub_FFEBC3C8
FFEBCC44  60000000  nop
FFEBCC48  807E00C4  lwz     r3, 0xC4(r30)
FFEBCC4C  63E50000  ori     r5, r31, 0x0
FFEBCC50  388000C1  li      r4, 0xC1
FFEBCC54  48007E89  bl      sub_FFEC4ADC
FFEBCC58  80410014  lwz     r2, 0x14(r1)
FFEBCC5C  4BFFF871  bl      sub_FFEBC4CC
FFEBCC60  60000000  nop
FFEBCC64  38600000  li      r3, 0x0
FFEBCC68  80010050  lwz     r0, 0x50(r1)
FFEBCC6C  30210048  addic   r1, r1, 0x48
FFEBCC70  7C0803A6  mtspr   LR, r0
FFEBCC74  BBC1FFF8  lmw     r30, -0x8(r1)
FFEBCC78  4E800020  blr
loc_FFEBCC7C:
FFEBCC7C* 38600001  li      r3, 0x1
FFEBCC80* 80010050  lwz     r0, 0x50(r1)
FFEBCC84* 30210048  addic   r1, r1, 0x48
FFEBCC88* 7C0803A6  mtspr   LR, r0
FFEBCC8C* BBC1FFF8  lmw     r30, -0x8(r1)
FFEBCC90* 4E800020  blr

sub_FFEBCC94:
FFEBCC94  38A00000  li      r5, 0x0
FFEBCC98  98A403D8  stb     r5, 0x3D8(r4)
FFEBCC9C  98A403D9  stb     r5, 0x3D9(r4)
FFEBCCA0  98A403DA  stb     r5, 0x3DA(r4)
FFEBCCA4  98A403DB  stb     r5, 0x3DB(r4)
FFEBCCA8  98A403DC  stb     r5, 0x3DC(r4)
FFEBCCAC  5463063E  clrlwi  r3, r3, 24
FFEBCCB0  98A403DD  stb     r5, 0x3DD(r4)
FFEBCCB4  38C00001  li      r6, 0x1
FFEBCCB8  B0C4039E  sth     r6, 0x39E(r4)
FFEBCCBC  38E00100  li      r7, 0x100
FFEBCCC0  B0E4039A  sth     r7, 0x39A(r4)
FFEBCCC4  39000006  li      r8, 0x6
FFEBCCC8  990403C9  stb     r8, 0x3C9(r4)
FFEBCCCC  3D20C010  lis     r9, 0xC010
FFEBCCD0  912403A8  stw     r9, 0x3A8(r4)
FFEBCCD4  986403A2  stb     r3, 0x3A2(r4)
FFEBCCD8  39400000  li      r10, 0x0
FFEBCCDC  914403AC  stw     r10, 0x3AC(r4)
FFEBCCE0  8162FF98  lwz     r11, -0x68(r2)
FFEBCCE4  39800001  li      r12, 0x1
FFEBCCE8  916403A4  stw     r11, 0x3A4(r4)
FFEBCCEC  9984039C  stb     r12, 0x39C(r4)
FFEBCCF0  4E800020  blr

sub_FFEBCCF4:
FFEBCCF4  7C0802A6  mfspr   r0, LR
FFEBCCF8  BEE1FFDC  stmw    r23, -0x24(r1)
FFEBCCFC  90010008  stw     r0, 0x8(r1)
FFEBCD00  9421FF98  stwu    r1, -0x68(r1)
FFEBCD04  607C0000  ori     r28, r3, 0x0
FFEBCD08  80BC000C  lwz     r5, 0xC(r28)
FFEBCD0C  3B400000  li      r26, 0x0
FFEBCD10  31210038  addic   r9, r1, 0x38
FFEBCD14  90A10038  stw     r5, 0x38(r1)
FFEBCD18  89090002  lbz     r8, 0x2(r9)
FFEBCD1C  609F0000  ori     r31, r4, 0x0
FFEBCD20  2C080007  cmpwi   cr0, r8, 0x7
FFEBCD24  33610040  addic   r27, r1, 0x40
FFEBCD28  63580000  ori     r24, r26, 0x0
FFEBCD2C  4081000C  ble     loc_FFEBCD38
FFEBCD30  3920E144  li      r9, -0x1EBC
FFEBCD34  48000030  b       loc_FFEBCD64
loc_FFEBCD38:
FFEBCD38  88BF00C9  lbz     r5, 0xC9(r31)
FFEBCD3C  7C082800  cmpw    r8, r5
FFEBCD40  4082000C  bne     loc_FFEBCD4C
FFEBCD44  3920E144  li      r9, -0x1EBC
FFEBCD48  4800001C  b       loc_FFEBCD64
loc_FFEBCD4C:
FFEBCD4C  88A90003  lbz     r5, 0x3(r9)
FFEBCD50  2C050007  cmpwi   cr0, r5, 0x7
FFEBCD54  4081000C  ble     loc_FFEBCD60
FFEBCD58  3920E145  li      r9, -0x1EBB
FFEBCD5C  48000008  b       loc_FFEBCD64
loc_FFEBCD60:
FFEBCD60  39200000  li      r9, 0x0
loc_FFEBCD64:
FFEBCD64  2C090000  cmpwi   cr0, r9, 0x0
FFEBCD68  41820040  beq     loc_FFEBCDA8
FFEBCD6C  B13C000A  sth     r9, 0xA(r28)
FFEBCD70  4BFFF659  bl      sub_FFEBC3C8
FFEBCD74  60000000  nop
FFEBCD78  807F00C4  lwz     r3, 0xC4(r31)
FFEBCD7C  63850000  ori     r5, r28, 0x0
FFEBCD80  388000C1  li      r4, 0xC1
FFEBCD84  48007D59  bl      sub_FFEC4ADC
FFEBCD88  80410014  lwz     r2, 0x14(r1)
FFEBCD8C  4BFFF741  bl      sub_FFEBC4CC
FFEBCD90  60000000  nop
FFEBCD94  80010070  lwz     r0, 0x70(r1)
FFEBCD98  30210068  addic   r1, r1, 0x68
FFEBCD9C  7C0803A6  mtspr   LR, r0
FFEBCDA0  BAE1FFDC  lmw     r23, -0x24(r1)
FFEBCDA4  4E800020  blr
loc_FFEBCDA8:
FFEBCDA8  4BFFF3A1  bl      sub_FFEBC148
FFEBCDAC  60000000  nop
FFEBCDB0  8B3C000E  lbz     r25, 0xE(r28)
FFEBCDB4  5477043E  clrlwi  r23, r3, 16
FFEBCDB8  63E40000  ori     r4, r31, 0x0
FFEBCDBC  63230000  ori     r3, r25, 0x0
FFEBCDC0  48003FDD  bl      sub_FFEC0D9C
FFEBCDC4  60000000  nop
FFEBCDC8  60690000  ori     r9, r3, 0x0
FFEBCDCC  2C090000  cmpwi   cr0, r9, 0x0
FFEBCDD0  4182002C  beq     loc_FFEBCDFC
FFEBCDD4  A0A900BC  lhz     r5, 0xBC(r9)
FFEBCDD8  2C050000  cmpwi   cr0, r5, 0x0
FFEBCDDC  41820020  beq     loc_FFEBCDFC
FFEBCDE0  61230000  ori     r3, r9, 0x0
FFEBCDE4  938900C4  stw     r28, 0xC4(r9)
FFEBCDE8  63E50000  ori     r5, r31, 0x0
FFEBCDEC  309F006A  addic   r4, r31, 0x6A
FFEBCDF0  3B400001  li      r26, 0x1
FFEBCDF4  48003F4D  bl      sub_FFEC0D40
FFEBCDF8  60000000  nop
loc_FFEBCDFC:
FFEBCDFC  63E30000  ori     r3, r31, 0x0
FFEBCE00  63240000  ori     r4, r25, 0x0
FFEBCE04  3BA0E117  li      r29, -0x1EE9
FFEBCE08  48003E09  bl      sub_FFEC0C10
FFEBCE0C  60000000  nop
FFEBCE10  813F0060  lwz     r9, 0x60(r31)
FFEBCE14  3FC00004  lis     r30, 0x0004
FFEBCE18  2F090000  cmpwi   cr6, r9, 0x0
loc_FFEBCE1C:
FFEBCE1C  419A0068  beq     cr6, loc_FFEBCE84
FFEBCE20  88C9000E  lbz     r6, 0xE(r9)
FFEBCE24  81890014  lwz     r12, 0x14(r9)
FFEBCE28  54C61838  slwi    r6, r6, 3
FFEBCE2C  7FC06039  and.    r0, r30, r12
FFEBCE30  7D5F3014  addc    r10, r31, r6
FFEBCE34  8969000F  lbz     r11, 0xF(r9)
FFEBCE38  7D0A5814  addc    r8, r10, r11
FFEBCE3C  88E801E4  lbz     r7, 0x1E4(r8)
FFEBCE40  41820010  beq     loc_FFEBCE50
FFEBCE44  54E607FA  rlwinm  r6, r7, 0, 31, 29
FFEBCE48  98C801E4  stb     r6, 0x1E4(r8)
FFEBCE4C  48000018  b       loc_FFEBCE64
loc_FFEBCE50:
FFEBCE50  60E60002  ori     r6, r7, 0x2
FFEBCE54  98C801E4  stb     r6, 0x1E4(r8)
FFEBCE58  A1490024  lhz     r10, 0x24(r9)
FFEBCE5C  614A0001  ori     r10, r10, 0x1
FFEBCE60  B1490024  sth     r10, 0x24(r9)
loc_FFEBCE64:
FFEBCE64  61240000  ori     r4, r9, 0x0
FFEBCE68  63E50000  ori     r5, r31, 0x0
FFEBCE6C  63A30000  ori     r3, r29, 0x0
FFEBCE70  480000D5  bl      sub_FFEBCF44
FFEBCE74  60000000  nop
FFEBCE78  813F0060  lwz     r9, 0x60(r31)
FFEBCE7C  2F090000  cmpwi   cr6, r9, 0x0
FFEBCE80  4BFFFF9C  b       loc_FFEBCE1C
loc_FFEBCE84:
FFEBCE84  2C1A0000  cmpwi   cr0, r26, 0x0
FFEBCE88  40820048  bne     loc_FFEBCED0
FFEBCE8C  80DF0078  lwz     r6, 0x78(r31)
FFEBCE90  2C060000  cmpwi   cr0, r6, 0x0
FFEBCE94  40820028  bne     loc_FFEBCEBC
FFEBCE98  63E40000  ori     r4, r31, 0x0
FFEBCE9C  63230000  ori     r3, r25, 0x0
FFEBCEA0  4BFFFDF5  bl      sub_FFEBCC94
FFEBCEA4  60000000  nop
FFEBCEA8  63E40000  ori     r4, r31, 0x0
FFEBCEAC  307F0394  addic   r3, r31, 0x394
FFEBCEB0  48003879  bl      sub_FFEC0728
FFEBCEB4  60000000  nop
FFEBCEB8  939F0458  stw     r28, 0x458(r31)
loc_FFEBCEBC:
FFEBCEBC  63840000  ori     r4, r28, 0x0
FFEBCEC0  63E50000  ori     r5, r31, 0x0
FFEBCEC4  307F0078  addic   r3, r31, 0x78
FFEBCEC8  4800365D  bl      sub_FFEC0524
FFEBCECC  60000000  nop
loc_FFEBCED0:
FFEBCED0  7EE30734  extsh   r3, r23
FFEBCED4  4BFFF2B5  bl      sub_FFEBC188
FFEBCED8  60000000  nop
FFEBCEDC  63E30000  ori     r3, r31, 0x0
FFEBCEE0  4BFFF9CD  bl      sub_FFEBC8AC
FFEBCEE4  60000000  nop
FFEBCEE8  2C030000  cmpwi   cr0, r3, 0x0
FFEBCEEC  41820044  beq     loc_FFEBCF30
FFEBCEF0  9B1B0000  stb     r24, 0x0(r27)
FFEBCEF4  819F002C  lwz     r12, 0x2C(r31)
FFEBCEF8  809F0000  lwz     r4, 0x0(r31)
FFEBCEFC  63630000  ori     r3, r27, 0x0
FFEBCF00  3BC00001  li      r30, 0x1
FFEBCF04  48007E01  bl      sub_FFEC4D04
FFEBCF08  80410014  lwz     r2, 0x14(r1)
FFEBCF0C  63E30000  ori     r3, r31, 0x0
FFEBCF10  48004279  bl      sub_FFEC1188
FFEBCF14  60000000  nop
FFEBCF18  9BDB0000  stb     r30, 0x0(r27)
FFEBCF1C  819F002C  lwz     r12, 0x2C(r31)
FFEBCF20  809F0000  lwz     r4, 0x0(r31)
FFEBCF24  63630000  ori     r3, r27, 0x0
FFEBCF28  48007DDD  bl      sub_FFEC4D04
FFEBCF2C  80410014  lwz     r2, 0x14(r1)
loc_FFEBCF30:
FFEBCF30  80010070  lwz     r0, 0x70(r1)
FFEBCF34  30210068  addic   r1, r1, 0x68
FFEBCF38  7C0803A6  mtspr   LR, r0
FFEBCF3C  BAE1FFDC  lmw     r23, -0x24(r1)
FFEBCF40  4E800020  blr

sub_FFEBCF44:
FFEBCF44* 7C0802A6  mfspr   r0, LR
FFEBCF48* BF81FFF0  stmw    r28, -0x10(r1)
FFEBCF4C* 90010008  stw     r0, 0x8(r1)
FFEBCF50* 9421FFB8  stwu    r1, -0x48(r1)
FFEBCF54* 60BC0000  ori     r28, r5, 0x0
FFEBCF58* 609F0000  ori     r31, r4, 0x0
FFEBCF5C* 7C7E0734  extsh   r30, r3
FFEBCF60* 63E30000  ori     r3, r31, 0x0
FFEBCF64* 63840000  ori     r4, r28, 0x0
FFEBCF68* 48003B8D  bl      sub_FFEC0AF4
FFEBCF6C* 60000000  nop
FFEBCF70* 2C1E0000  cmpwi   cr0, r30, 0x0
FFEBCF74* 39000000  li      r8, 0x0
FFEBCF78* 40820048  bne     loc_FFEBCFC0
FFEBCF7C  88DF003C  lbz     r6, 0x3C(r31)
FFEBCF80  2C060000  cmpwi   cr0, r6, 0x0
FFEBCF84  4182000C  beq     loc_FFEBCF90
FFEBCF88  3BC0E104  li      r30, -0x1EFC
FFEBCF8C  48000034  b       loc_FFEBCFC0
loc_FFEBCF90:
FFEBCF90  893F00C0  lbz     r9, 0xC0(r31)
FFEBCF94  2C090000  cmpwi   cr0, r9, 0x0
FFEBCF98  4182000C  beq     loc_FFEBCFA4
FFEBCF9C  613E0000  ori     r30, r9, 0x0
FFEBCFA0  48000020  b       loc_FFEBCFC0
loc_FFEBCFA4:
FFEBCFA4  80DF0040  lwz     r6, 0x40(r31)
FFEBCFA8  2C060000  cmpwi   cr0, r6, 0x0
FFEBCFAC  40820010  bne     loc_FFEBCFBC
FFEBCFB0  88DF00C1  lbz     r6, 0xC1(r31)
FFEBCFB4  54C60739  rlwinm. r6, r6, 0, 28, 28
FFEBCFB8  41820008  beq     loc_FFEBCFC0
loc_FFEBCFBC:
FFEBCFBC  3BC0E112  li      r30, -0x1EEE
loc_FFEBCFC0:
FFEBCFC0* A13F00BE  lhz     r9, 0xBE(r31)
FFEBCFC4* 2C090000  cmpwi   cr0, r9, 0x0
FFEBCFC8* 418200EC  beq     loc_FFEBD0B4
FFEBCFCC  55240673  rlwinm. r4, r9, 0, 25, 25
FFEBCFD0  41820008  beq     loc_FFEBCFD8
FFEBCFD4  3BC0E10F  li      r30, -0x1EF1
loc_FFEBCFD8:
FFEBCFD8  83BF00C4  lwz     r29, 0xC4(r31)
FFEBCFDC  2C1D0000  cmpwi   cr0, r29, 0x0
FFEBCFE0  41820168  beq     loc_FFEBD148
FFEBCFE4  55240739  rlwinm. r4, r9, 0, 28, 28
FFEBCFE8  4182000C  beq     loc_FFEBCFF4
FFEBCFEC  3BC0E10B  li      r30, -0x1EF5
FFEBCFF0  48000090  b       loc_FFEBD080
loc_FFEBCFF4:
FFEBCFF4  552407FF  clrlwi. r4, r9, 31
FFEBCFF8  41820020  beq     loc_FFEBD018
FFEBCFFC  552406B5  rlwinm. r4, r9, 0, 26, 26
FFEBD000  4182000C  beq     loc_FFEBD00C
FFEBD004  3920E103  li      r9, -0x1EFD
FFEBD008  48000008  b       loc_FFEBD010
loc_FFEBD00C:
FFEBD00C  3920E102  li      r9, -0x1EFE
loc_FFEBD010:
FFEBD010  7D3E0734  extsh   r30, r9
FFEBD014  4800006C  b       loc_FFEBD080
loc_FFEBD018:
FFEBD018  552407BD  rlwinm. r4, r9, 0, 30, 30
FFEBD01C  41820020  beq     loc_FFEBD03C
FFEBD020  552406B5  rlwinm. r4, r9, 0, 26, 26
FFEBD024  4182000C  beq     loc_FFEBD030
FFEBD028  3920E109  li      r9, -0x1EF7
FFEBD02C  48000008  b       loc_FFEBD034
loc_FFEBD030:
FFEBD030  3920E118  li      r9, -0x1EE8
loc_FFEBD034:
FFEBD034  7D3E0734  extsh   r30, r9
FFEBD038  48000048  b       loc_FFEBD080
loc_FFEBD03C:
FFEBD03C  5524077B  rlwinm. r4, r9, 0, 29, 29
FFEBD040  41820040  beq     loc_FFEBD080
FFEBD044  552406B5  rlwinm. r4, r9, 0, 26, 26
FFEBD048  4082000C  bne     loc_FFEBD054
FFEBD04C  3BC0E117  li      r30, -0x1EE9
FFEBD050  48000030  b       loc_FFEBD080
loc_FFEBD054:
FFEBD054  889F000E  lbz     r4, 0xE(r31)
FFEBD058  3BC0E10D  li      r30, -0x1EF3
FFEBD05C  7D24E014  addc    r9, r4, r28
FFEBD060  88C900D4  lbz     r6, 0xD4(r9)
FFEBD064  2C060000  cmpwi   cr0, r6, 0x0
FFEBD068  41820018  beq     loc_FFEBD080
FFEBD06C  38800001  li      r4, 0x1
FFEBD070  988900CC  stb     r4, 0xCC(r9)
FFEBD074  38C00000  li      r6, 0x0
FFEBD078  98C900D4  stb     r6, 0xD4(r9)
FFEBD07C  83BF00C4  lwz     r29, 0xC4(r31)
loc_FFEBD080:
FFEBD080  38800000  li      r4, 0x0
FFEBD084  B09D000A  sth     r4, 0xA(r29)
FFEBD088  83BF00C4  lwz     r29, 0xC4(r31)
FFEBD08C  4BFFF33D  bl      sub_FFEBC3C8
FFEBD090  60000000  nop
FFEBD094  807C00C4  lwz     r3, 0xC4(r28)
FFEBD098  63A50000  ori     r5, r29, 0x0
FFEBD09C  388000C1  li      r4, 0xC1
FFEBD0A0  48007A3D  bl      sub_FFEC4ADC
FFEBD0A4  80410014  lwz     r2, 0x14(r1)
FFEBD0A8  4BFFF425  bl      sub_FFEBC4CC
FFEBD0AC  60000000  nop
FFEBD0B0  48000098  b       loc_FFEBD148
loc_FFEBD0B4:
FFEBD0B4* 83BF00C4  lwz     r29, 0xC4(r31)
FFEBD0B8* 2C1D0000  cmpwi   cr0, r29, 0x0
FFEBD0BC* 4182008C  beq     loc_FFEBD148
FFEBD0C0  893D0008  lbz     r9, 0x8(r29)
FFEBD0C4  48000034  b       loc_FFEBD0F8
loc_FFEBD0C8:
FFEBD0C8  3880E103  li      r4, -0x1EFD
FFEBD0CC  B09D000A  sth     r4, 0xA(r29)
FFEBD0D0  48000048  b       loc_FFEBD118
loc_FFEBD0D4:
FFEBD0D4  3880E109  li      r4, -0x1EF7
FFEBD0D8  B09D000A  sth     r4, 0xA(r29)
FFEBD0DC  4800003C  b       loc_FFEBD118
loc_FFEBD0E0:
FFEBD0E0  911F00C4  stw     r8, 0xC4(r31)
FFEBD0E4  63A30000  ori     r3, r29, 0x0
FFEBD0E8  63840000  ori     r4, r28, 0x0
FFEBD0EC  4BFFFC09  bl      sub_FFEBCCF4
FFEBD0F0  60000000  nop
FFEBD0F4  48000024  b       loc_FFEBD118
loc_FFEBD0F8:
FFEBD0F8  2C090010  cmpwi   cr0, r9, 0x10
FFEBD0FC  4182FFCC  beq     loc_FFEBD0C8
FFEBD100  2C090013  cmpwi   cr0, r9, 0x13
FFEBD104  4182FFD0  beq     loc_FFEBD0D4
FFEBD108  2C090012  cmpwi   cr0, r9, 0x12
FFEBD10C  4182FFD4  beq     loc_FFEBD0E0
FFEBD110  3880E114  li      r4, -0x1EEC
FFEBD114  B09D000A  sth     r4, 0xA(r29)
loc_FFEBD118:
FFEBD118  83BF00C4  lwz     r29, 0xC4(r31)
FFEBD11C  2C1D0000  cmpwi   cr0, r29, 0x0
FFEBD120  41820028  beq     loc_FFEBD148
FFEBD124  4BFFF2A5  bl      sub_FFEBC3C8
FFEBD128  60000000  nop
FFEBD12C  807C00C4  lwz     r3, 0xC4(r28)
FFEBD130  63A50000  ori     r5, r29, 0x0
FFEBD134  388000C1  li      r4, 0xC1
FFEBD138  480079A5  bl      sub_FFEC4ADC
FFEBD13C  80410014  lwz     r2, 0x14(r1)
FFEBD140  4BFFF38D  bl      sub_FFEBC4CC
FFEBD144  60000000  nop
loc_FFEBD148:
FFEBD148* 889F00C1  lbz     r4, 0xC1(r31)
FFEBD14C* 548407BD  rlwinm. r4, r4, 0, 30, 30
FFEBD150* 41820018  beq     loc_FFEBD168
FFEBD154  819C0024  lwz     r12, 0x24(r28)
FFEBD158  809C0000  lwz     r4, 0x0(r28)
FFEBD15C  63E30000  ori     r3, r31, 0x0
FFEBD160  48007BA5  bl      sub_FFEC4D04
FFEBD164  80410014  lwz     r2, 0x14(r1)
loc_FFEBD168:
FFEBD168* B3DF000A  sth     r30, 0xA(r31)
FFEBD16C* 4BFFF25D  bl      sub_FFEBC3C8
FFEBD170* 60000000  nop
FFEBD174* 807C00C4  lwz     r3, 0xC4(r28)
FFEBD178* 63E50000  ori     r5, r31, 0x0
FFEBD17C* 388000C1  li      r4, 0xC1
FFEBD180* 4800795D  bl      sub_FFEC4ADC
FFEBD184* 80410014  lwz     r2, 0x14(r1)
FFEBD188* 4BFFF345  bl      sub_FFEBC4CC
FFEBD18C* 60000000  nop
FFEBD190* 80010050  lwz     r0, 0x50(r1)
FFEBD194* 30210048  addic   r1, r1, 0x48
FFEBD198* 7C0803A6  mtspr   LR, r0
FFEBD19C* BB81FFF0  lmw     r28, -0x10(r1)
FFEBD1A0* 4E800020  blr

sub_FFEBD1A4:
FFEBD1A4  7C0802A6  mfspr   r0, LR
FFEBD1A8  BF21FFE4  stmw    r25, -0x1C(r1)
FFEBD1AC  90010008  stw     r0, 0x8(r1)
FFEBD1B0  9421FFA8  stwu    r1, -0x58(r1)
FFEBD1B4  607E0000  ori     r30, r3, 0x0
FFEBD1B8  3B400001  li      r26, 0x1
FFEBD1BC  9B5E0086  stb     r26, 0x86(r30)
FFEBD1C0  819E001C  lwz     r12, 0x1C(r30)
FFEBD1C4  807E0000  lwz     r3, 0x0(r30)
FFEBD1C8  33210038  addic   r25, r1, 0x38
FFEBD1CC  3BE00000  li      r31, 0x0
FFEBD1D0  3BA00000  li      r29, 0x0
FFEBD1D4  48007B31  bl      sub_FFEC4D04
FFEBD1D8  80410014  lwz     r2, 0x14(r1)
FFEBD1DC  30FE0038  addic   r7, r30, 0x38
FFEBD1E0  30DE00E0  addic   r6, r30, 0xE0
FFEBD1E4  38A00007  li      r5, 0x7
FFEBD1E8  38800004  li      r4, 0x4
FFEBD1EC  48000008  b       loc_FFEBD1F4
loc_FFEBD1F0:
FFEBD1F0  41800050  blt     loc_FFEBD240
loc_FFEBD1F4:
FFEBD1F4  7D3E2814  addc    r9, r30, r5
FFEBD1F8  890900D4  lbz     r8, 0xD4(r9)
FFEBD1FC  2C080000  cmpwi   cr0, r8, 0x0
FFEBD200  4182000C  beq     loc_FFEBD20C
FFEBD204  9B4900CC  stb     r26, 0xCC(r9)
FFEBD208  9BE900D4  stb     r31, 0xD4(r9)
loc_FFEBD20C:
FFEBD20C  7C8903A6  mtspr   CTR, r4
FFEBD210  31260108  addic   r9, r6, 0x108
FFEBD214  310701ED  addic   r8, r7, 0x1ED
loc_FFEBD218:
FFEBD218  97A9FFF8  stwu    r29, -0x8(r9)
FFEBD21C  9FE8FFFE  stbu    r31, -0x2(r8)
FFEBD220  93A9FFFC  stw     r29, -0x4(r9)
FFEBD224  9BE8FFFF  stb     r31, -0x1(r8)
FFEBD228  4200FFF0  bdnz    loc_FFEBD218
FFEBD22C  30A5FFFF  addic   r5, r5, -0x1
FFEBD230  30C6FFE0  addic   r6, r6, -0x20
FFEBD234  30E7FFF8  addic   r7, r7, -0x8
FFEBD238  2C050000  cmpwi   cr0, r5, 0x0
FFEBD23C  4BFFFFB4  b       loc_FFEBD1F0
loc_FFEBD240:
FFEBD240  38800000  li      r4, 0x0
FFEBD244  B09E0088  sth     r4, 0x88(r30)
FFEBD248  38A00000  li      r5, 0x0
FFEBD24C  90BE0080  stw     r5, 0x80(r30)
FFEBD250  38C00000  li      r6, 0x0
FFEBD254  B0DE00AC  sth     r6, 0xAC(r30)
FFEBD258  839E0078  lwz     r28, 0x78(r30)
FFEBD25C  3B60E10E  li      r27, -0x1EF2
FFEBD260  2C1C0000  cmpwi   cr0, r28, 0x0
loc_FFEBD264:
FFEBD264  41820050  beq     loc_FFEBD2B4
FFEBD268  B37C000A  sth     r27, 0xA(r28)
FFEBD26C  4BFFF15D  bl      sub_FFEBC3C8
FFEBD270  60000000  nop
FFEBD274  807E00C4  lwz     r3, 0xC4(r30)
FFEBD278  63850000  ori     r5, r28, 0x0
FFEBD27C  388000C1  li      r4, 0xC1
FFEBD280  4800785D  bl      sub_FFEC4ADC
FFEBD284  80410014  lwz     r2, 0x14(r1)
FFEBD288  4BFFF245  bl      sub_FFEBC4CC
FFEBD28C  60000000  nop
FFEBD290  63840000  ori     r4, r28, 0x0
FFEBD294  63C50000  ori     r5, r30, 0x0
FFEBD298  307E0078  addic   r3, r30, 0x78
FFEBD29C  4800368D  bl      sub_FFEC0928
FFEBD2A0  60000000  nop
FFEBD2A4  93BC0000  stw     r29, 0x0(r28)
FFEBD2A8  839E0078  lwz     r28, 0x78(r30)
FFEBD2AC  2C1C0000  cmpwi   cr0, r28, 0x0
FFEBD2B0  4BFFFFB4  b       loc_FFEBD264
loc_FFEBD2B4:
FFEBD2B4  63C30000  ori     r3, r30, 0x0
FFEBD2B8  388000FF  li      r4, 0xFF
FFEBD2BC  3B60E10E  li      r27, -0x1EF2
FFEBD2C0  48003951  bl      sub_FFEC0C10
FFEBD2C4  60000000  nop
FFEBD2C8  813E0060  lwz     r9, 0x60(r30)
FFEBD2CC  3FA00004  lis     r29, 0x0004
FFEBD2D0  2F090000  cmpwi   cr6, r9, 0x0
loc_FFEBD2D4:
FFEBD2D4  419A0068  beq     cr6, loc_FFEBD33C
FFEBD2D8  88C9000E  lbz     r6, 0xE(r9)
FFEBD2DC  81890014  lwz     r12, 0x14(r9)
FFEBD2E0  54C61838  slwi    r6, r6, 3
FFEBD2E4  7D9CE839  and.    r28, r12, r29
FFEBD2E8  7D5E3014  addc    r10, r30, r6
FFEBD2EC  8969000F  lbz     r11, 0xF(r9)
FFEBD2F0  7D0A5814  addc    r8, r10, r11
FFEBD2F4  88E801E4  lbz     r7, 0x1E4(r8)
FFEBD2F8  41820010  beq     loc_FFEBD308
FFEBD2FC  54E607FA  rlwinm  r6, r7, 0, 31, 29
FFEBD300  98C801E4  stb     r6, 0x1E4(r8)
FFEBD304  48000018  b       loc_FFEBD31C
loc_FFEBD308:
FFEBD308  60E60002  ori     r6, r7, 0x2
FFEBD30C  98C801E4  stb     r6, 0x1E4(r8)
FFEBD310  A1490024  lhz     r10, 0x24(r9)
FFEBD314  614A0001  ori     r10, r10, 0x1
FFEBD318  B1490024  sth     r10, 0x24(r9)
loc_FFEBD31C:
FFEBD31C  61240000  ori     r4, r9, 0x0
FFEBD320  63C50000  ori     r5, r30, 0x0
FFEBD324  63630000  ori     r3, r27, 0x0
FFEBD328  4BFFFC1D  bl      sub_FFEBCF44
FFEBD32C  60000000  nop
FFEBD330  813E0060  lwz     r9, 0x60(r30)
FFEBD334  2F090000  cmpwi   cr6, r9, 0x0
FFEBD338  4BFFFF9C  b       loc_FFEBD2D4
loc_FFEBD33C:
FFEBD33C  9BFE0086  stb     r31, 0x86(r30)
FFEBD340  63C30000  ori     r3, r30, 0x0
FFEBD344  4BFFF569  bl      sub_FFEBC8AC
FFEBD348  60000000  nop
FFEBD34C  2C030000  cmpwi   cr0, r3, 0x0
FFEBD350  41820040  beq     loc_FFEBD390
FFEBD354  9BF90000  stb     r31, 0x0(r25)
FFEBD358  819E002C  lwz     r12, 0x2C(r30)
FFEBD35C  809E0000  lwz     r4, 0x0(r30)
FFEBD360  63230000  ori     r3, r25, 0x0
FFEBD364  480079A1  bl      sub_FFEC4D04
FFEBD368  80410014  lwz     r2, 0x14(r1)
FFEBD36C  63C30000  ori     r3, r30, 0x0
FFEBD370  48003E19  bl      sub_FFEC1188
FFEBD374  60000000  nop
FFEBD378  9B590000  stb     r26, 0x0(r25)
FFEBD37C  819E002C  lwz     r12, 0x2C(r30)
FFEBD380  809E0000  lwz     r4, 0x0(r30)
FFEBD384  63230000  ori     r3, r25, 0x0
FFEBD388  4800797D  bl      sub_FFEC4D04
FFEBD38C  80410014  lwz     r2, 0x14(r1)
loc_FFEBD390:
FFEBD390  80010060  lwz     r0, 0x60(r1)
FFEBD394  30210058  addic   r1, r1, 0x58
FFEBD398  7C0803A6  mtspr   LR, r0
FFEBD39C  BB21FFE4  lmw     r25, -0x1C(r1)
FFEBD3A0  4E800020  blr

sub_FFEBD3A4:
FFEBD3A4  7C0802A6  mfspr   r0, LR
FFEBD3A8  BF21FFE4  stmw    r25, -0x1C(r1)
FFEBD3AC  90010008  stw     r0, 0x8(r1)
FFEBD3B0  9421FFA8  stwu    r1, -0x58(r1)
FFEBD3B4  609F0000  ori     r31, r4, 0x0
FFEBD3B8  607E0000  ori     r30, r3, 0x0
FFEBD3BC  3B600000  li      r27, 0x0
FFEBD3C0  33810038  addic   r28, r1, 0x38
FFEBD3C4  63790000  ori     r25, r27, 0x0
FFEBD3C8  4BFFED81  bl      sub_FFEBC148
FFEBD3CC  60000000  nop
FFEBD3D0  83BE0024  lwz     r29, 0x24(r30)
FFEBD3D4  547A043E  clrlwi  r26, r3, 16
FFEBD3D8  63E40000  ori     r4, r31, 0x0
FFEBD3DC  63A30000  ori     r3, r29, 0x0
FFEBD3E0  48003931  bl      sub_FFEC0D10
FFEBD3E4  60000000  nop
FFEBD3E8  2C030000  cmpwi   cr0, r3, 0x0
FFEBD3EC  40820034  bne     loc_FFEBD420
FFEBD3F0  3880E103  li      r4, -0x1EFD
FFEBD3F4  B09E000A  sth     r4, 0xA(r30)
FFEBD3F8  4BFFEFD1  bl      sub_FFEBC3C8
FFEBD3FC  60000000  nop
FFEBD400  807F00C4  lwz     r3, 0xC4(r31)
FFEBD404  63C50000  ori     r5, r30, 0x0
FFEBD408  388000C1  li      r4, 0xC1
FFEBD40C  480076D1  bl      sub_FFEC4ADC
FFEBD410  80410014  lwz     r2, 0x14(r1)
FFEBD414  4BFFF0B9  bl      sub_FFEBC4CC
FFEBD418  60000000  nop
FFEBD41C  48000078  b       loc_FFEBD494
loc_FFEBD420:
FFEBD420  93DD00C4  stw     r30, 0xC4(r29)
FFEBD424  A0BD00BC  lhz     r5, 0xBC(r29)
FFEBD428  2C050000  cmpwi   cr0, r5, 0x0
FFEBD42C  4082001C  bne     loc_FFEBD448
FFEBD430  63A40000  ori     r4, r29, 0x0
FFEBD434  63E50000  ori     r5, r31, 0x0
FFEBD438  3860E118  li      r3, -0x1EE8
FFEBD43C  4BFFFB09  bl      sub_FFEBCF44
FFEBD440  60000000  nop
FFEBD444  48000050  b       loc_FFEBD494
loc_FFEBD448:
FFEBD448  2C1E0000  cmpwi   cr0, r30, 0x0
FFEBD44C  41820030  beq     loc_FFEBD47C
FFEBD450  3880E103  li      r4, -0x1EFD
FFEBD454  B09E000A  sth     r4, 0xA(r30)
FFEBD458  4BFFEF71  bl      sub_FFEBC3C8
FFEBD45C  60000000  nop
FFEBD460  807F00C4  lwz     r3, 0xC4(r31)
FFEBD464  63C50000  ori     r5, r30, 0x0
FFEBD468  388000C1  li      r4, 0xC1
FFEBD46C  48007671  bl      sub_FFEC4ADC
FFEBD470  80410014  lwz     r2, 0x14(r1)
FFEBD474  4BFFF059  bl      sub_FFEBC4CC
FFEBD478  60000000  nop
loc_FFEBD47C:
FFEBD47C  63A30000  ori     r3, r29, 0x0
FFEBD480  63E50000  ori     r5, r31, 0x0
FFEBD484  309F006A  addic   r4, r31, 0x6A
FFEBD488  3B600001  li      r27, 0x1
FFEBD48C  480038B5  bl      sub_FFEC0D40
FFEBD490  60000000  nop
loc_FFEBD494:
FFEBD494  7F430734  extsh   r3, r26
FFEBD498  4BFFECF1  bl      sub_FFEBC188
FFEBD49C  60000000  nop
FFEBD4A0  2C1B0000  cmpwi   cr0, r27, 0x0
FFEBD4A4  41820058  beq     loc_FFEBD4FC
FFEBD4A8  63E30000  ori     r3, r31, 0x0
FFEBD4AC  4BFFF401  bl      sub_FFEBC8AC
FFEBD4B0  60000000  nop
FFEBD4B4  2C030000  cmpwi   cr0, r3, 0x0
FFEBD4B8  41820044  beq     loc_FFEBD4FC
FFEBD4BC  9B3C0000  stb     r25, 0x0(r28)
FFEBD4C0  819F002C  lwz     r12, 0x2C(r31)
FFEBD4C4  809F0000  lwz     r4, 0x0(r31)
FFEBD4C8  63830000  ori     r3, r28, 0x0
FFEBD4CC  3BC00001  li      r30, 0x1
FFEBD4D0  48007835  bl      sub_FFEC4D04
FFEBD4D4  80410014  lwz     r2, 0x14(r1)
FFEBD4D8  63E30000  ori     r3, r31, 0x0
FFEBD4DC  48003CAD  bl      sub_FFEC1188
FFEBD4E0  60000000  nop
FFEBD4E4  9BDC0000  stb     r30, 0x0(r28)
FFEBD4E8  819F002C  lwz     r12, 0x2C(r31)
FFEBD4EC  809F0000  lwz     r4, 0x0(r31)
FFEBD4F0  63830000  ori     r3, r28, 0x0
FFEBD4F4  48007811  bl      sub_FFEC4D04
FFEBD4F8  80410014  lwz     r2, 0x14(r1)
loc_FFEBD4FC:
FFEBD4FC  80010060  lwz     r0, 0x60(r1)
FFEBD500  30210058  addic   r1, r1, 0x58
FFEBD504  7C0803A6  mtspr   LR, r0
FFEBD508  BB21FFE4  lmw     r25, -0x1C(r1)
FFEBD50C  4E800020  blr

sub_FFEBD510:
FFEBD510  7C0802A6  mfspr   r0, LR
FFEBD514  BF21FFE4  stmw    r25, -0x1C(r1)
FFEBD518  90010008  stw     r0, 0x8(r1)
FFEBD51C  9421FFA8  stwu    r1, -0x58(r1)
FFEBD520  609F0000  ori     r31, r4, 0x0
FFEBD524  607E0000  ori     r30, r3, 0x0
FFEBD528  3B600000  li      r27, 0x0
FFEBD52C  33810038  addic   r28, r1, 0x38
FFEBD530  63790000  ori     r25, r27, 0x0
FFEBD534  4BFFEC15  bl      sub_FFEBC148
FFEBD538  60000000  nop
FFEBD53C  83BE0024  lwz     r29, 0x24(r30)
FFEBD540  547A043E  clrlwi  r26, r3, 16
FFEBD544  63E40000  ori     r4, r31, 0x0
FFEBD548  63A30000  ori     r3, r29, 0x0
FFEBD54C  480037C5  bl      sub_FFEC0D10
FFEBD550  60000000  nop
FFEBD554  2C030000  cmpwi   cr0, r3, 0x0
FFEBD558  40820034  bne     loc_FFEBD58C
FFEBD55C  3880E109  li      r4, -0x1EF7
FFEBD560  B09E000A  sth     r4, 0xA(r30)
FFEBD564  4BFFEE65  bl      sub_FFEBC3C8
FFEBD568  60000000  nop
FFEBD56C  807F00C4  lwz     r3, 0xC4(r31)
FFEBD570  63C50000  ori     r5, r30, 0x0
FFEBD574  388000C1  li      r4, 0xC1
FFEBD578  48007565  bl      sub_FFEC4ADC
FFEBD57C  80410014  lwz     r2, 0x14(r1)
FFEBD580  4BFFEF4D  bl      sub_FFEBC4CC
FFEBD584  60000000  nop
FFEBD588  48000078  b       loc_FFEBD600
loc_FFEBD58C:
FFEBD58C  93DD00C4  stw     r30, 0xC4(r29)
FFEBD590  A0BD00BC  lhz     r5, 0xBC(r29)
FFEBD594  2C050000  cmpwi   cr0, r5, 0x0
FFEBD598  4082001C  bne     loc_FFEBD5B4
FFEBD59C  63A40000  ori     r4, r29, 0x0
FFEBD5A0  63E50000  ori     r5, r31, 0x0
FFEBD5A4  3860E118  li      r3, -0x1EE8
FFEBD5A8  4BFFF99D  bl      sub_FFEBCF44
FFEBD5AC  60000000  nop
FFEBD5B0  48000050  b       loc_FFEBD600
loc_FFEBD5B4:
FFEBD5B4  2C1E0000  cmpwi   cr0, r30, 0x0
FFEBD5B8  41820030  beq     loc_FFEBD5E8
FFEBD5BC  3880E109  li      r4, -0x1EF7
FFEBD5C0  B09E000A  sth     r4, 0xA(r30)
FFEBD5C4  4BFFEE05  bl      sub_FFEBC3C8
FFEBD5C8  60000000  nop
FFEBD5CC  807F00C4  lwz     r3, 0xC4(r31)
FFEBD5D0  63C50000  ori     r5, r30, 0x0
FFEBD5D4  388000C1  li      r4, 0xC1
FFEBD5D8  48007505  bl      sub_FFEC4ADC
FFEBD5DC  80410014  lwz     r2, 0x14(r1)
FFEBD5E0  4BFFEEED  bl      sub_FFEBC4CC
FFEBD5E4  60000000  nop
loc_FFEBD5E8:
FFEBD5E8  63A30000  ori     r3, r29, 0x0
FFEBD5EC  63E50000  ori     r5, r31, 0x0
FFEBD5F0  309F006A  addic   r4, r31, 0x6A
FFEBD5F4  3B600001  li      r27, 0x1
FFEBD5F8  48003749  bl      sub_FFEC0D40
FFEBD5FC  60000000  nop
loc_FFEBD600:
FFEBD600  7F430734  extsh   r3, r26
FFEBD604  4BFFEB85  bl      sub_FFEBC188
FFEBD608  60000000  nop
FFEBD60C  2C1B0000  cmpwi   cr0, r27, 0x0
FFEBD610  41820058  beq     loc_FFEBD668
FFEBD614  63E30000  ori     r3, r31, 0x0
FFEBD618  4BFFF295  bl      sub_FFEBC8AC
FFEBD61C  60000000  nop
FFEBD620  2C030000  cmpwi   cr0, r3, 0x0
FFEBD624  41820044  beq     loc_FFEBD668
FFEBD628  9B3C0000  stb     r25, 0x0(r28)
FFEBD62C  819F002C  lwz     r12, 0x2C(r31)
FFEBD630  809F0000  lwz     r4, 0x0(r31)
FFEBD634  63830000  ori     r3, r28, 0x0
FFEBD638  3BC00001  li      r30, 0x1
FFEBD63C  480076C9  bl      sub_FFEC4D04
FFEBD640  80410014  lwz     r2, 0x14(r1)
FFEBD644  63E30000  ori     r3, r31, 0x0
FFEBD648  48003B41  bl      sub_FFEC1188
FFEBD64C  60000000  nop
FFEBD650  9BDC0000  stb     r30, 0x0(r28)
FFEBD654  819F002C  lwz     r12, 0x2C(r31)
FFEBD658  809F0000  lwz     r4, 0x0(r31)
FFEBD65C  63830000  ori     r3, r28, 0x0
FFEBD660  480076A5  bl      sub_FFEC4D04
FFEBD664  80410014  lwz     r2, 0x14(r1)
loc_FFEBD668:
FFEBD668  80010060  lwz     r0, 0x60(r1)
FFEBD66C  30210058  addic   r1, r1, 0x58
FFEBD670  7C0803A6  mtspr   LR, r0
FFEBD674  BB21FFE4  lmw     r25, -0x1C(r1)
FFEBD678  4E800020  blr
FFEBD67C? 7C0802A6  mfspr   r0, LR
FFEBD680? 90010008  stw     r0, 0x8(r1)
FFEBD684? 9421FFC8  stwu    r1, -0x38(r1)
FFEBD688? 81830014  lwz     r12, 0x14(r3)
FFEBD68C? 606B0000  ori     r11, r3, 0x0
FFEBD690? 806B0000  lwz     r3, 0x0(r11)
FFEBD694? 48007671  bl      sub_FFEC4D04
FFEBD698? 80410014  lwz     r2, 0x14(r1)
FFEBD69C? 80010040  lwz     r0, 0x40(r1)
FFEBD6A0? 30210038  addic   r1, r1, 0x38
FFEBD6A4? 7C0803A6  mtspr   LR, r0
FFEBD6A8? 4E800020  blr

sub_FFEBD6AC:
FFEBD6AC  7C0802A6  mfspr   r0, LR
FFEBD6B0  BFE1FFFC  stmw    r31, -0x4(r1)
FFEBD6B4  90010008  stw     r0, 0x8(r1)
FFEBD6B8  9421FFC0  stwu    r1, -0x40(r1)
FFEBD6BC  80830244  lwz     r4, 0x244(r3)
FFEBD6C0  2C040000  cmpwi   cr0, r4, 0x0
FFEBD6C4  4082002C  bne     loc_FFEBD6F0
FFEBD6C8  81830014  lwz     r12, 0x14(r3)
FFEBD6CC  606B0000  ori     r11, r3, 0x0
FFEBD6D0  806B0000  lwz     r3, 0x0(r11)
FFEBD6D4  48007631  bl      sub_FFEC4D04
FFEBD6D8  80410014  lwz     r2, 0x14(r1)
FFEBD6DC  80010048  lwz     r0, 0x48(r1)
FFEBD6E0  30210040  addic   r1, r1, 0x40
FFEBD6E4  7C0803A6  mtspr   LR, r0
FFEBD6E8  BBE1FFFC  lmw     r31, -0x4(r1)
FFEBD6EC  4E800020  blr
loc_FFEBD6F0:
FFEBD6F0  607F0000  ori     r31, r3, 0x0
FFEBD6F4  48000008  b       loc_FFEBD6FC
loc_FFEBD6F8:
FFEBD6F8  41820044  beq     loc_FFEBD73C
loc_FFEBD6FC:
FFEBD6FC  819F0014  lwz     r12, 0x14(r31)
FFEBD700  807F0000  lwz     r3, 0x0(r31)
FFEBD704  48007601  bl      sub_FFEC4D04
FFEBD708  80410014  lwz     r2, 0x14(r1)
FFEBD70C  60690000  ori     r9, r3, 0x0
FFEBD710  2C090000  cmpwi   cr0, r9, 0x0
FFEBD714  83FF0244  lwz     r31, 0x244(r31)
FFEBD718  4082001C  bne     loc_FFEBD734
FFEBD71C  819F0014  lwz     r12, 0x14(r31)
FFEBD720  807F0000  lwz     r3, 0x0(r31)
FFEBD724  480075E1  bl      sub_FFEC4D04
FFEBD728  80410014  lwz     r2, 0x14(r1)
FFEBD72C  60690000  ori     r9, r3, 0x0
FFEBD730  83FF0244  lwz     r31, 0x244(r31)
loc_FFEBD734:
FFEBD734  2C090000  cmpwi   cr0, r9, 0x0
FFEBD738  4BFFFFC0  b       loc_FFEBD6F8
loc_FFEBD73C:
FFEBD73C  38600000  li      r3, 0x0
FFEBD740  80010048  lwz     r0, 0x48(r1)
FFEBD744  30210040  addic   r1, r1, 0x40
FFEBD748  7C0803A6  mtspr   LR, r0
FFEBD74C  BBE1FFFC  lmw     r31, -0x4(r1)
FFEBD750  4E800020  blr
FFEBD754* 7C0802A6  mfspr   r0, LR
FFEBD758* BF61FFEC  stmw    r27, -0x14(r1)
FFEBD75C* 90010008  stw     r0, 0x8(r1)
FFEBD760* 9421FFA8  stwu    r1, -0x58(r1)
FFEBD764* 607E0000  ori     r30, r3, 0x0
FFEBD768* 609F0000  ori     r31, r4, 0x0
FFEBD76C* 3B600001  li      r27, 0x1
FFEBD770* 33810038  addic   r28, r1, 0x38
FFEBD774* 33A10040  addic   r29, r1, 0x40
FFEBD778* 4BFFED55  bl      sub_FFEBC4CC
FFEBD77C* 60000000  nop
FFEBD780* B37E000A  sth     r27, 0xA(r30)
FFEBD784* 893E0008  lbz     r9, 0x8(r30)
FFEBD788* 2C090001  cmpwi   cr0, r9, 0x1
FFEBD78C* 4182000C  beq     loc_FFEBD798
FFEBD790* 2C090084  cmpwi   cr0, r9, 0x84
FFEBD794* 40820298  bne     loc_FFEBDA2C
loc_FFEBD798:
FFEBD798* A0BE005E  lhz     r5, 0x5E(r30)
FFEBD79C* 54A505AD  rlwinm. r5, r5, 0, 22, 22
FFEBD7A0* 41820070  beq     loc_FFEBD810
FFEBD7A4  63C30000  ori     r3, r30, 0x0
FFEBD7A8  63E40000  ori     r4, r31, 0x0
FFEBD7AC  48002F7D  bl      sub_FFEC0728
FFEBD7B0  60000000  nop
FFEBD7B4  63E30000  ori     r3, r31, 0x0
FFEBD7B8  4BFFF0F5  bl      sub_FFEBC8AC
FFEBD7BC  60000000  nop
FFEBD7C0  2C030000  cmpwi   cr0, r3, 0x0
FFEBD7C4  418202CC  beq     loc_FFEBDA90
FFEBD7C8  38800000  li      r4, 0x0
FFEBD7CC  989D0000  stb     r4, 0x0(r29)
FFEBD7D0  819F002C  lwz     r12, 0x2C(r31)
FFEBD7D4  809F0000  lwz     r4, 0x0(r31)
FFEBD7D8  63A30000  ori     r3, r29, 0x0
FFEBD7DC  3BC00001  li      r30, 0x1
FFEBD7E0  48007525  bl      sub_FFEC4D04
FFEBD7E4  80410014  lwz     r2, 0x14(r1)
FFEBD7E8  63E30000  ori     r3, r31, 0x0
FFEBD7EC  4800399D  bl      sub_FFEC1188
FFEBD7F0  60000000  nop
FFEBD7F4  9BDD0000  stb     r30, 0x0(r29)
FFEBD7F8  819F002C  lwz     r12, 0x2C(r31)
FFEBD7FC  809F0000  lwz     r4, 0x0(r31)
FFEBD800  63A30000  ori     r3, r29, 0x0
FFEBD804  48007501  bl      sub_FFEC4D04
FFEBD808  80410014  lwz     r2, 0x14(r1)
FFEBD80C  48000284  b       loc_FFEBDA90
loc_FFEBD810:
FFEBD810* 63C30000  ori     r3, r30, 0x0
FFEBD814* 63E40000  ori     r4, r31, 0x0
FFEBD818* 4BFFF2ED  bl      sub_FFEBCB04
FFEBD81C* 60000000  nop
FFEBD820* 2C030000  cmpwi   cr0, r3, 0x0
FFEBD824* 4182026C  beq     loc_FFEBDA90
FFEBD828* 63C30000  ori     r3, r30, 0x0
FFEBD82C* 63E40000  ori     r4, r31, 0x0
FFEBD830* 48002EF9  bl      sub_FFEC0728
FFEBD834* 60000000  nop
FFEBD838* 63E30000  ori     r3, r31, 0x0
FFEBD83C* 4BFFF071  bl      sub_FFEBC8AC
FFEBD840* 60000000  nop
FFEBD844* 2C030000  cmpwi   cr0, r3, 0x0
FFEBD848* 41820248  beq     loc_FFEBDA90
FFEBD84C* 63E30000  ori     r3, r31, 0x0
FFEBD850* 4BFFF175  bl      sub_FFEBC9C4
FFEBD854* 60000000  nop
FFEBD858* 48000238  b       loc_FFEBDA90
loc_FFEBD85C:
FFEBD85C  809E000C  lwz     r4, 0xC(r30)
FFEBD860  909C0000  stw     r4, 0x0(r28)
FFEBD864  893C0002  lbz     r9, 0x2(r28)
FFEBD868  2C090007  cmpwi   cr0, r9, 0x7
FFEBD86C  4081000C  ble     loc_FFEBD878
FFEBD870  3920E144  li      r9, -0x1EBC
FFEBD874  48000030  b       loc_FFEBD8A4
loc_FFEBD878:
FFEBD878  889F00C9  lbz     r4, 0xC9(r31)
FFEBD87C  7C092000  cmpw    r9, r4
FFEBD880  4082000C  bne     loc_FFEBD88C
FFEBD884  3920E144  li      r9, -0x1EBC
FFEBD888  4800001C  b       loc_FFEBD8A4
loc_FFEBD88C:
FFEBD88C  889C0003  lbz     r4, 0x3(r28)
FFEBD890  2C040007  cmpwi   cr0, r4, 0x7
FFEBD894  4181000C  bgt     loc_FFEBD8A0
FFEBD898  39200000  li      r9, 0x0
FFEBD89C  48000008  b       loc_FFEBD8A4
loc_FFEBD8A0:
FFEBD8A0  3920E145  li      r9, -0x1EBB
loc_FFEBD8A4:
FFEBD8A4  B13E000A  sth     r9, 0xA(r30)
FFEBD8A8  2C090000  cmpwi   cr0, r9, 0x0
FFEBD8AC  4182002C  beq     loc_FFEBD8D8
FFEBD8B0  4BFFEB19  bl      sub_FFEBC3C8
FFEBD8B4  60000000  nop
FFEBD8B8  807F00C4  lwz     r3, 0xC4(r31)
FFEBD8BC  63C50000  ori     r5, r30, 0x0
FFEBD8C0  388000C1  li      r4, 0xC1
FFEBD8C4  48007219  bl      sub_FFEC4ADC
FFEBD8C8  80410014  lwz     r2, 0x14(r1)
FFEBD8CC  4BFFEC01  bl      sub_FFEBC4CC
FFEBD8D0  60000000  nop
FFEBD8D4  480001BC  b       loc_FFEBDA90
loc_FFEBD8D8:
FFEBD8D8  889E000E  lbz     r4, 0xE(r30)
FFEBD8DC  88DE000F  lbz     r6, 0xF(r30)
FFEBD8E0  54841838  slwi    r4, r4, 3
FFEBD8E4  7CBF2014  addc    r5, r31, r4
FFEBD8E8  7CE53014  addc    r7, r5, r6
FFEBD8EC  890701E4  lbz     r8, 0x1E4(r7)
FFEBD8F0  63E30000  ori     r3, r31, 0x0
FFEBD8F4  550807FA  rlwinm  r8, r8, 0, 31, 29
FFEBD8F8  990701E4  stb     r8, 0x1E4(r7)
FFEBD8FC  3BA00000  li      r29, 0x0
FFEBD900  4BFFEFAD  bl      sub_FFEBC8AC
FFEBD904  60000000  nop
FFEBD908  2C030000  cmpwi   cr0, r3, 0x0
FFEBD90C  41820010  beq     loc_FFEBD91C
FFEBD910  63E30000  ori     r3, r31, 0x0
FFEBD914  4BFFF0B1  bl      sub_FFEBC9C4
FFEBD918  60000000  nop
loc_FFEBD91C:
FFEBD91C  B3BE000A  sth     r29, 0xA(r30)
FFEBD920  4BFFEAA9  bl      sub_FFEBC3C8
FFEBD924  60000000  nop
FFEBD928  807F00C4  lwz     r3, 0xC4(r31)
FFEBD92C  63C50000  ori     r5, r30, 0x0
FFEBD930  388000C1  li      r4, 0xC1
FFEBD934  480071A9  bl      sub_FFEC4ADC
FFEBD938  80410014  lwz     r2, 0x14(r1)
FFEBD93C  4BFFEB91  bl      sub_FFEBC4CC
FFEBD940  60000000  nop
FFEBD944  4800014C  b       loc_FFEBDA90
loc_FFEBD948:
FFEBD948* 93FE0038  stw     r31, 0x38(r30)
FFEBD94C* 38C004C0  li      r6, 0x4C0
FFEBD950* 90DE003C  stw     r6, 0x3C(r30)
FFEBD954* 38E00100  li      r7, 0x100
FFEBD958* B0FE002C  sth     r7, 0x2C(r30)
FFEBD95C* 819F0018  lwz     r12, 0x18(r31)
FFEBD960* 807F0000  lwz     r3, 0x0(r31)
FFEBD964* 63C40000  ori     r4, r30, 0x0
FFEBD968* 3BA00000  li      r29, 0x0
FFEBD96C* 48007399  bl      sub_FFEC4D04
FFEBD970* 80410014  lwz     r2, 0x14(r1)
FFEBD974* B3BE000A  sth     r29, 0xA(r30)
FFEBD978* 4BFFEA51  bl      sub_FFEBC3C8
FFEBD97C* 60000000  nop
FFEBD980* 807F00C4  lwz     r3, 0xC4(r31)
FFEBD984* 63C50000  ori     r5, r30, 0x0
FFEBD988* 388000C1  li      r4, 0xC1
FFEBD98C* 48007151  bl      sub_FFEC4ADC
FFEBD990* 80410014  lwz     r2, 0x14(r1)
FFEBD994* 4BFFEB39  bl      sub_FFEBC4CC
FFEBD998* 60000000  nop
FFEBD99C* 480000F4  b       loc_FFEBDA90
loc_FFEBD9A0:
FFEBD9A0  63E30000  ori     r3, r31, 0x0
FFEBD9A4  3BA00000  li      r29, 0x0
FFEBD9A8  4BFFF7FD  bl      sub_FFEBD1A4
FFEBD9AC  60000000  nop
FFEBD9B0  B3BE000A  sth     r29, 0xA(r30)
FFEBD9B4  4BFFEA15  bl      sub_FFEBC3C8
FFEBD9B8  60000000  nop
FFEBD9BC  807F00C4  lwz     r3, 0xC4(r31)
FFEBD9C0  63C50000  ori     r5, r30, 0x0
FFEBD9C4  388000C1  li      r4, 0xC1
FFEBD9C8  48007115  bl      sub_FFEC4ADC
FFEBD9CC  80410014  lwz     r2, 0x14(r1)
FFEBD9D0  4BFFEAFD  bl      sub_FFEBC4CC
FFEBD9D4  60000000  nop
FFEBD9D8  480000B8  b       loc_FFEBDA90
loc_FFEBD9DC:
FFEBD9DC  63C30000  ori     r3, r30, 0x0
FFEBD9E0  63E40000  ori     r4, r31, 0x0
FFEBD9E4  4BFFF311  bl      sub_FFEBCCF4
FFEBD9E8  60000000  nop
FFEBD9EC  480000A4  b       loc_FFEBDA90
loc_FFEBD9F0:
FFEBD9F0  63C30000  ori     r3, r30, 0x0
FFEBD9F4  63E40000  ori     r4, r31, 0x0
FFEBD9F8  4BFFF9AD  bl      sub_FFEBD3A4
FFEBD9FC  60000000  nop
FFEBDA00  48000090  b       loc_FFEBDA90
loc_FFEBDA04:
FFEBDA04  63C30000  ori     r3, r30, 0x0
FFEBDA08  63E40000  ori     r4, r31, 0x0
FFEBDA0C  4BFFFB05  bl      sub_FFEBD510
FFEBDA10  60000000  nop
FFEBDA14  4800007C  b       loc_FFEBDA90
loc_FFEBDA18:
FFEBDA18  807F0240  lwz     r3, 0x240(r31)
FFEBDA1C  48006FB9  bl      sub_FFEC49D4
FFEBDA20  80410014  lwz     r2, 0x14(r1)
FFEBDA24  B07E000A  sth     r3, 0xA(r30)
FFEBDA28  48000068  b       loc_FFEBDA90
loc_FFEBDA2C:
FFEBDA2C* 2C090003  cmpwi   cr0, r9, 0x3
FFEBDA30* 4182FF18  beq     loc_FFEBD948
FFEBDA34* 2C090004  cmpwi   cr0, r9, 0x4
FFEBDA38* 4182FE24  beq     loc_FFEBD85C
FFEBDA3C* 2C090010  cmpwi   cr0, r9, 0x10
FFEBDA40* 4182FFB0  beq     loc_FFEBD9F0
FFEBDA44* 2C090011  cmpwi   cr0, r9, 0x11
FFEBDA48* 4182FF58  beq     loc_FFEBD9A0
FFEBDA4C* 2C090012  cmpwi   cr0, r9, 0x12
FFEBDA50* 4182FF8C  beq     loc_FFEBD9DC
FFEBDA54* 2C090013  cmpwi   cr0, r9, 0x13
FFEBDA58* 4182FFAC  beq     loc_FFEBDA04
FFEBDA5C* 2C090088  cmpwi   cr0, r9, 0x88
FFEBDA60* 4182FFB8  beq     loc_FFEBDA18
FFEBDA64* 3880E141  li      r4, -0x1EBF
FFEBDA68* B09E000A  sth     r4, 0xA(r30)
FFEBDA6C* 4BFFE95D  bl      sub_FFEBC3C8
FFEBDA70* 60000000  nop
FFEBDA74* 807F00C4  lwz     r3, 0xC4(r31)
FFEBDA78* 63C50000  ori     r5, r30, 0x0
FFEBDA7C* 388000C1  li      r4, 0xC1
FFEBDA80* 4800705D  bl      sub_FFEC4ADC
FFEBDA84* 80410014  lwz     r2, 0x14(r1)
FFEBDA88* 4BFFEA45  bl      sub_FFEBC4CC
FFEBDA8C* 60000000  nop
loc_FFEBDA90:
FFEBDA90* 809F0244  lwz     r4, 0x244(r31)
FFEBDA94* 2C040000  cmpwi   cr0, r4, 0x0
FFEBDA98* 41820010  beq     loc_FFEBDAA8
FFEBDA9C  63E30000  ori     r3, r31, 0x0
FFEBDAA0  4BFFFC0D  bl      sub_FFEBD6AC
FFEBDAA4  60000000  nop
loc_FFEBDAA8:
FFEBDAA8* 4BFFE921  bl      sub_FFEBC3C8
FFEBDAAC* 60000000  nop
FFEBDAB0* 80010060  lwz     r0, 0x60(r1)
FFEBDAB4* 30210058  addic   r1, r1, 0x58
FFEBDAB8* 7C0803A6  mtspr   LR, r0
FFEBDABC* BB61FFEC  lmw     r27, -0x14(r1)
FFEBDAC0* 4E800020  blr
FFEBDAC4? 7C0802A6  mfspr   r0, LR
FFEBDAC8? BF41FFE8  stmw    r26, -0x18(r1)
FFEBDACC? 90010008  stw     r0, 0x8(r1)
FFEBDAD0? 9421FFA8  stwu    r1, -0x58(r1)
FFEBDAD4? 609F0000  ori     r31, r4, 0x0
FFEBDAD8? 607D0000  ori     r29, r3, 0x0
FFEBDADC? 3B800001  li      r28, 0x1
FFEBDAE0? 33C10038  addic   r30, r1, 0x38
FFEBDAE4? 3B600000  li      r27, 0x0
FFEBDAE8? 3B400001  li      r26, 0x1
FFEBDAEC? 4BFFE9E1  bl      sub_FFEBC4CC
FFEBDAF0? 60000000  nop
FFEBDAF4? B39D000A  sth     r28, 0xA(r29)
FFEBDAF8? B39D00A0  sth     r28, 0xA0(r29)
FFEBDAFC? 9B7E0000  stb     r27, 0x0(r30)
FFEBDB00? 819F002C  lwz     r12, 0x2C(r31)
FFEBDB04? 809F0000  lwz     r4, 0x0(r31)
FFEBDB08? 63C30000  ori     r3, r30, 0x0
FFEBDB0C? 480071F9  bl      sub_FFEC4D04
FFEBDB10? 80410014  lwz     r2, 0x14(r1)
FFEBDB14? 63E30000  ori     r3, r31, 0x0
FFEBDB18? 48003671  bl      sub_FFEC1188
FFEBDB1C? 60000000  nop
FFEBDB20? 9B5E0000  stb     r26, 0x0(r30)
FFEBDB24? 819F002C  lwz     r12, 0x2C(r31)
FFEBDB28? 809F0000  lwz     r4, 0x0(r31)
FFEBDB2C? 63C30000  ori     r3, r30, 0x0
FFEBDB30? 480071D5  bl      sub_FFEC4D04
FFEBDB34? 80410014  lwz     r2, 0x14(r1)
FFEBDB38? 801F0244  lwz     r0, 0x244(r31)
FFEBDB3C? 2F000000  cmpwi   cr6, r0, 0x0
FFEBDB40? 419A0064  beq     cr6, loc_FFEBDBA4
FFEBDB44? 409A0018  bne     cr6, loc_FFEBDB5C
FFEBDB48? 819F0014  lwz     r12, 0x14(r31)
FFEBDB4C? 807F0000  lwz     r3, 0x0(r31)
FFEBDB50? 480071B5  bl      sub_FFEC4D04
FFEBDB54? 80410014  lwz     r2, 0x14(r1)
FFEBDB58? 4800004C  b       loc_FFEBDBA4
loc_FFEBDB5C:
FFEBDB5C? 48000008  b       loc_FFEBDB64
loc_FFEBDB60:
FFEBDB60? 41820044  beq     loc_FFEBDBA4
loc_FFEBDB64:
FFEBDB64? 819F0014  lwz     r12, 0x14(r31)
FFEBDB68? 807F0000  lwz     r3, 0x0(r31)
FFEBDB6C? 48007199  bl      sub_FFEC4D04
FFEBDB70? 80410014  lwz     r2, 0x14(r1)
FFEBDB74? 60690000  ori     r9, r3, 0x0
FFEBDB78? 2C090000  cmpwi   cr0, r9, 0x0
FFEBDB7C? 83FF0244  lwz     r31, 0x244(r31)
FFEBDB80? 4082001C  bne     loc_FFEBDB9C
FFEBDB84? 819F0014  lwz     r12, 0x14(r31)
FFEBDB88? 807F0000  lwz     r3, 0x0(r31)
FFEBDB8C? 48007179  bl      sub_FFEC4D04
FFEBDB90? 80410014  lwz     r2, 0x14(r1)
FFEBDB94? 60690000  ori     r9, r3, 0x0
FFEBDB98? 83FF0244  lwz     r31, 0x244(r31)
loc_FFEBDB9C:
FFEBDB9C? 2C090000  cmpwi   cr0, r9, 0x0
FFEBDBA0? 4BFFFFC0  b       loc_FFEBDB60
loc_FFEBDBA4:
FFEBDBA4? 4BFFE825  bl      sub_FFEBC3C8
FFEBDBA8? 60000000  nop
FFEBDBAC? 80010060  lwz     r0, 0x60(r1)
FFEBDBB0? 30210058  addic   r1, r1, 0x58
FFEBDBB4? 7C0803A6  mtspr   LR, r0
FFEBDBB8? BB41FFE8  lmw     r26, -0x18(r1)
FFEBDBBC? 4E800020  blr
FFEBDBC0* 7C0802A6  mfspr   r0, LR
FFEBDBC4* 90010008  stw     r0, 0x8(r1)
FFEBDBC8* 9421FFC8  stwu    r1, -0x38(r1)
FFEBDBCC* 81830010  lwz     r12, 0x10(r3)
FFEBDBD0* 606B0000  ori     r11, r3, 0x0
FFEBDBD4* 806B0000  lwz     r3, 0x0(r11)
FFEBDBD8* 4800712D  bl      sub_FFEC4D04
FFEBDBDC* 80410014  lwz     r2, 0x14(r1)
FFEBDBE0* 80010040  lwz     r0, 0x40(r1)
FFEBDBE4* 30210038  addic   r1, r1, 0x38
FFEBDBE8* 7C0803A6  mtspr   LR, r0
FFEBDBEC* 4E800020  blr
FFEBDBF0? 7C0802A6  mfspr   r0, LR
FFEBDBF4? BFA1FFF4  stmw    r29, -0xC(r1)
FFEBDBF8? 90010008  stw     r0, 0x8(r1)
FFEBDBFC? 9421FFB8  stwu    r1, -0x48(r1)
FFEBDC00? 607F0000  ori     r31, r3, 0x0
FFEBDC04? 38800001  li      r4, 0x1
FFEBDC08? 989F0084  stb     r4, 0x84(r31)
FFEBDC0C? 33C10038  addic   r30, r1, 0x38
FFEBDC10? 4BFFEC9D  bl      sub_FFEBC8AC
FFEBDC14? 60000000  nop
FFEBDC18? 2C030000  cmpwi   cr0, r3, 0x0
FFEBDC1C? 41820048  beq     loc_FFEBDC64
FFEBDC20? 38800000  li      r4, 0x0
FFEBDC24? 989E0000  stb     r4, 0x0(r30)
FFEBDC28? 819F002C  lwz     r12, 0x2C(r31)
FFEBDC2C? 809F0000  lwz     r4, 0x0(r31)
FFEBDC30? 63C30000  ori     r3, r30, 0x0
FFEBDC34? 3BA00001  li      r29, 0x1
FFEBDC38? 480070CD  bl      sub_FFEC4D04
FFEBDC3C? 80410014  lwz     r2, 0x14(r1)
FFEBDC40? 63E30000  ori     r3, r31, 0x0
FFEBDC44? 48003545  bl      sub_FFEC1188
FFEBDC48? 60000000  nop
FFEBDC4C? 9BBE0000  stb     r29, 0x0(r30)
FFEBDC50? 819F002C  lwz     r12, 0x2C(r31)
FFEBDC54? 809F0000  lwz     r4, 0x0(r31)
FFEBDC58? 63C30000  ori     r3, r30, 0x0
FFEBDC5C? 480070A9  bl      sub_FFEC4D04
FFEBDC60? 80410014  lwz     r2, 0x14(r1)
loc_FFEBDC64:
FFEBDC64? 80010050  lwz     r0, 0x50(r1)
FFEBDC68? 30210048  addic   r1, r1, 0x48
FFEBDC6C? 7C0803A6  mtspr   LR, r0
FFEBDC70? BBA1FFF4  lmw     r29, -0xC(r1)
FFEBDC74? 4E800020  blr

sub_FFEBDC78:
FFEBDC78  38A00001  li      r5, 0x1
FFEBDC7C  B0A4029E  sth     r5, 0x29E(r4)
FFEBDC80  38C00003  li      r6, 0x3
FFEBDC84  98C402D8  stb     r6, 0x2D8(r4)
FFEBDC88  88E3000F  lbz     r7, 0xF(r3)
FFEBDC8C  39600000  li      r11, 0x0
FFEBDC90  54E72834  slwi    r7, r7, 5
FFEBDC94  98E402D9  stb     r7, 0x2D9(r4)
FFEBDC98  996402DA  stb     r11, 0x2DA(r4)
FFEBDC9C  996402DB  stb     r11, 0x2DB(r4)
FFEBDCA0  89230034  lbz     r9, 0x34(r3)
FFEBDCA4  39400006  li      r10, 0x6
FFEBDCA8  992402DC  stb     r9, 0x2DC(r4)
FFEBDCAC  996402DD  stb     r11, 0x2DD(r4)
FFEBDCB0  994402C9  stb     r10, 0x2C9(r4)
FFEBDCB4  39800100  li      r12, 0x100
FFEBDCB8  B184029A  sth     r12, 0x29A(r4)
FFEBDCBC  80030030  lwz     r0, 0x30(r3)
FFEBDCC0  900402BC  stw     r0, 0x2BC(r4)
FFEBDCC4  88030034  lbz     r0, 0x34(r3)
FFEBDCC8  900402C0  stw     r0, 0x2C0(r4)
FFEBDCCC  A003005E  lhz     r0, 0x5E(r3)
FFEBDCD0  540005EF  rlwinm. r0, r0, 0, 23, 23
FFEBDCD4  41820020  beq     loc_FFEBDCF4
FFEBDCD8  88A3000E  lbz     r5, 0xE(r3)
FFEBDCDC  7CC52014  addc    r6, r5, r4
FFEBDCE0  88E600D4  lbz     r7, 0xD4(r6)
FFEBDCE4  2C070000  cmpwi   cr0, r7, 0x0
FFEBDCE8  4182000C  beq     loc_FFEBDCF4
FFEBDCEC  3CA00040  lis     r5, 0x0040
FFEBDCF0  90A402A8  stw     r5, 0x2A8(r4)
loc_FFEBDCF4:
FFEBDCF4  80A30014  lwz     r5, 0x14(r3)
FFEBDCF8  80C402A8  lwz     r6, 0x2A8(r4)
FFEBDCFC  54A5039E  rlwinm  r5, r5, 0, 14, 15
FFEBDD00  7CC72B78  or      r7, r6, r5
FFEBDD04  64EA4010  oris    r10, r7, 0x4010
FFEBDD08  914402A8  stw     r10, 0x2A8(r4)
FFEBDD0C  A183005E  lhz     r12, 0x5E(r3)
FFEBDD10  558804E7  rlwinm. r8, r12, 0, 19, 19
FFEBDD14  41820010  beq     loc_FFEBDD24
FFEBDD18  61452000  ori     r5, r10, 0x2000
FFEBDD1C  90A402A8  stw     r5, 0x2A8(r4)
FFEBDD20  A183005E  lhz     r12, 0x5E(r3)
loc_FFEBDD24:
FFEBDD24  5585073A  rlwinm  r5, r12, 0, 28, 29
FFEBDD28  60A50002  ori     r5, r5, 0x2
FFEBDD2C  B0A402F2  sth     r5, 0x2F2(r4)
FFEBDD30  80C3000C  lwz     r6, 0xC(r3)
FFEBDD34  39800001  li      r12, 0x1
FFEBDD38  90C402A0  stw     r6, 0x2A0(r4)
FFEBDD3C  906402AC  stw     r3, 0x2AC(r4)
FFEBDD40  80E2FF9C  lwz     r7, -0x64(r2)
FFEBDD44  90E402A4  stw     r7, 0x2A4(r4)
FFEBDD48  810402A8  lwz     r8, 0x2A8(r4)
FFEBDD4C  550804A5  rlwinm. r8, r8, 0, 18, 18
FFEBDD50  4182000C  beq     loc_FFEBDD5C
FFEBDD54  996402FB  stb     r11, 0x2FB(r4)
FFEBDD58  48000008  b       loc_FFEBDD60
loc_FFEBDD5C:
FFEBDD5C  998402FB  stb     r12, 0x2FB(r4)
loc_FFEBDD60:
FFEBDD60  9984029C  stb     r12, 0x29C(r4)
FFEBDD64  4E800020  blr

sub_FFEBDD68:
FFEBDD68* 7C0802A6  mfspr   r0, LR
FFEBDD6C* BF41FFE8  stmw    r26, -0x18(r1)
FFEBDD70* 90010008  stw     r0, 0x8(r1)
FFEBDD74* 9421FFB0  stwu    r1, -0x50(r1)
FFEBDD78* 60BE0000  ori     r30, r5, 0x0
FFEBDD7C* 609F0000  ori     r31, r4, 0x0
FFEBDD80* 339E0294  addic   r28, r30, 0x294
FFEBDD84* 7C1FE040  cmplw   r31, r28
FFEBDD88* 7C7D0734  extsh   r29, r3
FFEBDD8C* 40820054  bne     loc_FFEBDDE0
FFEBDD90  2C1D0000  cmpwi   cr0, r29, 0x0
FFEBDD94  813F0018  lwz     r9, 0x18(r31)
FFEBDD98  40820010  bne     loc_FFEBDDA8
FFEBDD9C  A0690024  lhz     r3, 0x24(r9)
FFEBDDA0  60630002  ori     r3, r3, 0x2
FFEBDDA4  B0690024  sth     r3, 0x24(r9)
loc_FFEBDDA8:
FFEBDDA8  A06900BE  lhz     r3, 0xBE(r9)
FFEBDDAC  61240000  ori     r4, r9, 0x0
FFEBDDB0  60630080  ori     r3, r3, 0x80
FFEBDDB4  B06900BE  sth     r3, 0xBE(r9)
FFEBDDB8  A86400DC  lha     r3, 0xDC(r4)
FFEBDDBC  63C50000  ori     r5, r30, 0x0
FFEBDDC0  4BFFFFA9  bl      sub_FFEBDD68
FFEBDDC4  60000000  nop
FFEBDDC8  38600000  li      r3, 0x0
FFEBDDCC  80010058  lwz     r0, 0x58(r1)
FFEBDDD0  30210050  addic   r1, r1, 0x50
FFEBDDD4  7C0803A6  mtspr   LR, r0
FFEBDDD8  BB41FFE8  lmw     r26, -0x18(r1)
FFEBDDDC  4E800020  blr
loc_FFEBDDE0:
FFEBDDE0* A0BF00BE  lhz     r5, 0xBE(r31)
FFEBDDE4* 54A50631  rlwinm. r5, r5, 0, 24, 24
FFEBDDE8* 408200A8  bne     loc_FFEBDE90
FFEBDDEC* 88BF003C  lbz     r5, 0x3C(r31)
FFEBDDF0* 2C050002  cmpwi   cr0, r5, 0x2
FFEBDDF4* 4082009C  bne     loc_FFEBDE90
FFEBDDF8  80BF0014  lwz     r5, 0x14(r31)
FFEBDDFC  54A50085  rlwinm. r5, r5, 0, 2, 2
FFEBDE00  40820090  bne     loc_FFEBDE90
FFEBDE04  88BF0034  lbz     r5, 0x34(r31)
FFEBDE08  2C050000  cmpwi   cr0, r5, 0x0
FFEBDE0C  41820084  beq     loc_FFEBDE90
FFEBDE10  3B400007  li      r26, 0x7
FFEBDE14  4BFFE335  bl      sub_FFEBC148
FFEBDE18  60000000  nop
FFEBDE1C  A01E00AC  lhz     r0, 0xAC(r30)
FFEBDE20  547B043E  clrlwi  r27, r3, 16
FFEBDE24  30000001  addic   r0, r0, 0x1
FFEBDE28  B01E00AC  sth     r0, 0xAC(r30)
FFEBDE2C  B35F00BC  sth     r26, 0xBC(r31)
FFEBDE30  B3BF00DC  sth     r29, 0xDC(r31)
FFEBDE34  881E0085  lbz     r0, 0x85(r30)
FFEBDE38  2C000000  cmpwi   cr0, r0, 0x0
FFEBDE3C  4082002C  bne     loc_FFEBDE68
FFEBDE40  38A00001  li      r5, 0x1
FFEBDE44  98BE0085  stb     r5, 0x85(r30)
FFEBDE48  63E30000  ori     r3, r31, 0x0
FFEBDE4C  63C40000  ori     r4, r30, 0x0
FFEBDE50  4BFFFE29  bl      sub_FFEBDC78
FFEBDE54  60000000  nop
FFEBDE58  63830000  ori     r3, r28, 0x0
FFEBDE5C  63C40000  ori     r4, r30, 0x0
FFEBDE60  480028C9  bl      sub_FFEC0728
FFEBDE64  60000000  nop
loc_FFEBDE68:
FFEBDE68  63630000  ori     r3, r27, 0x0
FFEBDE6C  7C630734  extsh   r3, r3
FFEBDE70  4BFFE319  bl      sub_FFEBC188
FFEBDE74  60000000  nop
FFEBDE78  38600001  li      r3, 0x1
FFEBDE7C  80010058  lwz     r0, 0x58(r1)
FFEBDE80  30210050  addic   r1, r1, 0x50
FFEBDE84  7C0803A6  mtspr   LR, r0
FFEBDE88  BB41FFE8  lmw     r26, -0x18(r1)
FFEBDE8C  4E800020  blr
loc_FFEBDE90:
FFEBDE90* 2C1D0000  cmpwi   cr0, r29, 0x0
FFEBDE94* 813F0014  lwz     r9, 0x14(r31)
FFEBDE98* 40820018  bne     loc_FFEBDEB0
FFEBDE9C  887F003C  lbz     r3, 0x3C(r31)
FFEBDEA0  2C030000  cmpwi   cr0, r3, 0x0
FFEBDEA4  4082000C  bne     loc_FFEBDEB0
FFEBDEA8  55230319  rlwinm. r3, r9, 0, 12, 12
FFEBDEAC  4182003C  beq     loc_FFEBDEE8
loc_FFEBDEB0:
FFEBDEB0* 5523035A  rlwinm  r3, r9, 0, 13, 13
FFEBDEB4* 28030000  cmplwi  cr0, r3, 0x0
FFEBDEB8* 40820030  bne     loc_FFEBDEE8
FFEBDEBC  887F000E  lbz     r3, 0xE(r31)
FFEBDEC0  88BF000F  lbz     r5, 0xF(r31)
FFEBDEC4  54631838  slwi    r3, r3, 3
FFEBDEC8  7C9E1814  addc    r4, r30, r3
FFEBDECC  7CC42814  addc    r6, r4, r5
FFEBDED0  88E601E4  lbz     r7, 0x1E4(r6)
FFEBDED4  60E70002  ori     r7, r7, 0x2
FFEBDED8  98E601E4  stb     r7, 0x1E4(r6)
FFEBDEDC  A11F0024  lhz     r8, 0x24(r31)
FFEBDEE0  61080001  ori     r8, r8, 0x1
FFEBDEE4  B11F0024  sth     r8, 0x24(r31)
loc_FFEBDEE8:
FFEBDEE8* 38600000  li      r3, 0x0
FFEBDEEC* 80010058  lwz     r0, 0x58(r1)
FFEBDEF0* 30210050  addic   r1, r1, 0x50
FFEBDEF4* 7C0803A6  mtspr   LR, r0
FFEBDEF8* BB41FFE8  lmw     r26, -0x18(r1)
FFEBDEFC* 4E800020  blr

sub_FFEBDF00:
FFEBDF00* 7C0802A6  mfspr   r0, LR
FFEBDF04* BF61FFEC  stmw    r27, -0x14(r1)
FFEBDF08* 90010008  stw     r0, 0x8(r1)
FFEBDF0C* 9421FFB0  stwu    r1, -0x50(r1)
FFEBDF10* 609E0000  ori     r30, r4, 0x0
FFEBDF14* 2C1E0000  cmpwi   cr0, r30, 0x0
FFEBDF18* 3D007FFF  lis     r8, 0x7FFF
FFEBDF1C* 60BF0000  ori     r31, r5, 0x0
FFEBDF20* 7C7C0734  extsh   r28, r3
FFEBDF24* 33A10038  addic   r29, r1, 0x38
FFEBDF28* 39200000  li      r9, 0x0
FFEBDF2C* 6108FFFF  ori     r8, r8, 0xFFFF
FFEBDF30* 4182004C  beq     loc_FFEBDF7C
FFEBDF34* 63C40000  ori     r4, r30, 0x0
FFEBDF38* 63E50000  ori     r5, r31, 0x0
FFEBDF3C* 63830000  ori     r3, r28, 0x0
FFEBDF40* 3B600000  li      r27, 0x0
FFEBDF44* 4BFFFE25  bl      sub_FFEBDD68
FFEBDF48* 60000000  nop
FFEBDF4C* B37F0088  sth     r27, 0x88(r31)
FFEBDF50* 801F0080  lwz     r0, 0x80(r31)
FFEBDF54* 2C030000  cmpwi   cr0, r3, 0x0
FFEBDF58* 5400007E  clrlwi  r0, r0, 1
FFEBDF5C* 901F0080  stw     r0, 0x80(r31)
FFEBDF60* 4082002C  bne     loc_FFEBDF8C
FFEBDF64* 63C40000  ori     r4, r30, 0x0
FFEBDF68* 63E50000  ori     r5, r31, 0x0
FFEBDF6C* 63830000  ori     r3, r28, 0x0
FFEBDF70* 4BFFEFD5  bl      sub_FFEBCF44
FFEBDF74* 60000000  nop
FFEBDF78* 48000014  b       loc_FFEBDF8C
loc_FFEBDF7C:
FFEBDF7C  B13F0088  sth     r9, 0x88(r31)
FFEBDF80  809F0080  lwz     r4, 0x80(r31)
FFEBDF84  7D052038  and     r5, r8, r4
FFEBDF88  90BF0080  stw     r5, 0x80(r31)
loc_FFEBDF8C:
FFEBDF8C* 63E30000  ori     r3, r31, 0x0
FFEBDF90* 4BFFE91D  bl      sub_FFEBC8AC
FFEBDF94* 60000000  nop
FFEBDF98* 2C030000  cmpwi   cr0, r3, 0x0
FFEBDF9C* 41820048  beq     loc_FFEBDFE4
FFEBDFA0  38800000  li      r4, 0x0
FFEBDFA4  989D0000  stb     r4, 0x0(r29)
FFEBDFA8  819F002C  lwz     r12, 0x2C(r31)
FFEBDFAC  809F0000  lwz     r4, 0x0(r31)
FFEBDFB0  63A30000  ori     r3, r29, 0x0
FFEBDFB4  3BC00001  li      r30, 0x1
FFEBDFB8  48006D4D  bl      sub_FFEC4D04
FFEBDFBC  80410014  lwz     r2, 0x14(r1)
FFEBDFC0  63E30000  ori     r3, r31, 0x0
FFEBDFC4  480031C5  bl      sub_FFEC1188
FFEBDFC8  60000000  nop
FFEBDFCC  9BDD0000  stb     r30, 0x0(r29)
FFEBDFD0  819F002C  lwz     r12, 0x2C(r31)
FFEBDFD4  809F0000  lwz     r4, 0x0(r31)
FFEBDFD8  63A30000  ori     r3, r29, 0x0
FFEBDFDC  48006D29  bl      sub_FFEC4D04
FFEBDFE0  80410014  lwz     r2, 0x14(r1)
loc_FFEBDFE4:
FFEBDFE4* 80010058  lwz     r0, 0x58(r1)
FFEBDFE8* 30210050  addic   r1, r1, 0x50
FFEBDFEC* 7C0803A6  mtspr   LR, r0
FFEBDFF0* BB61FFEC  lmw     r27, -0x14(r1)
FFEBDFF4* 4E800020  blr
FFEBDFF8? 7C0802A6  mfspr   r0, LR
FFEBDFFC? BF41FFE8  stmw    r26, -0x18(r1)
FFEBE000? 90010008  stw     r0, 0x8(r1)
FFEBE004? 9421FFA8  stwu    r1, -0x58(r1)
FFEBE008? 607E0000  ori     r30, r3, 0x0
FFEBE00C? 3B600008  li      r27, 0x8
FFEBE010? 33A10038  addic   r29, r1, 0x38
FFEBE014? 4BFFE4B9  bl      sub_FFEBC4CC
FFEBE018? 60000000  nop
FFEBE01C? 839E0018  lwz     r28, 0x18(r30)
FFEBE020? 83FE00B0  lwz     r31, 0xB0(r30)
FFEBE024? 801E0040  lwz     r0, 0x40(r30)
FFEBE028? 981C003D  stb     r0, 0x3D(r28)
FFEBE02C? B37C00BC  sth     r27, 0xBC(r28)
FFEBE030? 4BFFE119  bl      sub_FFEBC148
FFEBE034? 60000000  nop
FFEBE038? A01F00AC  lhz     r0, 0xAC(r31)
FFEBE03C? 547B043E  clrlwi  r27, r3, 16
FFEBE040? 3000FFFF  addic   r0, r0, -0x1
FFEBE044? 5400043F  clrlwi. r0, r0, 16
FFEBE048? B01F00AC  sth     r0, 0xAC(r31)
FFEBE04C? 408100BC  ble     loc_FFEBE108
FFEBE050? 63E30000  ori     r3, r31, 0x0
FFEBE054? 48002C8D  bl      sub_FFEC0CE0
FFEBE058? 60000000  nop
FFEBE05C? 607A0000  ori     r26, r3, 0x0
FFEBE060? 2C1A0000  cmpwi   cr0, r26, 0x0
FFEBE064? 40820018  bne     loc_FFEBE07C
FFEBE068? 38600000  li      r3, 0x0
FFEBE06C? B07F00AC  sth     r3, 0xAC(r31)
FFEBE070? 38800000  li      r4, 0x0
FFEBE074? 989F0085  stb     r4, 0x85(r31)
FFEBE078? 48000098  b       loc_FFEBE110
loc_FFEBE07C:
FFEBE07C? 4BFFE451  bl      sub_FFEBC4CC
FFEBE080? 60000000  nop
FFEBE084? 63430000  ori     r3, r26, 0x0
FFEBE088? 63E40000  ori     r4, r31, 0x0
FFEBE08C? 4BFFFBED  bl      sub_FFEBDC78
FFEBE090? 60000000  nop
FFEBE094? 63C30000  ori     r3, r30, 0x0
FFEBE098? 63E40000  ori     r4, r31, 0x0
FFEBE09C? 4800268D  bl      sub_FFEC0728
FFEBE0A0? 60000000  nop
FFEBE0A4? 63E30000  ori     r3, r31, 0x0
FFEBE0A8? 4BFFE805  bl      sub_FFEBC8AC
FFEBE0AC? 60000000  nop
FFEBE0B0? 2C030000  cmpwi   cr0, r3, 0x0
FFEBE0B4? 41820048  beq     loc_FFEBE0FC
FFEBE0B8? 38A00000  li      r5, 0x0
FFEBE0BC? 98BD0000  stb     r5, 0x0(r29)
FFEBE0C0? 819F002C  lwz     r12, 0x2C(r31)
FFEBE0C4? 809F0000  lwz     r4, 0x0(r31)
FFEBE0C8? 63A30000  ori     r3, r29, 0x0
FFEBE0CC? 3BC00001  li      r30, 0x1
FFEBE0D0? 48006C35  bl      sub_FFEC4D04
FFEBE0D4? 80410014  lwz     r2, 0x14(r1)
FFEBE0D8? 63E30000  ori     r3, r31, 0x0
FFEBE0DC? 480030AD  bl      sub_FFEC1188
FFEBE0E0? 60000000  nop
FFEBE0E4? 9BDD0000  stb     r30, 0x0(r29)
FFEBE0E8? 819F002C  lwz     r12, 0x2C(r31)
FFEBE0EC? 809F0000  lwz     r4, 0x0(r31)
FFEBE0F0? 63A30000  ori     r3, r29, 0x0
FFEBE0F4? 48006C11  bl      sub_FFEC4D04
FFEBE0F8? 80410014  lwz     r2, 0x14(r1)
loc_FFEBE0FC:
FFEBE0FC? 4BFFE2CD  bl      sub_FFEBC3C8
FFEBE100? 60000000  nop
FFEBE104? 4800000C  b       loc_FFEBE110
loc_FFEBE108:
FFEBE108? 38600000  li      r3, 0x0
FFEBE10C? 987F0085  stb     r3, 0x85(r31)
loc_FFEBE110:
FFEBE110? 7F630734  extsh   r3, r27
FFEBE114? 4BFFE075  bl      sub_FFEBC188
FFEBE118? 60000000  nop
FFEBE11C? A87C00DC  lha     r3, 0xDC(r28)
FFEBE120? 63840000  ori     r4, r28, 0x0
FFEBE124? 63E50000  ori     r5, r31, 0x0
FFEBE128? 4BFFEE1D  bl      sub_FFEBCF44
FFEBE12C? 60000000  nop
FFEBE130? 4BFFE299  bl      sub_FFEBC3C8
FFEBE134? 60000000  nop
FFEBE138? 80010060  lwz     r0, 0x60(r1)
FFEBE13C? 30210058  addic   r1, r1, 0x58
FFEBE140? 7C0803A6  mtspr   LR, r0
FFEBE144? BB41FFE8  lmw     r26, -0x18(r1)
FFEBE148? 4E800020  blr
FFEBE14C? 7C0802A6  mfspr   r0, LR
FFEBE150? BF81FFF0  stmw    r28, -0x10(r1)
FFEBE154? 90010008  stw     r0, 0x8(r1)
FFEBE158? 9421FFB0  stwu    r1, -0x50(r1)
FFEBE15C? 83E300B0  lwz     r31, 0xB0(r3)
FFEBE160? 33A10038  addic   r29, r1, 0x38
FFEBE164? 83DF0078  lwz     r30, 0x78(r31)
FFEBE168? 63E50000  ori     r5, r31, 0x0
FFEBE16C? 2C1E0000  cmpwi   cr0, r30, 0x0
FFEBE170? 3B800000  li      r28, 0x0
FFEBE174? 40820014  bne     loc_FFEBE188
FFEBE178? 3860000E  li      r3, 0xE
FFEBE17C? 48006931  bl      sub_FFEC4AAC
FFEBE180? 80410014  lwz     r2, 0x14(r1)
FFEBE184? 48000034  b       loc_FFEBE1B8
loc_FFEBE188:
FFEBE188? 808300C4  lwz     r4, 0xC4(r3)
FFEBE18C? 7C1E2040  cmplw   r30, r4
FFEBE190? 4082001C  bne     loc_FFEBE1AC
FFEBE194? 30650078  addic   r3, r5, 0x78
FFEBE198? 63C40000  ori     r4, r30, 0x0
FFEBE19C? 4800278D  bl      sub_FFEC0928
FFEBE1A0? 60000000  nop
FFEBE1A4? 939E0000  stw     r28, 0x0(r30)
FFEBE1A8? 48000010  b       loc_FFEBE1B8
loc_FFEBE1AC:
FFEBE1AC? 3860000E  li      r3, 0xE
FFEBE1B0? 480068FD  bl      sub_FFEC4AAC
FFEBE1B4? 80410014  lwz     r2, 0x14(r1)
loc_FFEBE1B8:
FFEBE1B8? 83DF0078  lwz     r30, 0x78(r31)
FFEBE1BC? 2C1E0000  cmpwi   cr0, r30, 0x0
FFEBE1C0? 41820090  beq     loc_FFEBE250
FFEBE1C4? 4BFFE309  bl      sub_FFEBC4CC
FFEBE1C8? 60000000  nop
FFEBE1CC? 887E000E  lbz     r3, 0xE(r30)
FFEBE1D0? 63E40000  ori     r4, r31, 0x0
FFEBE1D4? 4BFFEAC1  bl      sub_FFEBCC94
FFEBE1D8? 60000000  nop
FFEBE1DC? 63E40000  ori     r4, r31, 0x0
FFEBE1E0? 307F0394  addic   r3, r31, 0x394
FFEBE1E4? 48002545  bl      sub_FFEC0728
FFEBE1E8? 60000000  nop
FFEBE1EC? 93DF0458  stw     r30, 0x458(r31)
FFEBE1F0? 63E30000  ori     r3, r31, 0x0
FFEBE1F4? 4BFFE6B9  bl      sub_FFEBC8AC
FFEBE1F8? 60000000  nop
FFEBE1FC? 2C030000  cmpwi   cr0, r3, 0x0
FFEBE200? 41820048  beq     loc_FFEBE248
FFEBE204? 38800000  li      r4, 0x0
FFEBE208? 989D0000  stb     r4, 0x0(r29)
FFEBE20C? 819F002C  lwz     r12, 0x2C(r31)
FFEBE210? 809F0000  lwz     r4, 0x0(r31)
FFEBE214? 63A30000  ori     r3, r29, 0x0
FFEBE218? 3BC00001  li      r30, 0x1
FFEBE21C? 48006AE9  bl      sub_FFEC4D04
FFEBE220? 80410014  lwz     r2, 0x14(r1)
FFEBE224? 63E30000  ori     r3, r31, 0x0
FFEBE228? 48002F61  bl      sub_FFEC1188
FFEBE22C? 60000000  nop
FFEBE230? 9BDD0000  stb     r30, 0x0(r29)
FFEBE234? 819F002C  lwz     r12, 0x2C(r31)
FFEBE238? 809F0000  lwz     r4, 0x0(r31)
FFEBE23C? 63A30000  ori     r3, r29, 0x0
FFEBE240? 48006AC5  bl      sub_FFEC4D04
FFEBE244? 80410014  lwz     r2, 0x14(r1)
loc_FFEBE248:
FFEBE248? 4BFFE181  bl      sub_FFEBC3C8
FFEBE24C? 60000000  nop
loc_FFEBE250:
FFEBE250? 80010058  lwz     r0, 0x58(r1)
FFEBE254? 30210050  addic   r1, r1, 0x50
FFEBE258? 7C0803A6  mtspr   LR, r0
FFEBE25C? BB81FFF0  lmw     r28, -0x10(r1)
FFEBE260? 4E800020  blr

sub_FFEBE264:
FFEBE264  7C0802A6  mfspr   r0, LR
FFEBE268  BF41FFE8  stmw    r26, -0x18(r1)
FFEBE26C  90010008  stw     r0, 0x8(r1)
FFEBE270  9421FFB0  stwu    r1, -0x50(r1)
FFEBE274  607F0000  ori     r31, r3, 0x0
FFEBE278  38800000  li      r4, 0x0
FFEBE27C  989F0084  stb     r4, 0x84(r31)
FFEBE280  893F009D  lbz     r9, 0x9D(r31)
FFEBE284  2C09000B  cmpwi   cr0, r9, 0xB
FFEBE288  4082012C  bne     loc_FFEBE3B4
FFEBE28C  A09F0098  lhz     r4, 0x98(r31)
FFEBE290  33DF008C  addic   r30, r31, 0x8C
FFEBE294  5484063E  clrlwi  r4, r4, 24
FFEBE298  989F008A  stb     r4, 0x8A(r31)
FFEBE29C  88BF00A0  lbz     r5, 0xA0(r31)
FFEBE2A0  54842834  slwi    r4, r4, 5
FFEBE2A4  54A5077E  clrlwi  r5, r5, 29
FFEBE2A8  54A5063E  clrlwi  r5, r5, 24
FFEBE2AC  98BF008B  stb     r5, 0x8B(r31)
FFEBE2B0  7CC4F814  addc    r6, r4, r31
FFEBE2B4  54A5103A  slwi    r5, r5, 2
FFEBE2B8  7D262814  addc    r9, r6, r5
FFEBE2BC  814900E4  lwz     r10, 0xE4(r9)
FFEBE2C0  39000000  li      r8, 0x0
FFEBE2C4  915F0090  stw     r10, 0x90(r31)
FFEBE2C8  2C0A0000  cmpwi   cr0, r10, 0x0
FFEBE2CC  3BA00004  li      r29, 0x4
FFEBE2D0  40820048  bne     loc_FFEBE318
FFEBE2D4  38800007  li      r4, 0x7
FFEBE2D8  B09F0088  sth     r4, 0x88(r31)
FFEBE2DC  819F0020  lwz     r12, 0x20(r31)
FFEBE2E0  807F0000  lwz     r3, 0x0(r31)
FFEBE2E4  3BA00004  li      r29, 0x4
FFEBE2E8  48006A1D  bl      sub_FFEC4D04
FFEBE2EC  80410014  lwz     r2, 0x14(r1)
FFEBE2F0  B3BF0094  sth     r29, 0x94(r31)
FFEBE2F4  819F000C  lwz     r12, 0xC(r31)
FFEBE2F8  63C30000  ori     r3, r30, 0x0
FFEBE2FC  48006A09  bl      sub_FFEC4D04
FFEBE300  80410014  lwz     r2, 0x14(r1)
FFEBE304  80010058  lwz     r0, 0x58(r1)
FFEBE308  30210050  addic   r1, r1, 0x50
FFEBE30C  7C0803A6  mtspr   LR, r0
FFEBE310  BB41FFE8  lmw     r26, -0x18(r1)
FFEBE314  4E800020  blr
loc_FFEBE318:
FFEBE318  910900E4  stw     r8, 0xE4(r9)
FFEBE31C  889F008A  lbz     r4, 0x8A(r31)
FFEBE320  88DF008B  lbz     r6, 0x8B(r31)
FFEBE324  54841838  slwi    r4, r4, 3
FFEBE328  7CA4F814  addc    r5, r4, r31
FFEBE32C  7CE53014  addc    r7, r5, r6
FFEBE330  894701E4  lbz     r10, 0x1E4(r7)
FFEBE334  3B800006  li      r28, 0x6
FFEBE338  554A003C  clrrwi  r10, r10, 1
FFEBE33C  994701E4  stb     r10, 0x1E4(r7)
FFEBE340  817F0090  lwz     r11, 0x90(r31)
FFEBE344  819F0028  lwz     r12, 0x28(r31)
FFEBE348  880B000E  lbz     r0, 0xE(r11)
FFEBE34C  80BF0000  lwz     r5, 0x0(r31)
FFEBE350  7D60F814  addc    r11, r0, r31
FFEBE354  886B00D4  lbz     r3, 0xD4(r11)
FFEBE358  888B00DC  lbz     r4, 0xDC(r11)
FFEBE35C  3B600012  li      r27, 0x12
FFEBE360  3B400000  li      r26, 0x0
FFEBE364  480069A1  bl      sub_FFEC4D04
FFEBE368  80410014  lwz     r2, 0x14(r1)
FFEBE36C  B39F0088  sth     r28, 0x88(r31)
FFEBE370  839F0090  lwz     r28, 0x90(r31)
FFEBE374  63C30000  ori     r3, r30, 0x0
FFEBE378  B35C00B8  sth     r26, 0xB8(r28)
FFEBE37C  B37F0094  sth     r27, 0x94(r31)
FFEBE380  819F000C  lwz     r12, 0xC(r31)
FFEBE384  48006981  bl      sub_FFEC4D04
FFEBE388  80410014  lwz     r2, 0x14(r1)
FFEBE38C  B3BF0094  sth     r29, 0x94(r31)
FFEBE390  819F000C  lwz     r12, 0xC(r31)
FFEBE394  63C30000  ori     r3, r30, 0x0
FFEBE398  4800696D  bl      sub_FFEC4D04
FFEBE39C  80410014  lwz     r2, 0x14(r1)
FFEBE3A0  80010058  lwz     r0, 0x58(r1)
FFEBE3A4  30210050  addic   r1, r1, 0x50
FFEBE3A8  7C0803A6  mtspr   LR, r0
FFEBE3AC  BB41FFE8  lmw     r26, -0x18(r1)
FFEBE3B0  4E800020  blr
loc_FFEBE3B4:
FFEBE3B4  2C090007  cmpwi   cr0, r9, 0x7
FFEBE3B8  3900000E  li      r8, 0xE
FFEBE3BC  40820024  bne     loc_FFEBE3E0
FFEBE3C0  3860000E  li      r3, 0xE
FFEBE3C4  480066E9  bl      sub_FFEC4AAC
FFEBE3C8  80410014  lwz     r2, 0x14(r1)
FFEBE3CC  80010058  lwz     r0, 0x58(r1)
FFEBE3D0  30210050  addic   r1, r1, 0x50
FFEBE3D4  7C0803A6  mtspr   LR, r0
FFEBE3D8  BB41FFE8  lmw     r26, -0x18(r1)
FFEBE3DC  4E800020  blr
loc_FFEBE3E0:
FFEBE3E0  61030000  ori     r3, r8, 0x0
FFEBE3E4  480066C9  bl      sub_FFEC4AAC
FFEBE3E8  80410014  lwz     r2, 0x14(r1)
FFEBE3EC  80010058  lwz     r0, 0x58(r1)
FFEBE3F0  30210050  addic   r1, r1, 0x50
FFEBE3F4  7C0803A6  mtspr   LR, r0
FFEBE3F8  BB41FFE8  lmw     r26, -0x18(r1)
FFEBE3FC  4E800020  blr

sub_FFEBE400:
FFEBE400  7C0802A6  mfspr   r0, LR
FFEBE404  BF81FFF0  stmw    r28, -0x10(r1)
FFEBE408  90010008  stw     r0, 0x8(r1)
FFEBE40C  9421FFB8  stwu    r1, -0x48(r1)
FFEBE410  609F0000  ori     r31, r4, 0x0
FFEBE414  88BF009D  lbz     r5, 0x9D(r31)
FFEBE418  607E0000  ori     r30, r3, 0x0
FFEBE41C  2805000B  cmplwi  cr0, r5, 0xB
FFEBE420  80C2FDCC  lwz     r6, -0x234(r2)
FFEBE424  41810508  bgt     loc_FFEBE92C
FFEBE428  54A7103A  slwi    r7, r5, 2
FFEBE42C  7CE6382E  lwzx    r7, r6, r7
FFEBE430  7CE63814  addc    r7, r6, r7
FFEBE434  7CE803A6  mtspr   LR, r7
FFEBE438  4E800020  blr
FFEBE43C? 807E0040  lwz     r3, 0x40(r30)
FFEBE440? 2C030000  cmpwi   cr0, r3, 0x0
FFEBE444? 40810010  ble     loc_FFEBE454
FFEBE448? 887E00C1  lbz     r3, 0xC1(r30)
FFEBE44C? 546307FF  clrlwi. r3, r3, 31
FFEBE450? 418200A8  beq     loc_FFEBE4F8
loc_FFEBE454:
FFEBE454? 887E00C1  lbz     r3, 0xC1(r30)
FFEBE458? 60630008  ori     r3, r3, 0x8
FFEBE45C? 987E00C1  stb     r3, 0xC1(r30)
FFEBE460? A0BE005E  lhz     r5, 0x5E(r30)
FFEBE464? 54A506F7  rlwinm. r5, r5, 0, 27, 27
FFEBE468? 41820038  beq     loc_FFEBE4A0
FFEBE46C? A07E0024  lhz     r3, 0x24(r30)
FFEBE470? 63C40000  ori     r4, r30, 0x0
FFEBE474? 60630004  ori     r3, r3, 0x4
FFEBE478? B07E0024  sth     r3, 0x24(r30)
FFEBE47C? 63E50000  ori     r5, r31, 0x0
FFEBE480? 3860E112  li      r3, -0x1EEE
FFEBE484? 4BFFEAC1  bl      sub_FFEBCF44
FFEBE488? 60000000  nop
FFEBE48C? 80010050  lwz     r0, 0x50(r1)
FFEBE490? 30210048  addic   r1, r1, 0x48
FFEBE494? 7C0803A6  mtspr   LR, r0
FFEBE498? BB81FFF0  lmw     r28, -0x10(r1)
FFEBE49C? 4E800020  blr
loc_FFEBE4A0:
FFEBE4A0? 887E00C1  lbz     r3, 0xC1(r30)
FFEBE4A4? 3880000D  li      r4, 0xD
FFEBE4A8? 60630008  ori     r3, r3, 0x8
FFEBE4AC? 987E00C1  stb     r3, 0xC1(r30)
FFEBE4B0? B09F0088  sth     r4, 0x88(r31)
FFEBE4B4? 38A00001  li      r5, 0x1
FFEBE4B8? B0BF0094  sth     r5, 0x94(r31)
FFEBE4BC? 819F000C  lwz     r12, 0xC(r31)
FFEBE4C0? 307F008C  addic   r3, r31, 0x8C
FFEBE4C4? 48006841  bl      sub_FFEC4D04
FFEBE4C8? 80410014  lwz     r2, 0x14(r1)
FFEBE4CC? 801E0040  lwz     r0, 0x40(r30)
FFEBE4D0? 2C000000  cmpwi   cr0, r0, 0x0
FFEBE4D4? 40820464  bne     loc_FFEBE938
FFEBE4D8? 887E00C1  lbz     r3, 0xC1(r30)
FFEBE4DC? 54630776  rlwinm  r3, r3, 0, 29, 27
FFEBE4E0? 987E00C1  stb     r3, 0xC1(r30)
FFEBE4E4? 80010050  lwz     r0, 0x50(r1)
FFEBE4E8? 30210048  addic   r1, r1, 0x48
FFEBE4EC? 7C0803A6  mtspr   LR, r0
FFEBE4F0? BB81FFF0  lmw     r28, -0x10(r1)
FFEBE4F4? 4E800020  blr
loc_FFEBE4F8:
FFEBE4F8? 38600016  li      r3, 0x16
FFEBE4FC? B07F0088  sth     r3, 0x88(r31)
FFEBE500? 38800002  li      r4, 0x2
FFEBE504? B09F0094  sth     r4, 0x94(r31)
FFEBE508? 819F000C  lwz     r12, 0xC(r31)
FFEBE50C? 307F008C  addic   r3, r31, 0x8C
FFEBE510? 480067F5  bl      sub_FFEC4D04
FFEBE514? 80410014  lwz     r2, 0x14(r1)
FFEBE518? 80010050  lwz     r0, 0x50(r1)
FFEBE51C? 30210048  addic   r1, r1, 0x48
FFEBE520? 7C0803A6  mtspr   LR, r0
FFEBE524? BB81FFF0  lmw     r28, -0x10(r1)
FFEBE528? 4E800020  blr
FFEBE52C? 807E0040  lwz     r3, 0x40(r30)
FFEBE530? 2C030000  cmpwi   cr0, r3, 0x0
FFEBE534? 40810010  ble     loc_FFEBE544
FFEBE538? 887E00C1  lbz     r3, 0xC1(r30)
FFEBE53C? 546307FF  clrlwi. r3, r3, 31
FFEBE540? 418200A8  beq     loc_FFEBE5E8
loc_FFEBE544:
FFEBE544? 887E00C1  lbz     r3, 0xC1(r30)
FFEBE548? 60630008  ori     r3, r3, 0x8
FFEBE54C? 987E00C1  stb     r3, 0xC1(r30)
FFEBE550? A0BE005E  lhz     r5, 0x5E(r30)
FFEBE554? 54A506B5  rlwinm. r5, r5, 0, 26, 26
FFEBE558? 41820038  beq     loc_FFEBE590
FFEBE55C? A07E0024  lhz     r3, 0x24(r30)
FFEBE560? 63C40000  ori     r4, r30, 0x0
FFEBE564? 60630004  ori     r3, r3, 0x4
FFEBE568? B07E0024  sth     r3, 0x24(r30)
FFEBE56C? 63E50000  ori     r5, r31, 0x0
FFEBE570? 3860E112  li      r3, -0x1EEE
FFEBE574? 4BFFE9D1  bl      sub_FFEBCF44
FFEBE578? 60000000  nop
FFEBE57C? 80010050  lwz     r0, 0x50(r1)
FFEBE580? 30210048  addic   r1, r1, 0x48
FFEBE584? 7C0803A6  mtspr   LR, r0
FFEBE588? BB81FFF0  lmw     r28, -0x10(r1)
FFEBE58C? 4E800020  blr
loc_FFEBE590:
FFEBE590? 887E00C1  lbz     r3, 0xC1(r30)
FFEBE594? 3880000D  li      r4, 0xD
FFEBE598? 60630008  ori     r3, r3, 0x8
FFEBE59C? 987E00C1  stb     r3, 0xC1(r30)
FFEBE5A0? B09F0088  sth     r4, 0x88(r31)
FFEBE5A4? 38A00001  li      r5, 0x1
FFEBE5A8? B0BF0094  sth     r5, 0x94(r31)
FFEBE5AC? 819F000C  lwz     r12, 0xC(r31)
FFEBE5B0? 307F008C  addic   r3, r31, 0x8C
FFEBE5B4? 48006751  bl      sub_FFEC4D04
FFEBE5B8? 80410014  lwz     r2, 0x14(r1)
FFEBE5BC? 801E0040  lwz     r0, 0x40(r30)
FFEBE5C0? 2C000000  cmpwi   cr0, r0, 0x0
FFEBE5C4? 40820374  bne     loc_FFEBE938
FFEBE5C8? 887E00C1  lbz     r3, 0xC1(r30)
FFEBE5CC? 54630776  rlwinm  r3, r3, 0, 29, 27
FFEBE5D0? 987E00C1  stb     r3, 0xC1(r30)
FFEBE5D4? 80010050  lwz     r0, 0x50(r1)
FFEBE5D8? 30210048  addic   r1, r1, 0x48
FFEBE5DC? 7C0803A6  mtspr   LR, r0
FFEBE5E0? BB81FFF0  lmw     r28, -0x10(r1)
FFEBE5E4? 4E800020  blr
loc_FFEBE5E8:
FFEBE5E8? 38600016  li      r3, 0x16
FFEBE5EC? B07F0088  sth     r3, 0x88(r31)
FFEBE5F0? 38800003  li      r4, 0x3
FFEBE5F4? B09F0094  sth     r4, 0x94(r31)
FFEBE5F8? 819F000C  lwz     r12, 0xC(r31)
FFEBE5FC? 307F008C  addic   r3, r31, 0x8C
FFEBE600? 48006705  bl      sub_FFEC4D04
FFEBE604? 80410014  lwz     r2, 0x14(r1)
FFEBE608? 80010050  lwz     r0, 0x50(r1)
FFEBE60C? 30210048  addic   r1, r1, 0x48
FFEBE610? 7C0803A6  mtspr   LR, r0
FFEBE614? BB81FFF0  lmw     r28, -0x10(r1)
FFEBE618? 4E800020  blr
FFEBE61C? 88BF00A0  lbz     r5, 0xA0(r31)
FFEBE620? 3BA00000  li      r29, 0x0
FFEBE624? 28050007  cmplwi  cr0, r5, 0x7
FFEBE628? 80C2FDC8  lwz     r6, -0x238(r2)
FFEBE62C? 41810134  bgt     loc_FFEBE760
FFEBE630? 54A7103A  slwi    r7, r5, 2
FFEBE634? 7CE6382E  lwzx    r7, r6, r7
FFEBE638? 7CE63814  addc    r7, r6, r7
FFEBE63C? 7CE803A6  mtspr   LR, r7
FFEBE640? 4E800020  blr
FFEBE644? 3880000A  li      r4, 0xA
FFEBE648? B09F0094  sth     r4, 0x94(r31)
FFEBE64C? 819F000C  lwz     r12, 0xC(r31)
FFEBE650? 307F008C  addic   r3, r31, 0x8C
FFEBE654? 3BC0000D  li      r30, 0xD
FFEBE658? 480066AD  bl      sub_FFEC4D04
FFEBE65C? 80410014  lwz     r2, 0x14(r1)
FFEBE660? B3DF0088  sth     r30, 0x88(r31)
FFEBE664? 48000108  b       loc_FFEBE76C
FFEBE668? 3880000C  li      r4, 0xC
FFEBE66C? B09F0094  sth     r4, 0x94(r31)
FFEBE670? 819F000C  lwz     r12, 0xC(r31)
FFEBE674? 307F008C  addic   r3, r31, 0x8C
FFEBE678? 3BC0000D  li      r30, 0xD
FFEBE67C? 48006689  bl      sub_FFEC4D04
FFEBE680? 80410014  lwz     r2, 0x14(r1)
FFEBE684? B3DF0088  sth     r30, 0x88(r31)
FFEBE688? 480000E4  b       loc_FFEBE76C
FFEBE68C? 38800004  li      r4, 0x4
FFEBE690? B09E00BC  sth     r4, 0xBC(r30)
FFEBE694? A0BE005E  lhz     r5, 0x5E(r30)
FFEBE698? 54A50739  rlwinm. r5, r5, 0, 28, 28
FFEBE69C? 4182001C  beq     loc_FFEBE6B8
FFEBE6A0? 3880000A  li      r4, 0xA
FFEBE6A4? B09F0094  sth     r4, 0x94(r31)
FFEBE6A8? 819F000C  lwz     r12, 0xC(r31)
FFEBE6AC? 307F008C  addic   r3, r31, 0x8C
FFEBE6B0? 48006655  bl      sub_FFEC4D04
FFEBE6B4? 80410014  lwz     r2, 0x14(r1)
loc_FFEBE6B8:
FFEBE6B8? 38800023  li      r4, 0x23
FFEBE6BC? B09F0088  sth     r4, 0x88(r31)
FFEBE6C0? 88BE000E  lbz     r5, 0xE(r30)
FFEBE6C4? 88FE000F  lbz     r7, 0xF(r30)
FFEBE6C8? 54A52834  slwi    r5, r5, 5
FFEBE6CC? 7CDF2814  addc    r6, r31, r5
FFEBE6D0? 54E7103A  slwi    r7, r7, 2
FFEBE6D4? 7D063814  addc    r8, r6, r7
FFEBE6D8? 93C800E4  stw     r30, 0xE4(r8)
FFEBE6DC? 893E000E  lbz     r9, 0xE(r30)
FFEBE6E0? 897E000F  lbz     r11, 0xF(r30)
FFEBE6E4? 55291838  slwi    r9, r9, 3
FFEBE6E8? 7D5F4814  addc    r10, r31, r9
FFEBE6EC? 7D8A5814  addc    r12, r10, r11
FFEBE6F0? 880C01E4  lbz     r0, 0x1E4(r12)
FFEBE6F4? 60000001  ori     r0, r0, 0x1
FFEBE6F8? 980C01E4  stb     r0, 0x1E4(r12)
FFEBE6FC? 48000070  b       loc_FFEBE76C
FFEBE700? 80BE00C4  lwz     r5, 0xC4(r30)
FFEBE704? 38C0E10D  li      r6, -0x1EF3
FFEBE708? B0C5000A  sth     r6, 0xA(r5)
FFEBE70C? 807E00C4  lwz     r3, 0xC4(r30)
FFEBE710? 63E40000  ori     r4, r31, 0x0
FFEBE714? 4BFFE3A1  bl      sub_FFEBCAB4
FFEBE718? 60000000  nop
FFEBE71C? A01E00BE  lhz     r0, 0xBE(r30)
FFEBE720? 60000020  ori     r0, r0, 0x20
FFEBE724? B01E00BE  sth     r0, 0xBE(r30)
FFEBE728? 48000044  b       loc_FFEBE76C
FFEBE72C? 38800009  li      r4, 0x9
FFEBE730? B09F0088  sth     r4, 0x88(r31)
FFEBE734? 819F0020  lwz     r12, 0x20(r31)
FFEBE738? 807F0000  lwz     r3, 0x0(r31)
FFEBE73C? 3BC00004  li      r30, 0x4
FFEBE740? 480065C5  bl      sub_FFEC4D04
FFEBE744? 80410014  lwz     r2, 0x14(r1)
FFEBE748? B3DF0094  sth     r30, 0x94(r31)
FFEBE74C? 819F000C  lwz     r12, 0xC(r31)
FFEBE750? 307F008C  addic   r3, r31, 0x8C
FFEBE754? 480065B1  bl      sub_FFEC4D04
FFEBE758? 80410014  lwz     r2, 0x14(r1)
FFEBE75C? 48000010  b       loc_FFEBE76C
loc_FFEBE760:
FFEBE760? 38800009  li      r4, 0x9
FFEBE764? B09F0088  sth     r4, 0x88(r31)
FFEBE768? 3BA00001  li      r29, 0x1
loc_FFEBE76C:
FFEBE76C? 2C1D0000  cmpwi   cr0, r29, 0x0
FFEBE770? 33DF008C  addic   r30, r31, 0x8C
FFEBE774? 3B800004  li      r28, 0x4
FFEBE778? 40820030  bne     loc_FFEBE7A8
FFEBE77C? 38800004  li      r4, 0x4
FFEBE780? B09F0094  sth     r4, 0x94(r31)
FFEBE784? 819F000C  lwz     r12, 0xC(r31)
FFEBE788? 63C30000  ori     r3, r30, 0x0
FFEBE78C? 48006579  bl      sub_FFEC4D04
FFEBE790? 80410014  lwz     r2, 0x14(r1)
FFEBE794? 80010050  lwz     r0, 0x50(r1)
FFEBE798? 30210048  addic   r1, r1, 0x48
FFEBE79C? 7C0803A6  mtspr   LR, r0
FFEBE7A0? BB81FFF0  lmw     r28, -0x10(r1)
FFEBE7A4? 4E800020  blr
loc_FFEBE7A8:
FFEBE7A8? 819F0020  lwz     r12, 0x20(r31)
FFEBE7AC? 807F0000  lwz     r3, 0x0(r31)
FFEBE7B0? 48006555  bl      sub_FFEC4D04
FFEBE7B4? 80410014  lwz     r2, 0x14(r1)
FFEBE7B8? B39F0094  sth     r28, 0x94(r31)
FFEBE7BC? 819F000C  lwz     r12, 0xC(r31)
FFEBE7C0? 63C30000  ori     r3, r30, 0x0
FFEBE7C4? 48006541  bl      sub_FFEC4D04
FFEBE7C8? 80410014  lwz     r2, 0x14(r1)
FFEBE7CC? 80010050  lwz     r0, 0x50(r1)
FFEBE7D0? 30210048  addic   r1, r1, 0x48
FFEBE7D4? 7C0803A6  mtspr   LR, r0
FFEBE7D8? BB81FFF0  lmw     r28, -0x10(r1)
FFEBE7DC? 4E800020  blr
FFEBE7E0? 3860000E  li      r3, 0xE
FFEBE7E4? B07F0088  sth     r3, 0x88(r31)
FFEBE7E8? 38800008  li      r4, 0x8
FFEBE7EC? B09F0094  sth     r4, 0x94(r31)
FFEBE7F0? 819F000C  lwz     r12, 0xC(r31)
FFEBE7F4? 307F008C  addic   r3, r31, 0x8C
FFEBE7F8? 4800650D  bl      sub_FFEC4D04
FFEBE7FC? 80410014  lwz     r2, 0x14(r1)
FFEBE800? 80010050  lwz     r0, 0x50(r1)
FFEBE804? 30210048  addic   r1, r1, 0x48
FFEBE808? 7C0803A6  mtspr   LR, r0
FFEBE80C? BB81FFF0  lmw     r28, -0x10(r1)
FFEBE810? 4E800020  blr
FFEBE814? 807E00C4  lwz     r3, 0xC4(r30)
FFEBE818? 2C030000  cmpwi   cr0, r3, 0x0
FFEBE81C? 40820048  bne     loc_FFEBE864
FFEBE820? A07E00BE  lhz     r3, 0xBE(r30)
FFEBE824? 54630673  rlwinm. r3, r3, 0, 25, 25
FFEBE828? 41820018  beq     loc_FFEBE840
FFEBE82C? 38600005  li      r3, 0x5
FFEBE830? 987F00A0  stb     r3, 0xA0(r31)
FFEBE834? 38800020  li      r4, 0x20
FFEBE838? B09F0088  sth     r4, 0x88(r31)
FFEBE83C? 48000064  b       loc_FFEBE8A0
loc_FFEBE840:
FFEBE840? 38600008  li      r3, 0x8
FFEBE844? 987F00A0  stb     r3, 0xA0(r31)
FFEBE848? 48000058  b       loc_FFEBE8A0
loc_FFEBE84C:
FFEBE84C? 38600011  li      r3, 0x11
FFEBE850? 987F00A0  stb     r3, 0xA0(r31)
FFEBE854? 4800004C  b       loc_FFEBE8A0
loc_FFEBE858:
FFEBE858? 38600006  li      r3, 0x6
FFEBE85C? 987F00A0  stb     r3, 0xA0(r31)
FFEBE860? 48000040  b       loc_FFEBE8A0
loc_FFEBE864:
FFEBE864? 3860001A  li      r3, 0x1A
FFEBE868? B07F0088  sth     r3, 0x88(r31)
FFEBE86C? A09E00BE  lhz     r4, 0xBE(r30)
FFEBE870? 60840010  ori     r4, r4, 0x10
FFEBE874? B09E00BE  sth     r4, 0xBE(r30)
FFEBE878? 80BE00C4  lwz     r5, 0xC4(r30)
FFEBE87C? 89250008  lbz     r9, 0x8(r5)
FFEBE880? 2C090013  cmpwi   cr0, r9, 0x13
FFEBE884? 4182FFC8  beq     loc_FFEBE84C
FFEBE888? 2C090010  cmpwi   cr0, r9, 0x10
FFEBE88C? 4182FFCC  beq     loc_FFEBE858
FFEBE890? 2C090012  cmpwi   cr0, r9, 0x12
FFEBE894? 4082000C  bne     loc_FFEBE8A0
FFEBE898? 3860000C  li      r3, 0xC
FFEBE89C? 987F00A0  stb     r3, 0xA0(r31)
loc_FFEBE8A0:
FFEBE8A0? 38600001  li      r3, 0x1
FFEBE8A4? 987F009F  stb     r3, 0x9F(r31)
FFEBE8A8? 38800007  li      r4, 0x7
FFEBE8AC? B09F0094  sth     r4, 0x94(r31)
FFEBE8B0? 819F000C  lwz     r12, 0xC(r31)
FFEBE8B4? 307F008C  addic   r3, r31, 0x8C
FFEBE8B8? 4800644D  bl      sub_FFEC4D04
FFEBE8BC? 80410014  lwz     r2, 0x14(r1)
FFEBE8C0? 80010050  lwz     r0, 0x50(r1)
FFEBE8C4? 30210048  addic   r1, r1, 0x48
FFEBE8C8? 7C0803A6  mtspr   LR, r0
FFEBE8CC? BB81FFF0  lmw     r28, -0x10(r1)
FFEBE8D0? 4E800020  blr
FFEBE8D4? 3860E114  li      r3, -0x1EEC
FFEBE8D8? B07E000A  sth     r3, 0xA(r30)
FFEBE8DC? 38800015  li      r4, 0x15
FFEBE8E0? B09F0088  sth     r4, 0x88(r31)
FFEBE8E4? 38A00001  li      r5, 0x1
FFEBE8E8? B0BF0094  sth     r5, 0x94(r31)
FFEBE8EC? 819F000C  lwz     r12, 0xC(r31)
FFEBE8F0? 307F008C  addic   r3, r31, 0x8C
FFEBE8F4? 48006411  bl      sub_FFEC4D04
FFEBE8F8? 80410014  lwz     r2, 0x14(r1)
FFEBE8FC? 80010050  lwz     r0, 0x50(r1)
FFEBE900? 30210048  addic   r1, r1, 0x48
FFEBE904? 7C0803A6  mtspr   LR, r0
FFEBE908? BB81FFF0  lmw     r28, -0x10(r1)
FFEBE90C? 4E800020  blr
FFEBE910? 38600013  li      r3, 0x13
FFEBE914? B07F0088  sth     r3, 0x88(r31)
FFEBE918? 80010050  lwz     r0, 0x50(r1)
FFEBE91C? 30210048  addic   r1, r1, 0x48
FFEBE920? 7C0803A6  mtspr   LR, r0
FFEBE924? BB81FFF0  lmw     r28, -0x10(r1)
FFEBE928? 4E800020  blr
loc_FFEBE92C:
FFEBE92C  3860000E  li      r3, 0xE
FFEBE930  4800617D  bl      sub_FFEC4AAC
FFEBE934  80410014  lwz     r2, 0x14(r1)
loc_FFEBE938:
FFEBE938  80010050  lwz     r0, 0x50(r1)
FFEBE93C  30210048  addic   r1, r1, 0x48
FFEBE940  7C0803A6  mtspr   LR, r0
FFEBE944  BB81FFF0  lmw     r28, -0x10(r1)
FFEBE948  4E800020  blr
FFEBE94Cd FFFFFE20  .long   0xFFFFFE20                         ; -> 68k emulator opcode dispatch table
FFEBE950d FFFFFDE0  .long   0xFFFFFDE0                         ; -> 68k emulator opcode dispatch table
FFEBE954d FFFFFCF8  .long   0xFFFFFCF8                         ; -> 68k emulator opcode dispatch table
FFEBE958d FFFFFD1C  .long   0xFFFFFD1C                         ; -> 68k emulator opcode dispatch table
FFEBE95Cd FFFFFD40  .long   0xFFFFFD40                         ; -> 68k emulator opcode dispatch table
FFEBE960d FFFFFE14  .long   0xFFFFFE14                         ; -> 68k emulator opcode dispatch table
FFEBE964d FFFFFE14  .long   0xFFFFFE14                         ; -> 68k emulator opcode dispatch table
FFEBE968d FFFFFDB4  .long   0xFFFFFDB4                         ; -> 68k emulator opcode dispatch table
FFEBE96Cd FFFFFE14  .long   0xFFFFFE14                         ; -> 68k emulator opcode dispatch table
FFEBE970d FFFFFBBC  .long   0xFFFFFBBC                         ; -> 68k emulator opcode dispatch table
FFEBE974d FFFFFACC  .long   0xFFFFFACC                         ; -> 68k emulator opcode dispatch table
FFEBE978d FFFFFF64  .long   0xFFFFFF64                         ; -> 68k emulator opcode dispatch table
FFEBE97Cd FFFFFE70  .long   0xFFFFFE70                         ; -> 68k emulator opcode dispatch table
FFEBE980d FFFFFFBC  .long   0xFFFFFFBC                         ; -> 68k emulator opcode dispatch table
FFEBE984d FFFFFFBC  .long   0xFFFFFFBC                         ; -> 68k emulator opcode dispatch table
FFEBE988d FFFFFEA4  .long   0xFFFFFEA4                         ; -> 68k emulator opcode dispatch table
FFEBE98Cd FFFFFFBC  .long   0xFFFFFFBC                         ; -> 68k emulator opcode dispatch table
FFEBE990d FFFFFFA0  .long   0xFFFFFFA0                         ; -> 68k emulator opcode dispatch table
FFEBE994d FFFFFFBC  .long   0xFFFFFFBC                         ; -> 68k emulator opcode dispatch table
FFEBE998d FFFFFFBC  .long   0xFFFFFFBC                         ; -> 68k emulator opcode dispatch table
FFEBE99Cd FFFFFCAC  .long   0xFFFFFCAC                         ; -> 68k emulator opcode dispatch table
FFEBE9A0d FFFFFFBC  .long   0xFFFFFFBC                         ; -> 68k emulator opcode dispatch table

sub_FFEBE9A4:
FFEBE9A4  7C0802A6  mfspr   r0, LR
FFEBE9A8  BF41FFE8  stmw    r26, -0x18(r1)
FFEBE9AC  90010008  stw     r0, 0x8(r1)
FFEBE9B0  9421FFB0  stwu    r1, -0x50(r1)
FFEBE9B4  609F0000  ori     r31, r4, 0x0
FFEBE9B8  88BF009D  lbz     r5, 0x9D(r31)
FFEBE9BC  607E0000  ori     r30, r3, 0x0
FFEBE9C0  2805000B  cmplwi  cr0, r5, 0xB
FFEBE9C4  80C2FDD0  lwz     r6, -0x230(r2)
FFEBE9C8  41810308  bgt     loc_FFEBECD0
FFEBE9CC  54A7103A  slwi    r7, r5, 2
FFEBE9D0  7CE6382E  lwzx    r7, r6, r7
FFEBE9D4  7CE63814  addc    r7, r6, r7
FFEBE9D8  7CE803A6  mtspr   LR, r7
FFEBE9DC  4E800020  blr
FFEBE9E0? 38600022  li      r3, 0x22
FFEBE9E4? B07F0088  sth     r3, 0x88(r31)
FFEBE9E8? 38800001  li      r4, 0x1
FFEBE9EC? B09F0094  sth     r4, 0x94(r31)
FFEBE9F0? 819F000C  lwz     r12, 0xC(r31)
FFEBE9F4? 307F008C  addic   r3, r31, 0x8C
FFEBE9F8? 4800630D  bl      sub_FFEC4D04
FFEBE9FC? 80410014  lwz     r2, 0x14(r1)
FFEBEA00? 80010058  lwz     r0, 0x58(r1)
FFEBEA04? 30210050  addic   r1, r1, 0x50
FFEBEA08? 7C0803A6  mtspr   LR, r0
FFEBEA0C? BB41FFE8  lmw     r26, -0x18(r1)
FFEBEA10? 4E800020  blr
loc_FFEBEA14:
FFEBEA14? 38800009  li      r4, 0x9
FFEBEA18? B09E00BC  sth     r4, 0xBC(r30)
FFEBEA1C? 88BE000E  lbz     r5, 0xE(r30)
FFEBEA20? 88FE000F  lbz     r7, 0xF(r30)
FFEBEA24? 54A52834  slwi    r5, r5, 5
FFEBEA28? 7CC5F814  addc    r6, r5, r31
FFEBEA2C? 54E7103A  slwi    r7, r7, 2
FFEBEA30? 7D063814  addc    r8, r6, r7
FFEBEA34? 93C800E4  stw     r30, 0xE4(r8)
FFEBEA38? 895E000E  lbz     r10, 0xE(r30)
FFEBEA3C? 899E000F  lbz     r12, 0xF(r30)
FFEBEA40? 554A1838  slwi    r10, r10, 3
FFEBEA44? 7D6AF814  addc    r11, r10, r31
FFEBEA48? 7D8B6014  addc    r12, r11, r12
FFEBEA4C? 880C01E4  lbz     r0, 0x1E4(r12)
FFEBEA50? 39600024  li      r11, 0x24
FFEBEA54? 60000001  ori     r0, r0, 0x1
FFEBEA58? 980C01E4  stb     r0, 0x1E4(r12)
FFEBEA5C? B17F0088  sth     r11, 0x88(r31)
FFEBEA60? B13F0094  sth     r9, 0x94(r31)
FFEBEA64? 819F000C  lwz     r12, 0xC(r31)
FFEBEA68? 63A30000  ori     r3, r29, 0x0
FFEBEA6C? 48006299  bl      sub_FFEC4D04
FFEBEA70? 80410014  lwz     r2, 0x14(r1)
FFEBEA74? 80010058  lwz     r0, 0x58(r1)
FFEBEA78? 30210050  addic   r1, r1, 0x50
FFEBEA7C? 7C0803A6  mtspr   LR, r0
FFEBEA80? BB41FFE8  lmw     r26, -0x18(r1)
FFEBEA84? 4E800020  blr
loc_FFEBEA88:
FFEBEA88? 61030000  ori     r3, r8, 0x0
FFEBEA8C? 612C0000  ori     r12, r9, 0x0
FFEBEA90? 3B60000C  li      r27, 0xC
FFEBEA94? 3B400018  li      r26, 0x18
FFEBEA98? 4800626D  bl      sub_FFEC4D04
FFEBEA9C? 80410014  lwz     r2, 0x14(r1)
FFEBEAA0? B39F0094  sth     r28, 0x94(r31)
FFEBEAA4? 819F000C  lwz     r12, 0xC(r31)
FFEBEAA8? 63A30000  ori     r3, r29, 0x0
FFEBEAAC? 48006259  bl      sub_FFEC4D04
FFEBEAB0? 80410014  lwz     r2, 0x14(r1)
FFEBEAB4? 9B7E00C0  stb     r27, 0xC0(r30)
FFEBEAB8? B35F0088  sth     r26, 0x88(r31)
FFEBEABC? 80010058  lwz     r0, 0x58(r1)
FFEBEAC0? 30210050  addic   r1, r1, 0x50
FFEBEAC4? 7C0803A6  mtspr   LR, r0
FFEBEAC8? BB41FFE8  lmw     r26, -0x18(r1)
FFEBEACC? 4E800020  blr
loc_FFEBEAD0:
FFEBEAD0? 38800021  li      r4, 0x21
FFEBEAD4? 61030000  ori     r3, r8, 0x0
FFEBEAD8? 612C0000  ori     r12, r9, 0x0
FFEBEADC? B09F0088  sth     r4, 0x88(r31)
FFEBEAE0? 48006225  bl      sub_FFEC4D04
FFEBEAE4? 80410014  lwz     r2, 0x14(r1)
FFEBEAE8? B3DF0094  sth     r30, 0x94(r31)
FFEBEAEC? 819F000C  lwz     r12, 0xC(r31)
FFEBEAF0? 63A30000  ori     r3, r29, 0x0
FFEBEAF4? 48006211  bl      sub_FFEC4D04
FFEBEAF8? 80410014  lwz     r2, 0x14(r1)
FFEBEAFC? 80010058  lwz     r0, 0x58(r1)
FFEBEB00? 30210050  addic   r1, r1, 0x50
FFEBEB04? 7C0803A6  mtspr   LR, r0
FFEBEB08? BB41FFE8  lmw     r26, -0x18(r1)
FFEBEB0C? 4E800020  blr
FFEBEB10? 88FF00A0  lbz     r7, 0xA0(r31)
FFEBEB14? 33BF008C  addic   r29, r31, 0x8C
FFEBEB18? 2C070004  cmpwi   cr0, r7, 0x4
FFEBEB1C? 39200004  li      r9, 0x4
FFEBEB20? 4182FEF4  beq     loc_FFEBEA14
FFEBEB24? 2C070007  cmpwi   cr0, r7, 0x7
FFEBEB28? 813F0020  lwz     r9, 0x20(r31)
FFEBEB2C? 811F0000  lwz     r8, 0x0(r31)
FFEBEB30? 3B800004  li      r28, 0x4
FFEBEB34? 4182FF54  beq     loc_FFEBEA88
FFEBEB38? 2C070001  cmpwi   cr0, r7, 0x1
FFEBEB3C? 3BC00004  li      r30, 0x4
FFEBEB40? 4182FF90  beq     loc_FFEBEAD0
FFEBEB44? 61030000  ori     r3, r8, 0x0
FFEBEB48? 612C0000  ori     r12, r9, 0x0
FFEBEB4C? 3BC00004  li      r30, 0x4
FFEBEB50? 480061B5  bl      sub_FFEC4D04
FFEBEB54? 80410014  lwz     r2, 0x14(r1)
FFEBEB58? B3DF0094  sth     r30, 0x94(r31)
FFEBEB5C? 819F000C  lwz     r12, 0xC(r31)
FFEBEB60? 63A30000  ori     r3, r29, 0x0
FFEBEB64? 480061A1  bl      sub_FFEC4D04
FFEBEB68? 80410014  lwz     r2, 0x14(r1)
FFEBEB6C? 80010058  lwz     r0, 0x58(r1)
FFEBEB70? 30210050  addic   r1, r1, 0x50
FFEBEB74? 7C0803A6  mtspr   LR, r0
FFEBEB78? BB41FFE8  lmw     r26, -0x18(r1)
FFEBEB7C? 4E800020  blr
FFEBEB80? 3860000E  li      r3, 0xE
FFEBEB84? B07F0088  sth     r3, 0x88(r31)
FFEBEB88? 38800008  li      r4, 0x8
FFEBEB8C? B09F0094  sth     r4, 0x94(r31)
FFEBEB90? 819F000C  lwz     r12, 0xC(r31)
FFEBEB94? 307F008C  addic   r3, r31, 0x8C
FFEBEB98? 4800616D  bl      sub_FFEC4D04
FFEBEB9C? 80410014  lwz     r2, 0x14(r1)
FFEBEBA0? 80010058  lwz     r0, 0x58(r1)
FFEBEBA4? 30210050  addic   r1, r1, 0x50
FFEBEBA8? 7C0803A6  mtspr   LR, r0
FFEBEBAC? BB41FFE8  lmw     r26, -0x18(r1)
FFEBEBB0? 4E800020  blr
FFEBEBB4? 3860001B  li      r3, 0x1B
FFEBEBB8? B07F0088  sth     r3, 0x88(r31)
FFEBEBBC? 813E00C4  lwz     r9, 0xC4(r30)
FFEBEBC0? 2C090000  cmpwi   cr0, r9, 0x0
FFEBEBC4? 40820058  bne     loc_FFEBEC1C
FFEBEBC8? A07E00BE  lhz     r3, 0xBE(r30)
FFEBEBCC? 54630673  rlwinm. r3, r3, 0, 25, 25
FFEBEBD0? 41820010  beq     loc_FFEBEBE0
FFEBEBD4? 38600005  li      r3, 0x5
FFEBEBD8? 987F00A0  stb     r3, 0xA0(r31)
FFEBEBDC? 48000070  b       loc_FFEBEC4C
loc_FFEBEBE0:
FFEBEBE0? 38600008  li      r3, 0x8
FFEBEBE4? 987F00A0  stb     r3, 0xA0(r31)
FFEBEBE8? 48000064  b       loc_FFEBEC4C
loc_FFEBEBEC:
FFEBEBEC? 38600011  li      r3, 0x11
FFEBEBF0? 987F00A0  stb     r3, 0xA0(r31)
FFEBEBF4? A09E00BE  lhz     r4, 0xBE(r30)
FFEBEBF8? 60840012  ori     r4, r4, 0x12
FFEBEBFC? B09E00BE  sth     r4, 0xBE(r30)
FFEBEC00? 4800004C  b       loc_FFEBEC4C
loc_FFEBEC04:
FFEBEC04? 38600006  li      r3, 0x6
FFEBEC08? 987F00A0  stb     r3, 0xA0(r31)
FFEBEC0C? A09E00BE  lhz     r4, 0xBE(r30)
FFEBEC10? 60840011  ori     r4, r4, 0x11
FFEBEC14? B09E00BE  sth     r4, 0xBE(r30)
FFEBEC18? 48000034  b       loc_FFEBEC4C
loc_FFEBEC1C:
FFEBEC1C? 89290008  lbz     r9, 0x8(r9)
FFEBEC20? 2C090013  cmpwi   cr0, r9, 0x13
FFEBEC24? 4182FFC8  beq     loc_FFEBEBEC
FFEBEC28? 2C090010  cmpwi   cr0, r9, 0x10
FFEBEC2C? 4182FFD8  beq     loc_FFEBEC04
FFEBEC30? 2C090012  cmpwi   cr0, r9, 0x12
FFEBEC34? 40820018  bne     loc_FFEBEC4C
FFEBEC38? 3860000C  li      r3, 0xC
FFEBEC3C? 987F00A0  stb     r3, 0xA0(r31)
FFEBEC40? A09E00BE  lhz     r4, 0xBE(r30)
FFEBEC44? 60840014  ori     r4, r4, 0x14
FFEBEC48? B09E00BE  sth     r4, 0xBE(r30)
loc_FFEBEC4C:
FFEBEC4C? 38600001  li      r3, 0x1
FFEBEC50? 987F009F  stb     r3, 0x9F(r31)
FFEBEC54? 38800007  li      r4, 0x7
FFEBEC58? B09F0094  sth     r4, 0x94(r31)
FFEBEC5C? 819F000C  lwz     r12, 0xC(r31)
FFEBEC60? 307F008C  addic   r3, r31, 0x8C
FFEBEC64? 480060A1  bl      sub_FFEC4D04
FFEBEC68? 80410014  lwz     r2, 0x14(r1)
FFEBEC6C? 80010058  lwz     r0, 0x58(r1)
FFEBEC70? 30210050  addic   r1, r1, 0x50
FFEBEC74? 7C0803A6  mtspr   LR, r0
FFEBEC78? BB41FFE8  lmw     r26, -0x18(r1)
FFEBEC7C? 4E800020  blr
FFEBEC80? 38600011  li      r3, 0x11
FFEBEC84? B07F0094  sth     r3, 0x94(r31)
FFEBEC88? 819F000C  lwz     r12, 0xC(r31)
FFEBEC8C? 307F008C  addic   r3, r31, 0x8C
FFEBEC90? 3BC0000C  li      r30, 0xC
FFEBEC94? 48006071  bl      sub_FFEC4D04
FFEBEC98? 80410014  lwz     r2, 0x14(r1)
FFEBEC9C? B3DF0088  sth     r30, 0x88(r31)
FFEBECA0? 80010058  lwz     r0, 0x58(r1)
FFEBECA4? 30210050  addic   r1, r1, 0x50
FFEBECA8? 7C0803A6  mtspr   LR, r0
FFEBECAC? BB41FFE8  lmw     r26, -0x18(r1)
FFEBECB0? 4E800020  blr
FFEBECB4? 38600013  li      r3, 0x13
FFEBECB8? B07F0088  sth     r3, 0x88(r31)
FFEBECBC? 80010058  lwz     r0, 0x58(r1)
FFEBECC0? 30210050  addic   r1, r1, 0x50
FFEBECC4? 7C0803A6  mtspr   LR, r0
FFEBECC8? BB41FFE8  lmw     r26, -0x18(r1)
FFEBECCC? 4E800020  blr
loc_FFEBECD0:
FFEBECD0  3860000E  li      r3, 0xE
FFEBECD4  48005DD9  bl      sub_FFEC4AAC
FFEBECD8  80410014  lwz     r2, 0x14(r1)
FFEBECDC  80010058  lwz     r0, 0x58(r1)
FFEBECE0  30210050  addic   r1, r1, 0x50
FFEBECE4  7C0803A6  mtspr   LR, r0
FFEBECE8  BB41FFE8  lmw     r26, -0x18(r1)
FFEBECEC  4E800020  blr
FFEBECF0d FFFFFCF0  .long   0xFFFFFCF0                         ; -> 68k emulator opcode dispatch table
FFEBECF4d FFFFFCF0  .long   0xFFFFFCF0                         ; -> 68k emulator opcode dispatch table
FFEBECF8d FFFFFF90  .long   0xFFFFFF90                         ; -> 68k emulator opcode dispatch table
FFEBECFCd FFFFFE90  .long   0xFFFFFE90                         ; -> 68k emulator opcode dispatch table
FFEBED00d FFFFFFE0  .long   0xFFFFFFE0                         ; -> 68k emulator opcode dispatch table
FFEBED04d FFFFFFE0  .long   0xFFFFFFE0                         ; -> 68k emulator opcode dispatch table
FFEBED08d FFFFFEC4  .long   0xFFFFFEC4                         ; -> 68k emulator opcode dispatch table
FFEBED0Cd FFFFFFE0  .long   0xFFFFFFE0                         ; -> 68k emulator opcode dispatch table
FFEBED10d FFFFFFC4  .long   0xFFFFFFC4                         ; -> 68k emulator opcode dispatch table
FFEBED14d FFFFFFE0  .long   0xFFFFFFE0                         ; -> 68k emulator opcode dispatch table
FFEBED18d FFFFFFE0  .long   0xFFFFFFE0                         ; -> 68k emulator opcode dispatch table
FFEBED1Cd FFFFFE20  .long   0xFFFFFE20                         ; -> 68k emulator opcode dispatch table
FFEBED20d FFFFFFE0  .long   0xFFFFFFE0                         ; -> 68k emulator opcode dispatch table

sub_FFEBED24:
FFEBED24* 7C0802A6  mfspr   r0, LR
FFEBED28* BF61FFEC  stmw    r27, -0x14(r1)
FFEBED2C* 90010008  stw     r0, 0x8(r1)
FFEBED30* 9421FFB0  stwu    r1, -0x50(r1)
FFEBED34* 609F0000  ori     r31, r4, 0x0
FFEBED38* A93F0096  lha     r9, 0x96(r31)
FFEBED3C* 607E0000  ori     r30, r3, 0x0
FFEBED40* 2C090002  cmpwi   cr0, r9, 0x2
FFEBED44* 4082002C  bne     loc_FFEBED70
FFEBED48  38800000  li      r4, 0x0
FFEBED4C  B09E00BC  sth     r4, 0xBC(r30)
FFEBED50  63E30000  ori     r3, r31, 0x0
FFEBED54  4BFFF511  bl      sub_FFEBE264
FFEBED58  60000000  nop
FFEBED5C  80010058  lwz     r0, 0x58(r1)
FFEBED60  30210050  addic   r1, r1, 0x50
FFEBED64  7C0803A6  mtspr   LR, r0
FFEBED68  BB61FFEC  lmw     r27, -0x14(r1)
FFEBED6C  4E800020  blr
loc_FFEBED70:
FFEBED70* 2C09000B  cmpwi   cr0, r9, 0xB
FFEBED74* 40820158  bne     loc_FFEBEECC
FFEBED78  893F009F  lbz     r9, 0x9F(r31)
FFEBED7C  2C090000  cmpwi   cr0, r9, 0x0
FFEBED80  40820058  bne     loc_FFEBEDD8
FFEBED84  88BF009D  lbz     r5, 0x9D(r31)
FFEBED88  2C050002  cmpwi   cr0, r5, 0x2
FFEBED8C  40820028  bne     loc_FFEBEDB4
FFEBED90  63C30000  ori     r3, r30, 0x0
FFEBED94  63E40000  ori     r4, r31, 0x0
FFEBED98  4BFFFC0D  bl      sub_FFEBE9A4
FFEBED9C  60000000  nop
FFEBEDA0  80010058  lwz     r0, 0x58(r1)
FFEBEDA4  30210050  addic   r1, r1, 0x50
FFEBEDA8  7C0803A6  mtspr   LR, r0
FFEBEDAC  BB61FFEC  lmw     r27, -0x14(r1)
FFEBEDB0  4E800020  blr
loc_FFEBEDB4:
FFEBEDB4  63C30000  ori     r3, r30, 0x0
FFEBEDB8  63E40000  ori     r4, r31, 0x0
FFEBEDBC  4BFFFBE9  bl      sub_FFEBE9A4
FFEBEDC0  60000000  nop
FFEBEDC4  80010058  lwz     r0, 0x58(r1)
FFEBEDC8  30210050  addic   r1, r1, 0x50
FFEBEDCC  7C0803A6  mtspr   LR, r0
FFEBEDD0  BB61FFEC  lmw     r27, -0x14(r1)
FFEBEDD4  4E800020  blr
loc_FFEBEDD8:
FFEBEDD8  2C090001  cmpwi   cr0, r9, 0x1
FFEBEDDC  4082008C  bne     loc_FFEBEE68
FFEBEDE0  88BF009D  lbz     r5, 0x9D(r31)
FFEBEDE4  2C05000B  cmpwi   cr0, r5, 0xB
FFEBEDE8  4082005C  bne     loc_FFEBEE44
FFEBEDEC  88BF00A0  lbz     r5, 0xA0(r31)
FFEBEDF0  2C050007  cmpwi   cr0, r5, 0x7
FFEBEDF4  40820050  bne     loc_FFEBEE44
FFEBEDF8  819F0020  lwz     r12, 0x20(r31)
FFEBEDFC  807F0000  lwz     r3, 0x0(r31)
FFEBEE00  3BA00004  li      r29, 0x4
FFEBEE04  3B80000C  li      r28, 0xC
FFEBEE08  3B600018  li      r27, 0x18
FFEBEE0C  48005EF9  bl      sub_FFEC4D04
FFEBEE10  80410014  lwz     r2, 0x14(r1)
FFEBEE14  B3BF0094  sth     r29, 0x94(r31)
FFEBEE18  819F000C  lwz     r12, 0xC(r31)
FFEBEE1C  307F008C  addic   r3, r31, 0x8C
FFEBEE20  48005EE5  bl      sub_FFEC4D04
FFEBEE24  80410014  lwz     r2, 0x14(r1)
FFEBEE28  9B9E00C0  stb     r28, 0xC0(r30)
FFEBEE2C  B37F0088  sth     r27, 0x88(r31)
FFEBEE30  80010058  lwz     r0, 0x58(r1)
FFEBEE34  30210050  addic   r1, r1, 0x50
FFEBEE38  7C0803A6  mtspr   LR, r0
FFEBEE3C  BB61FFEC  lmw     r27, -0x14(r1)
FFEBEE40  4E800020  blr
loc_FFEBEE44:
FFEBEE44  63C30000  ori     r3, r30, 0x0
FFEBEE48  63E40000  ori     r4, r31, 0x0
FFEBEE4C  4BFFFB59  bl      sub_FFEBE9A4
FFEBEE50  60000000  nop
FFEBEE54  80010058  lwz     r0, 0x58(r1)
FFEBEE58  30210050  addic   r1, r1, 0x50
FFEBEE5C  7C0803A6  mtspr   LR, r0
FFEBEE60  BB61FFEC  lmw     r27, -0x14(r1)
FFEBEE64  4E800020  blr
loc_FFEBEE68:
FFEBEE68  A8BF0088  lha     r5, 0x88(r31)
FFEBEE6C  2C050002  cmpwi   cr0, r5, 0x2
FFEBEE70  40820018  bne     loc_FFEBEE88
FFEBEE74  88BE000E  lbz     r5, 0xE(r30)
FFEBEE78  38E00000  li      r7, 0x0
FFEBEE7C  7CC5F814  addc    r6, r5, r31
FFEBEE80  98E600D4  stb     r7, 0xD4(r6)
FFEBEE84  48000024  b       loc_FFEBEEA8
loc_FFEBEE88:
FFEBEE88  88BF009D  lbz     r5, 0x9D(r31)
FFEBEE8C  2C05000B  cmpwi   cr0, r5, 0xB
FFEBEE90  40820018  bne     loc_FFEBEEA8
FFEBEE94  88BF00A0  lbz     r5, 0xA0(r31)
FFEBEE98  2C050007  cmpwi   cr0, r5, 0x7
FFEBEE9C  4082000C  bne     loc_FFEBEEA8
FFEBEEA0  38A00081  li      r5, 0x81
FFEBEEA4  98BE00C0  stb     r5, 0xC0(r30)
loc_FFEBEEA8:
FFEBEEA8  63C30000  ori     r3, r30, 0x0
FFEBEEAC  63E40000  ori     r4, r31, 0x0
FFEBEEB0  4BFFFAF5  bl      sub_FFEBE9A4
FFEBEEB4  60000000  nop
FFEBEEB8  80010058  lwz     r0, 0x58(r1)
FFEBEEBC  30210050  addic   r1, r1, 0x50
FFEBEEC0  7C0803A6  mtspr   LR, r0
FFEBEEC4  BB61FFEC  lmw     r27, -0x14(r1)
FFEBEEC8  4E800020  blr
loc_FFEBEECC:
FFEBEECC* 2C090005  cmpwi   cr0, r9, 0x5
FFEBEED0* 40820028  bne     loc_FFEBEEF8
FFEBEED4  63C30000  ori     r3, r30, 0x0
FFEBEED8  63E40000  ori     r4, r31, 0x0
FFEBEEDC  4BFFFAC9  bl      sub_FFEBE9A4
FFEBEEE0  60000000  nop
FFEBEEE4  80010058  lwz     r0, 0x58(r1)
FFEBEEE8  30210050  addic   r1, r1, 0x50
FFEBEEEC  7C0803A6  mtspr   LR, r0
FFEBEEF0  BB61FFEC  lmw     r27, -0x14(r1)
FFEBEEF4  4E800020  blr
loc_FFEBEEF8:
FFEBEEF8* 2C090006  cmpwi   cr0, r9, 0x6
FFEBEEFC* 40820030  bne     loc_FFEBEF2C
FFEBEF00  38A00003  li      r5, 0x3
FFEBEF04  B0BE00BC  sth     r5, 0xBC(r30)
FFEBEF08  63C30000  ori     r3, r30, 0x0
FFEBEF0C  63E40000  ori     r4, r31, 0x0
FFEBEF10  4BFFF4F1  bl      sub_FFEBE400
FFEBEF14  60000000  nop
FFEBEF18  80010058  lwz     r0, 0x58(r1)
FFEBEF1C  30210050  addic   r1, r1, 0x50
FFEBEF20  7C0803A6  mtspr   LR, r0
FFEBEF24  BB61FFEC  lmw     r27, -0x14(r1)
FFEBEF28  4E800020  blr
loc_FFEBEF2C:
FFEBEF2C* 2C090003  cmpwi   cr0, r9, 0x3
FFEBEF30* 40820028  bne     loc_FFEBEF58
FFEBEF34  38600028  li      r3, 0x28
FFEBEF38  B07F0088  sth     r3, 0x88(r31)
FFEBEF3C  38800000  li      r4, 0x0
FFEBEF40  B09F0074  sth     r4, 0x74(r31)
FFEBEF44  80010058  lwz     r0, 0x58(r1)
FFEBEF48  30210050  addic   r1, r1, 0x50
FFEBEF4C  7C0803A6  mtspr   LR, r0
FFEBEF50  BB61FFEC  lmw     r27, -0x14(r1)
FFEBEF54  4E800020  blr
loc_FFEBEF58:
FFEBEF58* 2C090004  cmpwi   cr0, r9, 0x4
FFEBEF5C* 40820020  bne     loc_FFEBEF7C
FFEBEF60  38600000  li      r3, 0x0
FFEBEF64  B07F0088  sth     r3, 0x88(r31)
FFEBEF68  80010058  lwz     r0, 0x58(r1)
FFEBEF6C  30210050  addic   r1, r1, 0x50
FFEBEF70  7C0803A6  mtspr   LR, r0
FFEBEF74  BB61FFEC  lmw     r27, -0x14(r1)
FFEBEF78  4E800020  blr
loc_FFEBEF7C:
FFEBEF7C* 2C090001  cmpwi   cr0, r9, 0x1
FFEBEF80* 40820020  bne     loc_FFEBEFA0
FFEBEF84* 38600025  li      r3, 0x25
FFEBEF88* B07F0088  sth     r3, 0x88(r31)
FFEBEF8C* 80010058  lwz     r0, 0x58(r1)
FFEBEF90* 30210050  addic   r1, r1, 0x50
FFEBEF94* 7C0803A6  mtspr   LR, r0
FFEBEF98* BB61FFEC  lmw     r27, -0x14(r1)
FFEBEF9C* 4E800020  blr
loc_FFEBEFA0:
FFEBEFA0  2C09E113  cmpwi   cr0, r9, 0xE113
FFEBEFA4  40820020  bne     loc_FFEBEFC4
FFEBEFA8  38600013  li      r3, 0x13
FFEBEFAC  B07F0088  sth     r3, 0x88(r31)
FFEBEFB0  80010058  lwz     r0, 0x58(r1)
FFEBEFB4  30210050  addic   r1, r1, 0x50
FFEBEFB8  7C0803A6  mtspr   LR, r0
FFEBEFBC  BB61FFEC  lmw     r27, -0x14(r1)
FFEBEFC0  4E800020  blr
loc_FFEBEFC4:
FFEBEFC4  3860000E  li      r3, 0xE
FFEBEFC8  48005AE5  bl      sub_FFEC4AAC
FFEBEFCC  80410014  lwz     r2, 0x14(r1)
FFEBEFD0  80010058  lwz     r0, 0x58(r1)
FFEBEFD4  30210050  addic   r1, r1, 0x50
FFEBEFD8  7C0803A6  mtspr   LR, r0
FFEBEFDC  BB61FFEC  lmw     r27, -0x14(r1)
FFEBEFE0  4E800020  blr

sub_FFEBEFE4:
FFEBEFE4? 7C0802A6  mfspr   r0, LR
FFEBEFE8? BFC1FFF8  stmw    r30, -0x8(r1)
FFEBEFEC? 90010008  stw     r0, 0x8(r1)
FFEBEFF0? 9421FFC0  stwu    r1, -0x40(r1)
FFEBEFF4? 609F0000  ori     r31, r4, 0x0
FFEBEFF8? 38A00015  li      r5, 0x15
FFEBEFFC? B0BF0088  sth     r5, 0x88(r31)
FFEBF000? 88DF009D  lbz     r6, 0x9D(r31)
FFEBF004? 80E2FDD4  lwz     r7, -0x22C(r2)
FFEBF008? 2806000B  cmplwi  cr0, r6, 0xB
FFEBF00C? 418101D0  bgt     loc_FFEBF1DC
FFEBF010? 54C8103A  slwi    r8, r6, 2
FFEBF014? 7D07402E  lwzx    r8, r7, r8
FFEBF018? 7D074014  addc    r8, r7, r8
FFEBF01C? 7D0803A6  mtspr   LR, r8
FFEBF020? 4E800020  blr
FFEBF024? 38600001  li      r3, 0x1
FFEBF028? B07F0094  sth     r3, 0x94(r31)
FFEBF02C? 819F000C  lwz     r12, 0xC(r31)
FFEBF030? 307F008C  addic   r3, r31, 0x8C
FFEBF034? 48005CD1  bl      sub_FFEC4D04
FFEBF038? 80410014  lwz     r2, 0x14(r1)
FFEBF03C? 80010048  lwz     r0, 0x48(r1)
FFEBF040? 30210040  addic   r1, r1, 0x40
FFEBF044? 7C0803A6  mtspr   LR, r0
FFEBF048? BBC1FFF8  lmw     r30, -0x8(r1)
FFEBF04C? 4E800020  blr
FFEBF050? 819F0020  lwz     r12, 0x20(r31)
FFEBF054? 807F0000  lwz     r3, 0x0(r31)
FFEBF058? 3BC00004  li      r30, 0x4
FFEBF05C? 48005CA9  bl      sub_FFEC4D04
FFEBF060? 80410014  lwz     r2, 0x14(r1)
FFEBF064? B3DF0094  sth     r30, 0x94(r31)
FFEBF068? 819F000C  lwz     r12, 0xC(r31)
FFEBF06C? 307F008C  addic   r3, r31, 0x8C
FFEBF070? 48005C95  bl      sub_FFEC4D04
FFEBF074? 80410014  lwz     r2, 0x14(r1)
FFEBF078? 80010048  lwz     r0, 0x48(r1)
FFEBF07C? 30210040  addic   r1, r1, 0x40
FFEBF080? 7C0803A6  mtspr   LR, r0
FFEBF084? BBC1FFF8  lmw     r30, -0x8(r1)
FFEBF088? 4E800020  blr
FFEBF08C? 3860000E  li      r3, 0xE
FFEBF090? B07F0088  sth     r3, 0x88(r31)
FFEBF094? 38800008  li      r4, 0x8
FFEBF098? B09F0094  sth     r4, 0x94(r31)
FFEBF09C? 819F000C  lwz     r12, 0xC(r31)
FFEBF0A0? 307F008C  addic   r3, r31, 0x8C
FFEBF0A4? 48005C61  bl      sub_FFEC4D04
FFEBF0A8? 80410014  lwz     r2, 0x14(r1)
FFEBF0AC? 80010048  lwz     r0, 0x48(r1)
FFEBF0B0? 30210040  addic   r1, r1, 0x40
FFEBF0B4? 7C0803A6  mtspr   LR, r0
FFEBF0B8? BBC1FFF8  lmw     r30, -0x8(r1)
FFEBF0BC? 4E800020  blr
FFEBF0C0? 3880001B  li      r4, 0x1B
FFEBF0C4? B09F0088  sth     r4, 0x88(r31)
FFEBF0C8? 812300C4  lwz     r9, 0xC4(r3)
FFEBF0CC? 2C090000  cmpwi   cr0, r9, 0x0
FFEBF0D0? 40820058  bne     loc_FFEBF128
FFEBF0D4? A08300BE  lhz     r4, 0xBE(r3)
FFEBF0D8? 54840673  rlwinm. r4, r4, 0, 25, 25
FFEBF0DC? 41820010  beq     loc_FFEBF0EC
FFEBF0E0? 38600005  li      r3, 0x5
FFEBF0E4? 987F00A0  stb     r3, 0xA0(r31)
FFEBF0E8? 48000070  b       loc_FFEBF158
loc_FFEBF0EC:
FFEBF0EC? 38600008  li      r3, 0x8
FFEBF0F0? 987F00A0  stb     r3, 0xA0(r31)
FFEBF0F4? 48000064  b       loc_FFEBF158
loc_FFEBF0F8:
FFEBF0F8? 38800011  li      r4, 0x11
FFEBF0FC? 989F00A0  stb     r4, 0xA0(r31)
FFEBF100? A0A300BE  lhz     r5, 0xBE(r3)
FFEBF104? 60A50012  ori     r5, r5, 0x12
FFEBF108? B0A300BE  sth     r5, 0xBE(r3)
FFEBF10C? 4800004C  b       loc_FFEBF158
loc_FFEBF110:
FFEBF110? 38800006  li      r4, 0x6
FFEBF114? 989F00A0  stb     r4, 0xA0(r31)
FFEBF118? A0A300BE  lhz     r5, 0xBE(r3)
FFEBF11C? 60A50011  ori     r5, r5, 0x11
FFEBF120? B0A300BE  sth     r5, 0xBE(r3)
FFEBF124? 48000034  b       loc_FFEBF158
loc_FFEBF128:
FFEBF128? 89290008  lbz     r9, 0x8(r9)
FFEBF12C? 2C090013  cmpwi   cr0, r9, 0x13
FFEBF130? 4182FFC8  beq     loc_FFEBF0F8
FFEBF134? 2C090010  cmpwi   cr0, r9, 0x10
FFEBF138? 4182FFD8  beq     loc_FFEBF110
FFEBF13C? 2C090012  cmpwi   cr0, r9, 0x12
FFEBF140? 40820018  bne     loc_FFEBF158
FFEBF144? 3880000C  li      r4, 0xC
FFEBF148? 989F00A0  stb     r4, 0xA0(r31)
FFEBF14C? A0A300BE  lhz     r5, 0xBE(r3)
FFEBF150? 60A50014  ori     r5, r5, 0x14
FFEBF154? B0A300BE  sth     r5, 0xBE(r3)
loc_FFEBF158:
FFEBF158? 38600001  li      r3, 0x1
FFEBF15C? 987F009F  stb     r3, 0x9F(r31)
FFEBF160? 38800007  li      r4, 0x7
FFEBF164? B09F0094  sth     r4, 0x94(r31)
FFEBF168? 819F000C  lwz     r12, 0xC(r31)
FFEBF16C? 307F008C  addic   r3, r31, 0x8C
FFEBF170? 48005B95  bl      sub_FFEC4D04
FFEBF174? 80410014  lwz     r2, 0x14(r1)
FFEBF178? 80010048  lwz     r0, 0x48(r1)
FFEBF17C? 30210040  addic   r1, r1, 0x40
FFEBF180? 7C0803A6  mtspr   LR, r0
FFEBF184? BBC1FFF8  lmw     r30, -0x8(r1)
FFEBF188? 4E800020  blr
FFEBF18C? 38600011  li      r3, 0x11
FFEBF190? B07F0094  sth     r3, 0x94(r31)
FFEBF194? 819F000C  lwz     r12, 0xC(r31)
FFEBF198? 307F008C  addic   r3, r31, 0x8C
FFEBF19C? 3BC0000C  li      r30, 0xC
FFEBF1A0? 48005B65  bl      sub_FFEC4D04
FFEBF1A4? 80410014  lwz     r2, 0x14(r1)
FFEBF1A8? B3DF0088  sth     r30, 0x88(r31)
FFEBF1AC? 80010048  lwz     r0, 0x48(r1)
FFEBF1B0? 30210040  addic   r1, r1, 0x40
FFEBF1B4? 7C0803A6  mtspr   LR, r0
FFEBF1B8? BBC1FFF8  lmw     r30, -0x8(r1)
FFEBF1BC? 4E800020  blr
FFEBF1C0? 38600026  li      r3, 0x26
FFEBF1C4? B07F0088  sth     r3, 0x88(r31)
FFEBF1C8? 80010048  lwz     r0, 0x48(r1)
FFEBF1CC? 30210040  addic   r1, r1, 0x40
FFEBF1D0? 7C0803A6  mtspr   LR, r0
FFEBF1D4? BBC1FFF8  lmw     r30, -0x8(r1)
FFEBF1D8? 4E800020  blr
loc_FFEBF1DC:
FFEBF1DC? 3860000E  li      r3, 0xE
FFEBF1E0? 480058CD  bl      sub_FFEC4AAC
FFEBF1E4? 80410014  lwz     r2, 0x14(r1)
FFEBF1E8? 80010048  lwz     r0, 0x48(r1)
FFEBF1EC? 30210040  addic   r1, r1, 0x40
FFEBF1F0? 7C0803A6  mtspr   LR, r0
FFEBF1F4? BBC1FFF8  lmw     r30, -0x8(r1)
FFEBF1F8? 4E800020  blr
FFEBF1FCd FFFFFE28  .long   0xFFFFFE28                         ; -> 68k emulator opcode dispatch table
FFEBF200d FFFFFE28  .long   0xFFFFFE28                         ; -> 68k emulator opcode dispatch table
FFEBF204d FFFFFF90  .long   0xFFFFFF90                         ; -> 68k emulator opcode dispatch table
FFEBF208d FFFFFE90  .long   0xFFFFFE90                         ; -> 68k emulator opcode dispatch table
FFEBF20Cd FFFFFFE0  .long   0xFFFFFFE0                         ; -> 68k emulator opcode dispatch table
FFEBF210d FFFFFFE0  .long   0xFFFFFFE0                         ; -> 68k emulator opcode dispatch table
FFEBF214d FFFFFEC4  .long   0xFFFFFEC4                         ; -> 68k emulator opcode dispatch table
FFEBF218d FFFFFFE0  .long   0xFFFFFFE0                         ; -> 68k emulator opcode dispatch table
FFEBF21Cd FFFFFFC4  .long   0xFFFFFFC4                         ; -> 68k emulator opcode dispatch table
FFEBF220d FFFFFFE0  .long   0xFFFFFFE0                         ; -> 68k emulator opcode dispatch table
FFEBF224d FFFFFFE0  .long   0xFFFFFFE0                         ; -> 68k emulator opcode dispatch table
FFEBF228d FFFFFE54  .long   0xFFFFFE54                         ; -> 68k emulator opcode dispatch table
FFEBF22Cd FFFFFFE0  .long   0xFFFFFFE0                         ; -> 68k emulator opcode dispatch table

sub_FFEBF230:
FFEBF230* 7C0802A6  mfspr   r0, LR
FFEBF234* 7D800026  mfcr    r12
FFEBF238* BE41FFC8  stmw    r18, -0x38(r1)
FFEBF23C* 90010008  stw     r0, 0x8(r1)
FFEBF240* 91810004  stw     r12, 0x4(r1)
FFEBF244* 9421FF90  stwu    r1, -0x70(r1)
FFEBF248* 60BF0000  ori     r31, r5, 0x0
FFEBF24C* 83DF0090  lwz     r30, 0x90(r31)
FFEBF250* 60940000  ori     r20, r4, 0x0
FFEBF254* 60780000  ori     r24, r3, 0x0
FFEBF258* 8242FDD8  lwz     r18, -0x228(r2)
FFEBF25C* 8262FDDC  lwz     r19, -0x224(r2)
FFEBF260* 8BBE000E  lbz     r29, 0xE(r30)
FFEBF264* 2D1E0000  cmpwi   cr2, r30, 0x0
loc_FFEBF268:
FFEBF268* AB9F0096  lha     r28, 0x96(r31)
FFEBF26C* A91F0088  lha     r8, 0x88(r31)
FFEBF270* 418A00C8  beq     cr2, loc_FFEBF338
FFEBF274* 80FE00C4  lwz     r7, 0xC4(r30)
FFEBF278* 2C070000  cmpwi   cr0, r7, 0x0
FFEBF27C* 418200BC  beq     loc_FFEBF338
FFEBF280  2C080000  cmpwi   cr0, r8, 0x0
FFEBF284  418200B4  beq     loc_FFEBF338
FFEBF288  2C080017  cmpwi   cr0, r8, 0x17
FFEBF28C  418200AC  beq     loc_FFEBF338
FFEBF290  A0BE00BE  lhz     r5, 0xBE(r30)
FFEBF294  54A506F7  rlwinm. r5, r5, 0, 27, 27
FFEBF298  408200A0  bne     loc_FFEBF338
FFEBF29C  893F009D  lbz     r9, 0x9D(r31)
FFEBF2A0  2C090008  cmpwi   cr0, r9, 0x8
FFEBF2A4  41820094  beq     loc_FFEBF338
FFEBF2A8  2C090006  cmpwi   cr0, r9, 0x6
FFEBF2AC  4182008C  beq     loc_FFEBF338
FFEBF2B0  2C090003  cmpwi   cr0, r9, 0x3
FFEBF2B4  40820070  bne     loc_FFEBF324
FFEBF2B8  89270008  lbz     r9, 0x8(r7)
FFEBF2BC  2F890013  cmpwi   cr7, r9, 0x13
FFEBF2C0  48000054  b       loc_FFEBF314
loc_FFEBF2C4:
FFEBF2C4  38A0E109  li      r5, -0x1EF7
FFEBF2C8  B0A7000A  sth     r5, 0xA(r7)
FFEBF2CC  807E00C4  lwz     r3, 0xC4(r30)
FFEBF2D0  63E40000  ori     r4, r31, 0x0
FFEBF2D4  3B400000  li      r26, 0x0
FFEBF2D8  4BFFD7DD  bl      sub_FFEBCAB4
FFEBF2DC  60000000  nop
FFEBF2E0  935E00C4  stw     r26, 0xC4(r30)
FFEBF2E4  A91F0088  lha     r8, 0x88(r31)
FFEBF2E8  48000050  b       loc_FFEBF338
loc_FFEBF2EC:
FFEBF2EC  38A0E103  li      r5, -0x1EFD
FFEBF2F0  B0A7000A  sth     r5, 0xA(r7)
FFEBF2F4  807E00C4  lwz     r3, 0xC4(r30)
FFEBF2F8  63E40000  ori     r4, r31, 0x0
FFEBF2FC  3B400000  li      r26, 0x0
FFEBF300  4BFFD7B5  bl      sub_FFEBCAB4
FFEBF304  60000000  nop
FFEBF308  935E00C4  stw     r26, 0xC4(r30)
FFEBF30C  A91F0088  lha     r8, 0x88(r31)
FFEBF310  48000028  b       loc_FFEBF338
loc_FFEBF314:
FFEBF314  419EFFB0  beq     cr7, loc_FFEBF2C4
FFEBF318  2C090010  cmpwi   cr0, r9, 0x10
FFEBF31C  4182FFD0  beq     loc_FFEBF2EC
FFEBF320  48000018  b       loc_FFEBF338
loc_FFEBF324:
FFEBF324  819F0020  lwz     r12, 0x20(r31)
FFEBF328  807F0000  lwz     r3, 0x0(r31)
FFEBF32C  480059D9  bl      sub_FFEC4D04
FFEBF330  80410014  lwz     r2, 0x14(r1)
FFEBF334  A91F0088  lha     r8, 0x88(r31)
loc_FFEBF338:
FFEBF338* 28080029  cmplwi  cr0, r8, 0x29
FFEBF33C* 4181FF2C  bgt     loc_FFEBF268
FFEBF340* 5505103A  slwi    r5, r8, 2
FFEBF344* 7CB3282E  lwzx    r5, r19, r5
FFEBF348* 7CB32814  addc    r5, r19, r5
FFEBF34C* 7CA803A6  mtspr   LR, r5
FFEBF350* 4E800020  blr
FFEBF354* 88BE0008  lbz     r5, 0x8(r30)
FFEBF358* 7F3FE814  addc    r25, r31, r29
FFEBF35C* 2C050084  cmpwi   cr0, r5, 0x84
FFEBF360* 339F008C  addic   r28, r31, 0x8C
FFEBF364* 3AC00001  li      r22, 0x1
FFEBF368* 41820188  beq     loc_FFEBF4F0
FFEBF36C* 88BF00C8  lbz     r5, 0xC8(r31)
FFEBF370* 811E0014  lwz     r8, 0x14(r30)
FFEBF374* 2C050000  cmpwi   cr0, r5, 0x0
FFEBF378* 3B400001  li      r26, 0x1
FFEBF37C* 3AE00000  li      r23, 0x0
FFEBF380* 893E000F  lbz     r9, 0xF(r30)
FFEBF384* 3AA00001  li      r21, 0x1
FFEBF388* 41820024  beq     loc_FFEBF3AC
FFEBF38C  550503DF  rlwinm. r5, r8, 0, 15, 15
FFEBF390  41820010  beq     loc_FFEBF3A0
FFEBF394  30A90080  addic   r5, r9, 0x80
FFEBF398  98BF00A0  stb     r5, 0xA0(r31)
FFEBF39C  4800002C  b       loc_FFEBF3C8
loc_FFEBF3A0:
FFEBF3A0  30A900C0  addic   r5, r9, 0xC0
FFEBF3A4  98BF00A0  stb     r5, 0xA0(r31)
FFEBF3A8  48000020  b       loc_FFEBF3C8
loc_FFEBF3AC:
FFEBF3AC* 5505039D  rlwinm. r5, r8, 0, 14, 14
FFEBF3B0* 41820010  beq     loc_FFEBF3C0
FFEBF3B4  30A900C0  addic   r5, r9, 0xC0
FFEBF3B8  98BF00A0  stb     r5, 0xA0(r31)
FFEBF3BC  4800000C  b       loc_FFEBF3C8
loc_FFEBF3C0:
FFEBF3C0* 30A90080  addic   r5, r9, 0x80
FFEBF3C4* 98BF00A0  stb     r5, 0xA0(r31)
loc_FFEBF3C8:
FFEBF3C8* 893900D4  lbz     r9, 0xD4(r25)
FFEBF3CC* 2C090000  cmpwi   cr0, r9, 0x0
FFEBF3D0* 4182001C  beq     loc_FFEBF3EC
FFEBF3D4  819F0028  lwz     r12, 0x28(r31)
FFEBF3D8  889900DC  lbz     r4, 0xDC(r25)
FFEBF3DC  80BF0000  lwz     r5, 0x0(r31)
FFEBF3E0  61230000  ori     r3, r9, 0x0
FFEBF3E4  48005921  bl      sub_FFEC4D04
FFEBF3E8  80410014  lwz     r2, 0x14(r1)
loc_FFEBF3EC:
FFEBF3EC* 9B5F009F  stb     r26, 0x9F(r31)
FFEBF3F0* 9B5F009C  stb     r26, 0x9C(r31)
FFEBF3F4* B2BF0088  sth     r21, 0x88(r31)
FFEBF3F8* 80FE00C4  lwz     r7, 0xC4(r30)
FFEBF3FC* 2C070000  cmpwi   cr0, r7, 0x0
FFEBF400* 4182006C  beq     loc_FFEBF46C
FFEBF404  89270008  lbz     r9, 0x8(r7)
FFEBF408  39000000  li      r8, 0x0
FFEBF40C  38E00002  li      r7, 0x2
FFEBF410  38C00003  li      r6, 0x3
FFEBF414  4800001C  b       loc_FFEBF430
loc_FFEBF418:
FFEBF418  38A00011  li      r5, 0x11
FFEBF41C  98BF00A1  stb     r5, 0xA1(r31)
FFEBF420  48000030  b       loc_FFEBF450
loc_FFEBF424:
FFEBF424  38A00006  li      r5, 0x6
FFEBF428  98BF00A1  stb     r5, 0xA1(r31)
FFEBF42C  48000024  b       loc_FFEBF450
loc_FFEBF430:
FFEBF430  2C090013  cmpwi   cr0, r9, 0x13
FFEBF434  4182FFE4  beq     loc_FFEBF418
FFEBF438  2C090010  cmpwi   cr0, r9, 0x10
FFEBF43C  4182FFE8  beq     loc_FFEBF424
FFEBF440  2C090012  cmpwi   cr0, r9, 0x12
FFEBF444  4082000C  bne     loc_FFEBF450
FFEBF448  38A0000C  li      r5, 0xC
FFEBF44C  98BF00A1  stb     r5, 0xA1(r31)
loc_FFEBF450:
FFEBF450  98FF009F  stb     r7, 0x9F(r31)
FFEBF454  991F009C  stb     r8, 0x9C(r31)
FFEBF458  A0BE00BE  lhz     r5, 0xBE(r30)
FFEBF45C  60A50010  ori     r5, r5, 0x10
FFEBF460  B0BE00BE  sth     r5, 0xBE(r30)
FFEBF464  B0DF0088  sth     r6, 0x88(r31)
FFEBF468  4800006C  b       loc_FFEBF4D4
loc_FFEBF46C:
FFEBF46C* 80BE0014  lwz     r5, 0x14(r30)
FFEBF470* 54A50255  rlwinm. r5, r5, 0, 9, 10
FFEBF474* 40820010  bne     loc_FFEBF484
FFEBF478* 88B900CC  lbz     r5, 0xCC(r25)
FFEBF47C* 2C050000  cmpwi   cr0, r5, 0x0
FFEBF480* 41820054  beq     loc_FFEBF4D4
loc_FFEBF484:
FFEBF484  9B5F00A1  stb     r26, 0xA1(r31)
FFEBF488  38A00003  li      r5, 0x3
FFEBF48C  98BF00A2  stb     r5, 0xA2(r31)
FFEBF490  9B5F00A3  stb     r26, 0xA3(r31)
FFEBF494  88DF0031  lbz     r6, 0x31(r31)
FFEBF498  39000000  li      r8, 0x0
FFEBF49C  98DF00A4  stb     r6, 0xA4(r31)
FFEBF4A0  817E0014  lwz     r11, 0x14(r30)
FFEBF4A4  39200006  li      r9, 0x6
FFEBF4A8  556B0295  rlwinm. r11, r11, 0, 10, 10
FFEBF4AC  38E00002  li      r7, 0x2
FFEBF4B0  41820010  beq     loc_FFEBF4C0
FFEBF4B4  38A00000  li      r5, 0x0
FFEBF4B8  98BF00A5  stb     r5, 0xA5(r31)
FFEBF4BC  4800000C  b       loc_FFEBF4C8
loc_FFEBF4C0:
FFEBF4C0  88BF0030  lbz     r5, 0x30(r31)
FFEBF4C4  98BF00A5  stb     r5, 0xA5(r31)
loc_FFEBF4C8:
FFEBF4C8  993F009F  stb     r9, 0x9F(r31)
FFEBF4CC  991F009C  stb     r8, 0x9C(r31)
FFEBF4D0  B0FF0088  sth     r7, 0x88(r31)
loc_FFEBF4D4:
FFEBF4D4* B2DE00BC  sth     r22, 0xBC(r30)
FFEBF4D8* B2FF0094  sth     r23, 0x94(r31)
FFEBF4DC* 819F000C  lwz     r12, 0xC(r31)
FFEBF4E0* 63830000  ori     r3, r28, 0x0
FFEBF4E4* 48005821  bl      sub_FFEC4D04
FFEBF4E8* 80410014  lwz     r2, 0x14(r1)
FFEBF4EC* 4BFFFD7C  b       loc_FFEBF268
loc_FFEBF4F0:
FFEBF4F0  893900D4  lbz     r9, 0xD4(r25)
FFEBF4F4  3B400004  li      r26, 0x4
FFEBF4F8  2C090000  cmpwi   cr0, r9, 0x0
FFEBF4FC  3AE0000F  li      r23, 0xF
FFEBF500  4182001C  beq     loc_FFEBF51C
FFEBF504  819F0028  lwz     r12, 0x28(r31)
FFEBF508  889900DC  lbz     r4, 0xDC(r25)
FFEBF50C  80BF0000  lwz     r5, 0x0(r31)
FFEBF510  61230000  ori     r3, r9, 0x0
FFEBF514  480057F1  bl      sub_FFEC4D04
FFEBF518  80410014  lwz     r2, 0x14(r1)
loc_FFEBF51C:
FFEBF51C  B2DE00BC  sth     r22, 0xBC(r30)
FFEBF520  B35F0088  sth     r26, 0x88(r31)
FFEBF524  B2FF0094  sth     r23, 0x94(r31)
FFEBF528  819F000C  lwz     r12, 0xC(r31)
FFEBF52C  63830000  ori     r3, r28, 0x0
FFEBF530  480057D5  bl      sub_FFEC4D04
FFEBF534  80410014  lwz     r2, 0x14(r1)
FFEBF538  4BFFFD30  b       loc_FFEBF268
FFEBF53C? 38A0000D  li      r5, 0xD
FFEBF540? B0BF0094  sth     r5, 0x94(r31)
FFEBF544? 819F000C  lwz     r12, 0xC(r31)
FFEBF548? 307F008C  addic   r3, r31, 0x8C
FFEBF54C? 480057B9  bl      sub_FFEC4D04
FFEBF550? 80410014  lwz     r2, 0x14(r1)
FFEBF554? A93F0096  lha     r9, 0x96(r31)
FFEBF558? 2C090002  cmpwi   cr0, r9, 0x2
FFEBF55C? 40820020  bne     loc_FFEBF57C
FFEBF560? 63E30000  ori     r3, r31, 0x0
FFEBF564? 4BFFED01  bl      sub_FFEBE264
FFEBF568? 60000000  nop
FFEBF56C? 83DF0090  lwz     r30, 0x90(r31)
FFEBF570? 8BBE000E  lbz     r29, 0xE(r30)
FFEBF574? 2D1E0000  cmpwi   cr2, r30, 0x0
FFEBF578? 4BFFFCF0  b       loc_FFEBF268
loc_FFEBF57C:
FFEBF57C? 2C090003  cmpwi   cr0, r9, 0x3
FFEBF580? 4082FCE8  bne     loc_FFEBF268
FFEBF584? 38A00028  li      r5, 0x28
FFEBF588? B0BF0088  sth     r5, 0x88(r31)
FFEBF58C? 38C00029  li      r6, 0x29
FFEBF590? B0DF0074  sth     r6, 0x74(r31)
FFEBF594? 4BFFFCD4  b       loc_FFEBF268
FFEBF598? 3B800000  li      r28, 0x0
FFEBF59C? 9B9F0084  stb     r28, 0x84(r31)
FFEBF5A0? 38A00013  li      r5, 0x13
FFEBF5A4? B0BF0094  sth     r5, 0x94(r31)
FFEBF5A8? 819F000C  lwz     r12, 0xC(r31)
FFEBF5AC? 307F008C  addic   r3, r31, 0x8C
FFEBF5B0? 48005755  bl      sub_FFEC4D04
FFEBF5B4? 80410014  lwz     r2, 0x14(r1)
FFEBF5B8? AB3F0074  lha     r25, 0x74(r31)
FFEBF5BC? B33F0088  sth     r25, 0x88(r31)
FFEBF5C0? 4BFFFCA8  b       loc_FFEBF268
FFEBF5C4* 2C1C0000  cmpwi   cr0, r28, 0x0
FFEBF5C8* 40820020  bne     loc_FFEBF5E8
FFEBF5CC  38A00003  li      r5, 0x3
FFEBF5D0  B0BE00BC  sth     r5, 0xBC(r30)
FFEBF5D4  63C30000  ori     r3, r30, 0x0
FFEBF5D8  63E40000  ori     r4, r31, 0x0
FFEBF5DC  4BFFEE25  bl      sub_FFEBE400
FFEBF5E0  60000000  nop
FFEBF5E4  4BFFFC84  b       loc_FFEBF268
loc_FFEBF5E8:
FFEBF5E8* 2C1C0002  cmpwi   cr0, r28, 0x2
FFEBF5EC* 40820028  bne     loc_FFEBF614
FFEBF5F0  38A00000  li      r5, 0x0
FFEBF5F4  B0BE00BC  sth     r5, 0xBC(r30)
FFEBF5F8  63E30000  ori     r3, r31, 0x0
FFEBF5FC  4BFFEC69  bl      sub_FFEBE264
FFEBF600  60000000  nop
FFEBF604  83DF0090  lwz     r30, 0x90(r31)
FFEBF608  8BBE000E  lbz     r29, 0xE(r30)
FFEBF60C  2D1E0000  cmpwi   cr2, r30, 0x0
FFEBF610  4BFFFC58  b       loc_FFEBF268
loc_FFEBF614:
FFEBF614* 63C30000  ori     r3, r30, 0x0
FFEBF618* 63E40000  ori     r4, r31, 0x0
FFEBF61C* 4BFFF709  bl      sub_FFEBED24
FFEBF620* 60000000  nop
FFEBF624* 83DF0090  lwz     r30, 0x90(r31)
FFEBF628* 8BBE000E  lbz     r29, 0xE(r30)
FFEBF62C* 2D1E0000  cmpwi   cr2, r30, 0x0
FFEBF630* 4BFFFC38  b       loc_FFEBF268
FFEBF634? 2C1C0000  cmpwi   cr0, r28, 0x0
FFEBF638? 408200F4  bne     loc_FFEBF72C
FFEBF63C? 88BE000E  lbz     r5, 0xE(r30)
FFEBF640? 39000000  li      r8, 0x0
FFEBF644? 7CDF2814  addc    r6, r31, r5
FFEBF648? 990600CC  stb     r8, 0xCC(r6)
FFEBF64C? 893F009E  lbz     r9, 0x9E(r31)
FFEBF650? 2C090005  cmpwi   cr0, r9, 0x5
FFEBF654? 4082006C  bne     loc_FFEBF6C0
FFEBF658? 88BF00A0  lbz     r5, 0xA0(r31)
FFEBF65C? 2C050001  cmpwi   cr0, r5, 0x1
FFEBF660? 408200B8  bne     loc_FFEBF718
FFEBF664? 88BF00A2  lbz     r5, 0xA2(r31)
FFEBF668? 2C050001  cmpwi   cr0, r5, 0x1
FFEBF66C? 408200AC  bne     loc_FFEBF718
FFEBF670? 88BF00A3  lbz     r5, 0xA3(r31)
FFEBF674? 7CDDF814  addc    r6, r29, r31
FFEBF678? 98A600DC  stb     r5, 0xDC(r6)
FFEBF67C? 88FF00A4  lbz     r7, 0xA4(r31)
FFEBF680? 3B800004  li      r28, 0x4
FFEBF684? 98E600D4  stb     r7, 0xD4(r6)
FFEBF688? 891E000E  lbz     r8, 0xE(r30)
FFEBF68C? 819F0028  lwz     r12, 0x28(r31)
FFEBF690? 7D28F814  addc    r9, r8, r31
FFEBF694? 886900D4  lbz     r3, 0xD4(r9)
FFEBF698? 888900DC  lbz     r4, 0xDC(r9)
FFEBF69C? 80BF0000  lwz     r5, 0x0(r31)
FFEBF6A0? 48005665  bl      sub_FFEC4D04
FFEBF6A4? 80410014  lwz     r2, 0x14(r1)
FFEBF6A8? B39F0094  sth     r28, 0x94(r31)
FFEBF6AC? 819F000C  lwz     r12, 0xC(r31)
FFEBF6B0? 307F008C  addic   r3, r31, 0x8C
FFEBF6B4? 48005651  bl      sub_FFEC4D04
FFEBF6B8? 80410014  lwz     r2, 0x14(r1)
FFEBF6BC? 4800005C  b       loc_FFEBF718
loc_FFEBF6C0:
FFEBF6C0? 7CBFE814  addc    r5, r31, r29
FFEBF6C4? 990500D4  stb     r8, 0xD4(r5)
FFEBF6C8? 88DF009E  lbz     r6, 0x9E(r31)
FFEBF6CC? 2C060001  cmpwi   cr0, r6, 0x1
FFEBF6D0? 40820048  bne     loc_FFEBF718
FFEBF6D4? 88BF00A0  lbz     r5, 0xA0(r31)
FFEBF6D8? 2C050007  cmpwi   cr0, r5, 0x7
FFEBF6DC? 4082003C  bne     loc_FFEBF718
FFEBF6E0? 88BE000E  lbz     r5, 0xE(r30)
FFEBF6E4? 819F0028  lwz     r12, 0x28(r31)
FFEBF6E8? 7CDF2814  addc    r6, r31, r5
FFEBF6EC? 888600DC  lbz     r4, 0xDC(r6)
FFEBF6F0? 80BF0000  lwz     r5, 0x0(r31)
FFEBF6F4? 38600000  li      r3, 0x0
FFEBF6F8? 3B800004  li      r28, 0x4
FFEBF6FC? 48005609  bl      sub_FFEC4D04
FFEBF700? 80410014  lwz     r2, 0x14(r1)
FFEBF704? B39F0094  sth     r28, 0x94(r31)
FFEBF708? 819F000C  lwz     r12, 0xC(r31)
FFEBF70C? 307F008C  addic   r3, r31, 0x8C
FFEBF710? 480055F5  bl      sub_FFEC4D04
FFEBF714? 80410014  lwz     r2, 0x14(r1)
loc_FFEBF718:
FFEBF718? 63C30000  ori     r3, r30, 0x0
FFEBF71C? 63E40000  ori     r4, r31, 0x0
FFEBF720? 4BFFF285  bl      sub_FFEBE9A4
FFEBF724? 60000000  nop
FFEBF728? 4BFFFB40  b       loc_FFEBF268
loc_FFEBF72C:
FFEBF72C? 2C1C0002  cmpwi   cr0, r28, 0x2
FFEBF730? 40820028  bne     loc_FFEBF758
FFEBF734? 38A00000  li      r5, 0x0
FFEBF738? B0BE00BC  sth     r5, 0xBC(r30)
FFEBF73C? 63E30000  ori     r3, r31, 0x0
FFEBF740? 4BFFEB25  bl      sub_FFEBE264
FFEBF744? 60000000  nop
FFEBF748? 83DF0090  lwz     r30, 0x90(r31)
FFEBF74C? 8BBE000E  lbz     r29, 0xE(r30)
FFEBF750? 2D1E0000  cmpwi   cr2, r30, 0x0
FFEBF754? 4BFFFB14  b       loc_FFEBF268
loc_FFEBF758:
FFEBF758? 63C30000  ori     r3, r30, 0x0
FFEBF75C? 63E40000  ori     r4, r31, 0x0
FFEBF760? 4BFFF5C5  bl      sub_FFEBED24
FFEBF764? 60000000  nop
FFEBF768? 83DF0090  lwz     r30, 0x90(r31)
FFEBF76C? 8BBE000E  lbz     r29, 0xE(r30)
FFEBF770? 2D1E0000  cmpwi   cr2, r30, 0x0
FFEBF774? 4BFFFAF4  b       loc_FFEBF268
FFEBF778? 2C1C0000  cmpwi   cr0, r28, 0x0
FFEBF77C? 408201DC  bne     loc_FFEBF958
FFEBF780? 893F009D  lbz     r9, 0x9D(r31)
FFEBF784? 2F090008  cmpwi   cr6, r9, 0x8
FFEBF788? 419A000C  beq     cr6, loc_FFEBF794
FFEBF78C? 2C090003  cmpwi   cr0, r9, 0x3
FFEBF790? 40820174  bne     loc_FFEBF904
loc_FFEBF794:
FFEBF794? 80BE00C4  lwz     r5, 0xC4(r30)
FFEBF798? 89250008  lbz     r9, 0x8(r5)
FFEBF79C? 2F890013  cmpwi   cr7, r9, 0x13
FFEBF7A0? 48000108  b       loc_FFEBF8A8
loc_FFEBF7A4:
FFEBF7A4? A0BE00BE  lhz     r5, 0xBE(r30)
FFEBF7A8? 57A62834  slwi    r6, r29, 5
FFEBF7AC? 60A50012  ori     r5, r5, 0x12
FFEBF7B0? B0BE00BE  sth     r5, 0xBE(r30)
FFEBF7B4? 891E000F  lbz     r8, 0xF(r30)
FFEBF7B8? 57AB1838  slwi    r11, r29, 3
FFEBF7BC? 7CFF3014  addc    r7, r31, r6
FFEBF7C0? 5508103A  slwi    r8, r8, 2
FFEBF7C4? 7D274014  addc    r9, r7, r8
FFEBF7C8? 39400000  li      r10, 0x0
FFEBF7CC? 914900E4  stw     r10, 0xE4(r9)
FFEBF7D0? 8B5E000F  lbz     r26, 0xF(r30)
FFEBF7D4? 7D9F5814  addc    r12, r31, r11
FFEBF7D8? 7F2CD014  addc    r25, r12, r26
FFEBF7DC? 8AF901E4  lbz     r23, 0x1E4(r25)
FFEBF7E0? 56F7003C  clrrwi  r23, r23, 1
FFEBF7E4? 9AF901E4  stb     r23, 0x1E4(r25)
FFEBF7E8? 8ADF009D  lbz     r22, 0x9D(r31)
FFEBF7EC? 2F160008  cmpwi   cr6, r22, 0x8
FFEBF7F0? 480000CC  b       loc_FFEBF8BC
loc_FFEBF7F4:
FFEBF7F4? A0BE00BE  lhz     r5, 0xBE(r30)
FFEBF7F8? 57A62834  slwi    r6, r29, 5
FFEBF7FC? 60A50011  ori     r5, r5, 0x11
FFEBF800? B0BE00BE  sth     r5, 0xBE(r30)
FFEBF804? 891E000F  lbz     r8, 0xF(r30)
FFEBF808? 57AB1838  slwi    r11, r29, 3
FFEBF80C? 7CFF3014  addc    r7, r31, r6
FFEBF810? 5508103A  slwi    r8, r8, 2
FFEBF814? 7D274014  addc    r9, r7, r8
FFEBF818? 39400000  li      r10, 0x0
FFEBF81C? 914900E4  stw     r10, 0xE4(r9)
FFEBF820? 8B5E000F  lbz     r26, 0xF(r30)
FFEBF824? 7D9F5814  addc    r12, r31, r11
FFEBF828? 7F2CD014  addc    r25, r12, r26
FFEBF82C? 8AF901E4  lbz     r23, 0x1E4(r25)
FFEBF830? 56F7003C  clrrwi  r23, r23, 1
FFEBF834? 9AF901E4  stb     r23, 0x1E4(r25)
FFEBF838? 8ADF009D  lbz     r22, 0x9D(r31)
FFEBF83C? 2F160008  cmpwi   cr6, r22, 0x8
FFEBF840? 4800007C  b       loc_FFEBF8BC
loc_FFEBF844:
FFEBF844? A0BE00BE  lhz     r5, 0xBE(r30)
FFEBF848? 57A71838  slwi    r7, r29, 3
FFEBF84C? 60A50014  ori     r5, r5, 0x14
FFEBF850? B0BE00BE  sth     r5, 0xBE(r30)
FFEBF854? 57A62834  slwi    r6, r29, 5
FFEBF858? 7D06F814  addc    r8, r6, r31
FFEBF85C? 7CFF3814  addc    r7, r31, r7
FFEBF860? 39200000  li      r9, 0x0
FFEBF864? 48000008  b       loc_FFEBF86C
loc_FFEBF868:
FFEBF868? 40800034  bge     loc_FFEBF89C
loc_FFEBF86C:
FFEBF86C? 5525103A  slwi    r5, r9, 2
FFEBF870? 7CC54014  addc    r6, r5, r8
FFEBF874? 39400000  li      r10, 0x0
FFEBF878? 7D693814  addc    r11, r9, r7
FFEBF87C? 914600E4  stw     r10, 0xE4(r6)
FFEBF880? 33490001  addic   r26, r9, 0x1
FFEBF884? 898B01E4  lbz     r12, 0x1E4(r11)
FFEBF888? 5749063E  clrlwi  r9, r26, 24
FFEBF88C? 558C003C  clrrwi  r12, r12, 1
FFEBF890? 998B01E4  stb     r12, 0x1E4(r11)
FFEBF894? 2C090008  cmpwi   cr0, r9, 0x8
FFEBF898? 4BFFFFD0  b       loc_FFEBF868
loc_FFEBF89C:
FFEBF89C? 88BF009D  lbz     r5, 0x9D(r31)
FFEBF8A0? 2F050008  cmpwi   cr6, r5, 0x8
FFEBF8A4? 48000018  b       loc_FFEBF8BC
loc_FFEBF8A8:
FFEBF8A8? 419EFEFC  beq     cr7, loc_FFEBF7A4
FFEBF8AC? 2C090010  cmpwi   cr0, r9, 0x10
FFEBF8B0? 4182FF44  beq     loc_FFEBF7F4
FFEBF8B4? 2C090012  cmpwi   cr0, r9, 0x12
FFEBF8B8? 4182FF8C  beq     loc_FFEBF844
loc_FFEBF8BC:
FFEBF8BC? 409A002C  bne     cr6, loc_FFEBF8E8
FFEBF8C0? B3980000  sth     r28, 0x0(r24)
FFEBF8C4? 38600001  li      r3, 0x1
FFEBF8C8? 93D40000  stw     r30, 0x0(r20)
FFEBF8CC? 80010078  lwz     r0, 0x78(r1)
FFEBF8D0? 81810074  lwz     r12, 0x74(r1)
FFEBF8D4? 30210070  addic   r1, r1, 0x70
FFEBF8D8? 7C0803A6  mtspr   LR, r0
FFEBF8DC? BA41FFC8  lmw     r18, -0x38(r1)
FFEBF8E0? 7D838120  mtcrf   0x38, r12
FFEBF8E4? 4E800020  blr
loc_FFEBF8E8:
FFEBF8E8? 38A0E103  li      r5, -0x1EFD
FFEBF8EC? B0B80000  sth     r5, 0x0(r24)
FFEBF8F0? 63C30000  ori     r3, r30, 0x0
FFEBF8F4? 63E40000  ori     r4, r31, 0x0
FFEBF8F8? 4BFFF6ED  bl      sub_FFEBEFE4
FFEBF8FC? 60000000  nop
FFEBF900? 4BFFF968  b       loc_FFEBF268
loc_FFEBF904:
FFEBF904? 2C09000B  cmpwi   cr0, r9, 0xB
FFEBF908? 40820034  bne     loc_FFEBF93C
FFEBF90C? 88BF00A0  lbz     r5, 0xA0(r31)
FFEBF910? 2C050007  cmpwi   cr0, r5, 0x7
FFEBF914? 40820028  bne     loc_FFEBF93C
FFEBF918? 38A00004  li      r5, 0x4
FFEBF91C? B0BF0094  sth     r5, 0x94(r31)
FFEBF920? 819F000C  lwz     r12, 0xC(r31)
FFEBF924? 307F008C  addic   r3, r31, 0x8C
FFEBF928? 3B400027  li      r26, 0x27
FFEBF92C? 480053D9  bl      sub_FFEC4D04
FFEBF930? 80410014  lwz     r2, 0x14(r1)
FFEBF934? B35F0088  sth     r26, 0x88(r31)
FFEBF938? 4BFFF930  b       loc_FFEBF268
loc_FFEBF93C:
FFEBF93C? 38A0E103  li      r5, -0x1EFD
FFEBF940? B0B80000  sth     r5, 0x0(r24)
FFEBF944? 63C30000  ori     r3, r30, 0x0
FFEBF948? 63E40000  ori     r4, r31, 0x0
FFEBF94C? 4BFFF699  bl      sub_FFEBEFE4
FFEBF950? 60000000  nop
FFEBF954? 4BFFF914  b       loc_FFEBF268
loc_FFEBF958:
FFEBF958? 2C1C0002  cmpwi   cr0, r28, 0x2
FFEBF95C? 40820028  bne     loc_FFEBF984
FFEBF960? 38A00000  li      r5, 0x0
FFEBF964? B0BE00BC  sth     r5, 0xBC(r30)
FFEBF968? 63E30000  ori     r3, r31, 0x0
FFEBF96C? 4BFFE8F9  bl      sub_FFEBE264
FFEBF970? 60000000  nop
FFEBF974? 83DF0090  lwz     r30, 0x90(r31)
FFEBF978? 8BBE000E  lbz     r29, 0xE(r30)
FFEBF97C? 2D1E0000  cmpwi   cr2, r30, 0x0
FFEBF980? 4BFFF8E8  b       loc_FFEBF268
loc_FFEBF984:
FFEBF984? 63C30000  ori     r3, r30, 0x0
FFEBF988? 63E40000  ori     r4, r31, 0x0
FFEBF98C? 4BFFF399  bl      sub_FFEBED24
FFEBF990? 60000000  nop
FFEBF994? 83DF0090  lwz     r30, 0x90(r31)
FFEBF998? 8BBE000E  lbz     r29, 0xE(r30)
FFEBF99C? 2D1E0000  cmpwi   cr2, r30, 0x0
FFEBF9A0? 4BFFF8C8  b       loc_FFEBF268
FFEBF9A4? 2C1C0000  cmpwi   cr0, r28, 0x0
FFEBF9A8? 88BF009D  lbz     r5, 0x9D(r31)
FFEBF9AC? B0BE009C  sth     r5, 0x9C(r30)
FFEBF9B0? 40820040  bne     loc_FFEBF9F0
FFEBF9B4? 38A00011  li      r5, 0x11
FFEBF9B8? 38600000  li      r3, 0x0
FFEBF9BC? B0BF0088  sth     r5, 0x88(r31)
FFEBF9C0? 38C00006  li      r6, 0x6
FFEBF9C4? B0DE00BC  sth     r6, 0xBC(r30)
FFEBF9C8? 38800000  li      r4, 0x0
FFEBF9CC? B07E00A0  sth     r3, 0xA0(r30)
FFEBF9D0? 60830000  ori     r3, r4, 0x0
FFEBF9D4? 80010078  lwz     r0, 0x78(r1)
FFEBF9D8? 81810074  lwz     r12, 0x74(r1)
FFEBF9DC? 30210070  addic   r1, r1, 0x70
FFEBF9E0? 7C0803A6  mtspr   LR, r0
FFEBF9E4? BA41FFC8  lmw     r18, -0x38(r1)
FFEBF9E8? 7D838120  mtcrf   0x38, r12
FFEBF9EC? 4E800020  blr
loc_FFEBF9F0:
FFEBF9F0? 2C1C0002  cmpwi   cr0, r28, 0x2
FFEBF9F4? 40820028  bne     loc_FFEBFA1C
FFEBF9F8? 38A00000  li      r5, 0x0
FFEBF9FC? B0BE00BC  sth     r5, 0xBC(r30)
FFEBFA00? 63E30000  ori     r3, r31, 0x0
FFEBFA04? 4BFFE861  bl      sub_FFEBE264
FFEBFA08? 60000000  nop
FFEBFA0C? 83DF0090  lwz     r30, 0x90(r31)
FFEBFA10? 8BBE000E  lbz     r29, 0xE(r30)
FFEBFA14? 2D1E0000  cmpwi   cr2, r30, 0x0
FFEBFA18? 4BFFF850  b       loc_FFEBF268
loc_FFEBFA1C:
FFEBFA1C? 2C1C0003  cmpwi   cr0, r28, 0x3
FFEBFA20? 40820018  bne     loc_FFEBFA38
FFEBFA24? 38A00028  li      r5, 0x28
FFEBFA28? B0BF0088  sth     r5, 0x88(r31)
FFEBFA2C? 38C00000  li      r6, 0x0
FFEBFA30? B0DF0074  sth     r6, 0x74(r31)
FFEBFA34? 4BFFF834  b       loc_FFEBF268
loc_FFEBFA38:
FFEBFA38? 2C1C0001  cmpwi   cr0, r28, 0x1
FFEBFA3C? 40820010  bne     loc_FFEBFA4C
FFEBFA40? 3B80E10A  li      r28, -0x1EF6
FFEBFA44? B3980000  sth     r28, 0x0(r24)
FFEBFA48? 48000008  b       loc_FFEBFA50
loc_FFEBFA4C:
FFEBFA4C? B3980000  sth     r28, 0x0(r24)
loc_FFEBFA50:
FFEBFA50? B39E00A0  sth     r28, 0xA0(r30)
FFEBFA54? 887F009D  lbz     r3, 0x9D(r31)
FFEBFA58? 2C030008  cmpwi   cr0, r3, 0x8
FFEBFA5C? 40820028  bne     loc_FFEBFA84
FFEBFA60? 93D40000  stw     r30, 0x0(r20)
FFEBFA64? 38600001  li      r3, 0x1
FFEBFA68? 80010078  lwz     r0, 0x78(r1)
FFEBFA6C? 81810074  lwz     r12, 0x74(r1)
FFEBFA70? 30210070  addic   r1, r1, 0x70
FFEBFA74? 7C0803A6  mtspr   LR, r0
FFEBFA78? BA41FFC8  lmw     r18, -0x38(r1)
FFEBFA7C? 7D838120  mtcrf   0x38, r12
FFEBFA80? 4E800020  blr
loc_FFEBFA84:
FFEBFA84? 38600000  li      r3, 0x0
FFEBFA88? 80010078  lwz     r0, 0x78(r1)
FFEBFA8C? 81810074  lwz     r12, 0x74(r1)
FFEBFA90? 30210070  addic   r1, r1, 0x70
FFEBFA94? 7C0803A6  mtspr   LR, r0
FFEBFA98? BA41FFC8  lmw     r18, -0x38(r1)
FFEBFA9C? 7D838120  mtcrf   0x38, r12
FFEBFAA0? 4E800020  blr
FFEBFAA4? 88BF009D  lbz     r5, 0x9D(r31)
FFEBFAA8? 2C050008  cmpwi   cr0, r5, 0x8
FFEBFAAC? 40820040  bne     loc_FFEBFAEC
FFEBFAB0? A07E00BE  lhz     r3, 0xBE(r30)
FFEBFAB4? 38A0E10D  li      r5, -0x1EF3
FFEBFAB8? 60630010  ori     r3, r3, 0x10
FFEBFABC? B07E00BE  sth     r3, 0xBE(r30)
FFEBFAC0? B0B80000  sth     r5, 0x0(r24)
FFEBFAC4? 38800001  li      r4, 0x1
FFEBFAC8? 93D40000  stw     r30, 0x0(r20)
FFEBFACC? 60830000  ori     r3, r4, 0x0
FFEBFAD0? 80010078  lwz     r0, 0x78(r1)
FFEBFAD4? 81810074  lwz     r12, 0x74(r1)
FFEBFAD8? 30210070  addic   r1, r1, 0x70
FFEBFADC? 7C0803A6  mtspr   LR, r0
FFEBFAE0? BA41FFC8  lmw     r18, -0x38(r1)
FFEBFAE4? 7D838120  mtcrf   0x38, r12
FFEBFAE8? 4E800020  blr
loc_FFEBFAEC:
FFEBFAEC? 63C30000  ori     r3, r30, 0x0
FFEBFAF0? 63E40000  ori     r4, r31, 0x0
FFEBFAF4? 4BFFF4F1  bl      sub_FFEBEFE4
FFEBFAF8? 60000000  nop
FFEBFAFC? 4BFFF76C  b       loc_FFEBF268
FFEBFB00? 893F009D  lbz     r9, 0x9D(r31)
FFEBFB04? 2C090006  cmpwi   cr0, r9, 0x6
FFEBFB08? 40820038  bne     loc_FFEBFB40
FFEBFB0C? 38A00006  li      r5, 0x6
FFEBFB10? 98BF00A0  stb     r5, 0xA0(r31)
FFEBFB14? 3B800001  li      r28, 0x1
FFEBFB18? 9B9F009F  stb     r28, 0x9F(r31)
FFEBFB1C? 38C00019  li      r6, 0x19
FFEBFB20? B0DF0088  sth     r6, 0x88(r31)
FFEBFB24? 38E00007  li      r7, 0x7
FFEBFB28? B0FF0094  sth     r7, 0x94(r31)
FFEBFB2C? 819F000C  lwz     r12, 0xC(r31)
FFEBFB30? 307F008C  addic   r3, r31, 0x8C
FFEBFB34? 480051D1  bl      sub_FFEC4D04
FFEBFB38? 80410014  lwz     r2, 0x14(r1)
FFEBFB3C? 4BFFF72C  b       loc_FFEBF268
loc_FFEBFB40:
FFEBFB40? 2C090008  cmpwi   cr0, r9, 0x8
FFEBFB44? 4082F724  bne     loc_FFEBF268
FFEBFB48? 3880E10C  li      r4, -0x1EF4
FFEBFB4C? B0980000  sth     r4, 0x0(r24)
FFEBFB50? 38600001  li      r3, 0x1
FFEBFB54? 93D40000  stw     r30, 0x0(r20)
FFEBFB58? 80010078  lwz     r0, 0x78(r1)
FFEBFB5C? 81810074  lwz     r12, 0x74(r1)
FFEBFB60? 30210070  addic   r1, r1, 0x70
FFEBFB64? 7C0803A6  mtspr   LR, r0
FFEBFB68? BA41FFC8  lmw     r18, -0x38(r1)
FFEBFB6C? 7D838120  mtcrf   0x38, r12
FFEBFB70? 4E800020  blr
FFEBFB74? 893F009D  lbz     r9, 0x9D(r31)
FFEBFB78? 2C090008  cmpwi   cr0, r9, 0x8
FFEBFB7C? 40820030  bne     loc_FFEBFBAC
FFEBFB80? 3880E10C  li      r4, -0x1EF4
FFEBFB84? B0980000  sth     r4, 0x0(r24)
FFEBFB88? 38600001  li      r3, 0x1
FFEBFB8C? 93D40000  stw     r30, 0x0(r20)
FFEBFB90? 80010078  lwz     r0, 0x78(r1)
FFEBFB94? 81810074  lwz     r12, 0x74(r1)
FFEBFB98? 30210070  addic   r1, r1, 0x70
FFEBFB9C? 7C0803A6  mtspr   LR, r0
FFEBFBA0? BA41FFC8  lmw     r18, -0x38(r1)
FFEBFBA4? 7D838120  mtcrf   0x38, r12
FFEBFBA8? 4E800020  blr
loc_FFEBFBAC:
FFEBFBAC? 2C09000B  cmpwi   cr0, r9, 0xB
FFEBFBB0? 4082F6B8  bne     loc_FFEBF268
FFEBFBB4? 38A00004  li      r5, 0x4
FFEBFBB8? B0BF0094  sth     r5, 0x94(r31)
FFEBFBBC? 819F000C  lwz     r12, 0xC(r31)
FFEBFBC0? 307F008C  addic   r3, r31, 0x8C
FFEBFBC4? 3B400022  li      r26, 0x22
FFEBFBC8? 4800513D  bl      sub_FFEC4D04
FFEBFBCC? 80410014  lwz     r2, 0x14(r1)
FFEBFBD0? B35F0088  sth     r26, 0x88(r31)
FFEBFBD4? 4BFFF694  b       loc_FFEBF268
FFEBFBD8? A0BE00BC  lhz     r5, 0xBC(r30)
FFEBFBDC? 2C050004  cmpwi   cr0, r5, 0x4
FFEBFBE0? 4082003C  bne     loc_FFEBFC1C
FFEBFBE4? 88BF009D  lbz     r5, 0x9D(r31)
FFEBFBE8? 2C050003  cmpwi   cr0, r5, 0x3
FFEBFBEC? 4182001C  beq     loc_FFEBFC08
FFEBFBF0? 38A0000C  li      r5, 0xC
FFEBFBF4? B0BF0094  sth     r5, 0x94(r31)
FFEBFBF8? 819F000C  lwz     r12, 0xC(r31)
FFEBFBFC? 307F008C  addic   r3, r31, 0x8C
FFEBFC00? 48005105  bl      sub_FFEC4D04
FFEBFC04? 80410014  lwz     r2, 0x14(r1)
loc_FFEBFC08:
FFEBFC08? 63C30000  ori     r3, r30, 0x0
FFEBFC0C? 63E40000  ori     r4, r31, 0x0
FFEBFC10? 4BFFE7F1  bl      sub_FFEBE400
FFEBFC14? 60000000  nop
FFEBFC18? 4BFFF650  b       loc_FFEBF268
loc_FFEBFC1C:
FFEBFC1C? 63C30000  ori     r3, r30, 0x0
FFEBFC20? 63E40000  ori     r4, r31, 0x0
FFEBFC24? 4BFFED81  bl      sub_FFEBE9A4
FFEBFC28? 60000000  nop
FFEBFC2C? 4BFFF63C  b       loc_FFEBF268
FFEBFC30? 2C1C0000  cmpwi   cr0, r28, 0x0
FFEBFC34? 40820114  bne     loc_FFEBFD48
FFEBFC38? 80BE00C4  lwz     r5, 0xC4(r30)
FFEBFC3C? 89250008  lbz     r9, 0x8(r5)
FFEBFC40? 2F890013  cmpwi   cr7, r9, 0x13
FFEBFC44? 480000F0  b       loc_FFEBFD34
loc_FFEBFC48:
FFEBFC48? A0BE00BE  lhz     r5, 0xBE(r30)
FFEBFC4C? 57A62834  slwi    r6, r29, 5
FFEBFC50? 60A50012  ori     r5, r5, 0x12
FFEBFC54? B0BE00BE  sth     r5, 0xBE(r30)
FFEBFC58? 891E000F  lbz     r8, 0xF(r30)
FFEBFC5C? 57AB1838  slwi    r11, r29, 3
FFEBFC60? 7CFF3014  addc    r7, r31, r6
FFEBFC64? 5508103A  slwi    r8, r8, 2
FFEBFC68? 7D274014  addc    r9, r7, r8
FFEBFC6C? 39400000  li      r10, 0x0
FFEBFC70? 914900E4  stw     r10, 0xE4(r9)
FFEBFC74? 8B5E000F  lbz     r26, 0xF(r30)
FFEBFC78? 7D9F5814  addc    r12, r31, r11
FFEBFC7C? 7F2CD014  addc    r25, r12, r26
FFEBFC80? 8AF901E4  lbz     r23, 0x1E4(r25)
FFEBFC84? 56F7003C  clrrwi  r23, r23, 1
FFEBFC88? 9AF901E4  stb     r23, 0x1E4(r25)
FFEBFC8C? 480000BC  b       loc_FFEBFD48
loc_FFEBFC90:
FFEBFC90? A0BE00BE  lhz     r5, 0xBE(r30)
FFEBFC94? 57A62834  slwi    r6, r29, 5
FFEBFC98? 60A50011  ori     r5, r5, 0x11
FFEBFC9C? B0BE00BE  sth     r5, 0xBE(r30)
FFEBFCA0? 891E000F  lbz     r8, 0xF(r30)
FFEBFCA4? 57AB1838  slwi    r11, r29, 3
FFEBFCA8? 7CFF3014  addc    r7, r31, r6
FFEBFCAC? 5508103A  slwi    r8, r8, 2
FFEBFCB0? 7D274014  addc    r9, r7, r8
FFEBFCB4? 39400000  li      r10, 0x0
FFEBFCB8? 914900E4  stw     r10, 0xE4(r9)
FFEBFCBC? 8B5E000F  lbz     r26, 0xF(r30)
FFEBFCC0? 7D9F5814  addc    r12, r31, r11
FFEBFCC4? 7F2CD014  addc    r25, r12, r26
FFEBFCC8? 8AF901E4  lbz     r23, 0x1E4(r25)
FFEBFCCC? 56F7003C  clrrwi  r23, r23, 1
FFEBFCD0? 9AF901E4  stb     r23, 0x1E4(r25)
FFEBFCD4? 48000074  b       loc_FFEBFD48
loc_FFEBFCD8:
FFEBFCD8? A0BE00BE  lhz     r5, 0xBE(r30)
FFEBFCDC? 57A71838  slwi    r7, r29, 3
FFEBFCE0? 60A50014  ori     r5, r5, 0x14
FFEBFCE4? B0BE00BE  sth     r5, 0xBE(r30)
FFEBFCE8? 57A62834  slwi    r6, r29, 5
FFEBFCEC? 7D06F814  addc    r8, r6, r31
FFEBFCF0? 7CFF3814  addc    r7, r31, r7
FFEBFCF4? 39200000  li      r9, 0x0
FFEBFCF8? 4800000C  b       loc_FFEBFD04
loc_FFEBFCFC:
FFEBFCFC? 4800004C  b       loc_FFEBFD48
loc_FFEBFD00:
FFEBFD00? 4080FFFC  bge     loc_FFEBFCFC
loc_FFEBFD04:
FFEBFD04? 5525103A  slwi    r5, r9, 2
FFEBFD08? 7CC54014  addc    r6, r5, r8
FFEBFD0C? 39400000  li      r10, 0x0
FFEBFD10? 7D693814  addc    r11, r9, r7
FFEBFD14? 914600E4  stw     r10, 0xE4(r6)
FFEBFD18? 33490001  addic   r26, r9, 0x1
FFEBFD1C? 898B01E4  lbz     r12, 0x1E4(r11)
FFEBFD20? 5749063E  clrlwi  r9, r26, 24
FFEBFD24? 558C003C  clrrwi  r12, r12, 1
FFEBFD28? 998B01E4  stb     r12, 0x1E4(r11)
FFEBFD2C? 2C090008  cmpwi   cr0, r9, 0x8
FFEBFD30? 4BFFFFD0  b       loc_FFEBFD00
loc_FFEBFD34:
FFEBFD34? 419EFF14  beq     cr7, loc_FFEBFC48
FFEBFD38? 2C090010  cmpwi   cr0, r9, 0x10
FFEBFD3C? 4182FF54  beq     loc_FFEBFC90
FFEBFD40? 2C090012  cmpwi   cr0, r9, 0x12
FFEBFD44? 4182FF94  beq     loc_FFEBFCD8
loc_FFEBFD48:
FFEBFD48? 88BF009D  lbz     r5, 0x9D(r31)
FFEBFD4C? 2C050008  cmpwi   cr0, r5, 0x8
FFEBFD50? 4082002C  bne     loc_FFEBFD7C
FFEBFD54? B3980000  sth     r28, 0x0(r24)
FFEBFD58? 38600001  li      r3, 0x1
FFEBFD5C? 93D40000  stw     r30, 0x0(r20)
FFEBFD60? 80010078  lwz     r0, 0x78(r1)
FFEBFD64? 81810074  lwz     r12, 0x74(r1)
FFEBFD68? 30210070  addic   r1, r1, 0x70
FFEBFD6C? 7C0803A6  mtspr   LR, r0
FFEBFD70? BA41FFC8  lmw     r18, -0x38(r1)
FFEBFD74? 7D838120  mtcrf   0x38, r12
FFEBFD78? 4E800020  blr
loc_FFEBFD7C:
FFEBFD7C? A8BF0088  lha     r5, 0x88(r31)
FFEBFD80? 2C05001B  cmpwi   cr0, r5, 0x1B
FFEBFD84? 40820018  bne     loc_FFEBFD9C
FFEBFD88? 63C30000  ori     r3, r30, 0x0
FFEBFD8C? 63E40000  ori     r4, r31, 0x0
FFEBFD90? 4BFFEC15  bl      sub_FFEBE9A4
FFEBFD94? 60000000  nop
FFEBFD98? 4BFFF4D0  b       loc_FFEBF268
loc_FFEBFD9C:
FFEBFD9C? 63C30000  ori     r3, r30, 0x0
FFEBFDA0? 63E40000  ori     r4, r31, 0x0
FFEBFDA4? 4BFFE65D  bl      sub_FFEBE400
FFEBFDA8? 60000000  nop
FFEBFDAC? 4BFFF4BC  b       loc_FFEBF268
FFEBFDB0? 38A00003  li      r5, 0x3
FFEBFDB4? B0BE00BC  sth     r5, 0xBC(r30)
FFEBFDB8? 63C30000  ori     r3, r30, 0x0
FFEBFDBC? 63E40000  ori     r4, r31, 0x0
FFEBFDC0? 4BFFE641  bl      sub_FFEBE400
FFEBFDC4? 60000000  nop
FFEBFDC8? 4BFFF4A0  b       loc_FFEBF268
FFEBFDCC? 63C30000  ori     r3, r30, 0x0
FFEBFDD0? 63E40000  ori     r4, r31, 0x0
FFEBFDD4? 4BFFE62D  bl      sub_FFEBE400
FFEBFDD8? 60000000  nop
FFEBFDDC? 4BFFF48C  b       loc_FFEBF268
FFEBFDE0? 88BF009D  lbz     r5, 0x9D(r31)
FFEBFDE4? 2C050006  cmpwi   cr0, r5, 0x6
FFEBFDE8? 40820038  bne     loc_FFEBFE20
FFEBFDEC? 38A00022  li      r5, 0x22
FFEBFDF0? B0BF0088  sth     r5, 0x88(r31)
FFEBFDF4? 38C00007  li      r6, 0x7
FFEBFDF8? 98DF00A0  stb     r6, 0xA0(r31)
FFEBFDFC? 3B800001  li      r28, 0x1
FFEBFE00? 9B9F009F  stb     r28, 0x9F(r31)
FFEBFE04? 38E00007  li      r7, 0x7
FFEBFE08? B0FF0094  sth     r7, 0x94(r31)
FFEBFE0C? 819F000C  lwz     r12, 0xC(r31)
FFEBFE10? 307F008C  addic   r3, r31, 0x8C
FFEBFE14? 48004EF1  bl      sub_FFEC4D04
FFEBFE18? 80410014  lwz     r2, 0x14(r1)
FFEBFE1C? 4BFFF44C  b       loc_FFEBF268
loc_FFEBFE20:
FFEBFE20? 63C30000  ori     r3, r30, 0x0
FFEBFE24? 63E40000  ori     r4, r31, 0x0
FFEBFE28? 4BFFEB7D  bl      sub_FFEBE9A4
FFEBFE2C? 60000000  nop
FFEBFE30? 4BFFF438  b       loc_FFEBF268
FFEBFE34? 2C1C0000  cmpwi   cr0, r28, 0x0
FFEBFE38? 41820010  beq     loc_FFEBFE48
FFEBFE3C? 7CBFE814  addc    r5, r31, r29
FFEBFE40? 38C00000  li      r6, 0x0
FFEBFE44? 98C500D4  stb     r6, 0xD4(r5)
loc_FFEBFE48:
FFEBFE48? 63C30000  ori     r3, r30, 0x0
FFEBFE4C? 63E40000  ori     r4, r31, 0x0
FFEBFE50? 4BFFEB55  bl      sub_FFEBE9A4
FFEBFE54? 60000000  nop
FFEBFE58? 4BFFF410  b       loc_FFEBF268
loc_FFEBFE5C:
FFEBFE5C? 38A00004  li      r5, 0x4
FFEBFE60? B0BF0094  sth     r5, 0x94(r31)
FFEBFE64? 819F000C  lwz     r12, 0xC(r31)
FFEBFE68? 307F008C  addic   r3, r31, 0x8C
FFEBFE6C? 48004E99  bl      sub_FFEC4D04
FFEBFE70? 80410014  lwz     r2, 0x14(r1)
FFEBFE74? 4BFFF3F4  b       loc_FFEBF268
loc_FFEBFE78:
FFEBFE78? 38A0000A  li      r5, 0xA
FFEBFE7C? B0BF0088  sth     r5, 0x88(r31)
FFEBFE80? 38C00007  li      r6, 0x7
FFEBFE84? 98DF00A0  stb     r6, 0xA0(r31)
FFEBFE88? 3B800001  li      r28, 0x1
FFEBFE8C? 9B9F009F  stb     r28, 0x9F(r31)
FFEBFE90? 38E00007  li      r7, 0x7
FFEBFE94? B0FF0094  sth     r7, 0x94(r31)
FFEBFE98? 819F000C  lwz     r12, 0xC(r31)
FFEBFE9C? 307F008C  addic   r3, r31, 0x8C
FFEBFEA0? 48004E65  bl      sub_FFEC4D04
FFEBFEA4? 80410014  lwz     r2, 0x14(r1)
FFEBFEA8? 4BFFF3C0  b       loc_FFEBF268
FFEBFEAC? 893F009D  lbz     r9, 0x9D(r31)
FFEBFEB0? 2C09000B  cmpwi   cr0, r9, 0xB
FFEBFEB4? 4182FFA8  beq     loc_FFEBFE5C
FFEBFEB8? 2C090006  cmpwi   cr0, r9, 0x6
FFEBFEBC? 4182FFBC  beq     loc_FFEBFE78
FFEBFEC0? 63C30000  ori     r3, r30, 0x0
FFEBFEC4? 63E40000  ori     r4, r31, 0x0
FFEBFEC8? 4BFFE539  bl      sub_FFEBE400
FFEBFECC? 60000000  nop
FFEBFED0? 4BFFF398  b       loc_FFEBF268
FFEBFED4? 63C30000  ori     r3, r30, 0x0
FFEBFED8? 63E40000  ori     r4, r31, 0x0
FFEBFEDC? 4BFFE525  bl      sub_FFEBE400
FFEBFEE0? 60000000  nop
FFEBFEE4? 4BFFF384  b       loc_FFEBF268
FFEBFEE8? 2C1C0000  cmpwi   cr0, r28, 0x0
FFEBFEEC? 40820018  bne     loc_FFEBFF04
FFEBFEF0? 63C30000  ori     r3, r30, 0x0
FFEBFEF4? 63E40000  ori     r4, r31, 0x0
FFEBFEF8? 4BFFE509  bl      sub_FFEBE400
FFEBFEFC? 60000000  nop
FFEBFF00? 4BFFF368  b       loc_FFEBF268
loc_FFEBFF04:
FFEBFF04? 2C1CE115  cmpwi   cr0, r28, 0xE115
FFEBFF08? 40820038  bne     loc_FFEBFF40
FFEBFF0C? 80BE0040  lwz     r5, 0x40(r30)
FFEBFF10? 39000015  li      r8, 0x15
FFEBFF14? 7CC500D0  neg     r6, r5
FFEBFF18? 90DE0040  stw     r6, 0x40(r30)
FFEBFF1C? 88FE00C1  lbz     r7, 0xC1(r30)
FFEBFF20? 63C30000  ori     r3, r30, 0x0
FFEBFF24? 60E70001  ori     r7, r7, 0x1
FFEBFF28? 98FE00C1  stb     r7, 0xC1(r30)
FFEBFF2C? 991E00C0  stb     r8, 0xC0(r30)
FFEBFF30? 63E40000  ori     r4, r31, 0x0
FFEBFF34? 4BFFE4CD  bl      sub_FFEBE400
FFEBFF38? 60000000  nop
FFEBFF3C? 4BFFF32C  b       loc_FFEBF268
loc_FFEBFF40:
FFEBFF40? 2C1CE113  cmpwi   cr0, r28, 0xE113
FFEBFF44? 40820010  bne     loc_FFEBFF54
FFEBFF48? 38A00013  li      r5, 0x13
FFEBFF4C? B0BF0088  sth     r5, 0x88(r31)
FFEBFF50? 4BFFF318  b       loc_FFEBF268
loc_FFEBFF54:
FFEBFF54? 2C1C000E  cmpwi   cr0, r28, 0xE
FFEBFF58? 4082F310  bne     loc_FFEBF268
FFEBFF5C? 63C30000  ori     r3, r30, 0x0
FFEBFF60? 63E40000  ori     r4, r31, 0x0
FFEBFF64? 4BFFE49D  bl      sub_FFEBE400
FFEBFF68? 60000000  nop
FFEBFF6C? 4BFFF2FC  b       loc_FFEBF268
FFEBFF70? 63C30000  ori     r3, r30, 0x0
FFEBFF74? 63E40000  ori     r4, r31, 0x0
FFEBFF78? 4BFFEA2D  bl      sub_FFEBE9A4
FFEBFF7C? 60000000  nop
FFEBFF80? 4BFFF2E8  b       loc_FFEBF268
FFEBFF84? 2C1C0000  cmpwi   cr0, r28, 0x0
FFEBFF88? 3B400001  li      r26, 0x1
FFEBFF8C? 40820030  bne     loc_FFEBFFBC
FFEBFF90? 38600000  li      r3, 0x0
FFEBFF94? B0780000  sth     r3, 0x0(r24)
FFEBFF98? 93D40000  stw     r30, 0x0(r20)
FFEBFF9C? 38600001  li      r3, 0x1
FFEBFFA0? 80010078  lwz     r0, 0x78(r1)
FFEBFFA4? 81810074  lwz     r12, 0x74(r1)
FFEBFFA8? 30210070  addic   r1, r1, 0x70
FFEBFFAC? 7C0803A6  mtspr   LR, r0
FFEBFFB0? BA41FFC8  lmw     r18, -0x38(r1)
FFEBFFB4? 7D838120  mtcrf   0x38, r12
FFEBFFB8? 4E800020  blr
loc_FFEBFFBC:
FFEBFFBC? B3980000  sth     r28, 0x0(r24)
FFEBFFC0? 93D40000  stw     r30, 0x0(r20)
FFEBFFC4? 63430000  ori     r3, r26, 0x0
FFEBFFC8? 80010078  lwz     r0, 0x78(r1)
FFEBFFCC? 81810074  lwz     r12, 0x74(r1)
FFEBFFD0? 30210070  addic   r1, r1, 0x70
FFEBFFD4? 7C0803A6  mtspr   LR, r0
FFEBFFD8? BA41FFC8  lmw     r18, -0x38(r1)
FFEBFFDC? 7D838120  mtcrf   0x38, r12
FFEBFFE0? 4E800020  blr
FFEBFFE4? 88BF009D  lbz     r5, 0x9D(r31)
FFEBFFE8? 2C050008  cmpwi   cr0, r5, 0x8
FFEBFFEC? 40820034  bne     loc_FFEC0020
FFEBFFF0? 38800000  li      r4, 0x0
FFEBFFF4? B0980000  sth     r4, 0x0(r24)
FFEBFFF8? 38A00000  li      r5, 0x0
FFEBFFFC? 38600001  li      r3, 0x1
FFEC0000? 90B40000  stw     r5, 0x0(r20)
FFEC0004? 80010078  lwz     r0, 0x78(r1)
FFEC0008? 81810074  lwz     r12, 0x74(r1)
FFEC000C? 30210070  addic   r1, r1, 0x70
FFEC0010? 7C0803A6  mtspr   LR, r0
FFEC0014? BA41FFC8  lmw     r18, -0x38(r1)
FFEC0018? 7D838120  mtcrf   0x38, r12
FFEC001C? 4E800020  blr
loc_FFEC0020:
FFEC0020? 63C30000  ori     r3, r30, 0x0
FFEC0024? 63E40000  ori     r4, r31, 0x0
FFEC0028? 4BFFE97D  bl      sub_FFEBE9A4
FFEC002C? 60000000  nop
FFEC0030? 4BFFF238  b       loc_FFEBF268
FFEC0034? 88BF009D  lbz     r5, 0x9D(r31)
FFEC0038? 2C050008  cmpwi   cr0, r5, 0x8
FFEC003C? 40820034  bne     loc_FFEC0070
FFEC0040? 38800000  li      r4, 0x0
FFEC0044? B0980000  sth     r4, 0x0(r24)
FFEC0048? 38A00000  li      r5, 0x0
FFEC004C? 38600001  li      r3, 0x1
FFEC0050? 90B40000  stw     r5, 0x0(r20)
FFEC0054? 80010078  lwz     r0, 0x78(r1)
FFEC0058? 81810074  lwz     r12, 0x74(r1)
FFEC005C? 30210070  addic   r1, r1, 0x70
FFEC0060? 7C0803A6  mtspr   LR, r0
FFEC0064? BA41FFC8  lmw     r18, -0x38(r1)
FFEC0068? 7D838120  mtcrf   0x38, r12
FFEC006C? 4E800020  blr
loc_FFEC0070:
FFEC0070? 63C30000  ori     r3, r30, 0x0
FFEC0074? 63E40000  ori     r4, r31, 0x0
FFEC0078? 4BFFE389  bl      sub_FFEBE400
FFEC007C? 60000000  nop
FFEC0080? 4BFFF1E8  b       loc_FFEBF268
FFEC0084? 3860E113  li      r3, -0x1EED
FFEC0088? B0780000  sth     r3, 0x0(r24)
FFEC008C? 93D40000  stw     r30, 0x0(r20)
FFEC0090? 38600001  li      r3, 0x1
FFEC0094? 80010078  lwz     r0, 0x78(r1)
FFEC0098? 81810074  lwz     r12, 0x74(r1)
FFEC009C? 30210070  addic   r1, r1, 0x70
FFEC00A0? 7C0803A6  mtspr   LR, r0
FFEC00A4? BA41FFC8  lmw     r18, -0x38(r1)
FFEC00A8? 7D838120  mtcrf   0x38, r12
FFEC00AC? 4E800020  blr
FFEC00B0? 38600000  li      r3, 0x0
FFEC00B4? B0780000  sth     r3, 0x0(r24)
FFEC00B8? 38800000  li      r4, 0x0
FFEC00BC? 90940000  stw     r4, 0x0(r20)
FFEC00C0? 38600001  li      r3, 0x1
FFEC00C4? 80010078  lwz     r0, 0x78(r1)
FFEC00C8? 81810074  lwz     r12, 0x74(r1)
FFEC00CC? 30210070  addic   r1, r1, 0x70
FFEC00D0? 7C0803A6  mtspr   LR, r0
FFEC00D4? BA41FFC8  lmw     r18, -0x38(r1)
FFEC00D8? 7D838120  mtcrf   0x38, r12
FFEC00DC? 4E800020  blr
FFEC00E0* 3860E10A  li      r3, -0x1EF6
FFEC00E4* B0780000  sth     r3, 0x0(r24)
FFEC00E8* 93D40000  stw     r30, 0x0(r20)
FFEC00EC* 38600001  li      r3, 0x1
FFEC00F0* 80010078  lwz     r0, 0x78(r1)
FFEC00F4* 81810074  lwz     r12, 0x74(r1)
FFEC00F8* 30210070  addic   r1, r1, 0x70
FFEC00FC* 7C0803A6  mtspr   LR, r0
FFEC0100* BA41FFC8  lmw     r18, -0x38(r1)
FFEC0104* 7D838120  mtcrf   0x38, r12
FFEC0108* 4E800020  blr
FFEC010C? 38A00012  li      r5, 0x12
FFEC0110? B0BF0088  sth     r5, 0x88(r31)
FFEC0114? A8DE009E  lha     r6, 0x9E(r30)
FFEC0118? 339F008C  addic   r28, r31, 0x8C
FFEC011C? 2806000D  cmplwi  cr0, r6, 0xD
FFEC0120? 418100C8  bgt     loc_FFEC01E8
FFEC0124? 54C7103A  slwi    r7, r6, 2
FFEC0128? 7CF2382E  lwzx    r7, r18, r7
FFEC012C? 7CF23814  addc    r7, r18, r7
FFEC0130? 7CE803A6  mtspr   LR, r7
FFEC0134? 4E800020  blr
FFEC0138? A0BE009C  lhz     r5, 0x9C(r30)
FFEC013C? 2C050002  cmpwi   cr0, r5, 0x2
FFEC0140? 4182000C  beq     loc_FFEC014C
FFEC0144? 7F690734  extsh   r9, r27
FFEC0148? 480000B0  b       loc_FFEC01F8
loc_FFEC014C:
FFEC014C? 39200011  li      r9, 0x11
FFEC0150? 3B600011  li      r27, 0x11
FFEC0154? 480000A4  b       loc_FFEC01F8
FFEC0158? 80BE0054  lwz     r5, 0x54(r30)
FFEC015C? 3B600009  li      r27, 0x9
FFEC0160? 90BE00B4  stw     r5, 0xB4(r30)
FFEC0164? 39200009  li      r9, 0x9
FFEC0168? 48000090  b       loc_FFEC01F8
FFEC016C? 3B600002  li      r27, 0x2
FFEC0170? 39200002  li      r9, 0x2
FFEC0174? 48000084  b       loc_FFEC01F8
FFEC0178? 3B600003  li      r27, 0x3
FFEC017C? 39200003  li      r9, 0x3
FFEC0180? 48000078  b       loc_FFEC01F8
FFEC0184? A0BE009C  lhz     r5, 0x9C(r30)
FFEC0188? 2C050007  cmpwi   cr0, r5, 0x7
FFEC018C? 4182000C  beq     loc_FFEC0198
FFEC0190? 7F690734  extsh   r9, r27
FFEC0194? 48000064  b       loc_FFEC01F8
loc_FFEC0198:
FFEC0198? 88BF009E  lbz     r5, 0x9E(r31)
FFEC019C? 3B600004  li      r27, 0x4
FFEC01A0? 30A5FFFF  addic   r5, r5, -0x1
FFEC01A4? 98BF009E  stb     r5, 0x9E(r31)
FFEC01A8? 88DF00A0  lbz     r6, 0xA0(r31)
FFEC01AC? 39200004  li      r9, 0x4
FFEC01B0? 98DE00A2  stb     r6, 0xA2(r30)
FFEC01B4? 48000044  b       loc_FFEC01F8
FFEC01B8? A0BE009C  lhz     r5, 0x9C(r30)
FFEC01BC? 2C050006  cmpwi   cr0, r5, 0x6
FFEC01C0? 4182000C  beq     loc_FFEC01CC
FFEC01C4? 7F690734  extsh   r9, r27
FFEC01C8? 48000030  b       loc_FFEC01F8
loc_FFEC01CC:
FFEC01CC? 88BE00A2  lbz     r5, 0xA2(r30)
FFEC01D0? 38C00001  li      r6, 0x1
FFEC01D4? 98BF00A0  stb     r5, 0xA0(r31)
FFEC01D8? 98DF009F  stb     r6, 0x9F(r31)
FFEC01DC? 3B600007  li      r27, 0x7
FFEC01E0? 39200007  li      r9, 0x7
FFEC01E4? 48000014  b       loc_FFEC01F8
loc_FFEC01E8:
FFEC01E8? 3860000E  li      r3, 0xE
FFEC01EC? 480048C1  bl      sub_FFEC4AAC
FFEC01F0? 80410014  lwz     r2, 0x14(r1)
FFEC01F4? 7F690734  extsh   r9, r27
loc_FFEC01F8:
FFEC01F8? B13F0094  sth     r9, 0x94(r31)
FFEC01FC? 819F000C  lwz     r12, 0xC(r31)
FFEC0200? 63830000  ori     r3, r28, 0x0
FFEC0204? 48004B01  bl      sub_FFEC4D04
FFEC0208? 80410014  lwz     r2, 0x14(r1)
FFEC020C? 4BFFF05C  b       loc_FFEBF268
FFEC0210? 893F009D  lbz     r9, 0x9D(r31)
FFEC0214? 39000011  li      r8, 0x11
FFEC0218? 2C09000B  cmpwi   cr0, r9, 0xB
FFEC021C? 40820010  bne     loc_FFEC022C
FFEC0220? 38600007  li      r3, 0x7
FFEC0224? B07E009C  sth     r3, 0x9C(r30)
FFEC0228? 48000008  b       loc_FFEC0230
loc_FFEC022C:
FFEC022C? B13E009C  sth     r9, 0x9C(r30)
loc_FFEC0230:
FFEC0230? B11F0088  sth     r8, 0x88(r31)
FFEC0234? B3980000  sth     r28, 0x0(r24)
FFEC0238? B39E00A0  sth     r28, 0xA0(r30)
FFEC023C? 887F009D  lbz     r3, 0x9D(r31)
FFEC0240? 2C030008  cmpwi   cr0, r3, 0x8
FFEC0244? 40820028  bne     loc_FFEC026C
FFEC0248? 93D40000  stw     r30, 0x0(r20)
FFEC024C? 38600001  li      r3, 0x1
FFEC0250? 80010078  lwz     r0, 0x78(r1)
FFEC0254? 81810074  lwz     r12, 0x74(r1)
FFEC0258? 30210070  addic   r1, r1, 0x70
FFEC025C? 7C0803A6  mtspr   LR, r0
FFEC0260? BA41FFC8  lmw     r18, -0x38(r1)
FFEC0264? 7D838120  mtcrf   0x38, r12
FFEC0268? 4E800020  blr
loc_FFEC026C:
FFEC026C? 38600000  li      r3, 0x0
FFEC0270? 80010078  lwz     r0, 0x78(r1)
FFEC0274? 81810074  lwz     r12, 0x74(r1)
FFEC0278? 30210070  addic   r1, r1, 0x70
FFEC027C? 7C0803A6  mtspr   LR, r0
FFEC0280? BA41FFC8  lmw     r18, -0x38(r1)
FFEC0284? 7D838120  mtcrf   0x38, r12
FFEC0288? 4E800020  blr
FFEC028C? 38A00012  li      r5, 0x12
FFEC0290? B0BF0088  sth     r5, 0x88(r31)
FFEC0294? 38C00004  li      r6, 0x4
FFEC0298? B0DF0094  sth     r6, 0x94(r31)
FFEC029C? 819F000C  lwz     r12, 0xC(r31)
FFEC02A0? 307F008C  addic   r3, r31, 0x8C
FFEC02A4? 48004A61  bl      sub_FFEC4D04
FFEC02A8? 80410014  lwz     r2, 0x14(r1)
FFEC02AC? 4BFFEFBC  b       loc_FFEBF268
FFEC02B0? 63C30000  ori     r3, r30, 0x0
FFEC02B4? 63E40000  ori     r4, r31, 0x0
FFEC02B8? 4BFFED2D  bl      sub_FFEBEFE4
FFEC02BC? 60000000  nop
FFEC02C0? 4BFFEFA8  b       loc_FFEBF268
FFEC02C4? 80010078  lwz     r0, 0x78(r1)
FFEC02C8? 81810074  lwz     r12, 0x74(r1)
FFEC02CC? 30210070  addic   r1, r1, 0x70
FFEC02D0? 7C0803A6  mtspr   LR, r0
FFEC02D4? BA41FFC8  lmw     r18, -0x38(r1)
FFEC02D8? 7D838120  mtcrf   0x38, r12
FFEC02DC? 4E800020  blr
FFEC02E0d FFFFFF08  .long   0xFFFFFF08                         ; -> 68k emulator opcode dispatch table
FFEC02E4d FFFFFF08  .long   0xFFFFFF08                         ; -> 68k emulator opcode dispatch table
FFEC02E8d FFFFFF08  .long   0xFFFFFF08                         ; -> 68k emulator opcode dispatch table
FFEC02ECd FFFFFE58  .long   0xFFFFFE58                         ; -> 68k emulator opcode dispatch table
FFEC02F0d FFFFFE78  .long   0xFFFFFE78                         ; -> 68k emulator opcode dispatch table
FFEC02F4d FFFFFE8C  .long   0xFFFFFE8C                         ; -> 68k emulator opcode dispatch table
FFEC02F8d FFFFFE98  .long   0xFFFFFE98                         ; -> 68k emulator opcode dispatch table
FFEC02FCd FFFFFF08  .long   0xFFFFFF08                         ; -> 68k emulator opcode dispatch table
FFEC0300d FFFFFE8C  .long   0xFFFFFE8C                         ; -> 68k emulator opcode dispatch table
FFEC0304d FFFFFE98  .long   0xFFFFFE98                         ; -> 68k emulator opcode dispatch table
FFEC0308d FFFFFF08  .long   0xFFFFFF08                         ; -> 68k emulator opcode dispatch table
FFEC030Cd FFFFFF08  .long   0xFFFFFF08                         ; -> 68k emulator opcode dispatch table
FFEC0310d FFFFFEA4  .long   0xFFFFFEA4                         ; -> 68k emulator opcode dispatch table
FFEC0314d FFFFFED8  .long   0xFFFFFED8                         ; -> 68k emulator opcode dispatch table
FFEC0318d FFFFFF08  .long   0xFFFFFF08                         ; -> 68k emulator opcode dispatch table
FFEC031Cd FFFFF038  .long   0xFFFFF038                         ; -> 68k emulator opcode dispatch table
FFEC0320d FFFFF2A8  .long   0xFFFFF2A8                         ; -> 68k emulator opcode dispatch table
FFEC0324d FFFFF318  .long   0xFFFFF318                         ; -> 68k emulator opcode dispatch table
FFEC0328d FFFFF45C  .long   0xFFFFF45C                         ; -> 68k emulator opcode dispatch table
FFEC032Cd FFFFF688  .long   0xFFFFF688                         ; -> 68k emulator opcode dispatch table
FFEC0330d FFFFEF4C  .long   0xFFFFEF4C                         ; -> 68k emulator opcode dispatch table
FFEC0334d FFFFF8BC  .long   0xFFFFF8BC                         ; -> 68k emulator opcode dispatch table
FFEC0338d FFFFFB90  .long   0xFFFFFB90                         ; -> 68k emulator opcode dispatch table
FFEC033Cd FFFFEF4C  .long   0xFFFFEF4C                         ; -> 68k emulator opcode dispatch table
FFEC0340d FFFFFB90  .long   0xFFFFFB90                         ; -> 68k emulator opcode dispatch table
FFEC0344d FFFFFAB0  .long   0xFFFFFAB0                         ; -> 68k emulator opcode dispatch table
FFEC0348d FFFFEF4C  .long   0xFFFFEF4C                         ; -> 68k emulator opcode dispatch table
FFEC034Cd FFFFFA94  .long   0xFFFFFA94                         ; -> 68k emulator opcode dispatch table
FFEC0350d FFFFFBB8  .long   0xFFFFFBB8                         ; -> 68k emulator opcode dispatch table
FFEC0354d FFFFFC68  .long   0xFFFFFC68                         ; -> 68k emulator opcode dispatch table
FFEC0358d FFFFEF4C  .long   0xFFFFEF4C                         ; -> 68k emulator opcode dispatch table
FFEC035Cd FFFFEF4C  .long   0xFFFFEF4C                         ; -> 68k emulator opcode dispatch table
FFEC0360d FFFFFDF0  .long   0xFFFFFDF0                         ; -> 68k emulator opcode dispatch table
FFEC0364d FFFFFEF4  .long   0xFFFFFEF4                         ; -> 68k emulator opcode dispatch table
FFEC0368d FFFFFD68  .long   0xFFFFFD68                         ; -> 68k emulator opcode dispatch table
FFEC036Cd FFFFFF70  .long   0xFFFFFF70                         ; -> 68k emulator opcode dispatch table
FFEC0370d FFFFFF94  .long   0xFFFFFF94                         ; -> 68k emulator opcode dispatch table
FFEC0374d FFFFFBCC  .long   0xFFFFFBCC                         ; -> 68k emulator opcode dispatch table
FFEC0378d FFFFF220  .long   0xFFFFF220                         ; -> 68k emulator opcode dispatch table
FFEC037Cd FFFFF7E4  .long   0xFFFFF7E4                         ; -> 68k emulator opcode dispatch table
FFEC0380d FFFFF858  .long   0xFFFFF858                         ; -> 68k emulator opcode dispatch table
FFEC0384d FFFFF914  .long   0xFFFFF914                         ; -> 68k emulator opcode dispatch table
FFEC0388d FFFFF914  .long   0xFFFFF914                         ; -> 68k emulator opcode dispatch table
FFEC038Cd FFFFEF4C  .long   0xFFFFEF4C                         ; -> 68k emulator opcode dispatch table
FFEC0390d FFFFFB18  .long   0xFFFFFB18                         ; -> 68k emulator opcode dispatch table
FFEC0394d FFFFFB18  .long   0xFFFFFB18                         ; -> 68k emulator opcode dispatch table
FFEC0398d FFFFEF4C  .long   0xFFFFEF4C                         ; -> 68k emulator opcode dispatch table
FFEC039Cd FFFFEF4C  .long   0xFFFFEF4C                         ; -> 68k emulator opcode dispatch table
FFEC03A0d FFFFFAC4  .long   0xFFFFFAC4                         ; -> 68k emulator opcode dispatch table
FFEC03A4d FFFFFC54  .long   0xFFFFFC54                         ; -> 68k emulator opcode dispatch table
FFEC03A8d FFFFFD18  .long   0xFFFFFD18                         ; -> 68k emulator opcode dispatch table
FFEC03ACd FFFFFCC8  .long   0xFFFFFCC8                         ; -> 68k emulator opcode dispatch table
FFEC03B0d FFFFFDC4  .long   0xFFFFFDC4                         ; -> 68k emulator opcode dispatch table
FFEC03B4d FFFFFD70  .long   0xFFFFFD70                         ; -> 68k emulator opcode dispatch table
FFEC03B8d FFFFF788  .long   0xFFFFF788                         ; -> 68k emulator opcode dispatch table
FFEC03BCd FFFFF27C  .long   0xFFFFF27C                         ; -> 68k emulator opcode dispatch table
FFEC03C0d FFFFFD94  .long   0xFFFFFD94                         ; -> 68k emulator opcode dispatch table
FFEC03C4d FFFFEF4C  .long   0xFFFFEF4C                         ; -> 68k emulator opcode dispatch table

sub_FFEC03C8:
FFEC03C8  7C0802A6  mfspr   r0, LR
FFEC03CC  BF41FFE8  stmw    r26, -0x18(r1)
FFEC03D0  90010008  stw     r0, 0x8(r1)
FFEC03D4  9421FFA8  stwu    r1, -0x58(r1)
FFEC03D8  609F0000  ori     r31, r4, 0x0
FFEC03DC  57E607BF  clrlwi. r6, r31, 30
FFEC03E0  60BD0000  ori     r29, r5, 0x0
FFEC03E4  607E0000  ori     r30, r3, 0x0
FFEC03E8  33610038  addic   r27, r1, 0x38
FFEC03EC  3B800000  li      r28, 0x0
loc_FFEC03F0:
FFEC03F0  41820030  beq     loc_FFEC0420
FFEC03F4  307D0248  addic   r3, r29, 0x248
FFEC03F8  607A0000  ori     r26, r3, 0x0
FFEC03FC  48000CBD  bl      sub_FFEC10B8
FFEC0400  60000000  nop
FFEC0404  60600000  ori     r0, r3, 0x0
FFEC0408  30600001  addic   r3, r0, 0x1
FFEC040C  63440000  ori     r4, r26, 0x0
FFEC0410  48000CB9  bl      sub_FFEC10C8
FFEC0414  60000000  nop
FFEC0418  2C030000  cmpwi   cr0, r3, 0x0
FFEC041C  4BFFFFD4  b       loc_FFEC03F0
loc_FFEC0420:
FFEC0420  80BD0248  lwz     r5, 0x248(r29)
FFEC0424  2C050000  cmpwi   cr0, r5, 0x0
FFEC0428  41820040  beq     loc_FFEC0468
FFEC042C  4BFFBD1D  bl      sub_FFEBC148
FFEC0430  60000000  nop
FFEC0434  83BE0000  lwz     r29, 0x0(r30)
FFEC0438  607C0000  ori     r28, r3, 0x0
FFEC043C  93BF0000  stw     r29, 0x0(r31)
FFEC0440  93FE0000  stw     r31, 0x0(r30)
FFEC0444  5783043E  clrlwi  r3, r28, 16
FFEC0448  7C630734  extsh   r3, r3
FFEC044C  4BFFBD3D  bl      sub_FFEBC188
FFEC0450  60000000  nop
FFEC0454  80010060  lwz     r0, 0x60(r1)
FFEC0458  30210058  addic   r1, r1, 0x58
FFEC045C  7C0803A6  mtspr   LR, r0
FFEC0460  BB41FFE8  lmw     r26, -0x18(r1)
FFEC0464  4E800020  blr
loc_FFEC0468:
FFEC0468  38A00000  li      r5, 0x0
FFEC046C  98BB0000  stb     r5, 0x0(r27)
FFEC0470  819D002C  lwz     r12, 0x2C(r29)
FFEC0474  809D0000  lwz     r4, 0x0(r29)
FFEC0478  63630000  ori     r3, r27, 0x0
FFEC047C  48004889  bl      sub_FFEC4D04
FFEC0480  80410014  lwz     r2, 0x14(r1)
loc_FFEC0484:
FFEC0484  939F0000  stw     r28, 0x0(r31)
FFEC0488  63C30000  ori     r3, r30, 0x0
FFEC048C  48000C2D  bl      sub_FFEC10B8
FFEC0490  60000000  nop
FFEC0494  60690000  ori     r9, r3, 0x0
FFEC0498  2C090000  cmpwi   cr0, r9, 0x0
FFEC049C  40820044  bne     loc_FFEC04E0
FFEC04A0  63E30000  ori     r3, r31, 0x0
FFEC04A4  63C40000  ori     r4, r30, 0x0
FFEC04A8  48000C21  bl      sub_FFEC10C8
FFEC04AC  60000000  nop
FFEC04B0  2C030000  cmpwi   cr0, r3, 0x0
FFEC04B4  4082FFD0  bne     loc_FFEC0484
FFEC04B8  819D002C  lwz     r12, 0x2C(r29)
FFEC04BC  809D0000  lwz     r4, 0x0(r29)
FFEC04C0  63630000  ori     r3, r27, 0x0
FFEC04C4  48004841  bl      sub_FFEC4D04
FFEC04C8  80410014  lwz     r2, 0x14(r1)
FFEC04CC  80010060  lwz     r0, 0x60(r1)
FFEC04D0  30210058  addic   r1, r1, 0x58
FFEC04D4  7C0803A6  mtspr   LR, r0
FFEC04D8  BB41FFE8  lmw     r26, -0x18(r1)
FFEC04DC  4E800020  blr
loc_FFEC04E0:
FFEC04E0  913F0000  stw     r9, 0x0(r31)
FFEC04E4  63E30000  ori     r3, r31, 0x0
FFEC04E8  63C40000  ori     r4, r30, 0x0
FFEC04EC  48000BDD  bl      sub_FFEC10C8
FFEC04F0  60000000  nop
FFEC04F4  2C030000  cmpwi   cr0, r3, 0x0
FFEC04F8  4082FF8C  bne     loc_FFEC0484
FFEC04FC  819D002C  lwz     r12, 0x2C(r29)
FFEC0500  809D0000  lwz     r4, 0x0(r29)
FFEC0504  63630000  ori     r3, r27, 0x0
FFEC0508  480047FD  bl      sub_FFEC4D04
FFEC050C  80410014  lwz     r2, 0x14(r1)
FFEC0510  80010060  lwz     r0, 0x60(r1)
FFEC0514  30210058  addic   r1, r1, 0x58
FFEC0518  7C0803A6  mtspr   LR, r0
FFEC051C  BB41FFE8  lmw     r26, -0x18(r1)
FFEC0520  4E800020  blr

sub_FFEC0524:
FFEC0524* 7C0802A6  mfspr   r0, LR
FFEC0528* BF41FFE8  stmw    r26, -0x18(r1)
FFEC052C* 90010008  stw     r0, 0x8(r1)
FFEC0530* 9421FFA8  stwu    r1, -0x58(r1)
FFEC0534* 609F0000  ori     r31, r4, 0x0
FFEC0538* 57E607BF  clrlwi. r6, r31, 30
FFEC053C* 60BD0000  ori     r29, r5, 0x0
FFEC0540* 607E0000  ori     r30, r3, 0x0
FFEC0544* 33610038  addic   r27, r1, 0x38
FFEC0548* 3B800000  li      r28, 0x0
loc_FFEC054C:
FFEC054C* 41820030  beq     loc_FFEC057C
FFEC0550  307D0248  addic   r3, r29, 0x248
FFEC0554  607A0000  ori     r26, r3, 0x0
FFEC0558  48000B61  bl      sub_FFEC10B8
FFEC055C  60000000  nop
FFEC0560  60600000  ori     r0, r3, 0x0
FFEC0564  30600001  addic   r3, r0, 0x1
FFEC0568  63440000  ori     r4, r26, 0x0
FFEC056C  48000B5D  bl      sub_FFEC10C8
FFEC0570  60000000  nop
FFEC0574  2C030000  cmpwi   cr0, r3, 0x0
FFEC0578  4BFFFFD4  b       loc_FFEC054C
loc_FFEC057C:
FFEC057C* 80BD0248  lwz     r5, 0x248(r29)
FFEC0580* 2C050000  cmpwi   cr0, r5, 0x0
FFEC0584* 41820064  beq     loc_FFEC05E8
FFEC0588  4BFFBBC1  bl      sub_FFEBC148
FFEC058C  60000000  nop
FFEC0590  813E0000  lwz     r9, 0x0(r30)
FFEC0594  5468043E  clrlwi  r8, r3, 16
FFEC0598  2C090000  cmpwi   cr0, r9, 0x0
FFEC059C  4082000C  bne     loc_FFEC05A8
FFEC05A0  93FE0000  stw     r31, 0x0(r30)
FFEC05A4  48000024  b       loc_FFEC05C8
loc_FFEC05A8:
FFEC05A8  80690000  lwz     r3, 0x0(r9)
FFEC05AC  2C030000  cmpwi   cr0, r3, 0x0
loc_FFEC05B0:
FFEC05B0  41820014  beq     loc_FFEC05C4
FFEC05B4  81290000  lwz     r9, 0x0(r9)
FFEC05B8  80690000  lwz     r3, 0x0(r9)
FFEC05BC  2C030000  cmpwi   cr0, r3, 0x0
FFEC05C0  4BFFFFF0  b       loc_FFEC05B0
loc_FFEC05C4:
FFEC05C4  93E90000  stw     r31, 0x0(r9)
loc_FFEC05C8:
FFEC05C8  7D030734  extsh   r3, r8
FFEC05CC  4BFFBBBD  bl      sub_FFEBC188
FFEC05D0  60000000  nop
FFEC05D4  80010060  lwz     r0, 0x60(r1)
FFEC05D8  30210058  addic   r1, r1, 0x58
FFEC05DC  7C0803A6  mtspr   LR, r0
FFEC05E0  BB41FFE8  lmw     r26, -0x18(r1)
FFEC05E4  4E800020  blr
loc_FFEC05E8:
FFEC05E8* 38A00000  li      r5, 0x0
FFEC05EC* 98BB0000  stb     r5, 0x0(r27)
FFEC05F0* 819D002C  lwz     r12, 0x2C(r29)
FFEC05F4* 809D0000  lwz     r4, 0x0(r29)
FFEC05F8* 63630000  ori     r3, r27, 0x0
FFEC05FC* 48004709  bl      sub_FFEC4D04
FFEC0600* 80410014  lwz     r2, 0x14(r1)
loc_FFEC0604:
FFEC0604* 939F0000  stw     r28, 0x0(r31)
FFEC0608* 63C30000  ori     r3, r30, 0x0
FFEC060C* 48000AAD  bl      sub_FFEC10B8
FFEC0610* 60000000  nop
FFEC0614* 60690000  ori     r9, r3, 0x0
FFEC0618* 2C090000  cmpwi   cr0, r9, 0x0
FFEC061C* 40820044  bne     loc_FFEC0660
FFEC0620* 63E30000  ori     r3, r31, 0x0
FFEC0624* 63C40000  ori     r4, r30, 0x0
FFEC0628* 48000AA1  bl      sub_FFEC10C8
FFEC062C* 60000000  nop
FFEC0630* 2C030000  cmpwi   cr0, r3, 0x0
FFEC0634* 4082FFD0  bne     loc_FFEC0604
FFEC0638* 819D002C  lwz     r12, 0x2C(r29)
FFEC063C* 809D0000  lwz     r4, 0x0(r29)
FFEC0640* 63630000  ori     r3, r27, 0x0
FFEC0644* 480046C1  bl      sub_FFEC4D04
FFEC0648* 80410014  lwz     r2, 0x14(r1)
FFEC064C* 80010060  lwz     r0, 0x60(r1)
FFEC0650* 30210058  addic   r1, r1, 0x58
FFEC0654* 7C0803A6  mtspr   LR, r0
FFEC0658* BB41FFE8  lmw     r26, -0x18(r1)
FFEC065C* 4E800020  blr
loc_FFEC0660:
FFEC0660  80A90000  lwz     r5, 0x0(r9)
FFEC0664  2C050000  cmpwi   cr0, r5, 0x0
loc_FFEC0668:
FFEC0668  41820028  beq     loc_FFEC0690
FFEC066C  61230000  ori     r3, r9, 0x0
FFEC0670  48000A49  bl      sub_FFEC10B8
FFEC0674  60000000  nop
FFEC0678  60690000  ori     r9, r3, 0x0
FFEC067C  2C090000  cmpwi   cr0, r9, 0x0
FFEC0680  4182008C  beq     loc_FFEC070C
FFEC0684  80A90000  lwz     r5, 0x0(r9)
FFEC0688  2C050000  cmpwi   cr0, r5, 0x0
FFEC068C  4BFFFFDC  b       loc_FFEC0668
loc_FFEC0690:
FFEC0690  2C090000  cmpwi   cr0, r9, 0x0
FFEC0694  4182FF70  beq     loc_FFEC0604
FFEC0698  813E0000  lwz     r9, 0x0(r30)
FFEC069C  2C090000  cmpwi   cr0, r9, 0x0
FFEC06A0  4182FF64  beq     loc_FFEC0604
FFEC06A4  81090000  lwz     r8, 0x0(r9)
FFEC06A8  2C080000  cmpwi   cr0, r8, 0x0
loc_FFEC06AC:
FFEC06AC  41820018  beq     loc_FFEC06C4
FFEC06B0  61090000  ori     r9, r8, 0x0
FFEC06B4  4182005C  beq     loc_FFEC0710
FFEC06B8  81080000  lwz     r8, 0x0(r8)
FFEC06BC  2C080000  cmpwi   cr0, r8, 0x0
FFEC06C0  4BFFFFEC  b       loc_FFEC06AC
loc_FFEC06C4:
FFEC06C4  2C090000  cmpwi   cr0, r9, 0x0
FFEC06C8  4182FF3C  beq     loc_FFEC0604
FFEC06CC  61240000  ori     r4, r9, 0x0
FFEC06D0  63E30000  ori     r3, r31, 0x0
FFEC06D4  480009F5  bl      sub_FFEC10C8
FFEC06D8  60000000  nop
FFEC06DC  2C030000  cmpwi   cr0, r3, 0x0
FFEC06E0  4082FF24  bne     loc_FFEC0604
FFEC06E4  819D002C  lwz     r12, 0x2C(r29)
FFEC06E8  809D0000  lwz     r4, 0x0(r29)
FFEC06EC  63630000  ori     r3, r27, 0x0
FFEC06F0  48004615  bl      sub_FFEC4D04
FFEC06F4  80410014  lwz     r2, 0x14(r1)
FFEC06F8  80010060  lwz     r0, 0x60(r1)
FFEC06FC  30210058  addic   r1, r1, 0x58
FFEC0700  7C0803A6  mtspr   LR, r0
FFEC0704  BB41FFE8  lmw     r26, -0x18(r1)
FFEC0708  4E800020  blr
loc_FFEC070C:
FFEC070C  4BFFFEF8  b       loc_FFEC0604
loc_FFEC0710:
FFEC0710  4BFFFEF4  b       loc_FFEC0604
FFEC0714? 80010060  lwz     r0, 0x60(r1)
FFEC0718? 30210058  addic   r1, r1, 0x58
FFEC071C? 7C0803A6  mtspr   LR, r0
FFEC0720? BB41FFE8  lmw     r26, -0x18(r1)
FFEC0724? 4E800020  blr

sub_FFEC0728:
FFEC0728* 7C0802A6  mfspr   r0, LR
FFEC072C* 90010008  stw     r0, 0x8(r1)
FFEC0730* 9421FFC8  stwu    r1, -0x38(r1)
FFEC0734* 38C00000  li      r6, 0x0
FFEC0738* B0C300BC  sth     r6, 0xBC(r3)
FFEC073C* 38E00001  li      r7, 0x1
FFEC0740* B0E300A0  sth     r7, 0xA0(r3)
FFEC0744* 39000000  li      r8, 0x0
FFEC0748* B0C300BE  sth     r6, 0xBE(r3)
FFEC074C* 60850000  ori     r5, r4, 0x0
FFEC0750* 990300C0  stb     r8, 0xC0(r3)
FFEC0754* 39600000  li      r11, 0x0
FFEC0758* B16300DC  sth     r11, 0xDC(r3)
FFEC075C* 90A300B0  stw     r5, 0xB0(r3)
FFEC0760* 39800000  li      r12, 0x0
FFEC0764* 918300C4  stw     r12, 0xC4(r3)
FFEC0768* 990300C1  stb     r8, 0xC1(r3)
FFEC076C* B0C30024  sth     r6, 0x24(r3)
FFEC0770* 30050052  addic   r0, r5, 0x52
FFEC0774* 900300D8  stw     r0, 0xD8(r3)
FFEC0778* B0C300B8  sth     r6, 0xB8(r3)
FFEC077C* 81230054  lwz     r9, 0x54(r3)
FFEC0780* 2F090000  cmpwi   cr6, r9, 0x0
FFEC0784* 409A0010  bne     cr6, loc_FFEC0794
FFEC0788* 38C00000  li      r6, 0x0
FFEC078C* 90C300B4  stw     r6, 0xB4(r3)
FFEC0790* 48000028  b       loc_FFEC07B8
loc_FFEC0794:
FFEC0794  40980018  bge     cr6, loc_FFEC07AC
FFEC0798  7CC900D0  neg     r6, r9
FFEC079C  7CC6A670  srawi   r6, r6, 0x14
FFEC07A0  30C60001  addic   r6, r6, 0x1
FFEC07A4  90C300B4  stw     r6, 0xB4(r3)
FFEC07A8  48000010  b       loc_FFEC07B8
loc_FFEC07AC:
FFEC07AC  7D265670  srawi   r6, r9, 0xA
FFEC07B0  30C60001  addic   r6, r6, 0x1
FFEC07B4  90C300B4  stw     r6, 0xB4(r3)
loc_FFEC07B8:
FFEC07B8* 9903003C  stb     r8, 0x3C(r3)
FFEC07BC* 81250054  lwz     r9, 0x54(r5)
FFEC07C0* 2C090000  cmpwi   cr0, r9, 0x0
FFEC07C4* 41820040  beq     loc_FFEC0804
FFEC07C8  88C500C8  lbz     r6, 0xC8(r5)
FFEC07CC  2C060000  cmpwi   cr0, r6, 0x0
FFEC07D0  40820034  bne     loc_FFEC0804
FFEC07D4  80C9000C  lwz     r6, 0xC(r9)
FFEC07D8  80E3000C  lwz     r7, 0xC(r3)
FFEC07DC  7C063800  cmpw    r6, r7
FFEC07E0  41820010  beq     loc_FFEC07F0
FFEC07E4  38C00001  li      r6, 0x1
FFEC07E8  98C500C8  stb     r6, 0xC8(r5)
FFEC07EC  48000018  b       loc_FFEC0804
loc_FFEC07F0:
FFEC07F0  80C90000  lwz     r6, 0x0(r9)
FFEC07F4  2C060000  cmpwi   cr0, r6, 0x0
FFEC07F8  4182000C  beq     loc_FFEC0804
FFEC07FC  38C00001  li      r6, 0x1
FFEC0800  98C500C8  stb     r6, 0xC8(r5)
loc_FFEC0804:
FFEC0804* 80C30014  lwz     r6, 0x14(r3)
FFEC0808* 54C602D7  rlwinm. r6, r6, 0, 11, 11
FFEC080C* 41820024  beq     loc_FFEC0830
FFEC0810  60640000  ori     r4, r3, 0x0
FFEC0814  30650054  addic   r3, r5, 0x54
FFEC0818  4BFFFBB1  bl      sub_FFEC03C8
FFEC081C  60000000  nop
FFEC0820  80010040  lwz     r0, 0x40(r1)
FFEC0824  30210038  addic   r1, r1, 0x38
FFEC0828  7C0803A6  mtspr   LR, r0
FFEC082C  4E800020  blr
loc_FFEC0830:
FFEC0830* 60640000  ori     r4, r3, 0x0
FFEC0834* 30650054  addic   r3, r5, 0x54
FFEC0838* 4BFFFCED  bl      sub_FFEC0524
FFEC083C* 60000000  nop
FFEC0840* 80010040  lwz     r0, 0x40(r1)
FFEC0844* 30210038  addic   r1, r1, 0x38
FFEC0848* 7C0803A6  mtspr   LR, r0
FFEC084C* 4E800020  blr

sub_FFEC0850:
FFEC0850  7C0802A6  mfspr   r0, LR
FFEC0854  BFC1FFF8  stmw    r30, -0x8(r1)
FFEC0858  90010008  stw     r0, 0x8(r1)
FFEC085C  9421FFC0  stwu    r1, -0x40(r1)
FFEC0860  607F0000  ori     r31, r3, 0x0
FFEC0864  609E0000  ori     r30, r4, 0x0
FFEC0868  4BFFB8E1  bl      sub_FFEBC148
FFEC086C  60000000  nop
FFEC0870  813F0000  lwz     r9, 0x0(r31)
FFEC0874  5468043E  clrlwi  r8, r3, 16
FFEC0878  2F090000  cmpwi   cr6, r9, 0x0
FFEC087C  38E00000  li      r7, 0x0
FFEC0880  409A001C  bne     cr6, loc_FFEC089C
FFEC0884  3860FFFF  li      r3, -0x1
FFEC0888  80010048  lwz     r0, 0x48(r1)
FFEC088C  30210040  addic   r1, r1, 0x40
FFEC0890  7C0803A6  mtspr   LR, r0
FFEC0894  BBC1FFF8  lmw     r30, -0x8(r1)
FFEC0898  4E800020  blr
loc_FFEC089C:
FFEC089C  419A002C  beq     cr6, loc_FFEC08C8
FFEC08A0  7C09F040  cmplw   r9, r30
loc_FFEC08A4:
FFEC08A4  4182001C  beq     loc_FFEC08C0
FFEC08A8  613F0000  ori     r31, r9, 0x0
FFEC08AC  813F0000  lwz     r9, 0x0(r31)
FFEC08B0  2C090000  cmpwi   cr0, r9, 0x0
FFEC08B4  4182005C  beq     loc_FFEC0910
FFEC08B8  7C09F040  cmplw   r9, r30
FFEC08BC  4BFFFFE8  b       loc_FFEC08A4
loc_FFEC08C0:
FFEC08C0  2C090000  cmpwi   cr0, r9, 0x0
FFEC08C4  4082001C  bne     loc_FFEC08E0
loc_FFEC08C8:
FFEC08C8  3860FFFF  li      r3, -0x1
FFEC08CC  80010048  lwz     r0, 0x48(r1)
FFEC08D0  30210040  addic   r1, r1, 0x40
FFEC08D4  7C0803A6  mtspr   LR, r0
FFEC08D8  BBC1FFF8  lmw     r30, -0x8(r1)
FFEC08DC  4E800020  blr
loc_FFEC08E0:
FFEC08E0  80690000  lwz     r3, 0x0(r9)
FFEC08E4  907F0000  stw     r3, 0x0(r31)
FFEC08E8  61030000  ori     r3, r8, 0x0
FFEC08EC  90E90000  stw     r7, 0x0(r9)
FFEC08F0  7C630734  extsh   r3, r3
FFEC08F4  4BFFB895  bl      sub_FFEBC188
FFEC08F8  60000000  nop
FFEC08FC  80010048  lwz     r0, 0x48(r1)
FFEC0900  30210040  addic   r1, r1, 0x40
FFEC0904  7C0803A6  mtspr   LR, r0
FFEC0908  BBC1FFF8  lmw     r30, -0x8(r1)
FFEC090C  4E800020  blr
loc_FFEC0910:
FFEC0910  4BFFFFB8  b       loc_FFEC08C8
FFEC0914? 80010048  lwz     r0, 0x48(r1)
FFEC0918? 30210040  addic   r1, r1, 0x40
FFEC091C? 7C0803A6  mtspr   LR, r0
FFEC0920? BBC1FFF8  lmw     r30, -0x8(r1)
FFEC0924? 4E800020  blr

sub_FFEC0928:
FFEC0928* 7C0802A6  mfspr   r0, LR
FFEC092C* 7D800026  mfcr    r12
FFEC0930* BF21FFE4  stmw    r25, -0x1C(r1)
FFEC0934* 90010008  stw     r0, 0x8(r1)
FFEC0938* 91810004  stw     r12, 0x4(r1)
FFEC093C* 9421FFA8  stwu    r1, -0x58(r1)
FFEC0940* 60BB0000  ori     r27, r5, 0x0
FFEC0944* 80DB0248  lwz     r6, 0x248(r27)
FFEC0948* 609D0000  ori     r29, r4, 0x0
FFEC094C* 2C060000  cmpwi   cr0, r6, 0x0
FFEC0950* 607C0000  ori     r28, r3, 0x0
FFEC0954* 33410038  addic   r26, r1, 0x38
FFEC0958* 3B200000  li      r25, 0x0
FFEC095C* 41820054  beq     loc_FFEC09B0
FFEC0960  63830000  ori     r3, r28, 0x0
FFEC0964  63A40000  ori     r4, r29, 0x0
FFEC0968  4BFFFEE9  bl      sub_FFEC0850
FFEC096C  60000000  nop
FFEC0970  2C030000  cmpwi   cr0, r3, 0x0
FFEC0974  40820164  bne     loc_FFEC0AD8
FFEC0978  57A407BF  clrlwi. r4, r29, 30
FFEC097C  4182015C  beq     loc_FFEC0AD8
loc_FFEC0980:
FFEC0980  41820158  beq     loc_FFEC0AD8
FFEC0984  307B0248  addic   r3, r27, 0x248
FFEC0988  607F0000  ori     r31, r3, 0x0
FFEC098C  4800072D  bl      sub_FFEC10B8
FFEC0990  60000000  nop
FFEC0994  607E0000  ori     r30, r3, 0x0
FFEC0998  307EFFFF  addic   r3, r30, -0x1
FFEC099C  63E40000  ori     r4, r31, 0x0
FFEC09A0  48000729  bl      sub_FFEC10C8
FFEC09A4  60000000  nop
FFEC09A8  2C030000  cmpwi   cr0, r3, 0x0
FFEC09AC  4BFFFFD4  b       loc_FFEC0980
loc_FFEC09B0:
FFEC09B0* 38A00000  li      r5, 0x0
FFEC09B4* 98BA0000  stb     r5, 0x0(r26)
FFEC09B8* 819B002C  lwz     r12, 0x2C(r27)
FFEC09BC* 809B0000  lwz     r4, 0x0(r27)
FFEC09C0* 63430000  ori     r3, r26, 0x0
FFEC09C4* 48004341  bl      sub_FFEC4D04
FFEC09C8* 80410014  lwz     r2, 0x14(r1)
loc_FFEC09CC:
FFEC09CC* 63830000  ori     r3, r28, 0x0
FFEC09D0* 480006E9  bl      sub_FFEC10B8
FFEC09D4* 60000000  nop
FFEC09D8* 607F0000  ori     r31, r3, 0x0
FFEC09DC* 2F1F0000  cmpwi   cr6, r31, 0x0
FFEC09E0* 419A00E4  beq     cr6, loc_FFEC0AC4
FFEC09E4* 639E0000  ori     r30, r28, 0x0
FFEC09E8* 419A0024  beq     cr6, loc_FFEC0A0C
FFEC09EC* 7C1FE840  cmplw   r31, r29
loc_FFEC09F0:
FFEC09F0* 418200E4  beq     loc_FFEC0AD4
FFEC09F4  63FE0000  ori     r30, r31, 0x0
FFEC09F8  83FE0000  lwz     r31, 0x0(r30)
FFEC09FC  2C1F0000  cmpwi   cr0, r31, 0x0
FFEC0A00  4182000C  beq     loc_FFEC0A0C
FFEC0A04  7C1FE840  cmplw   r31, r29
FFEC0A08  4BFFFFE8  b       loc_FFEC09F0
loc_FFEC0A0C:
FFEC0A0C* 2D1E0000  cmpwi   cr2, r30, 0x0
FFEC0A10* 418AFFBC  beq     cr2, loc_FFEC09CC
FFEC0A14* 2C1F0000  cmpwi   cr0, r31, 0x0
FFEC0A18* 418200B0  beq     loc_FFEC0AC8
FFEC0A1C* 63C30000  ori     r3, r30, 0x0
FFEC0A20* 48000699  bl      sub_FFEC10B8
FFEC0A24* 60000000  nop
FFEC0A28* 7C03F840  cmplw   r3, r31
FFEC0A2C* 4082FFA0  bne     loc_FFEC09CC
FFEC0A30* 83FC0000  lwz     r31, 0x0(r28)
FFEC0A34* 2C1F0000  cmpwi   cr0, r31, 0x0
FFEC0A38* 4182002C  beq     loc_FFEC0A64
FFEC0A3C* 7C1FE840  cmplw   r31, r29
FFEC0A40* 41820024  beq     loc_FFEC0A64
loc_FFEC0A44:
FFEC0A44  4182001C  beq     loc_FFEC0A60
FFEC0A48  63FE0000  ori     r30, r31, 0x0
FFEC0A4C  83FE0000  lwz     r31, 0x0(r30)
FFEC0A50  2C1F0000  cmpwi   cr0, r31, 0x0
FFEC0A54  41820068  beq     loc_FFEC0ABC
FFEC0A58  7C1FE840  cmplw   r31, r29
FFEC0A5C  4BFFFFE8  b       loc_FFEC0A44
loc_FFEC0A60:
FFEC0A60  2D1E0000  cmpwi   cr2, r30, 0x0
loc_FFEC0A64:
FFEC0A64* 418A0068  beq     cr2, loc_FFEC0ACC
FFEC0A68* 2C1F0000  cmpwi   cr0, r31, 0x0
FFEC0A6C* 41820064  beq     loc_FFEC0AD0
FFEC0A70* 807F0000  lwz     r3, 0x0(r31)
FFEC0A74* 63C40000  ori     r4, r30, 0x0
FFEC0A78* 48000651  bl      sub_FFEC10C8
FFEC0A7C* 60000000  nop
FFEC0A80* 2C030000  cmpwi   cr0, r3, 0x0
FFEC0A84* 4082FF48  bne     loc_FFEC09CC
FFEC0A88* 933D0000  stw     r25, 0x0(r29)
loc_FFEC0A8C:
FFEC0A8C* 819B002C  lwz     r12, 0x2C(r27)
FFEC0A90* 809B0000  lwz     r4, 0x0(r27)
FFEC0A94* 63430000  ori     r3, r26, 0x0
FFEC0A98* 4800426D  bl      sub_FFEC4D04
FFEC0A9C* 80410014  lwz     r2, 0x14(r1)
FFEC0AA0* 80010060  lwz     r0, 0x60(r1)
FFEC0AA4* 8181005C  lwz     r12, 0x5C(r1)
FFEC0AA8* 30210058  addic   r1, r1, 0x58
FFEC0AAC* 7C0803A6  mtspr   LR, r0
FFEC0AB0* BB21FFE4  lmw     r25, -0x1C(r1)
FFEC0AB4* 7D838120  mtcrf   0x38, r12
FFEC0AB8* 4E800020  blr
loc_FFEC0ABC:
FFEC0ABC  2D1E0000  cmpwi   cr2, r30, 0x0
FFEC0AC0  4BFFFFA4  b       loc_FFEC0A64
loc_FFEC0AC4:
FFEC0AC4  4BFFFFC8  b       loc_FFEC0A8C
loc_FFEC0AC8:
FFEC0AC8  4BFFFFC4  b       loc_FFEC0A8C
loc_FFEC0ACC:
FFEC0ACC  4BFFFFC0  b       loc_FFEC0A8C
loc_FFEC0AD0:
FFEC0AD0  4BFFFFBC  b       loc_FFEC0A8C
loc_FFEC0AD4:
FFEC0AD4* 4BFFFF38  b       loc_FFEC0A0C
loc_FFEC0AD8:
FFEC0AD8  80010060  lwz     r0, 0x60(r1)
FFEC0ADC  8181005C  lwz     r12, 0x5C(r1)
FFEC0AE0  30210058  addic   r1, r1, 0x58
FFEC0AE4  7C0803A6  mtspr   LR, r0
FFEC0AE8  BB21FFE4  lmw     r25, -0x1C(r1)
FFEC0AEC  7D838120  mtcrf   0x38, r12
FFEC0AF0  4E800020  blr

sub_FFEC0AF4:
FFEC0AF4* 812300D8  lwz     r9, 0xD8(r3)
FFEC0AF8* 80C90002  lwz     r6, 0x2(r9)
FFEC0AFC* 2C060000  cmpwi   cr0, r6, 0x0
FFEC0B00* 4D820020  beqlr
FFEC0B04* 7C0802A6  mfspr   r0, LR
FFEC0B08* BFC1FFF8  stmw    r30, -0x8(r1)
FFEC0B0C* 90010008  stw     r0, 0x8(r1)
FFEC0B10* 9421FFC0  stwu    r1, -0x40(r1)
FFEC0B14* 607F0000  ori     r31, r3, 0x0
FFEC0B18* A0DF00BC  lhz     r6, 0xBC(r31)
FFEC0B1C* 60850000  ori     r5, r4, 0x0
FFEC0B20* 2C060007  cmpwi   cr0, r6, 0x7
FFEC0B24* 3BC00000  li      r30, 0x0
FFEC0B28* 40820010  bne     loc_FFEC0B38
FFEC0B2C  A06500AC  lhz     r3, 0xAC(r5)
FFEC0B30  3063FFFF  addic   r3, r3, -0x1
FFEC0B34  B06500AC  sth     r3, 0xAC(r5)
loc_FFEC0B38:
FFEC0B38* 30690002  addic   r3, r9, 0x2
FFEC0B3C* 63E40000  ori     r4, r31, 0x0
FFEC0B40* 4BFFFDE9  bl      sub_FFEC0928
FFEC0B44* 60000000  nop
FFEC0B48* 93DF0000  stw     r30, 0x0(r31)
FFEC0B4C* 80010048  lwz     r0, 0x48(r1)
FFEC0B50* 30210040  addic   r1, r1, 0x40
FFEC0B54* 7C0803A6  mtspr   LR, r0
FFEC0B58* BBC1FFF8  lmw     r30, -0x8(r1)
FFEC0B5C* 4E800020  blr

sub_FFEC0B60:
FFEC0B60* 88830086  lbz     r4, 0x86(r3)
FFEC0B64* 2C040000  cmpwi   cr0, r4, 0x0
FFEC0B68* 4182000C  beq     loc_FFEC0B74
FFEC0B6C  38600000  li      r3, 0x0
FFEC0B70  4E800020  blr
loc_FFEC0B74:
FFEC0B74* 8183006C  lwz     r12, 0x6C(r3)
FFEC0B78* 2C0C0000  cmpwi   cr0, r12, 0x0
loc_FFEC0B7C:
FFEC0B7C* 41820088  beq     loc_FFEC0C04
FFEC0B80  808C00C4  lwz     r4, 0xC4(r12)
FFEC0B84  2C040000  cmpwi   cr0, r4, 0x0
FFEC0B88  41820010  beq     loc_FFEC0B98
FFEC0B8C  A08C00BE  lhz     r4, 0xBE(r12)
FFEC0B90  548406F7  rlwinm. r4, r4, 0, 27, 27
FFEC0B94  41820010  beq     loc_FFEC0BA4
loc_FFEC0B98:
FFEC0B98  818C0000  lwz     r12, 0x0(r12)
FFEC0B9C  2C0C0000  cmpwi   cr0, r12, 0x0
FFEC0BA0  4BFFFFDC  b       loc_FFEC0B7C
loc_FFEC0BA4:
FFEC0BA4* 2C0C0000  cmpwi   cr0, r12, 0x0
FFEC0BA8* 41820010  beq     loc_FFEC0BB8
FFEC0BAC  A08C00BE  lhz     r4, 0xBE(r12)
FFEC0BB0  548406F7  rlwinm. r4, r4, 0, 27, 27
FFEC0BB4  41820048  beq     loc_FFEC0BFC
loc_FFEC0BB8:
FFEC0BB8* 81830054  lwz     r12, 0x54(r3)
FFEC0BBC* 2C0C0000  cmpwi   cr0, r12, 0x0
loc_FFEC0BC0:
FFEC0BC0* 41820048  beq     loc_FFEC0C08
FFEC0BC4* A08C00BC  lhz     r4, 0xBC(r12)
FFEC0BC8* 2C040000  cmpwi   cr0, r4, 0x0
FFEC0BCC* 40820024  bne     loc_FFEC0BF0
FFEC0BD0* 888C000E  lbz     r4, 0xE(r12)
FFEC0BD4* 88CC000F  lbz     r6, 0xF(r12)
FFEC0BD8* 54841838  slwi    r4, r4, 3
FFEC0BDC* 7CA32014  addc    r5, r3, r4
FFEC0BE0* 7CE53014  addc    r7, r5, r6
FFEC0BE4* 890701E4  lbz     r8, 0x1E4(r7)
FFEC0BE8* 2C080000  cmpwi   cr0, r8, 0x0
FFEC0BEC* 41820010  beq     loc_FFEC0BFC
loc_FFEC0BF0:
FFEC0BF0  818C0000  lwz     r12, 0x0(r12)
FFEC0BF4  2C0C0000  cmpwi   cr0, r12, 0x0
FFEC0BF8  4BFFFFC8  b       loc_FFEC0BC0
loc_FFEC0BFC:
FFEC0BFC* 61830000  ori     r3, r12, 0x0
FFEC0C00* 4E800020  blr
loc_FFEC0C04:
FFEC0C04* 4BFFFFA0  b       loc_FFEC0BA4
loc_FFEC0C08:
FFEC0C08* 4BFFFFF4  b       loc_FFEC0BFC
FFEC0C0C? 4E800020  blr

sub_FFEC0C10:
FFEC0C10  7C0802A6  mfspr   r0, LR
FFEC0C14  7D800026  mfcr    r12
FFEC0C18  BF21FFE4  stmw    r25, -0x1C(r1)
FFEC0C1C  90010008  stw     r0, 0x8(r1)
FFEC0C20  91810004  stw     r12, 0x4(r1)
FFEC0C24  9421FFA8  stwu    r1, -0x58(r1)
FFEC0C28  607E0000  ori     r30, r3, 0x0
FFEC0C2C  549D063E  clrlwi  r29, r4, 24
FFEC0C30  2D1D00FF  cmpwi   cr2, r29, 0xFF
FFEC0C34  339E0060  addic   r28, r30, 0x60
FFEC0C38  337E005E  addic   r27, r30, 0x5E
FFEC0C3C  4BFFB50D  bl      sub_FFEBC148
FFEC0C40  60000000  nop
FFEC0C44  83FE0054  lwz     r31, 0x54(r30)
FFEC0C48  547A043E  clrlwi  r26, r3, 16
FFEC0C4C  2F1F0000  cmpwi   cr6, r31, 0x0
loc_FFEC0C50:
FFEC0C50  419A0068  beq     cr6, loc_FFEC0CB8
FFEC0C54  A0DF00BC  lhz     r6, 0xBC(r31)
FFEC0C58  2C060000  cmpwi   cr0, r6, 0x0
FFEC0C5C  41820050  beq     loc_FFEC0CAC
FFEC0C60  418A0010  beq     cr2, loc_FFEC0C70
FFEC0C64  88DF000E  lbz     r6, 0xE(r31)
FFEC0C68  7C06E800  cmpw    r6, r29
FFEC0C6C  40820040  bne     loc_FFEC0CAC
loc_FFEC0C70:
FFEC0C70  833F0000  lwz     r25, 0x0(r31)
FFEC0C74  63E40000  ori     r4, r31, 0x0
FFEC0C78  63C50000  ori     r5, r30, 0x0
FFEC0C7C  307E0054  addic   r3, r30, 0x54
FFEC0C80  4BFFFCA9  bl      sub_FFEC0928
FFEC0C84  60000000  nop
FFEC0C88  63E40000  ori     r4, r31, 0x0
FFEC0C8C  63830000  ori     r3, r28, 0x0
FFEC0C90  63C50000  ori     r5, r30, 0x0
FFEC0C94  4BFFF891  bl      sub_FFEC0524
FFEC0C98  60000000  nop
FFEC0C9C  937F00D8  stw     r27, 0xD8(r31)
FFEC0CA0  633F0000  ori     r31, r25, 0x0
FFEC0CA4  2F1F0000  cmpwi   cr6, r31, 0x0
FFEC0CA8  4BFFFFA8  b       loc_FFEC0C50
loc_FFEC0CAC:
FFEC0CAC  83FF0000  lwz     r31, 0x0(r31)
FFEC0CB0  2F1F0000  cmpwi   cr6, r31, 0x0
FFEC0CB4  4BFFFF9C  b       loc_FFEC0C50
loc_FFEC0CB8:
FFEC0CB8  7F430734  extsh   r3, r26
FFEC0CBC  4BFFB4CD  bl      sub_FFEBC188
FFEC0CC0  60000000  nop
FFEC0CC4  80010060  lwz     r0, 0x60(r1)
FFEC0CC8  8181005C  lwz     r12, 0x5C(r1)
FFEC0CCC  30210058  addic   r1, r1, 0x58
FFEC0CD0  7C0803A6  mtspr   LR, r0
FFEC0CD4  BB21FFE4  lmw     r25, -0x1C(r1)
FFEC0CD8  7D838120  mtcrf   0x38, r12
FFEC0CDC  4E800020  blr

sub_FFEC0CE0:
FFEC0CE0? 80630054  lwz     r3, 0x54(r3)
FFEC0CE4? 2C030000  cmpwi   cr0, r3, 0x0
loc_FFEC0CE8:
FFEC0CE8? 41820020  beq     loc_FFEC0D08
FFEC0CEC? A08300BC  lhz     r4, 0xBC(r3)
FFEC0CF0? 2C040007  cmpwi   cr0, r4, 0x7
FFEC0CF4? 41820010  beq     loc_FFEC0D04
FFEC0CF8? 80630000  lwz     r3, 0x0(r3)
FFEC0CFC? 2C030000  cmpwi   cr0, r3, 0x0
FFEC0D00? 4BFFFFE8  b       loc_FFEC0CE8
loc_FFEC0D04:
FFEC0D04? 4E800020  blr
loc_FFEC0D08:
FFEC0D08? 4BFFFFFC  b       loc_FFEC0D04
FFEC0D0C? 4E800020  blr

sub_FFEC0D10:
FFEC0D10  81840054  lwz     r12, 0x54(r4)
FFEC0D14  2C0C0000  cmpwi   cr0, r12, 0x0
loc_FFEC0D18:
FFEC0D18  41820020  beq     loc_FFEC0D38
FFEC0D1C  7C0C1840  cmplw   r12, r3
FFEC0D20  41820010  beq     loc_FFEC0D30
FFEC0D24  818C0000  lwz     r12, 0x0(r12)
FFEC0D28  2C0C0000  cmpwi   cr0, r12, 0x0
FFEC0D2C  4BFFFFEC  b       loc_FFEC0D18
loc_FFEC0D30:
FFEC0D30  61830000  ori     r3, r12, 0x0
FFEC0D34  4E800020  blr
loc_FFEC0D38:
FFEC0D38  4BFFFFF8  b       loc_FFEC0D30
FFEC0D3C? 4E800020  blr

sub_FFEC0D40:
FFEC0D40  7C0802A6  mfspr   r0, LR
FFEC0D44  BFA1FFF4  stmw    r29, -0xC(r1)
FFEC0D48  90010008  stw     r0, 0x8(r1)
FFEC0D4C  9421FFB8  stwu    r1, -0x48(r1)
FFEC0D50  607F0000  ori     r31, r3, 0x0
FFEC0D54  609D0000  ori     r29, r4, 0x0
FFEC0D58  807F00D8  lwz     r3, 0xD8(r31)
FFEC0D5C  60BE0000  ori     r30, r5, 0x0
FFEC0D60  63E40000  ori     r4, r31, 0x0
FFEC0D64  30630002  addic   r3, r3, 0x2
FFEC0D68  4BFFFBC1  bl      sub_FFEC0928
FFEC0D6C  60000000  nop
FFEC0D70  63E40000  ori     r4, r31, 0x0
FFEC0D74  63C50000  ori     r5, r30, 0x0
FFEC0D78  307D0002  addic   r3, r29, 0x2
FFEC0D7C  4BFFF7A9  bl      sub_FFEC0524
FFEC0D80  60000000  nop
FFEC0D84  93BF00D8  stw     r29, 0xD8(r31)
FFEC0D88  80010050  lwz     r0, 0x50(r1)
FFEC0D8C  30210048  addic   r1, r1, 0x48
FFEC0D90  7C0803A6  mtspr   LR, r0
FFEC0D94  BBA1FFF4  lmw     r29, -0xC(r1)
FFEC0D98  4E800020  blr

sub_FFEC0D9C:
FFEC0D9C  81840054  lwz     r12, 0x54(r4)
FFEC0DA0  5463063E  clrlwi  r3, r3, 24
FFEC0DA4  2C0C0000  cmpwi   cr0, r12, 0x0
loc_FFEC0DA8:
FFEC0DA8  41820024  beq     loc_FFEC0DCC
FFEC0DAC  888C000E  lbz     r4, 0xE(r12)
FFEC0DB0  7C041800  cmpw    r4, r3
FFEC0DB4  41820010  beq     loc_FFEC0DC4
FFEC0DB8  818C0000  lwz     r12, 0x0(r12)
FFEC0DBC  2C0C0000  cmpwi   cr0, r12, 0x0
FFEC0DC0  4BFFFFE8  b       loc_FFEC0DA8
loc_FFEC0DC4:
FFEC0DC4  61830000  ori     r3, r12, 0x0
FFEC0DC8  4E800020  blr
loc_FFEC0DCC:
FFEC0DCC  4BFFFFF8  b       loc_FFEC0DC4
FFEC0DD0? 4E800020  blr

sub_FFEC0DD4:
FFEC0DD4* 7C0802A6  mfspr   r0, LR
FFEC0DD8* BFE1FFFC  stmw    r31, -0x4(r1)
FFEC0DDC* 90010008  stw     r0, 0x8(r1)
FFEC0DE0* 9421FFC0  stwu    r1, -0x40(r1)
FFEC0DE4* 3C806561  lis     r4, 0x6561
FFEC0DE8* 60846461  ori     r4, r4, 0x6461
FFEC0DEC* 90830224  stw     r4, 0x224(r3)
FFEC0DF0* 80A2FFA0  lwz     r5, -0x60(r2)
FFEC0DF4* 60600000  ori     r0, r3, 0x0
FFEC0DF8* 90A3022A  stw     r5, 0x22A(r3)
FFEC0DFC* 9063023C  stw     r3, 0x23C(r3)
FFEC0E00* 30600224  addic   r3, r0, 0x224
FFEC0E04* 607F0000  ori     r31, r3, 0x0
FFEC0E08* 48003CBD  bl      sub_FFEC4AC4
FFEC0E0C* 80410014  lwz     r2, 0x14(r1)
FFEC0E10* 63E30000  ori     r3, r31, 0x0
FFEC0E14* 388003E8  li      r4, 0x3E8
FFEC0E18* 48003B8D  bl      sub_FFEC49A4
FFEC0E1C* 80410014  lwz     r2, 0x14(r1)
FFEC0E20* 80010048  lwz     r0, 0x48(r1)
FFEC0E24* 30210040  addic   r1, r1, 0x40
FFEC0E28* 7C0803A6  mtspr   LR, r0
FFEC0E2C* BBE1FFFC  lmw     r31, -0x4(r1)
FFEC0E30* 4E800020  blr
FFEC0E34* 7C0802A6  mfspr   r0, LR
FFEC0E38* 7D800026  mfcr    r12
FFEC0E3C* BE61FFCC  stmw    r19, -0x34(r1)
FFEC0E40* 90010008  stw     r0, 0x8(r1)
FFEC0E44* 91810004  stw     r12, 0x4(r1)
FFEC0E48* 9421FF68  stwu    r1, -0x98(r1)
FFEC0E4C* 83E30018  lwz     r31, 0x18(r3)
FFEC0E50* 3BA00000  li      r29, 0x0
FFEC0E54* 32A10038  addic   r21, r1, 0x38
FFEC0E58* 63B70000  ori     r23, r29, 0x0
FFEC0E5C* 4BFFB2ED  bl      sub_FFEBC148
FFEC0E60* 60000000  nop
FFEC0E64* A93F0088  lha     r9, 0x88(r31)
FFEC0E68* 60740000  ori     r20, r3, 0x0
FFEC0E6C* 2C090000  cmpwi   cr0, r9, 0x0
FFEC0E70* 41820090  beq     loc_FFEC0F00
FFEC0E74* 2C090001  cmpwi   cr0, r9, 0x1
FFEC0E78* 41820088  beq     loc_FFEC0F00
FFEC0E7C  2C090002  cmpwi   cr0, r9, 0x2
FFEC0E80  41820080  beq     loc_FFEC0F00
FFEC0E84  2C090003  cmpwi   cr0, r9, 0x3
FFEC0E88  41820078  beq     loc_FFEC0F00
FFEC0E8C  2C090004  cmpwi   cr0, r9, 0x4
FFEC0E90  41820070  beq     loc_FFEC0F00
FFEC0E94  2C090017  cmpwi   cr0, r9, 0x17
FFEC0E98  41820068  beq     loc_FFEC0F00
FFEC0E9C  2C090013  cmpwi   cr0, r9, 0x13
FFEC0EA0  41820060  beq     loc_FFEC0F00
FFEC0EA4  889F009D  lbz     r4, 0x9D(r31)
FFEC0EA8  2C040008  cmpwi   cr0, r4, 0x8
FFEC0EAC  41820054  beq     loc_FFEC0F00
FFEC0EB0  813F0090  lwz     r9, 0x90(r31)
FFEC0EB4  80890054  lwz     r4, 0x54(r9)
FFEC0EB8  2C040000  cmpwi   cr0, r4, 0x0
FFEC0EBC  418200AC  beq     loc_FFEC0F68
FFEC0EC0  808900D8  lwz     r4, 0xD8(r9)
FFEC0EC4  30BF0052  addic   r5, r31, 0x52
FFEC0EC8  7C042840  cmplw   r4, r5
FFEC0ECC  4082009C  bne     loc_FFEC0F68
FFEC0ED0  808900B4  lwz     r4, 0xB4(r9)
FFEC0ED4  30A4FFFF  addic   r5, r4, -0x1
FFEC0ED8  28040000  cmplwi  cr0, r4, 0x0
FFEC0EDC  90A900B4  stw     r5, 0xB4(r9)
FFEC0EE0  813F0090  lwz     r9, 0x90(r31)
FFEC0EE4  41820010  beq     loc_FFEC0EF4
FFEC0EE8  A08900BE  lhz     r4, 0xBE(r9)
FFEC0EEC  54840739  rlwinm. r4, r4, 0, 28, 28
FFEC0EF0  41820078  beq     loc_FFEC0F68
loc_FFEC0EF4:
FFEC0EF4  91350000  stw     r9, 0x0(r21)
FFEC0EF8  3BA00001  li      r29, 0x1
FFEC0EFC  4800006C  b       loc_FFEC0F68
loc_FFEC0F00:
FFEC0F00* 813F0054  lwz     r9, 0x54(r31)
FFEC0F04* 39000000  li      r8, 0x0
FFEC0F08* 2C090000  cmpwi   cr0, r9, 0x0
loc_FFEC0F0C:
FFEC0F0C* 4182005C  beq     loc_FFEC0F68
FFEC0F10* A08900BC  lhz     r4, 0xBC(r9)
FFEC0F14* 2C040000  cmpwi   cr0, r4, 0x0
FFEC0F18* 41820044  beq     loc_FFEC0F5C
FFEC0F1C* 80890054  lwz     r4, 0x54(r9)
FFEC0F20* 2C040000  cmpwi   cr0, r4, 0x0
FFEC0F24* 41820038  beq     loc_FFEC0F5C
FFEC0F28  808900B4  lwz     r4, 0xB4(r9)
FFEC0F2C  30A4FFFF  addic   r5, r4, -0x1
FFEC0F30  90A900B4  stw     r5, 0xB4(r9)
FFEC0F34  28040000  cmplwi  cr0, r4, 0x0
FFEC0F38  41820010  beq     loc_FFEC0F48
FFEC0F3C  A08900BE  lhz     r4, 0xBE(r9)
FFEC0F40  54840739  rlwinm. r4, r4, 0, 28, 28
FFEC0F44  41820018  beq     loc_FFEC0F5C
loc_FFEC0F48:
FFEC0F48  2C1D000A  cmpwi   cr0, r29, 0xA
FFEC0F4C  40800010  bge     loc_FFEC0F5C
FFEC0F50  7D28A92E  stwx    r9, r8, r21
FFEC0F54  33BD0001  addic   r29, r29, 0x1
FFEC0F58  31080004  addic   r8, r8, 0x4
loc_FFEC0F5C:
FFEC0F5C* 81290000  lwz     r9, 0x0(r9)
FFEC0F60* 2C090000  cmpwi   cr0, r9, 0x0
FFEC0F64* 4BFFFFA8  b       loc_FFEC0F0C
loc_FFEC0F68:
FFEC0F68* 2D1D0000  cmpwi   cr2, r29, 0x0
FFEC0F6C* 3B800000  li      r28, 0x0
FFEC0F70* 408900F0  ble     cr2, loc_FFEC1060
FFEC0F74  38800001  li      r4, 0x1
FFEC0F78  30840000  addic   r4, r4, 0x0
FFEC0F7C  7C04E800  cmpw    r4, r29
FFEC0F80  3BC00000  li      r30, 0x0
FFEC0F84  408000A0  bge     loc_FFEC1024
FFEC0F88  335F04A0  addic   r26, r31, 0x4A0
FFEC0F8C  333F0494  addic   r25, r31, 0x494
FFEC0F90  331F006A  addic   r24, r31, 0x6A
FFEC0F94  32DDFFFF  addic   r22, r29, -0x1
FFEC0F98  3B600010  li      r27, 0x10
loc_FFEC0F9C:
FFEC0F9C  40800080  bge     loc_FFEC101C
FFEC0FA0  7C7EA82E  lwzx    r3, r30, r21
FFEC0FA4  9B7F049C  stb     r27, 0x49C(r31)
FFEC0FA8  92FF04A4  stw     r23, 0x4A4(r31)
FFEC0FAC  80E3000C  lwz     r7, 0xC(r3)
FFEC0FB0  7E7EA814  addc    r19, r30, r21
FFEC0FB4  90FA0000  stw     r7, 0x0(r26)
FFEC0FB8  A10300BE  lhz     r8, 0xBE(r3)
FFEC0FBC  339C0002  addic   r28, r28, 0x2
FFEC0FC0  61080008  ori     r8, r8, 0x8
FFEC0FC4  B10300BE  sth     r8, 0xBE(r3)
FFEC0FC8  932300C4  stw     r25, 0xC4(r3)
FFEC0FCC  63040000  ori     r4, r24, 0x0
FFEC0FD0  63E50000  ori     r5, r31, 0x0
FFEC0FD4  33DE0008  addic   r30, r30, 0x8
FFEC0FD8  4BFFFD69  bl      sub_FFEC0D40
FFEC0FDC  60000000  nop
FFEC0FE0  80730004  lwz     r3, 0x4(r19)
FFEC0FE4  9B7F049C  stb     r27, 0x49C(r31)
FFEC0FE8  92FF04A4  stw     r23, 0x4A4(r31)
FFEC0FEC  8003000C  lwz     r0, 0xC(r3)
FFEC0FF0  63040000  ori     r4, r24, 0x0
FFEC0FF4  901A0000  stw     r0, 0x0(r26)
FFEC0FF8  A00300BE  lhz     r0, 0xBE(r3)
FFEC0FFC  63E50000  ori     r5, r31, 0x0
FFEC1000  60000008  ori     r0, r0, 0x8
FFEC1004  B00300BE  sth     r0, 0xBE(r3)
FFEC1008  932300C4  stw     r25, 0xC4(r3)
FFEC100C  4BFFFD35  bl      sub_FFEC0D40
FFEC1010  60000000  nop
FFEC1014  7C1CB000  cmpw    r28, r22
FFEC1018  4BFFFF84  b       loc_FFEC0F9C
loc_FFEC101C:
FFEC101C  7C1CE800  cmpw    r28, r29
FFEC1020  40800040  bge     loc_FFEC1060
loc_FFEC1024:
FFEC1024  38800010  li      r4, 0x10
FFEC1028  7C7EA82E  lwzx    r3, r30, r21
FFEC102C  989F049C  stb     r4, 0x49C(r31)
FFEC1030  92FF04A4  stw     r23, 0x4A4(r31)
FFEC1034  80E3000C  lwz     r7, 0xC(r3)
FFEC1038  313F0494  addic   r9, r31, 0x494
FFEC103C  90FF04A0  stw     r7, 0x4A0(r31)
FFEC1040  A10300BE  lhz     r8, 0xBE(r3)
FFEC1044  63E50000  ori     r5, r31, 0x0
FFEC1048  61080008  ori     r8, r8, 0x8
FFEC104C  B10300BE  sth     r8, 0xBE(r3)
FFEC1050  912300C4  stw     r9, 0xC4(r3)
FFEC1054  309F006A  addic   r4, r31, 0x6A
FFEC1058  4BFFFCE9  bl      sub_FFEC0D40
FFEC105C  60000000  nop
loc_FFEC1060:
FFEC1060* 62830000  ori     r3, r20, 0x0
FFEC1064* 4BFFB125  bl      sub_FFEBC188
FFEC1068* 60000000  nop
FFEC106C* 4BFFB461  bl      sub_FFEBC4CC
FFEC1070* 60000000  nop
FFEC1074* 418A0010  beq     cr2, loc_FFEC1084
FFEC1078  63E30000  ori     r3, r31, 0x0
FFEC107C  4BFFB9B9  bl      sub_FFEBCA34
FFEC1080  60000000  nop
loc_FFEC1084:
FFEC1084* 4BFFB345  bl      sub_FFEBC3C8
FFEC1088* 60000000  nop
FFEC108C* 307F0224  addic   r3, r31, 0x224
FFEC1090* 388003E8  li      r4, 0x3E8
FFEC1094* 48003911  bl      sub_FFEC49A4
FFEC1098* 80410014  lwz     r2, 0x14(r1)
FFEC109C* 800100A0  lwz     r0, 0xA0(r1)
FFEC10A0* 8181009C  lwz     r12, 0x9C(r1)
FFEC10A4* 30210098  addic   r1, r1, 0x98
FFEC10A8* 7C0803A6  mtspr   LR, r0
FFEC10AC* BA61FFCC  lmw     r19, -0x34(r1)
FFEC10B0* 7D838120  mtcrf   0x38, r12
FFEC10B4* 4E800020  blr

sub_FFEC10B8:
FFEC10B8* 38000000  li      r0, 0x0
FFEC10BC* 7C601828  lwarx   r3, 0, r3
FFEC10C0* 4C00012C  isync
FFEC10C4* 4E800020  blr

sub_FFEC10C8:
FFEC10C8* 38000000  li      r0, 0x0
FFEC10CC* 7C60212D  stwcx.  r3, 0, r4
FFEC10D0* 4C00012C  isync
FFEC10D4* 4082000C  bne     loc_FFEC10E0
FFEC10D8* 38600000  li      r3, 0x0
FFEC10DC* 4E800020  blr
loc_FFEC10E0:
FFEC10E0  38600001  li      r3, 0x1
FFEC10E4  4E800020  blr

sub_FFEC10E8:
FFEC10E8* 5467E8FE  srwi    r7, r3, 3
FFEC10EC* 5463077E  clrlwi  r3, r3, 29
FFEC10F0* 7C843A14  add     r4, r4, r7
FFEC10F4* 54871EF8  clrlslwi r7, r4, 30, 3
FFEC10F8* 7C633A14  add     r3, r3, r7
FFEC10FC* 5484003A  clrrwi  r4, r4, 2
FFEC1100* 38E00001  li      r7, 0x1
FFEC1104* 7C6318F8  nor     r3, r3, r3
FFEC1108* 5CE7183E  rotlw   r7, r7, r3
FFEC110C* 38600001  li      r3, 0x1
loc_FFEC1110:
FFEC1110* 7CA02028  lwarx   r5, 0, r4
FFEC1114* 7CA83839  and.    r8, r5, r7
FFEC1118* 4C820020  bnelr
FFEC111C* 7CA53B78  or      r5, r5, r7
FFEC1120* 7CA0212D  stwcx.  r5, 0, r4
FFEC1124* 4082FFEC  bne     loc_FFEC1110
FFEC1128* 38600000  li      r3, 0x0
FFEC112C* 4E800020  blr

sub_FFEC1130:
FFEC1130* 5467E8FE  srwi    r7, r3, 3
FFEC1134* 5463077E  clrlwi  r3, r3, 29
FFEC1138* 7C843A14  add     r4, r4, r7
FFEC113C* 54871EF8  clrlslwi r7, r4, 30, 3
FFEC1140* 7C633A14  add     r3, r3, r7
FFEC1144* 5484003A  clrrwi  r4, r4, 2
FFEC1148* 38E00001  li      r7, 0x1
FFEC114C* 7C6318F8  nor     r3, r3, r3
FFEC1150* 5CE7183E  rotlw   r7, r7, r3
FFEC1154* 38600000  li      r3, 0x0
loc_FFEC1158:
FFEC1158* 7CA02028  lwarx   r5, 0, r4
FFEC115C* 7CA83839  and.    r8, r5, r7
FFEC1160* 4D820020  beqlr
FFEC1164* 7CA53879  andc.   r5, r5, r7
FFEC1168* 7CA0212D  stwcx.  r5, 0, r4
FFEC116C* 4082FFEC  bne     loc_FFEC1158
FFEC1170* 38600001  li      r3, 0x1
FFEC1174* 4E800020  blr

sub_FFEC1178:
FFEC1178* 7C0006AC  eieio
FFEC117C* 4E800020  blr

sub_FFEC1180:
FFEC1180? 7C0004AC  sync
FFEC1184? 4E800020  blr

sub_FFEC1188:
FFEC1188* 7C0802A6  mfspr   r0, LR
FFEC118C* 90010008  stw     r0, 0x8(r1)
FFEC1190* 9421FFC8  stwu    r1, -0x38(r1)
FFEC1194* 9421FF70  stwu    r1, -0x90(r1)
FFEC1198* 91610064  stw     r11, 0x64(r1)
FFEC119C* 91810068  stw     r12, 0x68(r1)
FFEC11A0* 91A1006C  stw     r13, 0x6C(r1)
FFEC11A4* 91C10070  stw     r14, 0x70(r1)
FFEC11A8* 91E10074  stw     r15, 0x74(r1)
FFEC11AC* 92010078  stw     r16, 0x78(r1)
FFEC11B0* 9221007C  stw     r17, 0x7C(r1)
FFEC11B4* 92410080  stw     r18, 0x80(r1)
FFEC11B8* 92610084  stw     r19, 0x84(r1)
FFEC11BC* 92810088  stw     r20, 0x88(r1)
FFEC11C0* 92A1008C  stw     r21, 0x8C(r1)
FFEC11C4* 92C10090  stw     r22, 0x90(r1)
FFEC11C8* 92E10094  stw     r23, 0x94(r1)
FFEC11CC* 93010098  stw     r24, 0x98(r1)
FFEC11D0* 9321009C  stw     r25, 0x9C(r1)
FFEC11D4* 934100A0  stw     r26, 0xA0(r1)
FFEC11D8* 936100A4  stw     r27, 0xA4(r1)
FFEC11DC* 938100A8  stw     r28, 0xA8(r1)
FFEC11E0* 93A100AC  stw     r29, 0xAC(r1)
FFEC11E4* 93C100B0  stw     r30, 0xB0(r1)
FFEC11E8* 93E100B4  stw     r31, 0xB4(r1)
FFEC11EC* 7C0902A6  mfspr   r0, CTR
FFEC11F0* 7CE00026  mfcr    r7
FFEC11F4* 900100C0  stw     r0, 0xC0(r1)
FFEC11F8* 90E100BC  stw     r7, 0xBC(r1)
FFEC11FC* 4800007D  bl      sub_FFEC1278
FFEC1200* 800100C0  lwz     r0, 0xC0(r1)
FFEC1204* 80E100BC  lwz     r7, 0xBC(r1)
FFEC1208* 7C0903A6  mtspr   CTR, r0
FFEC120C* 7CEFF120  mtcr    r7
FFEC1210* 81610064  lwz     r11, 0x64(r1)
FFEC1214* 81810068  lwz     r12, 0x68(r1)
FFEC1218* 81A1006C  lwz     r13, 0x6C(r1)
FFEC121C* 81C10070  lwz     r14, 0x70(r1)
FFEC1220* 81E10074  lwz     r15, 0x74(r1)
FFEC1224* 82010078  lwz     r16, 0x78(r1)
FFEC1228* 8221007C  lwz     r17, 0x7C(r1)
FFEC122C* 82410080  lwz     r18, 0x80(r1)
FFEC1230* 82610084  lwz     r19, 0x84(r1)
FFEC1234* 82810088  lwz     r20, 0x88(r1)
FFEC1238* 82A1008C  lwz     r21, 0x8C(r1)
FFEC123C* 82C10090  lwz     r22, 0x90(r1)
FFEC1240* 82E10094  lwz     r23, 0x94(r1)
FFEC1244* 83010098  lwz     r24, 0x98(r1)
FFEC1248* 8321009C  lwz     r25, 0x9C(r1)
FFEC124C* 834100A0  lwz     r26, 0xA0(r1)
FFEC1250* 836100A4  lwz     r27, 0xA4(r1)
FFEC1254* 838100A8  lwz     r28, 0xA8(r1)
FFEC1258* 83A100AC  lwz     r29, 0xAC(r1)
FFEC125C* 83C100B0  lwz     r30, 0xB0(r1)
FFEC1260* 83E100B4  lwz     r31, 0xB4(r1)
FFEC1264* 30210090  addic   r1, r1, 0x90
FFEC1268* 80010040  lwz     r0, 0x40(r1)
FFEC126C* 30210038  addic   r1, r1, 0x38
FFEC1270* 7C0803A6  mtspr   LR, r0
FFEC1274* 4E800020  blr

sub_FFEC1278:
FFEC1278* 7CC802A6  mfspr   r6, LR
FFEC127C* 90C100C4  stw     r6, 0xC4(r1)
FFEC1280* 7CC63050  subf    r6, r6, r6
FFEC1284* 7CE73850  subf    r7, r7, r7
FFEC1288* 81030000  lwz     r8, 0x0(r3)
FFEC128C* 80C60110  lwz     r6, 0x110(r6)
FFEC1290* 90C8020C  stw     r6, 0x20C(r8)
FFEC1294* 90E70110  stw     r7, 0x110(r7)
FFEC1298* 902801E4  stw     r1, 0x1E4(r8)
FFEC129C* 80280080  lwz     r1, 0x80(r8)
FFEC12A0* 9421FFBC  stwu    r1, -0x44(r1)
FFEC12A4* 7C651B78  mr      r5, r3
FFEC12A8* 90A10038  stw     r5, 0x38(r1)
FFEC12AC* 3861003C  addi    r3, r1, 0x3C
FFEC12B0* 38810040  addi    r4, r1, 0x40
FFEC12B4* 4BFFDF7D  bl      sub_FFEBF230
FFEC12B8* 7CC63050  subf    r6, r6, r6
FFEC12BC* A0C1003C  lhz     r6, 0x3C(r1)
FFEC12C0* 80810040  lwz     r4, 0x40(r1)
FFEC12C4* 80A10038  lwz     r5, 0x38(r1)
FFEC12C8* 7CE73850  subf    r7, r7, r7
FFEC12CC* 81050000  lwz     r8, 0x0(r5)
FFEC12D0* 802801E4  lwz     r1, 0x1E4(r8)
FFEC12D4* 8128020C  lwz     r9, 0x20C(r8)
FFEC12D8* 91270110  stw     r9, 0x110(r7)
FFEC12DC* 7CE73850  subf    r7, r7, r7
FFEC12E0* 98E8009F  stb     r7, 0x9F(r8)
FFEC12E4* 2C030000  cmpwi   cr0, r3, 0x0
FFEC12E8* 4182000C  beq     loc_FFEC12F4
FFEC12EC* 7CC33378  mr      r3, r6
FFEC12F0* 4BFFCC11  bl      sub_FFEBDF00
loc_FFEC12F4:
FFEC12F4* 806100C4  lwz     r3, 0xC4(r1)
FFEC12F8* 7C6803A6  mtspr   LR, r3
FFEC12FC* 4E800020  blr

sub_FFEC1300:
FFEC1300* 7C0802A6  mfspr   r0, LR
FFEC1304* 90010008  stw     r0, 0x8(r1)
FFEC1308* 9421FF38  stwu    r1, -0xC8(r1)
FFEC130C* 48000015  bl      sub_FFEC1320
FFEC1310* 800100D0  lwz     r0, 0xD0(r1)
FFEC1314* 302100C8  addic   r1, r1, 0xC8
FFEC1318* 7C0803A6  mtspr   LR, r0
FFEC131C* 4E800020  blr

sub_FFEC1320:
FFEC1320* 90610044  stw     r3, 0x44(r1)
FFEC1324* 90810048  stw     r4, 0x48(r1)
FFEC1328* 90A1004C  stw     r5, 0x4C(r1)
FFEC132C* 90C10050  stw     r6, 0x50(r1)
FFEC1330* 90E10054  stw     r7, 0x54(r1)
FFEC1334* 91010058  stw     r8, 0x58(r1)
FFEC1338* 9121005C  stw     r9, 0x5C(r1)
FFEC133C* 91410060  stw     r10, 0x60(r1)
FFEC1340* 91610064  stw     r11, 0x64(r1)
FFEC1344* 91810068  stw     r12, 0x68(r1)
FFEC1348* 91A1006C  stw     r13, 0x6C(r1)
FFEC134C* 91C10070  stw     r14, 0x70(r1)
FFEC1350* 91E10074  stw     r15, 0x74(r1)
FFEC1354* 92010078  stw     r16, 0x78(r1)
FFEC1358* 9221007C  stw     r17, 0x7C(r1)
FFEC135C* 92410080  stw     r18, 0x80(r1)
FFEC1360* 92610084  stw     r19, 0x84(r1)
FFEC1364* 92810088  stw     r20, 0x88(r1)
FFEC1368* 92A1008C  stw     r21, 0x8C(r1)
FFEC136C* 92C10090  stw     r22, 0x90(r1)
FFEC1370* 92E10094  stw     r23, 0x94(r1)
FFEC1374* 93010098  stw     r24, 0x98(r1)
FFEC1378* 9321009C  stw     r25, 0x9C(r1)
FFEC137C* 934100A0  stw     r26, 0xA0(r1)
FFEC1380* 936100A4  stw     r27, 0xA4(r1)
FFEC1384* 938100A8  stw     r28, 0xA8(r1)
FFEC1388* 93A100AC  stw     r29, 0xAC(r1)
FFEC138C* 93C100B0  stw     r30, 0xB0(r1)
FFEC1390* 93E100B4  stw     r31, 0xB4(r1)
FFEC1394* 7C0902A6  mfspr   r0, CTR
FFEC1398* 7CE00026  mfcr    r7
FFEC139C* 7CC802A6  mfspr   r6, LR
FFEC13A0* 900100C0  stw     r0, 0xC0(r1)
FFEC13A4* 90E100BC  stw     r7, 0xBC(r1)
FFEC13A8* 90C100C4  stw     r6, 0xC4(r1)
FFEC13AC* 7D084050  subf    r8, r8, r8
FFEC13B0* 902301E8  stw     r1, 0x1E8(r3)
FFEC13B4* 802301E4  lwz     r1, 0x1E4(r3)
FFEC13B8* 80E3020C  lwz     r7, 0x20C(r3)
FFEC13BC* 90E80110  stw     r7, 0x110(r8)
FFEC13C0* 806100C4  lwz     r3, 0xC4(r1)
FFEC13C4* 7C6803A6  mtspr   LR, r3
FFEC13C8* 4E800020  blr

sub_FFEC13CC:
FFEC13CC* 7C0802A6  mfspr   r0, LR
FFEC13D0* 90010008  stw     r0, 0x8(r1)
FFEC13D4* 9421FF38  stwu    r1, -0xC8(r1)
FFEC13D8* 91610064  stw     r11, 0x64(r1)
FFEC13DC* 91810068  stw     r12, 0x68(r1)
FFEC13E0* 91A1006C  stw     r13, 0x6C(r1)
FFEC13E4* 91C10070  stw     r14, 0x70(r1)
FFEC13E8* 91E10074  stw     r15, 0x74(r1)
FFEC13EC* 92010078  stw     r16, 0x78(r1)
FFEC13F0* 9221007C  stw     r17, 0x7C(r1)
FFEC13F4* 92410080  stw     r18, 0x80(r1)
FFEC13F8* 92610084  stw     r19, 0x84(r1)
FFEC13FC* 92810088  stw     r20, 0x88(r1)
FFEC1400* 92A1008C  stw     r21, 0x8C(r1)
FFEC1404* 92C10090  stw     r22, 0x90(r1)
FFEC1408* 92E10094  stw     r23, 0x94(r1)
FFEC140C* 93010098  stw     r24, 0x98(r1)
FFEC1410* 9321009C  stw     r25, 0x9C(r1)
FFEC1414* 934100A0  stw     r26, 0xA0(r1)
FFEC1418* 936100A4  stw     r27, 0xA4(r1)
FFEC141C* 938100A8  stw     r28, 0xA8(r1)
FFEC1420* 93A100AC  stw     r29, 0xAC(r1)
FFEC1424* 93C100B0  stw     r30, 0xB0(r1)
FFEC1428* 93E100B4  stw     r31, 0xB4(r1)
FFEC142C* 7C0902A6  mfspr   r0, CTR
FFEC1430* 7CC00026  mfcr    r6
FFEC1434* 900100C0  stw     r0, 0xC0(r1)
FFEC1438* 90C100BC  stw     r6, 0xBC(r1)
FFEC143C* 48000079  bl      sub_FFEC14B4
FFEC1440* 800100C0  lwz     r0, 0xC0(r1)
FFEC1444* 80C100BC  lwz     r6, 0xBC(r1)
FFEC1448* 7C0903A6  mtspr   CTR, r0
FFEC144C* 7CCFF120  mtcr    r6
FFEC1450* 81610064  lwz     r11, 0x64(r1)
FFEC1454* 81810068  lwz     r12, 0x68(r1)
FFEC1458* 81A1006C  lwz     r13, 0x6C(r1)
FFEC145C* 81C10070  lwz     r14, 0x70(r1)
FFEC1460* 81E10074  lwz     r15, 0x74(r1)
FFEC1464* 82010078  lwz     r16, 0x78(r1)
FFEC1468* 8221007C  lwz     r17, 0x7C(r1)
FFEC146C* 82410080  lwz     r18, 0x80(r1)
FFEC1470* 82610084  lwz     r19, 0x84(r1)
FFEC1474* 82810088  lwz     r20, 0x88(r1)
FFEC1478* 82A1008C  lwz     r21, 0x8C(r1)
FFEC147C* 82C10090  lwz     r22, 0x90(r1)
FFEC1480* 82E10094  lwz     r23, 0x94(r1)
FFEC1484* 83010098  lwz     r24, 0x98(r1)
FFEC1488* 8321009C  lwz     r25, 0x9C(r1)
FFEC148C* 834100A0  lwz     r26, 0xA0(r1)
FFEC1490* 836100A4  lwz     r27, 0xA4(r1)
FFEC1494* 838100A8  lwz     r28, 0xA8(r1)
FFEC1498* 83A100AC  lwz     r29, 0xAC(r1)
FFEC149C* 83C100B0  lwz     r30, 0xB0(r1)
FFEC14A0* 83E100B4  lwz     r31, 0xB4(r1)
FFEC14A4* 800100D0  lwz     r0, 0xD0(r1)
FFEC14A8* 302100C8  addic   r1, r1, 0xC8
FFEC14AC* 7C0803A6  mtspr   LR, r0
FFEC14B0* 4E800020  blr

sub_FFEC14B4:
FFEC14B4* 7CC802A6  mfspr   r6, LR
FFEC14B8* 90C100C4  stw     r6, 0xC4(r1)
FFEC14BC* 7CC63050  subf    r6, r6, r6
FFEC14C0* 7CE73850  subf    r7, r7, r7
FFEC14C4* 80C60110  lwz     r6, 0x110(r6)
FFEC14C8* 90C3020C  stw     r6, 0x20C(r3)
FFEC14CC* 90E70110  stw     r7, 0x110(r7)
FFEC14D0* 902301E4  stw     r1, 0x1E4(r3)
FFEC14D4* 802301E8  lwz     r1, 0x1E8(r3)
FFEC14D8* 800100C0  lwz     r0, 0xC0(r1)
FFEC14DC* 80C100BC  lwz     r6, 0xBC(r1)
FFEC14E0* 7C0903A6  mtspr   CTR, r0
FFEC14E4* 7CCFF120  mtcr    r6
FFEC14E8* 80610044  lwz     r3, 0x44(r1)
FFEC14EC* 80810048  lwz     r4, 0x48(r1)
FFEC14F0* 80A1004C  lwz     r5, 0x4C(r1)
FFEC14F4* 80C10050  lwz     r6, 0x50(r1)
FFEC14F8* 80E10054  lwz     r7, 0x54(r1)
FFEC14FC* 81010058  lwz     r8, 0x58(r1)
FFEC1500* 8121005C  lwz     r9, 0x5C(r1)
FFEC1504* 81410060  lwz     r10, 0x60(r1)
FFEC1508* 81610064  lwz     r11, 0x64(r1)
FFEC150C* 81810068  lwz     r12, 0x68(r1)
FFEC1510* 81A1006C  lwz     r13, 0x6C(r1)
FFEC1514* 81C10070  lwz     r14, 0x70(r1)
FFEC1518* 81E10074  lwz     r15, 0x74(r1)
FFEC151C* 82010078  lwz     r16, 0x78(r1)
FFEC1520* 8221007C  lwz     r17, 0x7C(r1)
FFEC1524* 82410080  lwz     r18, 0x80(r1)
FFEC1528* 82610084  lwz     r19, 0x84(r1)
FFEC152C* 82810088  lwz     r20, 0x88(r1)
FFEC1530* 82A1008C  lwz     r21, 0x8C(r1)
FFEC1534* 82C10090  lwz     r22, 0x90(r1)
FFEC1538* 82E10094  lwz     r23, 0x94(r1)
FFEC153C* 83010098  lwz     r24, 0x98(r1)
FFEC1540* 8321009C  lwz     r25, 0x9C(r1)
FFEC1544* 834100A0  lwz     r26, 0xA0(r1)
FFEC1548* 836100A4  lwz     r27, 0xA4(r1)
FFEC154C* 838100A8  lwz     r28, 0xA8(r1)
FFEC1550* 83A100AC  lwz     r29, 0xAC(r1)
FFEC1554* 83C100B0  lwz     r30, 0xB0(r1)
FFEC1558* 83E100B4  lwz     r31, 0xB4(r1)
FFEC155C* 806100C4  lwz     r3, 0xC4(r1)
FFEC1560* 7C6803A6  mtspr   LR, r3
FFEC1564* 4E800020  blr

sub_FFEC1568:
FFEC1568* 7C850734  extsh   r5, r4
FFEC156C* 30A5FFFF  addic   r5, r5, -0x1
FFEC1570* 7CA40734  extsh   r4, r5
FFEC1574* 2C040000  cmpwi   cr0, r4, 0x0
FFEC1578* 41800024  blt     loc_FFEC159C
FFEC157C* 3183FFFF  addic   r12, r3, -0x1
FFEC1580* 39600000  li      r11, 0x0
loc_FFEC1584:
FFEC1584* 41800018  blt     loc_FFEC159C
FFEC1588* 3064FFFF  addic   r3, r4, -0x1
FFEC158C* 7C640734  extsh   r4, r3
FFEC1590* 9D6C0001  stbu    r11, 0x1(r12)
FFEC1594* 2C040000  cmpwi   cr0, r4, 0x0
FFEC1598* 4BFFFFEC  b       loc_FFEC1584
loc_FFEC159C:
FFEC159C* 4E800020  blr

sub_FFEC15A0:
FFEC15A0  7C0802A6  mfspr   r0, LR
FFEC15A4  BF61FFEC  stmw    r27, -0x14(r1)
FFEC15A8  90010008  stw     r0, 0x8(r1)
FFEC15AC  9421FFB0  stwu    r1, -0x50(r1)
FFEC15B0  609E0000  ori     r30, r4, 0x0
FFEC15B4  607F0000  ori     r31, r3, 0x0
FFEC15B8  38A00000  li      r5, 0x0
FFEC15BC  98BF000C  stb     r5, 0xC(r31)
FFEC15C0  80FE0070  lwz     r7, 0x70(r30)
FFEC15C4  39200000  li      r9, 0x0
FFEC15C8  80C70000  lwz     r6, 0x0(r7)
FFEC15CC  28060000  cmplwi  cr0, r6, 0x0
FFEC15D0  40810030  ble     loc_FFEC1600
FFEC15D4  7CC903A6  mtspr   CTR, r6
FFEC15D8  811F000C  lwz     r8, 0xC(r31)
FFEC15DC  3127FFFC  addic   r9, r7, -0x4
FFEC15E0  48000008  b       loc_FFEC15E8
loc_FFEC15E4:
FFEC15E4  418200AC  beq     loc_FFEC1690
loc_FFEC15E8:
FFEC15E8  84A90008  lwzu    r5, 0x8(r9)
FFEC15EC  7C082800  cmpw    r8, r5
FFEC15F0  4200FFF4  bdnz    loc_FFEC15E4
FFEC15F4  4182009C  beq     loc_FFEC1690
FFEC15F8  7CA902A6  mfspr   r5, CTR
FFEC15FC  7D253010  subfc   r9, r5, r6
loc_FFEC1600:
FFEC1600  553C1838  slwi    r28, r9, 3
FFEC1604  307C0014  addic   r3, r28, 0x14
FFEC1608  607B0000  ori     r27, r3, 0x0
FFEC160C  48003471  bl      sub_FFEC4A7C
FFEC1610  80410014  lwz     r2, 0x14(r1)
FFEC1614  607D0000  ori     r29, r3, 0x0
FFEC1618  2C1D0000  cmpwi   cr0, r29, 0x0
FFEC161C  63690000  ori     r9, r27, 0x0
FFEC1620  4182008C  beq     loc_FFEC16AC
FFEC1624  807E0070  lwz     r3, 0x70(r30)
FFEC1628  30A9FFF8  addic   r5, r9, -0x8
FFEC162C  63A40000  ori     r4, r29, 0x0
FFEC1630  3B600000  li      r27, 0x0
FFEC1634  480035C9  bl      sub_FFEC4BFC
FFEC1638  80410014  lwz     r2, 0x14(r1)
FFEC163C  807E0070  lwz     r3, 0x70(r30)
FFEC1640  480035ED  bl      sub_FFEC4C2C
FFEC1644  80410014  lwz     r2, 0x14(r1)
FFEC1648  93BE0070  stw     r29, 0x70(r30)
FFEC164C  801D0000  lwz     r0, 0x0(r29)
FFEC1650  30000001  addic   r0, r0, 0x1
FFEC1654  901D0000  stw     r0, 0x0(r29)
FFEC1658  801E0070  lwz     r0, 0x70(r30)
FFEC165C  819F000C  lwz     r12, 0xC(r31)
FFEC1660  7D60E014  addc    r11, r0, r28
FFEC1664  918B0004  stw     r12, 0x4(r11)
FFEC1668  801E0070  lwz     r0, 0x70(r30)
FFEC166C  A99F0024  lha     r12, 0x24(r31)
FFEC1670  7D60E014  addc    r11, r0, r28
FFEC1674  B18B0008  sth     r12, 0x8(r11)
FFEC1678  B37F000A  sth     r27, 0xA(r31)
FFEC167C  80010058  lwz     r0, 0x58(r1)
FFEC1680  30210050  addic   r1, r1, 0x50
FFEC1684  7C0803A6  mtspr   LR, r0
FFEC1688  BB61FFEC  lmw     r27, -0x14(r1)
FFEC168C  4E800020  blr
loc_FFEC1690:
FFEC1690  3860E135  li      r3, -0x1ECB
FFEC1694  B07F000A  sth     r3, 0xA(r31)
FFEC1698  80010058  lwz     r0, 0x58(r1)
FFEC169C  30210050  addic   r1, r1, 0x50
FFEC16A0  7C0803A6  mtspr   LR, r0
FFEC16A4  BB61FFEC  lmw     r27, -0x14(r1)
FFEC16A8  4E800020  blr
loc_FFEC16AC:
FFEC16AC  3860FF94  li      r3, -0x6C
FFEC16B0  B07F000A  sth     r3, 0xA(r31)
FFEC16B4  80010058  lwz     r0, 0x58(r1)
FFEC16B8  30210050  addic   r1, r1, 0x50
FFEC16BC  7C0803A6  mtspr   LR, r0
FFEC16C0  BB61FFEC  lmw     r27, -0x14(r1)
FFEC16C4  4E800020  blr

sub_FFEC16C8:
FFEC16C8  7C0802A6  mfspr   r0, LR
FFEC16CC  7D800026  mfcr    r12
FFEC16D0  BE81FFD0  stmw    r20, -0x30(r1)
FFEC16D4  90010008  stw     r0, 0x8(r1)
FFEC16D8  91810004  stw     r12, 0x4(r1)
FFEC16DC  9421FE68  stwu    r1, -0x198(r1)
FFEC16E0  60790000  ori     r25, r3, 0x0
FFEC16E4  33810140  addic   r28, r1, 0x140
FFEC16E8  33010038  addic   r24, r1, 0x38
FFEC16EC  33410060  addic   r26, r1, 0x60
FFEC16F0  33610090  addic   r27, r1, 0x90
FFEC16F4  3BC00000  li      r30, 0x0
FFEC16F8  3AA00000  li      r21, 0x0
FFEC16FC  48003471  bl      sub_FFEC4B6C
FFEC1700  80410014  lwz     r2, 0x14(r1)
FFEC1704  93230084  stw     r25, 0x84(r3)
FFEC1708  48003465  bl      sub_FFEC4B6C
FFEC170C  80410014  lwz     r2, 0x14(r1)
FFEC1710  3C007870  lis     r0, 0x7870
FFEC1714  60007467  ori     r0, r0, 0x7467
FFEC1718  90030088  stw     r0, 0x88(r3)
FFEC171C  313CFFFF  addic   r9, r28, -0x1
FFEC1720  39000027  li      r8, 0x27
FFEC1724  48000008  b       loc_FFEC172C
loc_FFEC1728:
FFEC1728  41800018  blt     loc_FFEC1740
loc_FFEC172C:
FFEC172C  3088FFFF  addic   r4, r8, -0x1
FFEC1730  7C880734  extsh   r8, r4
FFEC1734  9FC90001  stbu    r30, 0x1(r9)
FFEC1738  2C080000  cmpwi   cr0, r8, 0x0
FFEC173C  4BFFFFEC  b       loc_FFEC1728
loc_FFEC1740:
FFEC1740  3BE00000  li      r31, 0x0
FFEC1744  633D0000  ori     r29, r25, 0x0
FFEC1748  63F40000  ori     r20, r31, 0x0
FFEC174C  3AE00080  li      r23, 0x80
FFEC1750  3AC00028  li      r22, 0x28
FFEC1754  48000008  b       loc_FFEC175C
loc_FFEC1758:
FFEC1758  40800044  bge     loc_FFEC179C
loc_FFEC175C:
FFEC175C  B3FC0024  sth     r31, 0x24(r28)
FFEC1760  9AFC0008  stb     r23, 0x8(r28)
FFEC1764  92BC0010  stw     r21, 0x10(r28)
FFEC1768  B2DC0006  sth     r22, 0x6(r28)
FFEC176C  63830000  ori     r3, r28, 0x0
FFEC1770  480032F5  bl      sub_FFEC4A64
FFEC1774  80410014  lwz     r2, 0x14(r1)
FFEC1778  881C0026  lbz     r0, 0x26(r28)
FFEC177C  2C000000  cmpwi   cr0, r0, 0x0
FFEC1780  4182000C  beq     loc_FFEC178C
FFEC1784  889C000D  lbz     r4, 0xD(r28)
FFEC1788  B09D0050  sth     r4, 0x50(r29)
loc_FFEC178C:
FFEC178C  33FF0001  addic   r31, r31, 0x1
FFEC1790  33BD0002  addic   r29, r29, 0x2
FFEC1794  281F0007  cmplwi  cr0, r31, 0x7
FFEC1798  4BFFFFC0  b       loc_FFEC1758
loc_FFEC179C:
FFEC179C  313AFFFF  addic   r9, r26, -0x1
FFEC17A0  3900002B  li      r8, 0x2B
FFEC17A4  48000008  b       loc_FFEC17AC
loc_FFEC17A8:
FFEC17A8  41800018  blt     loc_FFEC17C0
loc_FFEC17AC:
FFEC17AC  3088FFFF  addic   r4, r8, -0x1
FFEC17B0  7C880734  extsh   r8, r4
FFEC17B4  9FC90001  stbu    r30, 0x1(r9)
FFEC17B8  2C080000  cmpwi   cr0, r8, 0x0
FFEC17BC  4BFFFFEC  b       loc_FFEC17A8
loc_FFEC17C0:
FFEC17C0  388000FF  li      r4, 0xFF
FFEC17C4  38A0002C  li      r5, 0x2C
FFEC17C8  989A000D  stb     r4, 0xD(r26)
FFEC17CC  B0BA0006  sth     r5, 0x6(r26)
FFEC17D0  38C00086  li      r6, 0x86
FFEC17D4  98DA0008  stb     r6, 0x8(r26)
FFEC17D8  63430000  ori     r3, r26, 0x0
FFEC17DC  33FA0028  addic   r31, r26, 0x28
FFEC17E0  33BA000C  addic   r29, r26, 0xC
FFEC17E4  3B8000FF  li      r28, 0xFF
FFEC17E8  4800327D  bl      sub_FFEC4A64
FFEC17EC  80410014  lwz     r2, 0x14(r1)
FFEC17F0  82FA0028  lwz     r23, 0x28(r26)
FFEC17F4  92FA000C  stw     r23, 0xC(r26)
FFEC17F8  8ADA000D  lbz     r22, 0xD(r26)
FFEC17FC  2F1600FF  cmpwi   cr6, r22, 0xFF
loc_FFEC1800:
FFEC1800  419A0034  beq     cr6, loc_FFEC1834
FFEC1804  63430000  ori     r3, r26, 0x0
FFEC1808  4800325D  bl      sub_FFEC4A64
FFEC180C  80410014  lwz     r2, 0x14(r1)
FFEC1810  63240000  ori     r4, r25, 0x0
FFEC1814  63430000  ori     r3, r26, 0x0
FFEC1818  4BFFFD89  bl      sub_FFEC15A0
FFEC181C  60000000  nop
FFEC1820  82FF0000  lwz     r23, 0x0(r31)
FFEC1824  92FD0000  stw     r23, 0x0(r29)
FFEC1828  8ADA000D  lbz     r22, 0xD(r26)
FFEC182C  2F1600FF  cmpwi   cr6, r22, 0xFF
FFEC1830  4BFFFFD0  b       loc_FFEC1800
loc_FFEC1834:
FFEC1834  313BFFFF  addic   r9, r27, -0x1
FFEC1838  390000AB  li      r8, 0xAB
FFEC183C  48000008  b       loc_FFEC1844
loc_FFEC1840:
FFEC1840  41800018  blt     loc_FFEC1858
loc_FFEC1844:
FFEC1844  30A8FFFF  addic   r5, r8, -0x1
FFEC1848  7CA80734  extsh   r8, r5
FFEC184C  9FC90001  stbu    r30, 0x1(r9)
FFEC1850  2C080000  cmpwi   cr0, r8, 0x0
FFEC1854  4BFFFFEC  b       loc_FFEC1840
loc_FFEC1858:
FFEC1858  3B400003  li      r26, 0x3
FFEC185C  9B5B0008  stb     r26, 0x8(r27)
FFEC1860  939B000C  stw     r28, 0xC(r27)
FFEC1864  3AE000AC  li      r23, 0xAC
FFEC1868  B2FB0006  sth     r23, 0x6(r27)
FFEC186C  63630000  ori     r3, r27, 0x0
FFEC1870  480031F5  bl      sub_FFEC4A64
FFEC1874  80410014  lwz     r2, 0x14(r1)
FFEC1878  8BBB0044  lbz     r29, 0x44(r27)
FFEC187C  307D0001  addic   r3, r29, 0x1
FFEC1880  480031FD  bl      sub_FFEC4A7C
FFEC1884  80410014  lwz     r2, 0x14(r1)
FFEC1888  607C0000  ori     r28, r3, 0x0
FFEC188C  2C1C0000  cmpwi   cr0, r28, 0x0
FFEC1890  40820024  bne     loc_FFEC18B4
FFEC1894  3860FF94  li      r3, -0x6C
FFEC1898  800101A0  lwz     r0, 0x1A0(r1)
FFEC189C  8181019C  lwz     r12, 0x19C(r1)
FFEC18A0  30210198  addic   r1, r1, 0x198
FFEC18A4  7C0803A6  mtspr   LR, r0
FFEC18A8  BA81FFD0  lmw     r20, -0x30(r1)
FFEC18AC  7D838120  mtcrf   0x38, r12
FFEC18B0  4E800020  blr
loc_FFEC18B4:
FFEC18B4  2D1D0000  cmpwi   cr2, r29, 0x0
FFEC18B8  3BE00000  li      r31, 0x0
FFEC18BC  63F50000  ori     r21, r31, 0x0
FFEC18C0  4C080000  mcrf    cr0, cr2
FFEC18C4  41880044  blt     cr2, loc_FFEC1908
FFEC18C8  3AC00001  li      r22, 0x1
loc_FFEC18CC:
FFEC18CC  41800038  blt     loc_FFEC1904
FFEC18D0  9BFB000D  stb     r31, 0xD(r27)
FFEC18D4  9B5B0008  stb     r26, 0x8(r27)
FFEC18D8  B2FB0006  sth     r23, 0x6(r27)
FFEC18DC  63630000  ori     r3, r27, 0x0
FFEC18E0  48003185  bl      sub_FFEC4A64
FFEC18E4  80410014  lwz     r2, 0x14(r1)
FFEC18E8  2C030000  cmpwi   cr0, r3, 0x0
FFEC18EC  40820008  bne     loc_FFEC18F4
FFEC18F0  7EDFE1AE  stbx    r22, r31, r28
loc_FFEC18F4:
FFEC18F4  30BF0001  addic   r5, r31, 0x1
FFEC18F8  54BF063E  clrlwi  r31, r5, 24
FFEC18FC  7C1DF800  cmpw    r29, r31
FFEC1900  4BFFFFCC  b       loc_FFEC18CC
loc_FFEC1904:
FFEC1904  62BF0000  ori     r31, r21, 0x0
loc_FFEC1908:
FFEC1908  63C40000  ori     r4, r30, 0x0
FFEC190C  38600089  li      r3, 0x89
FFEC1910  480031E5  bl      sub_FFEC4AF4
FFEC1914  80410014  lwz     r2, 0x14(r1)
FFEC1918  60750000  ori     r21, r3, 0x0
FFEC191C  8062FFA8  lwz     r3, -0x58(r2)
FFEC1920  63C50000  ori     r5, r30, 0x0
FFEC1924  3880A089  li      r4, -0x5F77
FFEC1928  480030F5  bl      sub_FFEC4A1C
FFEC192C  80410014  lwz     r2, 0x14(r1)
FFEC1930  3138FFFF  addic   r9, r24, -0x1
FFEC1934  39000023  li      r8, 0x23
FFEC1938  48000008  b       loc_FFEC1940
loc_FFEC193C:
FFEC193C  41800018  blt     loc_FFEC1954
loc_FFEC1940:
FFEC1940  30A8FFFF  addic   r5, r8, -0x1
FFEC1944  7CA80734  extsh   r8, r5
FFEC1948  9FC90001  stbu    r30, 0x1(r9)
FFEC194C  2C080000  cmpwi   cr0, r8, 0x0
FFEC1950  4BFFFFEC  b       loc_FFEC193C
loc_FFEC1954:
FFEC1954  4C080000  mcrf    cr0, cr2
FFEC1958  3EE00266  lis     r23, 0x0266
FFEC195C  3EC00000  lis     r22, 0x0000
FFEC1960  62BA0000  ori     r26, r21, 0x0
FFEC1964  3BC00024  li      r30, 0x24
FFEC1968  3B600088  li      r27, 0x88
FFEC196C  62F71822  ori     r23, r23, 0x1822
FFEC1970  62D6A089  ori     r22, r22, 0xA089
loc_FFEC1974:
FFEC1974  41800048  blt     loc_FFEC19BC
FFEC1978  7CBFE0AE  lbzx    r5, r31, r28
FFEC197C  2C050000  cmpwi   cr0, r5, 0x0
FFEC1980  4182002C  beq     loc_FFEC19AC
FFEC1984  B3D80006  sth     r30, 0x6(r24)
FFEC1988  9BF8000D  stb     r31, 0xD(r24)
FFEC198C  63430000  ori     r3, r26, 0x0
FFEC1990  62E40000  ori     r4, r23, 0x0
FFEC1994  62C60000  ori     r6, r22, 0x0
FFEC1998  63070000  ori     r7, r24, 0x0
FFEC199C  38A00001  li      r5, 0x1
FFEC19A0  9B780008  stb     r27, 0x8(r24)
FFEC19A4  48003061  bl      sub_FFEC4A04
FFEC19A8  80410014  lwz     r2, 0x14(r1)
loc_FFEC19AC:
FFEC19AC  30BF0001  addic   r5, r31, 0x1
FFEC19B0  54BF063E  clrlwi  r31, r5, 24
FFEC19B4  7C1DF800  cmpw    r29, r31
FFEC19B8  4BFFFFBC  b       loc_FFEC1974
loc_FFEC19BC:
FFEC19BC  3C800266  lis     r4, 0x0266
FFEC19C0  3CC00000  lis     r6, 0x0000
FFEC19C4  62A30000  ori     r3, r21, 0x0
FFEC19C8  60841822  ori     r4, r4, 0x1822
FFEC19CC  38A00005  li      r5, 0x5
FFEC19D0  60C6A089  ori     r6, r6, 0xA089
FFEC19D4  38E00000  li      r7, 0x0
FFEC19D8  4800302D  bl      sub_FFEC4A04
FFEC19DC  80410014  lwz     r2, 0x14(r1)
FFEC19E0  4800318D  bl      sub_FFEC4B6C
FFEC19E4  80410014  lwz     r2, 0x14(r1)
FFEC19E8  932301B4  stw     r25, 0x1B4(r3)
FFEC19EC  48003181  bl      sub_FFEC4B6C
FFEC19F0  80410014  lwz     r2, 0x14(r1)
FFEC19F4  92830088  stw     r20, 0x88(r3)
FFEC19F8  63830000  ori     r3, r28, 0x0
FFEC19FC  48003231  bl      sub_FFEC4C2C
FFEC1A00  80410014  lwz     r2, 0x14(r1)
FFEC1A04  38600000  li      r3, 0x0
FFEC1A08  800101A0  lwz     r0, 0x1A0(r1)
FFEC1A0C  8181019C  lwz     r12, 0x19C(r1)
FFEC1A10  30210198  addic   r1, r1, 0x198
FFEC1A14  7C0803A6  mtspr   LR, r0
FFEC1A18  BA81FFD0  lmw     r20, -0x30(r1)
FFEC1A1C  7D838120  mtcrf   0x38, r12
FFEC1A20  4E800020  blr

sub_FFEC1A24:
FFEC1A24* 7C0802A6  mfspr   r0, LR
FFEC1A28* BEA1FFD4  stmw    r21, -0x2C(r1)
FFEC1A2C* 90010008  stw     r0, 0x8(r1)
FFEC1A30* 9421FF98  stwu    r1, -0x68(r1)
FFEC1A34* 547A063E  clrlwi  r26, r3, 24
FFEC1A38* 82C2FFB0  lwz     r22, -0x50(r2)
FFEC1A3C* 3B200000  li      r25, 0x0
FFEC1A40* 48002E7D  bl      sub_FFEC48BC
FFEC1A44* 60000000  nop
FFEC1A48* 38600140  li      r3, 0x140
FFEC1A4C* 48003031  bl      sub_FFEC4A7C
FFEC1A50* 80410014  lwz     r2, 0x14(r1)
FFEC1A54* 607F0000  ori     r31, r3, 0x0
FFEC1A58* 2C1F0000  cmpwi   cr0, r31, 0x0
FFEC1A5C* 4082001C  bne     loc_FFEC1A78
FFEC1A60  3860FF94  li      r3, -0x6C
FFEC1A64  80010070  lwz     r0, 0x70(r1)
FFEC1A68  30210068  addic   r1, r1, 0x68
FFEC1A6C  7C0803A6  mtspr   LR, r0
FFEC1A70  BAA1FFD4  lmw     r21, -0x2C(r1)
FFEC1A74  4E800020  blr
loc_FFEC1A78:
FFEC1A78* 3860000C  li      r3, 0xC
FFEC1A7C* 48003001  bl      sub_FFEC4A7C
FFEC1A80* 80410014  lwz     r2, 0x14(r1)
FFEC1A84* 907F0070  stw     r3, 0x70(r31)
FFEC1A88* 2C030000  cmpwi   cr0, r3, 0x0
FFEC1A8C* 40820028  bne     loc_FFEC1AB4
FFEC1A90  63E30000  ori     r3, r31, 0x0
FFEC1A94  48003199  bl      sub_FFEC4C2C
FFEC1A98  80410014  lwz     r2, 0x14(r1)
FFEC1A9C  3860FF94  li      r3, -0x6C
FFEC1AA0  80010070  lwz     r0, 0x70(r1)
FFEC1AA4  30210068  addic   r1, r1, 0x68
FFEC1AA8  7C0803A6  mtspr   LR, r0
FFEC1AAC  BAA1FFD4  lmw     r21, -0x2C(r1)
FFEC1AB0  4E800020  blr
loc_FFEC1AB4:
FFEC1AB4* 809F0070  lwz     r4, 0x70(r31)
FFEC1AB8* 3B000000  li      r24, 0x0
FFEC1ABC* 93040000  stw     r24, 0x0(r4)
FFEC1AC0* 3860A815  li      r3, -0x57EB
FFEC1AC4* 38800001  li      r4, 0x1
FFEC1AC8* 3AE0A815  li      r23, -0x57EB
FFEC1ACC* 3BC00001  li      r30, 0x1
FFEC1AD0* 3B80009F  li      r28, 0x9F
FFEC1AD4* 48003021  bl      sub_FFEC4AF4
FFEC1AD8* 80410014  lwz     r2, 0x14(r1)
FFEC1ADC* 607D0000  ori     r29, r3, 0x0
FFEC1AE0* 3860009F  li      r3, 0x9F
FFEC1AE4* 38800001  li      r4, 0x1
FFEC1AE8* 4800300D  bl      sub_FFEC4AF4
FFEC1AEC* 80410014  lwz     r2, 0x14(r1)
FFEC1AF0* 7D9D1810  subfc   r12, r29, r3
FFEC1AF4* 300CFFFF  addic   r0, r12, -0x1
FFEC1AF8* 7C006110  subfe   r0, r0, r12
FFEC1AFC* 5400063F  clrlwi. r0, r0, 24
FFEC1B00* 41820068  beq     loc_FFEC1B68
FFEC1B04  38600089  li      r3, 0x89
FFEC1B08  38800000  li      r4, 0x0
FFEC1B0C  3B600089  li      r27, 0x89
FFEC1B10  3BA00000  li      r29, 0x0
FFEC1B14  48002FE1  bl      sub_FFEC4AF4
FFEC1B18  80410014  lwz     r2, 0x14(r1)
FFEC1B1C  60750000  ori     r21, r3, 0x0
FFEC1B20  3860009F  li      r3, 0x9F
FFEC1B24  38800001  li      r4, 0x1
FFEC1B28  48002FCD  bl      sub_FFEC4AF4
FFEC1B2C  80410014  lwz     r2, 0x14(r1)
FFEC1B30  7D951810  subfc   r12, r21, r3
FFEC1B34  300CFFFF  addic   r0, r12, -0x1
FFEC1B38  7C006110  subfe   r0, r0, r12
FFEC1B3C  5400063F  clrlwi. r0, r0, 24
FFEC1B40  41820014  beq     loc_FFEC1B54
FFEC1B44  4BFF9A61  bl      sub_FFEBB5A4
FFEC1B48  60000000  nop
FFEC1B4C  2C030000  cmpwi   cr0, r3, 0x0
FFEC1B50  40820018  bne     loc_FFEC1B68
loc_FFEC1B54:
FFEC1B54  63E30000  ori     r3, r31, 0x0
FFEC1B58  63440000  ori     r4, r26, 0x0
FFEC1B5C  48001C85  bl      sub_FFEC37E0
FFEC1B60  60000000  nop
FFEC1B64  48000038  b       loc_FFEC1B9C
loc_FFEC1B68:
FFEC1B68* 39200000  li      r9, 0x0
FFEC1B6C* 3B600089  li      r27, 0x89
FFEC1B70* 3BA00000  li      r29, 0x0
FFEC1B74* 3900FFFF  li      r8, -0x1
FFEC1B78* 48000008  b       loc_FFEC1B80
loc_FFEC1B7C:
FFEC1B7C* 40800020  bge     loc_FFEC1B9C
loc_FFEC1B80:
FFEC1B80* 5524083C  slwi    r4, r9, 1
FFEC1B84* 30C90001  addic   r6, r9, 0x1
FFEC1B88* 54C9063E  clrlwi  r9, r6, 24
FFEC1B8C* 7CBF2014  addc    r5, r31, r4
FFEC1B90* B1050050  sth     r8, 0x50(r5)
FFEC1B94* 2C090007  cmpwi   cr0, r9, 0x7
FFEC1B98* 4BFFFFE4  b       loc_FFEC1B7C
loc_FFEC1B9C:
FFEC1B9C* 63630000  ori     r3, r27, 0x0
FFEC1BA0* 63A40000  ori     r4, r29, 0x0
FFEC1BA4* 48002F51  bl      sub_FFEC4AF4
FFEC1BA8* 80410014  lwz     r2, 0x14(r1)
FFEC1BAC* 607B0000  ori     r27, r3, 0x0
FFEC1BB0* 63830000  ori     r3, r28, 0x0
FFEC1BB4* 63C40000  ori     r4, r30, 0x0
FFEC1BB8* 48002F3D  bl      sub_FFEC4AF4
FFEC1BBC* 80410014  lwz     r2, 0x14(r1)
FFEC1BC0* 7D9B1810  subfc   r12, r27, r3
FFEC1BC4* 300CFFFF  addic   r0, r12, -0x1
FFEC1BC8* 7C006110  subfe   r0, r0, r12
FFEC1BCC* 5400063F  clrlwi. r0, r0, 24
FFEC1BD0* 41820030  beq     loc_FFEC1C00
FFEC1BD4  63E30000  ori     r3, r31, 0x0
FFEC1BD8  4BFFFAF1  bl      sub_FFEC16C8
FFEC1BDC  60000000  nop
FFEC1BE0  2C030000  cmpwi   cr0, r3, 0x0
FFEC1BE4  4182001C  beq     loc_FFEC1C00
FFEC1BE8  3860FF94  li      r3, -0x6C
FFEC1BEC  80010070  lwz     r0, 0x70(r1)
FFEC1BF0  30210068  addic   r1, r1, 0x68
FFEC1BF4  7C0803A6  mtspr   LR, r0
FFEC1BF8  BAA1FFD4  lmw     r21, -0x2C(r1)
FFEC1BFC  4E800020  blr
loc_FFEC1C00:
FFEC1C00* 3B600000  li      r27, 0x0
FFEC1C04* 3B407077  li      r26, 0x7077
FFEC1C08* 48002F65  bl      sub_FFEC4B6C
FFEC1C0C* 80410014  lwz     r2, 0x14(r1)
FFEC1C10* 9B63009D  stb     r27, 0x9D(r3)
FFEC1C14* 48002F59  bl      sub_FFEC4B6C
FFEC1C18* 80410014  lwz     r2, 0x14(r1)
FFEC1C1C* 9B63009C  stb     r27, 0x9C(r3)
FFEC1C20* 63C50000  ori     r5, r30, 0x0
FFEC1C24* 62C30000  ori     r3, r22, 0x0
FFEC1C28* 62E40000  ori     r4, r23, 0x0
FFEC1C2C* 48002DF1  bl      sub_FFEC4A1C
FFEC1C30* 80410014  lwz     r2, 0x14(r1)
FFEC1C34* 48002F39  bl      sub_FFEC4B6C
FFEC1C38* 80410014  lwz     r2, 0x14(r1)
FFEC1C3C* 800300E0  lwz     r0, 0xE0(r3)
FFEC1C40* 30000028  addic   r0, r0, 0x28
FFEC1C44* 90160140  stw     r0, 0x140(r22)
FFEC1C48* 48002F25  bl      sub_FFEC4B6C
FFEC1C4C* 80410014  lwz     r2, 0x14(r1)
FFEC1C50* B343009E  sth     r26, 0x9E(r3)
FFEC1C54* 48002F19  bl      sub_FFEC4B6C
FFEC1C58* 80410014  lwz     r2, 0x14(r1)
FFEC1C5C* 93E301B4  stw     r31, 0x1B4(r3)
FFEC1C60* 48002F0D  bl      sub_FFEC4B6C
FFEC1C64* 80410014  lwz     r2, 0x14(r1)
FFEC1C68* 93030088  stw     r24, 0x88(r3)
FFEC1C6C* 63C40000  ori     r4, r30, 0x0
FFEC1C70* 3860AA6A  li      r3, -0x5596
FFEC1C74* 48002E81  bl      sub_FFEC4AF4
FFEC1C78* 80410014  lwz     r2, 0x14(r1)
FFEC1C7C* 607B0000  ori     r27, r3, 0x0
FFEC1C80* 63C40000  ori     r4, r30, 0x0
FFEC1C84* 63830000  ori     r3, r28, 0x0
FFEC1C88* 3BC00000  li      r30, 0x0
FFEC1C8C* 48002E69  bl      sub_FFEC4AF4
FFEC1C90* 80410014  lwz     r2, 0x14(r1)
FFEC1C94* 7D9B1810  subfc   r12, r27, r3
FFEC1C98* 300CFFFF  addic   r0, r12, -0x1
FFEC1C9C* 7C006110  subfe   r0, r0, r12
FFEC1CA0* 5400063F  clrlwi. r0, r0, 24
FFEC1CA4* 4182005C  beq     loc_FFEC1D00
FFEC1CA8* 3BE00000  li      r31, 0x0
FFEC1CAC* 48002EC1  bl      sub_FFEC4B6C
FFEC1CB0* 80410014  lwz     r2, 0x14(r1)
FFEC1CB4* B3E300D4  sth     r31, 0xD4(r3)
FFEC1CB8* 48002EB5  bl      sub_FFEC4B6C
FFEC1CBC* 80410014  lwz     r2, 0x14(r1)
FFEC1CC0* B3E300D6  sth     r31, 0xD6(r3)
FFEC1CC4* 48002EA9  bl      sub_FFEC4B6C
FFEC1CC8* 80410014  lwz     r2, 0x14(r1)
FFEC1CCC* 932300DC  stw     r25, 0xDC(r3)
FFEC1CD0* 48002E9D  bl      sub_FFEC4B6C
FFEC1CD4* 80410014  lwz     r2, 0x14(r1)
FFEC1CD8* 8382FFAC  lwz     r28, -0x54(r2)
FFEC1CDC* 938300D8  stw     r28, 0xD8(r3)
FFEC1CE0* 48002E8D  bl      sub_FFEC4B6C
FFEC1CE4* 80410014  lwz     r2, 0x14(r1)
FFEC1CE8* 607B0000  ori     r27, r3, 0x0
FFEC1CEC* 307B00D0  addic   r3, r27, 0xD0
FFEC1CF0* 38800000  li      r4, 0x0
FFEC1CF4* 4BFFA895  bl      sub_FFEBC588
FFEC1CF8* 60000000  nop
FFEC1CFC* 48000020  b       loc_FFEC1D1C
loc_FFEC1D00:
FFEC1D00  808006DC  lwz     r4, 0x6DC
FFEC1D04  909F0040  stw     r4, 0x40(r31)
FFEC1D08  48002E65  bl      sub_FFEC4B6C
FFEC1D0C  80410014  lwz     r2, 0x14(r1)
FFEC1D10  838300E0  lwz     r28, 0xE0(r3)
FFEC1D14  339C0034  addic   r28, r28, 0x34
FFEC1D18  938006DC  stw     r28, 0x6DC
loc_FFEC1D1C:
FFEC1D1C* 8062FFA8  lwz     r3, -0x58(r2)
FFEC1D20* 63A50000  ori     r5, r29, 0x0
FFEC1D24* 3880A089  li      r4, -0x5F77
FFEC1D28* 48002CF5  bl      sub_FFEC4A1C
FFEC1D2C* 80410014  lwz     r2, 0x14(r1)
FFEC1D30* 63C30000  ori     r3, r30, 0x0
FFEC1D34* 80010070  lwz     r0, 0x70(r1)
FFEC1D38* 30210068  addic   r1, r1, 0x68
FFEC1D3C* 7C0803A6  mtspr   LR, r0
FFEC1D40* BAA1FFD4  lmw     r21, -0x2C(r1)
FFEC1D44* 4E800020  blr

sub_FFEC1D48:
FFEC1D48* 8923000D  lbz     r9, 0xD(r3)
FFEC1D4C* A8A40044  lha     r5, 0x44(r4)
FFEC1D50* 7C092800  cmpw    r9, r5
FFEC1D54* 4180000C  blt     loc_FFEC1D60
FFEC1D58  3860E143  li      r3, -0x1EBD
FFEC1D5C  4E800020  blr
loc_FFEC1D60:
FFEC1D60* 7C0802A6  mfspr   r0, LR
FFEC1D64* 90010008  stw     r0, 0x8(r1)
FFEC1D68* 9421FFC8  stwu    r1, -0x38(r1)
FFEC1D6C* 5525103A  slwi    r5, r9, 2
FFEC1D70* 7D24282E  lwzx    r9, r4, r5
FFEC1D74* 2C090000  cmpwi   cr0, r9, 0x0
FFEC1D78* 41820030  beq     loc_FFEC1DA8
FFEC1D7C* 60650000  ori     r5, r3, 0x0
FFEC1D80* 8069000C  lwz     r3, 0xC(r9)
FFEC1D84* 80C90000  lwz     r6, 0x0(r9)
FFEC1D88* 388003C1  li      r4, 0x3C1
FFEC1D8C* 48002D51  bl      sub_FFEC4ADC
FFEC1D90* 80410014  lwz     r2, 0x14(r1)
FFEC1D94* 38600000  li      r3, 0x0
FFEC1D98* 80010040  lwz     r0, 0x40(r1)
FFEC1D9C* 30210038  addic   r1, r1, 0x38
FFEC1DA0* 7C0803A6  mtspr   LR, r0
FFEC1DA4* 4E800020  blr
loc_FFEC1DA8:
FFEC1DA8  3860E143  li      r3, -0x1EBD
FFEC1DAC  80010040  lwz     r0, 0x40(r1)
FFEC1DB0  30210038  addic   r1, r1, 0x38
FFEC1DB4  7C0803A6  mtspr   LR, r0
FFEC1DB8  4E800020  blr

sub_FFEC1DBC:
FFEC1DBC* 7C0802A6  mfspr   r0, LR
FFEC1DC0* BF61FFEC  stmw    r27, -0x14(r1)
FFEC1DC4* 90010008  stw     r0, 0x8(r1)
FFEC1DC8* 9421FF88  stwu    r1, -0x78(r1)
FFEC1DCC* 607C0000  ori     r28, r3, 0x0
FFEC1DD0* 33A10038  addic   r29, r1, 0x38
FFEC1DD4* 4BFFA401  bl      sub_FFEBC1D4
FFEC1DD8* 60000000  nop
FFEC1DDC* 2C030001  cmpwi   cr0, r3, 0x1
FFEC1DE0* 4181002C  bgt     loc_FFEC1E0C
FFEC1DE4* 48002D89  bl      sub_FFEC4B6C
FFEC1DE8* 80410014  lwz     r2, 0x14(r1)
FFEC1DEC* 83E300C0  lwz     r31, 0xC0(r3)
FFEC1DF0* 2C1F0000  cmpwi   cr0, r31, 0x0
FFEC1DF4* 40820018  bne     loc_FFEC1E0C
FFEC1DF8* 48002D75  bl      sub_FFEC4B6C
FFEC1DFC* 80410014  lwz     r2, 0x14(r1)
FFEC1E00* ABE300BE  lha     r31, 0xBE(r3)
FFEC1E04* 2C1F0000  cmpwi   cr0, r31, 0x0
FFEC1E08* 418200EC  beq     loc_FFEC1EF4
loc_FFEC1E0C:
FFEC1E0C  38600001  li      r3, 0x1
FFEC1E10  38800160  li      r4, 0x160
FFEC1E14  3B600160  li      r27, 0x160
FFEC1E18  3BE00000  li      r31, 0x0
FFEC1E1C  4BFFF2CD  bl      sub_FFEC10E8
FFEC1E20  60000000  nop
FFEC1E24  2C030000  cmpwi   cr0, r3, 0x0
FFEC1E28  41820064  beq     loc_FFEC1E8C
FFEC1E2C  3BE00000  li      r31, 0x0
FFEC1E30  4BFFA69D  bl      sub_FFEBC4CC
FFEC1E34  60000000  nop
FFEC1E38  48002D35  bl      sub_FFEC4B6C
FFEC1E3C  80410014  lwz     r2, 0x14(r1)
FFEC1E40  83C301B4  lwz     r30, 0x1B4(r3)
FFEC1E44  A81E0044  lha     r0, 0x44(r30)
FFEC1E48  2F000000  cmpwi   cr6, r0, 0x0
loc_FFEC1E4C:
FFEC1E4C  40990034  ble     cr6, loc_FFEC1E80
FFEC1E50  57E4103A  slwi    r4, r31, 2
FFEC1E54  7D9E202E  lwzx    r12, r30, r4
FFEC1E58  301F0001  addic   r0, r31, 0x1
FFEC1E5C  806C0014  lwz     r3, 0x14(r12)
FFEC1E60  80AC0000  lwz     r5, 0x0(r12)
FFEC1E64  388000F1  li      r4, 0xF1
FFEC1E68  7C1F0734  extsh   r31, r0
FFEC1E6C  48002C71  bl      sub_FFEC4ADC
FFEC1E70  80410014  lwz     r2, 0x14(r1)
FFEC1E74  A81E0044  lha     r0, 0x44(r30)
FFEC1E78  7F00F800  cmpw    cr6, r0, r31
FFEC1E7C  4BFFFFD0  b       loc_FFEC1E4C
loc_FFEC1E80:
FFEC1E80  4BFFA549  bl      sub_FFEBC3C8
FFEC1E84  60000000  nop
FFEC1E88  4800006C  b       loc_FFEC1EF4
loc_FFEC1E8C:
FFEC1E8C  4BFFA641  bl      sub_FFEBC4CC
FFEC1E90  60000000  nop
FFEC1E94  48002CD9  bl      sub_FFEC4B6C
FFEC1E98  80410014  lwz     r2, 0x14(r1)
FFEC1E9C  83C301B4  lwz     r30, 0x1B4(r3)
FFEC1EA0  A81E0044  lha     r0, 0x44(r30)
FFEC1EA4  7F00F800  cmpw    cr6, r0, r31
loc_FFEC1EA8:
FFEC1EA8  40990034  ble     cr6, loc_FFEC1EDC
FFEC1EAC  57E4103A  slwi    r4, r31, 2
FFEC1EB0  7D9E202E  lwzx    r12, r30, r4
FFEC1EB4  301F0001  addic   r0, r31, 0x1
FFEC1EB8  806C0014  lwz     r3, 0x14(r12)
FFEC1EBC  80AC0000  lwz     r5, 0x0(r12)
FFEC1EC0  388000F1  li      r4, 0xF1
FFEC1EC4  7C1F0734  extsh   r31, r0
FFEC1EC8  48002C15  bl      sub_FFEC4ADC
FFEC1ECC  80410014  lwz     r2, 0x14(r1)
FFEC1ED0  A81E0044  lha     r0, 0x44(r30)
FFEC1ED4  7F00F800  cmpw    cr6, r0, r31
FFEC1ED8  4BFFFFD0  b       loc_FFEC1EA8
loc_FFEC1EDC:
FFEC1EDC  4BFFA4ED  bl      sub_FFEBC3C8
FFEC1EE0  60000000  nop
FFEC1EE4  63640000  ori     r4, r27, 0x0
FFEC1EE8  38600001  li      r3, 0x1
FFEC1EEC  4BFFF245  bl      sub_FFEC1130
FFEC1EF0  60000000  nop
loc_FFEC1EF4:
FFEC1EF4* 309C0048  addic   r4, r28, 0x48
FFEC1EF8* 38600007  li      r3, 0x7
FFEC1EFC* 4BFFF235  bl      sub_FFEC1130
FFEC1F00* 60000000  nop
FFEC1F04* 2C030000  cmpwi   cr0, r3, 0x0
FFEC1F08* 41820054  beq     loc_FFEC1F5C
FFEC1F0C  313DFFFF  addic   r9, r29, -0x1
FFEC1F10  39000023  li      r8, 0x23
FFEC1F14  38E00000  li      r7, 0x0
FFEC1F18  48000008  b       loc_FFEC1F20
loc_FFEC1F1C:
FFEC1F1C  41800018  blt     loc_FFEC1F34
loc_FFEC1F20:
FFEC1F20  3068FFFF  addic   r3, r8, -0x1
FFEC1F24  7C680734  extsh   r8, r3
FFEC1F28  9CE90001  stbu    r7, 0x1(r9)
FFEC1F2C  2C080000  cmpwi   cr0, r8, 0x0
FFEC1F30  4BFFFFEC  b       loc_FFEC1F1C
loc_FFEC1F34:
FFEC1F34  38600000  li      r3, 0x0
FFEC1F38  987D000D  stb     r3, 0xD(r29)
FFEC1F3C  63A30000  ori     r3, r29, 0x0
FFEC1F40  3BE00001  li      r31, 0x1
FFEC1F44  48002B21  bl      sub_FFEC4A64
FFEC1F48  80410014  lwz     r2, 0x14(r1)
FFEC1F4C  63A30000  ori     r3, r29, 0x0
FFEC1F50  9BFD000D  stb     r31, 0xD(r29)
FFEC1F54  48002B11  bl      sub_FFEC4A64
FFEC1F58  80410014  lwz     r2, 0x14(r1)
loc_FFEC1F5C:
FFEC1F5C* 80010080  lwz     r0, 0x80(r1)
FFEC1F60* 30210078  addic   r1, r1, 0x78
FFEC1F64* 7C0803A6  mtspr   LR, r0
FFEC1F68* BB61FFEC  lmw     r27, -0x14(r1)
FFEC1F6C* 4E800020  blr
FFEC1F70* 7C0802A6  mfspr   r0, LR
FFEC1F74* BFC1FFF8  stmw    r30, -0x8(r1)
FFEC1F78* 90010008  stw     r0, 0x8(r1)
FFEC1F7C* 9421FFC0  stwu    r1, -0x40(r1)
FFEC1F80* 607F0000  ori     r31, r3, 0x0
FFEC1F84* 48002BE9  bl      sub_FFEC4B6C
FFEC1F88* 80410014  lwz     r2, 0x14(r1)
FFEC1F8C* 891F000E  lbz     r8, 0xE(r31)
FFEC1F90* 812301B4  lwz     r9, 0x1B4(r3)
FFEC1F94* 2C080008  cmpwi   cr0, r8, 0x8
FFEC1F98* 4080005C  bge     loc_FFEC1FF4
FFEC1F9C* 5504083C  slwi    r4, r8, 1
FFEC1FA0* 7CE44814  addc    r7, r4, r9
FFEC1FA4* A8A70050  lha     r5, 0x50(r7)
FFEC1FA8* 2C050000  cmpwi   cr0, r5, 0x0
FFEC1FAC* 40800048  bge     loc_FFEC1FF4
FFEC1FB0* 889F0008  lbz     r4, 0x8(r31)
FFEC1FB4* 2C040001  cmpwi   cr0, r4, 0x1
FFEC1FB8* 4082003C  bne     loc_FFEC1FF4
FFEC1FBC* A91F000A  lha     r8, 0xA(r31)
FFEC1FC0* 2C080000  cmpwi   cr0, r8, 0x0
FFEC1FC4* 41820014  beq     loc_FFEC1FD8
FFEC1FC8* 2C08E104  cmpwi   cr0, r8, 0xE104
FFEC1FCC* 4182000C  beq     loc_FFEC1FD8
FFEC1FD0* 2C08E112  cmpwi   cr0, r8, 0xE112
FFEC1FD4* 40820020  bne     loc_FFEC1FF4
loc_FFEC1FD8:
FFEC1FD8  891F000D  lbz     r8, 0xD(r31)
FFEC1FDC  5504103A  slwi    r4, r8, 2
FFEC1FE0  7CA9202E  lwzx    r5, r9, r4
FFEC1FE4  88C5001E  lbz     r6, 0x1E(r5)
FFEC1FE8  2C060000  cmpwi   cr0, r6, 0x0
FFEC1FEC  41820008  beq     loc_FFEC1FF4
FFEC1FF0  B1070050  sth     r8, 0x50(r7)
loc_FFEC1FF4:
FFEC1FF4* 38800000  li      r4, 0x0
FFEC1FF8* 909F0000  stw     r4, 0x0(r31)
FFEC1FFC* 80BF0010  lwz     r5, 0x10(r31)
FFEC2000* 2C050000  cmpwi   cr0, r5, 0x0
FFEC2004* 41820048  beq     loc_FFEC204C
FFEC2008  3860000D  li      r3, 0xD
FFEC200C  48002A29  bl      sub_FFEC4A34
FFEC2010  80410014  lwz     r2, 0x14(r1)
FFEC2014  809F001C  lwz     r4, 0x1C(r31)
FFEC2018  607E0000  ori     r30, r3, 0x0
FFEC201C  3860000D  li      r3, 0xD
FFEC2020  48002CCD  bl      sub_FFEC4CEC
FFEC2024  80410014  lwz     r2, 0x14(r1)
FFEC2028  807F0010  lwz     r3, 0x10(r31)
FFEC202C  63E50000  ori     r5, r31, 0x0
FFEC2030  388000C1  li      r4, 0xC1
FFEC2034  48002AA9  bl      sub_FFEC4ADC
FFEC2038  80410014  lwz     r2, 0x14(r1)
FFEC203C  63C40000  ori     r4, r30, 0x0
FFEC2040  3860000D  li      r3, 0xD
FFEC2044  48002CA9  bl      sub_FFEC4CEC
FFEC2048  80410014  lwz     r2, 0x14(r1)
loc_FFEC204C:
FFEC204C* 80010048  lwz     r0, 0x48(r1)
FFEC2050* 30210040  addic   r1, r1, 0x40
FFEC2054* 7C0803A6  mtspr   LR, r0
FFEC2058* BBC1FFF8  lmw     r30, -0x8(r1)
FFEC205C* 4E800020  blr

sub_FFEC2060:
FFEC2060  39000000  li      r8, 0x0
FFEC2064  B103000A  sth     r8, 0xA(r3)
FFEC2068  88C3000D  lbz     r6, 0xD(r3)
FFEC206C  2C0600FF  cmpwi   cr0, r6, 0xFF
FFEC2070  40820078  bne     loc_FFEC20E8
FFEC2074  38A00000  li      r5, 0x0
FFEC2078  B0A30024  sth     r5, 0x24(r3)
FFEC207C  81440070  lwz     r10, 0x70(r4)
FFEC2080  80CA0000  lwz     r6, 0x0(r10)
FFEC2084  2C060000  cmpwi   cr0, r6, 0x0
FFEC2088  41820054  beq     loc_FFEC20DC
FFEC208C  808A0004  lwz     r4, 0x4(r10)
FFEC2090  90830028  stw     r4, 0x28(r3)
FFEC2094  4E800020  blr
loc_FFEC2098:
FFEC2098  7CA902A6  mfspr   r5, CTR
FFEC209C  7CC54810  subfc   r6, r5, r9
FFEC20A0  54C71838  slwi    r7, r6, 3
FFEC20A4  7D0A3AAE  lhax    r8, r10, r7
FFEC20A8  3187FFF8  addic   r12, r7, -0x8
FFEC20AC  B1030024  sth     r8, 0x24(r3)
FFEC20B0  81440070  lwz     r10, 0x70(r4)
FFEC20B4  816A0000  lwz     r11, 0x0(r10)
FFEC20B8  7C065840  cmplw   r6, r11
FFEC20BC  40820010  bne     loc_FFEC20CC
FFEC20C0  388000FF  li      r4, 0xFF
FFEC20C4  98830029  stb     r4, 0x29(r3)
FFEC20C8  4E800020  blr
loc_FFEC20CC:
FFEC20CC  7C8A6014  addc    r4, r10, r12
FFEC20D0  80A4000C  lwz     r5, 0xC(r4)
FFEC20D4  90A30028  stw     r5, 0x28(r3)
FFEC20D8  4E800020  blr
loc_FFEC20DC:
FFEC20DC  388000FF  li      r4, 0xFF
FFEC20E0  98830029  stb     r4, 0x29(r3)
FFEC20E4  4E800020  blr
loc_FFEC20E8:
FFEC20E8  38A00000  li      r5, 0x0
FFEC20EC  98A3000C  stb     r5, 0xC(r3)
FFEC20F0  81440070  lwz     r10, 0x70(r4)
FFEC20F4  812A0000  lwz     r9, 0x0(r10)
FFEC20F8  28090000  cmplwi  cr0, r9, 0x0
FFEC20FC  40810028  ble     loc_FFEC2124
FFEC2100  7D2903A6  mtspr   CTR, r9
FFEC2104  8163000C  lwz     r11, 0xC(r3)
FFEC2108  318AFFFC  addic   r12, r10, -0x4
FFEC210C  48000008  b       loc_FFEC2114
loc_FFEC2110:
FFEC2110  4182FF88  beq     loc_FFEC2098
loc_FFEC2114:
FFEC2114  84AC0008  lwzu    r5, 0x8(r12)
FFEC2118  7C0B2800  cmpw    r11, r5
FFEC211C  4200FFF4  bdnz    loc_FFEC2110
FFEC2120  4182FF78  beq     loc_FFEC2098
loc_FFEC2124:
FFEC2124  B1030024  sth     r8, 0x24(r3)
FFEC2128  388000FF  li      r4, 0xFF
FFEC212C  98830029  stb     r4, 0x29(r3)
FFEC2130  4E800020  blr

sub_FFEC2134:
FFEC2134  38A00000  li      r5, 0x0
FFEC2138  98A3000C  stb     r5, 0xC(r3)
FFEC213C  81640070  lwz     r11, 0x70(r4)
FFEC2140  812B0000  lwz     r9, 0x0(r11)
FFEC2144  28090000  cmplwi  cr0, r9, 0x0
FFEC2148  40810028  ble     loc_FFEC2170
FFEC214C  7D2903A6  mtspr   CTR, r9
FFEC2150  8143000C  lwz     r10, 0xC(r3)
FFEC2154  318BFFFC  addic   r12, r11, -0x4
FFEC2158  48000008  b       loc_FFEC2160
loc_FFEC215C:
FFEC215C  41820020  beq     loc_FFEC217C
loc_FFEC2160:
FFEC2160  84AC0008  lwzu    r5, 0x8(r12)
FFEC2164  7C0A2800  cmpw    r10, r5
FFEC2168  4200FFF4  bdnz    loc_FFEC215C
FFEC216C  41820010  beq     loc_FFEC217C
loc_FFEC2170:
FFEC2170  3880E136  li      r4, -0x1ECA
FFEC2174  B083000A  sth     r4, 0xA(r3)
FFEC2178  4E800020  blr
loc_FFEC217C:
FFEC217C  7CA902A6  mfspr   r5, CTR
FFEC2180  7CC54810  subfc   r6, r5, r9
FFEC2184  3146FFFF  addic   r10, r6, -0x1
FFEC2188  3129FFFF  addic   r9, r9, -0x1
FFEC218C  7C0A4840  cmplw   r10, r9
FFEC2190  54CC1838  slwi    r12, r6, 3
FFEC2194  318CFFF8  addic   r12, r12, -0x8
loc_FFEC2198:
FFEC2198  40800034  bge     loc_FFEC21CC
FFEC219C  7CEC5814  addc    r7, r12, r11
FFEC21A0  3107000C  addic   r8, r7, 0xC
FFEC21A4  7CA844AA  lswi    r5, r8, 0x8
FFEC21A8  30E70004  addic   r7, r7, 0x4
FFEC21AC  7CA745AA  stswi   r5, r7, 0x8
FFEC21B0  81640070  lwz     r11, 0x70(r4)
FFEC21B4  314A0001  addic   r10, r10, 0x1
FFEC21B8  800B0000  lwz     r0, 0x0(r11)
FFEC21BC  318C0008  addic   r12, r12, 0x8
FFEC21C0  3120FFFF  addic   r9, r0, -0x1
FFEC21C4  7C0A4840  cmplw   r10, r9
FFEC21C8  4BFFFFD0  b       loc_FFEC2198
loc_FFEC21CC:
FFEC21CC  912B0000  stw     r9, 0x0(r11)
FFEC21D0  38800000  li      r4, 0x0
FFEC21D4  B083000A  sth     r4, 0xA(r3)
FFEC21D8  4E800020  blr

sub_FFEC21DC:
FFEC21DC* 80A30000  lwz     r5, 0x0(r3)
FFEC21E0* 2C050000  cmpwi   cr0, r5, 0x0
FFEC21E4* 41820014  beq     loc_FFEC21F8
FFEC21E8  38A0E137  li      r5, -0x1EC9
FFEC21EC  B0A3000A  sth     r5, 0xA(r3)
FFEC21F0  60A30000  ori     r3, r5, 0x0
FFEC21F4  4E800020  blr
loc_FFEC21F8:
FFEC21F8* 7C0802A6  mfspr   r0, LR
FFEC21FC* 7D800026  mfcr    r12
FFEC2200* BF81FFF0  stmw    r28, -0x10(r1)
FFEC2204* 90010008  stw     r0, 0x8(r1)
FFEC2208* 91810004  stw     r12, 0x4(r1)
FFEC220C* 9421FFB8  stwu    r1, -0x48(r1)
FFEC2210* 607F0000  ori     r31, r3, 0x0
FFEC2214* 88BF0008  lbz     r5, 0x8(r31)
FFEC2218* 609D0000  ori     r29, r4, 0x0
FFEC221C* 2C050012  cmpwi   cr0, r5, 0x12
FFEC2220* 3B800000  li      r28, 0x0
FFEC2224* 3BC00000  li      r30, 0x0
FFEC2228* 41820090  beq     loc_FFEC22B8
FFEC222C* 41810048  bgt     loc_FFEC2274
FFEC2230* 2C050003  cmpwi   cr0, r5, 0x3
FFEC2234* 418202AC  beq     loc_FFEC24E0
FFEC2238* 41810018  bgt     loc_FFEC2250
FFEC223C* 2C050000  cmpwi   cr0, r5, 0x0
FFEC2240* 41820280  beq     loc_FFEC24C0
FFEC2244* 2C050001  cmpwi   cr0, r5, 0x1
FFEC2248* 41820070  beq     loc_FFEC22B8
FFEC224C  48000474  b       loc_FFEC26C0
loc_FFEC2250:
FFEC2250  2C050010  cmpwi   cr0, r5, 0x10
FFEC2254  41820064  beq     loc_FFEC22B8
FFEC2258  41810010  bgt     loc_FFEC2268
FFEC225C  2C050004  cmpwi   cr0, r5, 0x4
FFEC2260  418201E4  beq     loc_FFEC2444
FFEC2264  4800045C  b       loc_FFEC26C0
loc_FFEC2268:
FFEC2268  2C050011  cmpwi   cr0, r5, 0x11
FFEC226C  4182004C  beq     loc_FFEC22B8
FFEC2270  48000450  b       loc_FFEC26C0
loc_FFEC2274:
FFEC2274* 2C050081  cmpwi   cr0, r5, 0x81
FFEC2278* 41820434  beq     loc_FFEC26AC
FFEC227C* 41810018  bgt     loc_FFEC2294
FFEC2280  2C050013  cmpwi   cr0, r5, 0x13
FFEC2284  41820034  beq     loc_FFEC22B8
FFEC2288  2C050080  cmpwi   cr0, r5, 0x80
FFEC228C  41820360  beq     loc_FFEC25EC
FFEC2290  48000430  b       loc_FFEC26C0
loc_FFEC2294:
FFEC2294* 2C050086  cmpwi   cr0, r5, 0x86
FFEC2298* 418203B4  beq     loc_FFEC264C
FFEC229C* 41810010  bgt     loc_FFEC22AC
FFEC22A0* 2C050085  cmpwi   cr0, r5, 0x85
FFEC22A4* 41820378  beq     loc_FFEC261C
FFEC22A8* 48000418  b       loc_FFEC26C0
loc_FFEC22AC:
FFEC22AC  2C050087  cmpwi   cr0, r5, 0x87
FFEC22B0  418203CC  beq     loc_FFEC267C
FFEC22B4  4800040C  b       loc_FFEC26C0
loc_FFEC22B8:
FFEC22B8* 3860000D  li      r3, 0xD
FFEC22BC* 48002779  bl      sub_FFEC4A34
FFEC22C0* 80410014  lwz     r2, 0x14(r1)
FFEC22C4* 907F001C  stw     r3, 0x1C(r31)
FFEC22C8* 801F0010  lwz     r0, 0x10(r31)
FFEC22CC* 2C000000  cmpwi   cr0, r0, 0x0
FFEC22D0* 40820008  bne     loc_FFEC22D8
FFEC22D4* 3B800001  li      r28, 0x1
loc_FFEC22D8:
FFEC22D8* 2D1C0000  cmpwi   cr2, r28, 0x0
FFEC22DC* 418A0034  beq     cr2, loc_FFEC2310
FFEC22E0* A89D0046  lha     r4, 0x46(r29)
FFEC22E4* 2C040000  cmpwi   cr0, r4, 0x0
FFEC22E8* 41820028  beq     loc_FFEC2310
FFEC22EC  3860E131  li      r3, -0x1ECF
FFEC22F0  B07F000A  sth     r3, 0xA(r31)
FFEC22F4  80010050  lwz     r0, 0x50(r1)
FFEC22F8  8181004C  lwz     r12, 0x4C(r1)
FFEC22FC  30210048  addic   r1, r1, 0x48
FFEC2300  7C0803A6  mtspr   LR, r0
FFEC2304  BB81FFF0  lmw     r28, -0x10(r1)
FFEC2308  7D838120  mtcrf   0x38, r12
FFEC230C  4E800020  blr
loc_FFEC2310:
FFEC2310* 893F000D  lbz     r9, 0xD(r31)
FFEC2314* A89D0044  lha     r4, 0x44(r29)
FFEC2318* 7F092000  cmpw    cr6, r9, r4
FFEC231C* 41980028  blt     cr6, loc_FFEC2344
FFEC2320  3860E143  li      r3, -0x1EBD
FFEC2324  B07F000A  sth     r3, 0xA(r31)
FFEC2328  80010050  lwz     r0, 0x50(r1)
FFEC232C  8181004C  lwz     r12, 0x4C(r1)
FFEC2330  30210048  addic   r1, r1, 0x48
FFEC2334  7C0803A6  mtspr   LR, r0
FFEC2338  BB81FFF0  lmw     r28, -0x10(r1)
FFEC233C  7D838120  mtcrf   0x38, r12
FFEC2340  4E800020  blr
loc_FFEC2344:
FFEC2344* 5524103A  slwi    r4, r9, 2
FFEC2348* 7D3D202E  lwzx    r9, r29, r4
FFEC234C* 2F890000  cmpwi   cr7, r9, 0x0
FFEC2350* 419E0028  beq     cr7, loc_FFEC2378
FFEC2354* 40980048  bge     cr6, loc_FFEC239C
FFEC2358* 419E0044  beq     cr7, loc_FFEC239C
FFEC235C* 8069000C  lwz     r3, 0xC(r9)
FFEC2360* 80C90000  lwz     r6, 0x0(r9)
FFEC2364* 63E50000  ori     r5, r31, 0x0
FFEC2368* 388003C1  li      r4, 0x3C1
FFEC236C* 48002771  bl      sub_FFEC4ADC
FFEC2370* 80410014  lwz     r2, 0x14(r1)
FFEC2374* 48000028  b       loc_FFEC239C
loc_FFEC2378:
FFEC2378  3860E143  li      r3, -0x1EBD
FFEC237C  B07F000A  sth     r3, 0xA(r31)
FFEC2380  80010050  lwz     r0, 0x50(r1)
FFEC2384  8181004C  lwz     r12, 0x4C(r1)
FFEC2388  30210048  addic   r1, r1, 0x48
FFEC238C  7C0803A6  mtspr   LR, r0
FFEC2390  BB81FFF0  lmw     r28, -0x10(r1)
FFEC2394  7D838120  mtcrf   0x38, r12
FFEC2398  4E800020  blr
loc_FFEC239C:
FFEC239C* 418A0124  beq     cr2, loc_FFEC24C0
FFEC23A0* 48000008  b       loc_FFEC23A8
loc_FFEC23A4:
FFEC23A4* 4082001C  bne     loc_FFEC23C0
loc_FFEC23A8:
FFEC23A8* 63A30000  ori     r3, r29, 0x0
FFEC23AC* 4BFFFA11  bl      sub_FFEC1DBC
FFEC23B0* 60000000  nop
FFEC23B4* ABDF000A  lha     r30, 0xA(r31)
FFEC23B8* 2C1E0001  cmpwi   cr0, r30, 0x1
FFEC23BC* 4BFFFFE8  b       loc_FFEC23A4
loc_FFEC23C0:
FFEC23C0* 893F000E  lbz     r9, 0xE(r31)
FFEC23C4* 2C090008  cmpwi   cr0, r9, 0x8
FFEC23C8* 4080005C  bge     loc_FFEC2424
FFEC23CC* 5523083C  slwi    r3, r9, 1
FFEC23D0* 7D1D1814  addc    r8, r29, r3
FFEC23D4* A8880050  lha     r4, 0x50(r8)
FFEC23D8* 2C040000  cmpwi   cr0, r4, 0x0
FFEC23DC* 40800048  bge     loc_FFEC2424
FFEC23E0* 887F0008  lbz     r3, 0x8(r31)
FFEC23E4* 2C030001  cmpwi   cr0, r3, 0x1
FFEC23E8* 4082003C  bne     loc_FFEC2424
FFEC23EC* 2C1E0000  cmpwi   cr0, r30, 0x0
FFEC23F0* 41820014  beq     loc_FFEC2404
FFEC23F4* 2C1EE104  cmpwi   cr0, r30, 0xE104
FFEC23F8* 4182000C  beq     loc_FFEC2404
FFEC23FC* 2C1EE112  cmpwi   cr0, r30, 0xE112
FFEC2400* 40820024  bne     loc_FFEC2424
loc_FFEC2404:
FFEC2404  893F000D  lbz     r9, 0xD(r31)
FFEC2408  5523103A  slwi    r3, r9, 2
FFEC240C  7C9D182E  lwzx    r4, r29, r3
FFEC2410  88A4001E  lbz     r5, 0x1E(r4)
FFEC2414  2C050000  cmpwi   cr0, r5, 0x0
FFEC2418  4182000C  beq     loc_FFEC2424
FFEC241C  B1280050  sth     r9, 0x50(r8)
FFEC2420  ABDF000A  lha     r30, 0xA(r31)
loc_FFEC2424:
FFEC2424* 63C30000  ori     r3, r30, 0x0
FFEC2428* 80010050  lwz     r0, 0x50(r1)
FFEC242C* 8181004C  lwz     r12, 0x4C(r1)
FFEC2430* 30210048  addic   r1, r1, 0x48
FFEC2434* 7C0803A6  mtspr   LR, r0
FFEC2438* BB81FFF0  lmw     r28, -0x10(r1)
FFEC243C* 7D838120  mtcrf   0x38, r12
FFEC2440* 4E800020  blr
loc_FFEC2444:
FFEC2444  3860000D  li      r3, 0xD
FFEC2448  480025ED  bl      sub_FFEC4A34
FFEC244C  80410014  lwz     r2, 0x14(r1)
FFEC2450  907F001C  stw     r3, 0x1C(r31)
FFEC2454  893F000D  lbz     r9, 0xD(r31)
FFEC2458  A81D0044  lha     r0, 0x44(r29)
FFEC245C  7C090000  cmpw    r9, r0
FFEC2460  4180000C  blt     loc_FFEC246C
FFEC2464  3BC0E143  li      r30, -0x1EBD
FFEC2468  48000034  b       loc_FFEC249C
loc_FFEC246C:
FFEC246C  5524103A  slwi    r4, r9, 2
FFEC2470  7D3D202E  lwzx    r9, r29, r4
FFEC2474  2C090000  cmpwi   cr0, r9, 0x0
FFEC2478  41820020  beq     loc_FFEC2498
FFEC247C  8069000C  lwz     r3, 0xC(r9)
FFEC2480  80C90000  lwz     r6, 0x0(r9)
FFEC2484  63E50000  ori     r5, r31, 0x0
FFEC2488  388003C1  li      r4, 0x3C1
FFEC248C  48002651  bl      sub_FFEC4ADC
FFEC2490  80410014  lwz     r2, 0x14(r1)
FFEC2494  48000008  b       loc_FFEC249C
loc_FFEC2498:
FFEC2498  3BC0E143  li      r30, -0x1EBD
loc_FFEC249C:
FFEC249C  2C1E0000  cmpwi   cr0, r30, 0x0
FFEC24A0  40820020  bne     loc_FFEC24C0
loc_FFEC24A4:
FFEC24A4  4082001C  bne     loc_FFEC24C0
FFEC24A8  63A30000  ori     r3, r29, 0x0
FFEC24AC  4BFFF911  bl      sub_FFEC1DBC
FFEC24B0  60000000  nop
FFEC24B4  ABDF000A  lha     r30, 0xA(r31)
FFEC24B8  2C1E0001  cmpwi   cr0, r30, 0x1
FFEC24BC  4BFFFFE8  b       loc_FFEC24A4
loc_FFEC24C0:
FFEC24C0  63C30000  ori     r3, r30, 0x0
FFEC24C4  80010050  lwz     r0, 0x50(r1)
FFEC24C8  8181004C  lwz     r12, 0x4C(r1)
FFEC24CC  30210048  addic   r1, r1, 0x48
FFEC24D0  7C0803A6  mtspr   LR, r0
FFEC24D4  BB81FFF0  lmw     r28, -0x10(r1)
FFEC24D8  7D838120  mtcrf   0x38, r12
FFEC24DC  4E800020  blr
loc_FFEC24E0:
FFEC24E0* B3DF000A  sth     r30, 0xA(r31)
FFEC24E4* A07F0006  lhz     r3, 0x6(r31)
FFEC24E8* 280300AC  cmplwi  cr0, r3, 0xAC
FFEC24EC* 40800010  bge     loc_FFEC24FC
FFEC24F0  3BC0E140  li      r30, -0x1EC0
FFEC24F4  B3DF000A  sth     r30, 0xA(r31)
FFEC24F8  480000D4  b       loc_FFEC25CC
loc_FFEC24FC:
FFEC24FC* 893F000D  lbz     r9, 0xD(r31)
FFEC2500* 2C0900FF  cmpwi   cr0, r9, 0xFF
FFEC2504* 40820044  bne     loc_FFEC2548
FFEC2508* 38600001  li      r3, 0x1
FFEC250C* 907F0098  stw     r3, 0x98(r31)
FFEC2510* 388000B0  li      r4, 0xB0
FFEC2514* B09F002C  sth     r4, 0x2C(r31)
FFEC2518* A0BD006E  lhz     r5, 0x6E(r29)
FFEC251C* 309F0058  addic   r4, r31, 0x58
FFEC2520* B0BF002E  sth     r5, 0x2E(r31)
FFEC2524* A8DD0044  lha     r6, 0x44(r29)
FFEC2528* 38A00010  li      r5, 0x10
FFEC252C* 30C6FFFF  addic   r6, r6, -0x1
FFEC2530* 98DF0044  stb     r6, 0x44(r31)
FFEC2534* 8062FFA4  lwz     r3, -0x5C(r2)
FFEC2538* 480026C5  bl      sub_FFEC4BFC
FFEC253C* 80410014  lwz     r2, 0x14(r1)
FFEC2540* ABDF000A  lha     r30, 0xA(r31)
FFEC2544* 48000088  b       loc_FFEC25CC
loc_FFEC2548:
FFEC2548* A87D0044  lha     r3, 0x44(r29)
FFEC254C* 7C091800  cmpw    r9, r3
FFEC2550* 41800010  blt     loc_FFEC2560
FFEC2554* 3BC0E143  li      r30, -0x1EBD
FFEC2558* B3DF000A  sth     r30, 0xA(r31)
FFEC255C* 48000070  b       loc_FFEC25CC
loc_FFEC2560:
FFEC2560* 38600001  li      r3, 0x1
FFEC2564* 907F0098  stw     r3, 0x98(r31)
FFEC2568* 388000B0  li      r4, 0xB0
FFEC256C* B09F002C  sth     r4, 0x2C(r31)
FFEC2570* A0BD006E  lhz     r5, 0x6E(r29)
FFEC2574* B0BF002E  sth     r5, 0x2E(r31)
FFEC2578* A8DD0044  lha     r6, 0x44(r29)
FFEC257C* 30C6FFFF  addic   r6, r6, -0x1
FFEC2580* 98DF0044  stb     r6, 0x44(r31)
FFEC2584* A8FD0044  lha     r7, 0x44(r29)
FFEC2588* 7C093800  cmpw    r9, r7
FFEC258C* 4180000C  blt     loc_FFEC2598
FFEC2590  3BC0E143  li      r30, -0x1EBD
FFEC2594  48000034  b       loc_FFEC25C8
loc_FFEC2598:
FFEC2598* 5523103A  slwi    r3, r9, 2
FFEC259C* 7D3D182E  lwzx    r9, r29, r3
FFEC25A0* 2C090000  cmpwi   cr0, r9, 0x0
FFEC25A4* 41820020  beq     loc_FFEC25C4
FFEC25A8* 8069000C  lwz     r3, 0xC(r9)
FFEC25AC* 80C90000  lwz     r6, 0x0(r9)
FFEC25B0* 63E50000  ori     r5, r31, 0x0
FFEC25B4* 388003C1  li      r4, 0x3C1
FFEC25B8* 48002525  bl      sub_FFEC4ADC
FFEC25BC* 80410014  lwz     r2, 0x14(r1)
FFEC25C0* 48000008  b       loc_FFEC25C8
loc_FFEC25C4:
FFEC25C4  3BC0E143  li      r30, -0x1EBD
loc_FFEC25C8:
FFEC25C8* B3DF000A  sth     r30, 0xA(r31)
loc_FFEC25CC:
FFEC25CC* 63C30000  ori     r3, r30, 0x0
FFEC25D0* 80010050  lwz     r0, 0x50(r1)
FFEC25D4* 8181004C  lwz     r12, 0x4C(r1)
FFEC25D8* 30210048  addic   r1, r1, 0x48
FFEC25DC* 7C0803A6  mtspr   LR, r0
FFEC25E0* BB81FFF0  lmw     r28, -0x10(r1)
FFEC25E4* 7D838120  mtcrf   0x38, r12
FFEC25E8* 4E800020  blr
loc_FFEC25EC:
FFEC25EC  63E30000  ori     r3, r31, 0x0
FFEC25F0  63A40000  ori     r4, r29, 0x0
FFEC25F4  4800225D  bl      sub_FFEC4850
FFEC25F8  60000000  nop
FFEC25FC  63C30000  ori     r3, r30, 0x0
FFEC2600  80010050  lwz     r0, 0x50(r1)
FFEC2604  8181004C  lwz     r12, 0x4C(r1)
FFEC2608  30210048  addic   r1, r1, 0x48
FFEC260C  7C0803A6  mtspr   LR, r0
FFEC2610  BB81FFF0  lmw     r28, -0x10(r1)
FFEC2614  7D838120  mtcrf   0x38, r12
FFEC2618  4E800020  blr
loc_FFEC261C:
FFEC261C  63E30000  ori     r3, r31, 0x0
FFEC2620  63A40000  ori     r4, r29, 0x0
FFEC2624  4BFFEF7D  bl      sub_FFEC15A0
FFEC2628  60000000  nop
FFEC262C  63C30000  ori     r3, r30, 0x0
FFEC2630  80010050  lwz     r0, 0x50(r1)
FFEC2634  8181004C  lwz     r12, 0x4C(r1)
FFEC2638  30210048  addic   r1, r1, 0x48
FFEC263C  7C0803A6  mtspr   LR, r0
FFEC2640  BB81FFF0  lmw     r28, -0x10(r1)
FFEC2644  7D838120  mtcrf   0x38, r12
FFEC2648  4E800020  blr
loc_FFEC264C:
FFEC264C  63E30000  ori     r3, r31, 0x0
FFEC2650  63A40000  ori     r4, r29, 0x0
FFEC2654  4BFFFA0D  bl      sub_FFEC2060
FFEC2658  60000000  nop
FFEC265C  63C30000  ori     r3, r30, 0x0
FFEC2660  80010050  lwz     r0, 0x50(r1)
FFEC2664  8181004C  lwz     r12, 0x4C(r1)
FFEC2668  30210048  addic   r1, r1, 0x48
FFEC266C  7C0803A6  mtspr   LR, r0
FFEC2670  BB81FFF0  lmw     r28, -0x10(r1)
FFEC2674  7D838120  mtcrf   0x38, r12
FFEC2678  4E800020  blr
loc_FFEC267C:
FFEC267C  63E30000  ori     r3, r31, 0x0
FFEC2680  63A40000  ori     r4, r29, 0x0
FFEC2684  4BFFFAB1  bl      sub_FFEC2134
FFEC2688  60000000  nop
FFEC268C  63C30000  ori     r3, r30, 0x0
FFEC2690  80010050  lwz     r0, 0x50(r1)
FFEC2694  8181004C  lwz     r12, 0x4C(r1)
FFEC2698  30210048  addic   r1, r1, 0x48
FFEC269C  7C0803A6  mtspr   LR, r0
FFEC26A0  BB81FFF0  lmw     r28, -0x10(r1)
FFEC26A4  7D838120  mtcrf   0x38, r12
FFEC26A8  4E800020  blr
loc_FFEC26AC:
FFEC26AC  A07D0066  lhz     r3, 0x66(r29)
FFEC26B0  30830001  addic   r4, r3, 0x1
FFEC26B4  B09D0066  sth     r4, 0x66(r29)
FFEC26B8  B07F0024  sth     r3, 0x24(r31)
FFEC26BC  4BFFFE04  b       loc_FFEC24C0
loc_FFEC26C0:
FFEC26C0* 3860000D  li      r3, 0xD
FFEC26C4* 48002371  bl      sub_FFEC4A34
FFEC26C8* 80410014  lwz     r2, 0x14(r1)
FFEC26CC* 907F001C  stw     r3, 0x1C(r31)
FFEC26D0* 63E30000  ori     r3, r31, 0x0
FFEC26D4* 63A40000  ori     r4, r29, 0x0
FFEC26D8* 4BFFF671  bl      sub_FFEC1D48
FFEC26DC* 60000000  nop
FFEC26E0* 80010050  lwz     r0, 0x50(r1)
FFEC26E4* 8181004C  lwz     r12, 0x4C(r1)
FFEC26E8* 30210048  addic   r1, r1, 0x48
FFEC26EC* 7C0803A6  mtspr   LR, r0
FFEC26F0* BB81FFF0  lmw     r28, -0x10(r1)
FFEC26F4* 7D838120  mtcrf   0x38, r12
FFEC26F8* 4E800020  blr

sub_FFEC26FC:
FFEC26FC* 7C0802A6  mfspr   r0, LR
FFEC2700* BF21FFE4  stmw    r25, -0x1C(r1)
FFEC2704* 90010008  stw     r0, 0x8(r1)
FFEC2708* 9421FFA0  stwu    r1, -0x60(r1)
FFEC270C* 60BE0000  ori     r30, r5, 0x0
FFEC2710* 609C0000  ori     r28, r4, 0x0
FFEC2714* 607D0000  ori     r29, r3, 0x0
FFEC2718* 33E10038  addic   r31, r1, 0x38
FFEC271C* 33610040  addic   r27, r1, 0x40
FFEC2720* 3B400000  li      r26, 0x0
FFEC2724* 48002449  bl      sub_FFEC4B6C
FFEC2728* 80410014  lwz     r2, 0x14(r1)
FFEC272C* 800300E4  lwz     r0, 0xE4(r3)
FFEC2730* 2C000000  cmpwi   cr0, r0, 0x0
FFEC2734* 4082005C  bne     loc_FFEC2790
FFEC2738* 38600080  li      r3, 0x80
FFEC273C* 48002341  bl      sub_FFEC4A7C
FFEC2740* 80410014  lwz     r2, 0x14(r1)
FFEC2744* 60790000  ori     r25, r3, 0x0
FFEC2748* 48002425  bl      sub_FFEC4B6C
FFEC274C* 80410014  lwz     r2, 0x14(r1)
FFEC2750* 932300E4  stw     r25, 0xE4(r3)
FFEC2754* 48002419  bl      sub_FFEC4B6C
FFEC2758* 80410014  lwz     r2, 0x14(r1)
FFEC275C* 800300E4  lwz     r0, 0xE4(r3)
FFEC2760* 2C000000  cmpwi   cr0, r0, 0x0
FFEC2764* 4082001C  bne     loc_FFEC2780
FFEC2768  3860FF94  li      r3, -0x6C
FFEC276C  80010068  lwz     r0, 0x68(r1)
FFEC2770  30210060  addic   r1, r1, 0x60
FFEC2774  7C0803A6  mtspr   LR, r0
FFEC2778  BB21FFE4  lmw     r25, -0x1C(r1)
FFEC277C  4E800020  blr
loc_FFEC2780:
FFEC2780* 3B200010  li      r25, 0x10
FFEC2784* 480023E9  bl      sub_FFEC4B6C
FFEC2788* 80410014  lwz     r2, 0x14(r1)
FFEC278C* B32300BC  sth     r25, 0xBC(r3)
loc_FFEC2790:
FFEC2790* 63A30000  ori     r3, r29, 0x0
FFEC2794* 63640000  ori     r4, r27, 0x0
FFEC2798* 4BFF9EA1  bl      sub_FFEBC638
FFEC279C* 60000000  nop
FFEC27A0* 60690000  ori     r9, r3, 0x0
FFEC27A4* 2C090000  cmpwi   cr0, r9, 0x0
FFEC27A8* 4182001C  beq     loc_FFEC27C4
FFEC27AC  61230000  ori     r3, r9, 0x0
FFEC27B0  80010068  lwz     r0, 0x68(r1)
FFEC27B4  30210060  addic   r1, r1, 0x60
FFEC27B8  7C0803A6  mtspr   LR, r0
FFEC27BC  BB21FFE4  lmw     r25, -0x1C(r1)
FFEC27C0  4E800020  blr
loc_FFEC27C4:
FFEC27C4* 807B0000  lwz     r3, 0x0(r27)
FFEC27C8* 63E40000  ori     r4, r31, 0x0
FFEC27CC* 4BFF9E2D  bl      sub_FFEBC5F8
FFEC27D0* 60000000  nop
FFEC27D4* 2C030000  cmpwi   cr0, r3, 0x0
FFEC27D8* 408201D0  bne     loc_FFEC29A8
FFEC27DC  889F0005  lbz     r4, 0x5(r31)
FFEC27E0  5484073E  clrlwi  r4, r4, 28
FFEC27E4  989C0000  stb     r4, 0x0(r28)
FFEC27E8  88BF0005  lbz     r5, 0x5(r31)
FFEC27EC  54A506F7  rlwinm. r5, r5, 0, 27, 27
FFEC27F0  41820008  beq     loc_FFEC27F8
FFEC27F4  9B5C0000  stb     r26, 0x0(r28)
loc_FFEC27F8:
FFEC27F8  809F0000  lwz     r4, 0x0(r31)
FFEC27FC  5485042E  rlwinm  r5, r4, 0, 16, 23
FFEC2800  5486063E  clrlwi  r6, r4, 24
FFEC2804  5488021E  rlwinm  r8, r4, 0, 8, 15
FFEC2808  54A5C23E  srwi    r5, r5, 8
FFEC280C  7CC72A78  xor     r7, r6, r5
FFEC2810  5508843E  srwi    r8, r8, 16
FFEC2814  5484000E  clrrwi  r4, r4, 24
FFEC2818  7CE94278  xor     r9, r7, r8
FFEC281C  5484463E  srwi    r4, r4, 24
FFEC2820  7D2A2278  xor     r10, r9, r4
FFEC2824  995E0000  stb     r10, 0x0(r30)
FFEC2828  48002345  bl      sub_FFEC4B6C
FFEC282C  80410014  lwz     r2, 0x14(r1)
FFEC2830  83A300E4  lwz     r29, 0xE4(r3)
FFEC2834  48000078  b       loc_FFEC28AC
loc_FFEC2838:
FFEC2838  48002335  bl      sub_FFEC4B6C
FFEC283C  80410014  lwz     r2, 0x14(r1)
FFEC2840  60790000  ori     r25, r3, 0x0
FFEC2844  48002329  bl      sub_FFEC4B6C
FFEC2848  80410014  lwz     r2, 0x14(r1)
FFEC284C  A0B900BC  lhz     r5, 0xBC(r25)
FFEC2850  606C0000  ori     r12, r3, 0x0
FFEC2854  806C00E4  lwz     r3, 0xE4(r12)
FFEC2858  54A51838  slwi    r5, r5, 3
FFEC285C  63E40000  ori     r4, r31, 0x0
FFEC2860  30A50080  addic   r5, r5, 0x80
FFEC2864  48002399  bl      sub_FFEC4BFC
FFEC2868  80410014  lwz     r2, 0x14(r1)
FFEC286C  48002301  bl      sub_FFEC4B6C
FFEC2870  80410014  lwz     r2, 0x14(r1)
FFEC2874  606C0000  ori     r12, r3, 0x0
FFEC2878  806C00E4  lwz     r3, 0xE4(r12)
FFEC287C  480023B1  bl      sub_FFEC4C2C
FFEC2880  80410014  lwz     r2, 0x14(r1)
FFEC2884  480022E9  bl      sub_FFEC4B6C
FFEC2888  80410014  lwz     r2, 0x14(r1)
FFEC288C  93E300E4  stw     r31, 0xE4(r3)
FFEC2890  480022DD  bl      sub_FFEC4B6C
FFEC2894  80410014  lwz     r2, 0x14(r1)
FFEC2898  A00300BC  lhz     r0, 0xBC(r3)
FFEC289C  2F1A0000  cmpwi   cr6, r26, 0x0
FFEC28A0  30000010  addic   r0, r0, 0x10
FFEC28A4  B00300BC  sth     r0, 0xBC(r3)
loc_FFEC28A8:
FFEC28A8  409A0100  bne     cr6, loc_FFEC29A8
loc_FFEC28AC:
FFEC28AC  3BE00000  li      r31, 0x0
FFEC28B0  480022BD  bl      sub_FFEC4B6C
FFEC28B4  80410014  lwz     r2, 0x14(r1)
FFEC28B8  A00300BC  lhz     r0, 0xBC(r3)
FFEC28BC  2B000000  cmplwi  cr6, r0, 0x0
loc_FFEC28C0:
FFEC28C0  40990100  ble     cr6, loc_FFEC29C0
FFEC28C4  57E41838  slwi    r4, r31, 3
FFEC28C8  7D04E82E  lwzx    r8, r4, r29
FFEC28CC  7D24E814  addc    r9, r4, r29
FFEC28D0  2C080000  cmpwi   cr0, r8, 0x0
FFEC28D4  41820050  beq     loc_FFEC2924
FFEC28D8  809B0000  lwz     r4, 0x0(r27)
FFEC28DC  7C082040  cmplw   r8, r4
FFEC28E0  4082002C  bne     loc_FFEC290C
FFEC28E4  88890004  lbz     r4, 0x4(r9)
FFEC28E8  88BC0000  lbz     r5, 0x0(r28)
FFEC28EC  7C042800  cmpw    r4, r5
FFEC28F0  4082001C  bne     loc_FFEC290C
FFEC28F4  88890005  lbz     r4, 0x5(r9)
FFEC28F8  88BE0000  lbz     r5, 0x0(r30)
FFEC28FC  7C042800  cmpw    r4, r5
FFEC2900  4082000C  bne     loc_FFEC290C
FFEC2904  33DE0001  addic   r30, r30, 0x1
FFEC2908  3BE00000  li      r31, 0x0
loc_FFEC290C:
FFEC290C  33FF0001  addic   r31, r31, 0x1
FFEC2910  4800225D  bl      sub_FFEC4B6C
FFEC2914  80410014  lwz     r2, 0x14(r1)
FFEC2918  A00300BC  lhz     r0, 0xBC(r3)
FFEC291C  7F00F840  cmplw   cr6, r0, r31
FFEC2920  4BFFFFA0  b       loc_FFEC28C0
loc_FFEC2924:
FFEC2924  48002249  bl      sub_FFEC4B6C
FFEC2928  80410014  lwz     r2, 0x14(r1)
FFEC292C  A00300BC  lhz     r0, 0xBC(r3)
FFEC2930  7C1F0040  cmplw   r31, r0
FFEC2934  40820048  bne     loc_FFEC297C
FFEC2938  48002235  bl      sub_FFEC4B6C
FFEC293C  80410014  lwz     r2, 0x14(r1)
FFEC2940  606C0000  ori     r12, r3, 0x0
FFEC2944  A06C00BC  lhz     r3, 0xBC(r12)
FFEC2948  54631838  slwi    r3, r3, 3
FFEC294C  30630080  addic   r3, r3, 0x80
FFEC2950  4800212D  bl      sub_FFEC4A7C
FFEC2954  80410014  lwz     r2, 0x14(r1)
FFEC2958  607F0000  ori     r31, r3, 0x0
FFEC295C  2C1F0000  cmpwi   cr0, r31, 0x0
FFEC2960  4082FED8  bne     loc_FFEC2838
FFEC2964  3860FF94  li      r3, -0x6C
FFEC2968  80010068  lwz     r0, 0x68(r1)
FFEC296C  30210060  addic   r1, r1, 0x60
FFEC2970  7C0803A6  mtspr   LR, r0
FFEC2974  BB21FFE4  lmw     r25, -0x1C(r1)
FFEC2978  4E800020  blr
loc_FFEC297C:
FFEC297C  57E51838  slwi    r5, r31, 3
FFEC2980  809B0000  lwz     r4, 0x0(r27)
FFEC2984  7CDD2814  addc    r6, r29, r5
FFEC2988  7C9D292E  stwx    r4, r29, r5
FFEC298C  88FC0000  lbz     r7, 0x0(r28)
FFEC2990  3B400001  li      r26, 0x1
FFEC2994  98E60004  stb     r7, 0x4(r6)
FFEC2998  891E0000  lbz     r8, 0x0(r30)
FFEC299C  2B020000  cmplwi  cr6, r2, 0x0
FFEC29A0  99060005  stb     r8, 0x5(r6)
FFEC29A4  4BFFFF04  b       loc_FFEC28A8
loc_FFEC29A8:
FFEC29A8* 38600000  li      r3, 0x0
FFEC29AC* 80010068  lwz     r0, 0x68(r1)
FFEC29B0* 30210060  addic   r1, r1, 0x60
FFEC29B4* 7C0803A6  mtspr   LR, r0
FFEC29B8* BB21FFE4  lmw     r25, -0x1C(r1)
FFEC29BC* 4E800020  blr
loc_FFEC29C0:
FFEC29C0  4BFFFF64  b       loc_FFEC2924
FFEC29C4? 80010068  lwz     r0, 0x68(r1)
FFEC29C8? 30210060  addic   r1, r1, 0x60
FFEC29CC? 7C0803A6  mtspr   LR, r0
FFEC29D0? BB21FFE4  lmw     r25, -0x1C(r1)
FFEC29D4? 4E800020  blr

sub_FFEC29D8:
FFEC29D8* 7C0802A6  mfspr   r0, LR
FFEC29DC* 90010008  stw     r0, 0x8(r1)
FFEC29E0* 8082FFB4  lwz     r4, -0x4C(r2)
FFEC29E4* 90830030  stw     r4, 0x30(r3)
FFEC29E8* 80A2FFB8  lwz     r5, -0x48(r2)
FFEC29EC* 90A30028  stw     r5, 0x28(r3)
FFEC29F0* 80C2FFBC  lwz     r6, -0x44(r2)
FFEC29F4* 90C3002C  stw     r6, 0x2C(r3)
FFEC29F8* A0E30034  lhz     r7, 0x34(r3)
FFEC29FC* 8102FDE0  lwz     r8, -0x220(r2)
FFEC2A00* 2807000F  cmplwi  cr0, r7, 0xF
FFEC2A04* 4181014C  bgt     loc_FFEC2B50
FFEC2A08* 54E9103A  slwi    r9, r7, 2
FFEC2A0C* 7D28482E  lwzx    r9, r8, r9
FFEC2A10* 7D284814  addc    r9, r8, r9
FFEC2A14* 7D2803A6  mtspr   LR, r9
FFEC2A18* 4E800020  blr
FFEC2A1C* 8082FFC0  lwz     r4, -0x40(r2)
FFEC2A20* 90830024  stw     r4, 0x24(r3)
FFEC2A24* 80010008  lwz     r0, 0x8(r1)
FFEC2A28* 7C0803A6  mtspr   LR, r0
FFEC2A2C* 4E800020  blr
FFEC2A30* 8082FFC4  lwz     r4, -0x3C(r2)
FFEC2A34* 90830024  stw     r4, 0x24(r3)
FFEC2A38* 80010008  lwz     r0, 0x8(r1)
FFEC2A3C* 7C0803A6  mtspr   LR, r0
FFEC2A40* 4E800020  blr
FFEC2A44? 8082FFC8  lwz     r4, -0x38(r2)
FFEC2A48? 90830024  stw     r4, 0x24(r3)
FFEC2A4C? 80010008  lwz     r0, 0x8(r1)
FFEC2A50? 7C0803A6  mtspr   LR, r0
FFEC2A54? 4E800020  blr
FFEC2A58? 8082FFCC  lwz     r4, -0x34(r2)
FFEC2A5C? 90830024  stw     r4, 0x24(r3)
FFEC2A60? 80010008  lwz     r0, 0x8(r1)
FFEC2A64? 7C0803A6  mtspr   LR, r0
FFEC2A68? 4E800020  blr
FFEC2A6C? 8082FFD0  lwz     r4, -0x30(r2)
FFEC2A70? 90830024  stw     r4, 0x24(r3)
FFEC2A74? 80010008  lwz     r0, 0x8(r1)
FFEC2A78? 7C0803A6  mtspr   LR, r0
FFEC2A7C? 4E800020  blr
FFEC2A80? 8082FFD4  lwz     r4, -0x2C(r2)
FFEC2A84? 90830024  stw     r4, 0x24(r3)
FFEC2A88? 80010008  lwz     r0, 0x8(r1)
FFEC2A8C? 7C0803A6  mtspr   LR, r0
FFEC2A90? 4E800020  blr
FFEC2A94? 8082FFD8  lwz     r4, -0x28(r2)
FFEC2A98? 90830024  stw     r4, 0x24(r3)
FFEC2A9C? 80010008  lwz     r0, 0x8(r1)
FFEC2AA0? 7C0803A6  mtspr   LR, r0
FFEC2AA4? 4E800020  blr
FFEC2AA8? 8082FFDC  lwz     r4, -0x24(r2)
FFEC2AAC? 90830024  stw     r4, 0x24(r3)
FFEC2AB0? 80010008  lwz     r0, 0x8(r1)
FFEC2AB4? 7C0803A6  mtspr   LR, r0
FFEC2AB8? 4E800020  blr
FFEC2ABC? 8082FFE0  lwz     r4, -0x20(r2)
FFEC2AC0? 90830024  stw     r4, 0x24(r3)
FFEC2AC4? 80010008  lwz     r0, 0x8(r1)
FFEC2AC8? 7C0803A6  mtspr   LR, r0
FFEC2ACC? 4E800020  blr
FFEC2AD0? 8082FFE4  lwz     r4, -0x1C(r2)
FFEC2AD4? 90830024  stw     r4, 0x24(r3)
FFEC2AD8? 80010008  lwz     r0, 0x8(r1)
FFEC2ADC? 7C0803A6  mtspr   LR, r0
FFEC2AE0? 4E800020  blr
FFEC2AE4? 8082FFE8  lwz     r4, -0x18(r2)
FFEC2AE8? 90830024  stw     r4, 0x24(r3)
FFEC2AEC? 80010008  lwz     r0, 0x8(r1)
FFEC2AF0? 7C0803A6  mtspr   LR, r0
FFEC2AF4? 4E800020  blr
FFEC2AF8? 8082FFEC  lwz     r4, -0x14(r2)
FFEC2AFC? 90830024  stw     r4, 0x24(r3)
FFEC2B00? 80010008  lwz     r0, 0x8(r1)
FFEC2B04? 7C0803A6  mtspr   LR, r0
FFEC2B08? 4E800020  blr
FFEC2B0C? 8082FFF0  lwz     r4, -0x10(r2)
FFEC2B10? 90830024  stw     r4, 0x24(r3)
FFEC2B14? 80010008  lwz     r0, 0x8(r1)
FFEC2B18? 7C0803A6  mtspr   LR, r0
FFEC2B1C? 4E800020  blr
FFEC2B20? 8082FFF4  lwz     r4, -0xC(r2)
FFEC2B24? 90830024  stw     r4, 0x24(r3)
FFEC2B28? 80010008  lwz     r0, 0x8(r1)
FFEC2B2C? 7C0803A6  mtspr   LR, r0
FFEC2B30? 4E800020  blr
FFEC2B34? 8082FFF8  lwz     r4, -0x8(r2)
FFEC2B38? 90830024  stw     r4, 0x24(r3)
FFEC2B3C? 80010008  lwz     r0, 0x8(r1)
FFEC2B40? 7C0803A6  mtspr   LR, r0
FFEC2B44? 4E800020  blr
FFEC2B48? 8082FFFC  lwz     r4, -0x4(r2)
FFEC2B4C? 90830024  stw     r4, 0x24(r3)
loc_FFEC2B50:
FFEC2B50  80010008  lwz     r0, 0x8(r1)
FFEC2B54  7C0803A6  mtspr   LR, r0
FFEC2B58  4E800020  blr
FFEC2B5Cd FFFFFEC0  .long   0xFFFFFEC0                         ; -> 68k emulator opcode dispatch table
FFEC2B60d FFFFFED4  .long   0xFFFFFED4                         ; -> 68k emulator opcode dispatch table
FFEC2B64d FFFFFEE8  .long   0xFFFFFEE8                         ; -> 68k emulator opcode dispatch table
FFEC2B68d FFFFFEFC  .long   0xFFFFFEFC                         ; -> 68k emulator opcode dispatch table
FFEC2B6Cd FFFFFF10  .long   0xFFFFFF10                         ; -> 68k emulator opcode dispatch table
FFEC2B70d FFFFFF24  .long   0xFFFFFF24                         ; -> 68k emulator opcode dispatch table
FFEC2B74d FFFFFF38  .long   0xFFFFFF38                         ; -> 68k emulator opcode dispatch table
FFEC2B78d FFFFFF4C  .long   0xFFFFFF4C                         ; -> 68k emulator opcode dispatch table
FFEC2B7Cd FFFFFF60  .long   0xFFFFFF60                         ; -> 68k emulator opcode dispatch table
FFEC2B80d FFFFFF74  .long   0xFFFFFF74                         ; -> 68k emulator opcode dispatch table
FFEC2B84d FFFFFF88  .long   0xFFFFFF88                         ; -> 68k emulator opcode dispatch table
FFEC2B88d FFFFFF9C  .long   0xFFFFFF9C                         ; -> 68k emulator opcode dispatch table
FFEC2B8Cd FFFFFFB0  .long   0xFFFFFFB0                         ; -> 68k emulator opcode dispatch table
FFEC2B90d FFFFFFC4  .long   0xFFFFFFC4                         ; -> 68k emulator opcode dispatch table
FFEC2B94d FFFFFFD8  .long   0xFFFFFFD8                         ; -> 68k emulator opcode dispatch table
FFEC2B98d FFFFFFEC  .long   0xFFFFFFEC                         ; -> 68k emulator opcode dispatch table
FFEC2B9Cd FFFFFFF4  .long   0xFFFFFFF4                         ; -> 68k emulator opcode dispatch table

sub_FFEC2BA0:
FFEC2BA0* A8A40044  lha     r5, 0x44(r4)
FFEC2BA4* 2F050010  cmpwi   cr6, r5, 0x10
FFEC2BA8* 409A000C  bne     cr6, loc_FFEC2BB4
FFEC2BAC  3860E130  li      r3, -0x1ED0
FFEC2BB0  4E800020  blr
loc_FFEC2BB4:
FFEC2BB4* 7C0802A6  mfspr   r0, LR
FFEC2BB8* 7D800026  mfcr    r12
FFEC2BBC* BEA1FFD4  stmw    r21, -0x2C(r1)
FFEC2BC0* 90010008  stw     r0, 0x8(r1)
FFEC2BC4* 91810004  stw     r12, 0x4(r1)
FFEC2BC8* 9421FF98  stwu    r1, -0x68(r1)
FFEC2BCC* 609F0000  ori     r31, r4, 0x0
FFEC2BD0* 607E0000  ori     r30, r3, 0x0
FFEC2BD4* 40990024  ble     cr6, loc_FFEC2BF8
FFEC2BD8  3860E130  li      r3, -0x1ED0
FFEC2BDC  80010070  lwz     r0, 0x70(r1)
FFEC2BE0  8181006C  lwz     r12, 0x6C(r1)
FFEC2BE4  30210068  addic   r1, r1, 0x68
FFEC2BE8  7C0803A6  mtspr   LR, r0
FFEC2BEC  BAA1FFD4  lmw     r21, -0x2C(r1)
FFEC2BF0  7D838120  mtcrf   0x38, r12
FFEC2BF4  4E800020  blr
loc_FFEC2BF8:
FFEC2BF8* 813E0004  lwz     r9, 0x4(r30)
FFEC2BFC* 2C090000  cmpwi   cr0, r9, 0x0
FFEC2C00* 4182003C  beq     loc_FFEC2C3C
FFEC2C04* 61230000  ori     r3, r9, 0x0
FFEC2C08* 48001E75  bl      sub_FFEC4A7C
FFEC2C0C* 80410014  lwz     r2, 0x14(r1)
FFEC2C10* 607C0000  ori     r28, r3, 0x0
FFEC2C14* 2C1C0000  cmpwi   cr0, r28, 0x0
FFEC2C18* 40820024  bne     loc_FFEC2C3C
FFEC2C1C  3860FF94  li      r3, -0x6C
FFEC2C20  80010070  lwz     r0, 0x70(r1)
FFEC2C24  8181006C  lwz     r12, 0x6C(r1)
FFEC2C28  30210068  addic   r1, r1, 0x68
FFEC2C2C  7C0803A6  mtspr   LR, r0
FFEC2C30  BAA1FFD4  lmw     r21, -0x2C(r1)
FFEC2C34  7D838120  mtcrf   0x38, r12
FFEC2C38  4E800020  blr
loc_FFEC2C3C:
FFEC2C3C* A93F0044  lha     r9, 0x44(r31)
FFEC2C40* 2C090003  cmpwi   cr0, r9, 0x3
FFEC2C44* 4080001C  bge     loc_FFEC2C60
FFEC2C48* 55252036  slwi    r5, r9, 4
FFEC2C4C* 7CC92810  subfc   r6, r9, r5
FFEC2C50* 54C6103A  slwi    r6, r6, 2
FFEC2C54* 7CE6F814  addc    r7, r6, r31
FFEC2C58* 33A70078  addic   r29, r7, 0x78
FFEC2C5C* 4800003C  b       loc_FFEC2C98
loc_FFEC2C60:
FFEC2C60  3860003C  li      r3, 0x3C
FFEC2C64  48001E19  bl      sub_FFEC4A7C
FFEC2C68  80410014  lwz     r2, 0x14(r1)
FFEC2C6C  607D0000  ori     r29, r3, 0x0
FFEC2C70  2C1D0000  cmpwi   cr0, r29, 0x0
FFEC2C74  40820024  bne     loc_FFEC2C98
FFEC2C78  3860FF94  li      r3, -0x6C
FFEC2C7C  80010070  lwz     r0, 0x70(r1)
FFEC2C80  8181006C  lwz     r12, 0x6C(r1)
FFEC2C84  30210068  addic   r1, r1, 0x68
FFEC2C88  7C0803A6  mtspr   LR, r0
FFEC2C8C  BAA1FFD4  lmw     r21, -0x2C(r1)
FFEC2C90  7D838120  mtcrf   0x38, r12
FFEC2C94  4E800020  blr
loc_FFEC2C98:
FFEC2C98* A8BF0044  lha     r5, 0x44(r31)
FFEC2C9C* 39200000  li      r9, 0x0
FFEC2CA0* 30A50001  addic   r5, r5, 0x1
FFEC2CA4* 7CA50734  extsh   r5, r5
FFEC2CA8* B0BF0044  sth     r5, 0x44(r31)
FFEC2CAC* 2C050000  cmpwi   cr0, r5, 0x0
loc_FFEC2CB0:
FFEC2CB0* 40810134  ble     loc_FFEC2DE4
FFEC2CB4* 5525103A  slwi    r5, r9, 2
FFEC2CB8* 7CDF282E  lwzx    r6, r31, r5
FFEC2CBC* 2C060000  cmpwi   cr0, r6, 0x0
FFEC2CC0* 41820018  beq     loc_FFEC2CD8
FFEC2CC4* 30A90001  addic   r5, r9, 0x1
FFEC2CC8* A8DF0044  lha     r6, 0x44(r31)
FFEC2CCC* 54A9043E  clrlwi  r9, r5, 16
FFEC2CD0* 7C064800  cmpw    r6, r9
FFEC2CD4* 4BFFFFDC  b       loc_FFEC2CB0
loc_FFEC2CD8:
FFEC2CD8* 5525103A  slwi    r5, r9, 2
FFEC2CDC* 7FBF292E  stwx    r29, r31, r5
FFEC2CE0* B13E0034  sth     r9, 0x34(r30)
FFEC2CE4* 939E0000  stw     r28, 0x0(r30)
FFEC2CE8* 807E0038  lwz     r3, 0x38(r30)
FFEC2CEC* 309E0036  addic   r4, r30, 0x36
FFEC2CF0* 30BE0037  addic   r5, r30, 0x37
FFEC2CF4* 4BFFFA09  bl      sub_FFEC26FC
FFEC2CF8* 60000000  nop
FFEC2CFC* 2C030000  cmpwi   cr0, r3, 0x0
FFEC2D00* 4182000C  beq     loc_FFEC2D0C
FFEC2D04  38A00000  li      r5, 0x0
FFEC2D08  98BE0036  stb     r5, 0x36(r30)
loc_FFEC2D0C:
FFEC2D0C* 63C30000  ori     r3, r30, 0x0
FFEC2D10* 315E0020  addic   r10, r30, 0x20
FFEC2D14* 4BFFFCC5  bl      sub_FFEC29D8
FFEC2D18* 60000000  nop
FFEC2D1C* 7EBE04AA  lswi    r21, r30, 0x20
FFEC2D20* 7EBD05AA  stswi   r21, r29, 0x20
FFEC2D24* 7ECAE4AA  lswi    r22, r10, 0x1C
FFEC2D28* 315D0020  addic   r10, r29, 0x20
FFEC2D2C* 7ECAE5AA  stswi   r22, r10, 0x1C
FFEC2D30* A13E001C  lhz     r9, 0x1C(r30)
FFEC2D34* A11F006C  lhz     r8, 0x6C(r31)
FFEC2D38* 7C894000  cmpw    cr1, r9, r8
FFEC2D3C* 40850060  ble     cr1, loc_FFEC2D9C
FFEC2D40* 88BE001E  lbz     r5, 0x1E(r30)
FFEC2D44* 2C050000  cmpwi   cr0, r5, 0x0
FFEC2D48* 41820054  beq     loc_FFEC2D9C
FFEC2D4C* 2C080000  cmpwi   cr0, r8, 0x0
FFEC2D50* 41820014  beq     loc_FFEC2D64
FFEC2D54  807F0068  lwz     r3, 0x68(r31)
FFEC2D58  48001ED5  bl      sub_FFEC4C2C
FFEC2D5C  80410014  lwz     r2, 0x14(r1)
FFEC2D60  A13E001C  lhz     r9, 0x1C(r30)
loc_FFEC2D64:
FFEC2D64* 61230000  ori     r3, r9, 0x0
FFEC2D68* 63E40000  ori     r4, r31, 0x0
FFEC2D6C* 48000B71  bl      sub_FFEC38DC
FFEC2D70* 60000000  nop
FFEC2D74* 2C030000  cmpwi   cr0, r3, 0x0
FFEC2D78* 41820024  beq     loc_FFEC2D9C
FFEC2D7C  3860FF94  li      r3, -0x6C
FFEC2D80  80010070  lwz     r0, 0x70(r1)
FFEC2D84  8181006C  lwz     r12, 0x6C(r1)
FFEC2D88  30210068  addic   r1, r1, 0x68
FFEC2D8C  7C0803A6  mtspr   LR, r0
FFEC2D90  BAA1FFD4  lmw     r21, -0x2C(r1)
FFEC2D94  7D838120  mtcrf   0x38, r12
FFEC2D98  4E800020  blr
loc_FFEC2D9C:
FFEC2D9C* A13E001C  lhz     r9, 0x1C(r30)
FFEC2DA0* A09F006E  lhz     r4, 0x6E(r31)
FFEC2DA4* 7C092000  cmpw    r9, r4
FFEC2DA8* 40810008  ble     loc_FFEC2DB0
FFEC2DAC* B13F006E  sth     r9, 0x6E(r31)
loc_FFEC2DB0:
FFEC2DB0* 807E0008  lwz     r3, 0x8(r30)
FFEC2DB4* 63C50000  ori     r5, r30, 0x0
FFEC2DB8* 388000E1  li      r4, 0xE1
FFEC2DBC* 48001D21  bl      sub_FFEC4ADC
FFEC2DC0* 80410014  lwz     r2, 0x14(r1)
FFEC2DC4* 7C630734  extsh   r3, r3
FFEC2DC8* 80010070  lwz     r0, 0x70(r1)
FFEC2DCC* 8181006C  lwz     r12, 0x6C(r1)
FFEC2DD0* 30210068  addic   r1, r1, 0x68
FFEC2DD4* 7C0803A6  mtspr   LR, r0
FFEC2DD8* BAA1FFD4  lmw     r21, -0x2C(r1)
FFEC2DDC* 7D838120  mtcrf   0x38, r12
FFEC2DE0* 4E800020  blr
loc_FFEC2DE4:
FFEC2DE4  4BFFFEF4  b       loc_FFEC2CD8
FFEC2DE8? 80010070  lwz     r0, 0x70(r1)
FFEC2DEC? 8181006C  lwz     r12, 0x6C(r1)
FFEC2DF0? 30210068  addic   r1, r1, 0x68
FFEC2DF4? 7C0803A6  mtspr   LR, r0
FFEC2DF8? BAA1FFD4  lmw     r21, -0x2C(r1)
FFEC2DFC? 7D838120  mtcrf   0x38, r12
FFEC2E00? 4E800020  blr

sub_FFEC2E04:
FFEC2E04? 7C0802A6  mfspr   r0, LR
FFEC2E08? 7D800026  mfcr    r12
FFEC2E0C? BF81FFF0  stmw    r28, -0x10(r1)
FFEC2E10? 90010008  stw     r0, 0x8(r1)
FFEC2E14? 91810004  stw     r12, 0x4(r1)
FFEC2E18? 9421FFB8  stwu    r1, -0x48(r1)
FFEC2E1C? 609F0000  ori     r31, r4, 0x0
FFEC2E20? 607E0000  ori     r30, r3, 0x0
FFEC2E24? 48001D49  bl      sub_FFEC4B6C
FFEC2E28? 80410014  lwz     r2, 0x14(r1)
FFEC2E2C? 3C007870  lis     r0, 0x7870
FFEC2E30? 81830088  lwz     r12, 0x88(r3)
FFEC2E34? 60007467  ori     r0, r0, 0x7467
FFEC2E38? 7C0C0040  cmplw   r12, r0
FFEC2E3C? 40820010  bne     loc_FFEC2E4C
FFEC2E40? 48001D2D  bl      sub_FFEC4B6C
FFEC2E44? 80410014  lwz     r2, 0x14(r1)
FFEC2E48? 83E30084  lwz     r31, 0x84(r3)
loc_FFEC2E4C:
FFEC2E4C? 80BE0000  lwz     r5, 0x0(r30)
FFEC2E50? 2C050000  cmpwi   cr0, r5, 0x0
FFEC2E54? 40820048  bne     loc_FFEC2E9C
FFEC2E58? 813E0004  lwz     r9, 0x4(r30)
FFEC2E5C? 2C090000  cmpwi   cr0, r9, 0x0
FFEC2E60? 4182003C  beq     loc_FFEC2E9C
FFEC2E64? 61230000  ori     r3, r9, 0x0
FFEC2E68? 48001C15  bl      sub_FFEC4A7C
FFEC2E6C? 80410014  lwz     r2, 0x14(r1)
FFEC2E70? 907E0000  stw     r3, 0x0(r30)
FFEC2E74? 2C030000  cmpwi   cr0, r3, 0x0
FFEC2E78? 40820024  bne     loc_FFEC2E9C
FFEC2E7C? 3860FF94  li      r3, -0x6C
FFEC2E80? 80010050  lwz     r0, 0x50(r1)
FFEC2E84? 8181004C  lwz     r12, 0x4C(r1)
FFEC2E88? 30210048  addic   r1, r1, 0x48
FFEC2E8C? 7C0803A6  mtspr   LR, r0
FFEC2E90? BB81FFF0  lmw     r28, -0x10(r1)
FFEC2E94? 7D838120  mtcrf   0x38, r12
FFEC2E98? 4E800020  blr
loc_FFEC2E9C:
FFEC2E9C? A3BE0034  lhz     r29, 0x34(r30)
FFEC2EA0? 63C30000  ori     r3, r30, 0x0
FFEC2EA4? 57AA103A  slwi    r10, r29, 2
FFEC2EA8? 4BFFFB31  bl      sub_FFEC29D8
FFEC2EAC? 60000000  nop
FFEC2EB0? 7D7F502E  lwzx    r11, r31, r10
FFEC2EB4? 2C8B0000  cmpwi   cr1, r11, 0x0
FFEC2EB8? 40860074  bne     cr1, loc_FFEC2F2C
FFEC2EBC? A93F0044  lha     r9, 0x44(r31)
FFEC2EC0? 2C090003  cmpwi   cr0, r9, 0x3
FFEC2EC4? 4080001C  bge     loc_FFEC2EE0
FFEC2EC8? 55252036  slwi    r5, r9, 4
FFEC2ECC? 7CC92810  subfc   r6, r9, r5
FFEC2ED0? 54C6103A  slwi    r6, r6, 2
FFEC2ED4? 7CE6F814  addc    r7, r6, r31
FFEC2ED8? 31270078  addic   r9, r7, 0x78
FFEC2EDC? 4800003C  b       loc_FFEC2F18
loc_FFEC2EE0:
FFEC2EE0? 3860003C  li      r3, 0x3C
FFEC2EE4? 48001B99  bl      sub_FFEC4A7C
FFEC2EE8? 80410014  lwz     r2, 0x14(r1)
FFEC2EEC? 60690000  ori     r9, r3, 0x0
FFEC2EF0? 2C090000  cmpwi   cr0, r9, 0x0
FFEC2EF4? 40820024  bne     loc_FFEC2F18
FFEC2EF8? 3860FF94  li      r3, -0x6C
FFEC2EFC? 80010050  lwz     r0, 0x50(r1)
FFEC2F00? 8181004C  lwz     r12, 0x4C(r1)
FFEC2F04? 30210048  addic   r1, r1, 0x48
FFEC2F08? 7C0803A6  mtspr   LR, r0
FFEC2F0C? BB81FFF0  lmw     r28, -0x10(r1)
FFEC2F10? 7D838120  mtcrf   0x38, r12
FFEC2F14? 4E800020  blr
loc_FFEC2F18:
FFEC2F18? A8BF0044  lha     r5, 0x44(r31)
FFEC2F1C? 57A6103A  slwi    r6, r29, 2
FFEC2F20? 30A50001  addic   r5, r5, 0x1
FFEC2F24? B0BF0044  sth     r5, 0x44(r31)
FFEC2F28? 7D3F312E  stwx    r9, r31, r6
loc_FFEC2F2C:
FFEC2F2C? 7CBE04AA  lswi    r5, r30, 0x20
FFEC2F30? 57A0103A  slwi    r0, r29, 2
FFEC2F34? 7FBF002E  lwzx    r29, r31, r0
FFEC2F38? 339E0020  addic   r28, r30, 0x20
FFEC2F3C? 7CBD05AA  stswi   r5, r29, 0x20
FFEC2F40? 7CDCE4AA  lswi    r6, r28, 0x1C
FFEC2F44? 30BD0020  addic   r5, r29, 0x20
FFEC2F48? 7CC5E5AA  stswi   r6, r5, 0x1C
FFEC2F4C? A13E001C  lhz     r9, 0x1C(r30)
FFEC2F50? A11F006C  lhz     r8, 0x6C(r31)
FFEC2F54? 7C094000  cmpw    r9, r8
FFEC2F58? 40810064  ble     loc_FFEC2FBC
FFEC2F5C? 88BE001E  lbz     r5, 0x1E(r30)
FFEC2F60? 2C050000  cmpwi   cr0, r5, 0x0
FFEC2F64? 41820058  beq     loc_FFEC2FBC
FFEC2F68? 811F0068  lwz     r8, 0x68(r31)
FFEC2F6C? 2C080000  cmpwi   cr0, r8, 0x0
FFEC2F70? 41820014  beq     loc_FFEC2F84
FFEC2F74? 61030000  ori     r3, r8, 0x0
FFEC2F78? 48001CB5  bl      sub_FFEC4C2C
FFEC2F7C? 80410014  lwz     r2, 0x14(r1)
FFEC2F80? A13E001C  lhz     r9, 0x1C(r30)
loc_FFEC2F84:
FFEC2F84? 61230000  ori     r3, r9, 0x0
FFEC2F88? 63E40000  ori     r4, r31, 0x0
FFEC2F8C? 48000951  bl      sub_FFEC38DC
FFEC2F90? 60000000  nop
FFEC2F94? 2C030000  cmpwi   cr0, r3, 0x0
FFEC2F98? 41820024  beq     loc_FFEC2FBC
FFEC2F9C? 3860FF94  li      r3, -0x6C
FFEC2FA0? 80010050  lwz     r0, 0x50(r1)
FFEC2FA4? 8181004C  lwz     r12, 0x4C(r1)
FFEC2FA8? 30210048  addic   r1, r1, 0x48
FFEC2FAC? 7C0803A6  mtspr   LR, r0
FFEC2FB0? BB81FFF0  lmw     r28, -0x10(r1)
FFEC2FB4? 7D838120  mtcrf   0x38, r12
FFEC2FB8? 4E800020  blr
loc_FFEC2FBC:
FFEC2FBC? A13E001C  lhz     r9, 0x1C(r30)
FFEC2FC0? A07F006E  lhz     r3, 0x6E(r31)
FFEC2FC4? 7C091800  cmpw    r9, r3
FFEC2FC8? 40810008  ble     loc_FFEC2FD0
FFEC2FCC? B13F006E  sth     r9, 0x6E(r31)
loc_FFEC2FD0:
FFEC2FD0? 38600000  li      r3, 0x0
FFEC2FD4? 80010050  lwz     r0, 0x50(r1)
FFEC2FD8? 8181004C  lwz     r12, 0x4C(r1)
FFEC2FDC? 30210048  addic   r1, r1, 0x48
FFEC2FE0? 7C0803A6  mtspr   LR, r0
FFEC2FE4? BB81FFF0  lmw     r28, -0x10(r1)
FFEC2FE8? 7D838120  mtcrf   0x38, r12
FFEC2FEC? 4E800020  blr
FFEC2FF0* 7C0802A6  mfspr   r0, LR
FFEC2FF4* BFA1FFF4  stmw    r29, -0xC(r1)
FFEC2FF8* 90010008  stw     r0, 0x8(r1)
FFEC2FFC* 9421FFB8  stwu    r1, -0x48(r1)
FFEC3000* 607D0000  ori     r29, r3, 0x0
FFEC3004* 60BE0000  ori     r30, r5, 0x0
FFEC3008* 48001B65  bl      sub_FFEC4B6C
FFEC300C* 80410014  lwz     r2, 0x14(r1)
FFEC3010* 2C1D0001  cmpwi   cr0, r29, 0x1
FFEC3014* 83E301B4  lwz     r31, 0x1B4(r3)
FFEC3018* 40820028  bne     loc_FFEC3040
FFEC301C* 63C30000  ori     r3, r30, 0x0
FFEC3020* 63E40000  ori     r4, r31, 0x0
FFEC3024* 4BFFF1B9  bl      sub_FFEC21DC
FFEC3028* 60000000  nop
FFEC302C* 80010050  lwz     r0, 0x50(r1)
FFEC3030* 30210048  addic   r1, r1, 0x48
FFEC3034* 7C0803A6  mtspr   LR, r0
FFEC3038* BBA1FFF4  lmw     r29, -0xC(r1)
FFEC303C* 4E800020  blr
loc_FFEC3040:
FFEC3040* 30BDFFFE  addic   r5, r29, -0x2
FFEC3044* 28050003  cmplwi  cr0, r5, 0x3
FFEC3048* 80C2FDE4  lwz     r6, -0x21C(r2)
FFEC304C* 4181013C  bgt     loc_FFEC3188
FFEC3050* 54A7103A  slwi    r7, r5, 2
FFEC3054* 7CE6382E  lwzx    r7, r6, r7
FFEC3058* 7CE63814  addc    r7, r6, r7
FFEC305C* 7CE803A6  mtspr   LR, r7
FFEC3060* 4E800020  blr
FFEC3064* 63C30000  ori     r3, r30, 0x0
FFEC3068* 63E40000  ori     r4, r31, 0x0
FFEC306C* 4BFFFB35  bl      sub_FFEC2BA0
FFEC3070* 60000000  nop
FFEC3074* 80010050  lwz     r0, 0x50(r1)
FFEC3078* 30210048  addic   r1, r1, 0x48
FFEC307C* 7C0803A6  mtspr   LR, r0
FFEC3080* BBA1FFF4  lmw     r29, -0xC(r1)
FFEC3084* 4E800020  blr
FFEC3088? 3860E141  li      r3, -0x1EBF
FFEC308C? 80010050  lwz     r0, 0x50(r1)
FFEC3090? 30210048  addic   r1, r1, 0x48
FFEC3094? 7C0803A6  mtspr   LR, r0
FFEC3098? BBA1FFF4  lmw     r29, -0xC(r1)
FFEC309C? 4E800020  blr
FFEC30A0? 63C30000  ori     r3, r30, 0x0
FFEC30A4? 63E40000  ori     r4, r31, 0x0
FFEC30A8? 4BFFFD5D  bl      sub_FFEC2E04
FFEC30AC? 60000000  nop
FFEC30B0? 80010050  lwz     r0, 0x50(r1)
FFEC30B4? 30210048  addic   r1, r1, 0x48
FFEC30B8? 7C0803A6  mtspr   LR, r0
FFEC30BC? BBA1FFF4  lmw     r29, -0xC(r1)
FFEC30C0? 4E800020  blr
FFEC30C4? 3860AA6A  li      r3, -0x5596
FFEC30C8? 38800001  li      r4, 0x1
FFEC30CC? 48001A29  bl      sub_FFEC4AF4
FFEC30D0? 80410014  lwz     r2, 0x14(r1)
FFEC30D4? 607E0000  ori     r30, r3, 0x0
FFEC30D8? 3860009F  li      r3, 0x9F
FFEC30DC? 38800001  li      r4, 0x1
FFEC30E0? 48001A15  bl      sub_FFEC4AF4
FFEC30E4? 80410014  lwz     r2, 0x14(r1)
FFEC30E8? 7D9E1810  subfc   r12, r30, r3
FFEC30EC? 300CFFFF  addic   r0, r12, -0x1
FFEC30F0? 7C006110  subfe   r0, r0, r12
FFEC30F4? 5400063F  clrlwi. r0, r0, 24
FFEC30F8? 41820024  beq     loc_FFEC311C
FFEC30FC? 48001A71  bl      sub_FFEC4B6C
FFEC3100? 80410014  lwz     r2, 0x14(r1)
FFEC3104? 607E0000  ori     r30, r3, 0x0
FFEC3108? 307E00D0  addic   r3, r30, 0xD0
FFEC310C? 38800000  li      r4, 0x0
FFEC3110? 4BFF94B1  bl      sub_FFEBC5C0
FFEC3114? 60000000  nop
FFEC3118? 48000034  b       loc_FFEC314C
loc_FFEC311C:
FFEC311C? 3BC006DC  li      r30, 0x6DC
FFEC3120? 48001A4D  bl      sub_FFEC4B6C
FFEC3124? 80410014  lwz     r2, 0x14(r1)
FFEC3128? 800300E0  lwz     r0, 0xE0(r3)
FFEC312C? 819E0000  lwz     r12, 0x0(r30)
FFEC3130? 30000034  addic   r0, r0, 0x34
FFEC3134? 7C0C0040  cmplw   r12, r0
FFEC3138? 40820014  bne     loc_FFEC314C
FFEC313C? 813F0040  lwz     r9, 0x40(r31)
FFEC3140? 2C090000  cmpwi   cr0, r9, 0x0
FFEC3144? 41820008  beq     loc_FFEC314C
FFEC3148? 912006DC  stw     r9, 0x6DC
loc_FFEC314C:
FFEC314C? 809F004C  lwz     r4, 0x4C(r31)
FFEC3150? 38A00000  li      r5, 0x0
FFEC3154? 90A4FFFC  stw     r5, -0x4(r4)
FFEC3158? 807F0068  lwz     r3, 0x68(r31)
FFEC315C? 48001AD1  bl      sub_FFEC4C2C
FFEC3160? 80410014  lwz     r2, 0x14(r1)
FFEC3164? 63E30000  ori     r3, r31, 0x0
FFEC3168? 48001AC5  bl      sub_FFEC4C2C
FFEC316C? 80410014  lwz     r2, 0x14(r1)
FFEC3170? 38600000  li      r3, 0x0
FFEC3174? 80010050  lwz     r0, 0x50(r1)
FFEC3178? 30210048  addic   r1, r1, 0x48
FFEC317C? 7C0803A6  mtspr   LR, r0
FFEC3180? BBA1FFF4  lmw     r29, -0xC(r1)
FFEC3184? 4E800020  blr
loc_FFEC3188:
FFEC3188  3860E141  li      r3, -0x1EBF
FFEC318C  80010050  lwz     r0, 0x50(r1)
FFEC3190  30210048  addic   r1, r1, 0x48
FFEC3194  7C0803A6  mtspr   LR, r0
FFEC3198  BBA1FFF4  lmw     r29, -0xC(r1)
FFEC319C  4E800020  blr
FFEC31A0d FFFFFEC4  .long   0xFFFFFEC4                         ; -> 68k emulator opcode dispatch table
FFEC31A4d FFFFFEE8  .long   0xFFFFFEE8                         ; -> 68k emulator opcode dispatch table
FFEC31A8d FFFFFF00  .long   0xFFFFFF00                         ; -> 68k emulator opcode dispatch table
FFEC31ACd FFFFFF24  .long   0xFFFFFF24                         ; -> 68k emulator opcode dispatch table
FFEC31B0d FFFFFFE8  .long   0xFFFFFFE8                         ; -> 68k emulator opcode dispatch table
FFEC31B4? 7C0802A6  mfspr   r0, LR
FFEC31B8? 7D800026  mfcr    r12
FFEC31BC? BFA1FFF4  stmw    r29, -0xC(r1)
FFEC31C0? 90010008  stw     r0, 0x8(r1)
FFEC31C4? 91810004  stw     r12, 0x4(r1)
FFEC31C8? 9421FFB8  stwu    r1, -0x48(r1)
FFEC31CC? 609D0000  ori     r29, r4, 0x0
FFEC31D0? 2D1D0000  cmpwi   cr2, r29, 0x0
FFEC31D4? 418A002C  beq     cr2, loc_FFEC3200
FFEC31D8? A89D0000  lha     r4, 0x0(r29)
FFEC31DC? 2C040000  cmpwi   cr0, r4, 0x0
FFEC31E0? 41810020  bgt     loc_FFEC3200
FFEC31E4? 80010050  lwz     r0, 0x50(r1)
FFEC31E8? 8181004C  lwz     r12, 0x4C(r1)
FFEC31EC? 30210048  addic   r1, r1, 0x48
FFEC31F0? 7C0803A6  mtspr   LR, r0
FFEC31F4? BBA1FFF4  lmw     r29, -0xC(r1)
FFEC31F8? 7D838120  mtcrf   0x38, r12
FFEC31FC? 4E800020  blr
loc_FFEC3200:
FFEC3200? 4BFF8FD5  bl      sub_FFEBC1D4
FFEC3204? 60000000  nop
FFEC3208? 2C030001  cmpwi   cr0, r3, 0x1
FFEC320C? 4181002C  bgt     loc_FFEC3238
FFEC3210? 4800195D  bl      sub_FFEC4B6C
FFEC3214? 80410014  lwz     r2, 0x14(r1)
FFEC3218? 83E300C0  lwz     r31, 0xC0(r3)
FFEC321C? 2C1F0000  cmpwi   cr0, r31, 0x0
FFEC3220? 40820018  bne     loc_FFEC3238
FFEC3224? 48001949  bl      sub_FFEC4B6C
FFEC3228? 80410014  lwz     r2, 0x14(r1)
FFEC322C? ABE300BE  lha     r31, 0xBE(r3)
FFEC3230? 2C1F0000  cmpwi   cr0, r31, 0x0
FFEC3234? 41820090  beq     loc_FFEC32C4
loc_FFEC3238:
FFEC3238? 3BE00000  li      r31, 0x0
FFEC323C? 4BFF9291  bl      sub_FFEBC4CC
FFEC3240? 60000000  nop
FFEC3244? 48001929  bl      sub_FFEC4B6C
FFEC3248? 80410014  lwz     r2, 0x14(r1)
FFEC324C? 83C301B4  lwz     r30, 0x1B4(r3)
FFEC3250? A81E0044  lha     r0, 0x44(r30)
FFEC3254? 2F000000  cmpwi   cr6, r0, 0x0
loc_FFEC3258:
FFEC3258? 40990068  ble     cr6, loc_FFEC32C0
FFEC325C? 418A0010  beq     cr2, loc_FFEC326C
FFEC3260? A87D0000  lha     r3, 0x0(r29)
FFEC3264? 2C030000  cmpwi   cr0, r3, 0x0
FFEC3268? 40810034  ble     loc_FFEC329C
loc_FFEC326C:
FFEC326C? 57E4103A  slwi    r4, r31, 2
FFEC3270? 7D9E202E  lwzx    r12, r30, r4
FFEC3274? 301F0001  addic   r0, r31, 0x1
FFEC3278? 806C0014  lwz     r3, 0x14(r12)
FFEC327C? 80AC0000  lwz     r5, 0x0(r12)
FFEC3280? 388000F1  li      r4, 0xF1
FFEC3284? 7C1F0734  extsh   r31, r0
FFEC3288? 48001855  bl      sub_FFEC4ADC
FFEC328C? 80410014  lwz     r2, 0x14(r1)
FFEC3290? A81E0044  lha     r0, 0x44(r30)
FFEC3294? 7F00F800  cmpw    cr6, r0, r31
FFEC3298? 4BFFFFC0  b       loc_FFEC3258
loc_FFEC329C:
FFEC329C? 4BFF912D  bl      sub_FFEBC3C8
FFEC32A0? 60000000  nop
FFEC32A4? 80010050  lwz     r0, 0x50(r1)
FFEC32A8? 8181004C  lwz     r12, 0x4C(r1)
FFEC32AC? 30210048  addic   r1, r1, 0x48
FFEC32B0? 7C0803A6  mtspr   LR, r0
FFEC32B4? BBA1FFF4  lmw     r29, -0xC(r1)
FFEC32B8? 7D838120  mtcrf   0x38, r12
FFEC32BC? 4E800020  blr
loc_FFEC32C0:
FFEC32C0? 4BFFFFDC  b       loc_FFEC329C
loc_FFEC32C4:
FFEC32C4? 80010050  lwz     r0, 0x50(r1)
FFEC32C8? 8181004C  lwz     r12, 0x4C(r1)
FFEC32CC? 30210048  addic   r1, r1, 0x48
FFEC32D0? 7C0803A6  mtspr   LR, r0
FFEC32D4? BBA1FFF4  lmw     r29, -0xC(r1)
FFEC32D8? 7D838120  mtcrf   0x38, r12
FFEC32DC? 4E800020  blr
FFEC32E0* 7C0802A6  mfspr   r0, LR
FFEC32E4* 90010008  stw     r0, 0x8(r1)
FFEC32E8* 9421FFC8  stwu    r1, -0x38(r1)
FFEC32EC* 4BFF91E1  bl      sub_FFEBC4CC
FFEC32F0* 60000000  nop
FFEC32F4* 48001879  bl      sub_FFEC4B6C
FFEC32F8* 80410014  lwz     r2, 0x14(r1)
FFEC32FC* 818301B4  lwz     r12, 0x1B4(r3)
FFEC3300* 388000F1  li      r4, 0xF1
FFEC3304* 818C0000  lwz     r12, 0x0(r12)
FFEC3308* 806C0010  lwz     r3, 0x10(r12)
FFEC330C* 80AC0000  lwz     r5, 0x0(r12)
FFEC3310* 480017CD  bl      sub_FFEC4ADC
FFEC3314* 80410014  lwz     r2, 0x14(r1)
FFEC3318* 4BFF90B1  bl      sub_FFEBC3C8
FFEC331C* 60000000  nop
FFEC3320* 80010040  lwz     r0, 0x40(r1)
FFEC3324* 30210038  addic   r1, r1, 0x38
FFEC3328* 7C0803A6  mtspr   LR, r0
FFEC332C* 4E800020  blr
FFEC3330* 7C0802A6  mfspr   r0, LR
FFEC3334* 90010008  stw     r0, 0x8(r1)
FFEC3338* 9421FFC8  stwu    r1, -0x38(r1)
FFEC333C* 4BFF9191  bl      sub_FFEBC4CC
FFEC3340* 60000000  nop
FFEC3344* 48001829  bl      sub_FFEC4B6C
FFEC3348* 80410014  lwz     r2, 0x14(r1)
FFEC334C* 818301B4  lwz     r12, 0x1B4(r3)
FFEC3350* 388000F1  li      r4, 0xF1
FFEC3354* 818C0004  lwz     r12, 0x4(r12)
FFEC3358* 806C0010  lwz     r3, 0x10(r12)
FFEC335C* 80AC0000  lwz     r5, 0x0(r12)
FFEC3360* 4800177D  bl      sub_FFEC4ADC
FFEC3364* 80410014  lwz     r2, 0x14(r1)
FFEC3368* 4BFF9061  bl      sub_FFEBC3C8
FFEC336C* 60000000  nop
FFEC3370* 80010040  lwz     r0, 0x40(r1)
FFEC3374* 30210038  addic   r1, r1, 0x38
FFEC3378* 7C0803A6  mtspr   LR, r0
FFEC337C* 4E800020  blr
FFEC3380? 7C0802A6  mfspr   r0, LR
FFEC3384? 90010008  stw     r0, 0x8(r1)
FFEC3388? 9421FFC8  stwu    r1, -0x38(r1)
FFEC338C? 4BFF9141  bl      sub_FFEBC4CC
FFEC3390? 60000000  nop
FFEC3394? 480017D9  bl      sub_FFEC4B6C
FFEC3398? 80410014  lwz     r2, 0x14(r1)
FFEC339C? 818301B4  lwz     r12, 0x1B4(r3)
FFEC33A0? 388000F1  li      r4, 0xF1
FFEC33A4? 818C0008  lwz     r12, 0x8(r12)
FFEC33A8? 806C0010  lwz     r3, 0x10(r12)
FFEC33AC? 80AC0000  lwz     r5, 0x0(r12)
FFEC33B0? 4800172D  bl      sub_FFEC4ADC
FFEC33B4? 80410014  lwz     r2, 0x14(r1)
FFEC33B8? 4BFF9011  bl      sub_FFEBC3C8
FFEC33BC? 60000000  nop
FFEC33C0? 80010040  lwz     r0, 0x40(r1)
FFEC33C4? 30210038  addic   r1, r1, 0x38
FFEC33C8? 7C0803A6  mtspr   LR, r0
FFEC33CC? 4E800020  blr
FFEC33D0? 7C0802A6  mfspr   r0, LR
FFEC33D4? 90010008  stw     r0, 0x8(r1)
FFEC33D8? 9421FFC8  stwu    r1, -0x38(r1)
FFEC33DC? 4BFF90F1  bl      sub_FFEBC4CC
FFEC33E0? 60000000  nop
FFEC33E4? 48001789  bl      sub_FFEC4B6C
FFEC33E8? 80410014  lwz     r2, 0x14(r1)
FFEC33EC? 818301B4  lwz     r12, 0x1B4(r3)
FFEC33F0? 388000F1  li      r4, 0xF1
FFEC33F4? 818C000C  lwz     r12, 0xC(r12)
FFEC33F8? 806C0010  lwz     r3, 0x10(r12)
FFEC33FC? 80AC0000  lwz     r5, 0x0(r12)
FFEC3400? 480016DD  bl      sub_FFEC4ADC
FFEC3404? 80410014  lwz     r2, 0x14(r1)
FFEC3408? 4BFF8FC1  bl      sub_FFEBC3C8
FFEC340C? 60000000  nop
FFEC3410? 80010040  lwz     r0, 0x40(r1)
FFEC3414? 30210038  addic   r1, r1, 0x38
FFEC3418? 7C0803A6  mtspr   LR, r0
FFEC341C? 4E800020  blr
FFEC3420? 7C0802A6  mfspr   r0, LR
FFEC3424? 90010008  stw     r0, 0x8(r1)
FFEC3428? 9421FFC8  stwu    r1, -0x38(r1)
FFEC342C? 4BFF90A1  bl      sub_FFEBC4CC
FFEC3430? 60000000  nop
FFEC3434? 48001739  bl      sub_FFEC4B6C
FFEC3438? 80410014  lwz     r2, 0x14(r1)
FFEC343C? 818301B4  lwz     r12, 0x1B4(r3)
FFEC3440? 388000F1  li      r4, 0xF1
FFEC3444? 818C0010  lwz     r12, 0x10(r12)
FFEC3448? 806C0010  lwz     r3, 0x10(r12)
FFEC344C? 80AC0000  lwz     r5, 0x0(r12)
FFEC3450? 4800168D  bl      sub_FFEC4ADC
FFEC3454? 80410014  lwz     r2, 0x14(r1)
FFEC3458? 4BFF8F71  bl      sub_FFEBC3C8
FFEC345C? 60000000  nop
FFEC3460? 80010040  lwz     r0, 0x40(r1)
FFEC3464? 30210038  addic   r1, r1, 0x38
FFEC3468? 7C0803A6  mtspr   LR, r0
FFEC346C? 4E800020  blr
FFEC3470? 7C0802A6  mfspr   r0, LR
FFEC3474? 90010008  stw     r0, 0x8(r1)
FFEC3478? 9421FFC8  stwu    r1, -0x38(r1)
FFEC347C? 4BFF9051  bl      sub_FFEBC4CC
FFEC3480? 60000000  nop
FFEC3484? 480016E9  bl      sub_FFEC4B6C
FFEC3488? 80410014  lwz     r2, 0x14(r1)
FFEC348C? 818301B4  lwz     r12, 0x1B4(r3)
FFEC3490? 388000F1  li      r4, 0xF1
FFEC3494? 818C0014  lwz     r12, 0x14(r12)
FFEC3498? 806C0010  lwz     r3, 0x10(r12)
FFEC349C? 80AC0000  lwz     r5, 0x0(r12)
FFEC34A0? 4800163D  bl      sub_FFEC4ADC
FFEC34A4? 80410014  lwz     r2, 0x14(r1)
FFEC34A8? 4BFF8F21  bl      sub_FFEBC3C8
FFEC34AC? 60000000  nop
FFEC34B0? 80010040  lwz     r0, 0x40(r1)
FFEC34B4? 30210038  addic   r1, r1, 0x38
FFEC34B8? 7C0803A6  mtspr   LR, r0
FFEC34BC? 4E800020  blr
FFEC34C0? 7C0802A6  mfspr   r0, LR
FFEC34C4? 90010008  stw     r0, 0x8(r1)
FFEC34C8? 9421FFC8  stwu    r1, -0x38(r1)
FFEC34CC? 4BFF9001  bl      sub_FFEBC4CC
FFEC34D0? 60000000  nop
FFEC34D4? 48001699  bl      sub_FFEC4B6C
FFEC34D8? 80410014  lwz     r2, 0x14(r1)
FFEC34DC? 818301B4  lwz     r12, 0x1B4(r3)
FFEC34E0? 388000F1  li      r4, 0xF1
FFEC34E4? 818C0018  lwz     r12, 0x18(r12)
FFEC34E8? 806C0010  lwz     r3, 0x10(r12)
FFEC34EC? 80AC0000  lwz     r5, 0x0(r12)
FFEC34F0? 480015ED  bl      sub_FFEC4ADC
FFEC34F4? 80410014  lwz     r2, 0x14(r1)
FFEC34F8? 4BFF8ED1  bl      sub_FFEBC3C8
FFEC34FC? 60000000  nop
FFEC3500? 80010040  lwz     r0, 0x40(r1)
FFEC3504? 30210038  addic   r1, r1, 0x38
FFEC3508? 7C0803A6  mtspr   LR, r0
FFEC350C? 4E800020  blr
FFEC3510? 7C0802A6  mfspr   r0, LR
FFEC3514? 90010008  stw     r0, 0x8(r1)
FFEC3518? 9421FFC8  stwu    r1, -0x38(r1)
FFEC351C? 4BFF8FB1  bl      sub_FFEBC4CC
FFEC3520? 60000000  nop
FFEC3524? 48001649  bl      sub_FFEC4B6C
FFEC3528? 80410014  lwz     r2, 0x14(r1)
FFEC352C? 818301B4  lwz     r12, 0x1B4(r3)
FFEC3530? 388000F1  li      r4, 0xF1
FFEC3534? 818C001C  lwz     r12, 0x1C(r12)
FFEC3538? 806C0010  lwz     r3, 0x10(r12)
FFEC353C? 80AC0000  lwz     r5, 0x0(r12)
FFEC3540? 4800159D  bl      sub_FFEC4ADC
FFEC3544? 80410014  lwz     r2, 0x14(r1)
FFEC3548? 4BFF8E81  bl      sub_FFEBC3C8
FFEC354C? 60000000  nop
FFEC3550? 80010040  lwz     r0, 0x40(r1)
FFEC3554? 30210038  addic   r1, r1, 0x38
FFEC3558? 7C0803A6  mtspr   LR, r0
FFEC355C? 4E800020  blr
FFEC3560? 7C0802A6  mfspr   r0, LR
FFEC3564? 90010008  stw     r0, 0x8(r1)
FFEC3568? 9421FFC8  stwu    r1, -0x38(r1)
FFEC356C? 4BFF8F61  bl      sub_FFEBC4CC
FFEC3570? 60000000  nop
FFEC3574? 480015F9  bl      sub_FFEC4B6C
FFEC3578? 80410014  lwz     r2, 0x14(r1)
FFEC357C? 818301B4  lwz     r12, 0x1B4(r3)
FFEC3580? 388000F1  li      r4, 0xF1
FFEC3584? 818C0020  lwz     r12, 0x20(r12)
FFEC3588? 806C0010  lwz     r3, 0x10(r12)
FFEC358C? 80AC0000  lwz     r5, 0x0(r12)
FFEC3590? 4800154D  bl      sub_FFEC4ADC
FFEC3594? 80410014  lwz     r2, 0x14(r1)
FFEC3598? 4BFF8E31  bl      sub_FFEBC3C8
FFEC359C? 60000000  nop
FFEC35A0? 80010040  lwz     r0, 0x40(r1)
FFEC35A4? 30210038  addic   r1, r1, 0x38
FFEC35A8? 7C0803A6  mtspr   LR, r0
FFEC35AC? 4E800020  blr
FFEC35B0? 7C0802A6  mfspr   r0, LR
FFEC35B4? 90010008  stw     r0, 0x8(r1)
FFEC35B8? 9421FFC8  stwu    r1, -0x38(r1)
FFEC35BC? 4BFF8F11  bl      sub_FFEBC4CC
FFEC35C0? 60000000  nop
FFEC35C4? 480015A9  bl      sub_FFEC4B6C
FFEC35C8? 80410014  lwz     r2, 0x14(r1)
FFEC35CC? 818301B4  lwz     r12, 0x1B4(r3)
FFEC35D0? 388000F1  li      r4, 0xF1
FFEC35D4? 818C0024  lwz     r12, 0x24(r12)
FFEC35D8? 806C0010  lwz     r3, 0x10(r12)
FFEC35DC? 80AC0000  lwz     r5, 0x0(r12)
FFEC35E0? 480014FD  bl      sub_FFEC4ADC
FFEC35E4? 80410014  lwz     r2, 0x14(r1)
FFEC35E8? 4BFF8DE1  bl      sub_FFEBC3C8
FFEC35EC? 60000000  nop
FFEC35F0? 80010040  lwz     r0, 0x40(r1)
FFEC35F4? 30210038  addic   r1, r1, 0x38
FFEC35F8? 7C0803A6  mtspr   LR, r0
FFEC35FC? 4E800020  blr
FFEC3600? 7C0802A6  mfspr   r0, LR
FFEC3604? 90010008  stw     r0, 0x8(r1)
FFEC3608? 9421FFC8  stwu    r1, -0x38(r1)
FFEC360C? 4BFF8EC1  bl      sub_FFEBC4CC
FFEC3610? 60000000  nop
FFEC3614? 48001559  bl      sub_FFEC4B6C
FFEC3618? 80410014  lwz     r2, 0x14(r1)
FFEC361C? 818301B4  lwz     r12, 0x1B4(r3)
FFEC3620? 388000F1  li      r4, 0xF1
FFEC3624? 818C0028  lwz     r12, 0x28(r12)
FFEC3628? 806C0010  lwz     r3, 0x10(r12)
FFEC362C? 80AC0000  lwz     r5, 0x0(r12)
FFEC3630? 480014AD  bl      sub_FFEC4ADC
FFEC3634? 80410014  lwz     r2, 0x14(r1)
FFEC3638? 4BFF8D91  bl      sub_FFEBC3C8
FFEC363C? 60000000  nop
FFEC3640? 80010040  lwz     r0, 0x40(r1)
FFEC3644? 30210038  addic   r1, r1, 0x38
FFEC3648? 7C0803A6  mtspr   LR, r0
FFEC364C? 4E800020  blr
FFEC3650? 7C0802A6  mfspr   r0, LR
FFEC3654? 90010008  stw     r0, 0x8(r1)
FFEC3658? 9421FFC8  stwu    r1, -0x38(r1)
FFEC365C? 4BFF8E71  bl      sub_FFEBC4CC
FFEC3660? 60000000  nop
FFEC3664? 48001509  bl      sub_FFEC4B6C
FFEC3668? 80410014  lwz     r2, 0x14(r1)
FFEC366C? 818301B4  lwz     r12, 0x1B4(r3)
FFEC3670? 388000F1  li      r4, 0xF1
FFEC3674? 818C002C  lwz     r12, 0x2C(r12)
FFEC3678? 806C0010  lwz     r3, 0x10(r12)
FFEC367C? 80AC0000  lwz     r5, 0x0(r12)
FFEC3680? 4800145D  bl      sub_FFEC4ADC
FFEC3684? 80410014  lwz     r2, 0x14(r1)
FFEC3688? 4BFF8D41  bl      sub_FFEBC3C8
FFEC368C? 60000000  nop
FFEC3690? 80010040  lwz     r0, 0x40(r1)
FFEC3694? 30210038  addic   r1, r1, 0x38
FFEC3698? 7C0803A6  mtspr   LR, r0
FFEC369C? 4E800020  blr
FFEC36A0? 7C0802A6  mfspr   r0, LR
FFEC36A4? 90010008  stw     r0, 0x8(r1)
FFEC36A8? 9421FFC8  stwu    r1, -0x38(r1)
FFEC36AC? 4BFF8E21  bl      sub_FFEBC4CC
FFEC36B0? 60000000  nop
FFEC36B4? 480014B9  bl      sub_FFEC4B6C
FFEC36B8? 80410014  lwz     r2, 0x14(r1)
FFEC36BC? 818301B4  lwz     r12, 0x1B4(r3)
FFEC36C0? 388000F1  li      r4, 0xF1
FFEC36C4? 818C0030  lwz     r12, 0x30(r12)
FFEC36C8? 806C0010  lwz     r3, 0x10(r12)
FFEC36CC? 80AC0000  lwz     r5, 0x0(r12)
FFEC36D0? 4800140D  bl      sub_FFEC4ADC
FFEC36D4? 80410014  lwz     r2, 0x14(r1)
FFEC36D8? 4BFF8CF1  bl      sub_FFEBC3C8
FFEC36DC? 60000000  nop
FFEC36E0? 80010040  lwz     r0, 0x40(r1)
FFEC36E4? 30210038  addic   r1, r1, 0x38
FFEC36E8? 7C0803A6  mtspr   LR, r0
FFEC36EC? 4E800020  blr
FFEC36F0? 7C0802A6  mfspr   r0, LR
FFEC36F4? 90010008  stw     r0, 0x8(r1)
FFEC36F8? 9421FFC8  stwu    r1, -0x38(r1)
FFEC36FC? 4BFF8DD1  bl      sub_FFEBC4CC
FFEC3700? 60000000  nop
FFEC3704? 48001469  bl      sub_FFEC4B6C
FFEC3708? 80410014  lwz     r2, 0x14(r1)
FFEC370C? 818301B4  lwz     r12, 0x1B4(r3)
FFEC3710? 388000F1  li      r4, 0xF1
FFEC3714? 818C0034  lwz     r12, 0x34(r12)
FFEC3718? 806C0010  lwz     r3, 0x10(r12)
FFEC371C? 80AC0000  lwz     r5, 0x0(r12)
FFEC3720? 480013BD  bl      sub_FFEC4ADC
FFEC3724? 80410014  lwz     r2, 0x14(r1)
FFEC3728? 4BFF8CA1  bl      sub_FFEBC3C8
FFEC372C? 60000000  nop
FFEC3730? 80010040  lwz     r0, 0x40(r1)
FFEC3734? 30210038  addic   r1, r1, 0x38
FFEC3738? 7C0803A6  mtspr   LR, r0
FFEC373C? 4E800020  blr
FFEC3740? 7C0802A6  mfspr   r0, LR
FFEC3744? 90010008  stw     r0, 0x8(r1)
FFEC3748? 9421FFC8  stwu    r1, -0x38(r1)
FFEC374C? 4BFF8D81  bl      sub_FFEBC4CC
FFEC3750? 60000000  nop
FFEC3754? 48001419  bl      sub_FFEC4B6C
FFEC3758? 80410014  lwz     r2, 0x14(r1)
FFEC375C? 818301B4  lwz     r12, 0x1B4(r3)
FFEC3760? 388000F1  li      r4, 0xF1
FFEC3764? 818C0038  lwz     r12, 0x38(r12)
FFEC3768? 806C0010  lwz     r3, 0x10(r12)
FFEC376C? 80AC0000  lwz     r5, 0x0(r12)
FFEC3770? 4800136D  bl      sub_FFEC4ADC
FFEC3774? 80410014  lwz     r2, 0x14(r1)
FFEC3778? 4BFF8C51  bl      sub_FFEBC3C8
FFEC377C? 60000000  nop
FFEC3780? 80010040  lwz     r0, 0x40(r1)
FFEC3784? 30210038  addic   r1, r1, 0x38
FFEC3788? 7C0803A6  mtspr   LR, r0
FFEC378C? 4E800020  blr
FFEC3790? 7C0802A6  mfspr   r0, LR
FFEC3794? 90010008  stw     r0, 0x8(r1)
FFEC3798? 9421FFC8  stwu    r1, -0x38(r1)
FFEC379C? 4BFF8D31  bl      sub_FFEBC4CC
FFEC37A0? 60000000  nop
FFEC37A4? 480013C9  bl      sub_FFEC4B6C
FFEC37A8? 80410014  lwz     r2, 0x14(r1)
FFEC37AC? 818301B4  lwz     r12, 0x1B4(r3)
FFEC37B0? 388000F1  li      r4, 0xF1
FFEC37B4? 818C003C  lwz     r12, 0x3C(r12)
FFEC37B8? 806C0010  lwz     r3, 0x10(r12)
FFEC37BC? 80AC0000  lwz     r5, 0x0(r12)
FFEC37C0? 4800131D  bl      sub_FFEC4ADC
FFEC37C4? 80410014  lwz     r2, 0x14(r1)
FFEC37C8? 4BFF8C01  bl      sub_FFEBC3C8
FFEC37CC? 60000000  nop
FFEC37D0? 80010040  lwz     r0, 0x40(r1)
FFEC37D4? 30210038  addic   r1, r1, 0x38
FFEC37D8? 7C0803A6  mtspr   LR, r0
FFEC37DC? 4E800020  blr

sub_FFEC37E0:
FFEC37E0  7C0802A6  mfspr   r0, LR
FFEC37E4  BF21FFE4  stmw    r25, -0x1C(r1)
FFEC37E8  90010008  stw     r0, 0x8(r1)
FFEC37EC  9421FFA8  stwu    r1, -0x58(r1)
FFEC37F0  5484063F  clrlwi. r4, r4, 24
FFEC37F4  607D0000  ori     r29, r3, 0x0
FFEC37F8  3BC00007  li      r30, 0x7
FFEC37FC  3B80FFFF  li      r28, -0x1
FFEC3800  3B600000  li      r27, 0x0
FFEC3804  3B400001  li      r26, 0x1
FFEC3808  4182007C  beq     loc_FFEC3884
FFEC380C  48001361  bl      sub_FFEC4B6C
FFEC3810  80410014  lwz     r2, 0x14(r1)
FFEC3814  8B2301CC  lbz     r25, 0x1CC(r3)
FFEC3818  48001355  bl      sub_FFEC4B6C
FFEC381C  80410014  lwz     r2, 0x14(r1)
FFEC3820  890301D0  lbz     r8, 0x1D0(r3)
FFEC3824  38E00001  li      r7, 0x1
FFEC3828  4800001C  b       loc_FFEC3844
loc_FFEC382C:
FFEC382C  80010060  lwz     r0, 0x60(r1)
FFEC3830  30210058  addic   r1, r1, 0x58
FFEC3834  7C0803A6  mtspr   LR, r0
FFEC3838  BB21FFE4  lmw     r25, -0x1C(r1)
FFEC383C  4E800020  blr
loc_FFEC3840:
FFEC3840  4180FFEC  blt     loc_FFEC382C
loc_FFEC3844:
FFEC3844  7F49F030  slw     r9, r26, r30
FFEC3848  7D24C839  and.    r4, r9, r25
FFEC384C  57C3083C  slwi    r3, r30, 1
FFEC3850  7FE3E814  addc    r31, r3, r29
FFEC3854  4182000C  beq     loc_FFEC3860
FFEC3858  B37F0050  sth     r27, 0x50(r31)
FFEC385C  48000018  b       loc_FFEC3874
loc_FFEC3860:
FFEC3860  7D034839  and.    r3, r8, r9
FFEC3864  4182000C  beq     loc_FFEC3870
FFEC3868  B0FF0050  sth     r7, 0x50(r31)
FFEC386C  48000008  b       loc_FFEC3874
loc_FFEC3870:
FFEC3870  B39F0050  sth     r28, 0x50(r31)
loc_FFEC3874:
FFEC3874  307EFFFF  addic   r3, r30, -0x1
FFEC3878  7C7E0734  extsh   r30, r3
FFEC387C  2C1E0000  cmpwi   cr0, r30, 0x0
FFEC3880  4BFFFFC0  b       loc_FFEC3840
loc_FFEC3884:
FFEC3884  48000008  b       loc_FFEC388C
loc_FFEC3888:
FFEC3888  41800040  blt     loc_FFEC38C8
loc_FFEC388C:
FFEC388C  57C3083C  slwi    r3, r30, 1
FFEC3890  7FE3E814  addc    r31, r3, r29
FFEC3894  7F59F030  slw     r25, r26, r30
FFEC3898  4800128D  bl      sub_FFEC4B24
FFEC389C  80410014  lwz     r2, 0x14(r1)
FFEC38A0  7C634670  srawi   r3, r3, 0x8
FFEC38A4  7C60C839  and.    r0, r3, r25
FFEC38A8  4182000C  beq     loc_FFEC38B4
FFEC38AC  B37F0050  sth     r27, 0x50(r31)
FFEC38B0  48000008  b       loc_FFEC38B8
loc_FFEC38B4:
FFEC38B4  B39F0050  sth     r28, 0x50(r31)
loc_FFEC38B8:
FFEC38B8  307EFFFF  addic   r3, r30, -0x1
FFEC38BC  7C7E0734  extsh   r30, r3
FFEC38C0  2C1E0000  cmpwi   cr0, r30, 0x0
FFEC38C4  4BFFFFC4  b       loc_FFEC3888
loc_FFEC38C8:
FFEC38C8  80010060  lwz     r0, 0x60(r1)
FFEC38CC  30210058  addic   r1, r1, 0x58
FFEC38D0  7C0803A6  mtspr   LR, r0
FFEC38D4  BB21FFE4  lmw     r25, -0x1C(r1)
FFEC38D8  4E800020  blr

sub_FFEC38DC:
FFEC38DC* 7C0802A6  mfspr   r0, LR
FFEC38E0* BFC1FFF8  stmw    r30, -0x8(r1)
FFEC38E4* 90010008  stw     r0, 0x8(r1)
FFEC38E8* 9421FFC0  stwu    r1, -0x40(r1)
FFEC38EC* 609F0000  ori     r31, r4, 0x0
FFEC38F0* 607E0000  ori     r30, r3, 0x0
FFEC38F4* 48001189  bl      sub_FFEC4A7C
FFEC38F8* 80410014  lwz     r2, 0x14(r1)
FFEC38FC* 60690000  ori     r9, r3, 0x0
FFEC3900* 2C090000  cmpwi   cr0, r9, 0x0
FFEC3904* 4082001C  bne     loc_FFEC3920
FFEC3908  3860FF94  li      r3, -0x6C
FFEC390C  80010048  lwz     r0, 0x48(r1)
FFEC3910  30210040  addic   r1, r1, 0x40
FFEC3914  7C0803A6  mtspr   LR, r0
FFEC3918  BBC1FFF8  lmw     r30, -0x8(r1)
FFEC391C  4E800020  blr
loc_FFEC3920:
FFEC3920* 57C3043E  clrlwi  r3, r30, 16
FFEC3924* 913F0068  stw     r9, 0x68(r31)
FFEC3928* B07F006C  sth     r3, 0x6C(r31)
FFEC392C* 38800084  li      r4, 0x84
FFEC3930* 98890008  stb     r4, 0x8(r9)
FFEC3934* B0690006  sth     r3, 0x6(r9)
FFEC3938* 3CA00104  lis     r5, 0x0104
FFEC393C* 90A90014  stw     r5, 0x14(r9)
FFEC3940* 38C00002  li      r6, 0x2
FFEC3944* B0C9005E  sth     r6, 0x5E(r9)
FFEC3948* 38E00001  li      r7, 0x1
FFEC394C* 98E90066  stb     r7, 0x66(r9)
FFEC3950* 39000008  li      r8, 0x8
FFEC3954* B109009C  sth     r8, 0x9C(r9)
FFEC3958* 38600000  li      r3, 0x0
FFEC395C* 80010048  lwz     r0, 0x48(r1)
FFEC3960* 30210040  addic   r1, r1, 0x40
FFEC3964* 7C0803A6  mtspr   LR, r0
FFEC3968* BBC1FFF8  lmw     r30, -0x8(r1)
FFEC396C* 4E800020  blr
FFEC3970? 7C0802A6  mfspr   r0, LR
FFEC3974? 90010008  stw     r0, 0x8(r1)
FFEC3978? 9421FFC8  stwu    r1, -0x38(r1)
FFEC397C? 480011F1  bl      sub_FFEC4B6C
FFEC3980? 80410014  lwz     r2, 0x14(r1)
FFEC3984? 606C0000  ori     r12, r3, 0x0
FFEC3988? 806C00E0  lwz     r3, 0xE0(r12)
FFEC398C? 38800021  li      r4, 0x21
FFEC3990? 30630028  addic   r3, r3, 0x28
FFEC3994? 48001149  bl      sub_FFEC4ADC
FFEC3998? 80410014  lwz     r2, 0x14(r1)
FFEC399C? 7C630734  extsh   r3, r3
FFEC39A0? 80010040  lwz     r0, 0x40(r1)
FFEC39A4? 30210038  addic   r1, r1, 0x38
FFEC39A8? 7C0803A6  mtspr   LR, r0
FFEC39AC? 4E800020  blr
FFEC39B0? 7C0802A6  mfspr   r0, LR
FFEC39B4? BF01FFE0  stmw    r24, -0x20(r1)
FFEC39B8? 90010008  stw     r0, 0x8(r1)
FFEC39BC? 9421FF80  stwu    r1, -0x80(r1)
FFEC39C0? 3BE00000  li      r31, 0x0
FFEC39C4? 33A10038  addic   r29, r1, 0x38
FFEC39C8? 63F80000  ori     r24, r31, 0x0
FFEC39CC? 3B800024  li      r28, 0x24
FFEC39D0? 3B600011  li      r27, 0x11
FFEC39D4? 3B400024  li      r26, 0x24
FFEC39D8? 48001195  bl      sub_FFEC4B6C
FFEC39DC? 80410014  lwz     r2, 0x14(r1)
FFEC39E0? 83C301B4  lwz     r30, 0x1B4(r3)
FFEC39E4? 3F200004  lis     r25, 0x0004
FFEC39E8? A81E0044  lha     r0, 0x44(r30)
FFEC39EC? 2F000000  cmpwi   cr6, r0, 0x0
loc_FFEC39F0:
FFEC39F0? 40990064  ble     cr6, loc_FFEC3A54
FFEC39F4? 57E5103A  slwi    r5, r31, 2
FFEC39F8? 7D3E282E  lwzx    r9, r30, r5
FFEC39FC? 2C090000  cmpwi   cr0, r9, 0x0
FFEC3A00? 41820040  beq     loc_FFEC3A40
FFEC3A04? 88A9001E  lbz     r5, 0x1E(r9)
FFEC3A08? 2C050000  cmpwi   cr0, r5, 0x0
FFEC3A0C? 41820034  beq     loc_FFEC3A40
FFEC3A10? 63A30000  ori     r3, r29, 0x0
FFEC3A14? 63840000  ori     r4, r28, 0x0
FFEC3A18? 4BFFDB51  bl      sub_FFEC1568
FFEC3A1C? 60000000  nop
FFEC3A20? 9B7D0008  stb     r27, 0x8(r29)
FFEC3A24? B35D0006  sth     r26, 0x6(r29)
FFEC3A28? 933D0014  stw     r25, 0x14(r29)
FFEC3A2C? 63C40000  ori     r4, r30, 0x0
FFEC3A30? 63A30000  ori     r3, r29, 0x0
FFEC3A34? 9BFD000D  stb     r31, 0xD(r29)
FFEC3A38? 4BFFE311  bl      sub_FFEC1D48
FFEC3A3C? 60000000  nop
loc_FFEC3A40:
FFEC3A40? 30BF0001  addic   r5, r31, 0x1
FFEC3A44? A8DE0044  lha     r6, 0x44(r30)
FFEC3A48? 7CBF0734  extsh   r31, r5
FFEC3A4C? 7F06F800  cmpw    cr6, r6, r31
FFEC3A50? 4BFFFFA0  b       loc_FFEC39F0
loc_FFEC3A54:
FFEC3A54? 38800000  li      r4, 0x0
FFEC3A58? B09E0060  sth     r4, 0x60(r30)
FFEC3A5C? 309E0048  addic   r4, r30, 0x48
FFEC3A60? 38600000  li      r3, 0x0
FFEC3A64? 4BFFD6CD  bl      sub_FFEC1130
FFEC3A68? 60000000  nop
FFEC3A6C? 48001101  bl      sub_FFEC4B6C
FFEC3A70? 80410014  lwz     r2, 0x14(r1)
FFEC3A74? A3E3009E  lhz     r31, 0x9E(r3)
FFEC3A78? 2C1F7077  cmpwi   cr0, r31, 0x7077
FFEC3A7C? 4082000C  bne     loc_FFEC3A88
FFEC3A80? 4BFF8881  bl      sub_FFEBC300
FFEC3A84? 60000000  nop
loc_FFEC3A88:
FFEC3A88? 63030000  ori     r3, r24, 0x0
FFEC3A8C? 80010088  lwz     r0, 0x88(r1)
FFEC3A90? 30210080  addic   r1, r1, 0x80
FFEC3A94? 7C0803A6  mtspr   LR, r0
FFEC3A98? BB01FFE0  lmw     r24, -0x20(r1)
FFEC3A9C? 4E800020  blr

sub_FFEC3AA0:
FFEC3AA0? 7C630734  extsh   r3, r3
FFEC3AA4? 2C030008  cmpwi   cr0, r3, 0x8
FFEC3AA8? 40800014  bge     loc_FFEC3ABC
FFEC3AAC? 5464103A  slwi    r4, r3, 2
FFEC3AB0? 30840060  addic   r4, r4, 0x60
FFEC3AB4? 7C830734  extsh   r3, r4
FFEC3AB8? 4E800020  blr
loc_FFEC3ABC:
FFEC3ABC? 7C0802A6  mfspr   r0, LR
FFEC3AC0? 90010008  stw     r0, 0x8(r1)
FFEC3AC4? 9421FFC8  stwu    r1, -0x38(r1)
FFEC3AC8? 3083FFF8  addic   r4, r3, -0x8
FFEC3ACC? 28040003  cmplwi  cr0, r4, 0x3
FFEC3AD0? 80A2FDE8  lwz     r5, -0x218(r2)
FFEC3AD4? 4181006C  bgt     loc_FFEC3B40
FFEC3AD8? 5486103A  slwi    r6, r4, 2
FFEC3ADC? 7CC5302E  lwzx    r6, r5, r6
FFEC3AE0? 7CC53014  addc    r6, r5, r6
FFEC3AE4? 7CC803A6  mtspr   LR, r6
FFEC3AE8? 4E800020  blr
FFEC3AEC? 38600000  li      r3, 0x0
FFEC3AF0? 80010040  lwz     r0, 0x40(r1)
FFEC3AF4? 30210038  addic   r1, r1, 0x38
FFEC3AF8? 7C0803A6  mtspr   LR, r0
FFEC3AFC? 4E800020  blr
FFEC3B00? 38600040  li      r3, 0x40
FFEC3B04? 80010040  lwz     r0, 0x40(r1)
FFEC3B08? 30210038  addic   r1, r1, 0x38
FFEC3B0C? 7C0803A6  mtspr   LR, r0
FFEC3B10? 4E800020  blr
FFEC3B14? 38600002  li      r3, 0x2
FFEC3B18? 80010040  lwz     r0, 0x40(r1)
FFEC3B1C? 30210038  addic   r1, r1, 0x38
FFEC3B20? 7C0803A6  mtspr   LR, r0
FFEC3B24? 4E800020  blr
FFEC3B28? 38600007  li      r3, 0x7
FFEC3B2C? 4BFFFF75  bl      sub_FFEC3AA0
FFEC3B30? 60000000  nop
FFEC3B34? 60600000  ori     r0, r3, 0x0
FFEC3B38? 306000E0  addic   r3, r0, 0xE0
FFEC3B3C? 7C630734  extsh   r3, r3
loc_FFEC3B40:
FFEC3B40? 80010040  lwz     r0, 0x40(r1)
FFEC3B44? 30210038  addic   r1, r1, 0x38
FFEC3B48? 7C0803A6  mtspr   LR, r0
FFEC3B4C? 4E800020  blr
FFEC3B50d FFFFFF9C  .long   0xFFFFFF9C                         ; -> 68k emulator opcode dispatch table
FFEC3B54d FFFFFFB0  .long   0xFFFFFFB0                         ; -> 68k emulator opcode dispatch table
FFEC3B58d FFFFFFC4  .long   0xFFFFFFC4                         ; -> 68k emulator opcode dispatch table
FFEC3B5Cd FFFFFFD8  .long   0xFFFFFFD8                         ; -> 68k emulator opcode dispatch table
FFEC3B60d FFFFFFF0  .long   0xFFFFFFF0                         ; -> 68k emulator opcode dispatch table
FFEC3B64? 7C0802A6  mfspr   r0, LR
FFEC3B68? BFA1FFF4  stmw    r29, -0xC(r1)
FFEC3B6C? 90010008  stw     r0, 0x8(r1)
FFEC3B70? 9421FFB8  stwu    r1, -0x48(r1)
FFEC3B74? 48000FF9  bl      sub_FFEC4B6C
FFEC3B78? 80410014  lwz     r2, 0x14(r1)
FFEC3B7C? 812301B4  lwz     r9, 0x1B4(r3)
FFEC3B80? 83C2FDEC  lwz     r30, -0x214(r2)
FFEC3B84? A3E90060  lhz     r31, 0x60(r9)
FFEC3B88? 81090068  lwz     r8, 0x68(r9)
FFEC3B8C? 281F0004  cmplwi  cr0, r31, 0x4
FFEC3B90? 418100DC  bgt     loc_FFEC3C6C
FFEC3B94? 57FD103A  slwi    r29, r31, 2
FFEC3B98? 7FBEE82E  lwzx    r29, r30, r29
FFEC3B9C? 7FBEE814  addc    r29, r30, r29
FFEC3BA0? 7FA803A6  mtspr   LR, r29
FFEC3BA4? 4E800020  blr
FFEC3BA8? 88690048  lbz     r3, 0x48(r9)
FFEC3BAC? 54630631  rlwinm. r3, r3, 0, 24, 24
FFEC3BB0? 40820010  bne     loc_FFEC3BC0
FFEC3BB4? A8690046  lha     r3, 0x46(r9)
FFEC3BB8? 2C030000  cmpwi   cr0, r3, 0x0
FFEC3BBC? 4182001C  beq     loc_FFEC3BD8
loc_FFEC3BC0:
FFEC3BC0? 38600040  li      r3, 0x40
FFEC3BC4? 80010050  lwz     r0, 0x50(r1)
FFEC3BC8? 30210048  addic   r1, r1, 0x48
FFEC3BCC? 7C0803A6  mtspr   LR, r0
FFEC3BD0? BBA1FFF4  lmw     r29, -0xC(r1)
FFEC3BD4? 4E800020  blr
loc_FFEC3BD8:
FFEC3BD8? 38600000  li      r3, 0x0
FFEC3BDC? 80010050  lwz     r0, 0x50(r1)
FFEC3BE0? 30210048  addic   r1, r1, 0x48
FFEC3BE4? 7C0803A6  mtspr   LR, r0
FFEC3BE8? BBA1FFF4  lmw     r29, -0xC(r1)
FFEC3BEC? 4E800020  blr
FFEC3BF0? 38600042  li      r3, 0x42
FFEC3BF4? 80010050  lwz     r0, 0x50(r1)
FFEC3BF8? 30210048  addic   r1, r1, 0x48
FFEC3BFC? 7C0803A6  mtspr   LR, r0
FFEC3C00? BBA1FFF4  lmw     r29, -0xC(r1)
FFEC3C04? 4E800020  blr
FFEC3C08? 38600002  li      r3, 0x2
FFEC3C0C? 80010050  lwz     r0, 0x50(r1)
FFEC3C10? 30210048  addic   r1, r1, 0x48
FFEC3C14? 7C0803A6  mtspr   LR, r0
FFEC3C18? BBA1FFF4  lmw     r29, -0xC(r1)
FFEC3C1C? 4E800020  blr
FFEC3C20? A86800A0  lha     r3, 0xA0(r8)
FFEC3C24? 2C030001  cmpwi   cr0, r3, 0x1
FFEC3C28? 40820024  bne     loc_FFEC3C4C
FFEC3C2C? 3860FFE2  li      r3, -0x1E
FFEC3C30? 4BFFFE71  bl      sub_FFEC3AA0
FFEC3C34? 60000000  nop
FFEC3C38? 80010050  lwz     r0, 0x50(r1)
FFEC3C3C? 30210048  addic   r1, r1, 0x48
FFEC3C40? 7C0803A6  mtspr   LR, r0
FFEC3C44? BBA1FFF4  lmw     r29, -0xC(r1)
FFEC3C48? 4E800020  blr
loc_FFEC3C4C:
FFEC3C4C? 38600003  li      r3, 0x3
FFEC3C50? B0690060  sth     r3, 0x60(r9)
FFEC3C54? A088009C  lhz     r4, 0x9C(r8)
FFEC3C58? 7C840734  extsh   r4, r4
FFEC3C5C? B0890062  sth     r4, 0x62(r9)
FFEC3C60? A8690062  lha     r3, 0x62(r9)
FFEC3C64? 4BFFFE3D  bl      sub_FFEC3AA0
FFEC3C68? 60000000  nop
loc_FFEC3C6C:
FFEC3C6C? 80010050  lwz     r0, 0x50(r1)
FFEC3C70? 30210048  addic   r1, r1, 0x48
FFEC3C74? 7C0803A6  mtspr   LR, r0
FFEC3C78? BBA1FFF4  lmw     r29, -0xC(r1)
FFEC3C7C? 4E800020  blr
FFEC3C80d FFFFFF28  .long   0xFFFFFF28                         ; -> 68k emulator opcode dispatch table
FFEC3C84d FFFFFF70  .long   0xFFFFFF70                         ; -> 68k emulator opcode dispatch table
FFEC3C88d FFFFFF88  .long   0xFFFFFF88                         ; -> 68k emulator opcode dispatch table
FFEC3C8Cd FFFFFFE0  .long   0xFFFFFFE0                         ; -> 68k emulator opcode dispatch table
FFEC3C90d FFFFFFA0  .long   0xFFFFFFA0                         ; -> 68k emulator opcode dispatch table
FFEC3C94d FFFFFFEC  .long   0xFFFFFFEC                         ; -> 68k emulator opcode dispatch table
FFEC3C98? 7C0802A6  mfspr   r0, LR
FFEC3C9C? BF81FFF0  stmw    r28, -0x10(r1)
FFEC3CA0? 90010008  stw     r0, 0x8(r1)
FFEC3CA4? 9421FFB8  stwu    r1, -0x48(r1)
FFEC3CA8? 3B800000  li      r28, 0x0
FFEC3CAC? 48000EC1  bl      sub_FFEC4B6C
FFEC3CB0? 80410014  lwz     r2, 0x14(r1)
FFEC3CB4? 83E301B4  lwz     r31, 0x1B4(r3)
FFEC3CB8? 38600001  li      r3, 0x1
FFEC3CBC? 83DF0068  lwz     r30, 0x68(r31)
FFEC3CC0? 309F0048  addic   r4, r31, 0x48
FFEC3CC4? 4BFFD425  bl      sub_FFEC10E8
FFEC3CC8? 60000000  nop
FFEC3CCC? 2C030000  cmpwi   cr0, r3, 0x0
FFEC3CD0? 4182001C  beq     loc_FFEC3CEC
FFEC3CD4? 38600008  li      r3, 0x8
FFEC3CD8? 80010050  lwz     r0, 0x50(r1)
FFEC3CDC? 30210048  addic   r1, r1, 0x48
FFEC3CE0? 7C0803A6  mtspr   LR, r0
FFEC3CE4? BB81FFF0  lmw     r28, -0x10(r1)
FFEC3CE8? 4E800020  blr
loc_FFEC3CEC:
FFEC3CEC? 309F0048  addic   r4, r31, 0x48
FFEC3CF0? 38600000  li      r3, 0x0
FFEC3CF4? 609D0000  ori     r29, r4, 0x0
FFEC3CF8? 4BFFD3F1  bl      sub_FFEC10E8
FFEC3CFC? 60000000  nop
FFEC3D00? 60690000  ori     r9, r3, 0x0
FFEC3D04? 2C090000  cmpwi   cr0, r9, 0x0
FFEC3D08? 40820010  bne     loc_FFEC3D18
FFEC3D0C? A87F0046  lha     r3, 0x46(r31)
FFEC3D10? 2C030000  cmpwi   cr0, r3, 0x0
FFEC3D14? 41820024  beq     loc_FFEC3D38
loc_FFEC3D18:
FFEC3D18? 2C090000  cmpwi   cr0, r9, 0x0
FFEC3D1C? 3BE00007  li      r31, 0x7
FFEC3D20? 40820034  bne     loc_FFEC3D54
FFEC3D24? 63A40000  ori     r4, r29, 0x0
FFEC3D28? 38600000  li      r3, 0x0
FFEC3D2C? 4BFFD405  bl      sub_FFEC1130
FFEC3D30? 60000000  nop
FFEC3D34? 48000020  b       loc_FFEC3D54
loc_FFEC3D38:
FFEC3D38? 38600001  li      r3, 0x1
FFEC3D3C? 38800000  li      r4, 0x0
FFEC3D40? B07F0060  sth     r3, 0x60(r31)
FFEC3D44? B09F0062  sth     r4, 0x62(r31)
FFEC3D48? B09E00A0  sth     r4, 0xA0(r30)
FFEC3D4C? 939E0054  stw     r28, 0x54(r30)
FFEC3D50? 609F0000  ori     r31, r4, 0x0
loc_FFEC3D54:
FFEC3D54? 63A40000  ori     r4, r29, 0x0
FFEC3D58? 38600001  li      r3, 0x1
FFEC3D5C? 4BFFD3D5  bl      sub_FFEC1130
FFEC3D60? 60000000  nop
FFEC3D64? 63E30000  ori     r3, r31, 0x0
FFEC3D68? 80010050  lwz     r0, 0x50(r1)
FFEC3D6C? 30210048  addic   r1, r1, 0x48
FFEC3D70? 7C0803A6  mtspr   LR, r0
FFEC3D74? BB81FFF0  lmw     r28, -0x10(r1)
FFEC3D78? 4E800020  blr
FFEC3D7C? 7C0802A6  mfspr   r0, LR
FFEC3D80? BF01FFE0  stmw    r24, -0x20(r1)
FFEC3D84? 90010008  stw     r0, 0x8(r1)
FFEC3D88? 9421FFA8  stwu    r1, -0x58(r1)
FFEC3D8C? 7C9D0734  extsh   r29, r4
FFEC3D90? 7C7C0734  extsh   r28, r3
FFEC3D94? 3B600000  li      r27, 0x0
FFEC3D98? 48000DD5  bl      sub_FFEC4B6C
FFEC3D9C? 80410014  lwz     r2, 0x14(r1)
FFEC3DA0? 83C301B4  lwz     r30, 0x1B4(r3)
FFEC3DA4? 38600001  li      r3, 0x1
FFEC3DA8? 83FE0068  lwz     r31, 0x68(r30)
FFEC3DAC? 309E0048  addic   r4, r30, 0x48
FFEC3DB0? 4BFFD339  bl      sub_FFEC10E8
FFEC3DB4? 60000000  nop
FFEC3DB8? 2C030000  cmpwi   cr0, r3, 0x0
FFEC3DBC? 4182001C  beq     loc_FFEC3DD8
FFEC3DC0? 38600008  li      r3, 0x8
FFEC3DC4? 80010060  lwz     r0, 0x60(r1)
FFEC3DC8? 30210058  addic   r1, r1, 0x58
FFEC3DCC? 7C0803A6  mtspr   LR, r0
FFEC3DD0? BB01FFE0  lmw     r24, -0x20(r1)
FFEC3DD4? 4E800020  blr
loc_FFEC3DD8:
FFEC3DD8? 309E0048  addic   r4, r30, 0x48
FFEC3DDC? 38600000  li      r3, 0x0
FFEC3DE0? 609A0000  ori     r26, r4, 0x0
FFEC3DE4? 3B200002  li      r25, 0x2
FFEC3DE8? 4BFFD301  bl      sub_FFEC10E8
FFEC3DEC? 60000000  nop
FFEC3DF0? B33E0060  sth     r25, 0x60(r30)
FFEC3DF4? 2C1D0000  cmpwi   cr0, r29, 0x0
FFEC3DF8? 4180000C  blt     loc_FFEC3E04
FFEC3DFC? 2C1D0006  cmpwi   cr0, r29, 0x6
FFEC3E00? 4081007C  ble     loc_FFEC3E7C
loc_FFEC3E04:
FFEC3E04? 63440000  ori     r4, r26, 0x0
FFEC3E08? 38600001  li      r3, 0x1
FFEC3E0C? 3BE00000  li      r31, 0x0
FFEC3E10? 4BFFD321  bl      sub_FFEC1130
FFEC3E14? 60000000  nop
FFEC3E18? B3FE0060  sth     r31, 0x60(r30)
FFEC3E1C? 63440000  ori     r4, r26, 0x0
FFEC3E20? 38600000  li      r3, 0x0
FFEC3E24? 4BFFD30D  bl      sub_FFEC1130
FFEC3E28? 60000000  nop
FFEC3E2C? 48000D41  bl      sub_FFEC4B6C
FFEC3E30? 80410014  lwz     r2, 0x14(r1)
FFEC3E34? A3A3009E  lhz     r29, 0x9E(r3)
FFEC3E38? 39200004  li      r9, 0x4
FFEC3E3C? 2C1D7077  cmpwi   cr0, r29, 0x7077
FFEC3E40? 40820024  bne     loc_FFEC3E64
FFEC3E44? 4BFF84BD  bl      sub_FFEBC300
FFEC3E48? 60000000  nop
FFEC3E4C? 38600004  li      r3, 0x4
FFEC3E50? 80010060  lwz     r0, 0x60(r1)
FFEC3E54? 30210058  addic   r1, r1, 0x58
FFEC3E58? 7C0803A6  mtspr   LR, r0
FFEC3E5C? BB01FFE0  lmw     r24, -0x20(r1)
FFEC3E60? 4E800020  blr
loc_FFEC3E64:
FFEC3E64? 61230000  ori     r3, r9, 0x0
FFEC3E68? 80010060  lwz     r0, 0x60(r1)
FFEC3E6C? 30210058  addic   r1, r1, 0x58
FFEC3E70? 7C0803A6  mtspr   LR, r0
FFEC3E74? BB01FFE0  lmw     r24, -0x20(r1)
FFEC3E78? 4E800020  blr
loc_FFEC3E7C:
FFEC3E7C? 9BBF000E  stb     r29, 0xE(r31)
FFEC3E80? 57A5083C  slwi    r5, r29, 1
FFEC3E84? B39F009E  sth     r28, 0x9E(r31)
FFEC3E88? 7F1E2814  addc    r24, r30, r5
FFEC3E8C? AB980050  lha     r28, 0x50(r24)
FFEC3E90? 2C1C0000  cmpwi   cr0, r28, 0x0
FFEC3E94? 408000AC  bge     loc_FFEC3F40
FFEC3E98? 637C0000  ori     r28, r27, 0x0
FFEC3E9C? A93E0044  lha     r9, 0x44(r30)
FFEC3EA0? 3B200000  li      r25, 0x0
FFEC3EA4? 7C09E000  cmpw    r9, r28
loc_FFEC3EA8:
FFEC3EA8? 40810080  ble     loc_FFEC3F28
FFEC3EAC? 5785103A  slwi    r5, r28, 2
FFEC3EB0? 7CDE282E  lwzx    r6, r30, r5
FFEC3EB4? 88E6001E  lbz     r7, 0x1E(r6)
FFEC3EB8? 2C070000  cmpwi   cr0, r7, 0x0
FFEC3EBC? 4182005C  beq     loc_FFEC3F18
FFEC3EC0? 579D063E  clrlwi  r29, r28, 24
loc_FFEC3EC4:
FFEC3EC4? 41820050  beq     loc_FFEC3F14
FFEC3EC8? 9BBF000D  stb     r29, 0xD(r31)
FFEC3ECC? 63E30000  ori     r3, r31, 0x0
FFEC3ED0? 63C40000  ori     r4, r30, 0x0
FFEC3ED4? 4BFFDE75  bl      sub_FFEC1D48
FFEC3ED8? 60000000  nop
FFEC3EDC? 48000008  b       loc_FFEC3EE4
loc_FFEC3EE0:
FFEC3EE0? 4082001C  bne     loc_FFEC3EFC
loc_FFEC3EE4:
FFEC3EE4? 63C30000  ori     r3, r30, 0x0
FFEC3EE8? 4BFFDED5  bl      sub_FFEC1DBC
FFEC3EEC? 60000000  nop
FFEC3EF0? A93F00A0  lha     r9, 0xA0(r31)
FFEC3EF4? 2C090001  cmpwi   cr0, r9, 0x1
FFEC3EF8? 4BFFFFE8  b       loc_FFEC3EE0
loc_FFEC3EFC:
FFEC3EFC? 2C090000  cmpwi   cr0, r9, 0x0
FFEC3F00? 4082000C  bne     loc_FFEC3F0C
FFEC3F04? 3B200001  li      r25, 0x1
FFEC3F08? 48000020  b       loc_FFEC3F28
loc_FFEC3F0C:
FFEC3F0C? 2C09E10A  cmpwi   cr0, r9, 0xE10A
FFEC3F10? 4BFFFFB4  b       loc_FFEC3EC4
loc_FFEC3F14:
FFEC3F14? A93E0044  lha     r9, 0x44(r30)
loc_FFEC3F18:
FFEC3F18? 30BC0001  addic   r5, r28, 0x1
FFEC3F1C? 7CBC0734  extsh   r28, r5
FFEC3F20? 7C09E000  cmpw    r9, r28
FFEC3F24? 4BFFFF84  b       loc_FFEC3EA8
loc_FFEC3F28:
FFEC3F28? 2C190000  cmpwi   cr0, r25, 0x0
FFEC3F2C? 4182000C  beq     loc_FFEC3F38
FFEC3F30? B3980050  sth     r28, 0x50(r24)
FFEC3F34? 48000064  b       loc_FFEC3F98
loc_FFEC3F38:
FFEC3F38? 3B600002  li      r27, 0x2
FFEC3F3C? 4800005C  b       loc_FFEC3F98
loc_FFEC3F40:
FFEC3F40? 579D063E  clrlwi  r29, r28, 24
FFEC3F44? 4800000C  b       loc_FFEC3F50
loc_FFEC3F48:
FFEC3F48? 48000050  b       loc_FFEC3F98
loc_FFEC3F4C:
FFEC3F4C? 41820048  beq     loc_FFEC3F94
loc_FFEC3F50:
FFEC3F50? 9BBF000D  stb     r29, 0xD(r31)
FFEC3F54? 63E30000  ori     r3, r31, 0x0
FFEC3F58? 63C40000  ori     r4, r30, 0x0
FFEC3F5C? 4BFFDDED  bl      sub_FFEC1D48
FFEC3F60? 60000000  nop
FFEC3F64? 48000008  b       loc_FFEC3F6C
loc_FFEC3F68:
FFEC3F68? 4082001C  bne     loc_FFEC3F84
loc_FFEC3F6C:
FFEC3F6C? 63C30000  ori     r3, r30, 0x0
FFEC3F70? 4BFFDE4D  bl      sub_FFEC1DBC
FFEC3F74? 60000000  nop
FFEC3F78? A93F00A0  lha     r9, 0xA0(r31)
FFEC3F7C? 2C090001  cmpwi   cr0, r9, 0x1
FFEC3F80? 4BFFFFE8  b       loc_FFEC3F68
loc_FFEC3F84:
FFEC3F84? 2C090000  cmpwi   cr0, r9, 0x0
FFEC3F88? 4182FFC0  beq     loc_FFEC3F48
FFEC3F8C? 2C09E10A  cmpwi   cr0, r9, 0xE10A
FFEC3F90? 4BFFFFBC  b       loc_FFEC3F4C
loc_FFEC3F94:
FFEC3F94? 3B600002  li      r27, 0x2
loc_FFEC3F98:
FFEC3F98? 2C1B0000  cmpwi   cr0, r27, 0x0
FFEC3F9C? 4082001C  bne     loc_FFEC3FB8
FFEC3FA0? A0BF009C  lhz     r5, 0x9C(r31)
FFEC3FA4? 38C00003  li      r6, 0x3
FFEC3FA8? 7CA50734  extsh   r5, r5
FFEC3FAC? B0BE0062  sth     r5, 0x62(r30)
FFEC3FB0? B0DE0060  sth     r6, 0x60(r30)
FFEC3FB4? 4800000C  b       loc_FFEC3FC0
loc_FFEC3FB8:
FFEC3FB8? 38A00000  li      r5, 0x0
FFEC3FBC? B0BE0060  sth     r5, 0x60(r30)
loc_FFEC3FC0:
FFEC3FC0? 63440000  ori     r4, r26, 0x0
FFEC3FC4? 38600001  li      r3, 0x1
FFEC3FC8? 4BFFD169  bl      sub_FFEC1130
FFEC3FCC? 60000000  nop
FFEC3FD0? ABDF000A  lha     r30, 0xA(r31)
FFEC3FD4? 2C1E0001  cmpwi   cr0, r30, 0x1
FFEC3FD8? 41820030  beq     loc_FFEC4008
FFEC3FDC? 63440000  ori     r4, r26, 0x0
FFEC3FE0? 38600000  li      r3, 0x0
FFEC3FE4? 4BFFD14D  bl      sub_FFEC1130
FFEC3FE8? 60000000  nop
FFEC3FEC? 48000B81  bl      sub_FFEC4B6C
FFEC3FF0? 80410014  lwz     r2, 0x14(r1)
FFEC3FF4? A3E3009E  lhz     r31, 0x9E(r3)
FFEC3FF8? 2C1F7077  cmpwi   cr0, r31, 0x7077
FFEC3FFC? 4082000C  bne     loc_FFEC4008
FFEC4000? 4BFF8301  bl      sub_FFEBC300
FFEC4004? 60000000  nop
loc_FFEC4008:
FFEC4008? 63630000  ori     r3, r27, 0x0
FFEC400C? 80010060  lwz     r0, 0x60(r1)
FFEC4010? 30210058  addic   r1, r1, 0x58
FFEC4014? 7C0803A6  mtspr   LR, r0
FFEC4018? BB01FFE0  lmw     r24, -0x20(r1)
FFEC401C? 4E800020  blr
FFEC4020? 7C0802A6  mfspr   r0, LR
FFEC4024? BF61FFEC  stmw    r27, -0x14(r1)
FFEC4028? 90010008  stw     r0, 0x8(r1)
FFEC402C? 9421FFB0  stwu    r1, -0x50(r1)
FFEC4030? 7CBD0734  extsh   r29, r5
FFEC4034? 609C0000  ori     r28, r4, 0x0
FFEC4038? 7C7B0734  extsh   r27, r3
FFEC403C? 48000B31  bl      sub_FFEC4B6C
FFEC4040? 80410014  lwz     r2, 0x14(r1)
FFEC4044? 83C301B4  lwz     r30, 0x1B4(r3)
FFEC4048? 83FE0068  lwz     r31, 0x68(r30)
FFEC404C? 313E0048  addic   r9, r30, 0x48
FFEC4050? 881E0048  lbz     r0, 0x48(r30)
FFEC4054? 21800000  subfic  r12, r0, 0x0
FFEC4058? 7C0C0114  adde    r0, r12, r0
FFEC405C? 54000631  rlwinm. r0, r0, 0, 24, 24
FFEC4060? 4182002C  beq     loc_FFEC408C
FFEC4064? 61240000  ori     r4, r9, 0x0
FFEC4068? 38600001  li      r3, 0x1
FFEC406C? 4BFFD0C5  bl      sub_FFEC1130
FFEC4070? 60000000  nop
FFEC4074? 38600008  li      r3, 0x8
FFEC4078? 80010058  lwz     r0, 0x58(r1)
FFEC407C? 30210050  addic   r1, r1, 0x50
FFEC4080? 7C0803A6  mtspr   LR, r0
FFEC4084? BB61FFEC  lmw     r27, -0x14(r1)
FFEC4088? 4E800020  blr
loc_FFEC408C:
FFEC408C? 48000008  b       loc_FFEC4094
loc_FFEC4090:
FFEC4090? 4082001C  bne     loc_FFEC40AC
loc_FFEC4094:
FFEC4094? 63C30000  ori     r3, r30, 0x0
FFEC4098? 4BFFDD25  bl      sub_FFEC1DBC
FFEC409C? 60000000  nop
FFEC40A0? A81F00A0  lha     r0, 0xA0(r31)
FFEC40A4? 2C000001  cmpwi   cr0, r0, 0x1
FFEC40A8? 4BFFFFE8  b       loc_FFEC4090
loc_FFEC40AC:
FFEC40AC? A0DF009C  lhz     r6, 0x9C(r31)
FFEC40B0? 38E00003  li      r7, 0x3
FFEC40B4? 7CC90734  extsh   r9, r6
FFEC40B8? B13E0062  sth     r9, 0x62(r30)
FFEC40BC? B0FE0060  sth     r7, 0x60(r30)
FFEC40C0? A11F009C  lhz     r8, 0x9C(r31)
FFEC40C4? 2C080008  cmpwi   cr0, r8, 0x8
FFEC40C8? 41820070  beq     loc_FFEC4138
FFEC40CC? 2C090002  cmpwi   cr0, r9, 0x2
FFEC40D0? 4182000C  beq     loc_FFEC40DC
FFEC40D4? 3BA00005  li      r29, 0x5
FFEC40D8? 48000064  b       loc_FFEC413C
loc_FFEC40DC:
FFEC40DC? 939F0044  stw     r28, 0x44(r31)
FFEC40E0? 9BBF0035  stb     r29, 0x35(r31)
FFEC40E4? B37F009E  sth     r27, 0x9E(r31)
FFEC40E8? 88DF000D  lbz     r6, 0xD(r31)
FFEC40EC? 63E50000  ori     r5, r31, 0x0
FFEC40F0? 54C6103A  slwi    r6, r6, 2
FFEC40F4? 7CFE302E  lwzx    r7, r30, r6
FFEC40F8? 388003C1  li      r4, 0x3C1
FFEC40FC? 80670018  lwz     r3, 0x18(r7)
FFEC4100? 80C70000  lwz     r6, 0x0(r7)
FFEC4104? 480009D9  bl      sub_FFEC4ADC
FFEC4108? 80410014  lwz     r2, 0x14(r1)
FFEC410C? ABBF00A0  lha     r29, 0xA0(r31)
FFEC4110? 2C1D0001  cmpwi   cr0, r29, 0x1
FFEC4114? 41820014  beq     loc_FFEC4128
FFEC4118? A0BF009C  lhz     r5, 0x9C(r31)
FFEC411C? 7CA50734  extsh   r5, r5
FFEC4120? B0BE0062  sth     r5, 0x62(r30)
FFEC4124? 48000018  b       loc_FFEC413C
loc_FFEC4128:
FFEC4128? 38A00004  li      r5, 0x4
FFEC412C? B0BE0060  sth     r5, 0x60(r30)
FFEC4130? 3BA00000  li      r29, 0x0
FFEC4134? 48000008  b       loc_FFEC413C
loc_FFEC4138:
FFEC4138? 3BA00008  li      r29, 0x8
loc_FFEC413C:
FFEC413C? 33DE0048  addic   r30, r30, 0x48
FFEC4140? 63C40000  ori     r4, r30, 0x0
FFEC4144? 38600001  li      r3, 0x1
FFEC4148? 4BFFCFE9  bl      sub_FFEC1130
FFEC414C? 60000000  nop
FFEC4150? AB9F000A  lha     r28, 0xA(r31)
FFEC4154? 2C1C0001  cmpwi   cr0, r28, 0x1
FFEC4158? 41820030  beq     loc_FFEC4188
FFEC415C? 63C40000  ori     r4, r30, 0x0
FFEC4160? 38600000  li      r3, 0x0
FFEC4164? 4BFFCFCD  bl      sub_FFEC1130
FFEC4168? 60000000  nop
FFEC416C? 48000A01  bl      sub_FFEC4B6C
FFEC4170? 80410014  lwz     r2, 0x14(r1)
FFEC4174? A3E3009E  lhz     r31, 0x9E(r3)
FFEC4178? 2C1F7077  cmpwi   cr0, r31, 0x7077
FFEC417C? 4082000C  bne     loc_FFEC4188
FFEC4180? 4BFF8181  bl      sub_FFEBC300
FFEC4184? 60000000  nop
loc_FFEC4188:
FFEC4188? 63A30000  ori     r3, r29, 0x0
FFEC418C? 80010058  lwz     r0, 0x58(r1)
FFEC4190? 30210050  addic   r1, r1, 0x50
FFEC4194? 7C0803A6  mtspr   LR, r0
FFEC4198? BB61FFEC  lmw     r27, -0x14(r1)
FFEC419C? 4E800020  blr
FFEC41A0? 7C0802A6  mfspr   r0, LR
FFEC41A4? 90010008  stw     r0, 0x8(r1)
FFEC41A8? 9421FFC8  stwu    r1, -0x38(r1)
FFEC41AC? 3860000C  li      r3, 0xC
FFEC41B0? 480008FD  bl      sub_FFEC4AAC
FFEC41B4? 80410014  lwz     r2, 0x14(r1)
FFEC41B8? 80010040  lwz     r0, 0x40(r1)
FFEC41BC? 30210038  addic   r1, r1, 0x38
FFEC41C0? 7C0803A6  mtspr   LR, r0
FFEC41C4? 4E800020  blr
FFEC41C8? 7C0802A6  mfspr   r0, LR
FFEC41CC? BF61FFEC  stmw    r27, -0x14(r1)
FFEC41D0? 90010008  stw     r0, 0x8(r1)
FFEC41D4? 9421FFB0  stwu    r1, -0x50(r1)
FFEC41D8? 609B0000  ori     r27, r4, 0x0
FFEC41DC? 7C7C0734  extsh   r28, r3
FFEC41E0? 3BA00000  li      r29, 0x0
FFEC41E4? 48000989  bl      sub_FFEC4B6C
FFEC41E8? 80410014  lwz     r2, 0x14(r1)
FFEC41EC? 83C301B4  lwz     r30, 0x1B4(r3)
FFEC41F0? 83FE0068  lwz     r31, 0x68(r30)
FFEC41F4? 313E0048  addic   r9, r30, 0x48
FFEC41F8? 881E0048  lbz     r0, 0x48(r30)
FFEC41FC? 21800000  subfic  r12, r0, 0x0
FFEC4200? 7C0C0114  adde    r0, r12, r0
FFEC4204? 54000631  rlwinm. r0, r0, 0, 24, 24
FFEC4208? 4182002C  beq     loc_FFEC4234
FFEC420C? 61240000  ori     r4, r9, 0x0
FFEC4210? 38600001  li      r3, 0x1
FFEC4214? 4BFFCF1D  bl      sub_FFEC1130
FFEC4218? 60000000  nop
FFEC421C? 38600008  li      r3, 0x8
FFEC4220? 80010058  lwz     r0, 0x58(r1)
FFEC4224? 30210050  addic   r1, r1, 0x50
FFEC4228? 7C0803A6  mtspr   LR, r0
FFEC422C? BB61FFEC  lmw     r27, -0x14(r1)
FFEC4230? 4E800020  blr
loc_FFEC4234:
FFEC4234? 48000008  b       loc_FFEC423C
loc_FFEC4238:
FFEC4238? 4082001C  bne     loc_FFEC4254
loc_FFEC423C:
FFEC423C? 63C30000  ori     r3, r30, 0x0
FFEC4240? 4BFFDB7D  bl      sub_FFEC1DBC
FFEC4244? 60000000  nop
FFEC4248? A81F00A0  lha     r0, 0xA0(r31)
FFEC424C? 2C000001  cmpwi   cr0, r0, 0x1
FFEC4250? 4BFFFFE8  b       loc_FFEC4238
loc_FFEC4254:
FFEC4254? A0BF009C  lhz     r5, 0x9C(r31)
FFEC4258? 38C00003  li      r6, 0x3
FFEC425C? 7CA50734  extsh   r5, r5
FFEC4260? B0BE0062  sth     r5, 0x62(r30)
FFEC4264? B0DE0060  sth     r6, 0x60(r30)
FFEC4268? A0FF009C  lhz     r7, 0x9C(r31)
FFEC426C? 2C070008  cmpwi   cr0, r7, 0x8
FFEC4270? 418200E4  beq     loc_FFEC4354
FFEC4274? 30BCFFFB  addic   r5, r28, -0x5
FFEC4278? 28050004  cmplwi  cr0, r5, 0x4
FFEC427C? 80C2FDF0  lwz     r6, -0x210(r2)
FFEC4280? 418100D8  bgt     loc_FFEC4358
FFEC4284? 54A7103A  slwi    r7, r5, 2
FFEC4288? 7CE6382E  lwzx    r7, r6, r7
FFEC428C? 7CE63814  addc    r7, r6, r7
FFEC4290? 7CE803A6  mtspr   LR, r7
FFEC4294? 4E800020  blr
FFEC4298? 38A00001  li      r5, 0x1
FFEC429C? 98BF0067  stb     r5, 0x67(r31)
FFEC42A0? 4800000C  b       loc_FFEC42AC
FFEC42A4? 38A00000  li      r5, 0x0
FFEC42A8? 98BF0067  stb     r5, 0x67(r31)
loc_FFEC42AC:
FFEC42AC? 80BF0014  lwz     r5, 0x14(r31)
FFEC42B0? 54A500BE  clrlwi  r5, r5, 2
FFEC42B4? 64A54000  oris    r5, r5, 0x4000
FFEC42B8? 90BF0014  stw     r5, 0x14(r31)
FFEC42BC? 48000028  b       loc_FFEC42E4
FFEC42C0? 38A00001  li      r5, 0x1
FFEC42C4? 98BF0067  stb     r5, 0x67(r31)
FFEC42C8? 4800000C  b       loc_FFEC42D4
FFEC42CC? 38A00000  li      r5, 0x0
FFEC42D0? 98BF0067  stb     r5, 0x67(r31)
loc_FFEC42D4:
FFEC42D4? 80BF0014  lwz     r5, 0x14(r31)
FFEC42D8? 54A500BE  clrlwi  r5, r5, 2
FFEC42DC? 64A58000  oris    r5, r5, 0x8000
FFEC42E0? 90BF0014  stw     r5, 0x14(r31)
loc_FFEC42E4:
FFEC42E4? 937F0028  stw     r27, 0x28(r31)
FFEC42E8? 38600000  li      r3, 0x0
FFEC42EC? 907F002C  stw     r3, 0x2C(r31)
FFEC42F0? 309F00A3  addic   r4, r31, 0xA3
FFEC42F4? 4BFFCDF5  bl      sub_FFEC10E8
FFEC42F8? 60000000  nop
FFEC42FC? B39F009E  sth     r28, 0x9E(r31)
FFEC4300? 881F000D  lbz     r0, 0xD(r31)
FFEC4304? 63E50000  ori     r5, r31, 0x0
FFEC4308? 5400103A  slwi    r0, r0, 2
FFEC430C? 7D9E002E  lwzx    r12, r30, r0
FFEC4310? 388003C1  li      r4, 0x3C1
FFEC4314? 806C0018  lwz     r3, 0x18(r12)
FFEC4318? 80CC0000  lwz     r6, 0x0(r12)
FFEC431C? 480007C1  bl      sub_FFEC4ADC
FFEC4320? 80410014  lwz     r2, 0x14(r1)
FFEC4324? 48000008  b       loc_FFEC432C
loc_FFEC4328:
FFEC4328? 4082001C  bne     loc_FFEC4344
loc_FFEC432C:
FFEC432C? 63C30000  ori     r3, r30, 0x0
FFEC4330? 4BFFDA8D  bl      sub_FFEC1DBC
FFEC4334? 60000000  nop
FFEC4338? ABBF00A0  lha     r29, 0xA0(r31)
FFEC433C? 2C1D0001  cmpwi   cr0, r29, 0x1
FFEC4340? 4BFFFFE8  b       loc_FFEC4328
loc_FFEC4344:
FFEC4344? A0BF009C  lhz     r5, 0x9C(r31)
FFEC4348? 7CA50734  extsh   r5, r5
FFEC434C? B0BE0062  sth     r5, 0x62(r30)
FFEC4350? 48000008  b       loc_FFEC4358
loc_FFEC4354:
FFEC4354? 3BA00008  li      r29, 0x8
loc_FFEC4358:
FFEC4358? 33DE0048  addic   r30, r30, 0x48
FFEC435C? 63C40000  ori     r4, r30, 0x0
FFEC4360? 38600001  li      r3, 0x1
FFEC4364? 4BFFCDCD  bl      sub_FFEC1130
FFEC4368? 60000000  nop
FFEC436C? AB9F000A  lha     r28, 0xA(r31)
FFEC4370? 2C1C0001  cmpwi   cr0, r28, 0x1
FFEC4374? 41820030  beq     loc_FFEC43A4
FFEC4378? 63C40000  ori     r4, r30, 0x0
FFEC437C? 38600000  li      r3, 0x0
FFEC4380? 4BFFCDB1  bl      sub_FFEC1130
FFEC4384? 60000000  nop
FFEC4388? 480007E5  bl      sub_FFEC4B6C
FFEC438C? 80410014  lwz     r2, 0x14(r1)
FFEC4390? A3E3009E  lhz     r31, 0x9E(r3)
FFEC4394? 2C1F7077  cmpwi   cr0, r31, 0x7077
FFEC4398? 4082000C  bne     loc_FFEC43A4
FFEC439C? 4BFF7F65  bl      sub_FFEBC300
FFEC43A0? 60000000  nop
loc_FFEC43A4:
FFEC43A4? 63A30000  ori     r3, r29, 0x0
FFEC43A8? 80010058  lwz     r0, 0x58(r1)
FFEC43AC? 30210050  addic   r1, r1, 0x50
FFEC43B0? 7C0803A6  mtspr   LR, r0
FFEC43B4? BB61FFEC  lmw     r27, -0x14(r1)
FFEC43B8? 4E800020  blr
FFEC43BCd FFFFFEDC  .long   0xFFFFFEDC                         ; -> 68k emulator opcode dispatch table
FFEC43C0d FFFFFF04  .long   0xFFFFFF04                         ; -> 68k emulator opcode dispatch table
FFEC43C4d FFFFFF9C  .long   0xFFFFFF9C                         ; -> 68k emulator opcode dispatch table
FFEC43C8d FFFFFEE8  .long   0xFFFFFEE8                         ; -> 68k emulator opcode dispatch table
FFEC43CCd FFFFFF10  .long   0xFFFFFF10                         ; -> 68k emulator opcode dispatch table
FFEC43D0d FFFFFF9C  .long   0xFFFFFF9C                         ; -> 68k emulator opcode dispatch table
FFEC43D4? 7C0802A6  mfspr   r0, LR
FFEC43D8? BF81FFF0  stmw    r28, -0x10(r1)
FFEC43DC? 90010008  stw     r0, 0x8(r1)
FFEC43E0? 9421FFB8  stwu    r1, -0x48(r1)
FFEC43E4? 609C0000  ori     r28, r4, 0x0
FFEC43E8? 7C7D0734  extsh   r29, r3
FFEC43EC? 48000781  bl      sub_FFEC4B6C
FFEC43F0? 80410014  lwz     r2, 0x14(r1)
FFEC43F4? 83C301B4  lwz     r30, 0x1B4(r3)
FFEC43F8? 83FE0068  lwz     r31, 0x68(r30)
FFEC43FC? 313E0048  addic   r9, r30, 0x48
FFEC4400? 881E0048  lbz     r0, 0x48(r30)
FFEC4404? 21800000  subfic  r12, r0, 0x0
FFEC4408? 7C0C0114  adde    r0, r12, r0
FFEC440C? 54000631  rlwinm. r0, r0, 0, 24, 24
FFEC4410? 4182002C  beq     loc_FFEC443C
FFEC4414? 61240000  ori     r4, r9, 0x0
FFEC4418? 38600001  li      r3, 0x1
FFEC441C? 4BFFCD15  bl      sub_FFEC1130
FFEC4420? 60000000  nop
FFEC4424? 38600008  li      r3, 0x8
FFEC4428? 80010050  lwz     r0, 0x50(r1)
FFEC442C? 30210048  addic   r1, r1, 0x48
FFEC4430? 7C0803A6  mtspr   LR, r0
FFEC4434? BB81FFF0  lmw     r28, -0x10(r1)
FFEC4438? 4E800020  blr
loc_FFEC443C:
FFEC443C? 48000008  b       loc_FFEC4444
loc_FFEC4440:
FFEC4440? 4082001C  bne     loc_FFEC445C
loc_FFEC4444:
FFEC4444? 63C30000  ori     r3, r30, 0x0
FFEC4448? 4BFFD975  bl      sub_FFEC1DBC
FFEC444C? 60000000  nop
FFEC4450? A81F00A0  lha     r0, 0xA0(r31)
FFEC4454? 2C000001  cmpwi   cr0, r0, 0x1
FFEC4458? 4BFFFFE8  b       loc_FFEC4440
loc_FFEC445C:
FFEC445C? A0BF009C  lhz     r5, 0x9C(r31)
FFEC4460? 38C00003  li      r6, 0x3
FFEC4464? 7CA50734  extsh   r5, r5
FFEC4468? B0BE0062  sth     r5, 0x62(r30)
FFEC446C? B0DE0060  sth     r6, 0x60(r30)
FFEC4470? A0FF009C  lhz     r7, 0x9C(r31)
FFEC4474? 2C070008  cmpwi   cr0, r7, 0x8
FFEC4478? 4182006C  beq     loc_FFEC44E4
FFEC447C? 38C00000  li      r6, 0x0
FFEC4480? 98DF00A2  stb     r6, 0xA2(r31)
FFEC4484? B3BF009E  sth     r29, 0x9E(r31)
FFEC4488? 88FF000D  lbz     r7, 0xD(r31)
FFEC448C? 63E50000  ori     r5, r31, 0x0
FFEC4490? 54E7103A  slwi    r7, r7, 2
FFEC4494? 7D07F02E  lwzx    r8, r7, r30
FFEC4498? 388003C1  li      r4, 0x3C1
FFEC449C? 80680018  lwz     r3, 0x18(r8)
FFEC44A0? 80C80000  lwz     r6, 0x0(r8)
FFEC44A4? 48000639  bl      sub_FFEC4ADC
FFEC44A8? 80410014  lwz     r2, 0x14(r1)
FFEC44AC? 48000008  b       loc_FFEC44B4
loc_FFEC44B0:
FFEC44B0? 4082001C  bne     loc_FFEC44CC
loc_FFEC44B4:
FFEC44B4? 63C30000  ori     r3, r30, 0x0
FFEC44B8? 4BFFD905  bl      sub_FFEC1DBC
FFEC44BC? 60000000  nop
FFEC44C0? ABBF00A0  lha     r29, 0xA0(r31)
FFEC44C4? 2C1D0001  cmpwi   cr0, r29, 0x1
FFEC44C8? 4BFFFFE8  b       loc_FFEC44B0
loc_FFEC44CC:
FFEC44CC? A0BF009C  lhz     r5, 0x9C(r31)
FFEC44D0? 7CA50734  extsh   r5, r5
FFEC44D4? B0BE0062  sth     r5, 0x62(r30)
FFEC44D8? 88DF00A2  lbz     r6, 0xA2(r31)
FFEC44DC? B0DC0000  sth     r6, 0x0(r28)
FFEC44E0? 48000008  b       loc_FFEC44E8
loc_FFEC44E4:
FFEC44E4? 3BA00008  li      r29, 0x8
loc_FFEC44E8:
FFEC44E8? 33DE0048  addic   r30, r30, 0x48
FFEC44EC? 63C40000  ori     r4, r30, 0x0
FFEC44F0? 38600001  li      r3, 0x1
FFEC44F4? 4BFFCC3D  bl      sub_FFEC1130
FFEC44F8? 60000000  nop
FFEC44FC? A81F000A  lha     r0, 0xA(r31)
FFEC4500? 2C000001  cmpwi   cr0, r0, 0x1
FFEC4504? 41820030  beq     loc_FFEC4534
FFEC4508? 63C40000  ori     r4, r30, 0x0
FFEC450C? 38600000  li      r3, 0x0
FFEC4510? 4BFFCC21  bl      sub_FFEC1130
FFEC4514? 60000000  nop
FFEC4518? 48000655  bl      sub_FFEC4B6C
FFEC451C? 80410014  lwz     r2, 0x14(r1)
FFEC4520? A3E3009E  lhz     r31, 0x9E(r3)
FFEC4524? 2C1F7077  cmpwi   cr0, r31, 0x7077
FFEC4528? 4082000C  bne     loc_FFEC4534
FFEC452C? 4BFF7DD5  bl      sub_FFEBC300
FFEC4530? 60000000  nop
loc_FFEC4534:
FFEC4534? 63A30000  ori     r3, r29, 0x0
FFEC4538? 80010050  lwz     r0, 0x50(r1)
FFEC453C? 30210048  addic   r1, r1, 0x48
FFEC4540? 7C0803A6  mtspr   LR, r0
FFEC4544? BB81FFF0  lmw     r28, -0x10(r1)
FFEC4548? 4E800020  blr
FFEC454C? 7C0802A6  mfspr   r0, LR
FFEC4550? BF81FFF0  stmw    r28, -0x10(r1)
FFEC4554? 90010008  stw     r0, 0x8(r1)
FFEC4558? 9421FFB8  stwu    r1, -0x48(r1)
FFEC455C? 7C9D0734  extsh   r29, r4
FFEC4560? 7C7C0734  extsh   r28, r3
FFEC4564? 48000609  bl      sub_FFEC4B6C
FFEC4568? 80410014  lwz     r2, 0x14(r1)
FFEC456C? 83C301B4  lwz     r30, 0x1B4(r3)
FFEC4570? 83FE0068  lwz     r31, 0x68(r30)
FFEC4574? 313E0048  addic   r9, r30, 0x48
FFEC4578? 881E0048  lbz     r0, 0x48(r30)
FFEC457C? 21800000  subfic  r12, r0, 0x0
FFEC4580? 7C0C0114  adde    r0, r12, r0
FFEC4584? 54000631  rlwinm. r0, r0, 0, 24, 24
FFEC4588? 4182002C  beq     loc_FFEC45B4
FFEC458C? 61240000  ori     r4, r9, 0x0
FFEC4590? 38600001  li      r3, 0x1
FFEC4594? 4BFFCB9D  bl      sub_FFEC1130
FFEC4598? 60000000  nop
FFEC459C? 38600008  li      r3, 0x8
FFEC45A0? 80010050  lwz     r0, 0x50(r1)
FFEC45A4? 30210048  addic   r1, r1, 0x48
FFEC45A8? 7C0803A6  mtspr   LR, r0
FFEC45AC? BB81FFF0  lmw     r28, -0x10(r1)
FFEC45B0? 4E800020  blr
loc_FFEC45B4:
FFEC45B4? 48000008  b       loc_FFEC45BC
loc_FFEC45B8:
FFEC45B8? 4082001C  bne     loc_FFEC45D4
loc_FFEC45BC:
FFEC45BC? 63C30000  ori     r3, r30, 0x0
FFEC45C0? 4BFFD7FD  bl      sub_FFEC1DBC
FFEC45C4? 60000000  nop
FFEC45C8? A81F00A0  lha     r0, 0xA0(r31)
FFEC45CC? 2C000001  cmpwi   cr0, r0, 0x1
FFEC45D0? 4BFFFFE8  b       loc_FFEC45B8
loc_FFEC45D4:
FFEC45D4? A0BF009C  lhz     r5, 0x9C(r31)
FFEC45D8? 38C00003  li      r6, 0x3
FFEC45DC? 7CA50734  extsh   r5, r5
FFEC45E0? B0BE0062  sth     r5, 0x62(r30)
FFEC45E4? B0DE0060  sth     r6, 0x60(r30)
FFEC45E8? A0FF009C  lhz     r7, 0x9C(r31)
FFEC45EC? 2C070008  cmpwi   cr0, r7, 0x8
FFEC45F0? 41820060  beq     loc_FFEC4650
FFEC45F4? 9BBF00A2  stb     r29, 0xA2(r31)
FFEC45F8? B39F009E  sth     r28, 0x9E(r31)
FFEC45FC? 88DF000D  lbz     r6, 0xD(r31)
FFEC4600? 63E50000  ori     r5, r31, 0x0
FFEC4604? 54C6103A  slwi    r6, r6, 2
FFEC4608? 7CE6F02E  lwzx    r7, r6, r30
FFEC460C? 388003C1  li      r4, 0x3C1
FFEC4610? 80670018  lwz     r3, 0x18(r7)
FFEC4614? 80C70000  lwz     r6, 0x0(r7)
FFEC4618? 480004C5  bl      sub_FFEC4ADC
FFEC461C? 80410014  lwz     r2, 0x14(r1)
FFEC4620? 48000008  b       loc_FFEC4628
loc_FFEC4624:
FFEC4624? 4082001C  bne     loc_FFEC4640
loc_FFEC4628:
FFEC4628? 63C30000  ori     r3, r30, 0x0
FFEC462C? 4BFFD791  bl      sub_FFEC1DBC
FFEC4630? 60000000  nop
FFEC4634? ABBF00A0  lha     r29, 0xA0(r31)
FFEC4638? 2C1D0001  cmpwi   cr0, r29, 0x1
FFEC463C? 4BFFFFE8  b       loc_FFEC4624
loc_FFEC4640:
FFEC4640? A0BF009C  lhz     r5, 0x9C(r31)
FFEC4644? 7CA50734  extsh   r5, r5
FFEC4648? B0BE0062  sth     r5, 0x62(r30)
FFEC464C? 48000008  b       loc_FFEC4654
loc_FFEC4650:
FFEC4650? 3BA00008  li      r29, 0x8
loc_FFEC4654:
FFEC4654? 33DE0048  addic   r30, r30, 0x48
FFEC4658? 63C40000  ori     r4, r30, 0x0
FFEC465C? 38600001  li      r3, 0x1
FFEC4660? 4BFFCAD1  bl      sub_FFEC1130
FFEC4664? 60000000  nop
FFEC4668? A81F000A  lha     r0, 0xA(r31)
FFEC466C? 2C000001  cmpwi   cr0, r0, 0x1
FFEC4670? 41820030  beq     loc_FFEC46A0
FFEC4674? 63C40000  ori     r4, r30, 0x0
FFEC4678? 38600000  li      r3, 0x0
FFEC467C? 4BFFCAB5  bl      sub_FFEC1130
FFEC4680? 60000000  nop
FFEC4684? 480004E9  bl      sub_FFEC4B6C
FFEC4688? 80410014  lwz     r2, 0x14(r1)
FFEC468C? A3E3009E  lhz     r31, 0x9E(r3)
FFEC4690? 2C1F7077  cmpwi   cr0, r31, 0x7077
FFEC4694? 4082000C  bne     loc_FFEC46A0
FFEC4698? 4BFF7C69  bl      sub_FFEBC300
FFEC469C? 60000000  nop
loc_FFEC46A0:
FFEC46A0? 63A30000  ori     r3, r29, 0x0
FFEC46A4? 80010050  lwz     r0, 0x50(r1)
FFEC46A8? 30210048  addic   r1, r1, 0x48
FFEC46AC? 7C0803A6  mtspr   LR, r0
FFEC46B0? BB81FFF0  lmw     r28, -0x10(r1)
FFEC46B4? 4E800020  blr
FFEC46B8? 7C0802A6  mfspr   r0, LR
FFEC46BC? BF21FFE4  stmw    r25, -0x1C(r1)
FFEC46C0? 90010008  stw     r0, 0x8(r1)
FFEC46C4? 9421FFA8  stwu    r1, -0x58(r1)
FFEC46C8? 60DC0000  ori     r28, r6, 0x0
FFEC46CC? 60BB0000  ori     r27, r5, 0x0
FFEC46D0? 609A0000  ori     r26, r4, 0x0
FFEC46D4? 7C790734  extsh   r25, r3
FFEC46D8? 3BA00000  li      r29, 0x0
FFEC46DC? 48000491  bl      sub_FFEC4B6C
FFEC46E0? 80410014  lwz     r2, 0x14(r1)
FFEC46E4? 83C301B4  lwz     r30, 0x1B4(r3)
FFEC46E8? 83FE0068  lwz     r31, 0x68(r30)
FFEC46EC? 313E0048  addic   r9, r30, 0x48
FFEC46F0? 881E0048  lbz     r0, 0x48(r30)
FFEC46F4? 21800000  subfic  r12, r0, 0x0
FFEC46F8? 7C0C0114  adde    r0, r12, r0
FFEC46FC? 54000631  rlwinm. r0, r0, 0, 24, 24
FFEC4700? 4182002C  beq     loc_FFEC472C
FFEC4704? 61240000  ori     r4, r9, 0x0
FFEC4708? 38600001  li      r3, 0x1
FFEC470C? 4BFFCA25  bl      sub_FFEC1130
FFEC4710? 60000000  nop
FFEC4714? 38600008  li      r3, 0x8
FFEC4718? 80010060  lwz     r0, 0x60(r1)
FFEC471C? 30210058  addic   r1, r1, 0x58
FFEC4720? 7C0803A6  mtspr   LR, r0
FFEC4724? BB21FFE4  lmw     r25, -0x1C(r1)
FFEC4728? 4E800020  blr
loc_FFEC472C:
FFEC472C? 48000008  b       loc_FFEC4734
loc_FFEC4730:
FFEC4730? 4082001C  bne     loc_FFEC474C
loc_FFEC4734:
FFEC4734? 63C30000  ori     r3, r30, 0x0
FFEC4738? 4BFFD685  bl      sub_FFEC1DBC
FFEC473C? 60000000  nop
FFEC4740? A81F00A0  lha     r0, 0xA0(r31)
FFEC4744? 2C000001  cmpwi   cr0, r0, 0x1
FFEC4748? 4BFFFFE8  b       loc_FFEC4730
loc_FFEC474C:
FFEC474C? A0DF009C  lhz     r6, 0x9C(r31)
FFEC4750? 38E00003  li      r7, 0x3
FFEC4754? 7CC60734  extsh   r6, r6
FFEC4758? B0DE0062  sth     r6, 0x62(r30)
FFEC475C? B0FE0060  sth     r7, 0x60(r30)
FFEC4760? A11F009C  lhz     r8, 0x9C(r31)
FFEC4764? 2C080008  cmpwi   cr0, r8, 0x8
FFEC4768? 41820080  beq     loc_FFEC47E8
FFEC476C? 57862036  slwi    r6, r28, 4
FFEC4770? 7CE6E014  addc    r7, r6, r28
FFEC4774? 90FF0054  stw     r7, 0x54(r31)
FFEC4778? B33F009E  sth     r25, 0x9E(r31)
FFEC477C? 891F000D  lbz     r8, 0xD(r31)
FFEC4780? 63E50000  ori     r5, r31, 0x0
FFEC4784? 5508103A  slwi    r8, r8, 2
FFEC4788? 7D28F02E  lwzx    r9, r8, r30
FFEC478C? 388003C1  li      r4, 0x3C1
FFEC4790? 80690018  lwz     r3, 0x18(r9)
FFEC4794? 80C90000  lwz     r6, 0x0(r9)
FFEC4798? 48000345  bl      sub_FFEC4ADC
FFEC479C? 80410014  lwz     r2, 0x14(r1)
FFEC47A0? 48000008  b       loc_FFEC47A8
loc_FFEC47A4:
FFEC47A4? 4082001C  bne     loc_FFEC47C0
loc_FFEC47A8:
FFEC47A8? 63C30000  ori     r3, r30, 0x0
FFEC47AC? 4BFFD611  bl      sub_FFEC1DBC
FFEC47B0? 60000000  nop
FFEC47B4? AB9F00A0  lha     r28, 0xA0(r31)
FFEC47B8? 2C1C0001  cmpwi   cr0, r28, 0x1
FFEC47BC? 4BFFFFE8  b       loc_FFEC47A4
loc_FFEC47C0:
FFEC47C0? A0BF009C  lhz     r5, 0x9C(r31)
FFEC47C4? 39000000  li      r8, 0x0
FFEC47C8? 7CA50734  extsh   r5, r5
FFEC47CC? B0BE0062  sth     r5, 0x62(r30)
FFEC47D0? 88DF003C  lbz     r6, 0x3C(r31)
FFEC47D4? B0DA0000  sth     r6, 0x0(r26)
FFEC47D8? 88FF00A2  lbz     r7, 0xA2(r31)
FFEC47DC? B0FB0000  sth     r7, 0x0(r27)
FFEC47E0? B11E0060  sth     r8, 0x60(r30)
FFEC47E4? 48000008  b       loc_FFEC47EC
loc_FFEC47E8:
FFEC47E8? 3BA00008  li      r29, 0x8
loc_FFEC47EC:
FFEC47EC? 33DE0048  addic   r30, r30, 0x48
FFEC47F0? 63C40000  ori     r4, r30, 0x0
FFEC47F4? 38600001  li      r3, 0x1
FFEC47F8? 4BFFC939  bl      sub_FFEC1130
FFEC47FC? 60000000  nop
FFEC4800? AB9F000A  lha     r28, 0xA(r31)
FFEC4804? 2C1C0001  cmpwi   cr0, r28, 0x1
FFEC4808? 41820030  beq     loc_FFEC4838
FFEC480C? 63C40000  ori     r4, r30, 0x0
FFEC4810? 38600000  li      r3, 0x0
FFEC4814? 4BFFC91D  bl      sub_FFEC1130
FFEC4818? 60000000  nop
FFEC481C? 48000351  bl      sub_FFEC4B6C
FFEC4820? 80410014  lwz     r2, 0x14(r1)
FFEC4824? A3E3009E  lhz     r31, 0x9E(r3)
FFEC4828? 2C1F7077  cmpwi   cr0, r31, 0x7077
FFEC482C? 4082000C  bne     loc_FFEC4838
FFEC4830? 4BFF7AD1  bl      sub_FFEBC300
FFEC4834? 60000000  nop
loc_FFEC4838:
FFEC4838? 63A30000  ori     r3, r29, 0x0
FFEC483C? 80010060  lwz     r0, 0x60(r1)
FFEC4840? 30210058  addic   r1, r1, 0x58
FFEC4844? 7C0803A6  mtspr   LR, r0
FFEC4848? BB21FFE4  lmw     r25, -0x1C(r1)
FFEC484C? 4E800020  blr

sub_FFEC4850:
FFEC4850  A0A30024  lhz     r5, 0x24(r3)
FFEC4854  54AC063E  clrlwi  r12, r5, 24
FFEC4858  2C0C0006  cmpwi   cr0, r12, 0x6
FFEC485C  4181000C  bgt     loc_FFEC4868
FFEC4860  2C0C0000  cmpwi   cr0, r12, 0x0
FFEC4864  40800010  bge     loc_FFEC4874
loc_FFEC4868:
FFEC4868  3880E144  li      r4, -0x1EBC
FFEC486C  B083000A  sth     r4, 0xA(r3)
FFEC4870  4E800020  blr
loc_FFEC4874:
FFEC4874  5585083C  slwi    r5, r12, 1
FFEC4878  7CC42814  addc    r6, r4, r5
FFEC487C  A9660050  lha     r11, 0x50(r6)
FFEC4880  3940FFFF  li      r10, -0x1
FFEC4884  2C0BFFFF  cmpwi   cr0, r11, 0xFFFF
FFEC4888  39200000  li      r9, 0x0
FFEC488C  41820024  beq     loc_FFEC48B0
FFEC4890  38800001  li      r4, 0x1
FFEC4894  98830026  stb     r4, 0x26(r3)
FFEC4898  38A00000  li      r5, 0x0
FFEC489C  98A3000C  stb     r5, 0xC(r3)
FFEC48A0  9963000D  stb     r11, 0xD(r3)
FFEC48A4  9983000E  stb     r12, 0xE(r3)
FFEC48A8  98A3000F  stb     r5, 0xF(r3)
FFEC48AC  4E800020  blr
loc_FFEC48B0:
FFEC48B0  99230026  stb     r9, 0x26(r3)
FFEC48B4  9143000C  stw     r10, 0xC(r3)
FFEC48B8  4E800020  blr

sub_FFEC48BC:
FFEC48BC* 7C0802A6  mfspr   r0, LR
FFEC48C0* BF81FFF0  stmw    r28, -0x10(r1)
FFEC48C4* 90010008  stw     r0, 0x8(r1)
FFEC48C8* 9421FFB8  stwu    r1, -0x48(r1)
FFEC48CC* 38600200  li      r3, 0x200
FFEC48D0* 480001AD  bl      sub_FFEC4A7C
FFEC48D4* 80410014  lwz     r2, 0x14(r1)
FFEC48D8* 607F0000  ori     r31, r3, 0x0
FFEC48DC* 2C1F0000  cmpwi   cr0, r31, 0x0
FFEC48E0* 40820018  bne     loc_FFEC48F8
FFEC48E4  80010050  lwz     r0, 0x50(r1)
FFEC48E8  30210048  addic   r1, r1, 0x48
FFEC48EC  7C0803A6  mtspr   LR, r0
FFEC48F0  BB81FFF0  lmw     r28, -0x10(r1)
FFEC48F4  4E800020  blr
loc_FFEC48F8:
FFEC48F8* 3BC001F0  li      r30, 0x1F0
FFEC48FC* 3BA0FFFF  li      r29, -0x1
FFEC4900* 3B800000  li      r28, 0x0
FFEC4904* 48000269  bl      sub_FFEC4B6C
FFEC4908* 80410014  lwz     r2, 0x14(r1)
FFEC490C* 93E300A8  stw     r31, 0xA8(r3)
FFEC4910* 4800025D  bl      sub_FFEC4B6C
FFEC4914* 80410014  lwz     r2, 0x14(r1)
FFEC4918* 93C300A4  stw     r30, 0xA4(r3)
FFEC491C* 48000251  bl      sub_FFEC4B6C
FFEC4920* 80410014  lwz     r2, 0x14(r1)
FFEC4924* 607E0000  ori     r30, r3, 0x0
FFEC4928* 48000245  bl      sub_FFEC4B6C
FFEC492C* 80410014  lwz     r2, 0x14(r1)
FFEC4930* 801E00A4  lwz     r0, 0xA4(r30)
FFEC4934* 7C1F0014  addc    r0, r31, r0
FFEC4938* 900300A0  stw     r0, 0xA0(r3)
FFEC493C* 48000231  bl      sub_FFEC4B6C
FFEC4940* 80410014  lwz     r2, 0x14(r1)
FFEC4944* 93A300AC  stw     r29, 0xAC(r3)
FFEC4948* 48000225  bl      sub_FFEC4B6C
FFEC494C* 80410014  lwz     r2, 0x14(r1)
FFEC4950* 93830090  stw     r28, 0x90(r3)
FFEC4954* 48000219  bl      sub_FFEC4B6C
FFEC4958* 80410014  lwz     r2, 0x14(r1)
FFEC495C* 93830094  stw     r28, 0x94(r3)
FFEC4960* 80010050  lwz     r0, 0x50(r1)
FFEC4964* 30210048  addic   r1, r1, 0x48
FFEC4968* 7C0803A6  mtspr   LR, r0
FFEC496C* BB81FFF0  lmw     r28, -0x10(r1)
FFEC4970* 4E800020  blr

sub_FFEC4974:
FFEC4974* 8182FD64  lwz     r12, -0x29C(r2)
FFEC4978* 90410014  stw     r2, 0x14(r1)
FFEC497C* 800C0000  lwz     r0, 0x0(r12)
FFEC4980* 804C0004  lwz     r2, 0x4(r12)
FFEC4984* 7C0903A6  mtspr   CTR, r0
FFEC4988* 4E800420  bctr

sub_FFEC498C:
FFEC498C* 8182FD34  lwz     r12, -0x2CC(r2)
FFEC4990* 90410014  stw     r2, 0x14(r1)
FFEC4994* 800C0000  lwz     r0, 0x0(r12)
FFEC4998* 804C0004  lwz     r2, 0x4(r12)
FFEC499C* 7C0903A6  mtspr   CTR, r0
FFEC49A0* 4E800420  bctr

sub_FFEC49A4:
FFEC49A4* 8182FD3C  lwz     r12, -0x2C4(r2)
FFEC49A8* 90410014  stw     r2, 0x14(r1)
FFEC49AC* 800C0000  lwz     r0, 0x0(r12)
FFEC49B0* 804C0004  lwz     r2, 0x4(r12)
FFEC49B4* 7C0903A6  mtspr   CTR, r0
FFEC49B8* 4E800420  bctr

sub_FFEC49BC:
FFEC49BC? 8182FD94  lwz     r12, -0x26C(r2)
FFEC49C0? 90410014  stw     r2, 0x14(r1)
FFEC49C4? 800C0000  lwz     r0, 0x0(r12)
FFEC49C8? 804C0004  lwz     r2, 0x4(r12)
FFEC49CC? 7C0903A6  mtspr   CTR, r0
FFEC49D0? 4E800420  bctr

sub_FFEC49D4:
FFEC49D4  8182FD68  lwz     r12, -0x298(r2)
FFEC49D8  90410014  stw     r2, 0x14(r1)
FFEC49DC  800C0000  lwz     r0, 0x0(r12)
FFEC49E0  804C0004  lwz     r2, 0x4(r12)
FFEC49E4  7C0903A6  mtspr   CTR, r0
FFEC49E8  4E800420  bctr

sub_FFEC49EC:
FFEC49EC* 8182FD5C  lwz     r12, -0x2A4(r2)
FFEC49F0* 90410014  stw     r2, 0x14(r1)
FFEC49F4* 800C0000  lwz     r0, 0x0(r12)
FFEC49F8* 804C0004  lwz     r2, 0x4(r12)
FFEC49FC* 7C0903A6  mtspr   CTR, r0
FFEC4A00* 4E800420  bctr

sub_FFEC4A04:
FFEC4A04  8182FD08  lwz     r12, -0x2F8(r2)
FFEC4A08  90410014  stw     r2, 0x14(r1)
FFEC4A0C  800C0000  lwz     r0, 0x0(r12)
FFEC4A10  804C0004  lwz     r2, 0x4(r12)
FFEC4A14  7C0903A6  mtspr   CTR, r0
FFEC4A18  4E800420  bctr

sub_FFEC4A1C:
FFEC4A1C* 8182FD58  lwz     r12, -0x2A8(r2)
FFEC4A20* 90410014  stw     r2, 0x14(r1)
FFEC4A24* 800C0000  lwz     r0, 0x0(r12)
FFEC4A28* 804C0004  lwz     r2, 0x4(r12)
FFEC4A2C* 7C0903A6  mtspr   CTR, r0
FFEC4A30* 4E800420  bctr

sub_FFEC4A34:
FFEC4A34* 8182FD78  lwz     r12, -0x288(r2)
FFEC4A38* 90410014  stw     r2, 0x14(r1)
FFEC4A3C* 800C0000  lwz     r0, 0x0(r12)
FFEC4A40* 804C0004  lwz     r2, 0x4(r12)
FFEC4A44* 7C0903A6  mtspr   CTR, r0
FFEC4A48* 4E800420  bctr

sub_FFEC4A4C:
FFEC4A4C* 8182FD90  lwz     r12, -0x270(r2)
FFEC4A50* 90410014  stw     r2, 0x14(r1)
FFEC4A54* 800C0000  lwz     r0, 0x0(r12)
FFEC4A58* 804C0004  lwz     r2, 0x4(r12)
FFEC4A5C* 7C0903A6  mtspr   CTR, r0
FFEC4A60* 4E800420  bctr

sub_FFEC4A64:
FFEC4A64* 8182FD60  lwz     r12, -0x2A0(r2)
FFEC4A68* 90410014  stw     r2, 0x14(r1)
FFEC4A6C* 800C0000  lwz     r0, 0x0(r12)
FFEC4A70* 804C0004  lwz     r2, 0x4(r12)
FFEC4A74* 7C0903A6  mtspr   CTR, r0
FFEC4A78* 4E800420  bctr

sub_FFEC4A7C:
FFEC4A7C* 8182FD14  lwz     r12, -0x2EC(r2)
FFEC4A80* 90410014  stw     r2, 0x14(r1)
FFEC4A84* 800C0000  lwz     r0, 0x0(r12)
FFEC4A88* 804C0004  lwz     r2, 0x4(r12)
FFEC4A8C* 7C0903A6  mtspr   CTR, r0
FFEC4A90* 4E800420  bctr

sub_FFEC4A94:
FFEC4A94* 8182FD88  lwz     r12, -0x278(r2)
FFEC4A98* 90410014  stw     r2, 0x14(r1)
FFEC4A9C* 800C0000  lwz     r0, 0x0(r12)
FFEC4AA0* 804C0004  lwz     r2, 0x4(r12)
FFEC4AA4* 7C0903A6  mtspr   CTR, r0
FFEC4AA8* 4E800420  bctr

sub_FFEC4AAC:
FFEC4AAC  8182FD0C  lwz     r12, -0x2F4(r2)
FFEC4AB0  90410014  stw     r2, 0x14(r1)
FFEC4AB4  800C0000  lwz     r0, 0x0(r12)
FFEC4AB8  804C0004  lwz     r2, 0x4(r12)
FFEC4ABC  7C0903A6  mtspr   CTR, r0
FFEC4AC0  4E800420  bctr

sub_FFEC4AC4:
FFEC4AC4* 8182FD38  lwz     r12, -0x2C8(r2)
FFEC4AC8* 90410014  stw     r2, 0x14(r1)
FFEC4ACC* 800C0000  lwz     r0, 0x0(r12)
FFEC4AD0* 804C0004  lwz     r2, 0x4(r12)
FFEC4AD4* 7C0903A6  mtspr   CTR, r0
FFEC4AD8* 4E800420  bctr

sub_FFEC4ADC:
FFEC4ADC* 8182FD04  lwz     r12, -0x2FC(r2)
FFEC4AE0* 90410014  stw     r2, 0x14(r1)
FFEC4AE4* 800C0000  lwz     r0, 0x0(r12)
FFEC4AE8* 804C0004  lwz     r2, 0x4(r12)
FFEC4AEC* 7C0903A6  mtspr   CTR, r0
FFEC4AF0* 4E800420  bctr

sub_FFEC4AF4:
FFEC4AF4* 8182FD54  lwz     r12, -0x2AC(r2)
FFEC4AF8* 90410014  stw     r2, 0x14(r1)
FFEC4AFC* 800C0000  lwz     r0, 0x0(r12)
FFEC4B00* 804C0004  lwz     r2, 0x4(r12)
FFEC4B04* 7C0903A6  mtspr   CTR, r0
FFEC4B08* 4E800420  bctr

sub_FFEC4B0C:
FFEC4B0C* 8182FD4C  lwz     r12, -0x2B4(r2)
FFEC4B10* 90410014  stw     r2, 0x14(r1)
FFEC4B14* 800C0000  lwz     r0, 0x0(r12)
FFEC4B18* 804C0004  lwz     r2, 0x4(r12)
FFEC4B1C* 7C0903A6  mtspr   CTR, r0
FFEC4B20* 4E800420  bctr

sub_FFEC4B24:
FFEC4B24  8182FD84  lwz     r12, -0x27C(r2)
FFEC4B28  90410014  stw     r2, 0x14(r1)
FFEC4B2C  800C0000  lwz     r0, 0x0(r12)
FFEC4B30  804C0004  lwz     r2, 0x4(r12)
FFEC4B34  7C0903A6  mtspr   CTR, r0
FFEC4B38  4E800420  bctr

sub_FFEC4B3C:
FFEC4B3C* 8182FD40  lwz     r12, -0x2C0(r2)
FFEC4B40* 90410014  stw     r2, 0x14(r1)
FFEC4B44* 800C0000  lwz     r0, 0x0(r12)
FFEC4B48* 804C0004  lwz     r2, 0x4(r12)
FFEC4B4C* 7C0903A6  mtspr   CTR, r0
FFEC4B50* 4E800420  bctr

sub_FFEC4B54:
FFEC4B54  8182FD2C  lwz     r12, -0x2D4(r2)
FFEC4B58  90410014  stw     r2, 0x14(r1)
FFEC4B5C  800C0000  lwz     r0, 0x0(r12)
FFEC4B60  804C0004  lwz     r2, 0x4(r12)
FFEC4B64  7C0903A6  mtspr   CTR, r0
FFEC4B68  4E800420  bctr

sub_FFEC4B6C:
FFEC4B6C* 8182FD8C  lwz     r12, -0x274(r2)
FFEC4B70* 90410014  stw     r2, 0x14(r1)
FFEC4B74* 800C0000  lwz     r0, 0x0(r12)
FFEC4B78* 804C0004  lwz     r2, 0x4(r12)
FFEC4B7C* 7C0903A6  mtspr   CTR, r0
FFEC4B80* 4E800420  bctr

sub_FFEC4B84:
FFEC4B84* 8182FD44  lwz     r12, -0x2BC(r2)
FFEC4B88* 90410014  stw     r2, 0x14(r1)
FFEC4B8C* 800C0000  lwz     r0, 0x0(r12)
FFEC4B90* 804C0004  lwz     r2, 0x4(r12)
FFEC4B94* 7C0903A6  mtspr   CTR, r0
FFEC4B98* 4E800420  bctr

sub_FFEC4B9C:
FFEC4B9C* 8182FD30  lwz     r12, -0x2D0(r2)
FFEC4BA0* 90410014  stw     r2, 0x14(r1)
FFEC4BA4* 800C0000  lwz     r0, 0x0(r12)
FFEC4BA8* 804C0004  lwz     r2, 0x4(r12)
FFEC4BAC* 7C0903A6  mtspr   CTR, r0
FFEC4BB0* 4E800420  bctr

sub_FFEC4BB4:
FFEC4BB4? 8182FD6C  lwz     r12, -0x294(r2)
FFEC4BB8? 90410014  stw     r2, 0x14(r1)
FFEC4BBC? 800C0000  lwz     r0, 0x0(r12)
FFEC4BC0? 804C0004  lwz     r2, 0x4(r12)
FFEC4BC4? 7C0903A6  mtspr   CTR, r0
FFEC4BC8? 4E800420  bctr

sub_FFEC4BCC:
FFEC4BCC? 8182FD74  lwz     r12, -0x28C(r2)
FFEC4BD0? 90410014  stw     r2, 0x14(r1)
FFEC4BD4? 800C0000  lwz     r0, 0x0(r12)
FFEC4BD8? 804C0004  lwz     r2, 0x4(r12)
FFEC4BDC? 7C0903A6  mtspr   CTR, r0
FFEC4BE0? 4E800420  bctr

sub_FFEC4BE4:
FFEC4BE4* 8182FD10  lwz     r12, -0x2F0(r2)
FFEC4BE8* 90410014  stw     r2, 0x14(r1)
FFEC4BEC* 800C0000  lwz     r0, 0x0(r12)
FFEC4BF0* 804C0004  lwz     r2, 0x4(r12)
FFEC4BF4* 7C0903A6  mtspr   CTR, r0
FFEC4BF8* 4E800420  bctr

sub_FFEC4BFC:
FFEC4BFC* 8182FD70  lwz     r12, -0x290(r2)
FFEC4C00* 90410014  stw     r2, 0x14(r1)
FFEC4C04* 800C0000  lwz     r0, 0x0(r12)
FFEC4C08* 804C0004  lwz     r2, 0x4(r12)
FFEC4C0C* 7C0903A6  mtspr   CTR, r0
FFEC4C10* 4E800420  bctr

sub_FFEC4C14:
FFEC4C14? 8182FD98  lwz     r12, -0x268(r2)
FFEC4C18? 90410014  stw     r2, 0x14(r1)
FFEC4C1C? 800C0000  lwz     r0, 0x0(r12)
FFEC4C20? 804C0004  lwz     r2, 0x4(r12)
FFEC4C24? 7C0903A6  mtspr   CTR, r0
FFEC4C28? 4E800420  bctr

sub_FFEC4C2C:
FFEC4C2C  8182FD18  lwz     r12, -0x2E8(r2)
FFEC4C30  90410014  stw     r2, 0x14(r1)
FFEC4C34  800C0000  lwz     r0, 0x0(r12)
FFEC4C38  804C0004  lwz     r2, 0x4(r12)
FFEC4C3C  7C0903A6  mtspr   CTR, r0
FFEC4C40  4E800420  bctr

sub_FFEC4C44:
FFEC4C44* 8182FD1C  lwz     r12, -0x2E4(r2)
FFEC4C48* 90410014  stw     r2, 0x14(r1)
FFEC4C4C* 800C0000  lwz     r0, 0x0(r12)
FFEC4C50* 804C0004  lwz     r2, 0x4(r12)
FFEC4C54* 7C0903A6  mtspr   CTR, r0
FFEC4C58* 4E800420  bctr

sub_FFEC4C5C:
FFEC4C5C  8182FD20  lwz     r12, -0x2E0(r2)
FFEC4C60  90410014  stw     r2, 0x14(r1)
FFEC4C64  800C0000  lwz     r0, 0x0(r12)
FFEC4C68  804C0004  lwz     r2, 0x4(r12)
FFEC4C6C  7C0903A6  mtspr   CTR, r0
FFEC4C70  4E800420  bctr

sub_FFEC4C74:
FFEC4C74  8182FD48  lwz     r12, -0x2B8(r2)
FFEC4C78  90410014  stw     r2, 0x14(r1)
FFEC4C7C  800C0000  lwz     r0, 0x0(r12)
FFEC4C80  804C0004  lwz     r2, 0x4(r12)
FFEC4C84  7C0903A6  mtspr   CTR, r0
FFEC4C88  4E800420  bctr

sub_FFEC4C8C:
FFEC4C8C  8182FD50  lwz     r12, -0x2B0(r2)
FFEC4C90  90410014  stw     r2, 0x14(r1)
FFEC4C94  800C0000  lwz     r0, 0x0(r12)
FFEC4C98  804C0004  lwz     r2, 0x4(r12)
FFEC4C9C  7C0903A6  mtspr   CTR, r0
FFEC4CA0  4E800420  bctr

sub_FFEC4CA4:
FFEC4CA4* 8182FD24  lwz     r12, -0x2DC(r2)
FFEC4CA8* 90410014  stw     r2, 0x14(r1)
FFEC4CAC* 800C0000  lwz     r0, 0x0(r12)
FFEC4CB0* 804C0004  lwz     r2, 0x4(r12)
FFEC4CB4* 7C0903A6  mtspr   CTR, r0
FFEC4CB8* 4E800420  bctr

sub_FFEC4CBC:
FFEC4CBC  8182FD28  lwz     r12, -0x2D8(r2)
FFEC4CC0  90410014  stw     r2, 0x14(r1)
FFEC4CC4  800C0000  lwz     r0, 0x0(r12)
FFEC4CC8  804C0004  lwz     r2, 0x4(r12)
FFEC4CCC  7C0903A6  mtspr   CTR, r0
FFEC4CD0  4E800420  bctr

sub_FFEC4CD4:
FFEC4CD4* 8182FD80  lwz     r12, -0x280(r2)
FFEC4CD8* 90410014  stw     r2, 0x14(r1)
FFEC4CDC* 800C0000  lwz     r0, 0x0(r12)
FFEC4CE0* 804C0004  lwz     r2, 0x4(r12)
FFEC4CE4* 7C0903A6  mtspr   CTR, r0
FFEC4CE8* 4E800420  bctr

sub_FFEC4CEC:
FFEC4CEC  8182FD7C  lwz     r12, -0x284(r2)
FFEC4CF0  90410014  stw     r2, 0x14(r1)
FFEC4CF4  800C0000  lwz     r0, 0x0(r12)
FFEC4CF8  804C0004  lwz     r2, 0x4(r12)
FFEC4CFC  7C0903A6  mtspr   CTR, r0
FFEC4D00  4E800420  bctr

sub_FFEC4D04:
FFEC4D04* 800C0000  lwz     r0, 0x0(r12)
FFEC4D08* 90410014  stw     r2, 0x14(r1)
FFEC4D0C* 7C0903A6  mtspr   CTR, r0
FFEC4D10* 804C0004  lwz     r2, 0x4(r12)
FFEC4D14* 4E800420  bctr

; ----------------------------------------------------------------------------
; data section 1 (pidata), unpacked 10E4 bytes; addresses are offsets in the section;
; relocated words are named (imports) or point into a section (code+X / data+X).
; ----------------------------------------------------------------------------
+00000  00000000  -> InterfaceLib::CallUniversalProc
+00004  00000000  -> InterfaceLib::CallOSTrapUniversalProc
+00008  00000000  -> InterfaceLib::SysError
+0000C  00000000  -> InterfaceLib::NewPtrSys
+00010  00000000  -> InterfaceLib::NewPtrSysClear
+00014  00000000  -> InterfaceLib::DisposePtr
+00018  00000000  -> InterfaceLib::SetPtrSize
+0001C  00000000  -> InterfaceLib::LockMemory
+00020  00000000  -> InterfaceLib::LockMemoryContiguous
+00024  00000000  -> InterfaceLib::UnlockMemory
+00028  00000000  -> InterfaceLib::DeferUserFn
+0002C  00000000  -> InterfaceLib::GetResource
+00030  00000000  -> InterfaceLib::GetResourceSizeOnDisk
+00034  00000000  -> InterfaceLib::InsXTime
+00038  00000000  -> InterfaceLib::PrimeTime
+0003C  00000000  -> InterfaceLib::Gestalt
+00040  00000000  -> InterfaceLib::NewGestalt
+00044  00000000  -> InterfaceLib::LMGetROMBase
+00048  00000000  -> InterfaceLib::GetPhysical
+0004C  00000000  -> InterfaceLib::MemError
+00050  00000000  -> InterfaceLib::NGetTrapAddress
+00054  00000000  -> InterfaceLib::NSetTrapAddress
+00058  00000000  -> InterfaceLib::Delay
+0005C  00000000  -> InterfaceLib::SCSIAction
+00060  00000000  -> InterfaceLib::SCSIRegisterBus
+00064  00000000  -> InterfaceLib::SCSIReregisterBus
+00068  00000000  -> InterfaceLib::DebugStr
+0006C  00000000  -> InterfaceLib::BlockMove
+00070  00000000  -> InterfaceLib::BlockMoveData
+00074  00000000  -> PrivateInterfaceLib::GetEmulatorRegister
+00078  00000000  -> PrivateInterfaceLib::SetEmulatorRegister
+0007C  00000000  -> PrivateInterfaceLib::LMGetExpandMem
+00080  00000000  -> PrivateInterfaceLib::LMGetSCSIDrvrs
+00084  00000000  -> PrivateInterfaceLib::LMGetSCSIBase
+00088  00000000  -> PrivateInterfaceLib::LMGetSCSIGlobals
+0008C  00000000  -> PrivateInterfaceLib::LMGetVMVectors
+00090  00000000  -> PrivateInterfaceLib::LMSetVIA2DT
+00094  00000000  -> PrivateInterfaceLib::LMGetOldTimeSCSIDB
+00098  00000E2C  -> code+E2C = FFEB366C
+0009C  00002F58  -> code+2F58 = FFEB5798
+000A0  000034E8  -> code+34E8 = FFEB5D28
+000A4  00003D40  -> code+3D40 = FFEB6580
+000A8  00004394  -> code+4394 = FFEB6BD4
+000AC  00004AF8  -> code+4AF8 = FFEB7338
+000B0  000063B8  -> code+63B8 = FFEB8BF8
+000B4  000082F8  -> code+82F8 = FFEBAB38
+000B8  000087F8  -> code+87F8 = FFEBB038
+000BC  0000984C  -> code+984C = FFEBC08C
+000C0  00009878  -> code+9878 = FFEBC0B8
+000C4  0000C10C  -> code+C10C = FFEBE94C
+000C8  0000C130  -> code+C130 = FFEBE970
+000CC  0000C4B0  -> code+C4B0 = FFEBECF0
+000D0  0000C9BC  -> code+C9BC = FFEBF1FC
+000D4  0000DAA0  -> code+DAA0 = FFEC02E0
+000D8  0000DADC  -> code+DADC = FFEC031C
+000DC  0001031C  -> code+1031C = FFEC2B5C
+000E0  00010960  -> code+10960 = FFEC31A0
+000E4  00011310  -> code+11310 = FFEC3B50
+000E8  00011440  -> code+11440 = FFEC3C80
+000EC  00011B7C  -> code+11B7C = FFEC43BC
+000F0  00000950  -> data+950
+000F4  0000050C  -> data+50C
+000F8  00000314  -> data+314
+000FC  00000308  -> data+308
+00100  00000320  -> data+320
+00104  00000338  -> data+338
+00108  0000032C  -> data+32C
+0010C  0000035C  -> data+35C
+00110  000003BC  -> data+3BC
+00114  000003A4  -> data+3A4
+00118  00000398  -> data+398
+0011C  00000380  -> data+380
+00120  00000518  -> data+518
+00124  00000368  -> data+368
+00128  00000374  -> data+374
+0012C  00000524  -> data+524
+00130  000003C8  -> data+3C8
+00134  000003D4  -> data+3D4
+00138  000003E0  -> data+3E0
+0013C  000003EC  -> data+3EC
+00140  0000044C  -> data+44C
+00144  00000458  -> data+458
+00148  000002FC  -> data+2FC
+0014C  0000038C  -> data+38C
+00150  000003B0  -> data+3B0
+00154  00000404  -> data+404
+00158  00000410  -> data+410
+0015C  0000041C  -> data+41C
+00160  00000434  -> data+434
+00164  00000440  -> data+440
+00168  00000428  -> data+428
+0016C  000009A0  -> data+9A0
+00170  000009E0  -> data+9E0
+00174  00000A20  -> data+A20
+00178  00000A38  -> data+A38
+0017C  00000A60  -> data+A60
+00180  00000704  -> data+704
+00184  00000638  -> data+638
+00188  000006BC  -> data+6BC
+0018C  00000548  -> data+548
+00190  00000698  -> data+698
+00194  000006A4  -> data+6A4
+00198  00000344  -> data+344
+0019C  000006B0  -> data+6B0
+001A0  00000350  -> data+350
+001A4  0000053C  -> data+53C
+001A8  00000530  -> data+530
+001AC  000003F8  -> data+3F8
+001B0  00000644  -> data+644
+001B4  000006C8  -> data+6C8
+001B8  000005B4  -> data+5B4
+001BC  0000068C  -> data+68C
+001C0  0000059C  -> data+59C
+001C4  00000680  -> data+680
+001C8  00000668  -> data+668
+001CC  00000608  -> data+608
+001D0  00000620  -> data+620
+001D4  00000614  -> data+614
+001D8  00000710  -> data+710
+001DC  000005A8  -> data+5A8
+001E0  00000650  -> data+650
+001E4  0000065C  -> data+65C
+001E8  00000464  -> data+464
+001EC  00000470  -> data+470
+001F0  000005C0  -> data+5C0
+001F4  000005CC  -> data+5CC
+001F8  000005D8  -> data+5D8
+001FC  000005E4  -> data+5E4
+00200  000005F0  -> data+5F0
+00204  000005FC  -> data+5FC
+00208  000006EC  -> data+6EC
+0020C  000006D4  -> data+6D4
+00210  000006F8  -> data+6F8
+00214  000006E0  -> data+6E0
+00218  0000062C  -> data+62C
+0021C  000004E8  -> data+4E8
+00220  000004F4  -> data+4F4
+00224  00000500  -> data+500
+00228  00000674  -> data+674
+0022C  00000554  -> data+554
+00230  00000560  -> data+560
+00234  0000056C  -> data+56C
+00238  00000590  -> data+590
+0023C  00000488  -> data+488
+00240  000004A0  -> data+4A0
+00244  000004C4  -> data+4C4
+00248  000004DC  -> data+4DC
+0024C  0000047C  -> data+47C
+00250  00000494  -> data+494
+00254  000004AC  -> data+4AC
+00258  000004D0  -> data+4D0
+0025C  000004B8  -> data+4B8
+00260  00000578  -> data+578
+00264  00000584  -> data+584
+00268  00000B10  -> data+B10
+0026C  00000B50  -> data+B50
+00270  00000B70  -> data+B70
+00274  00000B90  -> data+B90
+00278  00000FB0  -> data+FB0
+0027C  00000FD0  -> data+FD0
+00280  00000FF0  -> data+FF0
+00284  00001010  -> data+1010
+00288  00001030  -> data+1030
+0028C  00001050  -> data+1050
+00290  00000794  -> data+794
+00294  00001070  -> data+1070
+00298  00001090  -> data+1090
+0029C  000010B0  -> data+10B0
+002A0  000010D0  -> data+10D0
+002A4  00000E30  -> data+E30
+002A8  00000BB0  -> data+BB0
+002AC  00000E50  -> data+E50
+002B0  00000BD0  -> data+BD0
+002B4  00000BF0  -> data+BF0
+002B8  00000C10  -> data+C10
+002BC  00000C30  -> data+C30
+002C0  00000C50  -> data+C50
+002C4  00000C70  -> data+C70
+002C8  00000C90  -> data+C90
+002CC  00000CB0  -> data+CB0
+002D0  00000CD0  -> data+CD0
+002D4  00000CF0  -> data+CF0
+002D8  00000D10  -> data+D10
+002DC  00000D30  -> data+D30
+002E0  00000D50  -> data+D50
+002E4  00000D70  -> data+D70
+002E8  00000D90  -> data+D90
+002EC  00000DB0  -> data+DB0
+002F0  00000DD0  -> data+DD0
+002F4  00000DF0  -> data+DF0
+002F8  00000E10  -> data+E10
+002FC  00000C40  -> code+C40 = FFEB3480
+00300  000002FC  -> data+2FC
+00308  00000008  -> code+8 = FFEB2848
+0030C  000002FC  -> data+2FC
+00314  0000022C  -> code+22C = FFEB2A6C
+00318  000002FC  -> data+2FC
+00320  0000177C  -> code+177C = FFEB3FBC
+00324  000002FC  -> data+2FC
+0032C  0000161C  -> code+161C = FFEB3E5C
+00330  000002FC  -> data+2FC
+00338  00001754  -> code+1754 = FFEB3F94
+0033C  000002FC  -> data+2FC
+00344  0000172C  -> code+172C = FFEB3F6C
+00348  000002FC  -> data+2FC
+00350  000017A4  -> code+17A4 = FFEB3FE4
+00354  000002FC  -> data+2FC
+0035C  000003C0  -> code+3C0 = FFEB2C00
+00360  000002FC  -> data+2FC
+00368  00000844  -> code+844 = FFEB3084
+0036C  000002FC  -> data+2FC
+00374  000009FC  -> code+9FC = FFEB323C
+00378  000002FC  -> data+2FC
+00380  00000E60  -> code+E60 = FFEB36A0
+00384  000002FC  -> data+2FC
+0038C  00000FD0  -> code+FD0 = FFEB3810
+00390  000002FC  -> data+2FC
+00398  0000133C  -> code+133C = FFEB3B7C
+0039C  000002FC  -> data+2FC
+003A4  000014F0  -> code+14F0 = FFEB3D30
+003A8  000002FC  -> data+2FC
+003B0  00001428  -> code+1428 = FFEB3C68
+003B4  000002FC  -> data+2FC
+003BC  00001630  -> code+1630 = FFEB3E70
+003C0  000002FC  -> data+2FC
+003C8  00001728  -> code+1728 = FFEB3F68
+003CC  000002FC  -> data+2FC
+003D4  00001538  -> code+1538 = FFEB3D78
+003D8  000002FC  -> data+2FC
+003E0  000015E0  -> code+15E0 = FFEB3E20
+003E4  000002FC  -> data+2FC
+003EC  00001724  -> code+1724 = FFEB3F64
+003F0  000002FC  -> data+2FC
+003F8  00000000  -> code+0 = FFEB2840
+003FC  000002FC  -> data+2FC
+00404  00001920  -> code+1920 = FFEB4160
+00408  000002FC  -> data+2FC
+00410  00001B6C  -> code+1B6C = FFEB43AC
+00414  000002FC  -> data+2FC
+0041C  00001C28  -> code+1C28 = FFEB4468
+00420  000002FC  -> data+2FC
+00428  00001CC0  -> code+1CC0 = FFEB4500
+0042C  000002FC  -> data+2FC
+00434  00001CC4  -> code+1CC4 = FFEB4504
+00438  000002FC  -> data+2FC
+00440  00001CFC  -> code+1CFC = FFEB453C
+00444  000002FC  -> data+2FC
+0044C  00001D58  -> code+1D58 = FFEB4598
+00450  000002FC  -> data+2FC
+00458  000021F4  -> code+21F4 = FFEB4A34
+0045C  000002FC  -> data+2FC
+00464  000027FC  -> code+27FC = FFEB503C
+00468  000002FC  -> data+2FC
+00470  00002820  -> code+2820 = FFEB5060
+00474  000002FC  -> data+2FC
+0047C  00002C6C  -> code+2C6C = FFEB54AC
+00480  000002FC  -> data+2FC
+00488  00002CA0  -> code+2CA0 = FFEB54E0
+0048C  000002FC  -> data+2FC
+00494  00002CD4  -> code+2CD4 = FFEB5514
+00498  000002FC  -> data+2FC
+004A0  00002D08  -> code+2D08 = FFEB5548
+004A4  000002FC  -> data+2FC
+004AC  00002D3C  -> code+2D3C = FFEB557C
+004B0  000002FC  -> data+2FC
+004B8  00002DA4  -> code+2DA4 = FFEB55E4
+004BC  000002FC  -> data+2FC
+004C4  00002D70  -> code+2D70 = FFEB55B0
+004C8  000002FC  -> data+2FC
+004D0  00002E00  -> code+2E00 = FFEB5640
+004D4  000002FC  -> data+2FC
+004DC  00002E1C  -> code+2E1C = FFEB565C
+004E0  000002FC  -> data+2FC
+004E8  00002844  -> code+2844 = FFEB5084
+004EC  000002FC  -> data+2FC
+004F4  00002B1C  -> code+2B1C = FFEB535C
+004F8  000002FC  -> data+2FC
+00500  00002A2C  -> code+2A2C = FFEB526C
+00504  000002FC  -> data+2FC
+0050C  000030AC  -> code+30AC = FFEB58EC
+00510  000002FC  -> data+2FC
+00518  00003EA0  -> code+3EA0 = FFEB66E0
+0051C  000002FC  -> data+2FC
+00524  000040C0  -> code+40C0 = FFEB6900
+00528  000002FC  -> data+2FC
+00530  000046B0  -> code+46B0 = FFEB6EF0
+00534  000002FC  -> data+2FC
+0053C  0000462C  -> code+462C = FFEB6E6C
+00540  000002FC  -> data+2FC
+00548  00004580  -> code+4580 = FFEB6DC0
+0054C  000002FC  -> data+2FC
+00554  000043A8  -> code+43A8 = FFEB6BE8
+00558  000002FC  -> data+2FC
+00560  000043D8  -> code+43D8 = FFEB6C18
+00564  000002FC  -> data+2FC
+0056C  000043E8  -> code+43E8 = FFEB6C28
+00570  000002FC  -> data+2FC
+00578  00004438  -> code+4438 = FFEB6C78
+0057C  000002FC  -> data+2FC
+00584  00004490  -> code+4490 = FFEB6CD0
+00588  000002FC  -> data+2FC
+00590  00004418  -> code+4418 = FFEB6C58
+00594  000002FC  -> data+2FC
+0059C  000046C8  -> code+46C8 = FFEB6F08
+005A0  000002FC  -> data+2FC
+005A8  000046CC  -> code+46CC = FFEB6F0C
+005AC  000002FC  -> data+2FC
+005B4  0000471C  -> code+471C = FFEB6F5C
+005B8  000002FC  -> data+2FC
+005C0  00004E3C  -> code+4E3C = FFEB767C
+005C4  000002FC  -> data+2FC
+005CC  00004EB4  -> code+4EB4 = FFEB76F4
+005D0  000002FC  -> data+2FC
+005D8  00004DC0  -> code+4DC0 = FFEB7600
+005DC  000002FC  -> data+2FC
+005E4  00004B1C  -> code+4B1C = FFEB735C
+005E8  000002FC  -> data+2FC
+005F0  000047D0  -> code+47D0 = FFEB7010
+005F4  000002FC  -> data+2FC
+005FC  00004C50  -> code+4C50 = FFEB7490
+00600  000002FC  -> data+2FC
+00608  00004EB8  -> code+4EB8 = FFEB76F8
+0060C  000002FC  -> data+2FC
+00614  00004ED4  -> code+4ED4 = FFEB7714
+00618  000002FC  -> data+2FC
+00620  00004EF0  -> code+4EF0 = FFEB7730
+00624  000002FC  -> data+2FC
+0062C  00005FEC  -> code+5FEC = FFEB882C
+00630  000002FC  -> data+2FC
+00638  00004F18  -> code+4F18 = FFEB7758
+0063C  000002FC  -> data+2FC
+00644  00005274  -> code+5274 = FFEB7AB4
+00648  000002FC  -> data+2FC
+00650  00005B68  -> code+5B68 = FFEB83A8
+00654  000002FC  -> data+2FC
+0065C  00005E10  -> code+5E10 = FFEB8650
+00660  000002FC  -> data+2FC
+00668  000063EC  -> code+63EC = FFEB8C2C
+0066C  000002FC  -> data+2FC
+00674  00006628  -> code+6628 = FFEB8E68
+00678  000002FC  -> data+2FC
+00680  00006A48  -> code+6A48 = FFEB9288
+00684  000002FC  -> data+2FC
+0068C  00006C08  -> code+6C08 = FFEB9448
+00690  000002FC  -> data+2FC
+00698  00006D30  -> code+6D30 = FFEB9570
+0069C  000002FC  -> data+2FC
+006A4  00006E08  -> code+6E08 = FFEB9648
+006A8  000002FC  -> data+2FC
+006B0  00006E44  -> code+6E44 = FFEB9684
+006B4  000002FC  -> data+2FC
+006BC  00006EB8  -> code+6EB8 = FFEB96F8
+006C0  000002FC  -> data+2FC
+006C8  000070AC  -> code+70AC = FFEB98EC
+006CC  000002FC  -> data+2FC
+006D4  000072F8  -> code+72F8 = FFEB9B38
+006D8  000002FC  -> data+2FC
+006E0  00007B24  -> code+7B24 = FFEBA364
+006E4  000002FC  -> data+2FC
+006EC  0000753C  -> code+753C = FFEB9D7C
+006F0  000002FC  -> data+2FC
+006F8  00007D48  -> code+7D48 = FFEBA588
+006FC  000002FC  -> data+2FC
+00704  00008490  -> code+8490 = FFEBACD0
+00708  000002FC  -> data+2FC
+00710  00008CB8  -> code+8CB8 = FFEBB4F8
+00714  000002FC  -> data+2FC
+0071C  00009890  -> code+9890 = FFEBC0D0
+00720  000002FC  -> data+2FC
+00728  00008E38  -> code+8E38 = FFEBB678
+0072C  000002FC  -> data+2FC
+00734  00009B88  -> code+9B88 = FFEBC3C8
+00738  000002FC  -> data+2FC
+00740  00009C8C  -> code+9C8C = FFEBC4CC
+00744  000002FC  -> data+2FC
+0074C  00009EF4  -> code+9EF4 = FFEBC734
+00750  000002FC  -> data+2FC
+00758  0000AE6C  -> code+AE6C = FFEBD6AC
+0075C  000002FC  -> data+2FC
+00764  0000B380  -> code+B380 = FFEBDBC0
+00768  000002FC  -> data+2FC
+00770  0000AE3C  -> code+AE3C = FFEBD67C
+00774  000002FC  -> data+2FC
+0077C  0000AF14  -> code+AF14 = FFEBD754
+00780  000002FC  -> data+2FC
+00788  0000B284  -> code+B284 = FFEBDAC4
+0078C  000002FC  -> data+2FC
+00794  0000B3B0  -> code+B3B0 = FFEBDBF0
+00798  000002FC  -> data+2FC
+007A0  0000B6C0  -> code+B6C0 = FFEBDF00
+007A4  000002FC  -> data+2FC
+007AC  0000B7B8  -> code+B7B8 = FFEBDFF8
+007B0  000002FC  -> data+2FC
+007B8  0000B90C  -> code+B90C = FFEBE14C
+007BC  000002FC  -> data+2FC
+007C4  0000C9F0  -> code+C9F0 = FFEBF230
+007C8  000002FC  -> data+2FC
+007D0  0000E5F4  -> code+E5F4 = FFEC0E34
+007D4  000002FC  -> data+2FC
+007DC  0000F57C  -> code+F57C = FFEC1DBC
+007E0  000002FC  -> data+2FC
+007E8  0000F730  -> code+F730 = FFEC1F70
+007EC  000002FC  -> data+2FC
+007F4  000107B0  -> code+107B0 = FFEC2FF0
+007F8  000002FC  -> data+2FC
+00800  00010974  -> code+10974 = FFEC31B4
+00804  000002FC  -> data+2FC
+0080C  00010AA0  -> code+10AA0 = FFEC32E0
+00810  000002FC  -> data+2FC
+00818  00010AF0  -> code+10AF0 = FFEC3330
+0081C  000002FC  -> data+2FC
+00824  00010B40  -> code+10B40 = FFEC3380
+00828  000002FC  -> data+2FC
+00830  00010B90  -> code+10B90 = FFEC33D0
+00834  000002FC  -> data+2FC
+0083C  00010BE0  -> code+10BE0 = FFEC3420
+00840  000002FC  -> data+2FC
+00848  00010C30  -> code+10C30 = FFEC3470
+0084C  000002FC  -> data+2FC
+00854  00010C80  -> code+10C80 = FFEC34C0
+00858  000002FC  -> data+2FC
+00860  00010CD0  -> code+10CD0 = FFEC3510
+00864  000002FC  -> data+2FC
+0086C  00010D20  -> code+10D20 = FFEC3560
+00870  000002FC  -> data+2FC
+00878  00010D70  -> code+10D70 = FFEC35B0
+0087C  000002FC  -> data+2FC
+00884  00010DC0  -> code+10DC0 = FFEC3600
+00888  000002FC  -> data+2FC
+00890  00010E10  -> code+10E10 = FFEC3650
+00894  000002FC  -> data+2FC
+0089C  00010E60  -> code+10E60 = FFEC36A0
+008A0  000002FC  -> data+2FC
+008A8  00010EB0  -> code+10EB0 = FFEC36F0
+008AC  000002FC  -> data+2FC
+008B4  00010F00  -> code+10F00 = FFEC3740
+008B8  000002FC  -> data+2FC
+008C0  00010F50  -> code+10F50 = FFEC3790
+008C4  000002FC  -> data+2FC
+008CC  00011960  -> code+11960 = FFEC41A0
+008D0  000002FC  -> data+2FC
+008D8  00011170  -> code+11170 = FFEC39B0
+008DC  000002FC  -> data+2FC
+008E4  00011130  -> code+11130 = FFEC3970
+008E8  000002FC  -> data+2FC
+008F0  00011324  -> code+11324 = FFEC3B64
+008F4  000002FC  -> data+2FC
+008FC  00011458  -> code+11458 = FFEC3C98
+00900  000002FC  -> data+2FC
+00908  0001153C  -> code+1153C = FFEC3D7C
+0090C  000002FC  -> data+2FC
+00914  000117E0  -> code+117E0 = FFEC4020
+00918  000002FC  -> data+2FC
+00920  00011988  -> code+11988 = FFEC41C8
+00924  000002FC  -> data+2FC
+0092C  00011B94  -> code+11B94 = FFEC43D4
+00930  000002FC  -> data+2FC
+00938  00011D0C  -> code+11D0C = FFEC454C
+0093C  000002FC  -> data+2FC
+00944  00011E78  -> code+11E78 = FFEC46B8
+00948  000002FC  -> data+2FC
+00B24  0000071C  -> data+71C
+00B44  00000728  -> data+728
+00B64  000007C4  -> data+7C4
+00B84  000007A0  -> data+7A0
+00BA4  000007DC  -> data+7DC
+00BC4  00000800  -> data+800
+00BE4  000007E8  -> data+7E8
+00C04  00000740  -> data+740
+00C24  00000734  -> data+734
+00C44  0000080C  -> data+80C
+00C64  00000818  -> data+818
+00C84  00000824  -> data+824
+00CA4  00000830  -> data+830
+00CC4  0000083C  -> data+83C
+00CE4  00000848  -> data+848
+00D04  00000854  -> data+854
+00D24  00000860  -> data+860
+00D44  0000086C  -> data+86C
+00D64  00000878  -> data+878
+00D84  00000884  -> data+884
+00DA4  00000890  -> data+890
+00DC4  0000089C  -> data+89C
+00DE4  000008A8  -> data+8A8
+00E04  000008B4  -> data+8B4
+00E24  000008C0  -> data+8C0
+00E44  000007F4  -> data+7F4
+00E64  000008D8  -> data+8D8
+00E78  000008FC  -> data+8FC
+00E8C  00000908  -> data+908
+00EA0  00000914  -> data+914
+00EB4  00000944  -> data+944
+00EC8  00000920  -> data+920
+00EDC  00000920  -> data+920
+00EF0  000008CC  -> data+8CC
+00F04  00000920  -> data+920
+00F18  00000920  -> data+920
+00F2C  000008F0  -> data+8F0
+00F40  00000908  -> data+908
+00F54  0000092C  -> data+92C
+00F68  00000938  -> data+938
+00F7C  000008E4  -> data+8E4
+00FA4  000008CC  -> data+8CC
+00FC4  0000074C  -> data+74C
+00FE4  0000077C  -> data+77C
+01004  00000788  -> data+788
+01024  00000764  -> data+764
+01044  00000758  -> data+758
+01064  00000770  -> data+770
+01084  000007B8  -> data+7B8
+010A4  000007AC  -> data+7AC
+010C4  000007D0  -> data+7D0
; full unpacked image:
00000000  ... 90 zero bytes ...
00000090  00 00 00 00 00 00 00 00 00 00 0E 2C 00 00 2F 58  |...........,../X|
000000A0  00 00 34 E8 00 00 3D 40 00 00 43 94 00 00 4A F8  |..4...=@..C...J.|
000000B0  00 00 63 B8 00 00 82 F8 00 00 87 F8 00 00 98 4C  |..c............L|
000000C0  00 00 98 78 00 00 C1 0C 00 00 C1 30 00 00 C4 B0  |...x.......0....|
000000D0  00 00 C9 BC 00 00 DA A0 00 00 DA DC 00 01 03 1C  |................|
000000E0  00 01 09 60 00 01 13 10 00 01 14 40 00 01 1B 7C  |...`.......@...||
000000F0  00 00 09 50 00 00 05 0C 00 00 03 14 00 00 03 08  |...P............|
00000100  00 00 03 20 00 00 03 38 00 00 03 2C 00 00 03 5C  |... ...8...,...\|
00000110  00 00 03 BC 00 00 03 A4 00 00 03 98 00 00 03 80  |................|
00000120  00 00 05 18 00 00 03 68 00 00 03 74 00 00 05 24  |.......h...t...$|
00000130  00 00 03 C8 00 00 03 D4 00 00 03 E0 00 00 03 EC  |................|
00000140  00 00 04 4C 00 00 04 58 00 00 02 FC 00 00 03 8C  |...L...X........|
00000150  00 00 03 B0 00 00 04 04 00 00 04 10 00 00 04 1C  |................|
00000160  00 00 04 34 00 00 04 40 00 00 04 28 00 00 09 A0  |...4...@...(....|
00000170  00 00 09 E0 00 00 0A 20 00 00 0A 38 00 00 0A 60  |....... ...8...`|
00000180  00 00 07 04 00 00 06 38 00 00 06 BC 00 00 05 48  |.......8.......H|
00000190  00 00 06 98 00 00 06 A4 00 00 03 44 00 00 06 B0  |...........D....|
000001A0  00 00 03 50 00 00 05 3C 00 00 05 30 00 00 03 F8  |...P...<...0....|
000001B0  00 00 06 44 00 00 06 C8 00 00 05 B4 00 00 06 8C  |...D............|
000001C0  00 00 05 9C 00 00 06 80 00 00 06 68 00 00 06 08  |...........h....|
000001D0  00 00 06 20 00 00 06 14 00 00 07 10 00 00 05 A8  |... ............|
000001E0  00 00 06 50 00 00 06 5C 00 00 04 64 00 00 04 70  |...P...\...d...p|
000001F0  00 00 05 C0 00 00 05 CC 00 00 05 D8 00 00 05 E4  |................|
00000200  00 00 05 F0 00 00 05 FC 00 00 06 EC 00 00 06 D4  |................|
00000210  00 00 06 F8 00 00 06 E0 00 00 06 2C 00 00 04 E8  |...........,....|
00000220  00 00 04 F4 00 00 05 00 00 00 06 74 00 00 05 54  |...........t...T|
00000230  00 00 05 60 00 00 05 6C 00 00 05 90 00 00 04 88  |...`...l........|
00000240  00 00 04 A0 00 00 04 C4 00 00 04 DC 00 00 04 7C  |...............||
00000250  00 00 04 94 00 00 04 AC 00 00 04 D0 00 00 04 B8  |................|
00000260  00 00 05 78 00 00 05 84 00 00 0B 10 00 00 0B 50  |...x...........P|
00000270  00 00 0B 70 00 00 0B 90 00 00 0F B0 00 00 0F D0  |...p............|
00000280  00 00 0F F0 00 00 10 10 00 00 10 30 00 00 10 50  |...........0...P|
00000290  00 00 07 94 00 00 10 70 00 00 10 90 00 00 10 B0  |.......p........|
000002A0  00 00 10 D0 00 00 0E 30 00 00 0B B0 00 00 0E 50  |.......0.......P|
000002B0  00 00 0B D0 00 00 0B F0 00 00 0C 10 00 00 0C 30  |...............0|
000002C0  00 00 0C 50 00 00 0C 70 00 00 0C 90 00 00 0C B0  |...P...p........|
000002D0  00 00 0C D0 00 00 0C F0 00 00 0D 10 00 00 0D 30  |...............0|
000002E0  00 00 0D 50 00 00 0D 70 00 00 0D 90 00 00 0D B0  |...P...p........|
000002F0  00 00 0D D0 00 00 0D F0 00 00 0E 10 00 00 0C 40  |...............@|
00000300  00 00 02 FC 00 00 00 00 00 00 00 08 00 00 02 FC  |................|
00000310  00 00 00 00 00 00 02 2C 00 00 02 FC 00 00 00 00  |.......,........|
00000320  00 00 17 7C 00 00 02 FC 00 00 00 00 00 00 16 1C  |...|............|
00000330  00 00 02 FC 00 00 00 00 00 00 17 54 00 00 02 FC  |...........T....|
00000340  00 00 00 00 00 00 17 2C 00 00 02 FC 00 00 00 00  |.......,........|
00000350  00 00 17 A4 00 00 02 FC 00 00 00 00 00 00 03 C0  |................|
00000360  00 00 02 FC 00 00 00 00 00 00 08 44 00 00 02 FC  |...........D....|
00000370  00 00 00 00 00 00 09 FC 00 00 02 FC 00 00 00 00  |................|
00000380  00 00 0E 60 00 00 02 FC 00 00 00 00 00 00 0F D0  |...`............|
00000390  00 00 02 FC 00 00 00 00 00 00 13 3C 00 00 02 FC  |...........<....|
000003A0  00 00 00 00 00 00 14 F0 00 00 02 FC 00 00 00 00  |................|
000003B0  00 00 14 28 00 00 02 FC 00 00 00 00 00 00 16 30  |...(...........0|
000003C0  00 00 02 FC 00 00 00 00 00 00 17 28 00 00 02 FC  |...........(....|
000003D0  00 00 00 00 00 00 15 38 00 00 02 FC 00 00 00 00  |.......8........|
000003E0  00 00 15 E0 00 00 02 FC 00 00 00 00 00 00 17 24  |...............$|
000003F0  00 00 02 FC 00 00 00 00 00 00 00 00 00 00 02 FC  |................|
00000400  00 00 00 00 00 00 19 20 00 00 02 FC 00 00 00 00  |....... ........|
00000410  00 00 1B 6C 00 00 02 FC 00 00 00 00 00 00 1C 28  |...l...........(|
00000420  00 00 02 FC 00 00 00 00 00 00 1C C0 00 00 02 FC  |................|
00000430  00 00 00 00 00 00 1C C4 00 00 02 FC 00 00 00 00  |................|
00000440  00 00 1C FC 00 00 02 FC 00 00 00 00 00 00 1D 58  |...............X|
00000450  00 00 02 FC 00 00 00 00 00 00 21 F4 00 00 02 FC  |..........!.....|
00000460  00 00 00 00 00 00 27 FC 00 00 02 FC 00 00 00 00  |......'.........|
00000470  00 00 28 20 00 00 02 FC 00 00 00 00 00 00 2C 6C  |..( ..........,l|
00000480  00 00 02 FC 00 00 00 00 00 00 2C A0 00 00 02 FC  |..........,.....|
00000490  00 00 00 00 00 00 2C D4 00 00 02 FC 00 00 00 00  |......,.........|
000004A0  00 00 2D 08 00 00 02 FC 00 00 00 00 00 00 2D 3C  |..-...........-<|
000004B0  00 00 02 FC 00 00 00 00 00 00 2D A4 00 00 02 FC  |..........-.....|
000004C0  00 00 00 00 00 00 2D 70 00 00 02 FC 00 00 00 00  |......-p........|
000004D0  00 00 2E 00 00 00 02 FC 00 00 00 00 00 00 2E 1C  |................|
000004E0  00 00 02 FC 00 00 00 00 00 00 28 44 00 00 02 FC  |..........(D....|
000004F0  00 00 00 00 00 00 2B 1C 00 00 02 FC 00 00 00 00  |......+.........|
00000500  00 00 2A 2C 00 00 02 FC 00 00 00 00 00 00 30 AC  |..*,..........0.|
00000510  00 00 02 FC 00 00 00 00 00 00 3E A0 00 00 02 FC  |..........>.....|
00000520  00 00 00 00 00 00 40 C0 00 00 02 FC 00 00 00 00  |......@.........|
00000530  00 00 46 B0 00 00 02 FC 00 00 00 00 00 00 46 2C  |..F...........F,|
00000540  00 00 02 FC 00 00 00 00 00 00 45 80 00 00 02 FC  |..........E.....|
00000550  00 00 00 00 00 00 43 A8 00 00 02 FC 00 00 00 00  |......C.........|
00000560  00 00 43 D8 00 00 02 FC 00 00 00 00 00 00 43 E8  |..C...........C.|
00000570  00 00 02 FC 00 00 00 00 00 00 44 38 00 00 02 FC  |..........D8....|
00000580  00 00 00 00 00 00 44 90 00 00 02 FC 00 00 00 00  |......D.........|
00000590  00 00 44 18 00 00 02 FC 00 00 00 00 00 00 46 C8  |..D...........F.|
000005A0  00 00 02 FC 00 00 00 00 00 00 46 CC 00 00 02 FC  |..........F.....|
000005B0  00 00 00 00 00 00 47 1C 00 00 02 FC 00 00 00 00  |......G.........|
000005C0  00 00 4E 3C 00 00 02 FC 00 00 00 00 00 00 4E B4  |..N<..........N.|
000005D0  00 00 02 FC 00 00 00 00 00 00 4D C0 00 00 02 FC  |..........M.....|
000005E0  00 00 00 00 00 00 4B 1C 00 00 02 FC 00 00 00 00  |......K.........|
000005F0  00 00 47 D0 00 00 02 FC 00 00 00 00 00 00 4C 50  |..G...........LP|
00000600  00 00 02 FC 00 00 00 00 00 00 4E B8 00 00 02 FC  |..........N.....|
00000610  00 00 00 00 00 00 4E D4 00 00 02 FC 00 00 00 00  |......N.........|
00000620  00 00 4E F0 00 00 02 FC 00 00 00 00 00 00 5F EC  |..N..........._.|
00000630  00 00 02 FC 00 00 00 00 00 00 4F 18 00 00 02 FC  |..........O.....|
00000640  00 00 00 00 00 00 52 74 00 00 02 FC 00 00 00 00  |......Rt........|
00000650  00 00 5B 68 00 00 02 FC 00 00 00 00 00 00 5E 10  |..[h..........^.|
00000660  00 00 02 FC 00 00 00 00 00 00 63 EC 00 00 02 FC  |..........c.....|
00000670  00 00 00 00 00 00 66 28 00 00 02 FC 00 00 00 00  |......f(........|
00000680  00 00 6A 48 00 00 02 FC 00 00 00 00 00 00 6C 08  |..jH..........l.|
00000690  00 00 02 FC 00 00 00 00 00 00 6D 30 00 00 02 FC  |..........m0....|
000006A0  00 00 00 00 00 00 6E 08 00 00 02 FC 00 00 00 00  |......n.........|
000006B0  00 00 6E 44 00 00 02 FC 00 00 00 00 00 00 6E B8  |..nD..........n.|
000006C0  00 00 02 FC 00 00 00 00 00 00 70 AC 00 00 02 FC  |..........p.....|
000006D0  00 00 00 00 00 00 72 F8 00 00 02 FC 00 00 00 00  |......r.........|
000006E0  00 00 7B 24 00 00 02 FC 00 00 00 00 00 00 75 3C  |..{$..........u<|
000006F0  00 00 02 FC 00 00 00 00 00 00 7D 48 00 00 02 FC  |..........}H....|
00000700  00 00 00 00 00 00 84 90 00 00 02 FC 00 00 00 00  |................|
00000710  00 00 8C B8 00 00 02 FC 00 00 00 00 00 00 98 90  |................|
00000720  00 00 02 FC 00 00 00 00 00 00 8E 38 00 00 02 FC  |...........8....|
00000730  00 00 00 00 00 00 9B 88 00 00 02 FC 00 00 00 00  |................|
00000740  00 00 9C 8C 00 00 02 FC 00 00 00 00 00 00 9E F4  |................|
00000750  00 00 02 FC 00 00 00 00 00 00 AE 6C 00 00 02 FC  |...........l....|
00000760  00 00 00 00 00 00 B3 80 00 00 02 FC 00 00 00 00  |................|
00000770  00 00 AE 3C 00 00 02 FC 00 00 00 00 00 00 AF 14  |...<............|
00000780  00 00 02 FC 00 00 00 00 00 00 B2 84 00 00 02 FC  |................|
00000790  00 00 00 00 00 00 B3 B0 00 00 02 FC 00 00 00 00  |................|
000007A0  00 00 B6 C0 00 00 02 FC 00 00 00 00 00 00 B7 B8  |................|
000007B0  00 00 02 FC 00 00 00 00 00 00 B9 0C 00 00 02 FC  |................|
000007C0  00 00 00 00 00 00 C9 F0 00 00 02 FC 00 00 00 00  |................|
000007D0  00 00 E5 F4 00 00 02 FC 00 00 00 00 00 00 F5 7C  |...............||
000007E0  00 00 02 FC 00 00 00 00 00 00 F7 30 00 00 02 FC  |...........0....|
000007F0  00 00 00 00 00 01 07 B0 00 00 02 FC 00 00 00 00  |................|
00000800  00 01 09 74 00 00 02 FC 00 00 00 00 00 01 0A A0  |...t............|
00000810  00 00 02 FC 00 00 00 00 00 01 0A F0 00 00 02 FC  |................|
00000820  00 00 00 00 00 01 0B 40 00 00 02 FC 00 00 00 00  |.......@........|
00000830  00 01 0B 90 00 00 02 FC 00 00 00 00 00 01 0B E0  |................|
00000840  00 00 02 FC 00 00 00 00 00 01 0C 30 00 00 02 FC  |...........0....|
00000850  00 00 00 00 00 01 0C 80 00 00 02 FC 00 00 00 00  |................|
00000860  00 01 0C D0 00 00 02 FC 00 00 00 00 00 01 0D 20  |............... |
00000870  00 00 02 FC 00 00 00 00 00 01 0D 70 00 00 02 FC  |...........p....|
00000880  00 00 00 00 00 01 0D C0 00 00 02 FC 00 00 00 00  |................|
00000890  00 01 0E 10 00 00 02 FC 00 00 00 00 00 01 0E 60  |...............`|
000008A0  00 00 02 FC 00 00 00 00 00 01 0E B0 00 00 02 FC  |................|
000008B0  00 00 00 00 00 01 0F 00 00 00 02 FC 00 00 00 00  |................|
000008C0  00 01 0F 50 00 00 02 FC 00 00 00 00 00 01 19 60  |...P...........`|
000008D0  00 00 02 FC 00 00 00 00 00 01 11 70 00 00 02 FC  |...........p....|
000008E0  00 00 00 00 00 01 11 30 00 00 02 FC 00 00 00 00  |.......0........|
000008F0  00 01 13 24 00 00 02 FC 00 00 00 00 00 01 14 58  |...$...........X|
00000900  00 00 02 FC 00 00 00 00 00 01 15 3C 00 00 02 FC  |...........<....|
00000910  00 00 00 00 00 01 17 E0 00 00 02 FC 00 00 00 00  |................|
00000920  00 01 19 88 00 00 02 FC 00 00 00 00 00 01 1B 94  |................|
00000930  00 00 02 FC 00 00 00 00 00 01 1D 0C 00 00 02 FC  |................|
00000940  00 00 00 00 00 01 1E 78 00 00 02 FC 00 00 00 00  |.......x........|
00000950  41 70 70 6C 65 20 43 6F 6D 70 75 74 65 72 20 00  |Apple Computer .|
00000960  00 00 00 00 41 70 70 6C 65 20 43 6F 6D 70 75 74  |....Apple Comput|
00000970  65 72 20 00 00 00 00 00 4E 43 52 20 35 33 63 39  |er .....NCR 53c9|
00000980  36 20 20 20 20 20 20 00 00 00 00 00 55 6E 6B 6E  |6      .....Unkn|
00000990  6F 77 6E 2E 2E 2E 20 20 20 20 20 00 00 00 00 00  |own...     .....|
000009A0  23 00 00 02 36 00 00 00 41 50 50 4C 45 20 20 20  |#...6...APPLE   |
000009B0  50 6F 77 65 72 4D 61 63 20 20 20 20 20 20 20 20  |PowerMac        |
000009C0  30 34 2E 33 77 6F 6C 66 77 61 72 65 20 26 20 67  |04.3wolfware & g|
000009D0  65 63 6B 6F 20 20 20 20 00 00 00 00 00 00 00 00  |ecko    ........|
000009E0  23 00 00 02 36 00 00 00 41 50 50 4C 45 20 20 20  |#...6...APPLE   |
000009F0  4D 61 63 52 69 73 63 20 20 20 20 20 20 20 20 20  |MacRisc         |
00000A00  30 34 2E 33 67 65 63 6B 6F 20 26 20 73 70 69 63  |04.3gecko & spic|
00000A10  65 72 20 20 20 20 20 20 00 00 00 00 00 00 00 00  |er      ........|
00000A20  70 00 05 00 00 00 00 0A 00 00 00 00 25 00 00 00  |p...........%...|
00000A30  00 00 00 00 00 00 00 00 1F 47 6F 74 20 4D 6F 64  |.........Got Mod|
00000A40  69 66 79 20 44 61 74 61 20 50 6F 69 6E 74 65 72  |ify Data Pointer|
00000A50  20 4D 65 73 73 61 67 65 00 00 00 00 00 00 00 00  | Message........|
00000A60  6D 65 73 73 61 67 65 20 69 6E 20 70 68 61 73 65  |message in phase|
00000A70  20 6D 69 73 6D 61 74 63 68 3F 00 00 6D 65 73 73  | mismatch?..mess|
00000A80  61 67 65 20 72 65 6A 65 63 74 3F 20 73 68 6F 75  |age reject? shou|
00000A90  6C 64 20 62 65 20 61 73 79 6E 63 68 72 6F 6E 6F  |ld be asynchrono|
00000AA0  75 73 3F 00 6F 66 66 73 65 74 20 67 72 65 61 74  |us?.offset great|
00000AB0  65 72 20 74 68 61 6E 20 7A 65 72 6F 3F 00 00 00  |er than zero?...|
00000AC0  41 70 70 6C 65 20 43 6F 6D 70 75 74 65 72 20 00  |Apple Computer .|
00000AD0  00 00 00 00 41 70 70 6C 65 20 43 6F 6D 70 75 74  |....Apple Comput|
00000AE0  65 72 20 00 00 00 00 00 4D 45 53 48 20 20 20 20  |er .....MESH    |
00000AF0  20 20 20 20 20 20 20 00 00 00 00 00 75 6E 6B 6E  |       .....unkn|
00000B00  6F 77 6E 20 20 20 20 20 20 20 20 00 00 00 00 00  |own        .....|
00000B10  AA FE 07 00 00 00 00 00 00 00 00 00 00 00 03 E0  |................|
00000B20  00 01 00 04 00 00 07 1C 00 00 00 00 00 00 00 00  |................|
00000B30  AA FE 07 00 00 00 00 00 00 00 00 00 00 00 03 C1  |................|
00000B40  00 01 00 04 00 00 07 28 00 00 00 00 00 00 00 00  |.......(........|
00000B50  AA FE 07 00 00 00 00 00 00 00 00 00 00 00 0F D1  |................|
00000B60  00 01 00 04 00 00 07 C4 00 00 00 00 00 00 00 00  |................|
00000B70  AA FE 07 00 00 00 00 00 00 00 00 00 00 00 0F D1  |................|
00000B80  00 01 00 04 00 00 07 A0 00 00 00 00 00 00 00 00  |................|
00000B90  AA FE 07 00 00 00 00 00 00 00 00 00 00 00 00 C1  |................|
00000BA0  00 01 00 04 00 00 07 DC 00 00 00 00 00 00 00 00  |................|
00000BB0  AA FE 07 00 00 00 00 00 00 00 00 00 00 00 03 C0  |................|
00000BC0  00 01 00 04 00 00 08 00 00 00 00 00 00 00 00 00  |................|
00000BD0  AA FE 07 00 00 00 00 00 00 00 00 00 00 00 00 C1  |................|
00000BE0  00 01 00 04 00 00 07 E8 00 00 00 00 00 00 00 00  |................|
00000BF0  AA FE 07 00 00 00 00 00 00 00 00 00 00 00 00 01  |................|
00000C00  00 01 00 04 00 00 07 40 00 00 00 00 00 00 00 00  |.......@........|
00000C10  AA FE 07 00 00 00 00 00 00 00 00 00 00 00 00 01  |................|
00000C20  00 01 00 04 00 00 07 34 00 00 00 00 00 00 00 00  |.......4........|
00000C30  AA FE 07 00 00 00 00 00 00 00 00 00 00 00 00 01  |................|
00000C40  00 01 00 04 00 00 08 0C 00 00 00 00 00 00 00 00  |................|
00000C50  AA FE 07 00 00 00 00 00 00 00 00 00 00 00 00 01  |................|
00000C60  00 01 00 04 00 00 08 18 00 00 00 00 00 00 00 00  |................|
00000C70  AA FE 07 00 00 00 00 00 00 00 00 00 00 00 00 01  |................|
00000C80  00 01 00 04 00 00 08 24 00 00 00 00 00 00 00 00  |.......$........|
00000C90  AA FE 07 00 00 00 00 00 00 00 00 00 00 00 00 01  |................|
00000CA0  00 01 00 04 00 00 08 30 00 00 00 00 00 00 00 00  |.......0........|
00000CB0  AA FE 07 00 00 00 00 00 00 00 00 00 00 00 00 01  |................|
00000CC0  00 01 00 04 00 00 08 3C 00 00 00 00 00 00 00 00  |.......<........|
00000CD0  AA FE 07 00 00 00 00 00 00 00 00 00 00 00 00 01  |................|
00000CE0  00 01 00 04 00 00 08 48 00 00 00 00 00 00 00 00  |.......H........|
00000CF0  AA FE 07 00 00 00 00 00 00 00 00 00 00 00 00 01  |................|
00000D00  00 01 00 04 00 00 08 54 00 00 00 00 00 00 00 00  |.......T........|
00000D10  AA FE 07 00 00 00 00 00 00 00 00 00 00 00 00 01  |................|
00000D20  00 01 00 04 00 00 08 60 00 00 00 00 00 00 00 00  |.......`........|
00000D30  AA FE 07 00 00 00 00 00 00 00 00 00 00 00 00 01  |................|
00000D40  00 01 00 04 00 00 08 6C 00 00 00 00 00 00 00 00  |.......l........|
00000D50  AA FE 07 00 00 00 00 00 00 00 00 00 00 00 00 01  |................|
00000D60  00 01 00 04 00 00 08 78 00 00 00 00 00 00 00 00  |.......x........|
00000D70  AA FE 07 00 00 00 00 00 00 00 00 00 00 00 00 01  |................|
00000D80  00 01 00 04 00 00 08 84 00 00 00 00 00 00 00 00  |................|
00000D90  AA FE 07 00 00 00 00 00 00 00 00 00 00 00 00 01  |................|
00000DA0  00 01 00 04 00 00 08 90 00 00 00 00 00 00 00 00  |................|
00000DB0  AA FE 07 00 00 00 00 00 00 00 00 00 00 00 00 01  |................|
00000DC0  00 01 00 04 00 00 08 9C 00 00 00 00 00 00 00 00  |................|
00000DD0  AA FE 07 00 00 00 00 00 00 00 00 00 00 00 00 01  |................|
00000DE0  00 01 00 04 00 00 08 A8 00 00 00 00 00 00 00 00  |................|
00000DF0  AA FE 07 00 00 00 00 00 00 00 00 00 00 00 00 01  |................|
00000E00  00 01 00 04 00 00 08 B4 00 00 00 00 00 00 00 00  |................|
00000E10  AA FE 07 00 00 00 00 00 00 00 00 00 00 00 00 01  |................|
00000E20  00 01 00 04 00 00 08 C0 00 00 00 00 00 00 00 00  |................|
00000E30  AA FE 07 00 00 00 00 00 00 00 00 00 02 66 18 22  |.............f."|
00000E40  00 01 00 04 00 00 07 F4 00 00 00 00 00 00 00 00  |................|
00000E50  AA FE 07 00 00 00 00 00 00 8E 00 10 00 00 00 AE  |................|
00000E60  00 01 00 04 00 00 08 D8 00 00 00 00 00 00 00 00  |................|
00000E70  00 00 00 AE 00 01 00 04 00 00 08 FC 00 00 00 00  |................|
00000E80  00 00 00 01 00 00 02 AE 00 01 00 04 00 00 09 08  |................|
00000E90  00 00 00 00 00 00 00 02 00 00 0B AE 00 01 00 04  |................|
00000EA0  00 00 09 14 00 00 00 00 00 00 00 03 00 00 3F AE  |..............?.|
00000EB0  00 01 00 04 00 00 09 44 00 00 00 00 00 00 00 04  |.......D........|
00000EC0  00 00 03 AE 00 01 00 04 00 00 09 20 00 00 00 00  |........... ....|
00000ED0  00 00 00 05 00 00 03 AE 00 01 00 04 00 00 09 20  |............... |
00000EE0  00 00 00 00 00 00 00 06 00 00 00 AE 00 01 00 04  |................|
00000EF0  00 00 08 CC 00 00 00 00 00 00 00 07 00 00 03 AE  |................|
00000F00  00 01 00 04 00 00 09 20 00 00 00 00 00 00 00 08  |....... ........|
00000F10  00 00 03 AE 00 01 00 04 00 00 09 20 00 00 00 00  |........... ....|
00000F20  00 00 00 09 00 00 00 AE 00 01 00 04 00 00 08 F0  |................|
00000F30  00 00 00 00 00 00 00 0A 00 00 02 AE 00 01 00 04  |................|
00000F40  00 00 09 08 00 00 00 00 00 00 00 0B 00 00 03 AE  |................|
00000F50  00 01 00 04 00 00 09 2C 00 00 00 00 00 00 00 0C  |.......,........|
00000F60  00 00 02 AE 00 01 00 04 00 00 09 38 00 00 00 00  |...........8....|
00000F70  00 00 00 0D 00 00 00 AE 00 01 00 04 00 00 08 E4  |................|
00000F80  00 00 00 00 00 00 00 0E 00 00 00 AE 00 00 00 00  |................|
00000F90  00 00 00 00 00 00 00 00 00 00 00 0E 00 00 00 AE  |................|
00000FA0  00 01 00 14 00 00 08 CC 00 00 00 00 00 00 01 00  |................|
00000FB0  AA FE 07 00 00 00 00 00 00 00 00 00 00 00 00 E1  |................|
00000FC0  00 01 00 04 00 00 07 4C 00 00 00 00 00 00 00 00  |.......L........|
00000FD0  AA FE 07 00 00 00 00 00 00 00 00 00 00 00 03 C1  |................|
00000FE0  00 01 00 04 00 00 07 7C 00 00 00 00 00 00 00 00  |.......|........|
00000FF0  AA FE 07 00 00 00 00 00 00 00 00 00 00 00 03 C1  |................|
00001000  00 01 00 04 00 00 07 88 00 00 00 00 00 00 00 00  |................|
00001010  AA FE 07 00 00 00 00 00 00 00 00 00 00 00 00 F1  |................|
00001020  00 01 00 04 00 00 07 64 00 00 00 00 00 00 00 00  |.......d........|
00001030  AA FE 07 00 00 00 00 00 00 00 00 00 00 00 00 F1  |................|
00001040  00 01 00 04 00 00 07 58 00 00 00 00 00 00 00 00  |.......X........|
00001050  AA FE 07 00 00 00 00 00 00 00 00 00 00 00 00 F1  |................|
00001060  00 01 00 04 00 00 07 70 00 00 00 00 00 00 00 00  |.......p........|
00001070  AA FE 07 00 00 00 00 00 00 00 00 00 00 00 00 C0  |................|
00001080  00 01 00 04 00 00 07 B8 00 00 00 00 00 00 00 00  |................|
00001090  AA FE 07 00 00 00 00 00 00 00 00 00 00 00 00 C0  |................|
000010A0  00 01 00 04 00 00 07 AC 00 00 00 00 00 00 00 00  |................|
000010B0  AA FE 07 00 00 00 00 00 00 00 00 00 00 00 B8 02  |................|
000010C0  00 01 00 04 00 00 07 D0 00 00 00 00 00 00 00 00  |................|
000010D0  41 70 70 6C 65 20 43 6F 6D 70 75 74 65 72 20 00  |Apple Computer .|
000010E0  00 00 00 00                                      |....|

; exports (1):
;   InitItt                                  class data    section  1 offset B30
; imports (38):
;      0 InterfaceLib             CallUniversalProc                        tvector
;      1 InterfaceLib             CallOSTrapUniversalProc                  tvector
;      2 InterfaceLib             SysError                                 tvector
;      3 InterfaceLib             NewPtrSys                                tvector
;      4 InterfaceLib             NewPtrSysClear                           tvector
;      5 InterfaceLib             DisposePtr                               tvector
;      6 InterfaceLib             SetPtrSize                               tvector
;      7 InterfaceLib             LockMemory                               tvector
;      8 InterfaceLib             LockMemoryContiguous                     tvector
;      9 InterfaceLib             UnlockMemory                             tvector
;     10 InterfaceLib             DeferUserFn                              tvector
;     11 InterfaceLib             GetResource                              tvector
;     12 InterfaceLib             GetResourceSizeOnDisk                    tvector
;     13 InterfaceLib             InsXTime                                 tvector
;     14 InterfaceLib             PrimeTime                                tvector
;     15 InterfaceLib             Gestalt                                  tvector
;     16 InterfaceLib             NewGestalt                               tvector
;     17 InterfaceLib             LMGetROMBase                             tvector
;     18 InterfaceLib             GetPhysical                              tvector
;     19 InterfaceLib             MemError                                 tvector
;     20 InterfaceLib             NGetTrapAddress                          tvector
;     21 InterfaceLib             NSetTrapAddress                          tvector
;     22 InterfaceLib             Delay                                    tvector
;     23 InterfaceLib             SCSIAction                               tvector
;     24 InterfaceLib             SCSIRegisterBus                          tvector
;     25 InterfaceLib             SCSIReregisterBus                        tvector
;     26 InterfaceLib             DebugStr                                 tvector
;     27 InterfaceLib             BlockMove                                tvector
;     28 InterfaceLib             BlockMoveData                            tvector
;     29 PrivateInterfaceLib      GetEmulatorRegister                      tvector
;     30 PrivateInterfaceLib      SetEmulatorRegister                      tvector
;     31 PrivateInterfaceLib      LMGetExpandMem                           tvector
;     32 PrivateInterfaceLib      LMGetSCSIDrvrs                           tvector
;     33 PrivateInterfaceLib      LMGetSCSIBase                            tvector
;     34 PrivateInterfaceLib      LMGetSCSIGlobals                         tvector
;     35 PrivateInterfaceLib      LMGetVMVectors                           tvector
;     36 PrivateInterfaceLib      LMSetVIA2DT                              tvector
;     37 PrivateInterfaceLib      LMGetOldTimeSCSIDB                       tvector
