; ============================================================================
; ROM resource 'ndrv' 505  at FFEC5BA0
; ============================================================================
; data at ROM 2C5BA0 (3FB7 bytes), entry at 2C9B50, attributes 58, combo 7800000000000000
; data header: 4b757274 c0a00000 00003fb7 000005bc
;
; Columns: address, flag, raw bytes, instruction, ; comment.
;   flag '*' executed in the coverage run, ' ' reached by control flow,
;   '?' decodes as code but neither executed nor reached, 'd' data.

; PEF container: architecture pwpc, format version 1, timestamp ABE0C86D, versions 00000000/00000000/00000000
;   3 sections (2 instantiated)
;   section 0 code       container +00320 len 03B3C (ROM 2C5EC0 = FFEC5EC0), unpacked 03B3C, total 03B3C, share 4, align 4
;   section 1 pidata     container +03E60 len 0014B (ROM 2C9A00 = FFEC9A00), unpacked 00290, total 00382, share 1, align 4
;   section 2 loader     container +00080 len 0029C (ROM 2C5C20 = FFEC5C20), unpacked 00000, total 00000, share 4, align 4
;   main: section 1 offset A4
;   init: section 1 offset AC
;   term: section 1 offset 9C
;   imports from DriverServicesLib: 5 symbols
;   imports from NameRegistryLib: 4 symbols
;   imports from InterfaceLib: 10 symbols
;
; ----------------------------------------------------------------------------
; code section 0: ROM 2C5EC0-2C99FB = FFEC5EC0
; TOC (r2) = data section + 0; TOC[d] comments name the word at that offset.
; ----------------------------------------------------------------------------

sub_FFEC5EC0:
FFEC5EC0? 7C0802A6  mfspr   r0, LR
FFEC5EC4? BF61FFEC  stmw    r27, -0x14(r1)
FFEC5EC8? 90010008  stw     r0, 0x8(r1)
FFEC5ECC? 9421FFA0  stwu    r1, -0x60(r1)
FFEC5ED0? 7C7B1B78  mr      r27, r3
FFEC5ED4? 3BA20154  addi    r29, r2, 0x154                     ; TOC[+340] &data+290
FFEC5ED8? 807D0000  lwz     r3, 0x0(r29)
FFEC5EDC? 806300DA  lwz     r3, 0xDA(r3)
FFEC5EE0? 7C1B1840  cmplw   r27, r3
FFEC5EE4? 4082000C  bne     loc_FFEC5EF0
FFEC5EE8? 38600000  li      r3, 0x0
FFEC5EEC? 428000EC  b       loc_FFEC5FD8
loc_FFEC5EF0:
FFEC5EF0? 38610038  addi    r3, r1, 0x38
FFEC5EF4? 48001775  bl      sub_FFEC7668
FFEC5EF8? 60000000  nop
FFEC5EFC? 7C7C1B78  mr      r28, r3
FFEC5F00? 7F840735  extsh.  r4, r28
FFEC5F04? 4182000C  beq     loc_FFEC5F10
FFEC5F08? 7F83E378  mr      r3, r28
FFEC5F0C? 428000CC  b       loc_FFEC5FD8
loc_FFEC5F10:
FFEC5F10? 80A10038  lwz     r5, 0x38(r1)
FFEC5F14? 54A507FF  clrlwi. r5, r5, 31
FFEC5F18? 4182000C  beq     loc_FFEC5F24
FFEC5F1C? 3860FFFF  li      r3, -0x1
FFEC5F20? 428000B8  b       loc_FFEC5FD8
loc_FFEC5F24:
FFEC5F24? 48003295  bl      sub_FFEC91B8
FFEC5F28? 60000000  nop
FFEC5F2C? 80630210  lwz     r3, 0x210(r3)
FFEC5F30? 80630000  lwz     r3, 0x0(r3)
FFEC5F34? 3C630001  addis   r3, r3, 0x0001
FFEC5F38? 83E34000  lwz     r31, 0x4000(r3)
FFEC5F3C? 3CC0FFE9  lis     r6, 0xFFE9
FFEC5F40? 38C6FFFF  addi    r6, r6, -0x1
FFEC5F44? 7FFF3038  and     r31, r31, r6
FFEC5F48? 3CE02B11  lis     r7, 0x2B11
FFEC5F4C? 7C1B3800  cmpw    r27, r7
FFEC5F50? 4182003C  beq     loc_FFEC5F8C
FFEC5F54? 40800014  bge     loc_FFEC5F68
FFEC5F58? 3D00AC44  lis     r8, 0xAC44
FFEC5F5C? 7C1B4000  cmpw    r27, r8
FFEC5F60? 41820018  beq     loc_FFEC5F78
FFEC5F64? 42800034  b       loc_FFEC5F98
loc_FFEC5F68:
FFEC5F68? 3D205622  lis     r9, 0x5622
FFEC5F6C? 7C1B4800  cmpw    r27, r9
FFEC5F70? 41820010  beq     loc_FFEC5F80
FFEC5F74? 42800024  b       loc_FFEC5F98
loc_FFEC5F78:
FFEC5F78? 3BC000B0  li      r30, 0xB0
FFEC5F7C? 42800024  b       loc_FFEC5FA0
loc_FFEC5F80:
FFEC5F80? 67FF0002  oris    r31, r31, 0x2
FFEC5F84? 3BC000B0  li      r30, 0xB0
FFEC5F88? 42800018  b       loc_FFEC5FA0
loc_FFEC5F8C:
FFEC5F8C? 67FF0005  oris    r31, r31, 0x5
FFEC5F90? 3BC000B0  li      r30, 0xB0
FFEC5F94? 4280000C  b       loc_FFEC5FA0
loc_FFEC5F98:
FFEC5F98? 3860FF1F  li      r3, -0xE1
FFEC5F9C? 4280003C  b       loc_FFEC5FD8
loc_FFEC5FA0:
FFEC5FA0? 7FC3F378  mr      r3, r30
FFEC5FA4? 815D0000  lwz     r10, 0x0(r29)
FFEC5FA8? 388A001A  addi    r4, r10, 0x1A
FFEC5FAC? 48002185  bl      sub_FFEC8130
FFEC5FB0? 60000000  nop
FFEC5FB4? 48003205  bl      sub_FFEC91B8
FFEC5FB8? 60000000  nop
FFEC5FBC? 80630210  lwz     r3, 0x210(r3)
FFEC5FC0? 80630000  lwz     r3, 0x0(r3)
FFEC5FC4? 3C630001  addis   r3, r3, 0x0001
FFEC5FC8? 93E34000  stw     r31, 0x4000(r3)
FFEC5FCC? 817D0000  lwz     r11, 0x0(r29)
FFEC5FD0? 936B00DA  stw     r27, 0xDA(r11)
FFEC5FD4? 38600000  li      r3, 0x0
loc_FFEC5FD8:
FFEC5FD8? 80010068  lwz     r0, 0x68(r1)
FFEC5FDC? 38210060  addi    r1, r1, 0x60
FFEC5FE0? 7C0803A6  mtspr   LR, r0
FFEC5FE4? BB61FFEC  lmw     r27, -0x14(r1)
FFEC5FE8? 4E800020  blr

sub_FFEC5FEC:
FFEC5FEC? 7C0802A6  mfspr   r0, LR
FFEC5FF0? BFC1FFF8  stmw    r30, -0x8(r1)
FFEC5FF4? 90010008  stw     r0, 0x8(r1)
FFEC5FF8? 9421FFC0  stwu    r1, -0x40(r1)
FFEC5FFC? 90610058  stw     r3, 0x58(r1)
FFEC6000? 9081005C  stw     r4, 0x5C(r1)
FFEC6004? 83E10058  lwz     r31, 0x58(r1)
FFEC6008? 37FF8000  addic.  r31, r31, -0x8000
FFEC600C? 4080000C  bge     loc_FFEC6018
FFEC6010? 3BE00000  li      r31, 0x0
FFEC6014? 42800020  b       loc_FFEC6034
loc_FFEC6018:
FFEC6018? 3C600001  lis     r3, 0x0001
FFEC601C? 3863FFFF  addi    r3, r3, -0x1
FFEC6020? 7C1F1800  cmpw    r31, r3
FFEC6024? 4081000C  ble     loc_FFEC6030
FFEC6028? 3BE0000F  li      r31, 0xF
FFEC602C? 42800008  b       loc_FFEC6034
loc_FFEC6030:
FFEC6030? 7FFF6670  srawi   r31, r31, 0xC
loc_FFEC6034:
FFEC6034? 48003431  bl      sub_FFEC9464
FFEC6038? 60000000  nop
FFEC603C? 7C7E1B78  mr      r30, r3
FFEC6040? 8081005C  lwz     r4, 0x5C(r1)
FFEC6044? 28040001  cmplwi  cr0, r4, 0x1
FFEC6048? 40820014  bne     loc_FFEC605C
FFEC604C? 57FF2036  slwi    r31, r31, 4
FFEC6050? 38A0FF0F  li      r5, -0xF1
FFEC6054? 7FDE2838  and     r30, r30, r5
FFEC6058? 42800008  b       loc_FFEC6060
loc_FFEC605C:
FFEC605C? 57DE0036  clrrwi  r30, r30, 4
loc_FFEC6060:
FFEC6060? 7FDEFB78  or      r30, r30, r31
FFEC6064? 7FC3F378  mr      r3, r30
FFEC6068? 480031D1  bl      sub_FFEC9238
FFEC606C? 60000000  nop
FFEC6070? 38600000  li      r3, 0x0
FFEC6074? 80010048  lwz     r0, 0x48(r1)
FFEC6078? 38210040  addi    r1, r1, 0x40
FFEC607C? 7C0803A6  mtspr   LR, r0
FFEC6080? BBC1FFF8  lmw     r30, -0x8(r1)
FFEC6084? 4E800020  blr

sub_FFEC6088:
FFEC6088? 7C0802A6  mfspr   r0, LR
FFEC608C? BF61FFEC  stmw    r27, -0x14(r1)
FFEC6090? 90010008  stw     r0, 0x8(r1)
FFEC6094? 9421FFB0  stwu    r1, -0x50(r1)
FFEC6098? 7C7B1B78  mr      r27, r3
FFEC609C? 7C9C2378  mr      r28, r4
FFEC60A0? 7CBD2B78  mr      r29, r5
FFEC60A4? 7F9EE378  mr      r30, r28
FFEC60A8? 48003111  bl      sub_FFEC91B8
FFEC60AC? 60000000  nop
FFEC60B0? 80630210  lwz     r3, 0x210(r3)
FFEC60B4? 80630000  lwz     r3, 0x0(r3)
FFEC60B8? 3C630001  addis   r3, r3, 0x0001
FFEC60BC? 80634020  lwz     r3, 0x4020(r3)
FFEC60C0? 54630109  rlwinm. r3, r3, 0, 4, 4
FFEC60C4? 41820008  beq     loc_FFEC60CC
FFEC60C8? 57DE003C  clrrwi  r30, r30, 1
loc_FFEC60CC:
FFEC60CC? 281B0000  cmplwi  cr0, r27, 0x0
FFEC60D0? 38600001  li      r3, 0x1
FFEC60D4? 41820008  beq     loc_FFEC60DC
FFEC60D8? 38600000  li      r3, 0x0
loc_FFEC60DC:
FFEC60DC? 7FC4F378  mr      r4, r30
FFEC60E0? 7FA5EB78  mr      r5, r29
FFEC60E4? 48000161  bl      sub_FFEC6244
FFEC60E8? 60000000  nop
FFEC60EC? 7C7F1B78  mr      r31, r3
FFEC60F0? 7FE30735  extsh.  r3, r31
FFEC60F4? 4182000C  beq     loc_FFEC6100
FFEC60F8? 7FE3FB78  mr      r3, r31
FFEC60FC? 42800060  b       loc_FFEC615C
loc_FFEC6100:
FFEC6100? 578407FF  clrlwi. r4, r28, 31
FFEC6104? 41820028  beq     loc_FFEC612C
FFEC6108? 7F63DB78  mr      r3, r27
FFEC610C? 7FA4EB78  mr      r4, r29
FFEC6110? 48000A3D  bl      sub_FFEC6B4C
FFEC6114? 60000000  nop
FFEC6118? 7C7F1B78  mr      r31, r3
FFEC611C? 7FE50735  extsh.  r5, r31
FFEC6120? 4182000C  beq     loc_FFEC612C
FFEC6124? 7FE3FB78  mr      r3, r31
FFEC6128? 42800034  b       loc_FFEC615C
loc_FFEC612C:
FFEC612C? 578607BD  rlwinm. r6, r28, 0, 30, 30
FFEC6130? 41820028  beq     loc_FFEC6158
FFEC6134? 7F63DB78  mr      r3, r27
FFEC6138? 7FA4EB78  mr      r4, r29
FFEC613C? 4800095D  bl      sub_FFEC6A98
FFEC6140? 60000000  nop
FFEC6144? 7C7F1B78  mr      r31, r3
FFEC6148? 7FE70735  extsh.  r7, r31
FFEC614C? 4182000C  beq     loc_FFEC6158
FFEC6150? 7FE3FB78  mr      r3, r31
FFEC6154? 42800008  b       loc_FFEC615C
loc_FFEC6158:
FFEC6158? 38600000  li      r3, 0x0
loc_FFEC615C:
FFEC615C? 80010058  lwz     r0, 0x58(r1)
FFEC6160? 38210050  addi    r1, r1, 0x50
FFEC6164? 7C0803A6  mtspr   LR, r0
FFEC6168? BB61FFEC  lmw     r27, -0x14(r1)
FFEC616C? 4E800020  blr

sub_FFEC6170:
FFEC6170? 7C0802A6  mfspr   r0, LR
FFEC6174? BF81FFF0  stmw    r28, -0x10(r1)
FFEC6178? 90010008  stw     r0, 0x8(r1)
FFEC617C? 9421FFB0  stwu    r1, -0x50(r1)
FFEC6180? 7C7D1B78  mr      r29, r3
FFEC6184? 3BC20154  addi    r30, r2, 0x154                     ; TOC[+340] &data+290
FFEC6188? 48003031  bl      sub_FFEC91B8
FFEC618C? 60000000  nop
FFEC6190? 80630210  lwz     r3, 0x210(r3)
FFEC6194? 80630000  lwz     r3, 0x0(r3)
FFEC6198? 3C630001  addis   r3, r3, 0x0001
FFEC619C? 83834000  lwz     r28, 0x4000(r3)
FFEC61A0? 48003019  bl      sub_FFEC91B8
FFEC61A4? 60000000  nop
FFEC61A8? 80630210  lwz     r3, 0x210(r3)
FFEC61AC? 80630000  lwz     r3, 0x0(r3)
FFEC61B0? 3C630001  addis   r3, r3, 0x0001
FFEC61B4? 93834000  stw     r28, 0x4000(r3)
FFEC61B8? 480032BD  bl      sub_FFEC9474
FFEC61BC? 60000000  nop
FFEC61C0? 7C7F1B78  mr      r31, r3
FFEC61C4? 281D0000  cmplwi  cr0, r29, 0x0
FFEC61C8? 41820028  beq     loc_FFEC61F0
FFEC61CC? 807E0000  lwz     r3, 0x0(r30)
FFEC61D0? 806300D2  lwz     r3, 0xD2(r3)
FFEC61D4? 28030000  cmplwi  cr0, r3, 0x0
FFEC61D8? 4082003C  bne     loc_FFEC6214
FFEC61DC? 63FF0040  ori     r31, r31, 0x40
FFEC61E0? 7FE3FB78  mr      r3, r31
FFEC61E4? 480030DD  bl      sub_FFEC92C0
FFEC61E8? 60000000  nop
FFEC61EC? 42800028  b       loc_FFEC6214
loc_FFEC61F0:
FFEC61F0? 809E0000  lwz     r4, 0x0(r30)
FFEC61F4? 808400D2  lwz     r4, 0xD2(r4)
FFEC61F8? 28040000  cmplwi  cr0, r4, 0x0
FFEC61FC? 41820018  beq     loc_FFEC6214
FFEC6200? 38A0FFBF  li      r5, -0x41
FFEC6204? 7FFF2838  and     r31, r31, r5
FFEC6208? 7FE3FB78  mr      r3, r31
FFEC620C? 480030B5  bl      sub_FFEC92C0
FFEC6210? 60000000  nop
loc_FFEC6214:
FFEC6214? 80DE0000  lwz     r6, 0x0(r30)
FFEC6218? 93A600D2  stw     r29, 0xD2(r6)
FFEC621C? 281D0000  cmplwi  cr0, r29, 0x0
FFEC6220? 4182000C  beq     loc_FFEC622C
FFEC6224? 80FE0000  lwz     r7, 0x0(r30)
FFEC6228? 93A700D6  stw     r29, 0xD6(r7)
loc_FFEC622C:
FFEC622C? 38600000  li      r3, 0x0
FFEC6230? 80010058  lwz     r0, 0x58(r1)
FFEC6234? 38210050  addi    r1, r1, 0x50
FFEC6238? 7C0803A6  mtspr   LR, r0
FFEC623C? BB81FFF0  lmw     r28, -0x10(r1)
FFEC6240? 4E800020  blr

sub_FFEC6244:
FFEC6244? 7C0802A6  mfspr   r0, LR
FFEC6248? BFA1FFF4  stmw    r29, -0xC(r1)
FFEC624C? 90010008  stw     r0, 0x8(r1)
FFEC6250? 9421FFB0  stwu    r1, -0x50(r1)
FFEC6254? 7C7D1B78  mr      r29, r3
FFEC6258? 7C9E2378  mr      r30, r4
FFEC625C? 48003219  bl      sub_FFEC9474
FFEC6260? 60000000  nop
FFEC6264? 7C7F1B78  mr      r31, r3
FFEC6268? 57C307FF  clrlwi. r3, r30, 31
FFEC626C? 4182001C  beq     loc_FFEC6288
FFEC6270? 281D0000  cmplwi  cr0, r29, 0x0
FFEC6274? 4182000C  beq     loc_FFEC6280
FFEC6278? 63FF0080  ori     r31, r31, 0x80
FFEC627C? 4280000C  b       loc_FFEC6288
loc_FFEC6280:
FFEC6280? 3880FF7F  li      r4, -0x81
FFEC6284? 7FFF2038  and     r31, r31, r4
loc_FFEC6288:
FFEC6288? 57C507BD  rlwinm. r5, r30, 0, 30, 30
FFEC628C? 4182001C  beq     loc_FFEC62A8
FFEC6290? 281D0000  cmplwi  cr0, r29, 0x0
FFEC6294? 4182000C  beq     loc_FFEC62A0
FFEC6298? 63FF0200  ori     r31, r31, 0x200
FFEC629C? 4280000C  b       loc_FFEC62A8
loc_FFEC62A0:
FFEC62A0? 38C0FDFF  li      r6, -0x201
FFEC62A4? 7FFF3038  and     r31, r31, r6
loc_FFEC62A8:
FFEC62A8? 7FE3FB78  mr      r3, r31
FFEC62AC? 48003015  bl      sub_FFEC92C0
FFEC62B0? 60000000  nop
FFEC62B4? 38600000  li      r3, 0x0
FFEC62B8? 80010058  lwz     r0, 0x58(r1)
FFEC62BC? 38210050  addi    r1, r1, 0x50
FFEC62C0? 7C0803A6  mtspr   LR, r0
FFEC62C4? BBA1FFF4  lmw     r29, -0xC(r1)
FFEC62C8? 4E800020  blr

sub_FFEC62CC:
FFEC62CC? 7C0802A6  mfspr   r0, LR
FFEC62D0? BFA1FFF4  stmw    r29, -0xC(r1)
FFEC62D4? 90010008  stw     r0, 0x8(r1)
FFEC62D8? 9421FFB0  stwu    r1, -0x50(r1)
FFEC62DC? 7C7D1B78  mr      r29, r3
FFEC62E0? 38610038  addi    r3, r1, 0x38
FFEC62E4? 48000591  bl      sub_FFEC6874
FFEC62E8? 60000000  nop
FFEC62EC? 48003179  bl      sub_FFEC9464
FFEC62F0? 60000000  nop
FFEC62F4? 7C7F1B78  mr      r31, r3
FFEC62F8? 4800317D  bl      sub_FFEC9474
FFEC62FC? 60000000  nop
FFEC6300? 7C7E1B78  mr      r30, r3
FFEC6304? 57FF002E  clrrwi  r31, r31, 8
FFEC6308? 2C1D0003  cmpwi   cr0, r29, 0x3
FFEC630C? 41820044  beq     loc_FFEC6350
FFEC6310? 40800014  bge     loc_FFEC6324
FFEC6314? 2C1D0001  cmpwi   cr0, r29, 0x1
FFEC6318? 41820018  beq     loc_FFEC6330
FFEC631C? 40800024  bge     loc_FFEC6340
FFEC6320? 42800090  b       loc_FFEC63B0
loc_FFEC6324:
FFEC6324? 2C1D0005  cmpwi   cr0, r29, 0x5
FFEC6328? 40800088  bge     loc_FFEC63B0
FFEC632C? 42800054  b       loc_FFEC6380
loc_FFEC6330:
FFEC6330? 3860F1FF  li      r3, -0xE01
FFEC6334? 7FFF1838  and     r31, r31, r3
FFEC6338? 63FF0433  ori     r31, r31, 0x433
FFEC633C? 4280007C  b       loc_FFEC63B8
loc_FFEC6340:
FFEC6340? 3880F1FF  li      r4, -0xE01
FFEC6344? 7FFF2038  and     r31, r31, r4
FFEC6348? 63FF0222  ori     r31, r31, 0x222
FFEC634C? 4280006C  b       loc_FFEC63B8
loc_FFEC6350:
FFEC6350? 80A10038  lwz     r5, 0x38(r1)
FFEC6354? 28050002  cmplwi  cr0, r5, 0x2
FFEC6358? 4082000C  bne     loc_FFEC6364
FFEC635C? 3860FFCE  li      r3, -0x32
FFEC6360? 42800080  b       loc_FFEC63E0
loc_FFEC6364:
FFEC6364? 38C0F1FF  li      r6, -0xE01
FFEC6368? 7FFF3038  and     r31, r31, r6
FFEC636C? 63FF08FF  ori     r31, r31, 0x8FF
FFEC6370? 38E0F3FF  li      r7, -0xC01
FFEC6374? 7FDE3838  and     r30, r30, r7
FFEC6378? 63DE0400  ori     r30, r30, 0x400
FFEC637C? 4280003C  b       loc_FFEC63B8
loc_FFEC6380:
FFEC6380? 81010038  lwz     r8, 0x38(r1)
FFEC6384? 28080002  cmplwi  cr0, r8, 0x2
FFEC6388? 4082000C  bne     loc_FFEC6394
FFEC638C? 3860FFCE  li      r3, -0x32
FFEC6390? 42800050  b       loc_FFEC63E0
loc_FFEC6394:
FFEC6394? 3920F1FF  li      r9, -0xE01
FFEC6398? 7FFF4838  and     r31, r31, r9
FFEC639C? 63FF08FF  ori     r31, r31, 0x8FF
FFEC63A0? 3940F3FF  li      r10, -0xC01
FFEC63A4? 7FDE5038  and     r30, r30, r10
FFEC63A8? 63DE0800  ori     r30, r30, 0x800
FFEC63AC? 4280000C  b       loc_FFEC63B8
loc_FFEC63B0:
FFEC63B0? 3860FFCE  li      r3, -0x32
FFEC63B4? 4280002C  b       loc_FFEC63E0
loc_FFEC63B8:
FFEC63B8? 39620154  addi    r11, r2, 0x154                     ; TOC[+340] &data+290
FFEC63BC? 816B0000  lwz     r11, 0x0(r11)
FFEC63C0? 93AB00E6  stw     r29, 0xE6(r11)
FFEC63C4? 7FE3FB78  mr      r3, r31
FFEC63C8? 48002E71  bl      sub_FFEC9238
FFEC63CC? 60000000  nop
FFEC63D0? 7FC3F378  mr      r3, r30
FFEC63D4? 48002EED  bl      sub_FFEC92C0
FFEC63D8? 60000000  nop
FFEC63DC? 38600000  li      r3, 0x0
loc_FFEC63E0:
FFEC63E0? 80010058  lwz     r0, 0x58(r1)
FFEC63E4? 38210050  addi    r1, r1, 0x50
FFEC63E8? 7C0803A6  mtspr   LR, r0
FFEC63EC? BBA1FFF4  lmw     r29, -0xC(r1)
FFEC63F0? 4E800020  blr

sub_FFEC63F4:
FFEC63F4? 38600000  li      r3, 0x0
FFEC63F8? 4E800020  blr

sub_FFEC63FC:
FFEC63FC? 38600000  li      r3, 0x0
FFEC6400? 4E800020  blr

sub_FFEC6404:
FFEC6404? 7C0802A6  mfspr   r0, LR
FFEC6408? BFA1FFF4  stmw    r29, -0xC(r1)
FFEC640C? 90010008  stw     r0, 0x8(r1)
FFEC6410? 9421FFB0  stwu    r1, -0x50(r1)
FFEC6414? 7C7F1B78  mr      r31, r3
FFEC6418? 7C9E2378  mr      r30, r4
FFEC641C? 38610038  addi    r3, r1, 0x38
FFEC6420? 48000AFD  bl      sub_FFEC6F1C
FFEC6424? 60000000  nop
FFEC6428? 80610038  lwz     r3, 0x38(r1)
FFEC642C? 7C63F039  and.    r3, r3, r30
FFEC6430? 4082000C  bne     loc_FFEC643C
FFEC6434? 3860FFEF  li      r3, -0x11
FFEC6438? 42800060  b       loc_FFEC6498
loc_FFEC643C:
FFEC643C? 3861003C  addi    r3, r1, 0x3C
FFEC6440? 48001229  bl      sub_FFEC7668
FFEC6444? 60000000  nop
FFEC6448? 8081003C  lwz     r4, 0x3C(r1)
FFEC644C? 548407BD  rlwinm. r4, r4, 0, 30, 30
FFEC6450? 4082000C  bne     loc_FFEC645C
FFEC6454? 3860FFEF  li      r3, -0x11
FFEC6458? 42800040  b       loc_FFEC6498
loc_FFEC645C:
FFEC645C? 57FF02BE  clrlwi  r31, r31, 10
FFEC6460? 57C5042E  rlwinm  r5, r30, 0, 16, 23
FFEC6464? 54A5C23E  srwi    r5, r5, 8
FFEC6468? 7FFF2B78  or      r31, r31, r5
FFEC646C? 7FE3FB78  mr      r3, r31
FFEC6470? 48002D51  bl      sub_FFEC91C0
FFEC6474? 60000000  nop
FFEC6478? 7C7D1B78  mr      r29, r3
FFEC647C? 48002D3D  bl      sub_FFEC91B8
FFEC6480? 60000000  nop
FFEC6484? 80630210  lwz     r3, 0x210(r3)
FFEC6488? 80630000  lwz     r3, 0x0(r3)
FFEC648C? 3C630001  addis   r3, r3, 0x0001
FFEC6490? 93A34010  stw     r29, 0x4010(r3)
FFEC6494? 38600000  li      r3, 0x0
loc_FFEC6498:
FFEC6498? 80010058  lwz     r0, 0x58(r1)
FFEC649C? 38210050  addi    r1, r1, 0x50
FFEC64A0? 7C0803A6  mtspr   LR, r0
FFEC64A4? BBA1FFF4  lmw     r29, -0xC(r1)
FFEC64A8? 4E800020  blr

sub_FFEC64AC:
FFEC64AC? 7C0802A6  mfspr   r0, LR
FFEC64B0? BFC1FFF8  stmw    r30, -0x8(r1)
FFEC64B4? 90010008  stw     r0, 0x8(r1)
FFEC64B8? 9421FFC0  stwu    r1, -0x40(r1)
FFEC64BC? 7C7E1B78  mr      r30, r3
FFEC64C0? 48002FA5  bl      sub_FFEC9464
FFEC64C4? 60000000  nop
FFEC64C8? 7C7F1B78  mr      r31, r3
FFEC64CC? 281E0000  cmplwi  cr0, r30, 0x0
FFEC64D0? 4182000C  beq     loc_FFEC64DC
FFEC64D4? 63FF0100  ori     r31, r31, 0x100
FFEC64D8? 4280000C  b       loc_FFEC64E4
loc_FFEC64DC:
FFEC64DC? 3860FEFF  li      r3, -0x101
FFEC64E0? 7FFF1838  and     r31, r31, r3
loc_FFEC64E4:
FFEC64E4? 7FE3FB78  mr      r3, r31
FFEC64E8? 48002D51  bl      sub_FFEC9238
FFEC64EC? 60000000  nop
FFEC64F0? 38820154  addi    r4, r2, 0x154                      ; TOC[+340] &data+290
FFEC64F4? 80840000  lwz     r4, 0x0(r4)
FFEC64F8? 9BC400EB  stb     r30, 0xEB(r4)
FFEC64FC? 38600000  li      r3, 0x0
FFEC6500? 80010048  lwz     r0, 0x48(r1)
FFEC6504? 38210040  addi    r1, r1, 0x40
FFEC6508? 7C0803A6  mtspr   LR, r0
FFEC650C? BBC1FFF8  lmw     r30, -0x8(r1)
FFEC6510? 4E800020  blr

sub_FFEC6514:
FFEC6514? 38820154  addi    r4, r2, 0x154                      ; TOC[+340] &data+290
FFEC6518? 80840000  lwz     r4, 0x0(r4)
FFEC651C? 808400DA  lwz     r4, 0xDA(r4)
FFEC6520? 90830000  stw     r4, 0x0(r3)
FFEC6524? 38600000  li      r3, 0x0
FFEC6528? 4E800020  blr

sub_FFEC652C:
FFEC652C? 7C0802A6  mfspr   r0, LR
FFEC6530? 93E1FFFC  stw     r31, -0x4(r1)
FFEC6534? 90010008  stw     r0, 0x8(r1)
FFEC6538? 9421FFC0  stwu    r1, -0x40(r1)
FFEC653C? 90610058  stw     r3, 0x58(r1)
FFEC6540? 9081005C  stw     r4, 0x5C(r1)
FFEC6544? 48002F21  bl      sub_FFEC9464
FFEC6548? 60000000  nop
FFEC654C? 7C7F1B78  mr      r31, r3
FFEC6550? 38600001  li      r3, 0x1
FFEC6554? 9061005C  stw     r3, 0x5C(r1)
FFEC6558? 28030000  cmplwi  cr0, r3, 0x0
FFEC655C? 41820010  beq     loc_FFEC656C
FFEC6560? 57E40636  rlwinm  r4, r31, 0, 24, 27
FFEC6564? 549FE13E  srwi    r31, r4, 4
FFEC6568? 42800008  b       loc_FFEC6570
loc_FFEC656C:
FFEC656C? 57FF073E  clrlwi  r31, r31, 28
loc_FFEC6570:
FFEC6570? 57E52036  slwi    r5, r31, 4
FFEC6574? 57E66026  slwi    r6, r31, 12
FFEC6578? 57E7402E  slwi    r7, r31, 8
FFEC657C? 7CE72A14  add     r7, r7, r5
FFEC6580? 3CC60001  addis   r6, r6, 0x0001
FFEC6584? 38C68000  addi    r6, r6, -0x8000
FFEC6588? 7CC63A14  add     r6, r6, r7
FFEC658C? 7FFF3214  add     r31, r31, r6
FFEC6590? 3D000001  lis     r8, 0x0001
FFEC6594? 39087FFF  addi    r8, r8, 0x7FFF
FFEC6598? 7C1F4040  cmplw   r31, r8
FFEC659C? 4082000C  bne     loc_FFEC65A8
FFEC65A0? 3FE00002  lis     r31, 0x0002
FFEC65A4? 3BFF8000  addi    r31, r31, -0x8000
loc_FFEC65A8:
FFEC65A8? 81210058  lwz     r9, 0x58(r1)
FFEC65AC? 93E90000  stw     r31, 0x0(r9)
FFEC65B0? 38600000  li      r3, 0x0
FFEC65B4? 80010048  lwz     r0, 0x48(r1)
FFEC65B8? 38210040  addi    r1, r1, 0x40
FFEC65BC? 7C0803A6  mtspr   LR, r0
FFEC65C0? 83E1FFFC  lwz     r31, -0x4(r1)
FFEC65C4? 4E800020  blr

sub_FFEC65C8:
FFEC65C8? 548507BD  rlwinm. r5, r4, 0, 30, 30
FFEC65CC? 41820018  beq     loc_FFEC65E4
FFEC65D0? 38C20154  addi    r6, r2, 0x154                      ; TOC[+340] &data+290
FFEC65D4? 80C60000  lwz     r6, 0x0(r6)
FFEC65D8? 80C600DE  lwz     r6, 0xDE(r6)
FFEC65DC? 90C30000  stw     r6, 0x0(r3)
FFEC65E0? 42800014  b       loc_FFEC65F4
loc_FFEC65E4:
FFEC65E4? 38E20154  addi    r7, r2, 0x154                      ; TOC[+340] &data+290
FFEC65E8? 80E70000  lwz     r7, 0x0(r7)
FFEC65EC? 80E700E2  lwz     r7, 0xE2(r7)
FFEC65F0? 90E30000  stw     r7, 0x0(r3)
loc_FFEC65F4:
FFEC65F4? 38600000  li      r3, 0x0
FFEC65F8? 4E800020  blr

sub_FFEC65FC:
FFEC65FC? 38820154  addi    r4, r2, 0x154                      ; TOC[+340] &data+290
FFEC6600? 80840000  lwz     r4, 0x0(r4)
FFEC6604? 808400D2  lwz     r4, 0xD2(r4)
FFEC6608? 90830000  stw     r4, 0x0(r3)
FFEC660C? 38600000  li      r3, 0x0
FFEC6610? 4E800020  blr

sub_FFEC6614:
FFEC6614? 7C0802A6  mfspr   r0, LR
FFEC6618? BFC1FFF8  stmw    r30, -0x8(r1)
FFEC661C? 90010008  stw     r0, 0x8(r1)
FFEC6620? 9421FFC0  stwu    r1, -0x40(r1)
FFEC6624? 7C7F1B78  mr      r31, r3
FFEC6628? 9081005C  stw     r4, 0x5C(r1)
FFEC662C? 48002E49  bl      sub_FFEC9474
FFEC6630? 60000000  nop
FFEC6634? 7C7E1B78  mr      r30, r3
FFEC6638? 8061005C  lwz     r3, 0x5C(r1)
FFEC663C? 28030002  cmplwi  cr0, r3, 0x2
FFEC6640? 40820024  bne     loc_FFEC6664
FFEC6644? 57C405AD  rlwinm. r4, r30, 0, 22, 22
FFEC6648? 41820010  beq     loc_FFEC6658
FFEC664C? 38A00001  li      r5, 0x1
FFEC6650? 90BF0000  stw     r5, 0x0(r31)
FFEC6654? 4280002C  b       loc_FFEC6680
loc_FFEC6658:
FFEC6658? 38C00000  li      r6, 0x0
FFEC665C? 90DF0000  stw     r6, 0x0(r31)
FFEC6660? 42800020  b       loc_FFEC6680
loc_FFEC6664:
FFEC6664? 57C70631  rlwinm. r7, r30, 0, 24, 24
FFEC6668? 41820010  beq     loc_FFEC6678
FFEC666C? 39000001  li      r8, 0x1
FFEC6670? 911F0000  stw     r8, 0x0(r31)
FFEC6674? 4280000C  b       loc_FFEC6680
loc_FFEC6678:
FFEC6678? 39200000  li      r9, 0x0
FFEC667C? 913F0000  stw     r9, 0x0(r31)
loc_FFEC6680:
FFEC6680? 38600000  li      r3, 0x0
FFEC6684? 80010048  lwz     r0, 0x48(r1)
FFEC6688? 38210040  addi    r1, r1, 0x40
FFEC668C? 7C0803A6  mtspr   LR, r0
FFEC6690? BBC1FFF8  lmw     r30, -0x8(r1)
FFEC6694? 4E800020  blr

sub_FFEC6698:
FFEC6698? 38820154  addi    r4, r2, 0x154                      ; TOC[+340] &data+290
FFEC669C? 80840000  lwz     r4, 0x0(r4)
FFEC66A0? 808400E6  lwz     r4, 0xE6(r4)
FFEC66A4? 90830000  stw     r4, 0x0(r3)
FFEC66A8? 38600000  li      r3, 0x0
FFEC66AC? 4E800020  blr

sub_FFEC66B0:
FFEC66B0? 7C0802A6  mfspr   r0, LR
FFEC66B4? BFC1FFF8  stmw    r30, -0x8(r1)
FFEC66B8? 90010008  stw     r0, 0x8(r1)
FFEC66BC? 9421FFB0  stwu    r1, -0x50(r1)
FFEC66C0? 90610068  stw     r3, 0x68(r1)
FFEC66C4? 7C9E2378  mr      r30, r4
FFEC66C8? 38610038  addi    r3, r1, 0x38
FFEC66CC? 48000851  bl      sub_FFEC6F1C
FFEC66D0? 60000000  nop
FFEC66D4? 80610038  lwz     r3, 0x38(r1)
FFEC66D8? 7C63F039  and.    r3, r3, r30
FFEC66DC? 4082000C  bne     loc_FFEC66E8
FFEC66E0? 3860FFEF  li      r3, -0x11
FFEC66E4? 428000E4  b       loc_FFEC67C8
loc_FFEC66E8:
FFEC66E8? 3861003C  addi    r3, r1, 0x3C
FFEC66EC? 48000F7D  bl      sub_FFEC7668
FFEC66F0? 60000000  nop
FFEC66F4? 8081003C  lwz     r4, 0x3C(r1)
FFEC66F8? 548407FF  clrlwi. r4, r4, 31
FFEC66FC? 4082000C  bne     loc_FFEC6708
FFEC6700? 3860FFEF  li      r3, -0x11
FFEC6704? 428000C4  b       loc_FFEC67C8
loc_FFEC6708:
FFEC6708? 48002AB1  bl      sub_FFEC91B8
FFEC670C? 60000000  nop
FFEC6710? 80630210  lwz     r3, 0x210(r3)
FFEC6714? 80630000  lwz     r3, 0x0(r3)
FFEC6718? 3C630001  addis   r3, r3, 0x0001
FFEC671C? 83E34000  lwz     r31, 0x4000(r3)
FFEC6720? 3CA0FF80  lis     r5, 0xFF80
FFEC6724? 38A5FEFF  addi    r5, r5, -0x101
FFEC6728? 7FFF2838  and     r31, r31, r5
FFEC672C? 57C6063E  clrlwi  r6, r30, 24
FFEC6730? 2C060004  cmpwi   cr0, r6, 0x4
FFEC6734? 41820038  beq     loc_FFEC676C
FFEC6738? 4080001C  bge     loc_FFEC6754
FFEC673C? 2C060002  cmpwi   cr0, r6, 0x2
FFEC6740? 41820024  beq     loc_FFEC6764
FFEC6744? 4080003C  bge     loc_FFEC6780
FFEC6748? 2C060001  cmpwi   cr0, r6, 0x1
FFEC674C? 40800014  bge     loc_FFEC6760
FFEC6750? 42800030  b       loc_FFEC6780
loc_FFEC6754:
FFEC6754? 2C060008  cmpwi   cr0, r6, 0x8
FFEC6758? 4182001C  beq     loc_FFEC6774
FFEC675C? 42800024  b       loc_FFEC6780
loc_FFEC6760:
FFEC6760? 42800028  b       loc_FFEC6788
loc_FFEC6764:
FFEC6764? 67FF0080  oris    r31, r31, 0x80
FFEC6768? 42800020  b       loc_FFEC6788
loc_FFEC676C:
FFEC676C? 63FF0100  ori     r31, r31, 0x100
FFEC6770? 42800018  b       loc_FFEC6788
loc_FFEC6774:
FFEC6774? 67FF0080  oris    r31, r31, 0x80
FFEC6778? 63FF0100  ori     r31, r31, 0x100
FFEC677C? 4280000C  b       loc_FFEC6788
loc_FFEC6780:
FFEC6780? 3860FFEF  li      r3, -0x11
FFEC6784? 42800044  b       loc_FFEC67C8
loc_FFEC6788:
FFEC6788? 48002A31  bl      sub_FFEC91B8
FFEC678C? 60000000  nop
FFEC6790? 80630210  lwz     r3, 0x210(r3)
FFEC6794? 80630000  lwz     r3, 0x0(r3)
FFEC6798? 3C630001  addis   r3, r3, 0x0001
FFEC679C? 93E34000  stw     r31, 0x4000(r3)
FFEC67A0? 48002A19  bl      sub_FFEC91B8
FFEC67A4? 60000000  nop
FFEC67A8? 80630210  lwz     r3, 0x210(r3)
FFEC67AC? 80630000  lwz     r3, 0x0(r3)
FFEC67B0? 3C630001  addis   r3, r3, 0x0001
FFEC67B4? 80634020  lwz     r3, 0x4020(r3)
FFEC67B8? 546302BE  clrlwi  r3, r3, 10
FFEC67BC? 80E10068  lwz     r7, 0x68(r1)
FFEC67C0? 90670000  stw     r3, 0x0(r7)
FFEC67C4? 38600000  li      r3, 0x0
loc_FFEC67C8:
FFEC67C8? 80010058  lwz     r0, 0x58(r1)
FFEC67CC? 38210050  addi    r1, r1, 0x50
FFEC67D0? 7C0803A6  mtspr   LR, r0
FFEC67D4? BBC1FFF8  lmw     r30, -0x8(r1)
FFEC67D8? 4E800020  blr

sub_FFEC67DC:
FFEC67DC? 38820154  addi    r4, r2, 0x154                      ; TOC[+340] &data+290
FFEC67E0? 80840000  lwz     r4, 0x0(r4)
FFEC67E4? 888400EB  lbz     r4, 0xEB(r4)
FFEC67E8? 90830000  stw     r4, 0x0(r3)
FFEC67EC? 38600000  li      r3, 0x0
FFEC67F0? 4E800020  blr

sub_FFEC67F4:
FFEC67F4? 7C0802A6  mfspr   r0, LR
FFEC67F8? BFC1FFF8  stmw    r30, -0x8(r1)
FFEC67FC? 90010008  stw     r0, 0x8(r1)
FFEC6800? 9421FFC0  stwu    r1, -0x40(r1)
FFEC6804? 7C7F1B78  mr      r31, r3
FFEC6808? 38620154  addi    r3, r2, 0x154                      ; TOC[+340] &data+290
FFEC680C? 80630000  lwz     r3, 0x0(r3)
FFEC6810? 806300E6  lwz     r3, 0xE6(r3)
FFEC6814? 28030001  cmplwi  cr0, r3, 0x1
FFEC6818? 4082003C  bne     loc_FFEC6854
FFEC681C? 4800299D  bl      sub_FFEC91B8
FFEC6820? 60000000  nop
FFEC6824? 80630210  lwz     r3, 0x210(r3)
FFEC6828? 80630000  lwz     r3, 0x0(r3)
FFEC682C? 3C630001  addis   r3, r3, 0x0001
FFEC6830? 83C34020  lwz     r30, 0x4020(r3)
FFEC6834? 57C4014B  rlwinm. r4, r30, 0, 5, 5
FFEC6838? 41820010  beq     loc_FFEC6848
FFEC683C? 38A00001  li      r5, 0x1
FFEC6840? 90BF0000  stw     r5, 0x0(r31)
FFEC6844? 42800018  b       loc_FFEC685C
loc_FFEC6848:
FFEC6848? 38C00000  li      r6, 0x0
FFEC684C? 90DF0000  stw     r6, 0x0(r31)
FFEC6850? 4280000C  b       loc_FFEC685C
loc_FFEC6854:
FFEC6854? 38E00001  li      r7, 0x1
FFEC6858? 90FF0000  stw     r7, 0x0(r31)
loc_FFEC685C:
FFEC685C? 38600000  li      r3, 0x0
FFEC6860? 80010048  lwz     r0, 0x48(r1)
FFEC6864? 38210040  addi    r1, r1, 0x40
FFEC6868? 7C0803A6  mtspr   LR, r0
FFEC686C? BBC1FFF8  lmw     r30, -0x8(r1)
FFEC6870? 4E800020  blr

sub_FFEC6874:
FFEC6874? 7C0802A6  mfspr   r0, LR
FFEC6878? BFC1FFF8  stmw    r30, -0x8(r1)
FFEC687C? 90010008  stw     r0, 0x8(r1)
FFEC6880? 9421FFB0  stwu    r1, -0x50(r1)
FFEC6884? 7C7E1B78  mr      r30, r3
FFEC6888? 386200D4  addi    r3, r2, 0xD4
FFEC688C? 38810038  addi    r4, r1, 0x38
FFEC6890? 48002EAD  bl      sub_FFEC973C
FFEC6894? 60000000  nop
FFEC6898? 7C7F1B78  mr      r31, r3
FFEC689C? 57E3063F  clrlwi. r3, r31, 24
FFEC68A0? 41820010  beq     loc_FFEC68B0
FFEC68A4? 38800003  li      r4, 0x3
FFEC68A8? 909E0000  stw     r4, 0x0(r30)
FFEC68AC? 4280000C  b       loc_FFEC68B8
loc_FFEC68B0:
FFEC68B0? 38A00002  li      r5, 0x2
FFEC68B4? 90BE0000  stw     r5, 0x0(r30)
loc_FFEC68B8:
FFEC68B8? 38600000  li      r3, 0x0
FFEC68BC? 80010058  lwz     r0, 0x58(r1)
FFEC68C0? 38210050  addi    r1, r1, 0x50
FFEC68C4? 7C0803A6  mtspr   LR, r0
FFEC68C8? BBC1FFF8  lmw     r30, -0x8(r1)
FFEC68CC? 4E800020  blr

sub_FFEC68D0:
FFEC68D0* 7C0802A6  mfspr   r0, LR
FFEC68D4* BFA1FFF4  stmw    r29, -0xC(r1)
FFEC68D8* 90010008  stw     r0, 0x8(r1)
FFEC68DC* 9421FFB0  stwu    r1, -0x50(r1)
FFEC68E0* 3BE20154  addi    r31, r2, 0x154                     ; TOC[+340] &data+290
FFEC68E4* 480028D5  bl      sub_FFEC91B8
FFEC68E8* 60000000  nop
FFEC68EC* 80630210  lwz     r3, 0x210(r3)
FFEC68F0* 80630000  lwz     r3, 0x0(r3)
FFEC68F4* 80830024  lwz     r4, 0x24(r3)
FFEC68F8* 38A0FDFF  li      r5, -0x201
FFEC68FC* 7C842838  and     r4, r4, r5
FFEC6900* 90830024  stw     r4, 0x24(r3)
FFEC6904* 38C00000  li      r6, 0x0
FFEC6908* 80FF0000  lwz     r7, 0x0(r31)
FFEC690C* 90C70000  stw     r6, 0x0(r7)
FFEC6910* 39000000  li      r8, 0x0
FFEC6914* 813F0000  lwz     r9, 0x0(r31)
FFEC6918* 91090004  stw     r8, 0x4(r9)
FFEC691C* 39400000  li      r10, 0x0
FFEC6920* 817F0000  lwz     r11, 0x0(r31)
FFEC6924* 914B0008  stw     r10, 0x8(r11)
FFEC6928* 39800000  li      r12, 0x0
FFEC692C* 807F0000  lwz     r3, 0x0(r31)
FFEC6930* 9183000C  stw     r12, 0xC(r3)
FFEC6934* 48002885  bl      sub_FFEC91B8
FFEC6938* 60000000  nop
FFEC693C* 80630210  lwz     r3, 0x210(r3)
FFEC6940* 80630000  lwz     r3, 0x0(r3)
FFEC6944* 3C630001  addis   r3, r3, 0x0001
FFEC6948* 83C34000  lwz     r30, 0x4000(r3)
FFEC694C* 67DE0040  oris    r30, r30, 0x40
FFEC6950* 3C80FFE0  lis     r4, 0xFFE0
FFEC6954* 3884FFFF  addi    r4, r4, -0x1
FFEC6958* 7FDE2038  and     r30, r30, r4
FFEC695C* 4800285D  bl      sub_FFEC91B8
FFEC6960* 60000000  nop
FFEC6964* 80630210  lwz     r3, 0x210(r3)
FFEC6968* 80630000  lwz     r3, 0x0(r3)
FFEC696C* 3C630001  addis   r3, r3, 0x0001
FFEC6970* 93C34000  stw     r30, 0x4000(r3)
FFEC6974* 38A200B4  addi    r5, r2, 0xB4
FFEC6978* 7CBD2B78  mr      r29, r5
FFEC697C* 4800283D  bl      sub_FFEC91B8
FFEC6980* 60000000  nop
FFEC6984* 80630210  lwz     r3, 0x210(r3)
FFEC6988* 93A30128  stw     r29, 0x128(r3)
FFEC698C* 38C00000  li      r6, 0x0
FFEC6990* 7CDD3378  mr      r29, r6
FFEC6994* 48002825  bl      sub_FFEC91B8
FFEC6998* 60000000  nop
FFEC699C* 80630210  lwz     r3, 0x210(r3)
FFEC69A0* 93A3012C  stw     r29, 0x12C(r3)
FFEC69A4* 4800003D  bl      sub_FFEC69E0
FFEC69A8* 60000000  nop
FFEC69AC* 4800280D  bl      sub_FFEC91B8
FFEC69B0* 60000000  nop
FFEC69B4* 80630210  lwz     r3, 0x210(r3)
FFEC69B8* 80630000  lwz     r3, 0x0(r3)
FFEC69BC* 80E30024  lwz     r7, 0x24(r3)
FFEC69C0* 60E70200  ori     r7, r7, 0x200
FFEC69C4* 90E30024  stw     r7, 0x24(r3)
FFEC69C8* 38600000  li      r3, 0x0
FFEC69CC* 80010058  lwz     r0, 0x58(r1)
FFEC69D0* 38210050  addi    r1, r1, 0x50
FFEC69D4* 7C0803A6  mtspr   LR, r0
FFEC69D8* BBA1FFF4  lmw     r29, -0xC(r1)
FFEC69DC* 4E800020  blr

sub_FFEC69E0:
FFEC69E0* 7C0802A6  mfspr   r0, LR
FFEC69E4* BFC1FFF8  stmw    r30, -0x8(r1)
FFEC69E8* 90010008  stw     r0, 0x8(r1)
FFEC69EC* 9421FFC0  stwu    r1, -0x40(r1)
FFEC69F0* 480027C9  bl      sub_FFEC91B8
FFEC69F4* 60000000  nop
FFEC69F8* 80630210  lwz     r3, 0x210(r3)
FFEC69FC* 80630000  lwz     r3, 0x0(r3)
FFEC6A00* 3C630001  addis   r3, r3, 0x0001
FFEC6A04* 83E34000  lwz     r31, 0x4000(r3)
FFEC6A08* 480027B1  bl      sub_FFEC91B8
FFEC6A0C* 60000000  nop
FFEC6A10* 80630210  lwz     r3, 0x210(r3)
FFEC6A14* 80630000  lwz     r3, 0x0(r3)
FFEC6A18* 3C630001  addis   r3, r3, 0x0001
FFEC6A1C* 93E34000  stw     r31, 0x4000(r3)
FFEC6A20* 48002799  bl      sub_FFEC91B8
FFEC6A24* 60000000  nop
FFEC6A28* 80630210  lwz     r3, 0x210(r3)
FFEC6A2C* 80630000  lwz     r3, 0x0(r3)
FFEC6A30* 80830028  lwz     r4, 0x28(r3)
FFEC6A34* 60840200  ori     r4, r4, 0x200
FFEC6A38* 90830028  stw     r4, 0x28(r3)
FFEC6A3C* 4800277D  bl      sub_FFEC91B8
FFEC6A40* 60000000  nop
FFEC6A44* 80630210  lwz     r3, 0x210(r3)
FFEC6A48* 80630000  lwz     r3, 0x0(r3)
FFEC6A4C* 3C630001  addis   r3, r3, 0x0001
FFEC6A50* 83E34020  lwz     r31, 0x4020(r3)
FFEC6A54* 48002A21  bl      sub_FFEC9474
FFEC6A58* 60000000  nop
FFEC6A5C* 7C7E1B78  mr      r30, r3
FFEC6A60* 57E50109  rlwinm. r5, r31, 0, 4, 4
FFEC6A64* 4182000C  beq     loc_FFEC6A70
FFEC6A68  63DE0080  ori     r30, r30, 0x80
FFEC6A6C  4280000C  b       loc_FFEC6A78
loc_FFEC6A70:
FFEC6A70* 38C0FF7F  li      r6, -0x81
FFEC6A74* 7FDE3038  and     r30, r30, r6
loc_FFEC6A78:
FFEC6A78* 7FC3F378  mr      r3, r30
FFEC6A7C* 48002845  bl      sub_FFEC92C0
FFEC6A80* 60000000  nop
FFEC6A84* 80010048  lwz     r0, 0x48(r1)
FFEC6A88* 38210040  addi    r1, r1, 0x40
FFEC6A8C* 7C0803A6  mtspr   LR, r0
FFEC6A90* BBC1FFF8  lmw     r30, -0x8(r1)
FFEC6A94* 4E800020  blr

sub_FFEC6A98:
FFEC6A98? 7C0802A6  mfspr   r0, LR
FFEC6A9C? BF81FFF0  stmw    r28, -0x10(r1)
FFEC6AA0? 90010008  stw     r0, 0x8(r1)
FFEC6AA4? 9421FFB0  stwu    r1, -0x50(r1)
FFEC6AA8? 7C7C1B78  mr      r28, r3
FFEC6AAC? 5783000F  clrrwi. r3, r28, 24
FFEC6AB0? 4182000C  beq     loc_FFEC6ABC
FFEC6AB4? 3BC00002  li      r30, 0x2
FFEC6AB8? 42800014  b       loc_FFEC6ACC
loc_FFEC6ABC:
FFEC6ABC? 579E843E  srwi    r30, r28, 16
FFEC6AC0? 1C9E000E  mulli   r4, r30, 0xE
FFEC6AC4? 549EC23E  srwi    r30, r4, 8
FFEC6AC8? 23DE000F  subfic  r30, r30, 0xF
loc_FFEC6ACC:
FFEC6ACC? 5785042F  rlwinm. r5, r28, 0, 16, 23
FFEC6AD0? 4182000C  beq     loc_FFEC6ADC
FFEC6AD4? 3BE00002  li      r31, 0x2
FFEC6AD8? 42800014  b       loc_FFEC6AEC
loc_FFEC6ADC:
FFEC6ADC? 579F043E  clrlwi  r31, r28, 16
FFEC6AE0? 1CDF000E  mulli   r6, r31, 0xE
FFEC6AE4? 54DFC23E  srwi    r31, r6, 8
FFEC6AE8? 23FF000F  subfic  r31, r31, 0xF
loc_FFEC6AEC:
FFEC6AEC? 57FF3032  slwi    r31, r31, 6
FFEC6AF0? 48002995  bl      sub_FFEC9484
FFEC6AF4? 60000000  nop
FFEC6AF8? 7C7D1B78  mr      r29, r3
FFEC6AFC? 38E0FC30  li      r7, -0x3D0
FFEC6B00? 7FBD3838  and     r29, r29, r7
FFEC6B04? 7FE8F378  or      r8, r31, r30
FFEC6B08? 7FBD4378  or      r29, r29, r8
FFEC6B0C? 48002979  bl      sub_FFEC9484
FFEC6B10? 60000000  nop
FFEC6B14? 7C1D1840  cmplw   r29, r3
FFEC6B18? 41820010  beq     loc_FFEC6B28
FFEC6B1C? 7FA3EB78  mr      r3, r29
FFEC6B20? 4800282D  bl      sub_FFEC934C
FFEC6B24? 60000000  nop
loc_FFEC6B28:
FFEC6B28? 39220154  addi    r9, r2, 0x154                      ; TOC[+340] &data+290
FFEC6B2C? 81290000  lwz     r9, 0x0(r9)
FFEC6B30? 938900DE  stw     r28, 0xDE(r9)
FFEC6B34? 38600000  li      r3, 0x0
FFEC6B38? 80010058  lwz     r0, 0x58(r1)
FFEC6B3C? 38210050  addi    r1, r1, 0x50
FFEC6B40? 7C0803A6  mtspr   LR, r0
FFEC6B44? BB81FFF0  lmw     r28, -0x10(r1)
FFEC6B48? 4E800020  blr

sub_FFEC6B4C:
FFEC6B4C? 7C0802A6  mfspr   r0, LR
FFEC6B50? BF81FFF0  stmw    r28, -0x10(r1)
FFEC6B54? 90010008  stw     r0, 0x8(r1)
FFEC6B58? 9421FFB0  stwu    r1, -0x50(r1)
FFEC6B5C? 7C7C1B78  mr      r28, r3
FFEC6B60? 5783000F  clrrwi. r3, r28, 24
FFEC6B64? 4182000C  beq     loc_FFEC6B70
FFEC6B68? 3BC00002  li      r30, 0x2
FFEC6B6C? 42800014  b       loc_FFEC6B80
loc_FFEC6B70:
FFEC6B70? 579E843E  srwi    r30, r28, 16
FFEC6B74? 1C9E000E  mulli   r4, r30, 0xE
FFEC6B78? 549EC23E  srwi    r30, r4, 8
FFEC6B7C? 23DE000F  subfic  r30, r30, 0xF
loc_FFEC6B80:
FFEC6B80? 5785042F  rlwinm. r5, r28, 0, 16, 23
FFEC6B84? 4182000C  beq     loc_FFEC6B90
FFEC6B88? 3BE00002  li      r31, 0x2
FFEC6B8C? 42800014  b       loc_FFEC6BA0
loc_FFEC6B90:
FFEC6B90? 579F043E  clrlwi  r31, r28, 16
FFEC6B94? 1CDF000E  mulli   r6, r31, 0xE
FFEC6B98? 54DFC23E  srwi    r31, r6, 8
FFEC6B9C? 23FF000F  subfic  r31, r31, 0xF
loc_FFEC6BA0:
FFEC6BA0? 57FF3032  slwi    r31, r31, 6
FFEC6BA4? 480028F1  bl      sub_FFEC9494
FFEC6BA8? 60000000  nop
FFEC6BAC? 7C7D1B78  mr      r29, r3
FFEC6BB0? 38E0FC30  li      r7, -0x3D0
FFEC6BB4? 7FBD3838  and     r29, r29, r7
FFEC6BB8? 7FE8F378  or      r8, r31, r30
FFEC6BBC? 7FBD4378  or      r29, r29, r8
FFEC6BC0? 480028D5  bl      sub_FFEC9494
FFEC6BC4? 60000000  nop
FFEC6BC8? 7C1D1840  cmplw   r29, r3
FFEC6BCC? 41820010  beq     loc_FFEC6BDC
FFEC6BD0? 7FA3EB78  mr      r3, r29
FFEC6BD4? 48002805  bl      sub_FFEC93D8
FFEC6BD8? 60000000  nop
loc_FFEC6BDC:
FFEC6BDC? 39220154  addi    r9, r2, 0x154                      ; TOC[+340] &data+290
FFEC6BE0? 81290000  lwz     r9, 0x0(r9)
FFEC6BE4? 938900E2  stw     r28, 0xE2(r9)
FFEC6BE8? 38600000  li      r3, 0x0
FFEC6BEC? 80010058  lwz     r0, 0x58(r1)
FFEC6BF0? 38210050  addi    r1, r1, 0x50
FFEC6BF4? 7C0803A6  mtspr   LR, r0
FFEC6BF8? BB81FFF0  lmw     r28, -0x10(r1)
FFEC6BFC? 4E800020  blr

sub_FFEC6C00:
FFEC6C00? 93E1FFFC  stw     r31, -0x4(r1)
FFEC6C04? 3BE20154  addi    r31, r2, 0x154                     ; TOC[+340] &data+290
FFEC6C08? 5464063F  clrlwi. r4, r3, 24
FFEC6C0C? 41820028  beq     loc_FFEC6C34
FFEC6C10? 80BF0000  lwz     r5, 0x0(r31)
FFEC6C14? 80C500CE  lwz     r6, 0xCE(r5)
FFEC6C18? 54C6002E  clrrwi  r6, r6, 8
FFEC6C1C? 90C500CE  stw     r6, 0xCE(r5)
FFEC6C20? 5467063E  clrlwi  r7, r3, 24
FFEC6C24? 811F0000  lwz     r8, 0x0(r31)
FFEC6C28? 812800CE  lwz     r9, 0xCE(r8)
FFEC6C2C? 7D293B78  or      r9, r9, r7
FFEC6C30? 912800CE  stw     r9, 0xCE(r8)
loc_FFEC6C34:
FFEC6C34? 546A042F  rlwinm. r10, r3, 0, 16, 23
FFEC6C38? 41820030  beq     loc_FFEC6C68
FFEC6C3C? 817F0000  lwz     r11, 0x0(r31)
FFEC6C40? 818B00CE  lwz     r12, 0xCE(r11)
FFEC6C44? 3C80FFFF  lis     r4, 0xFFFF
FFEC6C48? 388400FF  addi    r4, r4, 0xFF
FFEC6C4C? 7D8C2038  and     r12, r12, r4
FFEC6C50? 918B00CE  stw     r12, 0xCE(r11)
FFEC6C54? 5465042E  rlwinm  r5, r3, 0, 16, 23
FFEC6C58? 80DF0000  lwz     r6, 0x0(r31)
FFEC6C5C? 80E600CE  lwz     r7, 0xCE(r6)
FFEC6C60? 7CE72B78  or      r7, r7, r5
FFEC6C64? 90E600CE  stw     r7, 0xCE(r6)
loc_FFEC6C68:
FFEC6C68? 38600000  li      r3, 0x0
FFEC6C6C? 83E1FFFC  lwz     r31, -0x4(r1)
FFEC6C70? 4E800020  blr

sub_FFEC6C74:
FFEC6C74? 7C0802A6  mfspr   r0, LR
FFEC6C78? BEA1FFD4  stmw    r21, -0x2C(r1)
FFEC6C7C? 90010008  stw     r0, 0x8(r1)
FFEC6C80? 9421FF60  stwu    r1, -0xA0(r1)
FFEC6C84? 7C751B78  mr      r21, r3
FFEC6C88? 3BE20154  addi    r31, r2, 0x154                     ; TOC[+340] &data+290
FFEC6C8C? 3B000000  li      r24, 0x0
FFEC6C90? 807F0000  lwz     r3, 0x0(r31)
FFEC6C94? 806300CA  lwz     r3, 0xCA(r3)
FFEC6C98? 5477063E  clrlwi  r23, r3, 24
FFEC6C9C? 809F0000  lwz     r4, 0x0(r31)
FFEC6CA0? 808400CA  lwz     r4, 0xCA(r4)
FFEC6CA4? 5496042E  rlwinm  r22, r4, 0, 16, 23
FFEC6CA8? 56BE063E  clrlwi  r30, r21, 24
FFEC6CAC? 56BD042E  rlwinm  r29, r21, 0, 16, 23
FFEC6CB0? 7C17F040  cmplw   r23, r30
FFEC6CB4? 40820014  bne     loc_FFEC6CC8
FFEC6CB8? 7C16E840  cmplw   r22, r29
FFEC6CBC? 4082000C  bne     loc_FFEC6CC8
FFEC6CC0? 38600000  li      r3, 0x0
FFEC6CC4? 42800214  b       loc_FFEC6ED8
loc_FFEC6CC8:
FFEC6CC8? 38610068  addi    r3, r1, 0x68
FFEC6CCC? 4800099D  bl      sub_FFEC7668
FFEC6CD0? 60000000  nop
FFEC6CD4? 480024E5  bl      sub_FFEC91B8
FFEC6CD8? 60000000  nop
FFEC6CDC? 80630210  lwz     r3, 0x210(r3)
FFEC6CE0? 80630000  lwz     r3, 0x0(r3)
FFEC6CE4? 3C630001  addis   r3, r3, 0x0001
FFEC6CE8? 83434000  lwz     r26, 0x4000(r3)
FFEC6CEC? 281E0000  cmplwi  cr0, r30, 0x0
FFEC6CF0? 41820078  beq     loc_FFEC6D68
FFEC6CF4? 7C1EB840  cmplw   r30, r23
FFEC6CF8? 41820070  beq     loc_FFEC6D68
FFEC6CFC? 80A10068  lwz     r5, 0x68(r1)
FFEC6D00? 54A507FF  clrlwi. r5, r5, 31
FFEC6D04? 4182000C  beq     loc_FFEC6D10
FFEC6D08? 3860FFFF  li      r3, -0x1
FFEC6D0C? 428001CC  b       loc_FFEC6ED8
loc_FFEC6D10:
FFEC6D10? 57DC07FE  clrlwi  r28, r30, 31
FFEC6D14? 57C6FFFE  extrwi  r6, r30, 1, 30
FFEC6D18? 7F9C3214  add     r28, r28, r6
FFEC6D1C? 57C7F7FE  extrwi  r7, r30, 1, 29
FFEC6D20? 7F9C3A14  add     r28, r28, r7
FFEC6D24? 57C8E8FE  srwi    r8, r30, 3
FFEC6D28? 7F9C4214  add     r28, r28, r8
FFEC6D2C? 1C7C0FD0  mulli   r3, r28, 0xFD0
FFEC6D30? 38810050  addi    r4, r1, 0x50
FFEC6D34? 48001349  bl      sub_FFEC807C
FFEC6D38? 60000000  nop
FFEC6D3C? 7C791B78  mr      r25, r3
FFEC6D40? 7F290735  extsh.  r9, r25
FFEC6D44? 4182000C  beq     loc_FFEC6D50
FFEC6D48? 7F23CB78  mr      r3, r25
FFEC6D4C? 4280018C  b       loc_FFEC6ED8
loc_FFEC6D50:
FFEC6D50? 3D40F100  lis     r10, 0xF100                        ; = F1000000 Chaos/Control space
FFEC6D54? 394AFFFF  addi    r10, r10, -0x1
FFEC6D58? 7F5A5038  and     r26, r26, r10
FFEC6D5C? 57CBC00E  slwi    r11, r30, 24
FFEC6D60? 7F5A5B78  or      r26, r26, r11
FFEC6D64? 3B000001  li      r24, 0x1
loc_FFEC6D68:
FFEC6D68? 281D0000  cmplwi  cr0, r29, 0x0
FFEC6D6C? 418200E8  beq     loc_FFEC6E54
FFEC6D70? 7C1DB040  cmplw   r29, r22
FFEC6D74? 418200E0  beq     loc_FFEC6E54
FFEC6D78? 81810068  lwz     r12, 0x68(r1)
FFEC6D7C? 558C07BD  rlwinm. r12, r12, 0, 30, 30
FFEC6D80? 4182000C  beq     loc_FFEC6D8C
FFEC6D84? 3860FFFF  li      r3, -0x1
FFEC6D88? 42800150  b       loc_FFEC6ED8
loc_FFEC6D8C:
FFEC6D8C? 57BBC7FE  extrwi  r27, r29, 1, 23
FFEC6D90? 57A3BFFE  extrwi  r3, r29, 1, 22
FFEC6D94? 7F7B1A14  add     r27, r27, r3
FFEC6D98? 57A4B7FE  extrwi  r4, r29, 1, 21
FFEC6D9C? 7F7B2214  add     r27, r27, r4
FFEC6DA0? 57A5AAFE  srwi    r5, r29, 11
FFEC6DA4? 7F7B2A14  add     r27, r27, r5
FFEC6DA8? 1C7B0FD0  mulli   r3, r27, 0xFD0
FFEC6DAC? 38810038  addi    r4, r1, 0x38
FFEC6DB0? 48001209  bl      sub_FFEC7FB8
FFEC6DB4? 60000000  nop
FFEC6DB8? 7C791B78  mr      r25, r3
FFEC6DBC? 7F260735  extsh.  r6, r25
FFEC6DC0? 41820020  beq     loc_FFEC6DE0
FFEC6DC4? 5707063F  clrlwi. r7, r24, 24
FFEC6DC8? 41820010  beq     loc_FFEC6DD8
FFEC6DCC? 38610050  addi    r3, r1, 0x50
FFEC6DD0? 480028CD  bl      sub_FFEC969C
FFEC6DD4? 60000000  nop
loc_FFEC6DD8:
FFEC6DD8? 7F23CB78  mr      r3, r25
FFEC6DDC? 428000FC  b       loc_FFEC6ED8
loc_FFEC6DE0:
FFEC6DE0? 811F0000  lwz     r8, 0x0(r31)
FFEC6DE4? 3868006A  addi    r3, r8, 0x6A
FFEC6DE8? 480028B5  bl      sub_FFEC969C
FFEC6DEC? 60000000  nop
FFEC6DF0? 38810038  addi    r4, r1, 0x38
FFEC6DF4? 813F0000  lwz     r9, 0x0(r31)
FFEC6DF8? 3869006A  addi    r3, r9, 0x6A
FFEC6DFC? 7CA4C4AA  lswi    r5, r4, 0x18
FFEC6E00? 7CA3C5AA  stswi   r5, r3, 0x18
FFEC6E04? 1C7B0FD0  mulli   r3, r27, 0xFD0
FFEC6E08? 815F0000  lwz     r10, 0x0(r31)
FFEC6E0C? 388A006A  addi    r4, r10, 0x6A
FFEC6E10? 480015D9  bl      sub_FFEC83E8
FFEC6E14? 60000000  nop
FFEC6E18? 575A013E  clrlwi  r26, r26, 4
FFEC6E1C? 57ABA016  slwi    r11, r29, 20
FFEC6E20? 7F5A5B78  or      r26, r26, r11
FFEC6E24? 819F0000  lwz     r12, 0x0(r31)
FFEC6E28? 806C00CA  lwz     r3, 0xCA(r12)
FFEC6E2C? 3C80FFFF  lis     r4, 0xFFFF
FFEC6E30? 388400FF  addi    r4, r4, 0xFF
FFEC6E34? 7C632038  and     r3, r3, r4
FFEC6E38? 906C00CA  stw     r3, 0xCA(r12)
FFEC6E3C? 80BF0000  lwz     r5, 0x0(r31)
FFEC6E40? 80C500CA  lwz     r6, 0xCA(r5)
FFEC6E44? 7CC6EB78  or      r6, r6, r29
FFEC6E48? 90C500CA  stw     r6, 0xCA(r5)
FFEC6E4C? 80FF0000  lwz     r7, 0x0(r31)
FFEC6E50? 9B6700EC  stb     r27, 0xEC(r7)
loc_FFEC6E54:
FFEC6E54? 5708063F  clrlwi. r8, r24, 24
FFEC6E58? 41820064  beq     loc_FFEC6EBC
FFEC6E5C? 813F0000  lwz     r9, 0x0(r31)
FFEC6E60? 3869001A  addi    r3, r9, 0x1A
FFEC6E64? 48002839  bl      sub_FFEC969C
FFEC6E68? 60000000  nop
FFEC6E6C? 38810050  addi    r4, r1, 0x50
FFEC6E70? 815F0000  lwz     r10, 0x0(r31)
FFEC6E74? 386A001A  addi    r3, r10, 0x1A
FFEC6E78? 7CA4C4AA  lswi    r5, r4, 0x18
FFEC6E7C? 7CA3C5AA  stswi   r5, r3, 0x18
FFEC6E80? 1C7C0FD0  mulli   r3, r28, 0xFD0
FFEC6E84? 817F0000  lwz     r11, 0x0(r31)
FFEC6E88? 388B001A  addi    r4, r11, 0x1A
FFEC6E8C? 480012A5  bl      sub_FFEC8130
FFEC6E90? 60000000  nop
FFEC6E94? 819F0000  lwz     r12, 0x0(r31)
FFEC6E98? 806C00CA  lwz     r3, 0xCA(r12)
FFEC6E9C? 5463002E  clrrwi  r3, r3, 8
FFEC6EA0? 906C00CA  stw     r3, 0xCA(r12)
FFEC6EA4? 809F0000  lwz     r4, 0x0(r31)
FFEC6EA8? 80A400CA  lwz     r5, 0xCA(r4)
FFEC6EAC? 7CA5F378  or      r5, r5, r30
FFEC6EB0? 90A400CA  stw     r5, 0xCA(r4)
FFEC6EB4? 80DF0000  lwz     r6, 0x0(r31)
FFEC6EB8? 9B8600ED  stb     r28, 0xED(r6)
loc_FFEC6EBC:
FFEC6EBC? 480022FD  bl      sub_FFEC91B8
FFEC6EC0? 60000000  nop
FFEC6EC4? 80630210  lwz     r3, 0x210(r3)
FFEC6EC8? 80630000  lwz     r3, 0x0(r3)
FFEC6ECC? 3C630001  addis   r3, r3, 0x0001
FFEC6ED0? 93434000  stw     r26, 0x4000(r3)
FFEC6ED4? 38600000  li      r3, 0x0
loc_FFEC6ED8:
FFEC6ED8? 800100A8  lwz     r0, 0xA8(r1)
FFEC6EDC? 382100A0  addi    r1, r1, 0xA0
FFEC6EE0? 7C0803A6  mtspr   LR, r0
FFEC6EE4? BAA1FFD4  lmw     r21, -0x2C(r1)
FFEC6EE8? 4E800020  blr

sub_FFEC6EEC:
FFEC6EEC? 5464073E  clrlwi  r4, r3, 28
FFEC6EF0? 38A20154  addi    r5, r2, 0x154                      ; TOC[+340] &data+290
FFEC6EF4? 80A50000  lwz     r5, 0x0(r5)
FFEC6EF8? 908500C6  stw     r4, 0xC6(r5)
FFEC6EFC? 38600000  li      r3, 0x0
FFEC6F00? 4E800020  blr

sub_FFEC6F04:
FFEC6F04? 38820154  addi    r4, r2, 0x154                      ; TOC[+340] &data+290
FFEC6F08? 80840000  lwz     r4, 0x0(r4)
FFEC6F0C? 808400CE  lwz     r4, 0xCE(r4)
FFEC6F10? 90830000  stw     r4, 0x0(r3)
FFEC6F14? 38600000  li      r3, 0x0
FFEC6F18? 4E800020  blr

sub_FFEC6F1C:
FFEC6F1C? 38820154  addi    r4, r2, 0x154                      ; TOC[+340] &data+290
FFEC6F20? 80840000  lwz     r4, 0x0(r4)
FFEC6F24? 808400CA  lwz     r4, 0xCA(r4)
FFEC6F28? 90830000  stw     r4, 0x0(r3)
FFEC6F2C? 38600000  li      r3, 0x0
FFEC6F30? 4E800020  blr

sub_FFEC6F34:
FFEC6F34? 38820154  addi    r4, r2, 0x154                      ; TOC[+340] &data+290
FFEC6F38? 80840000  lwz     r4, 0x0(r4)
FFEC6F3C? 808400C6  lwz     r4, 0xC6(r4)
FFEC6F40? 90830000  stw     r4, 0x0(r3)
FFEC6F44? 38600000  li      r3, 0x0
FFEC6F48? 4E800020  blr

sub_FFEC6F4C:
FFEC6F4C* 93E1FFFC  stw     r31, -0x4(r1)
FFEC6F50* 3BE20154  addi    r31, r2, 0x154                     ; TOC[+340] &data+290
FFEC6F54* 38600101  li      r3, 0x101
FFEC6F58* 809F0000  lwz     r4, 0x0(r31)
FFEC6F5C* 906400CE  stw     r3, 0xCE(r4)
FFEC6F60* 38A00101  li      r5, 0x101
FFEC6F64* 80DF0000  lwz     r6, 0x0(r31)
FFEC6F68* 90A600CA  stw     r5, 0xCA(r6)
FFEC6F6C* 38E00000  li      r7, 0x0
FFEC6F70* 811F0000  lwz     r8, 0x0(r31)
FFEC6F74* 90E800C6  stw     r7, 0xC6(r8)
FFEC6F78* 39200001  li      r9, 0x1
FFEC6F7C* 815F0000  lwz     r10, 0x0(r31)
FFEC6F80* 992A00EC  stb     r9, 0xEC(r10)
FFEC6F84* 39600001  li      r11, 0x1
FFEC6F88* 819F0000  lwz     r12, 0x0(r31)
FFEC6F8C* 996C00ED  stb     r11, 0xED(r12)
FFEC6F90* 38600000  li      r3, 0x0
FFEC6F94* 83E1FFFC  lwz     r31, -0x4(r1)
FFEC6F98* 4E800020  blr

sub_FFEC6F9C:
FFEC6F9C? BFC1FFF8  stmw    r30, -0x8(r1)
FFEC6FA0? 3BC20154  addi    r30, r2, 0x154                     ; TOC[+340] &data+290
FFEC6FA4? 3BE00000  li      r31, 0x0
FFEC6FA8? 548607FF  clrlwi. r6, r4, 31
FFEC6FAC? 41820074  beq     loc_FFEC7020
FFEC6FB0? 42800008  b       loc_FFEC6FB8
loc_FFEC6FB4:
FFEC6FB4? 3BFF0001  addi    r31, r31, 0x1
loc_FFEC6FB8:
FFEC6FB8? 7FE70734  extsh   r7, r31
FFEC6FBC? 2C070004  cmpwi   cr0, r7, 0x4
FFEC6FC0? 40800020  bge     loc_FFEC6FE0
FFEC6FC4? 811E0000  lwz     r8, 0x0(r30)
FFEC6FC8? 7FE90734  extsh   r9, r31
FFEC6FCC? 5529103A  slwi    r9, r9, 2
FFEC6FD0? 3908003E  addi    r8, r8, 0x3E
FFEC6FD4? 7D08482E  lwzx    r8, r8, r9
FFEC6FD8? 28080000  cmplwi  cr0, r8, 0x0
FFEC6FDC? 4082FFD8  bne     loc_FFEC6FB4
loc_FFEC6FE0:
FFEC6FE0? 7FEA0734  extsh   r10, r31
FFEC6FE4? 2C0A0004  cmpwi   cr0, r10, 0x4
FFEC6FE8? 40800030  bge     loc_FFEC7018
FFEC6FEC? 817E0000  lwz     r11, 0x0(r30)
FFEC6FF0? 7FEC0734  extsh   r12, r31
FFEC6FF4? 558C103A  slwi    r12, r12, 2
FFEC6FF8? 396B003E  addi    r11, r11, 0x3E
FFEC6FFC? 7C6B612E  stwx    r3, r11, r12
FFEC7000? 80DE0000  lwz     r6, 0x0(r30)
FFEC7004? 7FE70734  extsh   r7, r31
FFEC7008? 54E7103A  slwi    r7, r7, 2
FFEC700C? 38C6004E  addi    r6, r6, 0x4E
FFEC7010? 7CA6392E  stwx    r5, r6, r7
FFEC7014? 4280000C  b       loc_FFEC7020
loc_FFEC7018:
FFEC7018? 3860FFFF  li      r3, -0x1
FFEC701C? 42800084  b       loc_FFEC70A0
loc_FFEC7020:
FFEC7020? 3BE00000  li      r31, 0x0
FFEC7024? 548807BD  rlwinm. r8, r4, 0, 30, 30
FFEC7028? 41820074  beq     loc_FFEC709C
FFEC702C? 42800008  b       loc_FFEC7034
loc_FFEC7030:
FFEC7030? 3BFF0001  addi    r31, r31, 0x1
loc_FFEC7034:
FFEC7034? 7FE90734  extsh   r9, r31
FFEC7038? 2C090004  cmpwi   cr0, r9, 0x4
FFEC703C? 40800020  bge     loc_FFEC705C
FFEC7040? 815E0000  lwz     r10, 0x0(r30)
FFEC7044? 7FEB0734  extsh   r11, r31
FFEC7048? 556B103A  slwi    r11, r11, 2
FFEC704C? 394A0096  addi    r10, r10, 0x96
FFEC7050? 7D4A582E  lwzx    r10, r10, r11
FFEC7054? 280A0000  cmplwi  cr0, r10, 0x0
FFEC7058? 4082FFD8  bne     loc_FFEC7030
loc_FFEC705C:
FFEC705C? 7FEC0734  extsh   r12, r31
FFEC7060? 2C0C0004  cmpwi   cr0, r12, 0x4
FFEC7064? 40800030  bge     loc_FFEC7094
FFEC7068? 80DE0000  lwz     r6, 0x0(r30)
FFEC706C? 7FE70734  extsh   r7, r31
FFEC7070? 54E7103A  slwi    r7, r7, 2
FFEC7074? 38C60096  addi    r6, r6, 0x96
FFEC7078? 7C66392E  stwx    r3, r6, r7
FFEC707C? 811E0000  lwz     r8, 0x0(r30)
FFEC7080? 7FE90734  extsh   r9, r31
FFEC7084? 5529103A  slwi    r9, r9, 2
FFEC7088? 390800A6  addi    r8, r8, 0xA6
FFEC708C? 7CA8492E  stwx    r5, r8, r9
FFEC7090? 4280000C  b       loc_FFEC709C
loc_FFEC7094:
FFEC7094? 3860FFFF  li      r3, -0x1
FFEC7098? 42800008  b       loc_FFEC70A0
loc_FFEC709C:
FFEC709C? 38600000  li      r3, 0x0
loc_FFEC70A0:
FFEC70A0? BBC1FFF8  lmw     r30, -0x8(r1)
FFEC70A4? 4E800020  blr

sub_FFEC70A8:
FFEC70A8? BFC1FFF8  stmw    r30, -0x8(r1)
FFEC70AC? 3BC20154  addi    r30, r2, 0x154                     ; TOC[+340] &data+290
FFEC70B0? 548507FF  clrlwi. r5, r4, 31
FFEC70B4? 41820050  beq     loc_FFEC7104
FFEC70B8? 3BE00000  li      r31, 0x0
FFEC70BC? 4280003C  b       loc_FFEC70F8
loc_FFEC70C0:
FFEC70C0? 80DE0000  lwz     r6, 0x0(r30)
FFEC70C4? 7FE70734  extsh   r7, r31
FFEC70C8? 54E7103A  slwi    r7, r7, 2
FFEC70CC? 38C6003E  addi    r6, r6, 0x3E
FFEC70D0? 7CC6382E  lwzx    r6, r6, r7
FFEC70D4? 7C061840  cmplw   r6, r3
FFEC70D8? 4082001C  bne     loc_FFEC70F4
FFEC70DC? 39000000  li      r8, 0x0
FFEC70E0? 813E0000  lwz     r9, 0x0(r30)
FFEC70E4? 7FEA0734  extsh   r10, r31
FFEC70E8? 554A103A  slwi    r10, r10, 2
FFEC70EC? 3929003E  addi    r9, r9, 0x3E
FFEC70F0? 7D09512E  stwx    r8, r9, r10
loc_FFEC70F4:
FFEC70F4? 3BFF0001  addi    r31, r31, 0x1
loc_FFEC70F8:
FFEC70F8? 7FEB0734  extsh   r11, r31
FFEC70FC? 2C0B0004  cmpwi   cr0, r11, 0x4
FFEC7100? 4180FFC0  blt     loc_FFEC70C0
loc_FFEC7104:
FFEC7104? 548C07BD  rlwinm. r12, r4, 0, 30, 30
FFEC7108? 41820050  beq     loc_FFEC7158
FFEC710C? 3BE00000  li      r31, 0x0
FFEC7110? 4280003C  b       loc_FFEC714C
loc_FFEC7114:
FFEC7114? 80BE0000  lwz     r5, 0x0(r30)
FFEC7118? 7FE60734  extsh   r6, r31
FFEC711C? 54C6103A  slwi    r6, r6, 2
FFEC7120? 38A50096  addi    r5, r5, 0x96
FFEC7124? 7CA5302E  lwzx    r5, r5, r6
FFEC7128? 7C051840  cmplw   r5, r3
FFEC712C? 4082001C  bne     loc_FFEC7148
FFEC7130? 38E00000  li      r7, 0x0
FFEC7134? 811E0000  lwz     r8, 0x0(r30)
FFEC7138? 7FE90734  extsh   r9, r31
FFEC713C? 5529103A  slwi    r9, r9, 2
FFEC7140? 39080096  addi    r8, r8, 0x96
FFEC7144? 7CE8492E  stwx    r7, r8, r9
loc_FFEC7148:
FFEC7148? 3BFF0001  addi    r31, r31, 0x1
loc_FFEC714C:
FFEC714C? 7FEA0734  extsh   r10, r31
FFEC7150? 2C0A0004  cmpwi   cr0, r10, 0x4
FFEC7154? 4180FFC0  blt     loc_FFEC7114
loc_FFEC7158:
FFEC7158? 38600000  li      r3, 0x0
FFEC715C? BBC1FFF8  lmw     r30, -0x8(r1)
FFEC7160? 4E800020  blr

sub_FFEC7164:
FFEC7164? 7C0802A6  mfspr   r0, LR
FFEC7168? BF21FFE4  stmw    r25, -0x1C(r1)
FFEC716C? 90010008  stw     r0, 0x8(r1)
FFEC7170? 9421FFA0  stwu    r1, -0x60(r1)
FFEC7174? 3BC20154  addi    r30, r2, 0x154                     ; TOC[+340] &data+290
FFEC7178? 3B800000  li      r28, 0x0
FFEC717C? 38610038  addi    r3, r1, 0x38
FFEC7180? 480004E9  bl      sub_FFEC7668
FFEC7184? 60000000  nop
FFEC7188? 80610038  lwz     r3, 0x38(r1)
FFEC718C? 546307BD  rlwinm. r3, r3, 0, 30, 30
FFEC7190? 4182000C  beq     loc_FFEC719C
FFEC7194? 38600000  li      r3, 0x0
FFEC7198? 428001F4  b       loc_FFEC738C
loc_FFEC719C:
FFEC719C? 38800C70  li      r4, 0xC70
FFEC71A0? 80BE0000  lwz     r5, 0x0(r30)
FFEC71A4? 80A50086  lwz     r5, 0x86(r5)
FFEC71A8? 90850000  stw     r4, 0x0(r5)
FFEC71AC? 38C00070  li      r6, 0x70
FFEC71B0? 80FE0000  lwz     r7, 0x0(r30)
FFEC71B4? 80E70082  lwz     r7, 0x82(r7)
FFEC71B8? 90C70000  stw     r6, 0x0(r7)
FFEC71BC? 39000001  li      r8, 0x1
FFEC71C0? 813E0000  lwz     r9, 0x0(r30)
FFEC71C4? 990900EA  stb     r8, 0xEA(r9)
FFEC71C8? 815E0000  lwz     r10, 0x0(r30)
FFEC71CC? 814A0072  lwz     r10, 0x72(r10)
FFEC71D0? 817E0000  lwz     r11, 0x0(r30)
FFEC71D4? 914B008A  stw     r10, 0x8A(r11)
FFEC71D8? 48001FE1  bl      sub_FFEC91B8
FFEC71DC? 60000000  nop
FFEC71E0? 80630210  lwz     r3, 0x210(r3)
FFEC71E4? 80630000  lwz     r3, 0x0(r3)
FFEC71E8? 81830024  lwz     r12, 0x24(r3)
FFEC71EC? 3C80FFFF  lis     r4, 0xFFFF
FFEC71F0? 3884FFFF  addi    r4, r4, -0x1
FFEC71F4? 7D8C2038  and     r12, r12, r4
FFEC71F8? 91830024  stw     r12, 0x24(r3)
FFEC71FC? 3861003C  addi    r3, r1, 0x3C
FFEC7200? 4BFFFD1D  bl      sub_FFEC6F1C
FFEC7204? 60000000  nop
FFEC7208? 80A1003C  lwz     r5, 0x3C(r1)
FFEC720C? 54A5042E  rlwinm  r5, r5, 0, 16, 23
FFEC7210? 90A1003C  stw     r5, 0x3C(r1)
FFEC7214? 3B200000  li      r25, 0x0
FFEC7218? 42800148  b       loc_FFEC7360
loc_FFEC721C:
FFEC721C? 3B400001  li      r26, 0x1
FFEC7220? 80DE0000  lwz     r6, 0x0(r30)
FFEC7224? 8366008A  lwz     r27, 0x8A(r6)
FFEC7228? 80FE0000  lwz     r7, 0x0(r30)
FFEC722C? 80E700B6  lwz     r7, 0xB6(r7)
FFEC7230? 54E7F0BE  srwi    r7, r7, 2
FFEC7234? 811E0000  lwz     r8, 0x0(r30)
FFEC7238? 890800EC  lbz     r8, 0xEC(r8)
FFEC723C? 7FE741D6  mullw   r31, r7, r8
FFEC7240? 42800014  b       loc_FFEC7254
loc_FFEC7244:
FFEC7244? 39200000  li      r9, 0x0
FFEC7248? 7F6ADB78  mr      r10, r27
FFEC724C? 3B7B0004  addi    r27, r27, 0x4
FFEC7250? 912A0000  stw     r9, 0x0(r10)
loc_FFEC7254:
FFEC7254? 7FEBFB78  mr      r11, r31
FFEC7258? 3BFFFFFF  addi    r31, r31, -0x1
FFEC725C? 7D6B0735  extsh.  r11, r11
FFEC7260? 4082FFE4  bne     loc_FFEC7244
FFEC7264? 3BE00000  li      r31, 0x0
FFEC7268? 42800088  b       loc_FFEC72F0
loc_FFEC726C:
FFEC726C? 819E0000  lwz     r12, 0x0(r30)
FFEC7270? 7FE30734  extsh   r3, r31
FFEC7274? 5463103A  slwi    r3, r3, 2
FFEC7278? 398C0096  addi    r12, r12, 0x96
FFEC727C? 7D8C182E  lwzx    r12, r12, r3
FFEC7280? 280C0000  cmplwi  cr0, r12, 0x0
FFEC7284? 41820068  beq     loc_FFEC72EC
FFEC7288? 809E0000  lwz     r4, 0x0(r30)
FFEC728C? 7FE50734  extsh   r5, r31
FFEC7290? 54A5103A  slwi    r5, r5, 2
FFEC7294? 38840096  addi    r4, r4, 0x96
FFEC7298? 7C64282E  lwzx    r3, r4, r5
FFEC729C? 38803FF0  li      r4, 0x3FF0
FFEC72A0? 80DE0000  lwz     r6, 0x0(r30)
FFEC72A4? 80A6008A  lwz     r5, 0x8A(r6)
FFEC72A8? 80FE0000  lwz     r7, 0x0(r30)
FFEC72AC? 80C700B6  lwz     r6, 0xB6(r7)
FFEC72B0? 80E1003C  lwz     r7, 0x3C(r1)
FFEC72B4? 813E0000  lwz     r9, 0x0(r30)
FFEC72B8? 7FEA0734  extsh   r10, r31
FFEC72BC? 554A103A  slwi    r10, r10, 2
FFEC72C0? 392900A6  addi    r9, r9, 0xA6
FFEC72C4? 7D09502E  lwzx    r8, r9, r10
FFEC72C8? 48002615  bl      glue_CallUniversalProc
FFEC72CC? 80410014  lwz     r2, 0x14(r1)
FFEC72D0? 7C7D1B78  mr      r29, r3
FFEC72D4? 7C1DE000  cmpw    r29, r28
FFEC72D8? 40810008  ble     loc_FFEC72E0
FFEC72DC? 7FBCEB78  mr      r28, r29
loc_FFEC72E0:
FFEC72E0? 7C1CE800  cmpw    r28, r29
FFEC72E4? 40820008  bne     loc_FFEC72EC
FFEC72E8? 3B400000  li      r26, 0x0
loc_FFEC72EC:
FFEC72EC? 3BFF0001  addi    r31, r31, 0x1
loc_FFEC72F0:
FFEC72F0? 7FEB0734  extsh   r11, r31
FFEC72F4? 2C0B0004  cmpwi   cr0, r11, 0x4
FFEC72F8? 4180FF74  blt     loc_FFEC726C
FFEC72FC? 574C063F  clrlwi. r12, r26, 24
FFEC7300? 40820024  bne     loc_FFEC7324
FFEC7304? 807E0000  lwz     r3, 0x0(r30)
FFEC7308? 886300EA  lbz     r3, 0xEA(r3)
FFEC730C? 28030000  cmplwi  cr0, r3, 0x0
FFEC7310? 41820014  beq     loc_FFEC7324
FFEC7314? 38800060  li      r4, 0x60
FFEC7318? 80BE0000  lwz     r5, 0x0(r30)
FFEC731C? 80A50082  lwz     r5, 0x82(r5)
FFEC7320? 90850000  stw     r4, 0x0(r5)
loc_FFEC7324:
FFEC7324? 80DE0000  lwz     r6, 0x0(r30)
FFEC7328? 80C6008E  lwz     r6, 0x8E(r6)
FFEC732C? 80FE0000  lwz     r7, 0x0(r30)
FFEC7330? 8107008A  lwz     r8, 0x8A(r7)
FFEC7334? 7D083278  xor     r8, r8, r6
FFEC7338? 9107008A  stw     r8, 0x8A(r7)
FFEC733C? 39200000  li      r9, 0x0
FFEC7340? 815E0000  lwz     r10, 0x0(r30)
FFEC7344? 894A00EA  lbz     r10, 0xEA(r10)
FFEC7348? 280A0000  cmplwi  cr0, r10, 0x0
FFEC734C? 40820008  bne     loc_FFEC7354
FFEC7350? 39200001  li      r9, 0x1
loc_FFEC7354:
FFEC7354? 817E0000  lwz     r11, 0x0(r30)
FFEC7358? 992B00EA  stb     r9, 0xEA(r11)
FFEC735C? 3B390001  addi    r25, r25, 0x1
loc_FFEC7360:
FFEC7360? 7F2C0734  extsh   r12, r25
FFEC7364? 2C0C0002  cmpwi   cr0, r12, 0x2
FFEC7368? 4180FEB4  blt     loc_FFEC721C
FFEC736C? 48001E4D  bl      sub_FFEC91B8
FFEC7370? 60000000  nop
FFEC7374? 80630210  lwz     r3, 0x210(r3)
FFEC7378? 80630000  lwz     r3, 0x0(r3)
FFEC737C? 80830024  lwz     r4, 0x24(r3)
FFEC7380? 64840001  oris    r4, r4, 0x1
FFEC7384? 90830024  stw     r4, 0x24(r3)
FFEC7388? 38600000  li      r3, 0x0
loc_FFEC738C:
FFEC738C? 80010068  lwz     r0, 0x68(r1)
FFEC7390? 38210060  addi    r1, r1, 0x60
FFEC7394? 7C0803A6  mtspr   LR, r0
FFEC7398? BB21FFE4  lmw     r25, -0x1C(r1)
FFEC739C? 4E800020  blr

sub_FFEC73A0:
FFEC73A0? 7C0802A6  mfspr   r0, LR
FFEC73A4? BFA1FFF4  stmw    r29, -0xC(r1)
FFEC73A8? 90010008  stw     r0, 0x8(r1)
FFEC73AC? 9421FFB0  stwu    r1, -0x50(r1)
FFEC73B0? 7C7E1B78  mr      r30, r3
FFEC73B4? 3BE20154  addi    r31, r2, 0x154                     ; TOC[+340] &data+290
FFEC73B8? 57C307BF  clrlwi. r3, r30, 30
FFEC73BC? 41820010  beq     loc_FFEC73CC
FFEC73C0? 3FA0C801  lis     r29, 0xC801
FFEC73C4? 3BBD8000  addi    r29, r29, -0x8000
FFEC73C8? 42800008  b       loc_FFEC73D0
loc_FFEC73CC:
FFEC73CC? 3FA0FFFF  lis     r29, 0xFFFF
loc_FFEC73D0:
FFEC73D0? 38610038  addi    r3, r1, 0x38
FFEC73D4? 48000295  bl      sub_FFEC7668
FFEC73D8? 60000000  nop
FFEC73DC? 57C407FF  clrlwi. r4, r30, 31
FFEC73E0? 418200EC  beq     loc_FFEC74CC
FFEC73E4? 80A10038  lwz     r5, 0x38(r1)
FFEC73E8? 54A507FF  clrlwi. r5, r5, 31
FFEC73EC? 40820094  bne     loc_FFEC7480
FFEC73F0? 38C00000  li      r6, 0x0
FFEC73F4? 3C60FFFF  lis     r3, 0xFFFF
FFEC73F8? 48001E05  bl      sub_FFEC91FC
FFEC73FC? 60000000  nop
FFEC7400? 80FF0000  lwz     r7, 0x0(r31)
FFEC7404? 80E70016  lwz     r7, 0x16(r7)
FFEC7408? 90670000  stw     r3, 0x0(r7)
FFEC740C? 39000000  li      r8, 0x0
FFEC7410? 813F0000  lwz     r9, 0x0(r31)
FFEC7414? 81290022  lwz     r9, 0x22(r9)
FFEC7418? 815F0000  lwz     r10, 0x0(r31)
FFEC741C? 912A0032  stw     r9, 0x32(r10)
FFEC7420? 817F0000  lwz     r11, 0x0(r31)
FFEC7424? 806B003A  lwz     r3, 0x3A(r11)
FFEC7428? 48001DD5  bl      sub_FFEC91FC
FFEC742C? 60000000  nop
FFEC7430? 819F0000  lwz     r12, 0x0(r31)
FFEC7434? 818C0016  lwz     r12, 0x16(r12)
FFEC7438? 906C000C  stw     r3, 0xC(r12)
FFEC743C? 38600000  li      r3, 0x0
FFEC7440? 3C600001  lis     r3, 0x0001
FFEC7444? 38630001  addi    r3, r3, 0x1
FFEC7448? 48001DB5  bl      sub_FFEC91FC
FFEC744C? 60000000  nop
FFEC7450? 809F0000  lwz     r4, 0x0(r31)
FFEC7454? 80840016  lwz     r4, 0x16(r4)
FFEC7458? 90640014  stw     r3, 0x14(r4)
FFEC745C? 38A00000  li      r5, 0x0
FFEC7460? 38C00000  li      r6, 0x0
FFEC7464? 67A30001  oris    r3, r29, 0x1
FFEC7468? 48001D95  bl      sub_FFEC91FC
FFEC746C? 60000000  nop
FFEC7470? 80FF0000  lwz     r7, 0x0(r31)
FFEC7474? 80E70016  lwz     r7, 0x16(r7)
FFEC7478? 90670000  stw     r3, 0x0(r7)
FFEC747C? 39000000  li      r8, 0x0
loc_FFEC7480:
FFEC7480? 48001D39  bl      sub_FFEC91B8
FFEC7484? 60000000  nop
FFEC7488? 80630210  lwz     r3, 0x210(r3)
FFEC748C? 80630000  lwz     r3, 0x0(r3)
FFEC7490? 81230028  lwz     r9, 0x28(r3)
FFEC7494? 65290002  oris    r9, r9, 0x2
FFEC7498? 91230028  stw     r9, 0x28(r3)
FFEC749C? 48001D1D  bl      sub_FFEC91B8
FFEC74A0? 60000000  nop
FFEC74A4? 80630210  lwz     r3, 0x210(r3)
FFEC74A8? 80630000  lwz     r3, 0x0(r3)
FFEC74AC? 81430024  lwz     r10, 0x24(r3)
FFEC74B0? 654A0002  oris    r10, r10, 0x2
FFEC74B4? 91430024  stw     r10, 0x24(r3)
FFEC74B8? 817F0000  lwz     r11, 0x0(r31)
FFEC74BC? 818B00BE  lwz     r12, 0xBE(r11)
FFEC74C0? 398C0001  addi    r12, r12, 0x1
FFEC74C4? 918B00BE  stw     r12, 0xBE(r11)
FFEC74C8? 42800090  b       loc_FFEC7558
loc_FFEC74CC:
FFEC74CC? 57C3077B  rlwinm. r3, r30, 0, 29, 29
FFEC74D0? 41820088  beq     loc_FFEC7558
FFEC74D4? 809F0000  lwz     r4, 0x0(r31)
FFEC74D8? 80A400BE  lwz     r5, 0xBE(r4)
FFEC74DC? 38A5FFFF  addi    r5, r5, -0x1
FFEC74E0? 90A400BE  stw     r5, 0xBE(r4)
FFEC74E4? 80DF0000  lwz     r6, 0x0(r31)
FFEC74E8? 80C600BE  lwz     r6, 0xBE(r6)
FFEC74EC? 28060000  cmplwi  cr0, r6, 0x0
FFEC74F0? 40820068  bne     loc_FFEC7558
FFEC74F4? 48001CC5  bl      sub_FFEC91B8
FFEC74F8? 60000000  nop
FFEC74FC? 80630210  lwz     r3, 0x210(r3)
FFEC7500? 80630000  lwz     r3, 0x0(r3)
FFEC7504? 80E30024  lwz     r7, 0x24(r3)
FFEC7508? 3D00FFFE  lis     r8, 0xFFFE
FFEC750C? 3908FFFF  addi    r8, r8, -0x1
FFEC7510? 7CE74038  and     r7, r7, r8
FFEC7514? 90E30024  stw     r7, 0x24(r3)
FFEC7518? 48001CA1  bl      sub_FFEC91B8
FFEC751C? 60000000  nop
FFEC7520? 80630210  lwz     r3, 0x210(r3)
FFEC7524? 80630000  lwz     r3, 0x0(r3)
FFEC7528? 81230028  lwz     r9, 0x28(r3)
FFEC752C? 65290002  oris    r9, r9, 0x2
FFEC7530? 91230028  stw     r9, 0x28(r3)
FFEC7534? 39400000  li      r10, 0x0
FFEC7538? 3C600001  lis     r3, 0x0001
FFEC753C? 38630001  addi    r3, r3, 0x1
FFEC7540? 48001CBD  bl      sub_FFEC91FC
FFEC7544? 60000000  nop
FFEC7548? 817F0000  lwz     r11, 0x0(r31)
FFEC754C? 816B0016  lwz     r11, 0x16(r11)
FFEC7550? 906B0000  stw     r3, 0x0(r11)
FFEC7554? 39800000  li      r12, 0x0
loc_FFEC7558:
FFEC7558? 57C307BD  rlwinm. r3, r30, 0, 30, 30
FFEC755C? 418200CC  beq     loc_FFEC7628
FFEC7560? 80810038  lwz     r4, 0x38(r1)
FFEC7564? 548407BD  rlwinm. r4, r4, 0, 30, 30
FFEC7568? 408200AC  bne     loc_FFEC7614
FFEC756C? 38A00000  li      r5, 0x0
FFEC7570? 3C60FFFF  lis     r3, 0xFFFF
FFEC7574? 48001C89  bl      sub_FFEC91FC
FFEC7578? 60000000  nop
FFEC757C? 80DF0000  lwz     r6, 0x0(r31)
FFEC7580? 80C60066  lwz     r6, 0x66(r6)
FFEC7584? 90660000  stw     r3, 0x0(r6)
FFEC7588? 38E00000  li      r7, 0x0
FFEC758C? 811F0000  lwz     r8, 0x0(r31)
FFEC7590? 81080072  lwz     r8, 0x72(r8)
FFEC7594? 813F0000  lwz     r9, 0x0(r31)
FFEC7598? 9109008A  stw     r8, 0x8A(r9)
FFEC759C? 815F0000  lwz     r10, 0x0(r31)
FFEC75A0? 806A0092  lwz     r3, 0x92(r10)
FFEC75A4? 48001C59  bl      sub_FFEC91FC
FFEC75A8? 60000000  nop
FFEC75AC? 817F0000  lwz     r11, 0x0(r31)
FFEC75B0? 816B0066  lwz     r11, 0x66(r11)
FFEC75B4? 906B000C  stw     r3, 0xC(r11)
FFEC75B8? 39800000  li      r12, 0x0
FFEC75BC? 48001BFD  bl      sub_FFEC91B8
FFEC75C0? 60000000  nop
FFEC75C4? 80630210  lwz     r3, 0x210(r3)
FFEC75C8? 80630000  lwz     r3, 0x0(r3)
FFEC75CC? 80830028  lwz     r4, 0x28(r3)
FFEC75D0? 64840001  oris    r4, r4, 0x1
FFEC75D4? 90830028  stw     r4, 0x28(r3)
FFEC75D8? 48001BE1  bl      sub_FFEC91B8
FFEC75DC? 60000000  nop
FFEC75E0? 80630210  lwz     r3, 0x210(r3)
FFEC75E4? 80630000  lwz     r3, 0x0(r3)
FFEC75E8? 80A30024  lwz     r5, 0x24(r3)
FFEC75EC? 64A50001  oris    r5, r5, 0x1
FFEC75F0? 90A30024  stw     r5, 0x24(r3)
FFEC75F4? 38C00000  li      r6, 0x0
FFEC75F8? 7FA3EB78  mr      r3, r29
FFEC75FC? 48001C01  bl      sub_FFEC91FC
FFEC7600? 60000000  nop
FFEC7604? 80FF0000  lwz     r7, 0x0(r31)
FFEC7608? 80E70066  lwz     r7, 0x66(r7)
FFEC760C? 90670000  stw     r3, 0x0(r7)
FFEC7610? 39000000  li      r8, 0x0
loc_FFEC7614:
FFEC7614? 813F0000  lwz     r9, 0x0(r31)
FFEC7618? 814900C2  lwz     r10, 0xC2(r9)
FFEC761C? 394A0001  addi    r10, r10, 0x1
FFEC7620? 914900C2  stw     r10, 0xC2(r9)
FFEC7624? 4280002C  b       loc_FFEC7650
loc_FFEC7628:
FFEC7628? 57CB0739  rlwinm. r11, r30, 0, 28, 28
FFEC762C? 41820024  beq     loc_FFEC7650
FFEC7630? 819F0000  lwz     r12, 0x0(r31)
FFEC7634? 818C00C2  lwz     r12, 0xC2(r12)
FFEC7638? 280C0000  cmplwi  cr0, r12, 0x0
FFEC763C? 41820014  beq     loc_FFEC7650
FFEC7640? 807F0000  lwz     r3, 0x0(r31)
FFEC7644? 808300C2  lwz     r4, 0xC2(r3)
FFEC7648? 3884FFFF  addi    r4, r4, -0x1
FFEC764C? 908300C2  stw     r4, 0xC2(r3)
loc_FFEC7650:
FFEC7650? 38600000  li      r3, 0x0
FFEC7654? 80010058  lwz     r0, 0x58(r1)
FFEC7658? 38210050  addi    r1, r1, 0x50
FFEC765C? 7C0803A6  mtspr   LR, r0
FFEC7660? BBA1FFF4  lmw     r29, -0xC(r1)
FFEC7664? 4E800020  blr

sub_FFEC7668:
FFEC7668? 7C0802A6  mfspr   r0, LR
FFEC766C? BFC1FFF8  stmw    r30, -0x8(r1)
FFEC7670? 90010008  stw     r0, 0x8(r1)
FFEC7674? 9421FFC0  stwu    r1, -0x40(r1)
FFEC7678? 7C7E1B78  mr      r30, r3
FFEC767C? 38600000  li      r3, 0x0
FFEC7680? 907E0000  stw     r3, 0x0(r30)
FFEC7684? 38820154  addi    r4, r2, 0x154                      ; TOC[+340] &data+290
FFEC7688? 80840000  lwz     r4, 0x0(r4)
FFEC768C? 80840016  lwz     r4, 0x16(r4)
FFEC7690? 80640004  lwz     r3, 0x4(r4)
FFEC7694? 48001B69  bl      sub_FFEC91FC
FFEC7698? 60000000  nop
FFEC769C? 7C7F1B78  mr      r31, r3
FFEC76A0? 57E5056B  rlwinm. r5, r31, 0, 21, 21
FFEC76A4? 41820018  beq     loc_FFEC76BC
FFEC76A8? 57E607FF  clrlwi. r6, r31, 31
FFEC76AC? 40820010  bne     loc_FFEC76BC
FFEC76B0? 80FE0000  lwz     r7, 0x0(r30)
FFEC76B4? 60E70001  ori     r7, r7, 0x1
FFEC76B8? 90FE0000  stw     r7, 0x0(r30)
loc_FFEC76BC:
FFEC76BC? 39020154  addi    r8, r2, 0x154                      ; TOC[+340] &data+290
FFEC76C0? 81080000  lwz     r8, 0x0(r8)
FFEC76C4? 81080066  lwz     r8, 0x66(r8)
FFEC76C8? 80680004  lwz     r3, 0x4(r8)
FFEC76CC? 48001B31  bl      sub_FFEC91FC
FFEC76D0? 60000000  nop
FFEC76D4? 7C7F1B78  mr      r31, r3
FFEC76D8? 57E9056B  rlwinm. r9, r31, 0, 21, 21
FFEC76DC? 41820010  beq     loc_FFEC76EC
FFEC76E0? 815E0000  lwz     r10, 0x0(r30)
FFEC76E4? 614A0002  ori     r10, r10, 0x2
FFEC76E8? 915E0000  stw     r10, 0x0(r30)
loc_FFEC76EC:
FFEC76EC? 57EB0319  rlwinm. r11, r31, 0, 12, 12
FFEC76F0? 41820010  beq     loc_FFEC7700
FFEC76F4? 3862013C  addi    r3, r2, 0x13C
FFEC76F8? 4800222D  bl      glue_DebugStr
FFEC76FC? 80410014  lwz     r2, 0x14(r1)
loc_FFEC7700:
FFEC7700? 38600000  li      r3, 0x0
FFEC7704? 80010048  lwz     r0, 0x48(r1)
FFEC7708? 38210040  addi    r1, r1, 0x40
FFEC770C? 7C0803A6  mtspr   LR, r0
FFEC7710? BBC1FFF8  lmw     r30, -0x8(r1)
FFEC7714? 4E800020  blr

sub_FFEC7718:
FFEC7718? 548507FF  clrlwi. r5, r4, 31
FFEC771C? 4182001C  beq     loc_FFEC7738
FFEC7720? 38C20154  addi    r6, r2, 0x154                      ; TOC[+340] &data+290
FFEC7724? 80C60000  lwz     r6, 0x0(r6)
FFEC7728? 80C6005E  lwz     r6, 0x5E(r6)
FFEC772C? 54C6F0BE  srwi    r6, r6, 2
FFEC7730? 90C30000  stw     r6, 0x0(r3)
FFEC7734? 42800018  b       loc_FFEC774C
loc_FFEC7738:
FFEC7738? 38E20154  addi    r7, r2, 0x154                      ; TOC[+340] &data+290
FFEC773C? 80E70000  lwz     r7, 0x0(r7)
FFEC7740? 80E700B6  lwz     r7, 0xB6(r7)
FFEC7744? 54E7F0BE  srwi    r7, r7, 2
FFEC7748? 90E30000  stw     r7, 0x0(r3)
loc_FFEC774C:
FFEC774C? 38600000  li      r3, 0x0
FFEC7750? 4E800020  blr

sub_FFEC7754:
FFEC7754* 7C0802A6  mfspr   r0, LR
FFEC7758* BFA1FFF4  stmw    r29, -0xC(r1)
FFEC775C* 90010008  stw     r0, 0x8(r1)
FFEC7760* 9421FFB0  stwu    r1, -0x50(r1)
FFEC7764* 3BE20154  addi    r31, r2, 0x154                     ; TOC[+340] &data+290
FFEC7768* 48001A51  bl      sub_FFEC91B8
FFEC776C* 60000000  nop
FFEC7770* 80630210  lwz     r3, 0x210(r3)
FFEC7774* 80630000  lwz     r3, 0x0(r3)
FFEC7778* 3C630001  addis   r3, r3, 0x0001
FFEC777C* 38638900  addi    r3, r3, -0x7700
FFEC7780* 809F0000  lwz     r4, 0x0(r31)
FFEC7784* 90640016  stw     r3, 0x16(r4)
FFEC7788* 48001A31  bl      sub_FFEC91B8
FFEC778C* 60000000  nop
FFEC7790* 80630210  lwz     r3, 0x210(r3)
FFEC7794* 80630000  lwz     r3, 0x0(r3)
FFEC7798* 3C630001  addis   r3, r3, 0x0001
FFEC779C* 38638800  addi    r3, r3, -0x7800
FFEC77A0* 80BF0000  lwz     r5, 0x0(r31)
FFEC77A4* 90650066  stw     r3, 0x66(r5)
FFEC77A8* 38600FD0  li      r3, 0xFD0
FFEC77AC* 80DF0000  lwz     r6, 0x0(r31)
FFEC77B0* 3886001A  addi    r4, r6, 0x1A
FFEC77B4* 480008C9  bl      sub_FFEC807C
FFEC77B8* 60000000  nop
FFEC77BC* 7C7E1B78  mr      r30, r3
FFEC77C0* 7FC70735  extsh.  r7, r30
FFEC77C4* 4182000C  beq     loc_FFEC77D0
FFEC77C8  7FC3F378  mr      r3, r30
FFEC77CC  42800128  b       loc_FFEC78F4
loc_FFEC77D0:
FFEC77D0* 386000B0  li      r3, 0xB0
FFEC77D4* 811F0000  lwz     r8, 0x0(r31)
FFEC77D8* 3888001A  addi    r4, r8, 0x1A
FFEC77DC* 48000955  bl      sub_FFEC8130
FFEC77E0* 60000000  nop
FFEC77E4* 480019D5  bl      sub_FFEC91B8
FFEC77E8* 60000000  nop
FFEC77EC* 80630210  lwz     r3, 0x210(r3)
FFEC77F0* 80630000  lwz     r3, 0x0(r3)
FFEC77F4* 81230024  lwz     r9, 0x24(r3)
FFEC77F8* 3D40FFFE  lis     r10, 0xFFFE
FFEC77FC* 394AFFFF  addi    r10, r10, -0x1
FFEC7800* 7D295038  and     r9, r9, r10
FFEC7804* 91230024  stw     r9, 0x24(r3)
FFEC7808* 396200DC  addi    r11, r2, 0xDC
FFEC780C* 7D7D5B78  mr      r29, r11
FFEC7810* 480019A9  bl      sub_FFEC91B8
FFEC7814* 60000000  nop
FFEC7818* 80630210  lwz     r3, 0x210(r3)
FFEC781C* 93A30228  stw     r29, 0x228(r3)
FFEC7820* 39800000  li      r12, 0x0
FFEC7824* 7D9D6378  mr      r29, r12
FFEC7828* 48001991  bl      sub_FFEC91B8
FFEC782C* 60000000  nop
FFEC7830* 80630210  lwz     r3, 0x210(r3)
FFEC7834* 93A3022C  stw     r29, 0x22C(r3)
FFEC7838* 38600FD0  li      r3, 0xFD0
FFEC783C* 83BF0000  lwz     r29, 0x0(r31)
FFEC7840* 389D006A  addi    r4, r29, 0x6A
FFEC7844* 48000775  bl      sub_FFEC7FB8
FFEC7848* 60000000  nop
FFEC784C* 7C7E1B78  mr      r30, r3
FFEC7850* 7FC30735  extsh.  r3, r30
FFEC7854* 4182001C  beq     loc_FFEC7870
FFEC7858  809F0000  lwz     r4, 0x0(r31)
FFEC785C  3864001A  addi    r3, r4, 0x1A
FFEC7860  48001E3D  bl      sub_FFEC969C
FFEC7864  60000000  nop
FFEC7868  7FC3F378  mr      r3, r30
FFEC786C  42800088  b       loc_FFEC78F4
loc_FFEC7870:
FFEC7870* 386000B0  li      r3, 0xB0
FFEC7874* 80BF0000  lwz     r5, 0x0(r31)
FFEC7878* 3885006A  addi    r4, r5, 0x6A
FFEC787C* 48000B6D  bl      sub_FFEC83E8
FFEC7880* 60000000  nop
FFEC7884* 48001935  bl      sub_FFEC91B8
FFEC7888* 60000000  nop
FFEC788C* 80630210  lwz     r3, 0x210(r3)
FFEC7890* 80630000  lwz     r3, 0x0(r3)
FFEC7894* 80C30024  lwz     r6, 0x24(r3)
FFEC7898* 3CE0FFFF  lis     r7, 0xFFFF
FFEC789C* 38E7FFFF  addi    r7, r7, -0x1
FFEC78A0* 7CC63838  and     r6, r6, r7
FFEC78A4* 90C30024  stw     r6, 0x24(r3)
FFEC78A8* 390200FC  addi    r8, r2, 0xFC
FFEC78AC* 7D1D4378  mr      r29, r8
FFEC78B0* 48001909  bl      sub_FFEC91B8
FFEC78B4* 60000000  nop
FFEC78B8* 80630210  lwz     r3, 0x210(r3)
FFEC78BC* 93A30208  stw     r29, 0x208(r3)
FFEC78C0* 39200000  li      r9, 0x0
FFEC78C4* 7D3D4B78  mr      r29, r9
FFEC78C8* 480018F1  bl      sub_FFEC91B8
FFEC78CC* 60000000  nop
FFEC78D0* 80630210  lwz     r3, 0x210(r3)
FFEC78D4* 93A3020C  stw     r29, 0x20C(r3)
FFEC78D8* 39400000  li      r10, 0x0
FFEC78DC* 817F0000  lwz     r11, 0x0(r31)
FFEC78E0* 914B00BE  stw     r10, 0xBE(r11)
FFEC78E4* 39800000  li      r12, 0x0
FFEC78E8* 83BF0000  lwz     r29, 0x0(r31)
FFEC78EC* 919D00C2  stw     r12, 0xC2(r29)
FFEC78F0* 38600000  li      r3, 0x0
loc_FFEC78F4:
FFEC78F4* 80010058  lwz     r0, 0x58(r1)
FFEC78F8* 38210050  addi    r1, r1, 0x50
FFEC78FC* 7C0803A6  mtspr   LR, r0
FFEC7900* BBA1FFF4  lmw     r29, -0xC(r1)
FFEC7904* 4E800020  blr
FFEC7908? 7C0802A6  mfspr   r0, LR
FFEC790C? 90010008  stw     r0, 0x8(r1)
FFEC7910? 9421FFC0  stwu    r1, -0x40(r1)
FFEC7914? 480018A5  bl      sub_FFEC91B8
FFEC7918? 60000000  nop
FFEC791C? 80630210  lwz     r3, 0x210(r3)
FFEC7920? 80630000  lwz     r3, 0x0(r3)
FFEC7924? 80830028  lwz     r4, 0x28(r3)
FFEC7928? 64840002  oris    r4, r4, 0x2
FFEC792C? 90830028  stw     r4, 0x28(r3)
FFEC7930? 8062005C  lwz     r3, 0x5C(r2)                       ; TOC[+92] &data+84
FFEC7934? 38800000  li      r4, 0x0
FFEC7938? 38A00000  li      r5, 0x0
FFEC793C? 38C00000  li      r6, 0x0
FFEC7940? 48001FB5  bl      glue_QueueSecondaryInterruptHandler
FFEC7944? 80410014  lwz     r2, 0x14(r1)
FFEC7948? 80010048  lwz     r0, 0x48(r1)
FFEC794C? 38210040  addi    r1, r1, 0x40
FFEC7950? 7C0803A6  mtspr   LR, r0
FFEC7954? 4E800020  blr
FFEC7958? 7C0802A6  mfspr   r0, LR
FFEC795C? 90010008  stw     r0, 0x8(r1)
FFEC7960? 9421FFC0  stwu    r1, -0x40(r1)
FFEC7964? 48001855  bl      sub_FFEC91B8
FFEC7968? 60000000  nop
FFEC796C? 80630210  lwz     r3, 0x210(r3)
FFEC7970? 80630000  lwz     r3, 0x0(r3)
FFEC7974? 80830028  lwz     r4, 0x28(r3)
FFEC7978? 64840001  oris    r4, r4, 0x1
FFEC797C? 90830028  stw     r4, 0x28(r3)
FFEC7980? 3862011C  addi    r3, r2, 0x11C
FFEC7984? 38800000  li      r4, 0x0
FFEC7988? 48001FB5  bl      glue_DeferUserFn
FFEC798C? 80410014  lwz     r2, 0x14(r1)
FFEC7990? 80010048  lwz     r0, 0x48(r1)
FFEC7994? 38210040  addi    r1, r1, 0x40
FFEC7998? 7C0803A6  mtspr   LR, r0
FFEC799C? 4E800020  blr
FFEC79A0? 7C0802A6  mfspr   r0, LR
FFEC79A4? BFA1FFF4  stmw    r29, -0xC(r1)
FFEC79A8? 90010008  stw     r0, 0x8(r1)
FFEC79AC? 9421FFB0  stwu    r1, -0x50(r1)
FFEC79B0? 3BE20154  addi    r31, r2, 0x154                     ; TOC[+340] &data+290
FFEC79B4? 38610038  addi    r3, r1, 0x38
FFEC79B8? 4BFFF565  bl      sub_FFEC6F1C
FFEC79BC? 60000000  nop
FFEC79C0? 80610038  lwz     r3, 0x38(r1)
FFEC79C4? 5463063E  clrlwi  r3, r3, 24
FFEC79C8? 90610038  stw     r3, 0x38(r1)
FFEC79CC? 3BC00000  li      r30, 0x0
FFEC79D0? 42800070  b       loc_FFEC7A40
loc_FFEC79D4:
FFEC79D4? 809F0000  lwz     r4, 0x0(r31)
FFEC79D8? 7FC50734  extsh   r5, r30
FFEC79DC? 54A5103A  slwi    r5, r5, 2
FFEC79E0? 3884003E  addi    r4, r4, 0x3E
FFEC79E4? 7C84282E  lwzx    r4, r4, r5
FFEC79E8? 28040000  cmplwi  cr0, r4, 0x0
FFEC79EC? 41820050  beq     loc_FFEC7A3C
FFEC79F0? 80DF0000  lwz     r6, 0x0(r31)
FFEC79F4? 7FC70734  extsh   r7, r30
FFEC79F8? 54E7103A  slwi    r7, r7, 2
FFEC79FC? 38C6003E  addi    r6, r6, 0x3E
FFEC7A00? 7C66382E  lwzx    r3, r6, r7
FFEC7A04? 38803FF0  li      r4, 0x3FF0
FFEC7A08? 811F0000  lwz     r8, 0x0(r31)
FFEC7A0C? 80A80032  lwz     r5, 0x32(r8)
FFEC7A10? 813F0000  lwz     r9, 0x0(r31)
FFEC7A14? 80C9005E  lwz     r6, 0x5E(r9)
FFEC7A18? 80E10038  lwz     r7, 0x38(r1)
FFEC7A1C? 815F0000  lwz     r10, 0x0(r31)
FFEC7A20? 7FCB0734  extsh   r11, r30
FFEC7A24? 556B103A  slwi    r11, r11, 2
FFEC7A28? 394A004E  addi    r10, r10, 0x4E
FFEC7A2C? 7D0A582E  lwzx    r8, r10, r11
FFEC7A30? 48001EAD  bl      glue_CallUniversalProc
FFEC7A34? 80410014  lwz     r2, 0x14(r1)
FFEC7A38? 7C7D1B78  mr      r29, r3
loc_FFEC7A3C:
FFEC7A3C? 3BDE0001  addi    r30, r30, 0x1
loc_FFEC7A40:
FFEC7A40? 7FCC0734  extsh   r12, r30
FFEC7A44? 2C0C0004  cmpwi   cr0, r12, 0x4
FFEC7A48? 4180FF8C  blt     loc_FFEC79D4
FFEC7A4C? 807F0000  lwz     r3, 0x0(r31)
FFEC7A50? 80630036  lwz     r3, 0x36(r3)
FFEC7A54? 809F0000  lwz     r4, 0x0(r31)
FFEC7A58? 80A40032  lwz     r5, 0x32(r4)
FFEC7A5C? 7CA51A78  xor     r5, r5, r3
FFEC7A60? 90A40032  stw     r5, 0x32(r4)
FFEC7A64? 80010058  lwz     r0, 0x58(r1)
FFEC7A68? 38210050  addi    r1, r1, 0x50
FFEC7A6C? 7C0803A6  mtspr   LR, r0
FFEC7A70? BBA1FFF4  lmw     r29, -0xC(r1)
FFEC7A74? 4E800020  blr
FFEC7A78? 7C0802A6  mfspr   r0, LR
FFEC7A7C? BF21FFE4  stmw    r25, -0x1C(r1)
FFEC7A80? 90010008  stw     r0, 0x8(r1)
FFEC7A84? 9421FFA0  stwu    r1, -0x60(r1)
FFEC7A88? 3BA20154  addi    r29, r2, 0x154                     ; TOC[+340] &data+290
FFEC7A8C? 3B600000  li      r27, 0x0
FFEC7A90? 807D0000  lwz     r3, 0x0(r29)
FFEC7A94? 806300C2  lwz     r3, 0xC2(r3)
FFEC7A98? 28030000  cmplwi  cr0, r3, 0x0
FFEC7A9C? 3B400001  li      r26, 0x1
FFEC7AA0? 41820008  beq     loc_FFEC7AA8
FFEC7AA4? 3B400000  li      r26, 0x0
loc_FFEC7AA8:
FFEC7AA8? 3B200000  li      r25, 0x0
FFEC7AAC? 4800170D  bl      sub_FFEC91B8
FFEC7AB0? 60000000  nop
FFEC7AB4? 80630210  lwz     r3, 0x210(r3)
FFEC7AB8? 80630000  lwz     r3, 0x0(r3)
FFEC7ABC? 80830024  lwz     r4, 0x24(r3)
FFEC7AC0? 3CA0FFFF  lis     r5, 0xFFFF
FFEC7AC4? 38A5FFFF  addi    r5, r5, -0x1
FFEC7AC8? 7C842838  and     r4, r4, r5
FFEC7ACC? 90830024  stw     r4, 0x24(r3)
FFEC7AD0? 3861003C  addi    r3, r1, 0x3C
FFEC7AD4? 4BFFF449  bl      sub_FFEC6F1C
FFEC7AD8? 60000000  nop
FFEC7ADC? 80C1003C  lwz     r6, 0x3C(r1)
FFEC7AE0? 54C6042E  rlwinm  r6, r6, 0, 16, 23
FFEC7AE4? 90C1003C  stw     r6, 0x3C(r1)
loc_FFEC7AE8:
FFEC7AE8? 3B390001  addi    r25, r25, 0x1
FFEC7AEC? 80FD0000  lwz     r7, 0x0(r29)
FFEC7AF0? 83C7008A  lwz     r30, 0x8A(r7)
FFEC7AF4? 811D0000  lwz     r8, 0x0(r29)
FFEC7AF8? 810800B6  lwz     r8, 0xB6(r8)
FFEC7AFC? 5508F0BE  srwi    r8, r8, 2
FFEC7B00? 813D0000  lwz     r9, 0x0(r29)
FFEC7B04? 892900EC  lbz     r9, 0xEC(r9)
FFEC7B08? 7FE849D6  mullw   r31, r8, r9
FFEC7B0C? 42800014  b       loc_FFEC7B20
loc_FFEC7B10:
FFEC7B10? 39400000  li      r10, 0x0
FFEC7B14? 7FCBF378  mr      r11, r30
FFEC7B18? 3BDE0004  addi    r30, r30, 0x4
FFEC7B1C? 914B0000  stw     r10, 0x0(r11)
loc_FFEC7B20:
FFEC7B20? 7FECFB78  mr      r12, r31
FFEC7B24? 3BFFFFFF  addi    r31, r31, -0x1
FFEC7B28? 7D8C0735  extsh.  r12, r12
FFEC7B2C? 4082FFE4  bne     loc_FFEC7B10
FFEC7B30? 3BE00000  li      r31, 0x0
FFEC7B34? 42800088  b       loc_FFEC7BBC
loc_FFEC7B38:
FFEC7B38? 807D0000  lwz     r3, 0x0(r29)
FFEC7B3C? 7FE40734  extsh   r4, r31
FFEC7B40? 5484103A  slwi    r4, r4, 2
FFEC7B44? 38630096  addi    r3, r3, 0x96
FFEC7B48? 7C63202E  lwzx    r3, r3, r4
FFEC7B4C? 28030000  cmplwi  cr0, r3, 0x0
FFEC7B50? 41820068  beq     loc_FFEC7BB8
FFEC7B54? 80BD0000  lwz     r5, 0x0(r29)
FFEC7B58? 7FE60734  extsh   r6, r31
FFEC7B5C? 54C6103A  slwi    r6, r6, 2
FFEC7B60? 38A50096  addi    r5, r5, 0x96
FFEC7B64? 7C65302E  lwzx    r3, r5, r6
FFEC7B68? 38803FF0  li      r4, 0x3FF0
FFEC7B6C? 80FD0000  lwz     r7, 0x0(r29)
FFEC7B70? 80A7008A  lwz     r5, 0x8A(r7)
FFEC7B74? 811D0000  lwz     r8, 0x0(r29)
FFEC7B78? 80C800B6  lwz     r6, 0xB6(r8)
FFEC7B7C? 80E1003C  lwz     r7, 0x3C(r1)
FFEC7B80? 813D0000  lwz     r9, 0x0(r29)
FFEC7B84? 7FEA0734  extsh   r10, r31
FFEC7B88? 554A103A  slwi    r10, r10, 2
FFEC7B8C? 392900A6  addi    r9, r9, 0xA6
FFEC7B90? 7D09502E  lwzx    r8, r9, r10
FFEC7B94? 48001D49  bl      glue_CallUniversalProc
FFEC7B98? 80410014  lwz     r2, 0x14(r1)
FFEC7B9C? 7C7C1B78  mr      r28, r3
FFEC7BA0? 7C1CD800  cmpw    r28, r27
FFEC7BA4? 40810008  ble     loc_FFEC7BAC
FFEC7BA8? 7F9BE378  mr      r27, r28
loc_FFEC7BAC:
FFEC7BAC? 2C1C0000  cmpwi   cr0, r28, 0x0
FFEC7BB0? 40810008  ble     loc_FFEC7BB8
FFEC7BB4? 3B400000  li      r26, 0x0
loc_FFEC7BB8:
FFEC7BB8? 3BFF0001  addi    r31, r31, 0x1
loc_FFEC7BBC:
FFEC7BBC? 7FEB0734  extsh   r11, r31
FFEC7BC0? 2C0B0004  cmpwi   cr0, r11, 0x4
FFEC7BC4? 4180FF74  blt     loc_FFEC7B38
FFEC7BC8? 574C063F  clrlwi. r12, r26, 24
FFEC7BCC? 40820054  bne     loc_FFEC7C20
FFEC7BD0? 807D0000  lwz     r3, 0x0(r29)
FFEC7BD4? 886300EA  lbz     r3, 0xEA(r3)
FFEC7BD8? 28030000  cmplwi  cr0, r3, 0x0
FFEC7BDC? 4182000C  beq     loc_FFEC7BE8
FFEC7BE0? 38800070  li      r4, 0x70
FFEC7BE4? 42800008  b       loc_FFEC7BEC
loc_FFEC7BE8:
FFEC7BE8? 38800060  li      r4, 0x60
loc_FFEC7BEC:
FFEC7BEC? 80BD0000  lwz     r5, 0x0(r29)
FFEC7BF0? 80A50082  lwz     r5, 0x82(r5)
FFEC7BF4? 90850000  stw     r4, 0x0(r5)
FFEC7BF8? 80DD0000  lwz     r6, 0x0(r29)
FFEC7BFC? 88C600EA  lbz     r6, 0xEA(r6)
FFEC7C00? 28060000  cmplwi  cr0, r6, 0x0
FFEC7C04? 4182000C  beq     loc_FFEC7C10
FFEC7C08? 38E00C60  li      r7, 0xC60
FFEC7C0C? 42800008  b       loc_FFEC7C14
loc_FFEC7C10:
FFEC7C10? 38E00C70  li      r7, 0xC70
loc_FFEC7C14:
FFEC7C14? 811D0000  lwz     r8, 0x0(r29)
FFEC7C18? 81080086  lwz     r8, 0x86(r8)
FFEC7C1C? 90E80000  stw     r7, 0x0(r8)
loc_FFEC7C20:
FFEC7C20? 813D0000  lwz     r9, 0x0(r29)
FFEC7C24? 8129008E  lwz     r9, 0x8E(r9)
FFEC7C28? 815D0000  lwz     r10, 0x0(r29)
FFEC7C2C? 816A008A  lwz     r11, 0x8A(r10)
FFEC7C30? 7D6B4A78  xor     r11, r11, r9
FFEC7C34? 916A008A  stw     r11, 0x8A(r10)
FFEC7C38? 39800000  li      r12, 0x0
FFEC7C3C? 807D0000  lwz     r3, 0x0(r29)
FFEC7C40? 886300EA  lbz     r3, 0xEA(r3)
FFEC7C44? 28030000  cmplwi  cr0, r3, 0x0
FFEC7C48? 40820008  bne     loc_FFEC7C50
FFEC7C4C? 39800001  li      r12, 0x1
loc_FFEC7C50:
FFEC7C50? 809D0000  lwz     r4, 0x0(r29)
FFEC7C54? 998400EA  stb     r12, 0xEA(r4)
FFEC7C58? 38610038  addi    r3, r1, 0x38
FFEC7C5C? 4BFFFA0D  bl      sub_FFEC7668
FFEC7C60? 80A10038  lwz     r5, 0x38(r1)
FFEC7C64? 54A507BD  rlwinm. r5, r5, 0, 30, 30
FFEC7C68? 40820144  bne     loc_FFEC7DAC
FFEC7C6C? 7F260734  extsh   r6, r25
FFEC7C70? 2C060001  cmpwi   cr0, r6, 0x1
FFEC7C74? 40820080  bne     loc_FFEC7CF4
FFEC7C78? 5747063F  clrlwi. r7, r26, 24
FFEC7C7C? 41820068  beq     loc_FFEC7CE4
FFEC7C80? 48001539  bl      sub_FFEC91B8
FFEC7C84? 60000000  nop
FFEC7C88? 80630210  lwz     r3, 0x210(r3)
FFEC7C8C? 80630000  lwz     r3, 0x0(r3)
FFEC7C90? 81030024  lwz     r8, 0x24(r3)
FFEC7C94? 3D20FFFF  lis     r9, 0xFFFF
FFEC7C98? 3929FFFF  addi    r9, r9, -0x1
FFEC7C9C? 7D084838  and     r8, r8, r9
FFEC7CA0? 91030024  stw     r8, 0x24(r3)
FFEC7CA4? 48001515  bl      sub_FFEC91B8
FFEC7CA8? 60000000  nop
FFEC7CAC? 80630210  lwz     r3, 0x210(r3)
FFEC7CB0? 80630000  lwz     r3, 0x0(r3)
FFEC7CB4? 81430028  lwz     r10, 0x28(r3)
FFEC7CB8? 654A0001  oris    r10, r10, 0x1
FFEC7CBC? 91430028  stw     r10, 0x28(r3)
FFEC7CC0? 39600000  li      r11, 0x0
FFEC7CC4? 3C60FFFF  lis     r3, 0xFFFF
FFEC7CC8? 48001535  bl      sub_FFEC91FC
FFEC7CCC? 60000000  nop
FFEC7CD0? 819D0000  lwz     r12, 0x0(r29)
FFEC7CD4? 818C0066  lwz     r12, 0x66(r12)
FFEC7CD8? 906C0000  stw     r3, 0x0(r12)
FFEC7CDC? 38600000  li      r3, 0x0
FFEC7CE0? 42800100  b       loc_FFEC7DE0
loc_FFEC7CE4:
FFEC7CE4? 809D0000  lwz     r4, 0x0(r29)
FFEC7CE8? 808400B6  lwz     r4, 0xB6(r4)
FFEC7CEC? 7C1B2040  cmplw   r27, r4
FFEC7CF0? 4182FDF8  beq     loc_FFEC7AE8
loc_FFEC7CF4:
FFEC7CF4? 80BD0000  lwz     r5, 0x0(r29)
FFEC7CF8? 88A500EA  lbz     r5, 0xEA(r5)
FFEC7CFC? 28050000  cmplwi  cr0, r5, 0x0
FFEC7D00? 41820028  beq     loc_FFEC7D28
FFEC7D04? 80DD0000  lwz     r6, 0x0(r29)
FFEC7D08? 80660092  lwz     r3, 0x92(r6)
FFEC7D0C? 480014F1  bl      sub_FFEC91FC
FFEC7D10? 60000000  nop
FFEC7D14? 80FD0000  lwz     r7, 0x0(r29)
FFEC7D18? 80E70066  lwz     r7, 0x66(r7)
FFEC7D1C? 9067000C  stw     r3, 0xC(r7)
FFEC7D20? 39000000  li      r8, 0x0
FFEC7D24? 42800028  b       loc_FFEC7D4C
loc_FFEC7D28:
FFEC7D28? 813D0000  lwz     r9, 0x0(r29)
FFEC7D2C? 81290092  lwz     r9, 0x92(r9)
FFEC7D30? 38690180  addi    r3, r9, 0x180
FFEC7D34? 480014C9  bl      sub_FFEC91FC
FFEC7D38? 60000000  nop
FFEC7D3C? 815D0000  lwz     r10, 0x0(r29)
FFEC7D40? 814A0066  lwz     r10, 0x66(r10)
FFEC7D44? 906A000C  stw     r3, 0xC(r10)
FFEC7D48? 39600000  li      r11, 0x0
loc_FFEC7D4C:
FFEC7D4C? 4800146D  bl      sub_FFEC91B8
FFEC7D50? 60000000  nop
FFEC7D54? 80630210  lwz     r3, 0x210(r3)
FFEC7D58? 80630000  lwz     r3, 0x0(r3)
FFEC7D5C? 81830028  lwz     r12, 0x28(r3)
FFEC7D60? 658C0001  oris    r12, r12, 0x1
FFEC7D64? 91830028  stw     r12, 0x28(r3)
FFEC7D68? 38600000  li      r3, 0x0
FFEC7D6C? 3C60FFFF  lis     r3, 0xFFFF
FFEC7D70? 4800148D  bl      sub_FFEC91FC
FFEC7D74? 60000000  nop
FFEC7D78? 809D0000  lwz     r4, 0x0(r29)
FFEC7D7C? 80840066  lwz     r4, 0x66(r4)
FFEC7D80? 90640000  stw     r3, 0x0(r4)
FFEC7D84? 38A00000  li      r5, 0x0
FFEC7D88? 38C00000  li      r6, 0x0
FFEC7D8C? 3C60C801  lis     r3, 0xC801
FFEC7D90? 38638000  addi    r3, r3, -0x8000
FFEC7D94? 48001469  bl      sub_FFEC91FC
FFEC7D98? 60000000  nop
FFEC7D9C? 80FD0000  lwz     r7, 0x0(r29)
FFEC7DA0? 80E70066  lwz     r7, 0x66(r7)
FFEC7DA4? 90670000  stw     r3, 0x0(r7)
FFEC7DA8? 39000000  li      r8, 0x0
loc_FFEC7DAC:
FFEC7DAC? 813D0000  lwz     r9, 0x0(r29)
FFEC7DB0? 812900C6  lwz     r9, 0xC6(r9)
FFEC7DB4? 28090000  cmplwi  cr0, r9, 0x0
FFEC7DB8? 4182000C  beq     loc_FFEC7DC4
FFEC7DBC? 48000039  bl      sub_FFEC7DF4
FFEC7DC0? 60000000  nop
loc_FFEC7DC4:
FFEC7DC4? 480013F5  bl      sub_FFEC91B8
FFEC7DC8? 60000000  nop
FFEC7DCC? 80630210  lwz     r3, 0x210(r3)
FFEC7DD0? 80630000  lwz     r3, 0x0(r3)
FFEC7DD4? 81430024  lwz     r10, 0x24(r3)
FFEC7DD8? 654A0001  oris    r10, r10, 0x1
FFEC7DDC? 91430024  stw     r10, 0x24(r3)
loc_FFEC7DE0:
FFEC7DE0? 80010068  lwz     r0, 0x68(r1)
FFEC7DE4? 38210060  addi    r1, r1, 0x60
FFEC7DE8? 7C0803A6  mtspr   LR, r0
FFEC7DEC? BB21FFE4  lmw     r25, -0x1C(r1)
FFEC7DF0? 4E800020  blr

sub_FFEC7DF4:
FFEC7DF4? 7C0802A6  mfspr   r0, LR
FFEC7DF8? BF01FFE0  stmw    r24, -0x20(r1)
FFEC7DFC? 90010008  stw     r0, 0x8(r1)
FFEC7E00? 9421FFA0  stwu    r1, -0x60(r1)
FFEC7E04? 3B620154  addi    r27, r2, 0x154                     ; TOC[+340] &data+290
FFEC7E08? 38610038  addi    r3, r1, 0x38
FFEC7E0C? 4BFFF85D  bl      sub_FFEC7668
FFEC7E10? 80610038  lwz     r3, 0x38(r1)
FFEC7E14? 546307FF  clrlwi. r3, r3, 31
FFEC7E18? 4182018C  beq     loc_FFEC7FA4
FFEC7E1C? 809B0000  lwz     r4, 0x0(r27)
FFEC7E20? 888400EC  lbz     r4, 0xEC(r4)
FFEC7E24? 3884FFFF  addi    r4, r4, -0x1
FFEC7E28? 549A083C  slwi    r26, r4, 1
FFEC7E2C? 3B200001  li      r25, 0x1
FFEC7E30? 3B000000  li      r24, 0x0
FFEC7E34? 42800164  b       loc_FFEC7F98
loc_FFEC7E38:
FFEC7E38? 7F250734  extsh   r5, r25
FFEC7E3C? 80DB0000  lwz     r6, 0x0(r27)
FFEC7E40? 80C600C6  lwz     r6, 0xC6(r6)
FFEC7E44? 7CA53039  and.    r5, r5, r6
FFEC7E48? 41820144  beq     loc_FFEC7F8C
FFEC7E4C? 80FB0000  lwz     r7, 0x0(r27)
FFEC7E50? 80E70032  lwz     r7, 0x32(r7)
FFEC7E54? 811B0000  lwz     r8, 0x0(r27)
FFEC7E58? 81080036  lwz     r8, 0x36(r8)
FFEC7E5C? 7CFE4278  xor     r30, r7, r8
FFEC7E60? 813B0000  lwz     r9, 0x0(r27)
FFEC7E64? 8129008A  lwz     r9, 0x8A(r9)
FFEC7E68? 815B0000  lwz     r10, 0x0(r27)
FFEC7E6C? 814A008E  lwz     r10, 0x8E(r10)
FFEC7E70? 7D3F5278  xor     r31, r9, r10
FFEC7E74? 7F0B0734  extsh   r11, r24
FFEC7E78? 556B083C  slwi    r11, r11, 1
FFEC7E7C? 556B083C  slwi    r11, r11, 1
FFEC7E80? 7FDE5A14  add     r30, r30, r11
FFEC7E84? 819B0000  lwz     r12, 0x0(r27)
FFEC7E88? 898C00ED  lbz     r12, 0xED(r12)
FFEC7E8C? 398CFFFF  addi    r12, r12, -0x1
FFEC7E90? 559C083C  slwi    r28, r12, 1
FFEC7E94? 7F430735  extsh.  r3, r26
FFEC7E98? 40810084  ble     loc_FFEC7F1C
FFEC7E9C? 3BA00000  li      r29, 0x0
FFEC7EA0? 42800060  b       loc_FFEC7F00
loc_FFEC7EA4:
FFEC7EA4? A89F0000  lha     r4, 0x0(r31)
FFEC7EA8? 7FC5F378  mr      r5, r30
FFEC7EAC? 3BDE0002  addi    r30, r30, 0x2
FFEC7EB0? A8A50000  lha     r5, 0x0(r5)
FFEC7EB4? 7C842A14  add     r4, r4, r5
FFEC7EB8? 7FE6FB78  mr      r6, r31
FFEC7EBC? 3BFF0002  addi    r31, r31, 0x2
FFEC7EC0? B0860000  sth     r4, 0x0(r6)
FFEC7EC4? A8FF0000  lha     r7, 0x0(r31)
FFEC7EC8? 7FC8F378  mr      r8, r30
FFEC7ECC? 3BDE0002  addi    r30, r30, 0x2
FFEC7ED0? A9080000  lha     r8, 0x0(r8)
FFEC7ED4? 7CE74214  add     r7, r7, r8
FFEC7ED8? 7FE9FB78  mr      r9, r31
FFEC7EDC? 3BFF0002  addi    r31, r31, 0x2
FFEC7EE0? B0E90000  sth     r7, 0x0(r9)
FFEC7EE4? 7F4A0734  extsh   r10, r26
FFEC7EE8? 554A083C  slwi    r10, r10, 1
FFEC7EEC? 7FFF5214  add     r31, r31, r10
FFEC7EF0? 7F8B0734  extsh   r11, r28
FFEC7EF4? 556B083C  slwi    r11, r11, 1
FFEC7EF8? 7FDE5A14  add     r30, r30, r11
FFEC7EFC? 3BBD0001  addi    r29, r29, 0x1
loc_FFEC7F00:
FFEC7F00? 7FAC0734  extsh   r12, r29
FFEC7F04? 807B0000  lwz     r3, 0x0(r27)
FFEC7F08? 806300B6  lwz     r3, 0xB6(r3)
FFEC7F0C? 5463F0BE  srwi    r3, r3, 2
FFEC7F10? 7C0C1840  cmplw   r12, r3
FFEC7F14? 4180FF90  blt     loc_FFEC7EA4
FFEC7F18? 42800074  b       loc_FFEC7F8C
loc_FFEC7F1C:
FFEC7F1C? 3BA00000  li      r29, 0x0
FFEC7F20? 42800054  b       loc_FFEC7F74
loc_FFEC7F24:
FFEC7F24? A89F0000  lha     r4, 0x0(r31)
FFEC7F28? 7FC5F378  mr      r5, r30
FFEC7F2C? 3BDE0002  addi    r30, r30, 0x2
FFEC7F30? A8A50000  lha     r5, 0x0(r5)
FFEC7F34? 7C842A14  add     r4, r4, r5
FFEC7F38? 7FE6FB78  mr      r6, r31
FFEC7F3C? 3BFF0002  addi    r31, r31, 0x2
FFEC7F40? B0860000  sth     r4, 0x0(r6)
FFEC7F44? A8FF0000  lha     r7, 0x0(r31)
FFEC7F48? 7FC8F378  mr      r8, r30
FFEC7F4C? 3BDE0002  addi    r30, r30, 0x2
FFEC7F50? A9080000  lha     r8, 0x0(r8)
FFEC7F54? 7CE74214  add     r7, r7, r8
FFEC7F58? 7FE9FB78  mr      r9, r31
FFEC7F5C? 3BFF0002  addi    r31, r31, 0x2
FFEC7F60? B0E90000  sth     r7, 0x0(r9)
FFEC7F64? 7F8A0734  extsh   r10, r28
FFEC7F68? 554A083C  slwi    r10, r10, 1
FFEC7F6C? 7FDE5214  add     r30, r30, r10
FFEC7F70? 3BBD0001  addi    r29, r29, 0x1
loc_FFEC7F74:
FFEC7F74? 7FAB0734  extsh   r11, r29
FFEC7F78? 819B0000  lwz     r12, 0x0(r27)
FFEC7F7C? 818C00B6  lwz     r12, 0xB6(r12)
FFEC7F80? 558CF0BE  srwi    r12, r12, 2
FFEC7F84? 7C0B6040  cmplw   r11, r12
FFEC7F88? 4180FF9C  blt     loc_FFEC7F24
loc_FFEC7F8C:
FFEC7F8C? 5739083C  slwi    r25, r25, 1
FFEC7F90? 7F03C378  mr      r3, r24
FFEC7F94? 3B180001  addi    r24, r24, 0x1
loc_FFEC7F98:
FFEC7F98? 7F240734  extsh   r4, r25
FFEC7F9C? 2C040008  cmpwi   cr0, r4, 0x8
FFEC7FA0? 4081FE98  ble     loc_FFEC7E38
loc_FFEC7FA4:
FFEC7FA4? 80010068  lwz     r0, 0x68(r1)
FFEC7FA8? 38210060  addi    r1, r1, 0x60
FFEC7FAC? 7C0803A6  mtspr   LR, r0
FFEC7FB0? BB01FFE0  lmw     r24, -0x20(r1)
FFEC7FB4? 4E800020  blr

sub_FFEC7FB8:
FFEC7FB8* 7C0802A6  mfspr   r0, LR
FFEC7FBC* BFA1FFF4  stmw    r29, -0xC(r1)
FFEC7FC0* 90010008  stw     r0, 0x8(r1)
FFEC7FC4* 9421FFA0  stwu    r1, -0x60(r1)
FFEC7FC8* 90610078  stw     r3, 0x78(r1)
FFEC7FCC* 7C9D2378  mr      r29, r4
FFEC7FD0* 3C607067  lis     r3, 0x7067
FFEC7FD4* 3863737A  addi    r3, r3, 0x737A
FFEC7FD8* 3881004C  addi    r4, r1, 0x4C
FFEC7FDC* 48001859  bl      glue_Gestalt
FFEC7FE0* 80410014  lwz     r2, 0x14(r1)
FFEC7FE4* 7C7F1B78  mr      r31, r3
FFEC7FE8* 7FE30735  extsh.  r3, r31
FFEC7FEC* 40820010  bne     loc_FFEC7FFC
FFEC7FF0* 8081004C  lwz     r4, 0x4C(r1)
FFEC7FF4* 28040000  cmplwi  cr0, r4, 0x0
FFEC7FF8* 4082000C  bne     loc_FFEC8004
loc_FFEC7FFC:
FFEC7FFC  38A01000  li      r5, 0x1000
FFEC8000  90A1004C  stw     r5, 0x4C(r1)
loc_FFEC8004:
FFEC8004* 80C10078  lwz     r6, 0x78(r1)
FFEC8008* 54C6083C  slwi    r6, r6, 1
FFEC800C* 3BC6030F  addi    r30, r6, 0x30F
FFEC8010* 80E1004C  lwz     r7, 0x4C(r1)
FFEC8014* 7D1E3B96  divwu   r8, r30, r7
FFEC8018* 7D0839D6  mullw   r8, r8, r7
FFEC801C* 7D08F051  subf.   r8, r8, r30
FFEC8020* 41820018  beq     loc_FFEC8038
FFEC8024* 8121004C  lwz     r9, 0x4C(r1)
FFEC8028* 7D3E4B96  divwu   r9, r30, r9
FFEC802C* 39290001  addi    r9, r9, 0x1
FFEC8030* 8141004C  lwz     r10, 0x4C(r1)
FFEC8034* 7FC951D6  mullw   r30, r9, r10
loc_FFEC8038:
FFEC8038* 93DD0000  stw     r30, 0x0(r29)
FFEC803C* 8161004C  lwz     r11, 0x4C(r1)
FFEC8040* 917D0004  stw     r11, 0x4(r29)
FFEC8044* 7FA3EB78  mr      r3, r29
FFEC8048* 4800145D  bl      sub_FFEC94A4
FFEC804C* 60000000  nop
FFEC8050* 7C7F1B78  mr      r31, r3
FFEC8054* 7FEC0735  extsh.  r12, r31
FFEC8058* 4182000C  beq     loc_FFEC8064
FFEC805C  7FE3FB78  mr      r3, r31
FFEC8060  42800008  b       loc_FFEC8068
loc_FFEC8064:
FFEC8064* 38600000  li      r3, 0x0
loc_FFEC8068:
FFEC8068* 80010068  lwz     r0, 0x68(r1)
FFEC806C* 38210060  addi    r1, r1, 0x60
FFEC8070* 7C0803A6  mtspr   LR, r0
FFEC8074* BBA1FFF4  lmw     r29, -0xC(r1)
FFEC8078* 4E800020  blr

sub_FFEC807C:
FFEC807C* 7C0802A6  mfspr   r0, LR
FFEC8080* BFA1FFF4  stmw    r29, -0xC(r1)
FFEC8084* 90010008  stw     r0, 0x8(r1)
FFEC8088* 9421FFB0  stwu    r1, -0x50(r1)
FFEC808C* 90610068  stw     r3, 0x68(r1)
FFEC8090* 7C9D2378  mr      r29, r4
FFEC8094* 3C607067  lis     r3, 0x7067
FFEC8098* 3863737A  addi    r3, r3, 0x737A
FFEC809C* 38810038  addi    r4, r1, 0x38
FFEC80A0* 48001795  bl      glue_Gestalt
FFEC80A4* 80410014  lwz     r2, 0x14(r1)
FFEC80A8* 7C7E1B78  mr      r30, r3
FFEC80AC* 7FC30735  extsh.  r3, r30
FFEC80B0* 40820010  bne     loc_FFEC80C0
FFEC80B4* 80810038  lwz     r4, 0x38(r1)
FFEC80B8* 28040000  cmplwi  cr0, r4, 0x0
FFEC80BC* 4082000C  bne     loc_FFEC80C8
loc_FFEC80C0:
FFEC80C0  38A01000  li      r5, 0x1000
FFEC80C4  90A10038  stw     r5, 0x38(r1)
loc_FFEC80C8:
FFEC80C8* 80C10068  lwz     r6, 0x68(r1)
FFEC80CC* 54C6083C  slwi    r6, r6, 1
FFEC80D0* 3BE60310  addi    r31, r6, 0x310
FFEC80D4* 80E10038  lwz     r7, 0x38(r1)
FFEC80D8* 7D1F3B96  divwu   r8, r31, r7
FFEC80DC* 7D0839D6  mullw   r8, r8, r7
FFEC80E0* 7D08F851  subf.   r8, r8, r31
FFEC80E4* 41820018  beq     loc_FFEC80FC
FFEC80E8* 81210038  lwz     r9, 0x38(r1)
FFEC80EC* 7D3F4B96  divwu   r9, r31, r9
FFEC80F0* 39290001  addi    r9, r9, 0x1
FFEC80F4* 81410038  lwz     r10, 0x38(r1)
FFEC80F8* 7FE951D6  mullw   r31, r9, r10
loc_FFEC80FC:
FFEC80FC* 93FD0000  stw     r31, 0x0(r29)
FFEC8100* 81610038  lwz     r11, 0x38(r1)
FFEC8104* 917D0004  stw     r11, 0x4(r29)
FFEC8108* 7FA3EB78  mr      r3, r29
FFEC810C* 48001399  bl      sub_FFEC94A4
FFEC8110* 60000000  nop
FFEC8114* 7C7E1B78  mr      r30, r3
FFEC8118* 7FC3F378  mr      r3, r30
FFEC811C* 80010058  lwz     r0, 0x58(r1)
FFEC8120* 38210050  addi    r1, r1, 0x50
FFEC8124* 7C0803A6  mtspr   LR, r0
FFEC8128* BBA1FFF4  lmw     r29, -0xC(r1)
FFEC812C* 4E800020  blr

sub_FFEC8130:
FFEC8130* 7C0802A6  mfspr   r0, LR
FFEC8134* BEE1FFDC  stmw    r23, -0x24(r1)
FFEC8138* 90010008  stw     r0, 0x8(r1)
FFEC813C* 9421FF90  stwu    r1, -0x70(r1)
FFEC8140* 7C7D1B78  mr      r29, r3
FFEC8144* 7C972378  mr      r23, r4
FFEC8148* 3B220154  addi    r25, r2, 0x154                     ; TOC[+340] &data+290
FFEC814C* 80770008  lwz     r3, 0x8(r23)
FFEC8150* 1C9D002E  mulli   r4, r29, 0x2E
FFEC8154* 3863000F  addi    r3, r3, 0xF
FFEC8158* 7C632214  add     r3, r3, r4
FFEC815C* 547F0036  clrrwi  r31, r3, 4
FFEC8160* 80B7000C  lwz     r5, 0xC(r23)
FFEC8164* 1CDD002E  mulli   r6, r29, 0x2E
FFEC8168* 38A5000F  addi    r5, r5, 0xF
FFEC816C* 7CA53214  add     r5, r5, r6
FFEC8170* 54B80036  clrrwi  r24, r5, 4
FFEC8174* 3B7802F0  addi    r27, r24, 0x2F0
FFEC8178* 7F03C378  mr      r3, r24
FFEC817C* 48001081  bl      sub_FFEC91FC
FFEC8180* 60000000  nop
FFEC8184* 80F90000  lwz     r7, 0x0(r25)
FFEC8188* 80E70016  lwz     r7, 0x16(r7)
FFEC818C* 9067000C  stw     r3, 0xC(r7)
FFEC8190* 39000000  li      r8, 0x0
FFEC8194* 81390000  lwz     r9, 0x0(r25)
FFEC8198* 9309003A  stw     r24, 0x3A(r9)
FFEC819C* 8397000C  lwz     r28, 0xC(r23)
FFEC81A0* 3B400017  li      r26, 0x17
FFEC81A4* 42800050  b       loc_FFEC81F4
loc_FFEC81A8:
FFEC81A8* 67BE3004  oris    r30, r29, 0x3004
FFEC81AC* 7F83E378  mr      r3, r28
FFEC81B0* 4800104D  bl      sub_FFEC91FC
FFEC81B4* 60000000  nop
FFEC81B8* 907F0004  stw     r3, 0x4(r31)
FFEC81BC* 7F63DB78  mr      r3, r27
FFEC81C0* 4800103D  bl      sub_FFEC91FC
FFEC81C4* 60000000  nop
FFEC81C8* 907F0008  stw     r3, 0x8(r31)
FFEC81CC* 39400000  li      r10, 0x0
FFEC81D0* 915F000C  stw     r10, 0xC(r31)
FFEC81D4* 39600000  li      r11, 0x0
FFEC81D8* 7FC3F378  mr      r3, r30
FFEC81DC* 48001021  bl      sub_FFEC91FC
FFEC81E0* 60000000  nop
FFEC81E4* 907F0000  stw     r3, 0x0(r31)
FFEC81E8* 39800000  li      r12, 0x0
FFEC81EC* 3BFF0010  addi    r31, r31, 0x10
FFEC81F0* 7F9CEA14  add     r28, r28, r29
loc_FFEC81F4:
FFEC81F4* 3B5AFFFF  addi    r26, r26, -0x1
FFEC81F8* 7F430735  extsh.  r3, r26
FFEC81FC* 4082FFAC  bne     loc_FFEC81A8
FFEC8200* 67BE3034  oris    r30, r29, 0x3034
FFEC8204* 7F83E378  mr      r3, r28
FFEC8208* 48000FF5  bl      sub_FFEC91FC
FFEC820C* 60000000  nop
FFEC8210* 907F0004  stw     r3, 0x4(r31)
FFEC8214* 7F63DB78  mr      r3, r27
FFEC8218* 48000FE5  bl      sub_FFEC91FC
FFEC821C* 60000000  nop
FFEC8220* 907F0008  stw     r3, 0x8(r31)
FFEC8224* 38800000  li      r4, 0x0
FFEC8228* 909F000C  stw     r4, 0xC(r31)
FFEC822C* 38A00000  li      r5, 0x0
FFEC8230* 7FC3F378  mr      r3, r30
FFEC8234* 48000FC9  bl      sub_FFEC91FC
FFEC8238* 60000000  nop
FFEC823C* 907F0000  stw     r3, 0x0(r31)
FFEC8240* 38C00000  li      r6, 0x0
FFEC8244* 3BFF0010  addi    r31, r31, 0x10
FFEC8248* 7F9CEA14  add     r28, r28, r29
FFEC824C* 3B400017  li      r26, 0x17
FFEC8250* 42800050  b       loc_FFEC82A0
loc_FFEC8254:
FFEC8254* 67BE3004  oris    r30, r29, 0x3004
FFEC8258* 7F83E378  mr      r3, r28
FFEC825C* 48000FA1  bl      sub_FFEC91FC
FFEC8260* 60000000  nop
FFEC8264* 907F0004  stw     r3, 0x4(r31)
FFEC8268* 7F63DB78  mr      r3, r27
FFEC826C* 48000F91  bl      sub_FFEC91FC
FFEC8270* 60000000  nop
FFEC8274* 907F0008  stw     r3, 0x8(r31)
FFEC8278* 38E00000  li      r7, 0x0
FFEC827C* 90FF000C  stw     r7, 0xC(r31)
FFEC8280* 39000000  li      r8, 0x0
FFEC8284* 7FC3F378  mr      r3, r30
FFEC8288* 48000F75  bl      sub_FFEC91FC
FFEC828C* 60000000  nop
FFEC8290* 907F0000  stw     r3, 0x0(r31)
FFEC8294* 39200000  li      r9, 0x0
FFEC8298* 3BFF0010  addi    r31, r31, 0x10
FFEC829C* 7F9CEA14  add     r28, r28, r29
loc_FFEC82A0:
FFEC82A0* 3B5AFFFF  addi    r26, r26, -0x1
FFEC82A4* 7F4A0735  extsh.  r10, r26
FFEC82A8* 4082FFAC  bne     loc_FFEC8254
FFEC82AC* 67BE3034  oris    r30, r29, 0x3034
FFEC82B0* 7F83E378  mr      r3, r28
FFEC82B4* 48000F49  bl      sub_FFEC91FC
FFEC82B8* 60000000  nop
FFEC82BC* 907F0004  stw     r3, 0x4(r31)
FFEC82C0* 7F63DB78  mr      r3, r27
FFEC82C4* 48000F39  bl      sub_FFEC91FC
FFEC82C8* 60000000  nop
FFEC82CC* 907F0008  stw     r3, 0x8(r31)
FFEC82D0* 39600000  li      r11, 0x0
FFEC82D4* 917F000C  stw     r11, 0xC(r31)
FFEC82D8* 39800000  li      r12, 0x0
FFEC82DC* 7FC3F378  mr      r3, r30
FFEC82E0* 48000F1D  bl      sub_FFEC91FC
FFEC82E4* 60000000  nop
FFEC82E8* 907F0000  stw     r3, 0x0(r31)
FFEC82EC* 38600000  li      r3, 0x0
FFEC82F0* 3BFF0010  addi    r31, r31, 0x10
FFEC82F4* 3FC0600C  lis     r30, 0x600C
FFEC82F8* 38600000  li      r3, 0x0
FFEC82FC* 48000F01  bl      sub_FFEC91FC
FFEC8300* 60000000  nop
FFEC8304* 907F0004  stw     r3, 0x4(r31)
FFEC8308* 7F03C378  mr      r3, r24
FFEC830C* 48000EF1  bl      sub_FFEC91FC
FFEC8310* 60000000  nop
FFEC8314* 907F0008  stw     r3, 0x8(r31)
FFEC8318* 38800000  li      r4, 0x0
FFEC831C* 909F000C  stw     r4, 0xC(r31)
FFEC8320* 38A00000  li      r5, 0x0
FFEC8324* 7FC3F378  mr      r3, r30
FFEC8328* 48000ED5  bl      sub_FFEC91FC
FFEC832C* 60000000  nop
FFEC8330* 907F0000  stw     r3, 0x0(r31)
FFEC8334* 38C00000  li      r6, 0x0
FFEC8338* 3BFF0010  addi    r31, r31, 0x10
FFEC833C* 3FC07000  lis     r30, 0x7000
FFEC8340* 38600000  li      r3, 0x0
FFEC8344* 48000EB9  bl      sub_FFEC91FC
FFEC8348* 60000000  nop
FFEC834C* 907F0004  stw     r3, 0x4(r31)
FFEC8350* 38E00000  li      r7, 0x0
FFEC8354* 90FF0008  stw     r7, 0x8(r31)
FFEC8358* 39000000  li      r8, 0x0
FFEC835C* 911F000C  stw     r8, 0xC(r31)
FFEC8360* 39200000  li      r9, 0x0
FFEC8364* 7FC3F378  mr      r3, r30
FFEC8368* 48000E95  bl      sub_FFEC91FC
FFEC836C* 60000000  nop
FFEC8370* 907F0000  stw     r3, 0x0(r31)
FFEC8374* 39400000  li      r10, 0x0
FFEC8378* 81770008  lwz     r11, 0x8(r23)
FFEC837C* 81990000  lwz     r12, 0x0(r25)
FFEC8380* 916C0032  stw     r11, 0x32(r12)
FFEC8384* 1C7D002E  mulli   r3, r29, 0x2E
FFEC8388* 5463F87E  srwi    r3, r3, 1
FFEC838C* 80990000  lwz     r4, 0x0(r25)
FFEC8390* 80840032  lwz     r4, 0x32(r4)
FFEC8394* 7C632214  add     r3, r3, r4
FFEC8398* 80B90000  lwz     r5, 0x0(r25)
FFEC839C* 80A50032  lwz     r5, 0x32(r5)
FFEC83A0* 7C632A78  xor     r3, r3, r5
FFEC83A4* 80D90000  lwz     r6, 0x0(r25)
FFEC83A8* 90660036  stw     r3, 0x36(r6)
FFEC83AC* 1CFD002E  mulli   r7, r29, 0x2E
FFEC83B0* 54E7F87E  srwi    r7, r7, 1
FFEC83B4* 81190000  lwz     r8, 0x0(r25)
FFEC83B8* 90E8005E  stw     r7, 0x5E(r8)
FFEC83BC* 81390000  lwz     r9, 0x0(r25)
FFEC83C0* 81290022  lwz     r9, 0x22(r9)
FFEC83C4* 1D5D002E  mulli   r10, r29, 0x2E
FFEC83C8* 7D295214  add     r9, r9, r10
FFEC83CC* 81790000  lwz     r11, 0x0(r25)
FFEC83D0* 912B0062  stw     r9, 0x62(r11)
FFEC83D4* 80010078  lwz     r0, 0x78(r1)
FFEC83D8* 38210070  addi    r1, r1, 0x70
FFEC83DC* 7C0803A6  mtspr   LR, r0
FFEC83E0* BAE1FFDC  lmw     r23, -0x24(r1)
FFEC83E4* 4E800020  blr

sub_FFEC83E8:
FFEC83E8* 7C0802A6  mfspr   r0, LR
FFEC83EC* BF01FFE0  stmw    r24, -0x20(r1)
FFEC83F0* 90010008  stw     r0, 0x8(r1)
FFEC83F4* 9421FFA0  stwu    r1, -0x60(r1)
FFEC83F8* 7C7D1B78  mr      r29, r3
FFEC83FC* 7C982378  mr      r24, r4
FFEC8400* 3B420154  addi    r26, r2, 0x154                     ; TOC[+340] &data+290
FFEC8404* 80780008  lwz     r3, 0x8(r24)
FFEC8408* 809A0000  lwz     r4, 0x0(r26)
FFEC840C* 9064008A  stw     r3, 0x8A(r4)
FFEC8410* 1CBD002E  mulli   r5, r29, 0x2E
FFEC8414* 54A5F87E  srwi    r5, r5, 1
FFEC8418* 80DA0000  lwz     r6, 0x0(r26)
FFEC841C* 80C6008A  lwz     r6, 0x8A(r6)
FFEC8420* 7CA53214  add     r5, r5, r6
FFEC8424* 80FA0000  lwz     r7, 0x0(r26)
FFEC8428* 80E7008A  lwz     r7, 0x8A(r7)
FFEC842C* 7CA53A78  xor     r5, r5, r7
FFEC8430* 811A0000  lwz     r8, 0x0(r26)
FFEC8434* 90A8008E  stw     r5, 0x8E(r8)
FFEC8438* 81380008  lwz     r9, 0x8(r24)
FFEC843C* 1D5D002E  mulli   r10, r29, 0x2E
FFEC8440* 3929000F  addi    r9, r9, 0xF
FFEC8444* 7D295214  add     r9, r9, r10
FFEC8448* 553F0036  clrrwi  r31, r9, 4
FFEC844C* 83D8000C  lwz     r30, 0xC(r24)
FFEC8450* 3B600017  li      r27, 0x17
FFEC8454* 67BC1000  oris    r28, r29, 0x1000
FFEC8458* 42800044  b       loc_FFEC849C
loc_FFEC845C:
FFEC845C* 7FC3F378  mr      r3, r30
FFEC8460* 48000D9D  bl      sub_FFEC91FC
FFEC8464* 60000000  nop
FFEC8468* 907F0004  stw     r3, 0x4(r31)
FFEC846C* 39600000  li      r11, 0x0
FFEC8470* 917F0008  stw     r11, 0x8(r31)
FFEC8474* 39800000  li      r12, 0x0
FFEC8478* 919F000C  stw     r12, 0xC(r31)
FFEC847C* 38600000  li      r3, 0x0
FFEC8480* 7F83E378  mr      r3, r28
FFEC8484* 48000D79  bl      sub_FFEC91FC
FFEC8488* 60000000  nop
FFEC848C* 907F0000  stw     r3, 0x0(r31)
FFEC8490* 38800000  li      r4, 0x0
FFEC8494* 3BFF0010  addi    r31, r31, 0x10
FFEC8498* 7FDEEA14  add     r30, r30, r29
loc_FFEC849C:
FFEC849C* 3B7BFFFF  addi    r27, r27, -0x1
FFEC84A0* 7F650735  extsh.  r5, r27
FFEC84A4* 4082FFB8  bne     loc_FFEC845C
FFEC84A8* 67BC1030  oris    r28, r29, 0x1030
FFEC84AC* 7FC3F378  mr      r3, r30
FFEC84B0* 48000D4D  bl      sub_FFEC91FC
FFEC84B4* 60000000  nop
FFEC84B8* 907F0004  stw     r3, 0x4(r31)
FFEC84BC* 38C00000  li      r6, 0x0
FFEC84C0* 90DF0008  stw     r6, 0x8(r31)
FFEC84C4* 38E00000  li      r7, 0x0
FFEC84C8* 90FF000C  stw     r7, 0xC(r31)
FFEC84CC* 39000000  li      r8, 0x0
FFEC84D0* 7F83E378  mr      r3, r28
FFEC84D4* 48000D29  bl      sub_FFEC91FC
FFEC84D8* 60000000  nop
FFEC84DC* 907F0000  stw     r3, 0x0(r31)
FFEC84E0* 39200000  li      r9, 0x0
FFEC84E4* 3BFF0010  addi    r31, r31, 0x10
FFEC84E8* 7FDEEA14  add     r30, r30, r29
FFEC84EC* 38600000  li      r3, 0x0
FFEC84F0* 48000D0D  bl      sub_FFEC91FC
FFEC84F4* 60000000  nop
FFEC84F8* 907F0004  stw     r3, 0x4(r31)
FFEC84FC* 38600000  li      r3, 0x0
FFEC8500* 48000CFD  bl      sub_FFEC91FC
FFEC8504* 60000000  nop
FFEC8508* 907F0008  stw     r3, 0x8(r31)
FFEC850C* 39400000  li      r10, 0x0
FFEC8510* 915F000C  stw     r10, 0xC(r31)
FFEC8514* 39600000  li      r11, 0x0
FFEC8518* 38600000  li      r3, 0x0
FFEC851C* 48000CE1  bl      sub_FFEC91FC
FFEC8520* 60000000  nop
FFEC8524* 907F0000  stw     r3, 0x0(r31)
FFEC8528* 39800000  li      r12, 0x0
FFEC852C* 807A0000  lwz     r3, 0x0(r26)
FFEC8530* 93E30082  stw     r31, 0x82(r3)
FFEC8534* 3BFF0010  addi    r31, r31, 0x10
FFEC8538* 3B600017  li      r27, 0x17
FFEC853C* 67BC1000  oris    r28, r29, 0x1000
FFEC8540* 42800044  b       loc_FFEC8584
loc_FFEC8544:
FFEC8544* 7FC3F378  mr      r3, r30
FFEC8548* 48000CB5  bl      sub_FFEC91FC
FFEC854C* 60000000  nop
FFEC8550* 907F0004  stw     r3, 0x4(r31)
FFEC8554* 38800000  li      r4, 0x0
FFEC8558* 909F0008  stw     r4, 0x8(r31)
FFEC855C* 38A00000  li      r5, 0x0
FFEC8560* 90BF000C  stw     r5, 0xC(r31)
FFEC8564* 38C00000  li      r6, 0x0
FFEC8568* 7F83E378  mr      r3, r28
FFEC856C* 48000C91  bl      sub_FFEC91FC
FFEC8570* 60000000  nop
FFEC8574* 907F0000  stw     r3, 0x0(r31)
FFEC8578* 38E00000  li      r7, 0x0
FFEC857C* 3BFF0010  addi    r31, r31, 0x10
FFEC8580* 7FDEEA14  add     r30, r30, r29
loc_FFEC8584:
FFEC8584* 3B7BFFFF  addi    r27, r27, -0x1
FFEC8588* 7F680735  extsh.  r8, r27
FFEC858C* 4082FFB8  bne     loc_FFEC8544
FFEC8590* 67BC1030  oris    r28, r29, 0x1030
FFEC8594* 7FC3F378  mr      r3, r30
FFEC8598* 48000C65  bl      sub_FFEC91FC
FFEC859C* 60000000  nop
FFEC85A0* 907F0004  stw     r3, 0x4(r31)
FFEC85A4* 39200000  li      r9, 0x0
FFEC85A8* 913F0008  stw     r9, 0x8(r31)
FFEC85AC* 39400000  li      r10, 0x0
FFEC85B0* 915F000C  stw     r10, 0xC(r31)
FFEC85B4* 39600000  li      r11, 0x0
FFEC85B8* 7F83E378  mr      r3, r28
FFEC85BC* 48000C41  bl      sub_FFEC91FC
FFEC85C0* 60000000  nop
FFEC85C4* 907F0000  stw     r3, 0x0(r31)
FFEC85C8* 39800000  li      r12, 0x0
FFEC85CC* 3BFF0010  addi    r31, r31, 0x10
FFEC85D0* 8078000C  lwz     r3, 0xC(r24)
FFEC85D4* 1C9D002E  mulli   r4, r29, 0x2E
FFEC85D8* 3863000F  addi    r3, r3, 0xF
FFEC85DC* 7C632214  add     r3, r3, r4
FFEC85E0* 54790036  clrrwi  r25, r3, 4
FFEC85E4* 80BA0000  lwz     r5, 0x0(r26)
FFEC85E8* 93250092  stw     r25, 0x92(r5)
FFEC85EC* 7F23CB78  mr      r3, r25
FFEC85F0* 48000C0D  bl      sub_FFEC91FC
FFEC85F4* 60000000  nop
FFEC85F8* 80DA0000  lwz     r6, 0x0(r26)
FFEC85FC* 80C60066  lwz     r6, 0x66(r6)
FFEC8600* 9066000C  stw     r3, 0xC(r6)
FFEC8604* 38E00000  li      r7, 0x0
FFEC8608* 38600000  li      r3, 0x0
FFEC860C* 48000BF1  bl      sub_FFEC91FC
FFEC8610* 60000000  nop
FFEC8614* 907F0004  stw     r3, 0x4(r31)
FFEC8618* 7F23CB78  mr      r3, r25
FFEC861C* 48000BE1  bl      sub_FFEC91FC
FFEC8620* 60000000  nop
FFEC8624* 907F0008  stw     r3, 0x8(r31)
FFEC8628* 39000000  li      r8, 0x0
FFEC862C* 911F000C  stw     r8, 0xC(r31)
FFEC8630* 39200000  li      r9, 0x0
FFEC8634* 38600000  li      r3, 0x0
FFEC8638* 48000BC5  bl      sub_FFEC91FC
FFEC863C* 60000000  nop
FFEC8640* 907F0000  stw     r3, 0x0(r31)
FFEC8644* 39400000  li      r10, 0x0
FFEC8648* 817A0000  lwz     r11, 0x0(r26)
FFEC864C* 93EB0086  stw     r31, 0x86(r11)
FFEC8650* 1D9D002E  mulli   r12, r29, 0x2E
FFEC8654* 558CF87E  srwi    r12, r12, 1
FFEC8658* 807A0000  lwz     r3, 0x0(r26)
FFEC865C* 918300B6  stw     r12, 0xB6(r3)
FFEC8660* 809A0000  lwz     r4, 0x0(r26)
FFEC8664* 80840072  lwz     r4, 0x72(r4)
FFEC8668* 1CBD002E  mulli   r5, r29, 0x2E
FFEC866C* 7C842A14  add     r4, r4, r5
FFEC8670* 80DA0000  lwz     r6, 0x0(r26)
FFEC8674* 908600BA  stw     r4, 0xBA(r6)
FFEC8678* 80010068  lwz     r0, 0x68(r1)
FFEC867C* 38210060  addi    r1, r1, 0x60
FFEC8680* 7C0803A6  mtspr   LR, r0
FFEC8684* BB01FFE0  lmw     r24, -0x20(r1)
FFEC8688* 4E800020  blr

sub_FFEC868C:
FFEC868C? 7C0802A6  mfspr   r0, LR
FFEC8690? BFA1FFF4  stmw    r29, -0xC(r1)
FFEC8694? 90010008  stw     r0, 0x8(r1)
FFEC8698? 9421FFB0  stwu    r1, -0x50(r1)
FFEC869C? 7C7E1B78  mr      r30, r3
FFEC86A0? 9081006C  stw     r4, 0x6C(r1)
FFEC86A4? 3BE20154  addi    r31, r2, 0x154                     ; TOC[+340] &data+290
FFEC86A8? 807F0000  lwz     r3, 0x0(r31)
FFEC86AC? 806300DA  lwz     r3, 0xDA(r3)
FFEC86B0? 907E0000  stw     r3, 0x0(r30)
FFEC86B4? 38800000  li      r4, 0x0
FFEC86B8? 909E0008  stw     r4, 0x8(r30)
FFEC86BC? 80A1006C  lwz     r5, 0x6C(r1)
FFEC86C0? 28050001  cmplwi  cr0, r5, 0x1
FFEC86C4? 40820034  bne     loc_FFEC86F8
FFEC86C8? 80DF0000  lwz     r6, 0x0(r31)
FFEC86CC? 80C6005E  lwz     r6, 0x5E(r6)
FFEC86D0? 38E00017  li      r7, 0x17
FFEC86D4? 7CC63B96  divwu   r6, r6, r7
FFEC86D8? 90DE000C  stw     r6, 0xC(r30)
FFEC86DC? 811F0000  lwz     r8, 0x0(r31)
FFEC86E0? 81080016  lwz     r8, 0x16(r8)
FFEC86E4? 8068000C  lwz     r3, 0xC(r8)
FFEC86E8? 48000B15  bl      sub_FFEC91FC
FFEC86EC? 60000000  nop
FFEC86F0? 7C7D1B78  mr      r29, r3
FFEC86F4? 42800030  b       loc_FFEC8724
loc_FFEC86F8:
FFEC86F8? 813F0000  lwz     r9, 0x0(r31)
FFEC86FC? 812900B6  lwz     r9, 0xB6(r9)
FFEC8700? 39400017  li      r10, 0x17
FFEC8704? 7D295396  divwu   r9, r9, r10
FFEC8708? 913E000C  stw     r9, 0xC(r30)
FFEC870C? 817F0000  lwz     r11, 0x0(r31)
FFEC8710? 816B0066  lwz     r11, 0x66(r11)
FFEC8714? 806B000C  lwz     r3, 0xC(r11)
FFEC8718? 48000AE5  bl      sub_FFEC91FC
FFEC871C? 60000000  nop
FFEC8720? 7C7D1B78  mr      r29, r3
loc_FFEC8724:
FFEC8724? 807D0004  lwz     r3, 0x4(r29)
FFEC8728? 48000AD5  bl      sub_FFEC91FC
FFEC872C? 60000000  nop
FFEC8730? 907E0004  stw     r3, 0x4(r30)
FFEC8734? 38600000  li      r3, 0x0
FFEC8738? 80010058  lwz     r0, 0x58(r1)
FFEC873C? 38210050  addi    r1, r1, 0x50
FFEC8740? 7C0803A6  mtspr   LR, r0
FFEC8744? BBA1FFF4  lmw     r29, -0xC(r1)
FFEC8748? 4E800020  blr

sub_FFEC874C:
FFEC874C? 7C0802A6  mfspr   r0, LR
FFEC8750? BE01FFC0  stmw    r16, -0x40(r1)
FFEC8754? 90010008  stw     r0, 0x8(r1)
FFEC8758? 9421FF80  stwu    r1, -0x80(r1)
FFEC875C? 7C791B78  mr      r25, r3
FFEC8760? 3BA20154  addi    r29, r2, 0x154                     ; TOC[+340] &data+290
FFEC8764? 83190000  lwz     r24, 0x0(r25)
FFEC8768? 807D0000  lwz     r3, 0x0(r29)
FFEC876C? 806300DA  lwz     r3, 0xDA(r3)
FFEC8770? 90790010  stw     r3, 0x10(r25)
FFEC8774? 80990004  lwz     r4, 0x4(r25)
FFEC8778? 80BD0000  lwz     r5, 0x0(r29)
FFEC877C? 88A500ED  lbz     r5, 0xED(r5)
FFEC8780? 38A50001  addi    r5, r5, 0x1
FFEC8784? 7C842830  slw     r4, r4, r5
FFEC8788? 7F182214  add     r24, r24, r4
FFEC878C? 80DD0000  lwz     r6, 0x0(r29)
FFEC8790? 80C60022  lwz     r6, 0x22(r6)
FFEC8794? 7C183040  cmplw   r24, r6
FFEC8798? 40800014  bge     loc_FFEC87AC
FFEC879C? 80FD0000  lwz     r7, 0x0(r29)
FFEC87A0? 80E7005E  lwz     r7, 0x5E(r7)
FFEC87A4? 54E7083C  slwi    r7, r7, 1
FFEC87A8? 7F183A14  add     r24, r24, r7
loc_FFEC87AC:
FFEC87AC? 811D0000  lwz     r8, 0x0(r29)
FFEC87B0? 81080062  lwz     r8, 0x62(r8)
FFEC87B4? 7C184040  cmplw   r24, r8
FFEC87B8? 40810014  ble     loc_FFEC87CC
FFEC87BC? 813D0000  lwz     r9, 0x0(r29)
FFEC87C0? 8129005E  lwz     r9, 0x5E(r9)
FFEC87C4? 5529083C  slwi    r9, r9, 1
FFEC87C8? 7F09C050  subf    r24, r9, r24
loc_FFEC87CC:
FFEC87CC? 8159000C  lwz     r10, 0xC(r25)
FFEC87D0? 817D0000  lwz     r11, 0x0(r29)
FFEC87D4? 896B00ED  lbz     r11, 0xED(r11)
FFEC87D8? 396B0001  addi    r11, r11, 0x1
FFEC87DC? 7D545830  slw     r20, r10, r11
FFEC87E0? 568C043E  clrlwi  r12, r20, 16
FFEC87E4? 7E586214  add     r18, r24, r12
FFEC87E8? 807D0000  lwz     r3, 0x0(r29)
FFEC87EC? 80630062  lwz     r3, 0x62(r3)
FFEC87F0? 7C121840  cmplw   r18, r3
FFEC87F4? 40800078  bge     loc_FFEC886C
FFEC87F8? 809D0000  lwz     r4, 0x0(r29)
FFEC87FC? 888400ED  lbz     r4, 0xED(r4)
FFEC8800? 2C040001  cmpwi   cr0, r4, 0x1
FFEC8804? 4082001C  bne     loc_FFEC8820
FFEC8808? 7F03C378  mr      r3, r24
FFEC880C? 80990008  lwz     r4, 0x8(r25)
FFEC8810? 5685043E  clrlwi  r5, r20, 16
FFEC8814? 480011B9  bl      glue_BlockMove
FFEC8818? 80410014  lwz     r2, 0x14(r1)
FFEC881C? 42800150  b       loc_FFEC896C
loc_FFEC8820:
FFEC8820? 7F1CC378  mr      r28, r24
FFEC8824? 82B90008  lwz     r21, 0x8(r25)
FFEC8828? 80BD0000  lwz     r5, 0x0(r29)
FFEC882C? 88A500ED  lbz     r5, 0xED(r5)
FFEC8830? 3AC5FFFF  addi    r22, r5, -0x1
FFEC8834? 5686043E  clrlwi  r6, r20, 16
FFEC8838? 7CD71670  srawi   r23, r6, 0x2
FFEC883C? 4280001C  b       loc_FFEC8858
loc_FFEC8840:
FFEC8840? 80FC0000  lwz     r7, 0x0(r28)
FFEC8844? 7EA8AB78  mr      r8, r21
FFEC8848? 3AB50004  addi    r21, r21, 0x4
FFEC884C? 90E80000  stw     r7, 0x0(r8)
FFEC8850? 56C9103A  slwi    r9, r22, 2
FFEC8854? 7F9C4A14  add     r28, r28, r9
loc_FFEC8858:
FFEC8858? 7EEABB78  mr      r10, r23
FFEC885C? 3AF7FFFF  addi    r23, r23, -0x1
FFEC8860? 280A0000  cmplwi  cr0, r10, 0x0
FFEC8864? 4082FFDC  bne     loc_FFEC8840
FFEC8868? 42800104  b       loc_FFEC896C
loc_FFEC886C:
FFEC886C? 817D0000  lwz     r11, 0x0(r29)
FFEC8870? 816B0062  lwz     r11, 0x62(r11)
FFEC8874? 7E785850  subf    r19, r24, r11
FFEC8878? 819D0000  lwz     r12, 0x0(r29)
FFEC887C? 824C0022  lwz     r18, 0x22(r12)
FFEC8880? 807D0000  lwz     r3, 0x0(r29)
FFEC8884? 886300ED  lbz     r3, 0xED(r3)
FFEC8888? 2C030001  cmpwi   cr0, r3, 0x1
FFEC888C? 40820044  bne     loc_FFEC88D0
FFEC8890? 7F03C378  mr      r3, r24
FFEC8894? 80990008  lwz     r4, 0x8(r25)
FFEC8898? 7E650734  extsh   r5, r19
FFEC889C? 48001131  bl      glue_BlockMove
FFEC88A0? 80410014  lwz     r2, 0x14(r1)
FFEC88A4? 7E439378  mr      r3, r18
FFEC88A8? 80B90008  lwz     r5, 0x8(r25)
FFEC88AC? 7E660734  extsh   r6, r19
FFEC88B0? 54C6103A  slwi    r6, r6, 2
FFEC88B4? 7C853214  add     r4, r5, r6
FFEC88B8? 7E670734  extsh   r7, r19
FFEC88BC? 5688043E  clrlwi  r8, r20, 16
FFEC88C0? 7CA74050  subf    r5, r7, r8
FFEC88C4? 48001109  bl      glue_BlockMove
FFEC88C8? 80410014  lwz     r2, 0x14(r1)
FFEC88CC? 42800090  b       loc_FFEC895C
loc_FFEC88D0:
FFEC88D0? 7F1FC378  mr      r31, r24
FFEC88D4? 83590008  lwz     r26, 0x8(r25)
FFEC88D8? 813D0000  lwz     r9, 0x0(r29)
FFEC88DC? 892900ED  lbz     r9, 0xED(r9)
FFEC88E0? 3B69FFFF  addi    r27, r9, -0x1
FFEC88E4? 7E6A0734  extsh   r10, r19
FFEC88E8? 7D5E1670  srawi   r30, r10, 0x2
FFEC88EC? 4280001C  b       loc_FFEC8908
loc_FFEC88F0:
FFEC88F0? 817F0000  lwz     r11, 0x0(r31)
FFEC88F4? 7F4CD378  mr      r12, r26
FFEC88F8? 3B5A0004  addi    r26, r26, 0x4
FFEC88FC? 916C0000  stw     r11, 0x0(r12)
FFEC8900? 5763103A  slwi    r3, r27, 2
FFEC8904? 7FFF1A14  add     r31, r31, r3
loc_FFEC8908:
FFEC8908? 7FC4F378  mr      r4, r30
FFEC890C? 3BDEFFFF  addi    r30, r30, -0x1
FFEC8910? 28040000  cmplwi  cr0, r4, 0x0
FFEC8914? 4082FFDC  bne     loc_FFEC88F0
FFEC8918? 80BD0000  lwz     r5, 0x0(r29)
FFEC891C? 83E50022  lwz     r31, 0x22(r5)
FFEC8920? 7E660734  extsh   r6, r19
FFEC8924? 5687043E  clrlwi  r7, r20, 16
FFEC8928? 7CC63850  subf    r6, r6, r7
FFEC892C? 7CDE1670  srawi   r30, r6, 0x2
FFEC8930? 4280001C  b       loc_FFEC894C
loc_FFEC8934:
FFEC8934? 811F0000  lwz     r8, 0x0(r31)
FFEC8938? 7F49D378  mr      r9, r26
FFEC893C? 3B5A0004  addi    r26, r26, 0x4
FFEC8940? 91090000  stw     r8, 0x0(r9)
FFEC8944? 576A103A  slwi    r10, r27, 2
FFEC8948? 7FFF5214  add     r31, r31, r10
loc_FFEC894C:
FFEC894C? 7FCBF378  mr      r11, r30
FFEC8950? 3BDEFFFF  addi    r30, r30, -0x1
FFEC8954? 280B0000  cmplwi  cr0, r11, 0x0
FFEC8958? 4082FFDC  bne     loc_FFEC8934
loc_FFEC895C:
FFEC895C? 7E6C0734  extsh   r12, r19
FFEC8960? 5683043E  clrlwi  r3, r20, 16
FFEC8964? 7D8C1850  subf    r12, r12, r3
FFEC8968? 7E526214  add     r18, r18, r12
loc_FFEC896C:
FFEC896C? 92590014  stw     r18, 0x14(r25)
FFEC8970? 809D0000  lwz     r4, 0x0(r29)
FFEC8974? 80840016  lwz     r4, 0x16(r4)
FFEC8978? 8064000C  lwz     r3, 0xC(r4)
FFEC897C? 48000881  bl      sub_FFEC91FC
FFEC8980? 60000000  nop
FFEC8984? 7C711B78  mr      r17, r3
FFEC8988? 80710004  lwz     r3, 0x4(r17)
FFEC898C? 48000871  bl      sub_FFEC91FC
FFEC8990? 60000000  nop
FFEC8994? 7C701B78  mr      r16, r3
FFEC8998? 80B90014  lwz     r5, 0x14(r25)
FFEC899C? 7CA58050  subf    r5, r5, r16
FFEC89A0? 90B90018  stw     r5, 0x18(r25)
FFEC89A4? 80D90018  lwz     r6, 0x18(r25)
FFEC89A8? 2C060000  cmpwi   cr0, r6, 0x0
FFEC89AC? 4080001C  bge     loc_FFEC89C8
FFEC89B0? 80FD0000  lwz     r7, 0x0(r29)
FFEC89B4? 80E7005E  lwz     r7, 0x5E(r7)
FFEC89B8? 54E7083C  slwi    r7, r7, 1
FFEC89BC? 81190018  lwz     r8, 0x18(r25)
FFEC89C0? 7D083A14  add     r8, r8, r7
FFEC89C4? 91190018  stw     r8, 0x18(r25)
loc_FFEC89C8:
FFEC89C8? 81390018  lwz     r9, 0x18(r25)
FFEC89CC? 7D291670  srawi   r9, r9, 0x2
FFEC89D0? 91390018  stw     r9, 0x18(r25)
FFEC89D4? 38600000  li      r3, 0x0
FFEC89D8? 80010088  lwz     r0, 0x88(r1)
FFEC89DC? 38210080  addi    r1, r1, 0x80
FFEC89E0? 7C0803A6  mtspr   LR, r0
FFEC89E4? BA01FFC0  lmw     r16, -0x40(r1)
FFEC89E8? 4E800020  blr

sub_FFEC89EC:
FFEC89EC? 7C0802A6  mfspr   r0, LR
FFEC89F0? BEA1FFD4  stmw    r21, -0x2C(r1)
FFEC89F4? 90010008  stw     r0, 0x8(r1)
FFEC89F8? 9421FF90  stwu    r1, -0x70(r1)
FFEC89FC? 7C791B78  mr      r25, r3
FFEC8A00? 3B620154  addi    r27, r2, 0x154                     ; TOC[+340] &data+290
FFEC8A04? 83190000  lwz     r24, 0x0(r25)
FFEC8A08? 80790004  lwz     r3, 0x4(r25)
FFEC8A0C? 809B0000  lwz     r4, 0x0(r27)
FFEC8A10? 888400EC  lbz     r4, 0xEC(r4)
FFEC8A14? 38840001  addi    r4, r4, 0x1
FFEC8A18? 7C632030  slw     r3, r3, r4
FFEC8A1C? 7F181A14  add     r24, r24, r3
FFEC8A20? 80BB0000  lwz     r5, 0x0(r27)
FFEC8A24? 80A50072  lwz     r5, 0x72(r5)
FFEC8A28? 7C182840  cmplw   r24, r5
FFEC8A2C? 40800014  bge     loc_FFEC8A40
FFEC8A30? 80DB0000  lwz     r6, 0x0(r27)
FFEC8A34? 80C600B6  lwz     r6, 0xB6(r6)
FFEC8A38? 54C6083C  slwi    r6, r6, 1
FFEC8A3C? 7F183214  add     r24, r24, r6
loc_FFEC8A40:
FFEC8A40? 80FB0000  lwz     r7, 0x0(r27)
FFEC8A44? 80E700BA  lwz     r7, 0xBA(r7)
FFEC8A48? 7C183840  cmplw   r24, r7
FFEC8A4C? 40810014  ble     loc_FFEC8A60
FFEC8A50? 811B0000  lwz     r8, 0x0(r27)
FFEC8A54? 810800B6  lwz     r8, 0xB6(r8)
FFEC8A58? 5508083C  slwi    r8, r8, 1
FFEC8A5C? 7F08C050  subf    r24, r8, r24
loc_FFEC8A60:
FFEC8A60? 813B0000  lwz     r9, 0x0(r27)
FFEC8A64? 812900DA  lwz     r9, 0xDA(r9)
FFEC8A68? 91390010  stw     r9, 0x10(r25)
FFEC8A6C? 7F1FC378  mr      r31, r24
FFEC8A70? 83D90008  lwz     r30, 0x8(r25)
FFEC8A74? 8159000C  lwz     r10, 0xC(r25)
FFEC8A78? 817B0000  lwz     r11, 0x0(r27)
FFEC8A7C? 896B00EC  lbz     r11, 0xEC(r11)
FFEC8A80? 396B0001  addi    r11, r11, 0x1
FFEC8A84? 7D575830  slw     r23, r10, r11
FFEC8A88? 819B0000  lwz     r12, 0x0(r27)
FFEC8A8C? 898C00EC  lbz     r12, 0xEC(r12)
FFEC8A90? 398CFFFF  addi    r12, r12, -0x1
FFEC8A94? 559C083C  slwi    r28, r12, 1
FFEC8A98? 56E3043E  clrlwi  r3, r23, 16
FFEC8A9C? 7EDF1A14  add     r22, r31, r3
FFEC8AA0? 809B0000  lwz     r4, 0x0(r27)
FFEC8AA4? 808400BA  lwz     r4, 0xBA(r4)
FFEC8AA8? 7C162040  cmplw   r22, r4
FFEC8AAC? 4080006C  bge     loc_FFEC8B18
FFEC8AB0? 83B9000C  lwz     r29, 0xC(r25)
FFEC8AB4? 42800050  b       loc_FFEC8B04
loc_FFEC8AB8:
FFEC8AB8? A8BF0000  lha     r5, 0x0(r31)
FFEC8ABC? 7FC6F378  mr      r6, r30
FFEC8AC0? 3BDE0002  addi    r30, r30, 0x2
FFEC8AC4? A8C60000  lha     r6, 0x0(r6)
FFEC8AC8? 7CA53214  add     r5, r5, r6
FFEC8ACC? 7FE7FB78  mr      r7, r31
FFEC8AD0? 3BFF0002  addi    r31, r31, 0x2
FFEC8AD4? B0A70000  sth     r5, 0x0(r7)
FFEC8AD8? A91F0000  lha     r8, 0x0(r31)
FFEC8ADC? 7FC9F378  mr      r9, r30
FFEC8AE0? 3BDE0002  addi    r30, r30, 0x2
FFEC8AE4? A9290000  lha     r9, 0x0(r9)
FFEC8AE8? 7D084A14  add     r8, r8, r9
FFEC8AEC? 7FEAFB78  mr      r10, r31
FFEC8AF0? 3BFF0002  addi    r31, r31, 0x2
FFEC8AF4? B10A0000  sth     r8, 0x0(r10)
FFEC8AF8? 578B043E  clrlwi  r11, r28, 16
FFEC8AFC? 556B083C  slwi    r11, r11, 1
FFEC8B00? 7FFF5A14  add     r31, r31, r11
loc_FFEC8B04:
FFEC8B04? 7FACEB78  mr      r12, r29
FFEC8B08? 3BBDFFFF  addi    r29, r29, -0x1
FFEC8B0C? 558C043F  clrlwi. r12, r12, 16
FFEC8B10? 4082FFA8  bne     loc_FFEC8AB8
FFEC8B14? 42800104  b       loc_FFEC8C18
loc_FFEC8B18:
FFEC8B18? 807B0000  lwz     r3, 0x0(r27)
FFEC8B1C? 806300BA  lwz     r3, 0xBA(r3)
FFEC8B20? 7F5F1850  subf    r26, r31, r3
FFEC8B24? 5744043E  clrlwi  r4, r26, 16
FFEC8B28? 80BB0000  lwz     r5, 0x0(r27)
FFEC8B2C? 88A500EC  lbz     r5, 0xEC(r5)
FFEC8B30? 38A50001  addi    r5, r5, 0x1
FFEC8B34? 7C9A2E30  sraw    r26, r4, r5
FFEC8B38? 7F5DD378  mr      r29, r26
FFEC8B3C? 42800050  b       loc_FFEC8B8C
loc_FFEC8B40:
FFEC8B40? A8DF0000  lha     r6, 0x0(r31)
FFEC8B44? 7FC7F378  mr      r7, r30
FFEC8B48? 3BDE0002  addi    r30, r30, 0x2
FFEC8B4C? A8E70000  lha     r7, 0x0(r7)
FFEC8B50? 7CC63A14  add     r6, r6, r7
FFEC8B54? 7FE8FB78  mr      r8, r31
FFEC8B58? 3BFF0002  addi    r31, r31, 0x2
FFEC8B5C? B0C80000  sth     r6, 0x0(r8)
FFEC8B60? A93F0000  lha     r9, 0x0(r31)
FFEC8B64? 7FCAF378  mr      r10, r30
FFEC8B68? 3BDE0002  addi    r30, r30, 0x2
FFEC8B6C? A94A0000  lha     r10, 0x0(r10)
FFEC8B70? 7D295214  add     r9, r9, r10
FFEC8B74? 7FEBFB78  mr      r11, r31
FFEC8B78? 3BFF0002  addi    r31, r31, 0x2
FFEC8B7C? B12B0000  sth     r9, 0x0(r11)
FFEC8B80? 578C043E  clrlwi  r12, r28, 16
FFEC8B84? 558C083C  slwi    r12, r12, 1
FFEC8B88? 7FFF6214  add     r31, r31, r12
loc_FFEC8B8C:
FFEC8B8C? 7FA3EB78  mr      r3, r29
FFEC8B90? 3BBDFFFF  addi    r29, r29, -0x1
FFEC8B94? 5463043F  clrlwi. r3, r3, 16
FFEC8B98? 4082FFA8  bne     loc_FFEC8B40
FFEC8B9C? 809B0000  lwz     r4, 0x0(r27)
FFEC8BA0? 83E40072  lwz     r31, 0x72(r4)
FFEC8BA4? 5745043E  clrlwi  r5, r26, 16
FFEC8BA8? 80D9000C  lwz     r6, 0xC(r25)
FFEC8BAC? 7F453050  subf    r26, r5, r6
FFEC8BB0? 3BA00000  li      r29, 0x0
FFEC8BB4? 42800054  b       loc_FFEC8C08
loc_FFEC8BB8:
FFEC8BB8? A8FF0000  lha     r7, 0x0(r31)
FFEC8BBC? 7FC8F378  mr      r8, r30
FFEC8BC0? 3BDE0002  addi    r30, r30, 0x2
FFEC8BC4? A9080000  lha     r8, 0x0(r8)
FFEC8BC8? 7CE74214  add     r7, r7, r8
FFEC8BCC? 7FE9FB78  mr      r9, r31
FFEC8BD0? 3BFF0002  addi    r31, r31, 0x2
FFEC8BD4? B0E90000  sth     r7, 0x0(r9)
FFEC8BD8? A95F0000  lha     r10, 0x0(r31)
FFEC8BDC? 7FCBF378  mr      r11, r30
FFEC8BE0? 3BDE0002  addi    r30, r30, 0x2
FFEC8BE4? A96B0000  lha     r11, 0x0(r11)
FFEC8BE8? 7D4A5A14  add     r10, r10, r11
FFEC8BEC? 7FECFB78  mr      r12, r31
FFEC8BF0? 3BFF0002  addi    r31, r31, 0x2
FFEC8BF4? B14C0000  sth     r10, 0x0(r12)
FFEC8BF8? 5783043E  clrlwi  r3, r28, 16
FFEC8BFC? 5463083C  slwi    r3, r3, 1
FFEC8C00? 7FFF1A14  add     r31, r31, r3
FFEC8C04? 3BBD0001  addi    r29, r29, 0x1
loc_FFEC8C08:
FFEC8C08? 57A4043E  clrlwi  r4, r29, 16
FFEC8C0C? 5745043E  clrlwi  r5, r26, 16
FFEC8C10? 7C042800  cmpw    r4, r5
FFEC8C14? 4180FFA4  blt     loc_FFEC8BB8
loc_FFEC8C18:
FFEC8C18? 93F90014  stw     r31, 0x14(r25)
FFEC8C1C? 80DB0000  lwz     r6, 0x0(r27)
FFEC8C20? 80C60066  lwz     r6, 0x66(r6)
FFEC8C24? 8066000C  lwz     r3, 0xC(r6)
FFEC8C28? 480005D5  bl      sub_FFEC91FC
FFEC8C2C? 60000000  nop
FFEC8C30? 7C751B78  mr      r21, r3
FFEC8C34? 80750004  lwz     r3, 0x4(r21)
FFEC8C38? 480005C5  bl      sub_FFEC91FC
FFEC8C3C? 60000000  nop
FFEC8C40? 7C63F850  subf    r3, r3, r31
FFEC8C44? 90790018  stw     r3, 0x18(r25)
FFEC8C48? 80F90018  lwz     r7, 0x18(r25)
FFEC8C4C? 2C070000  cmpwi   cr0, r7, 0x0
FFEC8C50? 4080001C  bge     loc_FFEC8C6C
FFEC8C54? 811B0000  lwz     r8, 0x0(r27)
FFEC8C58? 810800B6  lwz     r8, 0xB6(r8)
FFEC8C5C? 5508083C  slwi    r8, r8, 1
FFEC8C60? 81390018  lwz     r9, 0x18(r25)
FFEC8C64? 7D294214  add     r9, r9, r8
FFEC8C68? 91390018  stw     r9, 0x18(r25)
loc_FFEC8C6C:
FFEC8C6C? 81590018  lwz     r10, 0x18(r25)
FFEC8C70? 7D4A1670  srawi   r10, r10, 0x2
FFEC8C74? 91590018  stw     r10, 0x18(r25)
FFEC8C78? 38600000  li      r3, 0x0
FFEC8C7C? 80010078  lwz     r0, 0x78(r1)
FFEC8C80? 38210070  addi    r1, r1, 0x70
FFEC8C84? 7C0803A6  mtspr   LR, r0
FFEC8C88? BAA1FFD4  lmw     r21, -0x2C(r1)
FFEC8C8C? 4E800020  blr

__init:
FFEC8C90* 38600000  li      r3, 0x0
FFEC8C94* 4E800020  blr

__main:
FFEC8C98* 7C0802A6  mfspr   r0, LR
FFEC8C9C* 90010008  stw     r0, 0x8(r1)
FFEC8CA0* 9421FFC0  stwu    r1, -0x40(r1)
FFEC8CA4* 90610058  stw     r3, 0x58(r1)
FFEC8CA8* 9081005C  stw     r4, 0x5C(r1)
FFEC8CAC* 90A10060  stw     r5, 0x60(r1)
FFEC8CB0* 90C10064  stw     r6, 0x64(r1)
FFEC8CB4* 90E10068  stw     r7, 0x68(r1)
FFEC8CB8* 80610058  lwz     r3, 0x58(r1)
FFEC8CBC* 8081005C  lwz     r4, 0x5C(r1)
FFEC8CC0* 80A10060  lwz     r5, 0x60(r1)
FFEC8CC4* 80C10064  lwz     r6, 0x64(r1)
FFEC8CC8* 80E10068  lwz     r7, 0x68(r1)
FFEC8CCC* 48000419  bl      sub_FFEC90E4
FFEC8CD0* 60000000  nop
FFEC8CD4* 80010048  lwz     r0, 0x48(r1)
FFEC8CD8* 38210040  addi    r1, r1, 0x40
FFEC8CDC* 7C0803A6  mtspr   LR, r0
FFEC8CE0* 4E800020  blr

__term:
FFEC8CE4  38600000  li      r3, 0x0
FFEC8CE8  4E800020  blr

sub_FFEC8CEC:
FFEC8CEC* 7C0802A6  mfspr   r0, LR
FFEC8CF0* BFA1FFF4  stmw    r29, -0xC(r1)
FFEC8CF4* 90010008  stw     r0, 0x8(r1)
FFEC8CF8* 9421FFB0  stwu    r1, -0x50(r1)
FFEC8CFC* 90610068  stw     r3, 0x68(r1)
FFEC8D00* 38620154  addi    r3, r2, 0x154                      ; TOC[+340] &data+290
FFEC8D04* 83C30000  lwz     r30, 0x0(r3)
FFEC8D08* 3BE00000  li      r31, 0x0
FFEC8D0C* 42800018  b       loc_FFEC8D24
loc_FFEC8D10:
FFEC8D10* 38800000  li      r4, 0x0
FFEC8D14* 7FC5F378  mr      r5, r30
FFEC8D18* 3BDE0001  addi    r30, r30, 0x1
FFEC8D1C* 98850000  stb     r4, 0x0(r5)
FFEC8D20* 3BFF0001  addi    r31, r31, 0x1
loc_FFEC8D24:
FFEC8D24* 7FE60734  extsh   r6, r31
FFEC8D28* 280600EE  cmplwi  cr0, r6, 0xEE
FFEC8D2C* 4180FFE4  blt     loc_FFEC8D10
FFEC8D30* 80E10068  lwz     r7, 0x68(r1)
FFEC8D34* A8E70000  lha     r7, 0x0(r7)
FFEC8D38* 39020154  addi    r8, r2, 0x154                      ; TOC[+340] &data+290
FFEC8D3C* 81080000  lwz     r8, 0x0(r8)
FFEC8D40* B0E80010  sth     r7, 0x10(r8)
FFEC8D44* 4BFFEA11  bl      sub_FFEC7754
FFEC8D48* 60000000  nop
FFEC8D4C* 7C7D1B78  mr      r29, r3
FFEC8D50* 7FA90735  extsh.  r9, r29
FFEC8D54* 4182000C  beq     loc_FFEC8D60
FFEC8D58  7FA3EB78  mr      r3, r29
FFEC8D5C  42800030  b       loc_FFEC8D8C
loc_FFEC8D60:
FFEC8D60* 4BFFDB71  bl      sub_FFEC68D0
FFEC8D64* 60000000  nop
FFEC8D68* 7C7D1B78  mr      r29, r3
FFEC8D6C* 7FAA0735  extsh.  r10, r29
FFEC8D70* 4182000C  beq     loc_FFEC8D7C
FFEC8D74  7FA3EB78  mr      r3, r29
FFEC8D78  42800014  b       loc_FFEC8D8C
loc_FFEC8D7C:
FFEC8D7C* 4BFFE1D1  bl      sub_FFEC6F4C
FFEC8D80* 60000000  nop
FFEC8D84* 7C7D1B78  mr      r29, r3
FFEC8D88* 7FA3EB78  mr      r3, r29
loc_FFEC8D8C:
FFEC8D8C* 80010058  lwz     r0, 0x58(r1)
FFEC8D90* 38210050  addi    r1, r1, 0x50
FFEC8D94* 7C0803A6  mtspr   LR, r0
FFEC8D98* BBA1FFF4  lmw     r29, -0xC(r1)
FFEC8D9C* 4E800020  blr

sub_FFEC8DA0:
FFEC8DA0* 7C0802A6  mfspr   r0, LR
FFEC8DA4* BFC1FFF8  stmw    r30, -0x8(r1)
FFEC8DA8* 90010008  stw     r0, 0x8(r1)
FFEC8DAC* 9421FFC0  stwu    r1, -0x40(r1)
FFEC8DB0* 7C7F1B78  mr      r31, r3
FFEC8DB4* A87F001A  lha     r3, 0x1A(r31)
FFEC8DB8* 2C030002  cmpwi   cr0, r3, 0x2
FFEC8DBC* 41820024  beq     loc_FFEC8DE0
FFEC8DC0* 40800018  bge     loc_FFEC8DD8
FFEC8DC4  2C030001  cmpwi   cr0, r3, 0x1
FFEC8DC8  40800008  bge     loc_FFEC8DD0
FFEC8DCC  4280000C  b       loc_FFEC8DD8
loc_FFEC8DD0:
FFEC8DD0  3860FFEF  li      r3, -0x11
FFEC8DD4  42800188  b       loc_FFEC8F5C
loc_FFEC8DD8:
FFEC8DD8* 3860FFEF  li      r3, -0x11
FFEC8DDC* 42800180  b       loc_FFEC8F5C
loc_FFEC8DE0:
FFEC8DE0  83DF001C  lwz     r30, 0x1C(r31)
FFEC8DE4  281E0015  cmplwi  cr0, r30, 0x15
FFEC8DE8  41810170  bgt     loc_FFEC8F58
FFEC8DEC  388201D8  addi    r4, r2, 0x1D8                      ; TOC[+472] &code+3098
FFEC8DF0  57C5103A  slwi    r5, r30, 2
FFEC8DF4  7C84282E  lwzx    r4, r4, r5
FFEC8DF8  7C8903A6  mtspr   CTR, r4
FFEC8DFC  4E800420  bctr
FFEC8E00? 807F0020  lwz     r3, 0x20(r31)
FFEC8E04? 4BFFDDFD  bl      sub_FFEC6C00
FFEC8E08? 60000000  nop
FFEC8E0C? 42800150  b       loc_FFEC8F5C
FFEC8E10? 807F0020  lwz     r3, 0x20(r31)
FFEC8E14? 4BFFDE61  bl      sub_FFEC6C74
FFEC8E18? 60000000  nop
FFEC8E1C? 42800140  b       loc_FFEC8F5C
FFEC8E20? 807F0020  lwz     r3, 0x20(r31)
FFEC8E24? 4BFFE0C9  bl      sub_FFEC6EEC
FFEC8E28? 60000000  nop
FFEC8E2C? 42800130  b       loc_FFEC8F5C
FFEC8E30? 807F0020  lwz     r3, 0x20(r31)
FFEC8E34? 809F0024  lwz     r4, 0x24(r31)
FFEC8E38? 80BF0028  lwz     r5, 0x28(r31)
FFEC8E3C? 4BFFE161  bl      sub_FFEC6F9C
FFEC8E40? 60000000  nop
FFEC8E44? 42800118  b       loc_FFEC8F5C
FFEC8E48? 807F0020  lwz     r3, 0x20(r31)
FFEC8E4C? 809F0024  lwz     r4, 0x24(r31)
FFEC8E50? 4BFFE259  bl      sub_FFEC70A8
FFEC8E54? 60000000  nop
FFEC8E58? 42800104  b       loc_FFEC8F5C
FFEC8E5C? 4BFFE309  bl      sub_FFEC7164
FFEC8E60? 60000000  nop
FFEC8E64? 428000F8  b       loc_FFEC8F5C
FFEC8E68? 807F0020  lwz     r3, 0x20(r31)
FFEC8E6C? 4BFFE535  bl      sub_FFEC73A0
FFEC8E70? 60000000  nop
FFEC8E74? 428000E8  b       loc_FFEC8F5C
FFEC8E78? 807F0020  lwz     r3, 0x20(r31)
FFEC8E7C? 4BFFF8D1  bl      sub_FFEC874C
FFEC8E80? 60000000  nop
FFEC8E84? 428000D8  b       loc_FFEC8F5C
FFEC8E88? 807F0020  lwz     r3, 0x20(r31)
FFEC8E8C? 4BFFFB61  bl      sub_FFEC89EC
FFEC8E90? 60000000  nop
FFEC8E94? 428000C8  b       loc_FFEC8F5C
FFEC8E98? 807F0020  lwz     r3, 0x20(r31)
FFEC8E9C? 809F0024  lwz     r4, 0x24(r31)
FFEC8EA0? 4BFFD021  bl      sub_FFEC5EC0
FFEC8EA4? 60000000  nop
FFEC8EA8? 428000B4  b       loc_FFEC8F5C
FFEC8EAC? 807F0020  lwz     r3, 0x20(r31)
FFEC8EB0? 809F0024  lwz     r4, 0x24(r31)
FFEC8EB4? 4BFFD139  bl      sub_FFEC5FEC
FFEC8EB8? 60000000  nop
FFEC8EBC? 428000A0  b       loc_FFEC8F5C
FFEC8EC0? 807F0020  lwz     r3, 0x20(r31)
FFEC8EC4? 809F0024  lwz     r4, 0x24(r31)
FFEC8EC8? 80BF0028  lwz     r5, 0x28(r31)
FFEC8ECC? 4BFFD1BD  bl      sub_FFEC6088
FFEC8ED0? 60000000  nop
FFEC8ED4? 42800088  b       loc_FFEC8F5C
FFEC8ED8? 807F0020  lwz     r3, 0x20(r31)
FFEC8EDC? 809F0024  lwz     r4, 0x24(r31)
FFEC8EE0? 4BFFD291  bl      sub_FFEC6170
FFEC8EE4? 60000000  nop
FFEC8EE8? 42800074  b       loc_FFEC8F5C
FFEC8EEC? 807F0020  lwz     r3, 0x20(r31)
FFEC8EF0? 809F0024  lwz     r4, 0x24(r31)
FFEC8EF4? 80BF0028  lwz     r5, 0x28(r31)
FFEC8EF8? 4BFFD34D  bl      sub_FFEC6244
FFEC8EFC? 60000000  nop
FFEC8F00? 4280005C  b       loc_FFEC8F5C
FFEC8F04? 807F0020  lwz     r3, 0x20(r31)
FFEC8F08? 4BFFD3C5  bl      sub_FFEC62CC
FFEC8F0C? 60000000  nop
FFEC8F10? 4280004C  b       loc_FFEC8F5C
FFEC8F14? 807F0020  lwz     r3, 0x20(r31)
FFEC8F18? 4BFFD4DD  bl      sub_FFEC63F4
FFEC8F1C? 60000000  nop
FFEC8F20? 4280003C  b       loc_FFEC8F5C
FFEC8F24? 807F0020  lwz     r3, 0x20(r31)
FFEC8F28? 4BFFD4D5  bl      sub_FFEC63FC
FFEC8F2C? 60000000  nop
FFEC8F30? 4280002C  b       loc_FFEC8F5C
FFEC8F34? 807F0020  lwz     r3, 0x20(r31)
FFEC8F38? 809F0024  lwz     r4, 0x24(r31)
FFEC8F3C? 4BFFD4C9  bl      sub_FFEC6404
FFEC8F40? 60000000  nop
FFEC8F44? 42800018  b       loc_FFEC8F5C
FFEC8F48? 807F0020  lwz     r3, 0x20(r31)
FFEC8F4C? 4BFFD561  bl      sub_FFEC64AC
FFEC8F50? 60000000  nop
FFEC8F54? 42800008  b       loc_FFEC8F5C
loc_FFEC8F58:
FFEC8F58  3860FFFF  li      r3, -0x1
loc_FFEC8F5C:
FFEC8F5C* 80010048  lwz     r0, 0x48(r1)
FFEC8F60* 38210040  addi    r1, r1, 0x40
FFEC8F64* 7C0803A6  mtspr   LR, r0
FFEC8F68* BBC1FFF8  lmw     r30, -0x8(r1)
FFEC8F6C* 4E800020  blr

sub_FFEC8F70:
FFEC8F70  7C0802A6  mfspr   r0, LR
FFEC8F74  93E1FFFC  stw     r31, -0x4(r1)
FFEC8F78  90010008  stw     r0, 0x8(r1)
FFEC8F7C  9421FFC0  stwu    r1, -0x40(r1)
FFEC8F80  7C7F1B78  mr      r31, r3
FFEC8F84  807F001C  lwz     r3, 0x1C(r31)
FFEC8F88  28030017  cmplwi  cr0, r3, 0x17
FFEC8F8C  41810140  bgt     loc_FFEC90CC
FFEC8F90  38820230  addi    r4, r2, 0x230                      ; TOC[+560] &code+320C
FFEC8F94  5463103A  slwi    r3, r3, 2
FFEC8F98  7C84182E  lwzx    r4, r4, r3
FFEC8F9C  7C8903A6  mtspr   CTR, r4
FFEC8FA0  4E800420  bctr
FFEC8FA4? 387F0020  addi    r3, r31, 0x20
FFEC8FA8? 4BFFDF5D  bl      sub_FFEC6F04
FFEC8FAC? 60000000  nop
FFEC8FB0? 42800120  b       loc_FFEC90D0
FFEC8FB4? 387F0020  addi    r3, r31, 0x20
FFEC8FB8? 4BFFDF65  bl      sub_FFEC6F1C
FFEC8FBC? 60000000  nop
FFEC8FC0? 42800110  b       loc_FFEC90D0
FFEC8FC4? 387F0020  addi    r3, r31, 0x20
FFEC8FC8? 4BFFDF6D  bl      sub_FFEC6F34
FFEC8FCC? 60000000  nop
FFEC8FD0? 42800100  b       loc_FFEC90D0
FFEC8FD4? 387F0020  addi    r3, r31, 0x20
FFEC8FD8? 4BFFE691  bl      sub_FFEC7668
FFEC8FDC? 60000000  nop
FFEC8FE0? 428000F0  b       loc_FFEC90D0
FFEC8FE4? 387F0020  addi    r3, r31, 0x20
FFEC8FE8? 809F0024  lwz     r4, 0x24(r31)
FFEC8FEC? 4BFFE72D  bl      sub_FFEC7718
FFEC8FF0? 60000000  nop
FFEC8FF4? 428000DC  b       loc_FFEC90D0
FFEC8FF8? 807F0020  lwz     r3, 0x20(r31)
FFEC8FFC? 809F0024  lwz     r4, 0x24(r31)
FFEC9000? 4BFFF68D  bl      sub_FFEC868C
FFEC9004? 60000000  nop
FFEC9008? 428000C8  b       loc_FFEC90D0
FFEC900C? 387F0020  addi    r3, r31, 0x20
FFEC9010? 809F0024  lwz     r4, 0x24(r31)
FFEC9014? 4BFFD501  bl      sub_FFEC6514
FFEC9018? 60000000  nop
FFEC901C? 428000B4  b       loc_FFEC90D0
FFEC9020? 387F0020  addi    r3, r31, 0x20
FFEC9024? 809F0024  lwz     r4, 0x24(r31)
FFEC9028? 4BFFD505  bl      sub_FFEC652C
FFEC902C? 60000000  nop
FFEC9030? 428000A0  b       loc_FFEC90D0
FFEC9034? 387F0020  addi    r3, r31, 0x20
FFEC9038? 809F0024  lwz     r4, 0x24(r31)
FFEC903C? 80BF0028  lwz     r5, 0x28(r31)
FFEC9040? 4BFFD589  bl      sub_FFEC65C8
FFEC9044? 60000000  nop
FFEC9048? 42800088  b       loc_FFEC90D0
FFEC904C? 387F0020  addi    r3, r31, 0x20
FFEC9050? 809F0024  lwz     r4, 0x24(r31)
FFEC9054? 4BFFD5A9  bl      sub_FFEC65FC
FFEC9058? 60000000  nop
FFEC905C? 42800074  b       loc_FFEC90D0
FFEC9060? 387F0020  addi    r3, r31, 0x20
FFEC9064? 809F0024  lwz     r4, 0x24(r31)
FFEC9068? 80BF0028  lwz     r5, 0x28(r31)
FFEC906C? 4BFFD5A9  bl      sub_FFEC6614
FFEC9070? 60000000  nop
FFEC9074? 4280005C  b       loc_FFEC90D0
FFEC9078? 387F0020  addi    r3, r31, 0x20
FFEC907C? 4BFFD61D  bl      sub_FFEC6698
FFEC9080? 60000000  nop
FFEC9084? 4280004C  b       loc_FFEC90D0
FFEC9088? 387F0020  addi    r3, r31, 0x20
FFEC908C? 809F0024  lwz     r4, 0x24(r31)
FFEC9090? 4BFFD621  bl      sub_FFEC66B0
FFEC9094? 60000000  nop
FFEC9098? 42800038  b       loc_FFEC90D0
FFEC909C? 387F0020  addi    r3, r31, 0x20
FFEC90A0? 4BFFD73D  bl      sub_FFEC67DC
FFEC90A4? 60000000  nop
FFEC90A8? 42800028  b       loc_FFEC90D0
FFEC90AC? 387F0020  addi    r3, r31, 0x20
FFEC90B0? 4BFFD745  bl      sub_FFEC67F4
FFEC90B4? 60000000  nop
FFEC90B8? 42800018  b       loc_FFEC90D0
FFEC90BC? 387F0020  addi    r3, r31, 0x20
FFEC90C0? 4BFFD7B5  bl      sub_FFEC6874
FFEC90C4? 60000000  nop
FFEC90C8? 42800008  b       loc_FFEC90D0
loc_FFEC90CC:
FFEC90CC  3860FFFF  li      r3, -0x1
loc_FFEC90D0:
FFEC90D0  80010048  lwz     r0, 0x48(r1)
FFEC90D4  38210040  addi    r1, r1, 0x40
FFEC90D8  7C0803A6  mtspr   LR, r0
FFEC90DC  83E1FFFC  lwz     r31, -0x4(r1)
FFEC90E0  4E800020  blr

sub_FFEC90E4:
FFEC90E4* 7C0802A6  mfspr   r0, LR
FFEC90E8* 93E1FFFC  stw     r31, -0x4(r1)
FFEC90EC* 90010008  stw     r0, 0x8(r1)
FFEC90F0* 9421FFC0  stwu    r1, -0x40(r1)
FFEC90F4* 9081005C  stw     r4, 0x5C(r1)
FFEC90F8* 90A10060  stw     r5, 0x60(r1)
FFEC90FC* 90C10064  stw     r6, 0x64(r1)
FFEC9100* 90E10068  stw     r7, 0x68(r1)
FFEC9104* 80610064  lwz     r3, 0x64(r1)
FFEC9108* 2C030006  cmpwi   cr0, r3, 0x6
FFEC910C* 41820030  beq     loc_FFEC913C
FFEC9110* 4080001C  bge     loc_FFEC912C
FFEC9114* 2C030004  cmpwi   cr0, r3, 0x4
FFEC9118* 4182004C  beq     loc_FFEC9164
FFEC911C* 40800038  bge     loc_FFEC9154
FFEC9120* 2C030000  cmpwi   cr0, r3, 0x0
FFEC9124* 40800018  bge     loc_FFEC913C
FFEC9128  4280004C  b       loc_FFEC9174
loc_FFEC912C:
FFEC912C* 2C030008  cmpwi   cr0, r3, 0x8
FFEC9130* 4182000C  beq     loc_FFEC913C
FFEC9134* 40800040  bge     loc_FFEC9174
FFEC9138* 4280000C  b       loc_FFEC9144
loc_FFEC913C:
FFEC913C* 3BE00000  li      r31, 0x0
FFEC9140* 42800038  b       loc_FFEC9178
loc_FFEC9144:
FFEC9144* 80610060  lwz     r3, 0x60(r1)
FFEC9148* 4BFFFBA5  bl      sub_FFEC8CEC
FFEC914C* 7C7F1B78  mr      r31, r3
FFEC9150* 42800028  b       loc_FFEC9178
loc_FFEC9154:
FFEC9154  80610060  lwz     r3, 0x60(r1)
FFEC9158  4BFFFE19  bl      sub_FFEC8F70
FFEC915C  7C7F1B78  mr      r31, r3
FFEC9160  42800018  b       loc_FFEC9178
loc_FFEC9164:
FFEC9164* 80610060  lwz     r3, 0x60(r1)
FFEC9168* 4BFFFC39  bl      sub_FFEC8DA0
FFEC916C* 7C7F1B78  mr      r31, r3
FFEC9170* 42800008  b       loc_FFEC9178
loc_FFEC9174:
FFEC9174  3BE0FFCE  li      r31, -0x32
loc_FFEC9178:
FFEC9178* 80810068  lwz     r4, 0x68(r1)
FFEC917C* 5484077B  rlwinm. r4, r4, 0, 29, 29
FFEC9180* 41820014  beq     loc_FFEC9194
FFEC9184* 80A10060  lwz     r5, 0x60(r1)
FFEC9188* B3E50010  sth     r31, 0x10(r5)
FFEC918C* 7FE3FB78  mr      r3, r31
FFEC9190* 42800014  b       loc_FFEC91A4
loc_FFEC9194:
FFEC9194  8061005C  lwz     r3, 0x5C(r1)
FFEC9198  38800000  li      r4, 0x0
FFEC919C  48000849  bl      sub_FFEC99E4
FFEC91A0  80410014  lwz     r2, 0x14(r1)
loc_FFEC91A4:
FFEC91A4* 80010048  lwz     r0, 0x48(r1)
FFEC91A8* 38210040  addi    r1, r1, 0x40
FFEC91AC* 7C0803A6  mtspr   LR, r0
FFEC91B0* 83E1FFFC  lwz     r31, -0x4(r1)
FFEC91B4* 4E800020  blr

sub_FFEC91B8:
FFEC91B8* 806002B6  lwz     r3, 0x2B6                          ; R low memory BasicGlob ($2B6)
FFEC91BC* 4E800020  blr

sub_FFEC91C0:
FFEC91C0* 93E1FFFC  stw     r31, -0x4(r1)
FFEC91C4* 5464000E  clrrwi  r4, r3, 24
FFEC91C8* 549F463E  srwi    r31, r4, 24
FFEC91CC* 5465021E  rlwinm  r5, r3, 0, 8, 15
FFEC91D0* 54A5C23E  srwi    r5, r5, 8
FFEC91D4* 7FFF2B78  or      r31, r31, r5
FFEC91D8* 5466042E  rlwinm  r6, r3, 0, 16, 23
FFEC91DC* 54C6402E  slwi    r6, r6, 8
FFEC91E0* 7FFF3378  or      r31, r31, r6
FFEC91E4* 5467063E  clrlwi  r7, r3, 24
FFEC91E8* 54E7C00E  slwi    r7, r7, 24
FFEC91EC* 7FFF3B78  or      r31, r31, r7
FFEC91F0* 7FE3FB78  mr      r3, r31
FFEC91F4* 83E1FFFC  lwz     r31, -0x4(r1)
FFEC91F8* 4E800020  blr

sub_FFEC91FC:
FFEC91FC* 93E1FFFC  stw     r31, -0x4(r1)
FFEC9200* 5464000E  clrrwi  r4, r3, 24
FFEC9204* 549F463E  srwi    r31, r4, 24
FFEC9208* 5465021E  rlwinm  r5, r3, 0, 8, 15
FFEC920C* 54A5C23E  srwi    r5, r5, 8
FFEC9210* 7FFF2B78  or      r31, r31, r5
FFEC9214* 5466042E  rlwinm  r6, r3, 0, 16, 23
FFEC9218* 54C6402E  slwi    r6, r6, 8
FFEC921C* 7FFF3378  or      r31, r31, r6
FFEC9220* 5467063E  clrlwi  r7, r3, 24
FFEC9224* 54E7C00E  slwi    r7, r7, 24
FFEC9228* 7FFF3B78  or      r31, r31, r7
FFEC922C* 7FE3FB78  mr      r3, r31
FFEC9230* 83E1FFFC  lwz     r31, -0x4(r1)
FFEC9234* 4E800020  blr

sub_FFEC9238:
FFEC9238? 7C0802A6  mfspr   r0, LR
FFEC923C? BFC1FFF8  stmw    r30, -0x8(r1)
FFEC9240? 90010008  stw     r0, 0x8(r1)
FFEC9244? 9421FFC0  stwu    r1, -0x40(r1)
FFEC9248? 7C7E1B78  mr      r30, r3
FFEC924C? 38620154  addi    r3, r2, 0x154                      ; TOC[+340] &data+290
FFEC9250? 80630000  lwz     r3, 0x0(r3)
FFEC9254? 93C30000  stw     r30, 0x0(r3)
FFEC9258? 4BFFFF61  bl      sub_FFEC91B8
FFEC925C? 80630210  lwz     r3, 0x210(r3)
FFEC9260? 80630000  lwz     r3, 0x0(r3)
FFEC9264? 3C630001  addis   r3, r3, 0x0001
FFEC9268? 83E34010  lwz     r31, 0x4010(r3)
FFEC926C? 42800018  b       loc_FFEC9284
loc_FFEC9270:
FFEC9270? 4BFFFF49  bl      sub_FFEC91B8
FFEC9274? 80630210  lwz     r3, 0x210(r3)
FFEC9278? 80630000  lwz     r3, 0x0(r3)
FFEC927C? 3C630001  addis   r3, r3, 0x0001
FFEC9280? 83E34010  lwz     r31, 0x4010(r3)
loc_FFEC9284:
FFEC9284? 57E407FF  clrlwi. r4, r31, 31
FFEC9288? 4082FFE8  bne     loc_FFEC9270
FFEC928C? 7FC3F378  mr      r3, r30
FFEC9290? 4BFFFF31  bl      sub_FFEC91C0
FFEC9294? 7C7E1B78  mr      r30, r3
FFEC9298? 4BFFFF21  bl      sub_FFEC91B8
FFEC929C? 80630210  lwz     r3, 0x210(r3)
FFEC92A0? 80630000  lwz     r3, 0x0(r3)
FFEC92A4? 3C630001  addis   r3, r3, 0x0001
FFEC92A8? 93C34010  stw     r30, 0x4010(r3)
FFEC92AC? 80010048  lwz     r0, 0x48(r1)
FFEC92B0? 38210040  addi    r1, r1, 0x40
FFEC92B4? 7C0803A6  mtspr   LR, r0
FFEC92B8? BBC1FFF8  lmw     r30, -0x8(r1)
FFEC92BC? 4E800020  blr

sub_FFEC92C0:
FFEC92C0* 7C0802A6  mfspr   r0, LR
FFEC92C4* BFC1FFF8  stmw    r30, -0x8(r1)
FFEC92C8* 90010008  stw     r0, 0x8(r1)
FFEC92CC* 9421FFC0  stwu    r1, -0x40(r1)
FFEC92D0* 7C7E1B78  mr      r30, r3
FFEC92D4* 38620154  addi    r3, r2, 0x154                      ; TOC[+340] &data+290
FFEC92D8* 80630000  lwz     r3, 0x0(r3)
FFEC92DC* 93C30004  stw     r30, 0x4(r3)
FFEC92E0* 63DE1000  ori     r30, r30, 0x1000
FFEC92E4* 4BFFFED5  bl      sub_FFEC91B8
FFEC92E8* 80630210  lwz     r3, 0x210(r3)
FFEC92EC* 80630000  lwz     r3, 0x0(r3)
FFEC92F0* 3C630001  addis   r3, r3, 0x0001
FFEC92F4* 83E34010  lwz     r31, 0x4010(r3)
FFEC92F8* 42800018  b       loc_FFEC9310
loc_FFEC92FC:
FFEC92FC  4BFFFEBD  bl      sub_FFEC91B8
FFEC9300  80630210  lwz     r3, 0x210(r3)
FFEC9304  80630000  lwz     r3, 0x0(r3)
FFEC9308  3C630001  addis   r3, r3, 0x0001
FFEC930C  83E34010  lwz     r31, 0x4010(r3)
loc_FFEC9310:
FFEC9310* 57E407FF  clrlwi. r4, r31, 31
FFEC9314* 4082FFE8  bne     loc_FFEC92FC
FFEC9318* 7FC3F378  mr      r3, r30
FFEC931C* 4BFFFEA5  bl      sub_FFEC91C0
FFEC9320* 7C7E1B78  mr      r30, r3
FFEC9324* 4BFFFE95  bl      sub_FFEC91B8
FFEC9328* 80630210  lwz     r3, 0x210(r3)
FFEC932C* 80630000  lwz     r3, 0x0(r3)
FFEC9330* 3C630001  addis   r3, r3, 0x0001
FFEC9334* 93C34010  stw     r30, 0x4010(r3)
FFEC9338* 80010048  lwz     r0, 0x48(r1)
FFEC933C* 38210040  addi    r1, r1, 0x40
FFEC9340* 7C0803A6  mtspr   LR, r0
FFEC9344* BBC1FFF8  lmw     r30, -0x8(r1)
FFEC9348* 4E800020  blr

sub_FFEC934C:
FFEC934C? 7C0802A6  mfspr   r0, LR
FFEC9350? BFC1FFF8  stmw    r30, -0x8(r1)
FFEC9354? 90010008  stw     r0, 0x8(r1)
FFEC9358? 9421FFC0  stwu    r1, -0x40(r1)
FFEC935C? 7C7E1B78  mr      r30, r3
FFEC9360? 38620154  addi    r3, r2, 0x154                      ; TOC[+340] &data+290
FFEC9364? 80630000  lwz     r3, 0x0(r3)
FFEC9368? 93C30008  stw     r30, 0x8(r3)
FFEC936C? 63DE2000  ori     r30, r30, 0x2000
FFEC9370? 4BFFFE49  bl      sub_FFEC91B8
FFEC9374? 80630210  lwz     r3, 0x210(r3)
FFEC9378? 80630000  lwz     r3, 0x0(r3)
FFEC937C? 3C630001  addis   r3, r3, 0x0001
FFEC9380? 83E34010  lwz     r31, 0x4010(r3)
FFEC9384? 42800018  b       loc_FFEC939C
loc_FFEC9388:
FFEC9388? 4BFFFE31  bl      sub_FFEC91B8
FFEC938C? 80630210  lwz     r3, 0x210(r3)
FFEC9390? 80630000  lwz     r3, 0x0(r3)
FFEC9394? 3C630001  addis   r3, r3, 0x0001
FFEC9398? 83E34010  lwz     r31, 0x4010(r3)
loc_FFEC939C:
FFEC939C? 57E407FF  clrlwi. r4, r31, 31
FFEC93A0? 4082FFE8  bne     loc_FFEC9388
FFEC93A4? 7FC3F378  mr      r3, r30
FFEC93A8? 4BFFFE19  bl      sub_FFEC91C0
FFEC93AC? 7C7E1B78  mr      r30, r3
FFEC93B0? 4BFFFE09  bl      sub_FFEC91B8
FFEC93B4? 80630210  lwz     r3, 0x210(r3)
FFEC93B8? 80630000  lwz     r3, 0x0(r3)
FFEC93BC? 3C630001  addis   r3, r3, 0x0001
FFEC93C0? 93C34010  stw     r30, 0x4010(r3)
FFEC93C4? 80010048  lwz     r0, 0x48(r1)
FFEC93C8? 38210040  addi    r1, r1, 0x40
FFEC93CC? 7C0803A6  mtspr   LR, r0
FFEC93D0? BBC1FFF8  lmw     r30, -0x8(r1)
FFEC93D4? 4E800020  blr

sub_FFEC93D8:
FFEC93D8? 7C0802A6  mfspr   r0, LR
FFEC93DC? BFC1FFF8  stmw    r30, -0x8(r1)
FFEC93E0? 90010008  stw     r0, 0x8(r1)
FFEC93E4? 9421FFC0  stwu    r1, -0x40(r1)
FFEC93E8? 7C7E1B78  mr      r30, r3
FFEC93EC? 38620154  addi    r3, r2, 0x154                      ; TOC[+340] &data+290
FFEC93F0? 80630000  lwz     r3, 0x0(r3)
FFEC93F4? 93C3000C  stw     r30, 0xC(r3)
FFEC93F8? 63DE4000  ori     r30, r30, 0x4000
FFEC93FC? 4BFFFDBD  bl      sub_FFEC91B8
FFEC9400? 80630210  lwz     r3, 0x210(r3)
FFEC9404? 80630000  lwz     r3, 0x0(r3)
FFEC9408? 3C630001  addis   r3, r3, 0x0001
FFEC940C? 83E34010  lwz     r31, 0x4010(r3)
FFEC9410? 42800018  b       loc_FFEC9428
loc_FFEC9414:
FFEC9414? 4BFFFDA5  bl      sub_FFEC91B8
FFEC9418? 80630210  lwz     r3, 0x210(r3)
FFEC941C? 80630000  lwz     r3, 0x0(r3)
FFEC9420? 3C630001  addis   r3, r3, 0x0001
FFEC9424? 83E34010  lwz     r31, 0x4010(r3)
loc_FFEC9428:
FFEC9428? 57E407FF  clrlwi. r4, r31, 31
FFEC942C? 4082FFE8  bne     loc_FFEC9414
FFEC9430? 7FC3F378  mr      r3, r30
FFEC9434? 4BFFFD8D  bl      sub_FFEC91C0
FFEC9438? 7C7E1B78  mr      r30, r3
FFEC943C? 4BFFFD7D  bl      sub_FFEC91B8
FFEC9440? 80630210  lwz     r3, 0x210(r3)
FFEC9444? 80630000  lwz     r3, 0x0(r3)
FFEC9448? 3C630001  addis   r3, r3, 0x0001
FFEC944C? 93C34010  stw     r30, 0x4010(r3)
FFEC9450? 80010048  lwz     r0, 0x48(r1)
FFEC9454? 38210040  addi    r1, r1, 0x40
FFEC9458? 7C0803A6  mtspr   LR, r0
FFEC945C? BBC1FFF8  lmw     r30, -0x8(r1)
FFEC9460? 4E800020  blr

sub_FFEC9464:
FFEC9464? 38620154  addi    r3, r2, 0x154                      ; TOC[+340] &data+290
FFEC9468? 80630000  lwz     r3, 0x0(r3)
FFEC946C? 80630000  lwz     r3, 0x0(r3)
FFEC9470? 4E800020  blr

sub_FFEC9474:
FFEC9474* 38620154  addi    r3, r2, 0x154                      ; TOC[+340] &data+290
FFEC9478* 80630000  lwz     r3, 0x0(r3)
FFEC947C* 80630004  lwz     r3, 0x4(r3)
FFEC9480* 4E800020  blr

sub_FFEC9484:
FFEC9484? 38620154  addi    r3, r2, 0x154                      ; TOC[+340] &data+290
FFEC9488? 80630000  lwz     r3, 0x0(r3)
FFEC948C? 80630008  lwz     r3, 0x8(r3)
FFEC9490? 4E800020  blr

sub_FFEC9494:
FFEC9494? 38620154  addi    r3, r2, 0x154                      ; TOC[+340] &data+290
FFEC9498? 80630000  lwz     r3, 0x0(r3)
FFEC949C? 8063000C  lwz     r3, 0xC(r3)
FFEC94A0? 4E800020  blr

sub_FFEC94A4:
FFEC94A4* 7C0802A6  mfspr   r0, LR
FFEC94A8* BF21FFE4  stmw    r25, -0x1C(r1)
FFEC94AC* 90010008  stw     r0, 0x8(r1)
FFEC94B0* 9421FF50  stwu    r1, -0xB0(r1)
FFEC94B4* 7C7F1B78  mr      r31, r3
FFEC94B8* 807F0000  lwz     r3, 0x0(r31)
FFEC94BC* 28030000  cmplwi  cr0, r3, 0x0
FFEC94C0* 41820010  beq     loc_FFEC94D0
FFEC94C4* 809F0004  lwz     r4, 0x4(r31)
FFEC94C8* 28040000  cmplwi  cr0, r4, 0x0
FFEC94CC* 4082000C  bne     loc_FFEC94D8
loc_FFEC94D0:
FFEC94D0  3860FFCE  li      r3, -0x32
FFEC94D4  428001B4  b       loc_FFEC9688
loc_FFEC94D8:
FFEC94D8* 839F0004  lwz     r28, 0x4(r31)
FFEC94DC* 80BF0000  lwz     r5, 0x0(r31)
FFEC94E0* 38DCFFFF  addi    r6, r28, -0x1
FFEC94E4* 54C6083C  slwi    r6, r6, 1
FFEC94E8* 7F253214  add     r25, r5, r6
FFEC94EC* 38E00001  li      r7, 0x1
FFEC94F0* 90E10080  stw     r7, 0x80(r1)
FFEC94F4* 3BA00000  li      r29, 0x0
FFEC94F8* 3BC00000  li      r30, 0x0
FFEC94FC* 42800034  b       loc_FFEC9530
loc_FFEC9500:
FFEC9500* 81010080  lwz     r8, 0x80(r1)
FFEC9504* 7F884039  and.    r8, r28, r8
FFEC9508* 41820018  beq     loc_FFEC9520
FFEC950C* 57A9063F  clrlwi. r9, r29, 24
FFEC9510* 4182000C  beq     loc_FFEC951C
FFEC9514  3860FFCE  li      r3, -0x32
FFEC9518  42800170  b       loc_FFEC9688
loc_FFEC951C:
FFEC951C* 3BA00001  li      r29, 0x1
loc_FFEC9520:
FFEC9520* 81410080  lwz     r10, 0x80(r1)
FFEC9524* 554A083C  slwi    r10, r10, 1
FFEC9528* 91410080  stw     r10, 0x80(r1)
FFEC952C* 3BDE0001  addi    r30, r30, 0x1
loc_FFEC9530:
FFEC9530* 281E0020  cmplwi  cr0, r30, 0x20
FFEC9534* 4180FFCC  blt     loc_FFEC9500
FFEC9538* 7F23CB78  mr      r3, r25
FFEC953C* 38800000  li      r4, 0x0
FFEC9540* 4800030D  bl      glue_PoolAllocateResident
FFEC9544* 80410014  lwz     r2, 0x14(r1)
FFEC9548* 907F0014  stw     r3, 0x14(r31)
FFEC954C* 817F0014  lwz     r11, 0x14(r31)
FFEC9550* 280B0000  cmplwi  cr0, r11, 0x0
FFEC9554* 41820128  beq     loc_FFEC967C
FFEC9558* 281C0001  cmplwi  cr0, r28, 0x1
FFEC955C* 40820010  bne     loc_FFEC956C
FFEC9560  819F0014  lwz     r12, 0x14(r31)
FFEC9564  919F0008  stw     r12, 0x8(r31)
FFEC9568  4280011C  b       loc_FFEC9684
loc_FFEC956C:
FFEC956C* 807F0014  lwz     r3, 0x14(r31)
FFEC9570* 7C7C1A14  add     r3, r28, r3
FFEC9574* 3863FFFF  addi    r3, r3, -0x1
FFEC9578* 90610080  stw     r3, 0x80(r1)
FFEC957C* 389CFFFF  addi    r4, r28, -0x1
FFEC9580* 6C9AFFFF  xoris   r26, r4, 0xFFFF
FFEC9584* 6B5AFFFF  xori    r26, r26, 0xFFFF
FFEC9588* 80A10080  lwz     r5, 0x80(r1)
FFEC958C* 7CA5D038  and     r5, r5, r26
FFEC9590* 90BF0008  stw     r5, 0x8(r31)
FFEC9594* 80DF0000  lwz     r6, 0x0(r31)
FFEC9598* 7CDC3214  add     r6, r28, r6
FFEC959C* 38C6FFFF  addi    r6, r6, -0x1
FFEC95A0* 90C10080  stw     r6, 0x80(r1)
FFEC95A4* 80E10080  lwz     r7, 0x80(r1)
FFEC95A8* 7CE7D038  and     r7, r7, r26
FFEC95AC* 90FF0010  stw     r7, 0x10(r31)
FFEC95B0* 807F0008  lwz     r3, 0x8(r31)
FFEC95B4* 809F0010  lwz     r4, 0x10(r31)
FFEC95B8* 480002AD  bl      glue_LockMemoryContiguous
FFEC95BC* 80410014  lwz     r2, 0x14(r1)
FFEC95C0* 7C7B1B78  mr      r27, r3
FFEC95C4* 7F680735  extsh.  r8, r27
FFEC95C8* 41820018  beq     loc_FFEC95E0
FFEC95CC  807F0014  lwz     r3, 0x14(r31)
FFEC95D0  480002AD  bl      glue_PoolDeallocate
FFEC95D4  80410014  lwz     r2, 0x14(r1)
FFEC95D8  7F63DB78  mr      r3, r27
FFEC95DC  428000AC  b       loc_FFEC9688
loc_FFEC95E0:
FFEC95E0* 813F0008  lwz     r9, 0x8(r31)
FFEC95E4* 91210038  stw     r9, 0x38(r1)
FFEC95E8* 815F0010  lwz     r10, 0x10(r31)
FFEC95EC* 9141003C  stw     r10, 0x3C(r1)
FFEC95F0* 39600008  li      r11, 0x8
FFEC95F4* 91610080  stw     r11, 0x80(r1)
FFEC95F8* 38610038  addi    r3, r1, 0x38
FFEC95FC* 38810080  addi    r4, r1, 0x80
FFEC9600* 48000295  bl      glue_GetPhysical
FFEC9604* 80410014  lwz     r2, 0x14(r1)
FFEC9608* 7C7B1B78  mr      r27, r3
FFEC960C* 7F6C0735  extsh.  r12, r27
FFEC9610* 41820028  beq     loc_FFEC9638
FFEC9614  807F0008  lwz     r3, 0x8(r31)
FFEC9618  809F0010  lwz     r4, 0x10(r31)
FFEC961C  48000291  bl      glue_UnlockMemory
FFEC9620  80410014  lwz     r2, 0x14(r1)
FFEC9624  807F0014  lwz     r3, 0x14(r31)
FFEC9628  48000255  bl      glue_PoolDeallocate
FFEC962C  80410014  lwz     r2, 0x14(r1)
FFEC9630  7F63DB78  mr      r3, r27
FFEC9634  42800054  b       loc_FFEC9688
loc_FFEC9638:
FFEC9638* 80610040  lwz     r3, 0x40(r1)
FFEC963C* 907F000C  stw     r3, 0xC(r31)
FFEC9640* 809F0014  lwz     r4, 0x14(r31)
FFEC9644* 7C84CA14  add     r4, r4, r25
FFEC9648* 90810080  stw     r4, 0x80(r1)
FFEC964C* 80BF0008  lwz     r5, 0x8(r31)
FFEC9650* 80DF0010  lwz     r6, 0x10(r31)
FFEC9654* 7F453214  add     r26, r5, r6
FFEC9658* 80E10080  lwz     r7, 0x80(r1)
FFEC965C* 7CFA3850  subf    r7, r26, r7
FFEC9660* 90E10080  stw     r7, 0x80(r1)
FFEC9664* 807F0014  lwz     r3, 0x14(r31)
FFEC9668* 81010080  lwz     r8, 0x80(r1)
FFEC966C* 7C88C850  subf    r4, r8, r25
FFEC9670* 48000255  bl      glue_SetPtrSize
FFEC9674* 80410014  lwz     r2, 0x14(r1)
FFEC9678* 4280000C  b       loc_FFEC9684
loc_FFEC967C:
FFEC967C  3860FF94  li      r3, -0x6C
FFEC9680  42800008  b       loc_FFEC9688
loc_FFEC9684:
FFEC9684* 38600000  li      r3, 0x0
loc_FFEC9688:
FFEC9688* 800100B8  lwz     r0, 0xB8(r1)
FFEC968C* 382100B0  addi    r1, r1, 0xB0
FFEC9690* 7C0803A6  mtspr   LR, r0
FFEC9694* BB21FFE4  lmw     r25, -0x1C(r1)
FFEC9698* 4E800020  blr

sub_FFEC969C:
FFEC969C  7C0802A6  mfspr   r0, LR
FFEC96A0  BFC1FFF8  stmw    r30, -0x8(r1)
FFEC96A4  90010008  stw     r0, 0x8(r1)
FFEC96A8  9421FFC0  stwu    r1, -0x40(r1)
FFEC96AC  7C7F1B78  mr      r31, r3
FFEC96B0  807F0008  lwz     r3, 0x8(r31)
FFEC96B4  28030000  cmplwi  cr0, r3, 0x0
FFEC96B8  4182001C  beq     loc_FFEC96D4
FFEC96BC  809F0010  lwz     r4, 0x10(r31)
FFEC96C0  28040000  cmplwi  cr0, r4, 0x0
FFEC96C4  41820010  beq     loc_FFEC96D4
FFEC96C8  80BF0014  lwz     r5, 0x14(r31)
FFEC96CC  28050000  cmplwi  cr0, r5, 0x0
FFEC96D0  4082000C  bne     loc_FFEC96DC
loc_FFEC96D4:
FFEC96D4  3860FFCE  li      r3, -0x32
FFEC96D8  42800050  b       loc_FFEC9728
loc_FFEC96DC:
FFEC96DC  80DF0004  lwz     r6, 0x4(r31)
FFEC96E0  28060001  cmplwi  cr0, r6, 0x1
FFEC96E4  4182001C  beq     loc_FFEC9700
FFEC96E8  807F0008  lwz     r3, 0x8(r31)
FFEC96EC  809F0010  lwz     r4, 0x10(r31)
FFEC96F0  480001BD  bl      glue_UnlockMemory
FFEC96F4  80410014  lwz     r2, 0x14(r1)
FFEC96F8  7C7E1B78  mr      r30, r3
FFEC96FC  42800008  b       loc_FFEC9704
loc_FFEC9700:
FFEC9700  3BC00000  li      r30, 0x0
loc_FFEC9704:
FFEC9704  807F0014  lwz     r3, 0x14(r31)
FFEC9708  48000175  bl      glue_PoolDeallocate
FFEC970C  80410014  lwz     r2, 0x14(r1)
FFEC9710  7FC70735  extsh.  r7, r30
FFEC9714  4182000C  beq     loc_FFEC9720
FFEC9718  7FC3F378  mr      r3, r30
FFEC971C  4280000C  b       loc_FFEC9728
loc_FFEC9720:
FFEC9720  480001ED  bl      glue_MemError
FFEC9724  80410014  lwz     r2, 0x14(r1)
loc_FFEC9728:
FFEC9728  80010048  lwz     r0, 0x48(r1)
FFEC972C  38210040  addi    r1, r1, 0x40
FFEC9730  7C0803A6  mtspr   LR, r0
FFEC9734  BBC1FFF8  lmw     r30, -0x8(r1)
FFEC9738  4E800020  blr

sub_FFEC973C:
FFEC973C? 7C0802A6  mfspr   r0, LR
FFEC9740? BF61FFEC  stmw    r27, -0x14(r1)
FFEC9744? 90010008  stw     r0, 0x8(r1)
FFEC9748? 9421FF60  stwu    r1, -0xA0(r1)
FFEC974C? 7C7B1B78  mr      r27, r3
FFEC9750? 7C9E2378  mr      r30, r4
FFEC9754? 3BA00000  li      r29, 0x0
FFEC9758? 3B800001  li      r28, 0x1
FFEC975C? 3861007A  addi    r3, r1, 0x7A
FFEC9760? 480001F5  bl      glue_RegistryEntryIterateCreate
FFEC9764? 80410014  lwz     r2, 0x14(r1)
FFEC9768? 7C7F1B78  mr      r31, r3
FFEC976C? 7FE30735  extsh.  r3, r31
FFEC9770? 40820094  bne     loc_FFEC9804
loc_FFEC9774:
FFEC9774? 38800000  li      r4, 0x0
FFEC9778? 98810039  stb     r4, 0x39(r1)
FFEC977C? 3861007A  addi    r3, r1, 0x7A
FFEC9780? 7F84E378  mr      r4, r28
FFEC9784? 7FC5F378  mr      r5, r30
FFEC9788? 38C10039  addi    r6, r1, 0x39
FFEC978C? 480001E1  bl      glue_RegistryEntryIterate
FFEC9790? 80410014  lwz     r2, 0x14(r1)
FFEC9794? 7C7F1B78  mr      r31, r3
FFEC9798? 88A10039  lbz     r5, 0x39(r1)
FFEC979C? 28050000  cmplwi  cr0, r5, 0x0
FFEC97A0? 40820050  bne     loc_FFEC97F0
FFEC97A4? 38C00000  li      r6, 0x0
FFEC97A8? 98C1003A  stb     r6, 0x3A(r1)
FFEC97AC? 7FC3F378  mr      r3, r30
FFEC97B0? 3881006A  addi    r4, r1, 0x6A
FFEC97B4? 38A1003A  addi    r5, r1, 0x3A
FFEC97B8? 38C10038  addi    r6, r1, 0x38
FFEC97BC? 480001C9  bl      glue_RegistryCStrEntryToName
FFEC97C0? 80410014  lwz     r2, 0x14(r1)
FFEC97C4? 7C7F1B78  mr      r31, r3
FFEC97C8? 7FE70735  extsh.  r7, r31
FFEC97CC? 40820024  bne     loc_FFEC97F0
FFEC97D0? 3861003A  addi    r3, r1, 0x3A
FFEC97D4? 7F64DB78  mr      r4, r27
FFEC97D8? 480001C5  bl      glue_CStrCmp
FFEC97DC? 80410014  lwz     r2, 0x14(r1)
FFEC97E0? 7C630735  extsh.  r3, r3
FFEC97E4? 4082000C  bne     loc_FFEC97F0
FFEC97E8? 3BA00001  li      r29, 0x1
FFEC97EC? 42800018  b       loc_FFEC9804
loc_FFEC97F0:
FFEC97F0? 89010039  lbz     r8, 0x39(r1)
FFEC97F4? 28080000  cmplwi  cr0, r8, 0x0
FFEC97F8? 4082000C  bne     loc_FFEC9804
FFEC97FC? 7FE90735  extsh.  r9, r31
FFEC9800? 4182FF74  beq     loc_FFEC9774
loc_FFEC9804:
FFEC9804? 3861007A  addi    r3, r1, 0x7A
FFEC9808? 480001AD  bl      glue_RegistryEntryIterateDispose
FFEC980C? 80410014  lwz     r2, 0x14(r1)
FFEC9810? 57AA063F  clrlwi. r10, r29, 24
FFEC9814? 40820008  bne     loc_FFEC981C
FFEC9818? 3BC00000  li      r30, 0x0
loc_FFEC981C:
FFEC981C? 7FA3EB78  mr      r3, r29
FFEC9820? 800100A8  lwz     r0, 0xA8(r1)
FFEC9824? 382100A0  addi    r1, r1, 0xA0
FFEC9828? 7C0803A6  mtspr   LR, r0
FFEC982C? BB61FFEC  lmw     r27, -0x14(r1)
FFEC9830? 4E800020  blr

glue_Gestalt:
FFEC9834* 8182003C  lwz     r12, 0x3C(r2)                      ; TOC[+60] Gestalt
FFEC9838* 90410014  stw     r2, 0x14(r1)
FFEC983C* 800C0000  lwz     r0, 0x0(r12)
FFEC9840* 804C0004  lwz     r2, 0x4(r12)
FFEC9844* 7C0903A6  mtspr   CTR, r0
FFEC9848* 4E800420  bctr

glue_PoolAllocateResident:
FFEC984C* 81820008  lwz     r12, 0x8(r2)                       ; TOC[+8] PoolAllocateResident
FFEC9850* 90410014  stw     r2, 0x14(r1)
FFEC9854* 800C0000  lwz     r0, 0x0(r12)
FFEC9858* 804C0004  lwz     r2, 0x4(r12)
FFEC985C* 7C0903A6  mtspr   CTR, r0
FFEC9860* 4E800420  bctr

glue_LockMemoryContiguous:
FFEC9864* 81820034  lwz     r12, 0x34(r2)                      ; TOC[+52] LockMemoryContiguous
FFEC9868* 90410014  stw     r2, 0x14(r1)
FFEC986C* 800C0000  lwz     r0, 0x0(r12)
FFEC9870* 804C0004  lwz     r2, 0x4(r12)
FFEC9874* 7C0903A6  mtspr   CTR, r0
FFEC9878* 4E800420  bctr

glue_PoolDeallocate:
FFEC987C  8182000C  lwz     r12, 0xC(r2)                       ; TOC[+12] PoolDeallocate
FFEC9880  90410014  stw     r2, 0x14(r1)
FFEC9884  800C0000  lwz     r0, 0x0(r12)
FFEC9888  804C0004  lwz     r2, 0x4(r12)
FFEC988C  7C0903A6  mtspr   CTR, r0
FFEC9890  4E800420  bctr

glue_GetPhysical:
FFEC9894* 81820040  lwz     r12, 0x40(r2)                      ; TOC[+64] GetPhysical
FFEC9898* 90410014  stw     r2, 0x14(r1)
FFEC989C* 800C0000  lwz     r0, 0x0(r12)
FFEC98A0* 804C0004  lwz     r2, 0x4(r12)
FFEC98A4* 7C0903A6  mtspr   CTR, r0
FFEC98A8* 4E800420  bctr

glue_UnlockMemory:
FFEC98AC  81820030  lwz     r12, 0x30(r2)                      ; TOC[+48] UnlockMemory
FFEC98B0  90410014  stw     r2, 0x14(r1)
FFEC98B4  800C0000  lwz     r0, 0x0(r12)
FFEC98B8  804C0004  lwz     r2, 0x4(r12)
FFEC98BC  7C0903A6  mtspr   CTR, r0
FFEC98C0  4E800420  bctr

glue_SetPtrSize:
FFEC98C4* 81820044  lwz     r12, 0x44(r2)                      ; TOC[+68] SetPtrSize
FFEC98C8* 90410014  stw     r2, 0x14(r1)
FFEC98CC* 800C0000  lwz     r0, 0x0(r12)
FFEC98D0* 804C0004  lwz     r2, 0x4(r12)
FFEC98D4* 7C0903A6  mtspr   CTR, r0
FFEC98D8* 4E800420  bctr

glue_CallUniversalProc:
FFEC98DC  8182002C  lwz     r12, 0x2C(r2)                      ; TOC[+44] CallUniversalProc
FFEC98E0  90410014  stw     r2, 0x14(r1)
FFEC98E4  800C0000  lwz     r0, 0x0(r12)
FFEC98E8  804C0004  lwz     r2, 0x4(r12)
FFEC98EC  7C0903A6  mtspr   CTR, r0
FFEC98F0  4E800420  bctr

glue_QueueSecondaryInterruptHandler:
FFEC98F4  81820010  lwz     r12, 0x10(r2)                      ; TOC[+16] QueueSecondaryInterruptHandler
FFEC98F8  90410014  stw     r2, 0x14(r1)
FFEC98FC  800C0000  lwz     r0, 0x0(r12)
FFEC9900  804C0004  lwz     r2, 0x4(r12)
FFEC9904  7C0903A6  mtspr   CTR, r0
FFEC9908  4E800420  bctr

glue_MemError:
FFEC990C  81820048  lwz     r12, 0x48(r2)                      ; TOC[+72] MemError
FFEC9910  90410014  stw     r2, 0x14(r1)
FFEC9914  800C0000  lwz     r0, 0x0(r12)
FFEC9918  804C0004  lwz     r2, 0x4(r12)
FFEC991C  7C0903A6  mtspr   CTR, r0
FFEC9920  4E800420  bctr

glue_DebugStr:
FFEC9924  81820038  lwz     r12, 0x38(r2)                      ; TOC[+56] DebugStr
FFEC9928  90410014  stw     r2, 0x14(r1)
FFEC992C  800C0000  lwz     r0, 0x0(r12)
FFEC9930  804C0004  lwz     r2, 0x4(r12)
FFEC9934  7C0903A6  mtspr   CTR, r0
FFEC9938  4E800420  bctr

glue_DeferUserFn:
FFEC993C  81820024  lwz     r12, 0x24(r2)                      ; TOC[+36] DeferUserFn
FFEC9940  90410014  stw     r2, 0x14(r1)
FFEC9944  800C0000  lwz     r0, 0x0(r12)
FFEC9948  804C0004  lwz     r2, 0x4(r12)
FFEC994C  7C0903A6  mtspr   CTR, r0
FFEC9950  4E800420  bctr

glue_RegistryEntryIterateCreate:
FFEC9954  81820014  lwz     r12, 0x14(r2)                      ; TOC[+20] RegistryEntryIterateCreate
FFEC9958  90410014  stw     r2, 0x14(r1)
FFEC995C  800C0000  lwz     r0, 0x0(r12)
FFEC9960  804C0004  lwz     r2, 0x4(r12)
FFEC9964  7C0903A6  mtspr   CTR, r0
FFEC9968  4E800420  bctr

glue_RegistryEntryIterate:
FFEC996C  8182001C  lwz     r12, 0x1C(r2)                      ; TOC[+28] RegistryEntryIterate
FFEC9970  90410014  stw     r2, 0x14(r1)
FFEC9974  800C0000  lwz     r0, 0x0(r12)
FFEC9978  804C0004  lwz     r2, 0x4(r12)
FFEC997C  7C0903A6  mtspr   CTR, r0
FFEC9980  4E800420  bctr

glue_RegistryCStrEntryToName:
FFEC9984  81820020  lwz     r12, 0x20(r2)                      ; TOC[+32] RegistryCStrEntryToName
FFEC9988  90410014  stw     r2, 0x14(r1)
FFEC998C  800C0000  lwz     r0, 0x0(r12)
FFEC9990  804C0004  lwz     r2, 0x4(r12)
FFEC9994  7C0903A6  mtspr   CTR, r0
FFEC9998  4E800420  bctr

glue_CStrCmp:
FFEC999C  81820004  lwz     r12, 0x4(r2)                       ; TOC[+4] CStrCmp
FFEC99A0  90410014  stw     r2, 0x14(r1)
FFEC99A4  800C0000  lwz     r0, 0x0(r12)
FFEC99A8  804C0004  lwz     r2, 0x4(r12)
FFEC99AC  7C0903A6  mtspr   CTR, r0
FFEC99B0  4E800420  bctr

glue_RegistryEntryIterateDispose:
FFEC99B4  81820018  lwz     r12, 0x18(r2)                      ; TOC[+24] RegistryEntryIterateDispose
FFEC99B8  90410014  stw     r2, 0x14(r1)
FFEC99BC  800C0000  lwz     r0, 0x0(r12)
FFEC99C0  804C0004  lwz     r2, 0x4(r12)
FFEC99C4  7C0903A6  mtspr   CTR, r0
FFEC99C8  4E800420  bctr

glue_BlockMove:
FFEC99CC  81820028  lwz     r12, 0x28(r2)                      ; TOC[+40] BlockMove
FFEC99D0  90410014  stw     r2, 0x14(r1)
FFEC99D4  800C0000  lwz     r0, 0x0(r12)
FFEC99D8  804C0004  lwz     r2, 0x4(r12)
FFEC99DC  7C0903A6  mtspr   CTR, r0
FFEC99E0  4E800420  bctr

sub_FFEC99E4:
FFEC99E4  81820000  lwz     r12, 0x0(r2)                       ; TOC[+0] IOCommandIsComplete
FFEC99E8  90410014  stw     r2, 0x14(r1)
FFEC99EC  800C0000  lwz     r0, 0x0(r12)
FFEC99F0  804C0004  lwz     r2, 0x4(r12)
FFEC99F4  7C0903A6  mtspr   CTR, r0
FFEC99F8  4E800420  bctr

; ----------------------------------------------------------------------------
; data section 1 (pidata), unpacked 290 bytes; addresses are offsets in the section;
; relocated words are named (imports) or point into a section (code+X / data+X).
; ----------------------------------------------------------------------------
+00000  00000000  -> DriverServicesLib::IOCommandIsComplete
+00004  00000000  -> DriverServicesLib::CStrCmp
+00008  00000000  -> DriverServicesLib::PoolAllocateResident
+0000C  00000000  -> DriverServicesLib::PoolDeallocate
+00010  00000000  -> DriverServicesLib::QueueSecondaryInterruptHandler
+00014  00000000  -> NameRegistryLib::RegistryEntryIterateCreate
+00018  00000000  -> NameRegistryLib::RegistryEntryIterateDispose
+0001C  00000000  -> NameRegistryLib::RegistryEntryIterate
+00020  00000000  -> NameRegistryLib::RegistryCStrEntryToName
+00024  00000000  -> InterfaceLib::DeferUserFn
+00028  00000000  -> InterfaceLib::BlockMove
+0002C  00000000  -> InterfaceLib::CallUniversalProc
+00030  00000000  -> InterfaceLib::UnlockMemory
+00034  00000000  -> InterfaceLib::LockMemoryContiguous
+00038  00000000  -> InterfaceLib::DebugStr
+0003C  00000000  -> InterfaceLib::Gestalt
+00040  00000000  -> InterfaceLib::GetPhysical
+00044  00000000  -> InterfaceLib::SetPtrSize
+00048  00000000  -> InterfaceLib::MemError
+0004C  000000B4  -> data+B4
+00050  000000D4  -> data+D4
+00054  00000154  -> data+154
+00058  0000011C  -> data+11C
+0005C  00000084  -> data+84
+00060  000000FC  -> data+FC
+00064  000000DC  -> data+DC
+00068  0000013C  -> data+13C
+0006C  00000230  -> data+230
+00070  000001D8  -> data+1D8
+00074  00000B20  -> code+B20 = FFEC69E0
+00078  00000000  -> data+0
+0007C  00001BB8  -> code+1BB8 = FFEC7A78
+00080  00000000  -> data+0
+00084  00001AE0  -> code+1AE0 = FFEC79A0
+00088  00000000  -> data+0
+0008C  00001A98  -> code+1A98 = FFEC7958
+00090  00000000  -> data+0
+00094  00001A48  -> code+1A48 = FFEC7908
+00098  00000000  -> data+0
+0009C  00002E24  -> code+2E24 = FFEC8CE4 __term
+000A0  00000000  -> data+0
+000A4  00002DD8  -> code+2DD8 = FFEC8C98 __main
+000A8  00000000  -> data+0
+000AC  00002DD0  -> code+2DD0 = FFEC8C90 __init
+000B0  00000000  -> data+0
+000C8  00000074  -> data+74
+000F0  00000094  -> data+94
+00110  0000008C  -> data+8C
+00130  0000007C  -> data+7C
+00154  00000290  -> data+290
+001D8  00003098  -> code+3098 = FFEC8F58
+001DC  00002F40  -> code+2F40 = FFEC8E00
+001E0  00002F50  -> code+2F50 = FFEC8E10
+001E4  00002F60  -> code+2F60 = FFEC8E20
+001E8  00002F70  -> code+2F70 = FFEC8E30
+001EC  00002F88  -> code+2F88 = FFEC8E48
+001F0  00002F9C  -> code+2F9C = FFEC8E5C
+001F4  00002FA8  -> code+2FA8 = FFEC8E68
+001F8  00003098  -> code+3098 = FFEC8F58
+001FC  00003098  -> code+3098 = FFEC8F58
+00200  00002FB8  -> code+2FB8 = FFEC8E78
+00204  00002FC8  -> code+2FC8 = FFEC8E88
+00208  00002FD8  -> code+2FD8 = FFEC8E98
+0020C  00002FEC  -> code+2FEC = FFEC8EAC
+00210  00003000  -> code+3000 = FFEC8EC0
+00214  00003018  -> code+3018 = FFEC8ED8
+00218  0000302C  -> code+302C = FFEC8EEC
+0021C  00003044  -> code+3044 = FFEC8F04
+00220  00003054  -> code+3054 = FFEC8F14
+00224  00003064  -> code+3064 = FFEC8F24
+00228  00003088  -> code+3088 = FFEC8F48
+0022C  00003074  -> code+3074 = FFEC8F34
+00230  0000320C  -> code+320C = FFEC90CC
+00234  000030E4  -> code+30E4 = FFEC8FA4
+00238  000030F4  -> code+30F4 = FFEC8FB4
+0023C  00003104  -> code+3104 = FFEC8FC4
+00240  0000320C  -> code+320C = FFEC90CC
+00244  0000320C  -> code+320C = FFEC90CC
+00248  0000320C  -> code+320C = FFEC90CC
+0024C  00003114  -> code+3114 = FFEC8FD4
+00250  00003124  -> code+3124 = FFEC8FE4
+00254  00003138  -> code+3138 = FFEC8FF8
+00258  0000320C  -> code+320C = FFEC90CC
+0025C  0000320C  -> code+320C = FFEC90CC
+00260  0000314C  -> code+314C = FFEC900C
+00264  00003160  -> code+3160 = FFEC9020
+00268  00003174  -> code+3174 = FFEC9034
+0026C  0000318C  -> code+318C = FFEC904C
+00270  000031A0  -> code+31A0 = FFEC9060
+00274  000031B8  -> code+31B8 = FFEC9078
+00278  0000320C  -> code+320C = FFEC90CC
+0027C  0000320C  -> code+320C = FFEC90CC
+00280  000031DC  -> code+31DC = FFEC909C
+00284  000031C8  -> code+31C8 = FFEC9088
+00288  000031EC  -> code+31EC = FFEC90AC
+0028C  000031FC  -> code+31FC = FFEC90BC
; full unpacked image:
00000000  ... 40 zero bytes ...
00000040  00 00 00 00 00 00 00 00 00 00 00 00 00 00 00 B4  |................|
00000050  00 00 00 D4 00 00 01 54 00 00 01 1C 00 00 00 84  |.......T........|
00000060  00 00 00 FC 00 00 00 DC 00 00 01 3C 00 00 02 30  |...........<...0|
00000070  00 00 01 D8 00 00 0B 20 00 00 00 00 00 00 1B B8  |....... ........|
00000080  00 00 00 00 00 00 1A E0 00 00 00 00 00 00 1A 98  |................|
00000090  00 00 00 00 00 00 1A 48 00 00 00 00 00 00 2E 24  |.......H.......$|
000000A0  00 00 00 00 00 00 2D D8 00 00 00 00 00 00 2D D0  |......-.......-.|
000000B0  00 00 00 00 AA FE 07 00 00 00 00 00 00 00 00 00  |................|
000000C0  00 00 00 00 00 01 00 04 00 00 00 74 00 00 00 00  |...........t....|
000000D0  00 00 00 00 70 6C 61 6E 62 00 00 00 AA FE 07 00  |....planb.......|
000000E0  00 00 00 00 00 00 00 00 00 00 00 00 00 01 00 04  |................|
000000F0  00 00 00 94 00 00 00 00 00 00 00 00 AA FE 07 00  |................|
00000100  00 00 00 00 00 00 00 00 00 00 00 00 00 01 00 04  |................|
00000110  00 00 00 8C 00 00 00 00 00 00 00 00 AA FE 07 00  |................|
00000120  00 00 00 00 00 00 00 00 00 00 98 02 00 01 00 04  |................|
00000130  00 00 00 7C 00 00 00 00 00 00 00 00 15 53 6F 75  |...|.........Sou|
00000140  6E 64 20 6F 75 74 20 44 4D 41 20 69 73 20 64 65  |nd out DMA is de|
00000150  61 64 00 00 00 00 02 90 6D 74 65 6A 00 00 00 00  |ad......mtej....|
00000160  05 61 77 61 63 73 00 00 00 00 00 00 00 00 00 00  |.awacs..........|
00000170  00 00 00 00 00 00 00 00 00 00 00 00 00 00 00 00  |................|
00000180  01 00 20 06 00 00 00 0B 09 2E 44 41 56 41 75 64  |.. .......DAVAud|
00000190  69 6F 00 00 00 00 00 00 00 00 00 00 00 00 00 00  |io..............|
000001A0  00 00 00 00 00 00 00 00 00 00 00 00 00 00 00 00  |................|
000001B0  00 00 00 00 00 00 00 00 00 00 00 00 00 00 00 00  |................|
000001C0  00 00 00 00 00 00 00 00 00 00 00 01 6E 64 72 76  |............ndrv|
000001D0  73 6F 6E 64 01 00 20 06 00 00 30 98 00 00 2F 40  |sond.. ...0.../@|
000001E0  00 00 2F 50 00 00 2F 60 00 00 2F 70 00 00 2F 88  |../P../`../p../.|
000001F0  00 00 2F 9C 00 00 2F A8 00 00 30 98 00 00 30 98  |../.../...0...0.|
00000200  00 00 2F B8 00 00 2F C8 00 00 2F D8 00 00 2F EC  |../.../.../.../.|
00000210  00 00 30 00 00 00 30 18 00 00 30 2C 00 00 30 44  |..0...0...0,..0D|
00000220  00 00 30 54 00 00 30 64 00 00 30 88 00 00 30 74  |..0T..0d..0...0t|
00000230  00 00 32 0C 00 00 30 E4 00 00 30 F4 00 00 31 04  |..2...0...0...1.|
00000240  00 00 32 0C 00 00 32 0C 00 00 32 0C 00 00 31 14  |..2...2...2...1.|
00000250  00 00 31 24 00 00 31 38 00 00 32 0C 00 00 32 0C  |..1$..18..2...2.|
00000260  00 00 31 4C 00 00 31 60 00 00 31 74 00 00 31 8C  |..1L..1`..1t..1.|
00000270  00 00 31 A0 00 00 31 B8 00 00 32 0C 00 00 32 0C  |..1...1...2...2.|
00000280  00 00 31 DC 00 00 31 C8 00 00 31 EC 00 00 31 FC  |..1...1...1...1.|

; exports (2):
;   DoDriverIO                               class tvector section  1 offset A4
;   TheDriverDescription                     class data    section  1 offset 158
; imports (19):
;      0 DriverServicesLib        IOCommandIsComplete                      tvector
;      1 DriverServicesLib        CStrCmp                                  tvector
;      2 DriverServicesLib        PoolAllocateResident                     tvector
;      3 DriverServicesLib        PoolDeallocate                           tvector
;      4 DriverServicesLib        QueueSecondaryInterruptHandler           tvector
;      5 NameRegistryLib          RegistryEntryIterateCreate               tvector
;      6 NameRegistryLib          RegistryEntryIterateDispose              tvector
;      7 NameRegistryLib          RegistryEntryIterate                     tvector
;      8 NameRegistryLib          RegistryCStrEntryToName                  tvector
;      9 InterfaceLib             DeferUserFn                              tvector
;     10 InterfaceLib             BlockMove                                tvector
;     11 InterfaceLib             CallUniversalProc                        tvector
;     12 InterfaceLib             UnlockMemory                             tvector
;     13 InterfaceLib             LockMemoryContiguous                     tvector
;     14 InterfaceLib             DebugStr                                 tvector
;     15 InterfaceLib             Gestalt                                  tvector
;     16 InterfaceLib             GetPhysical                              tvector
;     17 InterfaceLib             SetPtrSize                               tvector
;     18 InterfaceLib             MemError                                 tvector
